ead back 0x0F OK
Taring - collecting 2000 samples:
  sample    1:    10940  (running sum:     10940, n_ok: 1)
  sample    2:    10810  (running sum:     21750, n_ok: 2)
  sample    3:    10870  (running sum:     32620, n_ok: 3)
  sample    4:    10788  (running sum:     43408, n_ok: 4)
  sample    5:    10746  (running sum:     54154, n_ok: 5)
  sample    6:    10780  (running sum:     64934, n_ok: 6)
  sample    7:    10755  (running sum:     75689, n_ok: 7)
  sample    8:    10652  (running sum:     86341, n_ok: 8)
  sample    9:    10589  (running sum:     96930, n_ok: 9)
  sample   10:    10651  (running sum:    107581, n_ok: 10)
  sample   11:    10717  (running sum:    118298, n_ok: 11)
  sample   12:    10635  (running sum:    128933, n_ok: 12)
  sample   13:    10668  (running sum:    139601, n_ok: 13)
  sample   14:    10586  (running sum:    150187, n_ok: 14)
  sample   15:    10629  (running sum:    160816, n_ok: 15)
  sample   16:    10685  (running sum:    171501, n_ok: 16)
  sample   17:    10595  (running sum:    182096, n_ok: 17)
  sample   18:    10484  (running sum:    192580, n_ok: 18)
  sample   19:    10628  (running sum:    203208, n_ok: 19)
  sample   20:    10412  (running sum:    213620, n_ok: 20)
  sample   21:    10495  (running sum:    224115, n_ok: 21)
  sample   22:    10263  (running sum:    234378, n_ok: 22)
  sample   23:    10382  (running sum:    244760, n_ok: 23)
  sample   24:    10394  (running sum:    255154, n_ok: 24)
  sample   25:    10293  (running sum:    265447, n_ok: 25)
  sample   26:    10413  (running sum:    275860, n_ok: 26)
  sample   27:    10381  (running sum:    286241, n_ok: 27)
  sample   28:    10411  (running sum:    296652, n_ok: 28)
  sample   29:    10541  (running sum:    307193, n_ok: 29)
  sample   30:    10429  (running sum:    317622, n_ok: 30)
  sample   31:    10444  (running sum:    328066, n_ok: 31)
  sample   32:    10476  (running sum:    338542, n_ok: 32)
  sample   33:    10474  (running sum:    349016, n_ok: 33)
  sample   34:    10454  (running sum:    359470, n_ok: 34)
  sample   35:    10407  (running sum:    369877, n_ok: 35)
  sample   36:    10424  (running sum:    380301, n_ok: 36)
  sample   37:    10399  (running sum:    390700, n_ok: 37)
  sample   38:    10371  (running sum:    401071, n_ok: 38)
  sample   39:    10423  (running sum:    411494, n_ok: 39)
  sample   40:    10410  (running sum:    421904, n_ok: 40)
  sample   41:    10380  (running sum:    432284, n_ok: 41)
  sample   42:    10485  (running sum:    442769, n_ok: 42)
  sample   43:    10389  (running sum:    453158, n_ok: 43)
  sample   44:    10387  (running sum:    463545, n_ok: 44)
  sample   45:    10398  (running sum:    473943, n_ok: 45)
  sample   46:    10449  (running sum:    484392, n_ok: 46)
  sample   47:    10428  (running sum:    494820, n_ok: 47)
  sample   48:    10481  (running sum:    505301, n_ok: 48)
  sample   49:    10649  (running sum:    515950, n_ok: 49)
  sample   50:    10529  (running sum:    526479, n_ok: 50)
  sample   51:    10605  (running sum:    537084, n_ok: 51)
  sample   52:    10603  (running sum:    547687, n_ok: 52)
  sample   53:    10516  (running sum:    558203, n_ok: 53)
  sample   54:    10552  (running sum:    568755, n_ok: 54)
  sample   55:    10503  (running sum:    579258, n_ok: 55)
  sample   56:    10587  (running sum:    589845, n_ok: 56)
  sample   57:    10643  (running sum:    600488, n_ok: 57)
  sample   58:    10686  (running sum:    611174, n_ok: 58)
  sample   59:    10532  (running sum:    621706, n_ok: 59)
  sample   60:    10653  (running sum:    632359, n_ok: 60)
  sample   61:    10603  (running sum:    642962, n_ok: 61)
  sample   62:    10668  (running sum:    653630, n_ok: 62)
  sample   63:    10698  (running sum:    664328, n_ok: 63)
  sample   64:    10783  (running sum:    675111, n_ok: 64)
  sample   65:    10716  (running sum:    685827, n_ok: 65)
  sample   66:    10862  (running sum:    696689, n_ok: 66)
  sample   67:    10866  (running sum:    707555, n_ok: 67)
  sample   68:    10811  (running sum:    718366, n_ok: 68)
  sample   69:    10801  (running sum:    729167, n_ok: 69)
  sample   70:    10833  (running sum:    740000, n_ok: 70)
  sample   71:    10921  (running sum:    750921, n_ok: 71)
  sample   72:    10928  (running sum:    761849, n_ok: 72)
  sample   73:    10921  (running sum:    772770, n_ok: 73)
  sample   74:    10946  (running sum:    783716, n_ok: 74)
  sample   75:    10961  (running sum:    794677, n_ok: 75)
  sample   76:    10951  (running sum:    805628, n_ok: 76)
  sample   77:    11017  (running sum:    816645, n_ok: 77)
  sample   78:    10975  (running sum:    827620, n_ok: 78)
  sample   79:    10991  (running sum:    838611, n_ok: 79)
  sample   80:    10958  (running sum:    849569, n_ok: 80)
  sample   81:    10960  (running sum:    860529, n_ok: 81)
  sample   82:    10988  (running sum:    871517, n_ok: 82)
  sample   83:    11015  (running sum:    882532, n_ok: 83)
  sample   84:    10924  (running sum:    893456, n_ok: 84)
  sample   85:    11003  (running sum:    904459, n_ok: 85)
  sample   86:    11042  (running sum:    915501, n_ok: 86)
  sample   87:    11003  (running sum:    926504, n_ok: 87)
  sample   88:    10860  (running sum:    937364, n_ok: 88)
  sample   89:    10905  (running sum:    948269, n_ok: 89)
  sample   90:    10866  (running sum:    959135, n_ok: 90)
  sample   91:    10822  (running sum:    969957, n_ok: 91)
  sample   92:    10822  (running sum:    980779, n_ok: 92)
  sample   93:    10903  (running sum:    991682, n_ok: 93)
  sample   94:    10805  (running sum:   1002487, n_ok: 94)
  sample   95:    10752  (running sum:   1013239, n_ok: 95)
  sample   96:    10788  (running sum:   1024027, n_ok: 96)
  sample   97:    10807  (running sum:   1034834, n_ok: 97)
  sample   98:    10776  (running sum:   1045610, n_ok: 98)
  sample   99:    10852  (running sum:   1056462, n_ok: 99)
  sample  100:    10726  (running sum:   1067188, n_ok: 100)
  sample  101:    10737  (running sum:   1077925, n_ok: 101)
  sample  102:    10640  (running sum:   1088565, n_ok: 102)
  sample  103:    10786  (running sum:   1099351, n_ok: 103)
  sample  104:    10645  (running sum:   1109996, n_ok: 104)
  sample  105:    10721  (running sum:   1120717, n_ok: 105)
  sample  106:    10656  (running sum:   1131373, n_ok: 106)
  sample  107:    10655  (running sum:   1142028, n_ok: 107)
  sample  108:    10537  (running sum:   1152565, n_ok: 108)
  sample  109:    10684  (running sum:   1163249, n_ok: 109)
  sample  110:    10654  (running sum:   1173903, n_ok: 110)
  sample  111:    10648  (running sum:   1184551, n_ok: 111)
  sample  112:    10732  (running sum:   1195283, n_ok: 112)
  sample  113:    10646  (running sum:   1205929, n_ok: 113)
  sample  114:    10632  (running sum:   1216561, n_ok: 114)
  sample  115:    10519  (running sum:   1227080, n_ok: 115)
  sample  116:    10532  (running sum:   1237612, n_ok: 116)
  sample  117:    10461  (running sum:   1248073, n_ok: 117)
  sample  118:    10626  (running sum:   1258699, n_ok: 118)
  sample  119:    10618  (running sum:   1269317, n_ok: 119)
  sample  120:    10517  (running sum:   1279834, n_ok: 120)
  sample  121:    10494  (running sum:   1290328, n_ok: 121)
  sample  122:    10553  (running sum:   1300881, n_ok: 122)
  sample  123:    10499  (running sum:   1311380, n_ok: 123)
  sample  124:    10436  (running sum:   1321816, n_ok: 124)
  sample  125:    10433  (running sum:   1332249, n_ok: 125)
  sample  126:    10566  (running sum:   1342815, n_ok: 126)
  sample  127:    10454  (running sum:   1353269, n_ok: 127)
  sample  128:    10581  (running sum:   1363850, n_ok: 128)
  sample  129:    10552  (running sum:   1374402, n_ok: 129)
  sample  130:    10584  (running sum:   1384986, n_ok: 130)
  sample  131:    10598  (running sum:   1395584, n_ok: 131)
  sample  132:    10436  (running sum:   1406020, n_ok: 132)
  sample  133:    10472  (running sum:   1416492, n_ok: 133)
  sample  134:    10456  (running sum:   1426948, n_ok: 134)
  sample  135:    10581  (running sum:   1437529, n_ok: 135)
  sample  136:    10478  (running sum:   1448007, n_ok: 136)
  sample  137:    10507  (running sum:   1458514, n_ok: 137)
  sample  138:    10446  (running sum:   1468960, n_ok: 138)
  sample  139:    10627  (running sum:   1479587, n_ok: 139)
  sample  140:    10435  (running sum:   1490022, n_ok: 140)
  sample  141:    10534  (running sum:   1500556, n_ok: 141)
  sample  142:    10452  (running sum:   1511008, n_ok: 142)
  sample  143:    10409  (running sum:   1521417, n_ok: 143)
  sample  144:    10487  (running sum:   1531904, n_ok: 144)
  sample  145:    10561  (running sum:   1542465, n_ok: 145)
  sample  146:    10483  (running sum:   1552948, n_ok: 146)
  sample  147:    10479  (running sum:   1563427, n_ok: 147)
  sample  148:    10528  (running sum:   1573955, n_ok: 148)
  sample  149:    10393  (running sum:   1584348, n_ok: 149)
  sample  150:    10465  (running sum:   1594813, n_ok: 150)
  sample  151:    10446  (running sum:   1605259, n_ok: 151)
  sample  152:    10570  (running sum:   1615829, n_ok: 152)
  sample  153:    10427  (running sum:   1626256, n_ok: 153)
  sample  154:    10408  (running sum:   1636664, n_ok: 154)
  sample  155:    10431  (running sum:   1647095, n_ok: 155)
  sample  156:    10427  (running sum:   1657522, n_ok: 156)
  sample  157:    10425  (running sum:   1667947, n_ok: 157)
  sample  158:    10516  (running sum:   1678463, n_ok: 158)
  sample  159:    10395  (running sum:   1688858, n_ok: 159)
  sample  160:    10552  (running sum:   1699410, n_ok: 160)
  sample  161:    10593  (running sum:   1710003, n_ok: 161)
  sample  162:    10561  (running sum:   1720564, n_ok: 162)
  sample  163:    10629  (running sum:   1731193, n_ok: 163)
  sample  164:    10598  (running sum:   1741791, n_ok: 164)
  sample  165:    10585  (running sum:   1752376, n_ok: 165)
  sample  166:    10638  (running sum:   1763014, n_ok: 166)
  sample  167:    10691  (running sum:   1773705, n_ok: 167)
  sample  168:    10700  (running sum:   1784405, n_ok: 168)
  sample  169:    10709  (running sum:   1795114, n_ok: 169)
  sample  170:    10624  (running sum:   1805738, n_ok: 170)
  sample  171:    10742  (running sum:   1816480, n_ok: 171)
  sample  172:    10811  (running sum:   1827291, n_ok: 172)
  sample  173:    10766  (running sum:   1838057, n_ok: 173)
  sample  174:    10769  (running sum:   1848826, n_ok: 174)
  sample  175:    10831  (running sum:   1859657, n_ok: 175)
  sample  176:    10847  (running sum:   1870504, n_ok: 176)
  sample  177:    10870  (running sum:   1881374, n_ok: 177)
  sample  178:    10898  (running sum:   1892272, n_ok: 178)
  sample  179:    10839  (running sum:   1903111, n_ok: 179)
  sample  180:    10894  (running sum:   1914005, n_ok: 180)
  sample  181:    11009  (running sum:   1925014, n_ok: 181)
  sample  182:    10857  (running sum:   1935871, n_ok: 182)
  sample  183:    10847  (running sum:   1946718, n_ok: 183)
  sample  184:    10919  (running sum:   1957637, n_ok: 184)
  sample  185:    10840  (running sum:   1968477, n_ok: 185)
  sample  186:    10992  (running sum:   1979469, n_ok: 186)
  sample  187:    10873  (running sum:   1990342, n_ok: 187)
  sample  188:    10932  (running sum:   2001274, n_ok: 188)
  sample  189:    11088  (running sum:   2012362, n_ok: 189)
  sample  190:    10875  (running sum:   2023237, n_ok: 190)
  sample  191:    10972  (running sum:   2034209, n_ok: 191)
  sample  192:    10939  (running sum:   2045148, n_ok: 192)
  sample  193:    10908  (running sum:   2056056, n_ok: 193)
  sample  194:    10818  (running sum:   2066874, n_ok: 194)
  sample  195:    10945  (running sum:   2077819, n_ok: 195)
  sample  196:    10926  (running sum:   2088745, n_ok: 196)
  sample  197:    10866  (running sum:   2099611, n_ok: 197)
  sample  198:    10904  (running sum:   2110515, n_ok: 198)
  sample  199:    10850  (running sum:   2121365, n_ok: 199)
  sample  200:    10873  (running sum:   2132238, n_ok: 200)
  sample  201:    10854  (running sum:   2143092, n_ok: 201)
  sample  202:    10817  (running sum:   2153909, n_ok: 202)
  sample  203:    10902  (running sum:   2164811, n_ok: 203)
  sample  204:    10830  (running sum:   2175641, n_ok: 204)
  sample  205:    10797  (running sum:   2186438, n_ok: 205)
  sample  206:    10855  (running sum:   2197293, n_ok: 206)
  sample  207:    10762  (running sum:   2208055, n_ok: 207)
  sample  208:    10755  (running sum:   2218810, n_ok: 208)
  sample  209:    10742  (running sum:   2229552, n_ok: 209)
  sample  210:    10774  (running sum:   2240326, n_ok: 210)
  sample  211:    10639  (running sum:   2250965, n_ok: 211)
  sample  212:    10656  (running sum:   2261621, n_ok: 212)
  sample  213:    10698  (running sum:   2272319, n_ok: 213)
  sample  214:    10670  (running sum:   2282989, n_ok: 214)
  sample  215:    10619  (running sum:   2293608, n_ok: 215)
  sample  216:    10538  (running sum:   2304146, n_ok: 216)
  sample  217:    10478  (running sum:   2314624, n_ok: 217)
  sample  218:    10594  (running sum:   2325218, n_ok: 218)
  sample  219:    10566  (running sum:   2335784, n_ok: 219)
  sample  220:    10505  (running sum:   2346289, n_ok: 220)
  sample  221:    10533  (running sum:   2356822, n_ok: 221)
  sample  222:    10471  (running sum:   2367293, n_ok: 222)
  sample  223:    10462  (running sum:   2377755, n_ok: 223)
  sample  224:    10455  (running sum:   2388210, n_ok: 224)
  sample  225:    10487  (running sum:   2398697, n_ok: 225)
  sample  226:    10506  (running sum:   2409203, n_ok: 226)
  sample  227:    10558  (running sum:   2419761, n_ok: 227)
  sample  228:    10603  (running sum:   2430364, n_ok: 228)
  sample  229:    10623  (running sum:   2440987, n_ok: 229)
  sample  230:    10502  (running sum:   2451489, n_ok: 230)
  sample  231:    10582  (running sum:   2462071, n_ok: 231)
  sample  232:    10426  (running sum:   2472497, n_ok: 232)
  sample  233:    10621  (running sum:   2483118, n_ok: 233)
  sample  234:    10537  (running sum:   2493655, n_ok: 234)
  sample  235:    10587  (running sum:   2504242, n_ok: 235)
  sample  236:    10648  (running sum:   2514890, n_ok: 236)
  sample  237:    10680  (running sum:   2525570, n_ok: 237)
  sample  238:    10706  (running sum:   2536276, n_ok: 238)
  sample  239:    10576  (running sum:   2546852, n_ok: 239)
  sample  240:    10673  (running sum:   2557525, n_ok: 240)
  sample  241:    10665  (running sum:   2568190, n_ok: 241)
  sample  242:    10617  (running sum:   2578807, n_ok: 242)
  sample  243:    10548  (running sum:   2589355, n_ok: 243)
  sample  244:    10630  (running sum:   2599985, n_ok: 244)
  sample  245:    10532  (running sum:   2610517, n_ok: 245)
  sample  246:    10540  (running sum:   2621057, n_ok: 246)
  sample  247:    10481  (running sum:   2631538, n_ok: 247)
  sample  248:    10499  (running sum:   2642037, n_ok: 248)
  sample  249:    10586  (running sum:   2652623, n_ok: 249)
  sample  250:    10573  (running sum:   2663196, n_ok: 250)
  sample  251:    10549  (running sum:   2673745, n_ok: 251)
  sample  252:    10568  (running sum:   2684313, n_ok: 252)
  sample  253:    10495  (running sum:   2694808, n_ok: 253)
  sample  254:    10517  (running sum:   2705325, n_ok: 254)
  sample  255:    10411  (running sum:   2715736, n_ok: 255)
  sample  256:    10366  (running sum:   2726102, n_ok: 256)
  sample  257:    10430  (running sum:   2736532, n_ok: 257)
  sample  258:    10453  (running sum:   2746985, n_ok: 258)
  sample  259:    10479  (running sum:   2757464, n_ok: 259)
  sample  260:    10581  (running sum:   2768045, n_ok: 260)
  sample  261:    10545  (running sum:   2778590, n_ok: 261)
  sample  262:    10547  (running sum:   2789137, n_ok: 262)
  sample  263:    10512  (running sum:   2799649, n_ok: 263)
  sample  264:    10493  (running sum:   2810142, n_ok: 264)
  sample  265:    10536  (running sum:   2820678, n_ok: 265)
  sample  266:    10431  (running sum:   2831109, n_ok: 266)
  sample  267:    10600  (running sum:   2841709, n_ok: 267)
  sample  268:    10687  (running sum:   2852396, n_ok: 268)
  sample  269:    10750  (running sum:   2863146, n_ok: 269)
  sample  270:    10731  (running sum:   2873877, n_ok: 270)
  sample  271:    10707  (running sum:   2884584, n_ok: 271)
  sample  272:    10714  (running sum:   2895298, n_ok: 272)
  sample  273:    10803  (running sum:   2906101, n_ok: 273)
  sample  274:    10687  (running sum:   2916788, n_ok: 274)
  sample  275:    10723  (running sum:   2927511, n_ok: 275)
  sample  276:    10733  (running sum:   2938244, n_ok: 276)
  sample  277:    10704  (running sum:   2948948, n_ok: 277)
  sample  278:    10813  (running sum:   2959761, n_ok: 278)
  sample  279:    10736  (running sum:   2970497, n_ok: 279)
  sample  280:    10780  (running sum:   2981277, n_ok: 280)
  sample  281:    10775  (running sum:   2992052, n_ok: 281)
  sample  282:    10771  (running sum:   3002823, n_ok: 282)
  sample  283:    10760  (running sum:   3013583, n_ok: 283)
  sample  284:    10801  (running sum:   3024384, n_ok: 284)
  sample  285:    10711  (running sum:   3035095, n_ok: 285)
  sample  286:    10659  (running sum:   3045754, n_ok: 286)
  sample  287:    10672  (running sum:   3056426, n_ok: 287)
  sample  288:    10781  (running sum:   3067207, n_ok: 288)
  sample  289:    10693  (running sum:   3077900, n_ok: 289)
  sample  290:    10781  (running sum:   3088681, n_ok: 290)
  sample  291:    10732  (running sum:   3099413, n_ok: 291)
  sample  292:    10876  (running sum:   3110289, n_ok: 292)
  sample  293:    10757  (running sum:   3121046, n_ok: 293)
  sample  294:    10810  (running sum:   3131856, n_ok: 294)
  sample  295:    10799  (running sum:   3142655, n_ok: 295)
  sample  296:    10873  (running sum:   3153528, n_ok: 296)
  sample  297:    10757  (running sum:   3164285, n_ok: 297)
  sample  298:    10800  (running sum:   3175085, n_ok: 298)
  sample  299:    10711  (running sum:   3185796, n_ok: 299)
  sample  300:    10914  (running sum:   3196710, n_ok: 300)
  sample  301:    10946  (running sum:   3207656, n_ok: 301)
  sample  302:    10955  (running sum:   3218611, n_ok: 302)
  sample  303:    11003  (running sum:   3229614, n_ok: 303)
  sample  304:    11065  (running sum:   3240679, n_ok: 304)
  sample  305:    10930  (running sum:   3251609, n_ok: 305)
  sample  306:    10867  (running sum:   3262476, n_ok: 306)
  sample  307:    10794  (running sum:   3273270, n_ok: 307)
  sample  308:    10842  (running sum:   3284112, n_ok: 308)
  sample  309:    10889  (running sum:   3295001, n_ok: 309)
  sample  310:    10890  (running sum:   3305891, n_ok: 310)
  sample  311:    10826  (running sum:   3316717, n_ok: 311)
  sample  312:    11017  (running sum:   3327734, n_ok: 312)
  sample  313:    10967  (running sum:   3338701, n_ok: 313)
  sample  314:    10959  (running sum:   3349660, n_ok: 314)
  sample  315:    10843  (running sum:   3360503, n_ok: 315)
  sample  316:    10844  (running sum:   3371347, n_ok: 316)
  sample  317:    10784  (running sum:   3382131, n_ok: 317)
  sample  318:    10612  (running sum:   3392743, n_ok: 318)
  sample  319:    10650  (running sum:   3403393, n_ok: 319)
  sample  320:    10638  (running sum:   3414031, n_ok: 320)
  sample  321:    10621  (running sum:   3424652, n_ok: 321)
  sample  322:    10521  (running sum:   3435173, n_ok: 322)
  sample  323:    10572  (running sum:   3445745, n_ok: 323)
  sample  324:    10581  (running sum:   3456326, n_ok: 324)
  sample  325:    10657  (running sum:   3466983, n_ok: 325)
  sample  326:    10531  (running sum:   3477514, n_ok: 326)
  sample  327:    10498  (running sum:   3488012, n_ok: 327)
  sample  328:    10461  (running sum:   3498473, n_ok: 328)
  sample  329:    10478  (running sum:   3508951, n_ok: 329)
  sample  330:    10398  (running sum:   3519349, n_ok: 330)
  sample  331:    10371  (running sum:   3529720, n_ok: 331)
  sample  332:    10341  (running sum:   3540061, n_ok: 332)
  sample  333:    10404  (running sum:   3550465, n_ok: 333)
  sample  334:    10387  (running sum:   3560852, n_ok: 334)
  sample  335:    10434  (running sum:   3571286, n_ok: 335)
  sample  336:    10272  (running sum:   3581558, n_ok: 336)
  sample  337:    10300  (running sum:   3591858, n_ok: 337)
  sample  338:    10319  (running sum:   3602177, n_ok: 338)
  sample  339:    10289  (running sum:   3612466, n_ok: 339)
  sample  340:    10276  (running sum:   3622742, n_ok: 340)
  sample  341:    10186  (running sum:   3632928, n_ok: 341)
  sample  342:    10336  (running sum:   3643264, n_ok: 342)
  sample  343:    10201  (running sum:   3653465, n_ok: 343)
  sample  344:    10333  (running sum:   3663798, n_ok: 344)
  sample  345:    10280  (running sum:   3674078, n_ok: 345)
  sample  346:    10286  (running sum:   3684364, n_ok: 346)
  sample  347:    10281  (running sum:   3694645, n_ok: 347)
  sample  348:    10268  (running sum:   3704913, n_ok: 348)
  sample  349:    10257  (running sum:   3715170, n_ok: 349)
  sample  350:    10182  (running sum:   3725352, n_ok: 350)
  sample  351:    10433  (running sum:   3735785, n_ok: 351)
  sample  352:    10452  (running sum:   3746237, n_ok: 352)
  sample  353:    10569  (running sum:   3756806, n_ok: 353)
  sample  354:    10522  (running sum:   3767328, n_ok: 354)
  sample  355:    10507  (running sum:   3777835, n_ok: 355)
  sample  356:    10444  (running sum:   3788279, n_ok: 356)
  sample  357:    10512  (running sum:   3798791, n_ok: 357)
  sample  358:    10420  (running sum:   3809211, n_ok: 358)
  sample  359:    10626  (running sum:   3819837, n_ok: 359)
  sample  360:    10618  (running sum:   3830455, n_ok: 360)
  sample  361:    10544  (running sum:   3840999, n_ok: 361)
  sample  362:    10644  (running sum:   3851643, n_ok: 362)
  sample  363:    10623  (running sum:   3862266, n_ok: 363)
  sample  364:    10657  (running sum:   3872923, n_ok: 364)
  sample  365:    10746  (running sum:   3883669, n_ok: 365)
  sample  366:    10574  (running sum:   3894243, n_ok: 366)
  sample  367:    10717  (running sum:   3904960, n_ok: 367)
  sample  368:    10739  (running sum:   3915699, n_ok: 368)
  sample  369:    10663  (running sum:   3926362, n_ok: 369)
  sample  370:    10606  (running sum:   3936968, n_ok: 370)
  sample  371:    10547  (running sum:   3947515, n_ok: 371)
  sample  372:    10630  (running sum:   3958145, n_ok: 372)
  sample  373:    10600  (running sum:   3968745, n_ok: 373)
  sample  374:    10631  (running sum:   3979376, n_ok: 374)
  sample  375:    10621  (running sum:   3989997, n_ok: 375)
  sample  376:    10604  (running sum:   4000601, n_ok: 376)
  sample  377:    10626  (running sum:   4011227, n_ok: 377)
  sample  378:    10630  (running sum:   4021857, n_ok: 378)
  sample  379:    10589  (running sum:   4032446, n_ok: 379)
  sample  380:    10560  (running sum:   4043006, n_ok: 380)
  sample  381:    10582  (running sum:   4053588, n_ok: 381)
  sample  382:    10639  (running sum:   4064227, n_ok: 382)
  sample  383:    10663  (running sum:   4074890, n_ok: 383)
  sample  384:    10688  (running sum:   4085578, n_ok: 384)
  sample  385:    10673  (running sum:   4096251, n_ok: 385)
  sample  386:    10714  (running sum:   4106965, n_ok: 386)
  sample  387:    10822  (running sum:   4117787, n_ok: 387)
  sample  388:    10684  (running sum:   4128471, n_ok: 388)
  sample  389:    10700  (running sum:   4139171, n_ok: 389)
  sample  390:    10707  (running sum:   4149878, n_ok: 390)
  sample  391:    10651  (running sum:   4160529, n_ok: 391)
  sample  392:    10655  (running sum:   4171184, n_ok: 392)
  sample  393:    10683  (running sum:   4181867, n_ok: 393)
  sample  394:    10754  (running sum:   4192621, n_ok: 394)
  sample  395:    10731  (running sum:   4203352, n_ok: 395)
  sample  396:    10770  (running sum:   4214122, n_ok: 396)
  sample  397:    10663  (running sum:   4224785, n_ok: 397)
  sample  398:    10706  (running sum:   4235491, n_ok: 398)
  sample  399:    10822  (running sum:   4246313, n_ok: 399)
  sample  400:    10841  (running sum:   4257154, n_ok: 400)
  sample  401:    10824  (running sum:   4267978, n_ok: 401)
  sample  402:    10837  (running sum:   4278815, n_ok: 402)
  sample  403:    10796  (running sum:   4289611, n_ok: 403)
  sample  404:    10896  (running sum:   4300507, n_ok: 404)
  sample  405:    10915  (running sum:   4311422, n_ok: 405)
  sample  406:    10899  (running sum:   4322321, n_ok: 406)
  sample  407:    10841  (running sum:   4333162, n_ok: 407)
  sample  408:    10767  (running sum:   4343929, n_ok: 408)
  sample  409:    10844  (running sum:   4354773, n_ok: 409)
  sample  410:    10855  (running sum:   4365628, n_ok: 410)
  sample  411:    10870  (running sum:   4376498, n_ok: 411)
  sample  412:    10848  (running sum:   4387346, n_ok: 412)
  sample  413:    10879  (running sum:   4398225, n_ok: 413)
  sample  414:    10888  (running sum:   4409113, n_ok: 414)
  sample  415:    10881  (running sum:   4419994, n_ok: 415)
  sample  416:    10934  (running sum:   4430928, n_ok: 416)
  sample  417:    10968  (running sum:   4441896, n_ok: 417)
  sample  418:    10973  (running sum:   4452869, n_ok: 418)
  sample  419:    10992  (running sum:   4463861, n_ok: 419)
  sample  420:    10897  (running sum:   4474758, n_ok: 420)
  sample  421:    10803  (running sum:   4485561, n_ok: 421)
  sample  422:    10856  (running sum:   4496417, n_ok: 422)
  sample  423:    10744  (running sum:   4507161, n_ok: 423)
  sample  424:    10789  (running sum:   4517950, n_ok: 424)
  sample  425:    10783  (running sum:   4528733, n_ok: 425)
  sample  426:    10697  (running sum:   4539430, n_ok: 426)
  sample  427:    10778  (running sum:   4550208, n_ok: 427)
  sample  428:    10716  (running sum:   4560924, n_ok: 428)
  sample  429:    10757  (running sum:   4571681, n_ok: 429)
  sample  430:    10722  (running sum:   4582403, n_ok: 430)
  sample  431:    10637  (running sum:   4593040, n_ok: 431)
  sample  432:    10649  (running sum:   4603689, n_ok: 432)
  sample  433:    10550  (running sum:   4614239, n_ok: 433)
  sample  434:    10526  (running sum:   4624765, n_ok: 434)
  sample  435:    10639  (running sum:   4635404, n_ok: 435)
  sample  436:    10592  (running sum:   4645996, n_ok: 436)
  sample  437:    10602  (running sum:   4656598, n_ok: 437)
  sample  438:    10511  (running sum:   4667109, n_ok: 438)
  sample  439:    10635  (running sum:   4677744, n_ok: 439)
  sample  440:    10707  (running sum:   4688451, n_ok: 440)
  sample  441:    10719  (running sum:   4699170, n_ok: 441)
  sample  442:    10688  (running sum:   4709858, n_ok: 442)
  sample  443:    10582  (running sum:   4720440, n_ok: 443)
  sample  444:    10595  (running sum:   4731035, n_ok: 444)
  sample  445:    10574  (running sum:   4741609, n_ok: 445)
  sample  446:    10598  (running sum:   4752207, n_ok: 446)
  sample  447:    10560  (running sum:   4762767, n_ok: 447)
  sample  448:    10575  (running sum:   4773342, n_ok: 448)
  sample  449:    10577  (running sum:   4783919, n_ok: 449)
  sample  450:    10700  (running sum:   4794619, n_ok: 450)
  sample  451:    10789  (running sum:   4805408, n_ok: 451)
  sample  452:    10802  (running sum:   4816210, n_ok: 452)
  sample  453:    10718  (running sum:   4826928, n_ok: 453)
  sample  454:    10703  (running sum:   4837631, n_ok: 454)
  sample  455:    10688  (running sum:   4848319, n_ok: 455)
  sample  456:    10636  (running sum:   4858955, n_ok: 456)
  sample  457:    10637  (running sum:   4869592, n_ok: 457)
  sample  458:    10612  (running sum:   4880204, n_ok: 458)
  sample  459:    10639  (running sum:   4890843, n_ok: 459)
  sample  460:    10569  (running sum:   4901412, n_ok: 460)
  sample  461:    10777  (running sum:   4912189, n_ok: 461)
  sample  462:    10813  (running sum:   4923002, n_ok: 462)
  sample  463:    10726  (running sum:   4933728, n_ok: 463)
  sample  464:    10768  (running sum:   4944496, n_ok: 464)
  sample  465:    10794  (running sum:   4955290, n_ok: 465)
  sample  466:    10736  (running sum:   4966026, n_ok: 466)
  sample  467:    10692  (running sum:   4976718, n_ok: 467)
  sample  468:    10719  (running sum:   4987437, n_ok: 468)
  sample  469:    10766  (running sum:   4998203, n_ok: 469)
  sample  470:    10696  (running sum:   5008899, n_ok: 470)
  sample  471:    10657  (running sum:   5019556, n_ok: 471)
  sample  472:    10583  (running sum:   5030139, n_ok: 472)
  sample  473:    10662  (running sum:   5040801, n_ok: 473)
  sample  474:    10689  (running sum:   5051490, n_ok: 474)
  sample  475:    10675  (running sum:   5062165, n_ok: 475)
  sample  476:    10674  (running sum:   5072839, n_ok: 476)
  sample  477:    10717  (running sum:   5083556, n_ok: 477)
  sample  478:    10658  (running sum:   5094214, n_ok: 478)
  sample  479:    10609  (running sum:   5104823, n_ok: 479)
  sample  480:    10499  (running sum:   5115322, n_ok: 480)
  sample  481:    10592  (running sum:   5125914, n_ok: 481)
  sample  482:    10573  (running sum:   5136487, n_ok: 482)
  sample  483:    10623  (running sum:   5147110, n_ok: 483)
  sample  484:    10653  (running sum:   5157763, n_ok: 484)
  sample  485:    10663  (running sum:   5168426, n_ok: 485)
  sample  486:    10778  (running sum:   5179204, n_ok: 486)
  sample  487:    10698  (running sum:   5189902, n_ok: 487)
  sample  488:    10719  (running sum:   5200621, n_ok: 488)
  sample  489:    10708  (running sum:   5211329, n_ok: 489)
  sample  490:    10739  (running sum:   5222068, n_ok: 490)
  sample  491:    10734  (running sum:   5232802, n_ok: 491)
  sample  492:    10766  (running sum:   5243568, n_ok: 492)
  sample  493:    10800  (running sum:   5254368, n_ok: 493)
  sample  494:    10741  (running sum:   5265109, n_ok: 494)
  sample  495:    10827  (running sum:   5275936, n_ok: 495)
  sample  496:    10821  (running sum:   5286757, n_ok: 496)
  sample  497:    10821  (running sum:   5297578, n_ok: 497)
  sample  498:    10871  (running sum:   5308449, n_ok: 498)
  sample  499:    10904  (running sum:   5319353, n_ok: 499)
  sample  500:    10839  (running sum:   5330192, n_ok: 500)
  sample  501:    10861  (running sum:   5341053, n_ok: 501)
  sample  502:    10994  (running sum:   5352047, n_ok: 502)
  sample  503:    10927  (running sum:   5362974, n_ok: 503)
  sample  504:    10950  (running sum:   5373924, n_ok: 504)
  sample  505:    10887  (running sum:   5384811, n_ok: 505)
  sample  506:    10938  (running sum:   5395749, n_ok: 506)
  sample  507:    10897  (running sum:   5406646, n_ok: 507)
  sample  508:    10977  (running sum:   5417623, n_ok: 508)
  sample  509:    10921  (running sum:   5428544, n_ok: 509)
  sample  510:    10943  (running sum:   5439487, n_ok: 510)
  sample  511:    10889  (running sum:   5450376, n_ok: 511)
  sample  512:    10793  (running sum:   5461169, n_ok: 512)
  sample  513:    10839  (running sum:   5472008, n_ok: 513)
  sample  514:    10888  (running sum:   5482896, n_ok: 514)
  sample  515:    10799  (running sum:   5493695, n_ok: 515)
  sample  516:    10887  (running sum:   5504582, n_ok: 516)
  sample  517:    10788  (running sum:   5515370, n_ok: 517)
  sample  518:    10801  (running sum:   5526171, n_ok: 518)
  sample  519:    10836  (running sum:   5537007, n_ok: 519)
  sample  520:    10872  (running sum:   5547879, n_ok: 520)
  sample  521:    10792  (running sum:   5558671, n_ok: 521)
  sample  522:    10746  (running sum:   5569417, n_ok: 522)
  sample  523:    10741  (running sum:   5580158, n_ok: 523)
  sample  524:    10774  (running sum:   5590932, n_ok: 524)
  sample  525:    10791  (running sum:   5601723, n_ok: 525)
  sample  526:    10825  (running sum:   5612548, n_ok: 526)
  sample  527:    10704  (running sum:   5623252, n_ok: 527)
  sample  528:    10768  (running sum:   5634020, n_ok: 528)
  sample  529:    10749  (running sum:   5644769, n_ok: 529)
  sample  530:    10740  (running sum:   5655509, n_ok: 530)
  sample  531:    10706  (running sum:   5666215, n_ok: 531)
  sample  532:    10709  (running sum:   5676924, n_ok: 532)
  sample  533:    10698  (running sum:   5687622, n_ok: 533)
  sample  534:    10589  (running sum:   5698211, n_ok: 534)
  sample  535:    10707  (running sum:   5708918, n_ok: 535)
  sample  536:    10688  (running sum:   5719606, n_ok: 536)
  sample  537:    10694  (running sum:   5730300, n_ok: 537)
  sample  538:    10736  (running sum:   5741036, n_ok: 538)
  sample  539:    10694  (running sum:   5751730, n_ok: 539)
  sample  540:    10688  (running sum:   5762418, n_ok: 540)
  sample  541:    10571  (running sum:   5772989, n_ok: 541)
  sample  542:    10603  (running sum:   5783592, n_ok: 542)
  sample  543:    10596  (running sum:   5794188, n_ok: 543)
  sample  544:    10571  (running sum:   5804759, n_ok: 544)
  sample  545:    10580  (running sum:   5815339, n_ok: 545)
  sample  546:    10575  (running sum:   5825914, n_ok: 546)
  sample  547:    10657  (running sum:   5836571, n_ok: 547)
  sample  548:    10486  (running sum:   5847057, n_ok: 548)
  sample  549:    10403  (running sum:   5857460, n_ok: 549)
  sample  550:    10348  (running sum:   5867808, n_ok: 550)
  sample  551:    10442  (running sum:   5878250, n_ok: 551)
  sample  552:    10358  (running sum:   5888608, n_ok: 552)
  sample  553:    10455  (running sum:   5899063, n_ok: 553)
  sample  554:    10352  (running sum:   5909415, n_ok: 554)
  sample  555:    10346  (running sum:   5919761, n_ok: 555)
  sample  556:    10333  (running sum:   5930094, n_ok: 556)
  sample  557:    10339  (running sum:   5940433, n_ok: 557)
  sample  558:    10352  (running sum:   5950785, n_ok: 558)
  sample  559:    10310  (running sum:   5961095, n_ok: 559)
  sample  560:    10328  (running sum:   5971423, n_ok: 560)
  sample  561:    10297  (running sum:   5981720, n_ok: 561)
  sample  562:    10161  (running sum:   5991881, n_ok: 562)
  sample  563:    10223  (running sum:   6002104, n_ok: 563)
  sample  564:    10277  (running sum:   6012381, n_ok: 564)
  sample  565:    10228  (running sum:   6022609, n_ok: 565)
  sample  566:    10227  (running sum:   6032836, n_ok: 566)
  sample  567:    10292  (running sum:   6043128, n_ok: 567)
  sample  568:    10301  (running sum:   6053429, n_ok: 568)
  sample  569:    10306  (running sum:   6063735, n_ok: 569)
  sample  570:    10423  (running sum:   6074158, n_ok: 570)
  sample  571:    10332  (running sum:   6084490, n_ok: 571)
  sample  572:    10406  (running sum:   6094896, n_ok: 572)
  sample  573:    10309  (running sum:   6105205, n_ok: 573)
  sample  574:    10371  (running sum:   6115576, n_ok: 574)
  sample  575:    10339  (running sum:   6125915, n_ok: 575)
  sample  576:    10348  (running sum:   6136263, n_ok: 576)
  sample  577:    10436  (running sum:   6146699, n_ok: 577)
  sample  578:    10380  (running sum:   6157079, n_ok: 578)
  sample  579:    10459  (running sum:   6167538, n_ok: 579)
  sample  580:    10363  (running sum:   6177901, n_ok: 580)
  sample  581:    10452  (running sum:   6188353, n_ok: 581)
  sample  582:    10494  (running sum:   6198847, n_ok: 582)
  sample  583:    10542  (running sum:   6209389, n_ok: 583)
  sample  584:    10502  (running sum:   6219891, n_ok: 584)
  sample  585:    10602  (running sum:   6230493, n_ok: 585)
  sample  586:    10490  (running sum:   6240983, n_ok: 586)
  sample  587:    10575  (running sum:   6251558, n_ok: 587)
  sample  588:    10543  (running sum:   6262101, n_ok: 588)
  sample  589:    10545  (running sum:   6272646, n_ok: 589)
  sample  590:    10578  (running sum:   6283224, n_ok: 590)
  sample  591:    10536  (running sum:   6293760, n_ok: 591)
  sample  592:    10689  (running sum:   6304449, n_ok: 592)
  sample  593:    10693  (running sum:   6315142, n_ok: 593)
  sample  594:    10694  (running sum:   6325836, n_ok: 594)
  sample  595:    10668  (running sum:   6336504, n_ok: 595)
  sample  596:    10672  (running sum:   6347176, n_ok: 596)
  sample  597:    10599  (running sum:   6357775, n_ok: 597)
  sample  598:    10634  (running sum:   6368409, n_ok: 598)
  sample  599:    10594  (running sum:   6379003, n_ok: 599)
  sample  600:    10739  (running sum:   6389742, n_ok: 600)
  sample  601:    10723  (running sum:   6400465, n_ok: 601)
  sample  602:    10680  (running sum:   6411145, n_ok: 602)
  sample  603:    10740  (running sum:   6421885, n_ok: 603)
  sample  604:    10769  (running sum:   6432654, n_ok: 604)
  sample  605:    10789  (running sum:   6443443, n_ok: 605)
  sample  606:    10844  (running sum:   6454287, n_ok: 606)
  sample  607:    10855  (running sum:   6465142, n_ok: 607)
  sample  608:    10791  (running sum:   6475933, n_ok: 608)
  sample  609:    10780  (running sum:   6486713, n_ok: 609)
  sample  610:    10836  (running sum:   6497549, n_ok: 610)
  sample  611:    10722  (running sum:   6508271, n_ok: 611)
  sample  612:    10839  (running sum:   6519110, n_ok: 612)
  sample  613:    10800  (running sum:   6529910, n_ok: 613)
  sample  614:    10848  (running sum:   6540758, n_ok: 614)
  sample  615:    10919  (running sum:   6551677, n_ok: 615)
  sample  616:    10943  (running sum:   6562620, n_ok: 616)
  sample  617:    10950  (running sum:   6573570, n_ok: 617)
  sample  618:    10894  (running sum:   6584464, n_ok: 618)
  sample  619:    10949  (running sum:   6595413, n_ok: 619)
  sample  620:    10835  (running sum:   6606248, n_ok: 620)
  sample  621:    10944  (running sum:   6617192, n_ok: 621)
  sample  622:    10901  (running sum:   6628093, n_ok: 622)
  sample  623:    10756  (running sum:   6638849, n_ok: 623)
  sample  624:    10774  (running sum:   6649623, n_ok: 624)
  sample  625:    10864  (running sum:   6660487, n_ok: 625)
  sample  626:    10844  (running sum:   6671331, n_ok: 626)
  sample  627:    10819  (running sum:   6682150, n_ok: 627)
  sample  628:    10880  (running sum:   6693030, n_ok: 628)
  sample  629:    10919  (running sum:   6703949, n_ok: 629)
  sample  630:    10808  (running sum:   6714757, n_ok: 630)
  sample  631:    10767  (running sum:   6725524, n_ok: 631)
  sample  632:    10723  (running sum:   6736247, n_ok: 632)
  sample  633:    10745  (running sum:   6746992, n_ok: 633)
  sample  634:    10835  (running sum:   6757827, n_ok: 634)
  sample  635:    10715  (running sum:   6768542, n_ok: 635)
  sample  636:    10741  (running sum:   6779283, n_ok: 636)
  sample  637:    10783  (running sum:   6790066, n_ok: 637)
  sample  638:    10762  (running sum:   6800828, n_ok: 638)
  sample  639:    10697  (running sum:   6811525, n_ok: 639)
  sample  640:    10692  (running sum:   6822217, n_ok: 640)
  sample  641:    10605  (running sum:   6832822, n_ok: 641)
  sample  642:    10654  (running sum:   6843476, n_ok: 642)
  sample  643:    10619  (running sum:   6854095, n_ok: 643)
  sample  644:    10669  (running sum:   6864764, n_ok: 644)
  sample  645:    10629  (running sum:   6875393, n_ok: 645)
  sample  646:    10675  (running sum:   6886068, n_ok: 646)
  sample  647:    10567  (running sum:   6896635, n_ok: 647)
  sample  648:    10674  (running sum:   6907309, n_ok: 648)
  sample  649:    10561  (running sum:   6917870, n_ok: 649)
  sample  650:    10683  (running sum:   6928553, n_ok: 650)
  sample  651:    10710  (running sum:   6939263, n_ok: 651)
  sample  652:    10634  (running sum:   6949897, n_ok: 652)
  sample  653:    10619  (running sum:   6960516, n_ok: 653)
  sample  654:    10665  (running sum:   6971181, n_ok: 654)
  sample  655:    10530  (running sum:   6981711, n_ok: 655)
  sample  656:    10548  (running sum:   6992259, n_ok: 656)
  sample  657:    10467  (running sum:   7002726, n_ok: 657)
  sample  658:    10669  (running sum:   7013395, n_ok: 658)
  sample  659:    10475  (running sum:   7023870, n_ok: 659)
  sample  660:    10535  (running sum:   7034405, n_ok: 660)
  sample  661:    10491  (running sum:   7044896, n_ok: 661)
  sample  662:    10517  (running sum:   7055413, n_ok: 662)
  sample  663:    10477  (running sum:   7065890, n_ok: 663)
  sample  664:    10539  (running sum:   7076429, n_ok: 664)
  sample  665:    10498  (running sum:   7086927, n_ok: 665)
  sample  666:    10645  (running sum:   7097572, n_ok: 666)
  sample  667:    10509  (running sum:   7108081, n_ok: 667)
  sample  668:    10501  (running sum:   7118582, n_ok: 668)
  sample  669:    10535  (running sum:   7129117, n_ok: 669)
  sample  670:    10416  (running sum:   7139533, n_ok: 670)
  sample  671:    10552  (running sum:   7150085, n_ok: 671)
  sample  672:    10553  (running sum:   7160638, n_ok: 672)
  sample  673:    10473  (running sum:   7171111, n_ok: 673)
  sample  674:    10554  (running sum:   7181665, n_ok: 674)
  sample  675:    10568  (running sum:   7192233, n_ok: 675)
  sample  676:    10667  (running sum:   7202900, n_ok: 676)
  sample  677:    10643  (running sum:   7213543, n_ok: 677)
  sample  678:    10645  (running sum:   7224188, n_ok: 678)
  sample  679:    10632  (running sum:   7234820, n_ok: 679)
  sample  680:    10611  (running sum:   7245431, n_ok: 680)
  sample  681:    10665  (running sum:   7256096, n_ok: 681)
  sample  682:    10651  (running sum:   7266747, n_ok: 682)
  sample  683:    10683  (running sum:   7277430, n_ok: 683)
  sample  684:    10726  (running sum:   7288156, n_ok: 684)
  sample  685:    10815  (running sum:   7298971, n_ok: 685)
  sample  686:    10796  (running sum:   7309767, n_ok: 686)
  sample  687:    10826  (running sum:   7320593, n_ok: 687)
  sample  688:    10908  (running sum:   7331501, n_ok: 688)
  sample  689:    10843  (running sum:   7342344, n_ok: 689)
  sample  690:    10737  (running sum:   7353081, n_ok: 690)
  sample  691:    10751  (running sum:   7363832, n_ok: 691)
  sample  692:    10843  (running sum:   7374675, n_ok: 692)
  sample  693:    10843  (running sum:   7385518, n_ok: 693)
  sample  694:    10831  (running sum:   7396349, n_ok: 694)
  sample  695:    10863  (running sum:   7407212, n_ok: 695)
  sample  696:    10980  (running sum:   7418192, n_ok: 696)
  sample  697:    10973  (running sum:   7429165, n_ok: 697)
  sample  698:    10940  (running sum:   7440105, n_ok: 698)
  sample  699:    10894  (running sum:   7450999, n_ok: 699)
  sample  700:    10784  (running sum:   7461783, n_ok: 700)
  sample  701:    10832  (running sum:   7472615, n_ok: 701)
  sample  702:    10824  (running sum:   7483439, n_ok: 702)
  sample  703:    10767  (running sum:   7494206, n_ok: 703)
  sample  704:    10738  (running sum:   7504944, n_ok: 704)
  sample  705:    10892  (running sum:   7515836, n_ok: 705)
  sample  706:    10858  (running sum:   7526694, n_ok: 706)
  sample  707:    10883  (running sum:   7537577, n_ok: 707)
  sample  708:    10928  (running sum:   7548505, n_ok: 708)
  sample  709:    10818  (running sum:   7559323, n_ok: 709)
  sample  710:    10857  (running sum:   7570180, n_ok: 710)
  sample  711:    10792  (running sum:   7580972, n_ok: 711)
  sample  712:    10828  (running sum:   7591800, n_ok: 712)
  sample  713:    10759  (running sum:   7602559, n_ok: 713)
  sample  714:    10767  (running sum:   7613326, n_ok: 714)
  sample  715:    10814  (running sum:   7624140, n_ok: 715)
  sample  716:    10750  (running sum:   7634890, n_ok: 716)
  sample  717:    10752  (running sum:   7645642, n_ok: 717)
  sample  718:    10801  (running sum:   7656443, n_ok: 718)
  sample  719:    10827  (running sum:   7667270, n_ok: 719)
  sample  720:    10813  (running sum:   7678083, n_ok: 720)
  sample  721:    10883  (running sum:   7688966, n_ok: 721)
  sample  722:    10851  (running sum:   7699817, n_ok: 722)
  sample  723:    10921  (running sum:   7710738, n_ok: 723)
  sample  724:    10882  (running sum:   7721620, n_ok: 724)
  sample  725:    10794  (running sum:   7732414, n_ok: 725)
  sample  726:    10884  (running sum:   7743298, n_ok: 726)
  sample  727:    10864  (running sum:   7754162, n_ok: 727)
  sample  728:    10912  (running sum:   7765074, n_ok: 728)
  sample  729:    10857  (running sum:   7775931, n_ok: 729)
  sample  730:    10800  (running sum:   7786731, n_ok: 730)
  sample  731:    10866  (running sum:   7797597, n_ok: 731)
  sample  732:    10893  (running sum:   7808490, n_ok: 732)
  sample  733:    10996  (running sum:   7819486, n_ok: 733)
  sample  734:    10859  (running sum:   7830345, n_ok: 734)
  sample  735:    10801  (running sum:   7841146, n_ok: 735)
  sample  736:    10800  (running sum:   7851946, n_ok: 736)
  sample  737:    10905  (running sum:   7862851, n_ok: 737)
  sample  738:    10767  (running sum:   7873618, n_ok: 738)
  sample  739:    10838  (running sum:   7884456, n_ok: 739)
  sample  740:    10798  (running sum:   7895254, n_ok: 740)
  sample  741:    10813  (running sum:   7906067, n_ok: 741)
  sample  742:    10760  (running sum:   7916827, n_ok: 742)
  sample  743:    10713  (running sum:   7927540, n_ok: 743)
  sample  744:    10784  (running sum:   7938324, n_ok: 744)
  sample  745:    10783  (running sum:   7949107, n_ok: 745)
  sample  746:    10709  (running sum:   7959816, n_ok: 746)
  sample  747:    10726  (running sum:   7970542, n_ok: 747)
  sample  748:    10701  (running sum:   7981243, n_ok: 748)
  sample  749:    10775  (running sum:   7992018, n_ok: 749)
  sample  750:    10691  (running sum:   8002709, n_ok: 750)
  sample  751:    10591  (running sum:   8013300, n_ok: 751)
  sample  752:    10689  (running sum:   8023989, n_ok: 752)
  sample  753:    10799  (running sum:   8034788, n_ok: 753)
  sample  754:    10736  (running sum:   8045524, n_ok: 754)
  sample  755:    10729  (running sum:   8056253, n_ok: 755)
  sample  756:    10757  (running sum:   8067010, n_ok: 756)
  sample  757:    10687  (running sum:   8077697, n_ok: 757)
  sample  758:    10628  (running sum:   8088325, n_ok: 758)
  sample  759:    10714  (running sum:   8099039, n_ok: 759)
  sample  760:    10708  (running sum:   8109747, n_ok: 760)
  sample  761:    10839  (running sum:   8120586, n_ok: 761)
  sample  762:    10727  (running sum:   8131313, n_ok: 762)
  sample  763:    10633  (running sum:   8141946, n_ok: 763)
  sample  764:    10757  (running sum:   8152703, n_ok: 764)
  sample  765:    10627  (running sum:   8163330, n_ok: 765)
  sample  766:    10683  (running sum:   8174013, n_ok: 766)
  sample  767:    10673  (running sum:   8184686, n_ok: 767)
  sample  768:    10674  (running sum:   8195360, n_ok: 768)
  sample  769:    10628  (running sum:   8205988, n_ok: 769)
  sample  770:    10571  (running sum:   8216559, n_ok: 770)
  sample  771:    10612  (running sum:   8227171, n_ok: 771)
  sample  772:    10485  (running sum:   8237656, n_ok: 772)
  sample  773:    10483  (running sum:   8248139, n_ok: 773)
  sample  774:    10448  (running sum:   8258587, n_ok: 774)
  sample  775:    10433  (running sum:   8269020, n_ok: 775)
  sample  776:    10477  (running sum:   8279497, n_ok: 776)
  sample  777:    10362  (running sum:   8289859, n_ok: 777)
  sample  778:    10424  (running sum:   8300283, n_ok: 778)
  sample  779:    10382  (running sum:   8310665, n_ok: 779)
  sample  780:    10402  (running sum:   8321067, n_ok: 780)
  sample  781:    10360  (running sum:   8331427, n_ok: 781)
  sample  782:    10355  (running sum:   8341782, n_ok: 782)
  sample  783:    10271  (running sum:   8352053, n_ok: 783)
  sample  784:    10317  (running sum:   8362370, n_ok: 784)
  sample  785:    10346  (running sum:   8372716, n_ok: 785)
  sample  786:    10304  (running sum:   8383020, n_ok: 786)
  sample  787:    10279  (running sum:   8393299, n_ok: 787)
  sample  788:    10294  (running sum:   8403593, n_ok: 788)
  sample  789:    10212  (running sum:   8413805, n_ok: 789)
  sample  790:    10304  (running sum:   8424109, n_ok: 790)
  sample  791:    10324  (running sum:   8434433, n_ok: 791)
  sample  792:    10323  (running sum:   8444756, n_ok: 792)
  sample  793:    10474  (running sum:   8455230, n_ok: 793)
  sample  794:    10411  (running sum:   8465641, n_ok: 794)
  sample  795:    10404  (running sum:   8476045, n_ok: 795)
  sample  796:    10376  (running sum:   8486421, n_ok: 796)
  sample  797:    10297  (running sum:   8496718, n_ok: 797)
  sample  798:    10386  (running sum:   8507104, n_ok: 798)
  sample  799:    10359  (running sum:   8517463, n_ok: 799)
  sample  800:    10526  (running sum:   8527989, n_ok: 800)
  sample  801:    10501  (running sum:   8538490, n_ok: 801)
  sample  802:    10566  (running sum:   8549056, n_ok: 802)
  sample  803:    10590  (running sum:   8559646, n_ok: 803)
  sample  804:    10586  (running sum:   8570232, n_ok: 804)
  sample  805:    10607  (running sum:   8580839, n_ok: 805)
  sample  806:    10613  (running sum:   8591452, n_ok: 806)
  sample  807:    10692  (running sum:   8602144, n_ok: 807)
  sample  808:    10634  (running sum:   8612778, n_ok: 808)
  sample  809:    10690  (running sum:   8623468, n_ok: 809)
  sample  810:    10652  (running sum:   8634120, n_ok: 810)
  sample  811:    10732  (running sum:   8644852, n_ok: 811)
  sample  812:    10783  (running sum:   8655635, n_ok: 812)
  sample  813:    10692  (running sum:   8666327, n_ok: 813)
  sample  814:    10741  (running sum:   8677068, n_ok: 814)
  sample  815:    10733  (running sum:   8687801, n_ok: 815)
  sample  816:    10746  (running sum:   8698547, n_ok: 816)
  sample  817:    10881  (running sum:   8709428, n_ok: 817)
  sample  818:    10872  (running sum:   8720300, n_ok: 818)
  sample  819:    10814  (running sum:   8731114, n_ok: 819)
  sample  820:    10818  (running sum:   8741932, n_ok: 820)
  sample  821:    10767  (running sum:   8752699, n_ok: 821)
  sample  822:    10804  (running sum:   8763503, n_ok: 822)
  sample  823:    10742  (running sum:   8774245, n_ok: 823)
  sample  824:    10791  (running sum:   8785036, n_ok: 824)
  sample  825:    10741  (running sum:   8795777, n_ok: 825)
  sample  826:    10824  (running sum:   8806601, n_ok: 826)
  sample  827:    10899  (running sum:   8817500, n_ok: 827)
  sample  828:    10894  (running sum:   8828394, n_ok: 828)
  sample  829:    10947  (running sum:   8839341, n_ok: 829)
  sample  830:    10835  (running sum:   8850176, n_ok: 830)
  sample  831:    10866  (running sum:   8861042, n_ok: 831)
  sample  832:    10880  (running sum:   8871922, n_ok: 832)
  sample  833:    10772  (running sum:   8882694, n_ok: 833)
  sample  834:    10782  (running sum:   8893476, n_ok: 834)
  sample  835:    10749  (running sum:   8904225, n_ok: 835)
  sample  836:    10858  (running sum:   8915083, n_ok: 836)
  sample  837:    10885  (running sum:   8925968, n_ok: 837)
  sample  838:    10835  (running sum:   8936803, n_ok: 838)
  sample  839:    10963  (running sum:   8947766, n_ok: 839)
  sample  840:    10844  (running sum:   8958610, n_ok: 840)
  sample  841:    10846  (running sum:   8969456, n_ok: 841)
  sample  842:    10759  (running sum:   8980215, n_ok: 842)
  sample  843:    10816  (running sum:   8991031, n_ok: 843)
  sample  844:    10816  (running sum:   9001847, n_ok: 844)
  sample  845:    10700  (running sum:   9012547, n_ok: 845)
  sample  846:    10678  (running sum:   9023225, n_ok: 846)
  sample  847:    10598  (running sum:   9033823, n_ok: 847)
  sample  848:    10639  (running sum:   9044462, n_ok: 848)
  sample  849:    10676  (running sum:   9055138, n_ok: 849)
  sample  850:    10622  (running sum:   9065760, n_ok: 850)
  sample  851:    10695  (running sum:   9076455, n_ok: 851)
  sample  852:    10658  (running sum:   9087113, n_ok: 852)
  sample  853:    10577  (running sum:   9097690, n_ok: 853)
  sample  854:    10551  (running sum:   9108241, n_ok: 854)
  sample  855:    10561  (running sum:   9118802, n_ok: 855)
  sample  856:    10527  (running sum:   9129329, n_ok: 856)
  sample  857:    10420  (running sum:   9139749, n_ok: 857)
  sample  858:    10509  (running sum:   9150258, n_ok: 858)
  sample  859:    10501  (running sum:   9160759, n_ok: 859)
  sample  860:    10327  (running sum:   9171086, n_ok: 860)
  sample  861:    10439  (running sum:   9181525, n_ok: 861)
  sample  862:    10545  (running sum:   9192070, n_ok: 862)
  sample  863:    10464  (running sum:   9202534, n_ok: 863)
  sample  864:    10424  (running sum:   9212958, n_ok: 864)
  sample  865:    10471  (running sum:   9223429, n_ok: 865)
  sample  866:    10348  (running sum:   9233777, n_ok: 866)
  sample  867:    10331  (running sum:   9244108, n_ok: 867)
  sample  868:    10368  (running sum:   9254476, n_ok: 868)
  sample  869:    10306  (running sum:   9264782, n_ok: 869)
  sample  870:    10395  (running sum:   9275177, n_ok: 870)
  sample  871:    10350  (running sum:   9285527, n_ok: 871)
  sample  872:    10389  (running sum:   9295916, n_ok: 872)
  sample  873:    10424  (running sum:   9306340, n_ok: 873)
  sample  874:    10435  (running sum:   9316775, n_ok: 874)
  sample  875:    10511  (running sum:   9327286, n_ok: 875)
  sample  876:    10533  (running sum:   9337819, n_ok: 876)
  sample  877:    10439  (running sum:   9348258, n_ok: 877)
  sample  878:    10518  (running sum:   9358776, n_ok: 878)
  sample  879:    10603  (running sum:   9369379, n_ok: 879)
  sample  880:    10447  (running sum:   9379826, n_ok: 880)
  sample  881:    10434  (running sum:   9390260, n_ok: 881)
  sample  882:    10616  (running sum:   9400876, n_ok: 882)
  sample  883:    10577  (running sum:   9411453, n_ok: 883)
  sample  884:    10566  (running sum:   9422019, n_ok: 884)
  sample  885:    10571  (running sum:   9432590, n_ok: 885)
  sample  886:    10577  (running sum:   9443167, n_ok: 886)
  sample  887:    10635  (running sum:   9453802, n_ok: 887)
  sample  888:    10477  (running sum:   9464279, n_ok: 888)
  sample  889:    10622  (running sum:   9474901, n_ok: 889)
  sample  890:    10568  (running sum:   9485469, n_ok: 890)
  sample  891:    10597  (running sum:   9496066, n_ok: 891)
  sample  892:    10580  (running sum:   9506646, n_ok: 892)
  sample  893:    10525  (running sum:   9517171, n_ok: 893)
  sample  894:    10522  (running sum:   9527693, n_ok: 894)
  sample  895:    10624  (running sum:   9538317, n_ok: 895)
  sample  896:    10506  (running sum:   9548823, n_ok: 896)
  sample  897:    10634  (running sum:   9559457, n_ok: 897)
  sample  898:    10611  (running sum:   9570068, n_ok: 898)
  sample  899:    10666  (running sum:   9580734, n_ok: 899)
  sample  900:    10592  (running sum:   9591326, n_ok: 900)
  sample  901:    10571  (running sum:   9601897, n_ok: 901)
  sample  902:    10650  (running sum:   9612547, n_ok: 902)
  sample  903:    10661  (running sum:   9623208, n_ok: 903)
  sample  904:    10532  (running sum:   9633740, n_ok: 904)
  sample  905:    10679  (running sum:   9644419, n_ok: 905)
  sample  906:    10589  (running sum:   9655008, n_ok: 906)
  sample  907:    10680  (running sum:   9665688, n_ok: 907)
  sample  908:    10763  (running sum:   9676451, n_ok: 908)
  sample  909:    10669  (running sum:   9687120, n_ok: 909)
  sample  910:    10809  (running sum:   9697929, n_ok: 910)
  sample  911:    10697  (running sum:   9708626, n_ok: 911)
  sample  912:    10753  (running sum:   9719379, n_ok: 912)
  sample  913:    10810  (running sum:   9730189, n_ok: 913)
  sample  914:    10889  (running sum:   9741078, n_ok: 914)
  sample  915:    10858  (running sum:   9751936, n_ok: 915)
  sample  916:    10841  (running sum:   9762777, n_ok: 916)
  sample  917:    10873  (running sum:   9773650, n_ok: 917)
  sample  918:    10915  (running sum:   9784565, n_ok: 918)
  sample  919:    11076  (running sum:   9795641, n_ok: 919)
  sample  920:    10958  (running sum:   9806599, n_ok: 920)
  sample  921:    11044  (running sum:   9817643, n_ok: 921)
  sample  922:    10945  (running sum:   9828588, n_ok: 922)
  sample  923:    10947  (running sum:   9839535, n_ok: 923)
  sample  924:    10941  (running sum:   9850476, n_ok: 924)
  sample  925:    10995  (running sum:   9861471, n_ok: 925)
  sample  926:    10969  (running sum:   9872440, n_ok: 926)
  sample  927:    10946  (running sum:   9883386, n_ok: 927)
  sample  928:    10808  (running sum:   9894194, n_ok: 928)
  sample  929:    10964  (running sum:   9905158, n_ok: 929)
  sample  930:    11125  (running sum:   9916283, n_ok: 930)
  sample  931:    11015  (running sum:   9927298, n_ok: 931)
  sample  932:    11043  (running sum:   9938341, n_ok: 932)
  sample  933:    10996  (running sum:   9949337, n_ok: 933)
  sample  934:    10982  (running sum:   9960319, n_ok: 934)
  sample  935:    10895  (running sum:   9971214, n_ok: 935)
  sample  936:    10812  (running sum:   9982026, n_ok: 936)
  sample  937:    10819  (running sum:   9992845, n_ok: 937)
  sample  938:    10992  (running sum:  10003837, n_ok: 938)
  sample  939:    10735  (running sum:  10014572, n_ok: 939)
  sample  940:    10809  (running sum:  10025381, n_ok: 940)
  sample  941:    10933  (running sum:  10036314, n_ok: 941)
  sample  942:    10897  (running sum:  10047211, n_ok: 942)
  sample  943:    10848  (running sum:  10058059, n_ok: 943)
  sample  944:    10709  (running sum:  10068768, n_ok: 944)
  sample  945:    10915  (running sum:  10079683, n_ok: 945)
  sample  946:    10784  (running sum:  10090467, n_ok: 946)
  sample  947:    10748  (running sum:  10101215, n_ok: 947)
  sample  948:    10778  (running sum:  10111993, n_ok: 948)
  sample  949:    10738  (running sum:  10122731, n_ok: 949)
  sample  950:    10642  (running sum:  10133373, n_ok: 950)
  sample  951:    10751  (running sum:  10144124, n_ok: 951)
  sample  952:    10760  (running sum:  10154884, n_ok: 952)
  sample  953:    10794  (running sum:  10165678, n_ok: 953)
  sample  954:    10898  (running sum:  10176576, n_ok: 954)
  sample  955:    10711  (running sum:  10187287, n_ok: 955)
  sample  956:    10685  (running sum:  10197972, n_ok: 956)
  sample  957:    10759  (running sum:  10208731, n_ok: 957)
  sample  958:    10683  (running sum:  10219414, n_ok: 958)
  sample  959:    10689  (running sum:  10230103, n_ok: 959)
  sample  960:    10625  (running sum:  10240728, n_ok: 960)
  sample  961:    10713  (running sum:  10251441, n_ok: 961)
  sample  962:    10787  (running sum:  10262228, n_ok: 962)
  sample  963:    10704  (running sum:  10272932, n_ok: 963)
  sample  964:    10685  (running sum:  10283617, n_ok: 964)
  sample  965:    10687  (running sum:  10294304, n_ok: 965)
  sample  966:    10556  (running sum:  10304860, n_ok: 966)
  sample  967:    10680  (running sum:  10315540, n_ok: 967)
  sample  968:    10639  (running sum:  10326179, n_ok: 968)
  sample  969:    10666  (running sum:  10336845, n_ok: 969)
  sample  970:    10582  (running sum:  10347427, n_ok: 970)
  sample  971:    10515  (running sum:  10357942, n_ok: 971)
  sample  972:    10520  (running sum:  10368462, n_ok: 972)
  sample  973:    10689  (running sum:  10379151, n_ok: 973)
  sample  974:    10652  (running sum:  10389803, n_ok: 974)
  sample  975:    10662  (running sum:  10400465, n_ok: 975)
  sample  976:    10620  (running sum:  10411085, n_ok: 976)
  sample  977:    10587  (running sum:  10421672, n_ok: 977)
  sample  978:    10679  (running sum:  10432351, n_ok: 978)
  sample  979:    10513  (running sum:  10442864, n_ok: 979)
  sample  980:    10495  (running sum:  10453359, n_ok: 980)
  sample  981:    10503  (running sum:  10463862, n_ok: 981)
  sample  982:    10592  (running sum:  10474454, n_ok: 982)
  sample  983:    10543  (running sum:  10484997, n_ok: 983)
  sample  984:    10606  (running sum:  10495603, n_ok: 984)
  sample  985:    10576  (running sum:  10506179, n_ok: 985)
  sample  986:    10682  (running sum:  10516861, n_ok: 986)
  sample  987:    10658  (running sum:  10527519, n_ok: 987)
  sample  988:    10620  (running sum:  10538139, n_ok: 988)
  sample  989:    10577  (running sum:  10548716, n_ok: 989)
  sample  990:    10699  (running sum:  10559415, n_ok: 990)
  sample  991:    10580  (running sum:  10569995, n_ok: 991)
  sample  992:    10618  (running sum:  10580613, n_ok: 992)
  sample  993:    10535  (running sum:  10591148, n_ok: 993)
  sample  994:    10620  (running sum:  10601768, n_ok: 994)
  sample  995:    10655  (running sum:  10612423, n_ok: 995)
  sample  996:    10677  (running sum:  10623100, n_ok: 996)
  sample  997:    10673  (running sum:  10633773, n_ok: 997)
  sample  998:    10646  (running sum:  10644419, n_ok: 998)
  sample  999:    10649  (running sum:  10655068, n_ok: 999)
  sample 1000:    10700  (running sum:  10665768, n_ok: 1000)
  sample 1001:    10565  (running sum:  10676333, n_ok: 1001)
  sample 1002:    10725  (running sum:  10687058, n_ok: 1002)
  sample 1003:    10656  (running sum:  10697714, n_ok: 1003)
  sample 1004:    10642  (running sum:  10708356, n_ok: 1004)
  sample 1005:    10695  (running sum:  10719051, n_ok: 1005)
  sample 1006:    10540  (running sum:  10729591, n_ok: 1006)
  sample 1007:    10654  (running sum:  10740245, n_ok: 1007)
  sample 1008:    10624  (running sum:  10750869, n_ok: 1008)
  sample 1009:    10573  (running sum:  10761442, n_ok: 1009)
  sample 1010:    10561  (running sum:  10772003, n_ok: 1010)
  sample 1011:    10606  (running sum:  10782609, n_ok: 1011)
  sample 1012:    10526  (running sum:  10793135, n_ok: 1012)
  sample 1013:    10615  (running sum:  10803750, n_ok: 1013)
  sample 1014:    10516  (running sum:  10814266, n_ok: 1014)
  sample 1015:    10528  (running sum:  10824794, n_ok: 1015)
  sample 1016:    10637  (running sum:  10835431, n_ok: 1016)
  sample 1017:    10563  (running sum:  10845994, n_ok: 1017)
  sample 1018:    10573  (running sum:  10856567, n_ok: 1018)
  sample 1019:    10627  (running sum:  10867194, n_ok: 1019)
  sample 1020:    10650  (running sum:  10877844, n_ok: 1020)
  sample 1021:    10689  (running sum:  10888533, n_ok: 1021)
  sample 1022:    10714  (running sum:  10899247, n_ok: 1022)
  sample 1023:    10712  (running sum:  10909959, n_ok: 1023)
  sample 1024:    10702  (running sum:  10920661, n_ok: 1024)
  sample 1025:    10719  (running sum:  10931380, n_ok: 1025)
  sample 1026:    10774  (running sum:  10942154, n_ok: 1026)
  sample 1027:    10736  (running sum:  10952890, n_ok: 1027)
  sample 1028:    10784  (running sum:  10963674, n_ok: 1028)
  sample 1029:    10679  (running sum:  10974353, n_ok: 1029)
  sample 1030:    10723  (running sum:  10985076, n_ok: 1030)
  sample 1031:    10824  (running sum:  10995900, n_ok: 1031)
  sample 1032:    10893  (running sum:  11006793, n_ok: 1032)
  sample 1033:    10793  (running sum:  11017586, n_ok: 1033)
  sample 1034:    10818  (running sum:  11028404, n_ok: 1034)
  sample 1035:    10813  (running sum:  11039217, n_ok: 1035)
  sample 1036:    10862  (running sum:  11050079, n_ok: 1036)
  sample 1037:    10871  (running sum:  11060950, n_ok: 1037)
  sample 1038:    10792  (running sum:  11071742, n_ok: 1038)
  sample 1039:    10859  (running sum:  11082601, n_ok: 1039)
  sample 1040:    10779  (running sum:  11093380, n_ok: 1040)
  sample 1041:    10830  (running sum:  11104210, n_ok: 1041)
  sample 1042:    10816  (running sum:  11115026, n_ok: 1042)
  sample 1043:    10846  (running sum:  11125872, n_ok: 1043)
  sample 1044:    10827  (running sum:  11136699, n_ok: 1044)
  sample 1045:    10768  (running sum:  11147467, n_ok: 1045)
  sample 1046:    10823  (running sum:  11158290, n_ok: 1046)
  sample 1047:    10754  (running sum:  11169044, n_ok: 1047)
  sample 1048:    10717  (running sum:  11179761, n_ok: 1048)
  sample 1049:    10766  (running sum:  11190527, n_ok: 1049)
  sample 1050:    10712  (running sum:  11201239, n_ok: 1050)
  sample 1051:    10681  (running sum:  11211920, n_ok: 1051)
  sample 1052:    10732  (running sum:  11222652, n_ok: 1052)
  sample 1053:    10807  (running sum:  11233459, n_ok: 1053)
  sample 1054:    10840  (running sum:  11244299, n_ok: 1054)
  sample 1055:    10818  (running sum:  11255117, n_ok: 1055)
  sample 1056:    10834  (running sum:  11265951, n_ok: 1056)
  sample 1057:    10912  (running sum:  11276863, n_ok: 1057)
  sample 1058:    10877  (running sum:  11287740, n_ok: 1058)
  sample 1059:    10786  (running sum:  11298526, n_ok: 1059)
  sample 1060:    10772  (running sum:  11309298, n_ok: 1060)
  sample 1061:    10867  (running sum:  11320165, n_ok: 1061)
  sample 1062:    10833  (running sum:  11330998, n_ok: 1062)
  sample 1063:    10784  (running sum:  11341782, n_ok: 1063)
  sample 1064:    10797  (running sum:  11352579, n_ok: 1064)
  sample 1065:    10783  (running sum:  11363362, n_ok: 1065)
  sample 1066:    10771  (running sum:  11374133, n_ok: 1066)
  sample 1067:    10823  (running sum:  11384956, n_ok: 1067)
  sample 1068:    10813  (running sum:  11395769, n_ok: 1068)
  sample 1069:    10769  (running sum:  11406538, n_ok: 1069)
  sample 1070:    10747  (running sum:  11417285, n_ok: 1070)
  sample 1071:    10693  (running sum:  11427978, n_ok: 1071)
  sample 1072:    10705  (running sum:  11438683, n_ok: 1072)
  sample 1073:    10729  (running sum:  11449412, n_ok: 1073)
  sample 1074:    10745  (running sum:  11460157, n_ok: 1074)
  sample 1075:    10705  (running sum:  11470862, n_ok: 1075)
  sample 1076:    10705  (running sum:  11481567, n_ok: 1076)
  sample 1077:    10651  (running sum:  11492218, n_ok: 1077)
  sample 1078:    10630  (running sum:  11502848, n_ok: 1078)
  sample 1079:    10567  (running sum:  11513415, n_ok: 1079)
  sample 1080:    10539  (running sum:  11523954, n_ok: 1080)
  sample 1081:    10506  (running sum:  11534460, n_ok: 1081)
  sample 1082:    10537  (running sum:  11544997, n_ok: 1082)
  sample 1083:    10553  (running sum:  11555550, n_ok: 1083)
  sample 1084:    10489  (running sum:  11566039, n_ok: 1084)
  sample 1085:    10492  (running sum:  11576531, n_ok: 1085)
  sample 1086:    10480  (running sum:  11587011, n_ok: 1086)
  sample 1087:    10482  (running sum:  11597493, n_ok: 1087)
  sample 1088:    10344  (running sum:  11607837, n_ok: 1088)
  sample 1089:    10496  (running sum:  11618333, n_ok: 1089)
  sample 1090:    10481  (running sum:  11628814, n_ok: 1090)
  sample 1091:    10303  (running sum:  11639117, n_ok: 1091)
  sample 1092:    10285  (running sum:  11649402, n_ok: 1092)
  sample 1093:    10401  (running sum:  11659803, n_ok: 1093)
  sample 1094:    10333  (running sum:  11670136, n_ok: 1094)
  sample 1095:    10409  (running sum:  11680545, n_ok: 1095)
  sample 1096:    10426  (running sum:  11690971, n_ok: 1096)
  sample 1097:    10521  (running sum:  11701492, n_ok: 1097)
  sample 1098:    10445  (running sum:  11711937, n_ok: 1098)
  sample 1099:    10396  (running sum:  11722333, n_ok: 1099)
  sample 1100:    10389  (running sum:  11732722, n_ok: 1100)
  sample 1101:    10399  (running sum:  11743121, n_ok: 1101)
  sample 1102:    10382  (running sum:  11753503, n_ok: 1102)
  sample 1103:    10452  (running sum:  11763955, n_ok: 1103)
  sample 1104:    10465  (running sum:  11774420, n_ok: 1104)
  sample 1105:    10535  (running sum:  11784955, n_ok: 1105)
  sample 1106:    10465  (running sum:  11795420, n_ok: 1106)
  sample 1107:    10419  (running sum:  11805839, n_ok: 1107)
  sample 1108:    10475  (running sum:  11816314, n_ok: 1108)
  sample 1109:    10514  (running sum:  11826828, n_ok: 1109)
  sample 1110:    10403  (running sum:  11837231, n_ok: 1110)
  sample 1111:    10468  (running sum:  11847699, n_ok: 1111)
  sample 1112:    10372  (running sum:  11858071, n_ok: 1112)
  sample 1113:    10517  (running sum:  11868588, n_ok: 1113)
  sample 1114:    10607  (running sum:  11879195, n_ok: 1114)
  sample 1115:    10513  (running sum:  11889708, n_ok: 1115)
  sample 1116:    10590  (running sum:  11900298, n_ok: 1116)
  sample 1117:    10477  (running sum:  11910775, n_ok: 1117)
  sample 1118:    10593  (running sum:  11921368, n_ok: 1118)
  sample 1119:    10612  (running sum:  11931980, n_ok: 1119)
  sample 1120:    10608  (running sum:  11942588, n_ok: 1120)
  sample 1121:    10637  (running sum:  11953225, n_ok: 1121)
  sample 1122:    10629  (running sum:  11963854, n_ok: 1122)
  sample 1123:    10532  (running sum:  11974386, n_ok: 1123)
  sample 1124:    10546  (running sum:  11984932, n_ok: 1124)
  sample 1125:    10594  (running sum:  11995526, n_ok: 1125)
  sample 1126:    10665  (running sum:  12006191, n_ok: 1126)
  sample 1127:    10705  (running sum:  12016896, n_ok: 1127)
  sample 1128:    10684  (running sum:  12027580, n_ok: 1128)
  sample 1129:    10717  (running sum:  12038297, n_ok: 1129)
  sample 1130:    10613  (running sum:  12048910, n_ok: 1130)
  sample 1131:    10657  (running sum:  12059567, n_ok: 1131)
  sample 1132:    10799  (running sum:  12070366, n_ok: 1132)
  sample 1133:    10828  (running sum:  12081194, n_ok: 1133)
  sample 1134:    10822  (running sum:  12092016, n_ok: 1134)
  sample 1135:    10766  (running sum:  12102782, n_ok: 1135)
  sample 1136:    10702  (running sum:  12113484, n_ok: 1136)
  sample 1137:    10778  (running sum:  12124262, n_ok: 1137)
  sample 1138:    10954  (running sum:  12135216, n_ok: 1138)
  sample 1139:    10918  (running sum:  12146134, n_ok: 1139)
  sample 1140:    10891  (running sum:  12157025, n_ok: 1140)
  sample 1141:    10935  (running sum:  12167960, n_ok: 1141)
  sample 1142:    10946  (running sum:  12178906, n_ok: 1142)
  sample 1143:    10962  (running sum:  12189868, n_ok: 1143)
  sample 1144:    10971  (running sum:  12200839, n_ok: 1144)
  sample 1145:    10973  (running sum:  12211812, n_ok: 1145)
  sample 1146:    10979  (running sum:  12222791, n_ok: 1146)
  sample 1147:    10943  (running sum:  12233734, n_ok: 1147)
  sample 1148:    10943  (running sum:  12244677, n_ok: 1148)
  sample 1149:    10920  (running sum:  12255597, n_ok: 1149)
  sample 1150:    10949  (running sum:  12266546, n_ok: 1150)
  sample 1151:    10959  (running sum:  12277505, n_ok: 1151)
  sample 1152:    10995  (running sum:  12288500, n_ok: 1152)
  sample 1153:    11034  (running sum:  12299534, n_ok: 1153)
  sample 1154:    10959  (running sum:  12310493, n_ok: 1154)
  sample 1155:    10895  (running sum:  12321388, n_ok: 1155)
  sample 1156:    10874  (running sum:  12332262, n_ok: 1156)
  sample 1157:    10917  (running sum:  12343179, n_ok: 1157)
  sample 1158:    10834  (running sum:  12354013, n_ok: 1158)
  sample 1159:    10787  (running sum:  12364800, n_ok: 1159)
  sample 1160:    10761  (running sum:  12375561, n_ok: 1160)
  sample 1161:    10846  (running sum:  12386407, n_ok: 1161)
  sample 1162:    10708  (running sum:  12397115, n_ok: 1162)
  sample 1163:    10741  (running sum:  12407856, n_ok: 1163)
  sample 1164:    10832  (running sum:  12418688, n_ok: 1164)
  sample 1165:    10869  (running sum:  12429557, n_ok: 1165)
  sample 1166:    10649  (running sum:  12440206, n_ok: 1166)
  sample 1167:    10698  (running sum:  12450904, n_ok: 1167)
  sample 1168:    10671  (running sum:  12461575, n_ok: 1168)
  sample 1169:    10670  (running sum:  12472245, n_ok: 1169)
  sample 1170:    10667  (running sum:  12482912, n_ok: 1170)
  sample 1171:    10517  (running sum:  12493429, n_ok: 1171)
  sample 1172:    10628  (running sum:  12504057, n_ok: 1172)
  sample 1173:    10651  (running sum:  12514708, n_ok: 1173)
  sample 1174:    10586  (running sum:  12525294, n_ok: 1174)
  sample 1175:    10633  (running sum:  12535927, n_ok: 1175)
  sample 1176:    10573  (running sum:  12546500, n_ok: 1176)
  sample 1177:    10599  (running sum:  12557099, n_ok: 1177)
  sample 1178:    10546  (running sum:  12567645, n_ok: 1178)
  sample 1179:    10564  (running sum:  12578209, n_ok: 1179)
  sample 1180:    10521  (running sum:  12588730, n_ok: 1180)
  sample 1181:    10495  (running sum:  12599225, n_ok: 1181)
  sample 1182:    10479  (running sum:  12609704, n_ok: 1182)
  sample 1183:    10511  (running sum:  12620215, n_ok: 1183)
  sample 1184:    10684  (running sum:  12630899, n_ok: 1184)
  sample 1185:    10710  (running sum:  12641609, n_ok: 1185)
  sample 1186:    10655  (running sum:  12652264, n_ok: 1186)
  sample 1187:    10618  (running sum:  12662882, n_ok: 1187)
  sample 1188:    10526  (running sum:  12673408, n_ok: 1188)
  sample 1189:    10590  (running sum:  12683998, n_ok: 1189)
  sample 1190:    10526  (running sum:  12694524, n_ok: 1190)
  sample 1191:    10503  (running sum:  12705027, n_ok: 1191)
  sample 1192:    10393  (running sum:  12715420, n_ok: 1192)
  sample 1193:    10497  (running sum:  12725917, n_ok: 1193)
  sample 1194:    10471  (running sum:  12736388, n_ok: 1194)
  sample 1195:    10414  (running sum:  12746802, n_ok: 1195)
  sample 1196:    10672  (running sum:  12757474, n_ok: 1196)
  sample 1197:    10523  (running sum:  12767997, n_ok: 1197)
  sample 1198:    10535  (running sum:  12778532, n_ok: 1198)
  sample 1199:    10494  (running sum:  12789026, n_ok: 1199)
  sample 1200:    10528  (running sum:  12799554, n_ok: 1200)
  sample 1201:    10548  (running sum:  12810102, n_ok: 1201)
  sample 1202:    10513  (running sum:  12820615, n_ok: 1202)
  sample 1203:    10523  (running sum:  12831138, n_ok: 1203)
  sample 1204:    10527  (running sum:  12841665, n_ok: 1204)
  sample 1205:    10473  (running sum:  12852138, n_ok: 1205)
  sample 1206:    10495  (running sum:  12862633, n_ok: 1206)
  sample 1207:    10487  (running sum:  12873120, n_ok: 1207)
  sample 1208:    10591  (running sum:  12883711, n_ok: 1208)
  sample 1209:    10510  (running sum:  12894221, n_ok: 1209)
  sample 1210:    10529  (running sum:  12904750, n_ok: 1210)
  sample 1211:    10650  (running sum:  12915400, n_ok: 1211)
  sample 1212:    10544  (running sum:  12925944, n_ok: 1212)
  sample 1213:    10578  (running sum:  12936522, n_ok: 1213)
  sample 1214:    10589  (running sum:  12947111, n_ok: 1214)
  sample 1215:    10630  (running sum:  12957741, n_ok: 1215)
  sample 1216:    10578  (running sum:  12968319, n_ok: 1216)
  sample 1217:    10665  (running sum:  12978984, n_ok: 1217)
  sample 1218:    10681  (running sum:  12989665, n_ok: 1218)
  sample 1219:    10785  (running sum:  13000450, n_ok: 1219)
  sample 1220:    10823  (running sum:  13011273, n_ok: 1220)
  sample 1221:    10814  (running sum:  13022087, n_ok: 1221)
  sample 1222:    10760  (running sum:  13032847, n_ok: 1222)
  sample 1223:    10815  (running sum:  13043662, n_ok: 1223)
  sample 1224:    10767  (running sum:  13054429, n_ok: 1224)
  sample 1225:    10865  (running sum:  13065294, n_ok: 1225)
  sample 1226:    10845  (running sum:  13076139, n_ok: 1226)
  sample 1227:    10807  (running sum:  13086946, n_ok: 1227)
  sample 1228:    10927  (running sum:  13097873, n_ok: 1228)
  sample 1229:    10911  (running sum:  13108784, n_ok: 1229)
  sample 1230:    10935  (running sum:  13119719, n_ok: 1230)
  sample 1231:    10877  (running sum:  13130596, n_ok: 1231)
  sample 1232:    10990  (running sum:  13141586, n_ok: 1232)
  sample 1233:    10817  (running sum:  13152403, n_ok: 1233)
  sample 1234:    10931  (running sum:  13163334, n_ok: 1234)
  sample 1235:    10835  (running sum:  13174169, n_ok: 1235)
  sample 1236:    10935  (running sum:  13185104, n_ok: 1236)
  sample 1237:    10799  (running sum:  13195903, n_ok: 1237)
  sample 1238:    10798  (running sum:  13206701, n_ok: 1238)
  sample 1239:    10865  (running sum:  13217566, n_ok: 1239)
  sample 1240:    10893  (running sum:  13228459, n_ok: 1240)
  sample 1241:    10807  (running sum:  13239266, n_ok: 1241)
  sample 1242:    10928  (running sum:  13250194, n_ok: 1242)
  sample 1243:    10751  (running sum:  13260945, n_ok: 1243)
  sample 1244:    10671  (running sum:  13271616, n_ok: 1244)
  sample 1245:    10749  (running sum:  13282365, n_ok: 1245)
  sample 1246:    10653  (running sum:  13293018, n_ok: 1246)
  sample 1247:    10787  (running sum:  13303805, n_ok: 1247)
  sample 1248:    10760  (running sum:  13314565, n_ok: 1248)
  sample 1249:    10741  (running sum:  13325306, n_ok: 1249)
  sample 1250:    10734  (running sum:  13336040, n_ok: 1250)
  sample 1251:    10832  (running sum:  13346872, n_ok: 1251)
  sample 1252:    10854  (running sum:  13357726, n_ok: 1252)
  sample 1253:    10799  (running sum:  13368525, n_ok: 1253)
  sample 1254:    10722  (running sum:  13379247, n_ok: 1254)
  sample 1255:    10847  (running sum:  13390094, n_ok: 1255)
  sample 1256:    10790  (running sum:  13400884, n_ok: 1256)
  sample 1257:    10835  (running sum:  13411719, n_ok: 1257)
  sample 1258:    10764  (running sum:  13422483, n_ok: 1258)
  sample 1259:    10899  (running sum:  13433382, n_ok: 1259)
  sample 1260:    10811  (running sum:  13444193, n_ok: 1260)
  sample 1261:    10817  (running sum:  13455010, n_ok: 1261)
  sample 1262:    10799  (running sum:  13465809, n_ok: 1262)
  sample 1263:    10886  (running sum:  13476695, n_ok: 1263)
  sample 1264:    10902  (running sum:  13487597, n_ok: 1264)
  sample 1265:    11007  (running sum:  13498604, n_ok: 1265)
  sample 1266:    10999  (running sum:  13509603, n_ok: 1266)
  sample 1267:    10943  (running sum:  13520546, n_ok: 1267)
  sample 1268:    10993  (running sum:  13531539, n_ok: 1268)
  sample 1269:    10948  (running sum:  13542487, n_ok: 1269)
  sample 1270:    10920  (running sum:  13553407, n_ok: 1270)
  sample 1271:    10867  (running sum:  13564274, n_ok: 1271)
  sample 1272:    10843  (running sum:  13575117, n_ok: 1272)
  sample 1273:    10927  (running sum:  13586044, n_ok: 1273)
  sample 1274:    10895  (running sum:  13596939, n_ok: 1274)
  sample 1275:    10932  (running sum:  13607871, n_ok: 1275)
  sample 1276:    11018  (running sum:  13618889, n_ok: 1276)
  sample 1277:    10857  (running sum:  13629746, n_ok: 1277)
  sample 1278:    10827  (running sum:  13640573, n_ok: 1278)
  sample 1279:    10847  (running sum:  13651420, n_ok: 1279)
  sample 1280:    10789  (running sum:  13662209, n_ok: 1280)
  sample 1281:    10731  (running sum:  13672940, n_ok: 1281)
  sample 1282:    10779  (running sum:  13683719, n_ok: 1282)
  sample 1283:    10791  (running sum:  13694510, n_ok: 1283)
  sample 1284:    10635  (running sum:  13705145, n_ok: 1284)
  sample 1285:    10775  (running sum:  13715920, n_ok: 1285)
  sample 1286:    10743  (running sum:  13726663, n_ok: 1286)
  sample 1287:    10787  (running sum:  13737450, n_ok: 1287)
  sample 1288:    10836  (running sum:  13748286, n_ok: 1288)
  sample 1289:    10800  (running sum:  13759086, n_ok: 1289)
  sample 1290:    10802  (running sum:  13769888, n_ok: 1290)
  sample 1291:    10721  (running sum:  13780609, n_ok: 1291)
  sample 1292:    10578  (running sum:  13791187, n_ok: 1292)
  sample 1293:    10730  (running sum:  13801917, n_ok: 1293)
  sample 1294:    10604  (running sum:  13812521, n_ok: 1294)
  sample 1295:    10713  (running sum:  13823234, n_ok: 1295)
  sample 1296:    10630  (running sum:  13833864, n_ok: 1296)
  sample 1297:    10663  (running sum:  13844527, n_ok: 1297)
  sample 1298:    10618  (running sum:  13855145, n_ok: 1298)
  sample 1299:    10590  (running sum:  13865735, n_ok: 1299)
  sample 1300:    10685  (running sum:  13876420, n_ok: 1300)
  sample 1301:    10703  (running sum:  13887123, n_ok: 1301)
  sample 1302:    10677  (running sum:  13897800, n_ok: 1302)
  sample 1303:    10585  (running sum:  13908385, n_ok: 1303)
  sample 1304:    10480  (running sum:  13918865, n_ok: 1304)
  sample 1305:    10420  (running sum:  13929285, n_ok: 1305)
  sample 1306:    10386  (running sum:  13939671, n_ok: 1306)
  sample 1307:    10485  (running sum:  13950156, n_ok: 1307)
  sample 1308:    10477  (running sum:  13960633, n_ok: 1308)
  sample 1309:    10401  (running sum:  13971034, n_ok: 1309)
  sample 1310:    10498  (running sum:  13981532, n_ok: 1310)
  sample 1311:    10451  (running sum:  13991983, n_ok: 1311)
  sample 1312:    10425  (running sum:  14002408, n_ok: 1312)
  sample 1313:    10427  (running sum:  14012835, n_ok: 1313)
  sample 1314:    10457  (running sum:  14023292, n_ok: 1314)
  sample 1315:    10370  (running sum:  14033662, n_ok: 1315)
  sample 1316:    10278  (running sum:  14043940, n_ok: 1316)
  sample 1317:    10311  (running sum:  14054251, n_ok: 1317)
  sample 1318:    10313  (running sum:  14064564, n_ok: 1318)
  sample 1319:    10335  (running sum:  14074899, n_ok: 1319)
  sample 1320:    10325  (running sum:  14085224, n_ok: 1320)
  sample 1321:    10276  (running sum:  14095500, n_ok: 1321)
  sample 1322:    10271  (running sum:  14105771, n_ok: 1322)
  sample 1323:    10330  (running sum:  14116101, n_ok: 1323)
  sample 1324:    10431  (running sum:  14126532, n_ok: 1324)
  sample 1325:    10444  (running sum:  14136976, n_ok: 1325)
  sample 1326:    10508  (running sum:  14147484, n_ok: 1326)
  sample 1327:    10446  (running sum:  14157930, n_ok: 1327)
  sample 1328:    10515  (running sum:  14168445, n_ok: 1328)
  sample 1329:    10442  (running sum:  14178887, n_ok: 1329)
  sample 1330:    10432  (running sum:  14189319, n_ok: 1330)
  sample 1331:    10570  (running sum:  14199889, n_ok: 1331)
  sample 1332:    10674  (running sum:  14210563, n_ok: 1332)
  sample 1333:    10598  (running sum:  14221161, n_ok: 1333)
  sample 1334:    10657  (running sum:  14231818, n_ok: 1334)
  sample 1335:    10750  (running sum:  14242568, n_ok: 1335)
  sample 1336:    10598  (running sum:  14253166, n_ok: 1336)
  sample 1337:    10648  (running sum:  14263814, n_ok: 1337)
  sample 1338:    10758  (running sum:  14274572, n_ok: 1338)
  sample 1339:    10723  (running sum:  14285295, n_ok: 1339)
  sample 1340:    10722  (running sum:  14296017, n_ok: 1340)
  sample 1341:    10713  (running sum:  14306730, n_ok: 1341)
  sample 1342:    10678  (running sum:  14317408, n_ok: 1342)
  sample 1343:    10637  (running sum:  14328045, n_ok: 1343)
  sample 1344:    10603  (running sum:  14338648, n_ok: 1344)
  sample 1345:    10631  (running sum:  14349279, n_ok: 1345)
  sample 1346:    10658  (running sum:  14359937, n_ok: 1346)
  sample 1347:    10599  (running sum:  14370536, n_ok: 1347)
  sample 1348:    10613  (running sum:  14381149, n_ok: 1348)
  sample 1349:    10712  (running sum:  14391861, n_ok: 1349)
  sample 1350:    10700  (running sum:  14402561, n_ok: 1350)
  sample 1351:    10579  (running sum:  14413140, n_ok: 1351)
  sample 1352:    10705  (running sum:  14423845, n_ok: 1352)
  sample 1353:    10711  (running sum:  14434556, n_ok: 1353)
  sample 1354:    10604  (running sum:  14445160, n_ok: 1354)
  sample 1355:    10542  (running sum:  14455702, n_ok: 1355)
  sample 1356:    10569  (running sum:  14466271, n_ok: 1356)
  sample 1357:    10540  (running sum:  14476811, n_ok: 1357)
  sample 1358:    10701  (running sum:  14487512, n_ok: 1358)
  sample 1359:    10696  (running sum:  14498208, n_ok: 1359)
  sample 1360:    10790  (running sum:  14508998, n_ok: 1360)
  sample 1361:    10789  (running sum:  14519787, n_ok: 1361)
  sample 1362:    10831  (running sum:  14530618, n_ok: 1362)
  sample 1363:    10857  (running sum:  14541475, n_ok: 1363)
  sample 1364:    10831  (running sum:  14552306, n_ok: 1364)
  sample 1365:    10804  (running sum:  14563110, n_ok: 1365)
  sample 1366:    10849  (running sum:  14573959, n_ok: 1366)
  sample 1367:    10843  (running sum:  14584802, n_ok: 1367)
  sample 1368:    10873  (running sum:  14595675, n_ok: 1368)
  sample 1369:    10883  (running sum:  14606558, n_ok: 1369)
  sample 1370:    10952  (running sum:  14617510, n_ok: 1370)
  sample 1371:    11035  (running sum:  14628545, n_ok: 1371)
  sample 1372:    10982  (running sum:  14639527, n_ok: 1372)
  sample 1373:    10898  (running sum:  14650425, n_ok: 1373)
  sample 1374:    10964  (running sum:  14661389, n_ok: 1374)
  sample 1375:    10868  (running sum:  14672257, n_ok: 1375)
  sample 1376:    10864  (running sum:  14683121, n_ok: 1376)
  sample 1377:    10852  (running sum:  14693973, n_ok: 1377)
  sample 1378:    10888  (running sum:  14704861, n_ok: 1378)
  sample 1379:    10931  (running sum:  14715792, n_ok: 1379)
  sample 1380:    10649  (running sum:  14726441, n_ok: 1380)
  sample 1381:    10838  (running sum:  14737279, n_ok: 1381)
  sample 1382:    10771  (running sum:  14748050, n_ok: 1382)
  sample 1383:    10748  (running sum:  14758798, n_ok: 1383)
  sample 1384:    10694  (running sum:  14769492, n_ok: 1384)
  sample 1385:    10659  (running sum:  14780151, n_ok: 1385)
  sample 1386:    10672  (running sum:  14790823, n_ok: 1386)
  sample 1387:    10610  (running sum:  14801433, n_ok: 1387)
  sample 1388:    10447  (running sum:  14811880, n_ok: 1388)
  sample 1389:    10566  (running sum:  14822446, n_ok: 1389)
  sample 1390:    10486  (running sum:  14832932, n_ok: 1390)
  sample 1391:    10418  (running sum:  14843350, n_ok: 1391)
  sample 1392:    10372  (running sum:  14853722, n_ok: 1392)
  sample 1393:    10366  (running sum:  14864088, n_ok: 1393)
  sample 1394:    10285  (running sum:  14874373, n_ok: 1394)
  sample 1395:    10483  (running sum:  14884856, n_ok: 1395)
  sample 1396:    10271  (running sum:  14895127, n_ok: 1396)
  sample 1397:    10408  (running sum:  14905535, n_ok: 1397)
  sample 1398:    10347  (running sum:  14915882, n_ok: 1398)
  sample 1399:    10395  (running sum:  14926277, n_ok: 1399)
  sample 1400:    10459  (running sum:  14936736, n_ok: 1400)
  sample 1401:    10465  (running sum:  14947201, n_ok: 1401)
  sample 1402:    10416  (running sum:  14957617, n_ok: 1402)
  sample 1403:    10465  (running sum:  14968082, n_ok: 1403)
  sample 1404:    10520  (running sum:  14978602, n_ok: 1404)
  sample 1405:    10521  (running sum:  14989123, n_ok: 1405)
  sample 1406:    10512  (running sum:  14999635, n_ok: 1406)
  sample 1407:    10574  (running sum:  15010209, n_ok: 1407)
  sample 1408:    10638  (running sum:  15020847, n_ok: 1408)
  sample 1409:    10670  (running sum:  15031517, n_ok: 1409)
  sample 1410:    10527  (running sum:  15042044, n_ok: 1410)
  sample 1411:    10666  (running sum:  15052710, n_ok: 1411)
  sample 1412:    10617  (running sum:  15063327, n_ok: 1412)
  sample 1413:    10539  (running sum:  15073866, n_ok: 1413)
  sample 1414:    10544  (running sum:  15084410, n_ok: 1414)
  sample 1415:    10633  (running sum:  15095043, n_ok: 1415)
  sample 1416:    10629  (running sum:  15105672, n_ok: 1416)
  sample 1417:    10646  (running sum:  15116318, n_ok: 1417)
  sample 1418:    10596  (running sum:  15126914, n_ok: 1418)
  sample 1419:    10731  (running sum:  15137645, n_ok: 1419)
  sample 1420:    10540  (running sum:  15148185, n_ok: 1420)
  sample 1421:    10666  (running sum:  15158851, n_ok: 1421)
  sample 1422:    10762  (running sum:  15169613, n_ok: 1422)
  sample 1423:    10732  (running sum:  15180345, n_ok: 1423)
  sample 1424:    10678  (running sum:  15191023, n_ok: 1424)
  sample 1425:    10637  (running sum:  15201660, n_ok: 1425)
  sample 1426:    10652  (running sum:  15212312, n_ok: 1426)
  sample 1427:    10555  (running sum:  15222867, n_ok: 1427)
  sample 1428:    10623  (running sum:  15233490, n_ok: 1428)
  sample 1429:    10626  (running sum:  15244116, n_ok: 1429)
  sample 1430:    10529  (running sum:  15254645, n_ok: 1430)
  sample 1431:    10570  (running sum:  15265215, n_ok: 1431)
  sample 1432:    10612  (running sum:  15275827, n_ok: 1432)
  sample 1433:    10558  (running sum:  15286385, n_ok: 1433)
  sample 1434:    10688  (running sum:  15297073, n_ok: 1434)
  sample 1435:    10605  (running sum:  15307678, n_ok: 1435)
  sample 1436:    10609  (running sum:  15318287, n_ok: 1436)
  sample 1437:    10624  (running sum:  15328911, n_ok: 1437)
  sample 1438:    10799  (running sum:  15339710, n_ok: 1438)
  sample 1439:    10669  (running sum:  15350379, n_ok: 1439)
  sample 1440:    10570  (running sum:  15360949, n_ok: 1440)
  sample 1441:    10638  (running sum:  15371587, n_ok: 1441)
  sample 1442:    10577  (running sum:  15382164, n_ok: 1442)
  sample 1443:    10648  (running sum:  15392812, n_ok: 1443)
  sample 1444:    10827  (running sum:  15403639, n_ok: 1444)
  sample 1445:    10749  (running sum:  15414388, n_ok: 1445)
  sample 1446:    10760  (running sum:  15425148, n_ok: 1446)
  sample 1447:    10810  (running sum:  15435958, n_ok: 1447)
  sample 1448:    10837  (running sum:  15446795, n_ok: 1448)
  sample 1449:    10841  (running sum:  15457636, n_ok: 1449)
  sample 1450:    10845  (running sum:  15468481, n_ok: 1450)
  sample 1451:    10835  (running sum:  15479316, n_ok: 1451)
  sample 1452:    10929  (running sum:  15490245, n_ok: 1452)
  sample 1453:    10826  (running sum:  15501071, n_ok: 1453)
  sample 1454:    10873  (running sum:  15511944, n_ok: 1454)
  sample 1455:    10838  (running sum:  15522782, n_ok: 1455)
  sample 1456:    10815  (running sum:  15533597, n_ok: 1456)
  sample 1457:    10895  (running sum:  15544492, n_ok: 1457)
  sample 1458:    10888  (running sum:  15555380, n_ok: 1458)
  sample 1459:    10926  (running sum:  15566306, n_ok: 1459)
  sample 1460:    11005  (running sum:  15577311, n_ok: 1460)
  sample 1461:    10973  (running sum:  15588284, n_ok: 1461)
  sample 1462:    10959  (running sum:  15599243, n_ok: 1462)
  sample 1463:    10918  (running sum:  15610161, n_ok: 1463)
  sample 1464:    10951  (running sum:  15621112, n_ok: 1464)
  sample 1465:    10850  (running sum:  15631962, n_ok: 1465)
  sample 1466:    10956  (running sum:  15642918, n_ok: 1466)
  sample 1467:    10883  (running sum:  15653801, n_ok: 1467)
  sample 1468:    10819  (running sum:  15664620, n_ok: 1468)
  sample 1469:    10836  (running sum:  15675456, n_ok: 1469)
  sample 1470:    10951  (running sum:  15686407, n_ok: 1470)
  sample 1471:    10901  (running sum:  15697308, n_ok: 1471)
  sample 1472:    10826  (running sum:  15708134, n_ok: 1472)
  sample 1473:    10943  (running sum:  15719077, n_ok: 1473)
  sample 1474:    10959  (running sum:  15730036, n_ok: 1474)
  sample 1475:    10925  (running sum:  15740961, n_ok: 1475)
  sample 1476:    10930  (running sum:  15751891, n_ok: 1476)
  sample 1477:    10884  (running sum:  15762775, n_ok: 1477)
  sample 1478:    10849  (running sum:  15773624, n_ok: 1478)
  sample 1479:    10865  (running sum:  15784489, n_ok: 1479)
  sample 1480:    10883  (running sum:  15795372, n_ok: 1480)
  sample 1481:    10899  (running sum:  15806271, n_ok: 1481)
  sample 1482:    10830  (running sum:  15817101, n_ok: 1482)
  sample 1483:    10809  (running sum:  15827910, n_ok: 1483)
  sample 1484:    10753  (running sum:  15838663, n_ok: 1484)
  sample 1485:    10858  (running sum:  15849521, n_ok: 1485)
  sample 1486:    10802  (running sum:  15860323, n_ok: 1486)
  sample 1487:    10951  (running sum:  15871274, n_ok: 1487)
  sample 1488:    10776  (running sum:  15882050, n_ok: 1488)
  sample 1489:    10720  (running sum:  15892770, n_ok: 1489)
  sample 1490:    10729  (running sum:  15903499, n_ok: 1490)
  sample 1491:    10855  (running sum:  15914354, n_ok: 1491)
  sample 1492:    10756  (running sum:  15925110, n_ok: 1492)
  sample 1493:    10716  (running sum:  15935826, n_ok: 1493)
  sample 1494:    10739  (running sum:  15946565, n_ok: 1494)
  sample 1495:    10760  (running sum:  15957325, n_ok: 1495)
  sample 1496:    10722  (running sum:  15968047, n_ok: 1496)
  sample 1497:    10855  (running sum:  15978902, n_ok: 1497)
  sample 1498:    10776  (running sum:  15989678, n_ok: 1498)
  sample 1499:    10763  (running sum:  16000441, n_ok: 1499)
  sample 1500:    10674  (running sum:  16011115, n_ok: 1500)
  sample 1501:    10810  (running sum:  16021925, n_ok: 1501)
  sample 1502:    10815  (running sum:  16032740, n_ok: 1502)
  sample 1503:    10836  (running sum:  16043576, n_ok: 1503)
  sample 1504:    10797  (running sum:  16054373, n_ok: 1504)
  sample 1505:    10807  (running sum:  16065180, n_ok: 1505)
  sample 1506:    10808  (running sum:  16075988, n_ok: 1506)
  sample 1507:    10831  (running sum:  16086819, n_ok: 1507)
  sample 1508:    10677  (running sum:  16097496, n_ok: 1508)
  sample 1509:    10793  (running sum:  16108289, n_ok: 1509)
  sample 1510:    10725  (running sum:  16119014, n_ok: 1510)
  sample 1511:    10812  (running sum:  16129826, n_ok: 1511)
  sample 1512:    10731  (running sum:  16140557, n_ok: 1512)
  sample 1513:    10814  (running sum:  16151371, n_ok: 1513)
  sample 1514:    10772  (running sum:  16162143, n_ok: 1514)
  sample 1515:    10782  (running sum:  16172925, n_ok: 1515)
  sample 1516:    10704  (running sum:  16183629, n_ok: 1516)
  sample 1517:    10700  (running sum:  16194329, n_ok: 1517)
  sample 1518:    10668  (running sum:  16204997, n_ok: 1518)
  sample 1519:    10742  (running sum:  16215739, n_ok: 1519)
  sample 1520:    10600  (running sum:  16226339, n_ok: 1520)
  sample 1521:    10787  (running sum:  16237126, n_ok: 1521)
  sample 1522:    10701  (running sum:  16247827, n_ok: 1522)
  sample 1523:    10679  (running sum:  16258506, n_ok: 1523)
  sample 1524:    10590  (running sum:  16269096, n_ok: 1524)
  sample 1525:    10545  (running sum:  16279641, n_ok: 1525)
  sample 1526:    10596  (running sum:  16290237, n_ok: 1526)
  sample 1527:    10575  (running sum:  16300812, n_ok: 1527)
  sample 1528:    10546  (running sum:  16311358, n_ok: 1528)
  sample 1529:    10619  (running sum:  16321977, n_ok: 1529)
  sample 1530:    10541  (running sum:  16332518, n_ok: 1530)
  sample 1531:    10549  (running sum:  16343067, n_ok: 1531)
  sample 1532:    10635  (running sum:  16353702, n_ok: 1532)
  sample 1533:    10486  (running sum:  16364188, n_ok: 1533)
  sample 1534:    10482  (running sum:  16374670, n_ok: 1534)
  sample 1535:    10495  (running sum:  16385165, n_ok: 1535)
  sample 1536:    10426  (running sum:  16395591, n_ok: 1536)
  sample 1537:    10443  (running sum:  16406034, n_ok: 1537)
  sample 1538:    10493  (running sum:  16416527, n_ok: 1538)
  sample 1539:    10386  (running sum:  16426913, n_ok: 1539)
  sample 1540:    10376  (running sum:  16437289, n_ok: 1540)
  sample 1541:    10424  (running sum:  16447713, n_ok: 1541)
  sample 1542:    10409  (running sum:  16458122, n_ok: 1542)
  sample 1543:    10436  (running sum:  16468558, n_ok: 1543)
  sample 1544:    10491  (running sum:  16479049, n_ok: 1544)
  sample 1545:    10464  (running sum:  16489513, n_ok: 1545)
  sample 1546:    10407  (running sum:  16499920, n_ok: 1546)
  sample 1547:    10289  (running sum:  16510209, n_ok: 1547)
  sample 1548:    10507  (running sum:  16520716, n_ok: 1548)
  sample 1549:    10535  (running sum:  16531251, n_ok: 1549)
  sample 1550:    10494  (running sum:  16541745, n_ok: 1550)
  sample 1551:    10538  (running sum:  16552283, n_ok: 1551)
  sample 1552:    10626  (running sum:  16562909, n_ok: 1552)
  sample 1553:    10503  (running sum:  16573412, n_ok: 1553)
  sample 1554:    10653  (running sum:  16584065, n_ok: 1554)
  sample 1555:    10671  (running sum:  16594736, n_ok: 1555)
  sample 1556:    10622  (running sum:  16605358, n_ok: 1556)
  sample 1557:    10675  (running sum:  16616033, n_ok: 1557)
  sample 1558:    10637  (running sum:  16626670, n_ok: 1558)
  sample 1559:    10583  (running sum:  16637253, n_ok: 1559)
  sample 1560:    10595  (running sum:  16647848, n_ok: 1560)
  sample 1561:    10721  (running sum:  16658569, n_ok: 1561)
  sample 1562:    10696  (running sum:  16669265, n_ok: 1562)
  sample 1563:    10770  (running sum:  16680035, n_ok: 1563)
  sample 1564:    10776  (running sum:  16690811, n_ok: 1564)
  sample 1565:    10804  (running sum:  16701615, n_ok: 1565)
  sample 1566:    10834  (running sum:  16712449, n_ok: 1566)
  sample 1567:    10855  (running sum:  16723304, n_ok: 1567)
  sample 1568:    10790  (running sum:  16734094, n_ok: 1568)
  sample 1569:    10781  (running sum:  16744875, n_ok: 1569)
  sample 1570:    10789  (running sum:  16755664, n_ok: 1570)
  sample 1571:    10851  (running sum:  16766515, n_ok: 1571)
  sample 1572:    10883  (running sum:  16777398, n_ok: 1572)
  sample 1573:    10852  (running sum:  16788250, n_ok: 1573)
  sample 1574:    10918  (running sum:  16799168, n_ok: 1574)
  sample 1575:    10839  (running sum:  16810007, n_ok: 1575)
  sample 1576:    10856  (running sum:  16820863, n_ok: 1576)
  sample 1577:    10904  (running sum:  16831767, n_ok: 1577)
  sample 1578:    10849  (running sum:  16842616, n_ok: 1578)
  sample 1579:    10849  (running sum:  16853465, n_ok: 1579)
  sample 1580:    10804  (running sum:  16864269, n_ok: 1580)
  sample 1581:    10752  (running sum:  16875021, n_ok: 1581)
  sample 1582:    10912  (running sum:  16885933, n_ok: 1582)
  sample 1583:    10811  (running sum:  16896744, n_ok: 1583)
  sample 1584:    10832  (running sum:  16907576, n_ok: 1584)
  sample 1585:    10778  (running sum:  16918354, n_ok: 1585)
  sample 1586:    10921  (running sum:  16929275, n_ok: 1586)
  sample 1587:    10874  (running sum:  16940149, n_ok: 1587)
  sample 1588:    10781  (running sum:  16950930, n_ok: 1588)
  sample 1589:    10759  (running sum:  16961689, n_ok: 1589)
  sample 1590:    10774  (running sum:  16972463, n_ok: 1590)
  sample 1591:    10781  (running sum:  16983244, n_ok: 1591)
  sample 1592:    10754  (running sum:  16993998, n_ok: 1592)
  sample 1593:    10756  (running sum:  17004754, n_ok: 1593)
  sample 1594:    10800  (running sum:  17015554, n_ok: 1594)
  sample 1595:    10750  (running sum:  17026304, n_ok: 1595)
  sample 1596:    10830  (running sum:  17037134, n_ok: 1596)
  sample 1597:    10741  (running sum:  17047875, n_ok: 1597)
  sample 1598:    10759  (running sum:  17058634, n_ok: 1598)
  sample 1599:    10810  (running sum:  17069444, n_ok: 1599)
  sample 1600:    10699  (running sum:  17080143, n_ok: 1600)
  sample 1601:    10802  (running sum:  17090945, n_ok: 1601)
  sample 1602:    10794  (running sum:  17101739, n_ok: 1602)
  sample 1603:    10670  (running sum:  17112409, n_ok: 1603)
  sample 1604:    10731  (running sum:  17123140, n_ok: 1604)
  sample 1605:    10601  (running sum:  17133741, n_ok: 1605)
  sample 1606:    10600  (running sum:  17144341, n_ok: 1606)
  sample 1607:    10716  (running sum:  17155057, n_ok: 1607)
  sample 1608:    10713  (running sum:  17165770, n_ok: 1608)
  sample 1609:    10673  (running sum:  17176443, n_ok: 1609)
  sample 1610:    10612  (running sum:  17187055, n_ok: 1610)
  sample 1611:    10658  (running sum:  17197713, n_ok: 1611)
  sample 1612:    10585  (running sum:  17208298, n_ok: 1612)
  sample 1613:    10649  (running sum:  17218947, n_ok: 1613)
  sample 1614:    10615  (running sum:  17229562, n_ok: 1614)
  sample 1615:    10504  (running sum:  17240066, n_ok: 1615)
  sample 1616:    10434  (running sum:  17250500, n_ok: 1616)
  sample 1617:    10525  (running sum:  17261025, n_ok: 1617)
  sample 1618:    10502  (running sum:  17271527, n_ok: 1618)
  sample 1619:    10476  (running sum:  17282003, n_ok: 1619)
  sample 1620:    10481  (running sum:  17292484, n_ok: 1620)
  sample 1621:    10511  (running sum:  17302995, n_ok: 1621)
  sample 1622:    10411  (running sum:  17313406, n_ok: 1622)
  sample 1623:    10467  (running sum:  17323873, n_ok: 1623)
  sample 1624:    10560  (running sum:  17334433, n_ok: 1624)
  sample 1625:    10515  (running sum:  17344948, n_ok: 1625)
  sample 1626:    10496  (running sum:  17355444, n_ok: 1626)
  sample 1627:    10494  (running sum:  17365938, n_ok: 1627)
  sample 1628:    10424  (running sum:  17376362, n_ok: 1628)
  sample 1629:    10525  (running sum:  17386887, n_ok: 1629)
  sample 1630:    10478  (running sum:  17397365, n_ok: 1630)
  sample 1631:    10479  (running sum:  17407844, n_ok: 1631)
  sample 1632:    10495  (running sum:  17418339, n_ok: 1632)
  sample 1633:    10520  (running sum:  17428859, n_ok: 1633)
  sample 1634:    10512  (running sum:  17439371, n_ok: 1634)
  sample 1635:    10498  (running sum:  17449869, n_ok: 1635)
  sample 1636:    10561  (running sum:  17460430, n_ok: 1636)
  sample 1637:    10600  (running sum:  17471030, n_ok: 1637)
  sample 1638:    10592  (running sum:  17481622, n_ok: 1638)
  sample 1639:    10516  (running sum:  17492138, n_ok: 1639)
  sample 1640:    10555  (running sum:  17502693, n_ok: 1640)
  sample 1641:    10598  (running sum:  17513291, n_ok: 1641)
  sample 1642:    10533  (running sum:  17523824, n_ok: 1642)
  sample 1643:    10564  (running sum:  17534388, n_ok: 1643)
  sample 1644:    10569  (running sum:  17544957, n_ok: 1644)
  sample 1645:    10609  (running sum:  17555566, n_ok: 1645)
  sample 1646:    10389  (running sum:  17565955, n_ok: 1646)
  sample 1647:    10553  (running sum:  17576508, n_ok: 1647)
  sample 1648:    10663  (running sum:  17587171, n_ok: 1648)
  sample 1649:    10517  (running sum:  17597688, n_ok: 1649)
  sample 1650:    10502  (running sum:  17608190, n_ok: 1650)
  sample 1651:    10491  (running sum:  17618681, n_ok: 1651)
  sample 1652:    10523  (running sum:  17629204, n_ok: 1652)
  sample 1653:    10589  (running sum:  17639793, n_ok: 1653)
  sample 1654:    10502  (running sum:  17650295, n_ok: 1654)
  sample 1655:    10522  (running sum:  17660817, n_ok: 1655)
  sample 1656:    10697  (running sum:  17671514, n_ok: 1656)
  sample 1657:    10540  (running sum:  17682054, n_ok: 1657)
  sample 1658:    10600  (running sum:  17692654, n_ok: 1658)
  sample 1659:    10626  (running sum:  17703280, n_ok: 1659)
  sample 1660:    10521  (running sum:  17713801, n_ok: 1660)
  sample 1661:    10563  (running sum:  17724364, n_ok: 1661)
  sample 1662:    10627  (running sum:  17734991, n_ok: 1662)
  sample 1663:    10636  (running sum:  17745627, n_ok: 1663)
  sample 1664:    10682  (running sum:  17756309, n_ok: 1664)
  sample 1665:    10702  (running sum:  17767011, n_ok: 1665)
  sample 1666:    10763  (running sum:  17777774, n_ok: 1666)
  sample 1667:    10697  (running sum:  17788471, n_ok: 1667)
  sample 1668:    10676  (running sum:  17799147, n_ok: 1668)
  sample 1669:    10730  (running sum:  17809877, n_ok: 1669)
  sample 1670:    10762  (running sum:  17820639, n_ok: 1670)
  sample 1671:    10774  (running sum:  17831413, n_ok: 1671)
  sample 1672:    10781  (running sum:  17842194, n_ok: 1672)
  sample 1673:    10769  (running sum:  17852963, n_ok: 1673)
  sample 1674:    10859  (running sum:  17863822, n_ok: 1674)
  sample 1675:    10871  (running sum:  17874693, n_ok: 1675)
  sample 1676:    10909  (running sum:  17885602, n_ok: 1676)
  sample 1677:    10888  (running sum:  17896490, n_ok: 1677)
  sample 1678:    10880  (running sum:  17907370, n_ok: 1678)
  sample 1679:    10869  (running sum:  17918239, n_ok: 1679)
  sample 1680:    10862  (running sum:  17929101, n_ok: 1680)
  sample 1681:    10826  (running sum:  17939927, n_ok: 1681)
  sample 1682:    10938  (running sum:  17950865, n_ok: 1682)
  sample 1683:    10863  (running sum:  17961728, n_ok: 1683)
  sample 1684:    10881  (running sum:  17972609, n_ok: 1684)
  sample 1685:    10860  (running sum:  17983469, n_ok: 1685)
  sample 1686:    10868  (running sum:  17994337, n_ok: 1686)
  sample 1687:    10930  (running sum:  18005267, n_ok: 1687)
  sample 1688:    10911  (running sum:  18016178, n_ok: 1688)
  sample 1689:    10910  (running sum:  18027088, n_ok: 1689)
  sample 1690:    10813  (running sum:  18037901, n_ok: 1690)
  sample 1691:    10778  (running sum:  18048679, n_ok: 1691)
  sample 1692:    10912  (running sum:  18059591, n_ok: 1692)
  sample 1693:    10833  (running sum:  18070424, n_ok: 1693)
  sample 1694:    10983  (running sum:  18081407, n_ok: 1694)
  sample 1695:    10892  (running sum:  18092299, n_ok: 1695)
  sample 1696:    10837  (running sum:  18103136, n_ok: 1696)
  sample 1697:    10819  (running sum:  18113955, n_ok: 1697)
  sample 1698:    10847  (running sum:  18124802, n_ok: 1698)
  sample 1699:    10806  (running sum:  18135608, n_ok: 1699)
  sample 1700:    10871  (running sum:  18146479, n_ok: 1700)
  sample 1701:    10928  (running sum:  18157407, n_ok: 1701)
  sample 1702:    10923  (running sum:  18168330, n_ok: 1702)
  sample 1703:    10844  (running sum:  18179174, n_ok: 1703)
  sample 1704:    10799  (running sum:  18189973, n_ok: 1704)
  sample 1705:    10861  (running sum:  18200834, n_ok: 1705)
  sample 1706:    10831  (running sum:  18211665, n_ok: 1706)
  sample 1707:    10938  (running sum:  18222603, n_ok: 1707)
  sample 1708:    10847  (running sum:  18233450, n_ok: 1708)
  sample 1709:    10845  (running sum:  18244295, n_ok: 1709)
  sample 1710:    10892  (running sum:  18255187, n_ok: 1710)
  sample 1711:    10727  (running sum:  18265914, n_ok: 1711)
  sample 1712:    10833  (running sum:  18276747, n_ok: 1712)
  sample 1713:    10789  (running sum:  18287536, n_ok: 1713)
  sample 1714:    10719  (running sum:  18298255, n_ok: 1714)
  sample 1715:    10687  (running sum:  18308942, n_ok: 1715)
  sample 1716:    10739  (running sum:  18319681, n_ok: 1716)
  sample 1717:    10649  (running sum:  18330330, n_ok: 1717)
  sample 1718:    10797  (running sum:  18341127, n_ok: 1718)
  sample 1719:    10667  (running sum:  18351794, n_ok: 1719)
  sample 1720:    10706  (running sum:  18362500, n_ok: 1720)
  sample 1721:    10575  (running sum:  18373075, n_ok: 1721)
  sample 1722:    10729  (running sum:  18383804, n_ok: 1722)
  sample 1723:    10589  (running sum:  18394393, n_ok: 1723)
  sample 1724:    10598  (running sum:  18404991, n_ok: 1724)
  sample 1725:    10681  (running sum:  18415672, n_ok: 1725)
  sample 1726:    10604  (running sum:  18426276, n_ok: 1726)
  sample 1727:    10484  (running sum:  18436760, n_ok: 1727)
  sample 1728:    10603  (running sum:  18447363, n_ok: 1728)
  sample 1729:    10615  (running sum:  18457978, n_ok: 1729)
  sample 1730:    10607  (running sum:  18468585, n_ok: 1730)
  sample 1731:    10601  (running sum:  18479186, n_ok: 1731)
  sample 1732:    10659  (running sum:  18489845, n_ok: 1732)
  sample 1733:    10658  (running sum:  18500503, n_ok: 1733)
  sample 1734:    10632  (running sum:  18511135, n_ok: 1734)
  sample 1735:    10615  (running sum:  18521750, n_ok: 1735)
  sample 1736:    10644  (running sum:  18532394, n_ok: 1736)
  sample 1737:    10631  (running sum:  18543025, n_ok: 1737)
  sample 1738:    10650  (running sum:  18553675, n_ok: 1738)
  sample 1739:    10779  (running sum:  18564454, n_ok: 1739)
  sample 1740:    10820  (running sum:  18575274, n_ok: 1740)
  sample 1741:    10795  (running sum:  18586069, n_ok: 1741)
  sample 1742:    10701  (running sum:  18596770, n_ok: 1742)
  sample 1743:    10725  (running sum:  18607495, n_ok: 1743)
  sample 1744:    10820  (running sum:  18618315, n_ok: 1744)
  sample 1745:    10726  (running sum:  18629041, n_ok: 1745)
  sample 1746:    10702  (running sum:  18639743, n_ok: 1746)
  sample 1747:    10671  (running sum:  18650414, n_ok: 1747)
  sample 1748:    10778  (running sum:  18661192, n_ok: 1748)
  sample 1749:    10834  (running sum:  18672026, n_ok: 1749)
  sample 1750:    10634  (running sum:  18682660, n_ok: 1750)
  sample 1751:    10817  (running sum:  18693477, n_ok: 1751)
  sample 1752:    10697  (running sum:  18704174, n_ok: 1752)
  sample 1753:    10719  (running sum:  18714893, n_ok: 1753)
  sample 1754:    10735  (running sum:  18725628, n_ok: 1754)
  sample 1755:    10770  (running sum:  18736398, n_ok: 1755)
  sample 1756:    10702  (running sum:  18747100, n_ok: 1756)
  sample 1757:    10576  (running sum:  18757676, n_ok: 1757)
  sample 1758:    10616  (running sum:  18768292, n_ok: 1758)
  sample 1759:    10732  (running sum:  18779024, n_ok: 1759)
  sample 1760:    10723  (running sum:  18789747, n_ok: 1760)
  sample 1761:    10756  (running sum:  18800503, n_ok: 1761)
  sample 1762:    10741  (running sum:  18811244, n_ok: 1762)
  sample 1763:    10617  (running sum:  18821861, n_ok: 1763)
  sample 1764:    10664  (running sum:  18832525, n_ok: 1764)
  sample 1765:    10538  (running sum:  18843063, n_ok: 1765)
  sample 1766:    10600  (running sum:  18853663, n_ok: 1766)
  sample 1767:    10606  (running sum:  18864269, n_ok: 1767)
  sample 1768:    10597  (running sum:  18874866, n_ok: 1768)
  sample 1769:    10574  (running sum:  18885440, n_ok: 1769)
  sample 1770:    10522  (running sum:  18895962, n_ok: 1770)
  sample 1771:    10577  (running sum:  18906539, n_ok: 1771)
  sample 1772:    10570  (running sum:  18917109, n_ok: 1772)
  sample 1773:    10637  (running sum:  18927746, n_ok: 1773)
  sample 1774:    10658  (running sum:  18938404, n_ok: 1774)
  sample 1775:    10618  (running sum:  18949022, n_ok: 1775)
  sample 1776:    10657  (running sum:  18959679, n_ok: 1776)
  sample 1777:    10735  (running sum:  18970414, n_ok: 1777)
  sample 1778:    10712  (running sum:  18981126, n_ok: 1778)
  sample 1779:    10641  (running sum:  18991767, n_ok: 1779)
  sample 1780:    10748  (running sum:  19002515, n_ok: 1780)
  sample 1781:    10678  (running sum:  19013193, n_ok: 1781)
  sample 1782:    10596  (running sum:  19023789, n_ok: 1782)
  sample 1783:    10702  (running sum:  19034491, n_ok: 1783)
  sample 1784:    10677  (running sum:  19045168, n_ok: 1784)
  sample 1785:    10766  (running sum:  19055934, n_ok: 1785)
  sample 1786:    10747  (running sum:  19066681, n_ok: 1786)
  sample 1787:    10771  (running sum:  19077452, n_ok: 1787)
  sample 1788:    10839  (running sum:  19088291, n_ok: 1788)
  sample 1789:    10797  (running sum:  19099088, n_ok: 1789)
  sample 1790:    10855  (running sum:  19109943, n_ok: 1790)
  sample 1791:    10821  (running sum:  19120764, n_ok: 1791)
  sample 1792:    10811  (running sum:  19131575, n_ok: 1792)
  sample 1793:    10704  (running sum:  19142279, n_ok: 1793)
  sample 1794:    10811  (running sum:  19153090, n_ok: 1794)
  sample 1795:    10891  (running sum:  19163981, n_ok: 1795)
  sample 1796:    10966  (running sum:  19174947, n_ok: 1796)
  sample 1797:    10915  (running sum:  19185862, n_ok: 1797)
  sample 1798:    11051  (running sum:  19196913, n_ok: 1798)
  sample 1799:    10909  (running sum:  19207822, n_ok: 1799)
  sample 1800:    11029  (running sum:  19218851, n_ok: 1800)
  sample 1801:    11032  (running sum:  19229883, n_ok: 1801)
  sample 1802:    10942  (running sum:  19240825, n_ok: 1802)
  sample 1803:    10939  (running sum:  19251764, n_ok: 1803)
  sample 1804:    10997  (running sum:  19262761, n_ok: 1804)
  sample 1805:    10916  (running sum:  19273677, n_ok: 1805)
  sample 1806:    10934  (running sum:  19284611, n_ok: 1806)
  sample 1807:    10939  (running sum:  19295550, n_ok: 1807)
  sample 1808:    10857  (running sum:  19306407, n_ok: 1808)
  sample 1809:    10909  (running sum:  19317316, n_ok: 1809)
  sample 1810:    10941  (running sum:  19328257, n_ok: 1810)
  sample 1811:    10924  (running sum:  19339181, n_ok: 1811)
  sample 1812:    10947  (running sum:  19350128, n_ok: 1812)
  sample 1813:    10949  (running sum:  19361077, n_ok: 1813)
  sample 1814:    11035  (running sum:  19372112, n_ok: 1814)
  sample 1815:    10995  (running sum:  19383107, n_ok: 1815)
  sample 1816:    10867  (running sum:  19393974, n_ok: 1816)
  sample 1817:    10873  (running sum:  19404847, n_ok: 1817)
  sample 1818:    10801  (running sum:  19415648, n_ok: 1818)
  sample 1819:    10785  (running sum:  19426433, n_ok: 1819)
  sample 1820:    10794  (running sum:  19437227, n_ok: 1820)
  sample 1821:    10802  (running sum:  19448029, n_ok: 1821)
  sample 1822:    10801  (running sum:  19458830, n_ok: 1822)
  sample 1823:    10831  (running sum:  19469661, n_ok: 1823)
  sample 1824:    10771  (running sum:  19480432, n_ok: 1824)
  sample 1825:    10729  (running sum:  19491161, n_ok: 1825)
  sample 1826:    10739  (running sum:  19501900, n_ok: 1826)
  sample 1827:    10584  (running sum:  19512484, n_ok: 1827)
  sample 1828:    10599  (running sum:  19523083, n_ok: 1828)
  sample 1829:    10714  (running sum:  19533797, n_ok: 1829)
  sample 1830:    10740  (running sum:  19544537, n_ok: 1830)
  sample 1831:    10692  (running sum:  19555229, n_ok: 1831)
  sample 1832:    10509  (running sum:  19565738, n_ok: 1832)
  sample 1833:    10551  (running sum:  19576289, n_ok: 1833)
  sample 1834:    10435  (running sum:  19586724, n_ok: 1834)
  sample 1835:    10517  (running sum:  19597241, n_ok: 1835)
  sample 1836:    10594  (running sum:  19607835, n_ok: 1836)
  sample 1837:    10501  (running sum:  19618336, n_ok: 1837)
  sample 1838:    10541  (running sum:  19628877, n_ok: 1838)
  sample 1839:    10577  (running sum:  19639454, n_ok: 1839)
  sample 1840:    10616  (running sum:  19650070, n_ok: 1840)
  sample 1841:    10600  (running sum:  19660670, n_ok: 1841)
  sample 1842:    10481  (running sum:  19671151, n_ok: 1842)
  sample 1843:    10572  (running sum:  19681723, n_ok: 1843)
  sample 1844:    10469  (running sum:  19692192, n_ok: 1844)
  sample 1845:    10449  (running sum:  19702641, n_ok: 1845)
  sample 1846:    10438  (running sum:  19713079, n_ok: 1846)
  sample 1847:    10523  (running sum:  19723602, n_ok: 1847)
  sample 1848:    10391  (running sum:  19733993, n_ok: 1848)
  sample 1849:    10404  (running sum:  19744397, n_ok: 1849)
  sample 1850:    10485  (running sum:  19754882, n_ok: 1850)
  sample 1851:    10449  (running sum:  19765331, n_ok: 1851)
  sample 1852:    10555  (running sum:  19775886, n_ok: 1852)
  sample 1853:    10497  (running sum:  19786383, n_ok: 1853)
  sample 1854:    10497  (running sum:  19796880, n_ok: 1854)
  sample 1855:    10599  (running sum:  19807479, n_ok: 1855)
  sample 1856:    10478  (running sum:  19817957, n_ok: 1856)
  sample 1857:    10377  (running sum:  19828334, n_ok: 1857)
  sample 1858:    10431  (running sum:  19838765, n_ok: 1858)
  sample 1859:    10484  (running sum:  19849249, n_ok: 1859)
  sample 1860:    10524  (running sum:  19859773, n_ok: 1860)
  sample 1861:    10446  (running sum:  19870219, n_ok: 1861)
  sample 1862:    10488  (running sum:  19880707, n_ok: 1862)
  sample 1863:    10476  (running sum:  19891183, n_ok: 1863)
  sample 1864:    10441  (running sum:  19901624, n_ok: 1864)
  sample 1865:    10595  (running sum:  19912219, n_ok: 1865)
  sample 1866:    10640  (running sum:  19922859, n_ok: 1866)
  sample 1867:    10544  (running sum:  19933403, n_ok: 1867)
  sample 1868:    10553  (running sum:  19943956, n_ok: 1868)
  sample 1869:    10480  (running sum:  19954436, n_ok: 1869)
  sample 1870:    10571  (running sum:  19965007, n_ok: 1870)
  sample 1871:    10575  (running sum:  19975582, n_ok: 1871)
  sample 1872:    10567  (running sum:  19986149, n_ok: 1872)
  sample 1873:    10629  (running sum:  19996778, n_ok: 1873)
  sample 1874:    10638  (running sum:  20007416, n_ok: 1874)
  sample 1875:    10670  (running sum:  20018086, n_ok: 1875)
  sample 1876:    10566  (running sum:  20028652, n_ok: 1876)
  sample 1877:    10636  (running sum:  20039288, n_ok: 1877)
  sample 1878:    10622  (running sum:  20049910, n_ok: 1878)
  sample 1879:    10709  (running sum:  20060619, n_ok: 1879)
  sample 1880:    10695  (running sum:  20071314, n_ok: 1880)
  sample 1881:    10758  (running sum:  20082072, n_ok: 1881)
  sample 1882:    10788  (running sum:  20092860, n_ok: 1882)
  sample 1883:    10664  (running sum:  20103524, n_ok: 1883)
  sample 1884:    10690  (running sum:  20114214, n_ok: 1884)
  sample 1885:    10875  (running sum:  20125089, n_ok: 1885)
  sample 1886:    10777  (running sum:  20135866, n_ok: 1886)
  sample 1887:    10771  (running sum:  20146637, n_ok: 1887)
  sample 1888:    10819  (running sum:  20157456, n_ok: 1888)
  sample 1889:    10834  (running sum:  20168290, n_ok: 1889)
  sample 1890:    10834  (running sum:  20179124, n_ok: 1890)
  sample 1891:    10884  (running sum:  20190008, n_ok: 1891)
  sample 1892:    10866  (running sum:  20200874, n_ok: 1892)
  sample 1893:    10735  (running sum:  20211609, n_ok: 1893)
  sample 1894:    10847  (running sum:  20222456, n_ok: 1894)
  sample 1895:    10853  (running sum:  20233309, n_ok: 1895)
  sample 1896:    10876  (running sum:  20244185, n_ok: 1896)
  sample 1897:    10908  (running sum:  20255093, n_ok: 1897)
  sample 1898:    10958  (running sum:  20266051, n_ok: 1898)
  sample 1899:    10937  (running sum:  20276988, n_ok: 1899)
  sample 1900:    10891  (running sum:  20287879, n_ok: 1900)
  sample 1901:    10812  (running sum:  20298691, n_ok: 1901)
  sample 1902:    10904  (running sum:  20309595, n_ok: 1902)
  sample 1903:    10898  (running sum:  20320493, n_ok: 1903)
  sample 1904:    10799  (running sum:  20331292, n_ok: 1904)
  sample 1905:    10861  (running sum:  20342153, n_ok: 1905)
  sample 1906:    10814  (running sum:  20352967, n_ok: 1906)
  sample 1907:    10806  (running sum:  20363773, n_ok: 1907)
  sample 1908:    10914  (running sum:  20374687, n_ok: 1908)
  sample 1909:    10910  (running sum:  20385597, n_ok: 1909)
  sample 1910:    10920  (running sum:  20396517, n_ok: 1910)
  sample 1911:    10894  (running sum:  20407411, n_ok: 1911)
  sample 1912:    10781  (running sum:  20418192, n_ok: 1912)
  sample 1913:    10874  (running sum:  20429066, n_ok: 1913)
  sample 1914:    10821  (running sum:  20439887, n_ok: 1914)
  sample 1915:    10732  (running sum:  20450619, n_ok: 1915)
  sample 1916:    10715  (running sum:  20461334, n_ok: 1916)
  sample 1917:    10729  (running sum:  20472063, n_ok: 1917)
  sample 1918:    10636  (running sum:  20482699, n_ok: 1918)
  sample 1919:    10678  (running sum:  20493377, n_ok: 1919)
  sample 1920:    10632  (running sum:  20504009, n_ok: 1920)
  sample 1921:    10706  (running sum:  20514715, n_ok: 1921)
  sample 1922:    10646  (running sum:  20525361, n_ok: 1922)
  sample 1923:    10644  (running sum:  20536005, n_ok: 1923)
  sample 1924:    10745  (running sum:  20546750, n_ok: 1924)
  sample 1925:    10616  (running sum:  20557366, n_ok: 1925)
  sample 1926:    10566  (running sum:  20567932, n_ok: 1926)
  sample 1927:    10647  (running sum:  20578579, n_ok: 1927)
  sample 1928:    10657  (running sum:  20589236, n_ok: 1928)
  sample 1929:    10680  (running sum:  20599916, n_ok: 1929)
  sample 1930:    10661  (running sum:  20610577, n_ok: 1930)
  sample 1931:    10754  (running sum:  20621331, n_ok: 1931)
  sample 1932:    10723  (running sum:  20632054, n_ok: 1932)
  sample 1933:    10682  (running sum:  20642736, n_ok: 1933)
  sample 1934:    10781  (running sum:  20653517, n_ok: 1934)
  sample 1935:    10671  (running sum:  20664188, n_ok: 1935)
  sample 1936:    10730  (running sum:  20674918, n_ok: 1936)
  sample 1937:    10631  (running sum:  20685549, n_ok: 1937)
  sample 1938:    10801  (running sum:  20696350, n_ok: 1938)
  sample 1939:    10803  (running sum:  20707153, n_ok: 1939)
  sample 1940:    10741  (running sum:  20717894, n_ok: 1940)
  sample 1941:    10734  (running sum:  20728628, n_ok: 1941)
  sample 1942:    10719  (running sum:  20739347, n_ok: 1942)
  sample 1943:    10707  (running sum:  20750054, n_ok: 1943)
  sample 1944:    10743  (running sum:  20760797, n_ok: 1944)
  sample 1945:    10664  (running sum:  20771461, n_ok: 1945)
  sample 1946:    10620  (running sum:  20782081, n_ok: 1946)
  sample 1947:    10665  (running sum:  20792746, n_ok: 1947)
  sample 1948:    10613  (running sum:  20803359, n_ok: 1948)
  sample 1949:    10617  (running sum:  20813976, n_ok: 1949)
  sample 1950:    10572  (running sum:  20824548, n_ok: 1950)
  sample 1951:    10621  (running sum:  20835169, n_ok: 1951)
  sample 1952:    10626  (running sum:  20845795, n_ok: 1952)
  sample 1953:    10633  (running sum:  20856428, n_ok: 1953)
  sample 1954:    10535  (running sum:  20866963, n_ok: 1954)
  sample 1955:    10536  (running sum:  20877499, n_ok: 1955)
  sample 1956:    10526  (running sum:  20888025, n_ok: 1956)
  sample 1957:    10497  (running sum:  20898522, n_ok: 1957)
  sample 1958:    10598  (running sum:  20909120, n_ok: 1958)
  sample 1959:    10554  (running sum:  20919674, n_ok: 1959)
  sample 1960:    10491  (running sum:  20930165, n_ok: 1960)
  sample 1961:    10415  (running sum:  20940580, n_ok: 1961)
  sample 1962:    10432  (running sum:  20951012, n_ok: 1962)
  sample 1963:    10481  (running sum:  20961493, n_ok: 1963)
  sample 1964:    10591  (running sum:  20972084, n_ok: 1964)
  sample 1965:    10597  (running sum:  20982681, n_ok: 1965)
  sample 1966:    10576  (running sum:  20993257, n_ok: 1966)
  sample 1967:    10615  (running sum:  21003872, n_ok: 1967)
  sample 1968:    10614  (running sum:  21014486, n_ok: 1968)
  sample 1969:    10559  (running sum:  21025045, n_ok: 1969)
  sample 1970:    10662  (running sum:  21035707, n_ok: 1970)
  sample 1971:    10689  (running sum:  21046396, n_ok: 1971)
  sample 1972:    10701  (running sum:  21057097, n_ok: 1972)
  sample 1973:    10692  (running sum:  21067789, n_ok: 1973)
  sample 1974:    10676  (running sum:  21078465, n_ok: 1974)
  sample 1975:    10789  (running sum:  21089254, n_ok: 1975)
  sample 1976:    10734  (running sum:  21099988, n_ok: 1976)
  sample 1977:    10919  (running sum:  21110907, n_ok: 1977)
  sample 1978:    10880  (running sum:  21121787, n_ok: 1978)
  sample 1979:    10931  (running sum:  21132718, n_ok: 1979)
  sample 1980:    10802  (running sum:  21143520, n_ok: 1980)
  sample 1981:    10888  (running sum:  21154408, n_ok: 1981)
  sample 1982:    10825  (running sum:  21165233, n_ok: 1982)
  sample 1983:    10795  (running sum:  21176028, n_ok: 1983)
  sample 1984:    10729  (running sum:  21186757, n_ok: 1984)
  sample 1985:    10743  (running sum:  21197500, n_ok: 1985)
  sample 1986:    10782  (running sum:  21208282, n_ok: 1986)
  sample 1987:    10768  (running sum:  21219050, n_ok: 1987)
  sample 1988:    10734  (running sum:  21229784, n_ok: 1988)
  sample 1989:    10858  (running sum:  21240642, n_ok: 1989)
  sample 1990:    10876  (running sum:  21251518, n_ok: 1990)
  sample 1991:    10910  (running sum:  21262428, n_ok: 1991)
  sample 1992:    10822  (running sum:  21273250, n_ok: 1992)
  sample 1993:    10807  (running sum:  21284057, n_ok: 1993)
  sample 1994:    10747  (running sum:  21294804, n_ok: 1994)
  sample 1995:    10734  (running sum:  21305538, n_ok: 1995)
  sample 1996:    10675  (running sum:  21316213, n_ok: 1996)
  sample 1997:    10705  (running sum:  21326918, n_ok: 1997)
  sample 1998:    10612  (running sum:  21337530, n_ok: 1998)
  sample 1999:    10633  (running sum:  21348163, n_ok: 1999)
  sample 2000:    10724  (running sum:  21358887, n_ok: 2000)
Tare = sum / n_ok = 21358887 / 2000 = 10679 raw counts
WiFi connecting.................................. TIMEOUT!
 failed - continuing anyway
Initializing micro-ROS...
E (155475) wifi:sta is connecting, cannot set config
