70_readAdcRaw: raw24=0xFFFFEC2C offset=-5076
  max11270_readAdcRaw: raw24=0xFFFFEC6E offset=-5010
  max11270_readAdcRaw: raw24=0xFFFFEC5C offset=-5028
  max11270_readAdcRaw: raw24=0xFFFFEC5C offset=-5028
  max11270_readAdcRaw: raw24=0xFFFFEC6F offset=-5009
  max11270_readAdcRaw: raw24=0xFFFFEC7C offset=-4996
  max11270_readAdcRaw: raw24=0xFFFFEC71 offset=-5007
  max11270_readAdcRaw: raw24=0xFFFFEC6B offset=-5013
  max11270_readAdcRaw: raw24=0xFFFFEC62 offset=-5022
Load cell tare: -5085 raw counts (from 10/10 samples)
WiFi connecting.... connected
WiFi IP: 192.168.4.101
Initializing micro-ROS...
Pinging agent at 192.168.4.100:8888 ...
Waiting for micro-ROS agent Agent found after 0 pings!
Node created
Loadcell publisher created on topic: loadcell_data
micro-ROS connected
Periodic register check (current contents, not a rewrite):
  CTRL1 = 0x43
  CTRL2 = 0x08
  CTRL5 = 0x0F
  STAT  = 0x3003
  max11270_readAdcRaw: raw24=0xFFFFE954 offset=-5804
  max11270_readAdcRaw: raw24=0xFFFFEB58 offset=-5288
  max11270_readAdcRaw: raw24=0xFFFFE998 offset=-5736
  max11270_readAdcRaw: raw24=0xFFFFEB61 offset=-5279
  max11270_readAdcRaw: raw24=0xFFFFEB64 offset=-5276
  max11270_readAdcRaw: raw24=0xFFFFEB6F offset=-5265
  max11270_readAdcRaw: raw24=0xFFFFEA9A offset=-5478
  max11270_readAdcRaw: raw24=0xFFFFEB4C offset=-5300
  max11270_readAdcRaw: raw24=0xFFFFEB5E offset=-5282
  max11270_readAdcRaw: raw24=0xFFFFEB51 offset=-5295
  max11270_readAdcRaw: raw24=0xFFFFEB79 offset=-5255
  max11270_readAdcRaw: raw24=0xFFFFEB5B offset=-5285
  max11270_readAdcRaw: raw24=0xFFFFE998 offset=-5736
  max11270_readAdcRaw: raw24=0xFFFFEB57 offset=-5289
  max11270_readAdcRaw: raw24=0xFFFFEB5B offset=-5285
  max11270_readAdcRaw: raw24=0xFFFFEB5A offset=-5286
  max11270_readAdcRaw: raw24=0xFFFFEB52 offset=-5294
  max11270_readAdcRaw: raw24=0xFFFFEB44 offset=-5308
  max11270_readAdcRaw: raw24=0xFFFFEB40 offset=-5312
  max11270_readAdcRaw: raw24=0xFFFFEB42 offset=-5310
  max11270_readAdcRaw: raw24=0xFFFFEB40 offset=-5312
  max11270_readAdcRaw: raw24=0xFFFFEB3A offset=-5318
  max11270_readAdcRaw: raw24=0xFFFFE96C offset=-5780
  max11270_readAdcRaw: raw24=0xFFFFEB33 offset=-5325
  max11270_readAdcRaw: raw24=0xFFFFEB2D offset=-5331
  max11270_readAdcRaw: raw24=0xFFFFEB37 offset=-5321
  max11270_readAdcRaw: raw24=0xFFFFEB1C offset=-5348
  max11270_readAdcRaw: raw24=0xFFFFEB15 offset=-5355
  max11270_readAdcRaw: raw24=0xFFFFEACC offset=-5428
  max11270_readAdcRaw: raw24=0xFFFFEAAD offset=-5459
  max11270_readAdcRaw: raw24=0xFFFFEAB7 offset=-5449
  max11270_readAdcRaw: raw24=0xFFFFEAA4 offset=-5468
  max11270_readAdcRaw: raw24=0xFFFFEA94 offset=-5484
  max11270_readAdcRaw: raw24=0xFFFFEAA9 offset=-5463
  max11270_readAdcRaw: raw24=0xFFFFEAB3 offset=-5453
  max11270_readAdcRaw: raw24=0xFFFFEAC7 offset=-5433
  max11270_readAdcRaw: raw24=0xFFFFEB05 offset=-5371
  max11270_readAdcRaw: raw24=0xFFFFEB34 offset=-5324
  max11270_readAdcRaw: raw24=0xFFFFEB3E offset=-5314
  max11270_readAdcRaw: raw24=0xFFFFEB28 offset=-5336
  max11270_readAdcRaw: raw24=0xFFFFEB2D offset=-5331
  max11270_readAdcRaw: raw24=0xFFFFEB42 offset=-5310
  max11270_readAdcRaw: raw24=0xFFFFEB36 offset=-5322
  max11270_readAdcRaw: raw24=0xFFFFEB26 offset=-5338
  max11270_readAdcRaw: raw24=0xFFFFEB2A offset=-5334
  max11270_readAdcRaw: raw24=0xFFFFEB36 offset=-5322
  max11270_readAdcRaw: raw24=0xFFFFEB2E offset=-5330
  max11270_readAdcRaw: raw24=0xFFFFEB36 offset=-5322
  max11270_readAdcRaw: raw24=0xFFFFEB25 offset=-5339
  max11270_readAdcRaw: raw24=0xFFFFEB2D offset=-5331
  max11270_readAdcRaw: raw24=0xFFFFEB39 offset=-5319
Periodic register check (current contents, not a rewrite):
  CTRL1 = 0x43
  CTRL2 = 0x08
  CTRL5 = 0x0F
  STAT  = 0x3002
  max11270_readAdcRaw: raw24=0xFFFFEB38 offset=-5320
  max11270_readAdcRaw: raw24=0xFFFFEB2C offset=-5332
  max11270_readAdcRaw: raw24=0xFFFFEB39 offset=-5319
  max11270_readAdcRaw: raw24=0xFFFFEB37 offset=-5321
  max11270_readAdcRaw: raw24=0xFFFFEB2B offset=-5333
  max11270_readAdcRaw: raw24=0xFFFFEB32 offset=-5326
  max11270_readAdcRaw: raw24=0xFFFFEB34 offset=-5324
  max11270_readAdcRaw: raw24=0xFFFFEB39 offset=-5319
  max11270_readAdcRaw: raw24=0xFFFFEB37 offset=-5321
  max11270_readAdcRaw: raw24=0xFFFFEB38 offset=-5320
  max11270_readAdcRaw: raw24=0xFFFFEB33 offset=-5325
  max11270_readAdcRaw: raw24=0xFFFFEB36 offset=-5322
  max11270_readAdcRaw: raw24=0xFFFFEB39 offset=-5319
  max11270_readAdcRaw: raw24=0xFFFFEB26 offset=-5338
  max11270_readAdcRaw: raw24=0xFFFFEB1D offset=-5347
  max11270_readAdcRaw: raw24=0xFFFFEB24 offset=-5340
  max11270_readAdcRaw: raw24=0xFFFFEB30 offset=-5328
  max11270_readAdcRaw: raw24=0xFFFFEB25 offset=-5339
  max11270_readAdcRaw: raw24=0xFFFFEB29 offset=-5335
  max11270_readAdcRaw: raw24=0xFFFFEB1F offset=-5345
  max11270_readAdcRaw: raw24=0xFFFFEA64 offset=-5532
  max11270_readAdcRaw: raw24=0xFFFFEA26 offset=-5594
  max11270_readAdcRaw: raw24=0xFFFFEA1E offset=-5602
  max11270_readAdcRaw: raw24=0xFFFFEA14 offset=-5612
  max11270_readAdcRaw: raw24=0xFFFFE9E1 offset=-5663
  max11270_readAdcRaw: raw24=0xFFFFEA1E offset=-5602
  max11270_readAdcRaw: raw24=0xFFFFEA5E offset=-5538
  max11270_readAdcRaw: raw24=0xFFFFEA92 offset=-5486
  max11270_readAdcRaw: raw24=0xFFFFEAD4 offset=-5420
  max11270_readAdcRaw: raw24=0xFFFFEB0E offset=-5362
  max11270_readAdcRaw: raw24=0xFFFFEB28 offset=-5336
  max11270_readAdcRaw: raw24=0xFFFFEB2E offset=-5330
  max11270_readAdcRaw: raw24=0xFFFFE950 offset=-5808
  max11270_readAdcRaw: raw24=0xFFFFEB24 offset=-5340
  max11270_readAdcRaw: raw24=0xFFFFEB1B offset=-5349
  max11270_readAdcRaw: raw24=0xFFFFEB1F offset=-5345
  max11270_readAdcRaw: raw24=0xFFFFEB2A offset=-5334
  max11270_readAdcRaw: raw24=0xFFFFEB1E offset=-5346
  max11270_readAdcRaw: raw24=0xFFFFEB23 offset=-5341
  max11270_readAdcRaw: raw24=0xFFFFEB27 offset=-5337
  max11270_readAdcRaw: raw24=0xFFFFEB24 offset=-5340
  max11270_readAdcRaw: raw24=0xFFFFEB24 offset=-5340
  max11270_readAdcRaw: raw24=0xFFFFEB16 offset=-5354
  max11270_readAdcRaw: raw24=0xFFFFEB19 offset=-5351
  max11270_readAdcRaw: raw24=0xFFFFEB16 offset=-5354
  max11270_readAdcRaw: raw24=0xFFFFEB1E offset=-5346
  max11270_readAdcRaw: raw24=0xFFFFEB24 offset=-5340
  max11270_readAdcRaw: raw24=0xFFFFEB23 offset=-5341
  max11270_readAdcRaw: raw24=0xFFFFEB2E offset=-5330
  max11270_readAdcRaw: raw24=0xFFFFEAF1 offset=-5391
Periodic register check (current contents, not a rewrite):
  CTRL1 = 0x43
  CTRL2 = 0x08
  CTRL5 = 0x0F
  STAT  = 0x3002
  max11270_readAdcRaw: raw24=0xFFFFEB34 offset=-5324
  max11270_readAdcRaw: raw24=0xFFFFEB1D offset=-5347
  max11270_readAdcRaw: raw24=0xFFFFEB1E offset=-5346
  max11270_readAdcRaw: raw24=0xFFFFEB2E offset=-5330
  max11270_readAdcRaw: raw24=0xFFFFEB29 offset=-5335
  max11270_readAdcRaw: raw24=0xFFFFEB28 offset=-5336
  max11270_readAdcRaw: raw24=0xFFFFEB16 offset=-5354
  max11270_readAdcRaw: raw24=0xFFFFEB1F offset=-5345
  max11270_readAdcRaw: raw24=0xFFFFEB23 offset=-5341
  max11270_readAdcRaw: raw24=0xFFFFEB1D offset=-5347
  max11270_readAdcRaw: raw24=0xFFFFEB1D offset=-5347
  max11270_readAdcRaw: raw24=0xFFFFEB1C offset=-5348
  max11270_readAdcRaw: raw24=0xFFFFEB09 offset=-5367
  max11270_readAdcRaw: raw24=0xFFFFEACB offset=-5429
  max11270_readAdcRaw: raw24=0xFFFFEAA6 offset=-5466
  max11270_readAdcRaw: raw24=0xFFFFEAAA offset=-5462
  max11270_readAdcRaw: raw24=0xFFFFEAA8 offset=-5464
  max11270_readAdcRaw: raw24=0xFFFFEAAA offset=-5462
  max11270_readAdcRaw: raw24=0xFFFFEAAC offset=-5460
  max11270_readAdcRaw: raw24=0xFFFFEAAC offset=-5460
  max11270_readAdcRaw: raw24=0xFFFFEAAC offset=-5460
  max11270_readAdcRaw: raw24=0xFFFFEAF4 offset=-5388
  max11270_readAdcRaw: raw24=0xFFFFEB3D offset=-5315
  max11270_readAdcRaw: raw24=0xFFFFEB34 offset=-5324
  max11270_readAdcRaw: raw24=0xFFFFEB39 offset=-5319
  max11270_readAdcRaw: raw24=0xFFFFEB39 offset=-5319
  max11270_readAdcRaw: raw24=0xFFFFEB22 offset=-5342
  max11270_readAdcRaw: raw24=0xFFFFEB20 offset=-5344
  max11270_readAdcRaw: raw24=0xFFFFEB21 offset=-5343
  max11270_readAdcRaw: raw24=0xFFFFEB2E offset=-5330
  max11270_readAdcRaw: raw24=0xFFFFEB23 offset=-5341
  max11270_readAdcRaw: raw24=0xFFFFEB1E offset=-5346
  max11270_readAdcRaw: raw24=0xFFFFEB15 offset=-5355
  max11270_readAdcRaw: raw24=0xFFFFEB1F offset=-5345
  max11270_readAdcRaw: raw24=0xFFFFEB19 offset=-5351
  max11270_readAdcRaw: raw24=0xFFFFE93F offset=-5825
  max11270_readAdcRaw: raw24=0xFFFFEB27 offset=-5337
  max11270_readAdcRaw: raw24=0xFFFFEB1E offset=-5346
  max11270_readAdcRaw: raw24=0xFFFFEB24 offset=-5340
  max11270_readAdcRaw: raw24=0xFFFFEB1E offset=-5346
  max11270_readAdcRaw: raw24=0xFFFFEB1D offset=-5347
  max11270_readAdcRaw: raw24=0xFFFFEB1A offset=-5350
  max11270_readAdcRaw: raw24=0xFFFFEB1A offset=-5350
  max11270_readAdcRaw: raw24=0xFFFFEB12 offset=-5358
  max11270_readAdcRaw: raw24=0xFFFFEB25 offset=-5339
  max11270_readAdcRaw: raw24=0xFFFFEB19 offset=-5351
  max11270_readAdcRaw: raw24=0xFFFFEB04 offset=-5372
  max11270_readAdcRaw: raw24=0xFFFFEB1A offset=-5350
  max11270_readAdcRaw: raw24=0xFFFFEB15 offset=-5355
  max11270_readAdcRaw: raw24=0xFFFFEAD3 offset=-5421
Periodic register check (current contents, not a rewrite):
  CTRL1 = 0x43
  CTRL2 = 0x08
  CTRL5 = 0x0F
  STAT  = 0x3002
  max11270_readAdcRaw: raw24=0xFFFFEB38 offset=-5320
  max11270_readAdcRaw: raw24=0xFFFFEB22 offset=-5342
  max11270_readAdcRaw: raw24=0xFFFFEB25 offset=-5339
  max11270_readAdcRaw: raw24=0xFFFFEB18 offset=-5352
  max11270_readAdcRaw: raw24=0xFFFFEB23 offset=-5341
  max11270_readAdcRaw: raw24=0xFFFFEAF3 offset=-5389
  max11270_readAdcRaw: raw24=0xFFFFEABE offset=-5442
  max11270_readAdcRaw: raw24=0xFFFFEAA5 offset=-5467
  max11270_readAdcRaw: raw24=0xFFFFEAAF offset=-5457
  max11270_readAdcRaw: raw24=0xFFFFEAA1 offset=-5471
  max11270_readAdcRaw: raw24=0xFFFFEAA1 offset=-5471
  max11270_readAdcRaw: raw24=0xFFFFEAA4 offset=-5468
  max11270_readAdcRaw: raw24=0xFFFFEAAD offset=-5459
  max11270_readAdcRaw: raw24=0xFFFFEAE8 offset=-5400
  max11270_readAdcRaw: raw24=0xFFFFEB12 offset=-5358
  max11270_readAdcRaw: raw24=0xFFFFEB34 offset=-5324
  max11270_readAdcRaw: raw24=0xFFFFEB3D offset=-5315
  max11270_readAdcRaw: raw24=0xFFFFEB42 offset=-5310
  max11270_readAdcRaw: raw24=0xFFFFEB41 offset=-5311
  max11270_readAdcRaw: raw24=0xFFFFEB3B offset=-5317
  max11270_readAdcRaw: raw24=0xFFFFEB49 offset=-5303
  max11270_readAdcRaw: raw24=0xFFFFEB4F offset=-5297
  max11270_readAdcRaw: raw24=0xFFFFEB4B offset=-5301
  max11270_readAdcRaw: raw24=0xFFFFEB43 offset=-5309
  max11270_readAdcRaw: raw24=0xFFFFEB56 offset=-5290
  max11270_readAdcRaw: raw24=0xFFFFEB56 offset=-5290
  max11270_readAdcRaw: raw24=0xFFFFEB4F offset=-5297
  max11270_readAdcRaw: raw24=0xFFFFEB49 offset=-5303
  max11270_readAdcRaw: raw24=0xFFFFEB46 offset=-5306
  max11270_readAdcRaw: raw24=0xFFFFEB44 offset=-5308
  max11270_readAdcRaw: raw24=0xFFFFEB47 offset=-5305
  max11270_readAdcRaw: raw24=0xFFFFEB2F offset=-5329
  max11270_readAdcRaw: raw24=0xFFFFEB43 offset=-5309
  max11270_readAdcRaw: raw24=0xFFFFEB39 offset=-5319
  max11270_readAdcRaw: raw24=0xFFFFEB47 offset=-5305
  max11270_readAdcRaw: raw24=0xFFFFEB43 offset=-5309
  max11270_readAdcRaw: raw24=0xFFFFEB43 offset=-5309
  max11270_readAdcRaw: raw24=0xFFFFEB3C offset=-5316
  max11270_readAdcRaw: raw24=0xFFFFEB34 offset=-5324
  max11270_readAdcRaw: raw24=0xFFFFEB49 offset=-5303
  max11270_readAdcRaw: raw24=0xFFFFEB44 offset=-5308
  max11270_readAdcRaw: raw24=0xFFFFEB4D offset=-5299
  max11270_readAdcRaw: raw24=0xFFFFEB4A offset=-5302
  max11270_readAdcRaw: raw24=0xFFFFEB3A offset=-5318
  max11270_readAdcRaw: raw24=0xFFFFEB4E offset=-5298
  max11270_readAdcRaw: raw24=0xFFFFEB44 offset=-5308
  max11270_readAdcRaw: raw24=0xFFFFEB57 offset=-5289
  max11270_readAdcRaw: raw24=0xFFFFEB3B offset=-5317
  max11270_readAdcRaw: raw24=0xFFFFEB01 offset=-5375
  max11270_readAdcRaw: raw24=0xFFFFEAAE offset=-5458
Periodic register check (current contents, not a rewrite):
  CTRL1 = 0x43
  CTRL2 = 0x08
  CTRL5 = 0x0F
  STAT  = 0x3002
  max11270_readAdcRaw: raw24=0xFFFFEACF offset=-5425
  max11270_readAdcRaw: raw24=0xFFFFEAD8 offset=-5416
  max11270_readAdcRaw: raw24=0xFFFFEADB offset=-5413
  max11270_readAdcRaw: raw24=0xFFFFEAD2 offset=-5422
  max11270_readAdcRaw: raw24=0xFFFFEAD0 offset=-5424
  max11270_readAdcRaw: raw24=0xFFFFEAD1 offset=-5423
  max11270_readAdcRaw: raw24=0xFFFFEB0A offset=-5366
  max11270_readAdcRaw: raw24=0xFFFFEB4E offset=-5298
  max11270_readAdcRaw: raw24=0xFFFFEB67 offset=-5273
  max11270_readAdcRaw: raw24=0xFFFFEB65 offset=-5275
  max11270_readAdcRaw: raw24=0xFFFFEB5C offset=-5284
  max11270_readAdcRaw: raw24=0xFFFFEB60 offset=-5280
  max11270_readAdcRaw: raw24=0xFFFFEB4C offset=-5300
  max11270_readAdcRaw: raw24=0xFFFFEB4E offset=-5298
  max11270_readAdcRaw: raw24=0xFFFFEB52 offset=-5294
  max11270_readAdcRaw: raw24=0xFFFFEB4E offset=-5298
  max11270_readAdcRaw: raw24=0xFFFFEB46 offset=-5306
  max11270_readAdcRaw: raw24=0xFFFFEB55 offset=-5291
  max11270_readAdcRaw: raw24=0xFFFFEB4A offset=-5302
  max11270_readAdcRaw: raw24=0xFFFFEB4C offset=-5300
  max11270_readAdcRaw: raw24=0xFFFFEB58 offset=-5288
  max11270_readAdcRaw: raw24=0xFFFFEB63 offset=-5277
  max11270_readAdcRaw: raw24=0xFFFFEB5D offset=-5283
  max11270_readAdcRaw: raw24=0xFFFFEB5B offset=-5285
  max11270_readAdcRaw: raw24=0xFFFFEB64 offset=-5276
  max11270_readAdcRaw: raw24=0xFFFFEB56 offset=-5290
  max11270_readAdcRaw: raw24=0xFFFFEB50 offset=-5296
  max11270_readAdcRaw: raw24=0xFFFFEB47 offset=-5305
  max11270_readAdcRaw: raw24=0xFFFFEB60 offset=-5280
  max11270_readAdcRaw: raw24=0xFFFFEB52 offset=-5294
  max11270_readAdcRaw: raw24=0xFFFFEB5B offset=-5285
  max11270_readAdcRaw: raw24=0xFFFFEB5A offset=-5286
  max11270_readAdcRaw: raw24=0xFFFFEB49 offset=-5303
  max11270_readAdcRaw: raw24=0xFFFFEB4E offset=-5298
  max11270_readAdcRaw: raw24=0xFFFFEB58 offset=-5288
  max11270_readAdcRaw: raw24=0xFFFFEB56 offset=-5290
  max11270_readAdcRaw: raw24=0xFFFFEB57 offset=-5289
  max11270_readAdcRaw: raw24=0xFFFFEB59 offset=-5287
  max11270_readAdcRaw: raw24=0xFFFFEB4D offset=-5299
  max11270_readAdcRaw: raw24=0xFFFFEB4C offset=-5300
  max11270_readAdcRaw: raw24=0xFFFFEB38 offset=-5320
  max11270_readAdcRaw: raw24=0xFFFFEAF8 offset=-5384
  max11270_readAdcRaw: raw24=0xFFFFEAD2 offset=-5422
  max11270_readAdcRaw: raw24=0xFFFFEAD5 offset=-5419
  max11270_readAdcRaw: raw24=0xFFFFEADB offset=-5413
  max11270_readAdcRaw: raw24=0xFFFFEAC9 offset=-5431
  max11270_readAdcRaw: raw24=0xFFFFEABD offset=-5443
  max11270_readAdcRaw: raw24=0xFFFFEAC5 offset=-5435
  max11270_readAdcRaw: raw24=0xFFFFEAE1 offset=-5407
  max11270_readAdcRaw: raw24=0xFFFFEB2A offset=-5334
Periodic register check (current contents, not a rewrite):
  CTRL1 = 0x43
  CTRL2 = 0x08
  CTRL5 = 0x0F
  STAT  = 0x3002
  max11270_readAdcRaw: raw24=0xFFFFEB44 offset=-5308
  max11270_readAdcRaw: raw24=0xFFFFEB56 offset=-5290
  max11270_readAdcRaw: raw24=0xFFFFEB56 offset=-5290
  max11270_readAdcRaw: raw24=0xFFFFEB4B offset=-5301
  max11270_readAdcRaw: raw24=0xFFFFEB52 offset=-5294
  max11270_readAdcRaw: raw24=0xFFFFEB3F offset=-5313
  max11270_readAdcRaw: raw24=0xFFFFEB5B offset=-5285
  max11270_readAdcRaw: raw24=0xFFFFEB42 offset=-5310
  max11270_readAdcRaw: raw24=0xFFFFEB49 offset=-5303
  max11270_readAdcRaw: raw24=0xFFFFEB44 offset=-5308
  max11270_readAdcRaw: raw24=0xFFFFEB49 offset=-5303
  max11270_readAdcRaw: raw24=0xFFFFEB4B offset=-5301
  max11270_readAdcRaw: raw24=0xFFFFEB51 offset=-5295
  max11270_readAdcRaw: raw24=0xFFFFEB46 offset=-5306
  max11270_readAdcRaw: raw24=0xFFFFEB3C offset=-5316
  max11270_readAdcRaw: raw24=0xFFFFEB46 offset=-5306
  max11270_readAdcRaw: raw24=0xFFFFEB4D offset=-5299
  max11270_readAdcRaw: raw24=0xFFFFEB4B offset=-5301
  max11270_readAdcRaw: raw24=0xFFFFEB4C offset=-5300
  max11270_readAdcRaw: raw24=0xFFFFEB58 offset=-5288
  max11270_readAdcRaw: raw24=0xFFFFEB47 offset=-5305
  max11270_readAdcRaw: raw24=0xFFFFEB49 offset=-5303
  max11270_readAdcRaw: raw24=0xFFFFEB50 offset=-5296
  max11270_readAdcRaw: raw24=0xFFFFEB4D offset=-5299
  max11270_readAdcRaw: raw24=0xFFFFEB50 offset=-5296
  max11270_readAdcRaw: raw24=0xFFFFEB3D offset=-5315
  max11270_readAdcRaw: raw24=0xFFFFEB3B offset=-5317
  max11270_readAdcRaw: raw24=0xFFFFEB3D offset=-5315
  max11270_readAdcRaw: raw24=0xFFFFE971 offset=-5775
  max11270_readAdcRaw: raw24=0xFFFFEB43 offset=-5309
  max11270_readAdcRaw: raw24=0xFFFFEB3A offset=-5318
  max11270_readAdcRaw: raw24=0xFFFFEB06 offset=-5370
  max11270_readAdcRaw: raw24=0xFFFFEA6E offset=-5522
  max11270_readAdcRaw: raw24=0xFFFFEA8D offset=-5491
  max11270_readAdcRaw: raw24=0xFFFFEA5B offset=-5541
  max11270_readAdcRaw: raw24=0xFFFFEA33 offset=-5581
  max11270_readAdcRaw: raw24=0xFFFFEABC offset=-5444
  max11270_readAdcRaw: raw24=0xFFFFEA17 offset=-5609
  max11270_readAdcRaw: raw24=0xFFFFEA41 offset=-5567
  max11270_readAdcRaw: raw24=0xFFFFEA6D offset=-5523
  max11270_readAdcRaw: raw24=0xFFFFEAB2 offset=-5454
  max11270_readAdcRaw: raw24=0xFFFFEAED offset=-5395
  max11270_readAdcRaw: raw24=0xFFFFEB27 offset=-5337
  max11270_readAdcRaw: raw24=0xFFFFEB3D offset=-5315
  max11270_readAdcRaw: raw24=0xFFFFEB37 offset=-5321
  max11270_readAdcRaw: raw24=0xFFFFEB42 offset=-5310
  max11270_readAdcRaw: raw24=0xFFFFEB3A offset=-5318
  max11270_readAdcRaw: raw24=0xFFFFEB3B offset=-5317
  max11270_readAdcRaw: raw24=0xFFFFEB3E offset=-5314
  max11270_readAdcRaw: raw24=0xFFFFEB07 offset=-5369
Periodic register check (current contents, not a rewrite):
  CTRL1 = 0x43
  CTRL2 = 0x08
  CTRL5 = 0x0F
  STAT  = 0x3002
  max11270_readAdcRaw: raw24=0xFFFFEB4B offset=-5301
  max11270_readAdcRaw: raw24=0xFFFFEB36 offset=-5322
  max11270_readAdcRaw: raw24=0xFFFFEB42 offset=-5310
  max11270_readAdcRaw: raw24=0xFFFFEB38 offset=-5320
  max11270_readAdcRaw: raw24=0xFFFFEB41 offset=-5311
  max11270_readAdcRaw: raw24=0xFFFFEB39 offset=-5319
  max11270_readAdcRaw: raw24=0xFFFFEB24 offset=-5340
  max11270_readAdcRaw: raw24=0xFFFFEB2F offset=-5329
  max11270_readAdcRaw: raw24=0xFFFFEB3D offset=-5315
  max11270_readAdcRaw: raw24=0xFFFFEB25 offset=-5339
  max11270_readAdcRaw: raw24=0xFFFFEB30 offset=-5328
  max11270_readAdcRaw: raw24=0xFFFFEB30 offset=-5328
  max11270_readAdcRaw: raw24=0xFFFFEB38 offset=-5320
  max11270_readAdcRaw: raw24=0xFFFFEB22 offset=-5342
  max11270_readAdcRaw: raw24=0xFFFFEB2A offset=-5334
  max11270_readAdcRaw: raw24=0xFFFFEB34 offset=-5324
  max11270_readAdcRaw: raw24=0xFFFFEB2B offset=-5333
  max11270_readAdcRaw: raw24=0xFFFFEB3C offset=-5316
  max11270_readAdcRaw: raw24=0xFFFFEB32 offset=-5326
  max11270_readAdcRaw: raw24=0xFFFFEB3A offset=-5318
  max11270_readAdcRaw: raw24=0xFFFFEB33 offset=-5325
  max11270_readAdcRaw: raw24=0xFFFFEB3C offset=-5316
  max11270_readAdcRaw: raw24=0xFFFFEB36 offset=-5322
  max11270_readAdcRaw: raw24=0xFFFFEB34 offset=-5324
  max11270_readAdcRaw: raw24=0xFFFFEB3E offset=-5314
  max11270_readAdcRaw: raw24=0xFFFFEB21 offset=-5343
  max11270_readAdcRaw: raw24=0xFFFFEAFD offset=-5379
  max11270_readAdcRaw: raw24=0xFFFFEABE offset=-5442
  max11270_readAdcRaw: raw24=0xFFFFEAAF offset=-5457
  max11270_readAdcRaw: raw24=0xFFFFEABE offset=-5442
  max11270_readAdcRaw: raw24=0xFFFFEAA0 offset=-5472
  max11270_readAdcRaw: raw24=0xFFFFEAC4 offset=-5436
  max11270_readAdcRaw: raw24=0xFFFFEAC4 offset=-5436
  max11270_readAdcRaw: raw24=0xFFFFEABF offset=-5441
  max11270_readAdcRaw: raw24=0xFFFFEAF7 offset=-5385
  max11270_readAdcRaw: raw24=0xFFFFEB3E offset=-5314
  max11270_readAdcRaw: raw24=0xFFFFEB3B offset=-5317
  max11270_readAdcRaw: raw24=0xFFFFEB4F offset=-5297
  max11270_readAdcRaw: raw24=0xFFFFEB48 offset=-5304
  max11270_readAdcRaw: raw24=0xFFFFEB57 offset=-5289
  max11270_readAdcRaw: raw24=0xFFFFEB47 offset=-5305
  max11270_readAdcRaw: raw24=0xFFFFEB54 offset=-5292
  max11270_readAdcRaw: raw24=0xFFFFEB47 offset=-5305
  max11270_readAdcRaw: raw24=0xFFFFEB47 offset=-5305
  max11270_readAdcRaw: raw24=0xFFFFEB45 offset=-5307
  max11270_readAdcRaw: raw24=0xFFFFEB40 offset=-5312
  max11270_readAdcRaw: raw24=0xFFFFEB3E offset=-5314
  max11270_readAdcRaw: raw24=0xFFFFEB4C offset=-5300
  max11270_readAdcRaw: raw24=0xFFFFEB4A offset=-5302
  max11270_readAdcRaw: raw24=0xFFFFEB14 offset=-5356
Periodic register check (current contents, not a rewrite):
  CTRL1 = 0x43
  CTRL2 = 0x08
  CTRL5 = 0x0F
  STAT  = 0x3002
  max11270_readAdcRaw: raw24=0xFFFFEB3C offset=-5316
  max11270_readAdcRaw: raw24=0xFFFFEB3E offset=-5314
  max11270_readAdcRaw: raw24=0xFFFFEB47 offset=-5305
  max11270_readAdcRaw: raw24=0xFFFFEB36 offset=-5322
  max11270_readAdcRaw: raw24=0xFFFFEB48 offset=-5304
  max11270_readAdcRaw: raw24=0xFFFFEB46 offset=-5306
  max11270_readAdcRaw: raw24=0xFFFFE976 offset=-5770
  max11270_readAdcRaw: raw24=0xFFFFEB35 offset=-5323
  max11270_readAdcRaw: raw24=0xFFFFEB36 offset=-5322
  max11270_readAdcRaw: raw24=0xFFFFEB3B offset=-5317
  max11270_readAdcRaw: raw24=0xFFFFEB3A offset=-5318
  max11270_readAdcRaw: raw24=0xFFFFEB2D offset=-5331
  max11270_readAdcRaw: raw24=0xFFFFEB2E offset=-5330
  max11270_readAdcRaw: raw24=0xFFFFEB2F offset=-5329
  max11270_readAdcRaw: raw24=0xFFFFEB33 offset=-5325
  max11270_readAdcRaw: raw24=0xFFFFEB29 offset=-5335
  max11270_readAdcRaw: raw24=0xFFFFEB41 offset=-5311
  max11270_readAdcRaw: raw24=0xFFFFEB41 offset=-5311
  max11270_readAdcRaw: raw24=0xFFFFEB1E offset=-5346
  max11270_readAdcRaw: raw24=0xFFFFEAE8 offset=-5400
  max11270_readAdcRaw: raw24=0xFFFFEAB2 offset=-5454
  max11270_readAdcRaw: raw24=0xFFFFEAB9 offset=-5447
  max11270_readAdcRaw: raw24=0xFFFFEABD offset=-5443
  max11270_readAdcRaw: raw24=0xFFFFEACB offset=-5429
  max11270_readAdcRaw: raw24=0xFFFFEACB offset=-5429
  max11270_readAdcRaw: raw24=0xFFFFEABC offset=-5444
  max11270_readAdcRaw: raw24=0xFFFFEAF4 offset=-5388
  max11270_readAdcRaw: raw24=0xFFFFEB1A offset=-5350
  max11270_readAdcRaw: raw24=0xFFFFEB41 offset=-5311
  max11270_readAdcRaw: raw24=0xFFFFEB46 offset=-5306
  max11270_readAdcRaw: raw24=0xFFFFEB47 offset=-5305
  max11270_readAdcRaw: raw24=0xFFFFEB54 offset=-5292
  max11270_readAdcRaw: raw24=0xFFFFEB5E offset=-5282
  max11270_readAdcRaw: raw24=0xFFFFEB4C offset=-5300
  max11270_readAdcRaw: raw24=0xFFFFEB61 offset=-5279
  max11270_readAdcRaw: raw24=0xFFFFEB62 offset=-5278
  max11270_readAdcRaw: raw24=0xFFFFEB49 offset=-5303
  max11270_readAdcRaw: raw24=0xFFFFEB47 offset=-5305
  max11270_readAdcRaw: raw24=0xFFFFEB4E offset=-5298
  max11270_readAdcRaw: raw24=0xFFFFEB4D offset=-5299
  max11270_readAdcRaw: raw24=0xFFFFEB4D offset=-5299
  max11270_readAdcRaw: raw24=0xFFFFEB4D offset=-5299
  max11270_readAdcRaw: raw24=0xFFFFEB59 offset=-5287
  max11270_readAdcRaw: raw24=0xFFFFEB5E offset=-5282
  max11270_readAdcRaw: raw24=0xFFFFEB6B offset=-5269
  max11270_readAdcRaw: raw24=0xFFFFEB69 offset=-5271
  max11270_readAdcRaw: raw24=0xFFFFEB64 offset=-5276
  max11270_readAdcRaw: raw24=0xFFFFEB61 offset=-5279
  max11270_readAdcRaw: raw24=0xFFFFEB63 offset=-5277
  max11270_readAdcRaw: raw24=0xFFFFEB29 offset=-5335
Periodic register check (current contents, not a rewrite):
  CTRL1 = 0x43
  CTRL2 = 0x08
  CTRL5 = 0x0F
  STAT  = 0x3002
  max11270_readAdcRaw: raw24=0xFFFFEB68 offset=-5272
  max11270_readAdcRaw: raw24=0xFFFFEB57 offset=-5289
  max11270_readAdcRaw: raw24=0xFFFFEB52 offset=-5294
  max11270_readAdcRaw: raw24=0xFFFFEB5F offset=-5281
  max11270_readAdcRaw: raw24=0xFFFFEB5A offset=-5286
  max11270_readAdcRaw: raw24=0xFFFFEB55 offset=-5291
  max11270_readAdcRaw: raw24=0xFFFFE98E offset=-5746
  max11270_readAdcRaw: raw24=0xFFFFEB5A offset=-5286
  max11270_readAdcRaw: raw24=0xFFFFEB60 offset=-5280
  max11270_readAdcRaw: raw24=0xFFFFEB4F offset=-5297
  max11270_readAdcRaw: raw24=0xFFFFEB59 offset=-5287
  max11270_readAdcRaw: raw24=0xFFFFEB4F offset=-5297
  max11270_readAdcRaw: raw24=0xFFFFEB3A offset=-5318
  max11270_readAdcRaw: raw24=0xFFFFEAFB offset=-5381
  max11270_readAdcRaw: raw24=0xFFFFEAE7 offset=-5401
  max11270_readAdcRaw: raw24=0xFFFFEADE offset=-5410
  max11270_readAdcRaw: raw24=0xFFFFEAD4 offset=-5420
  max11270_readAdcRaw: raw24=0xFFFFEADB offset=-5413
  max11270_readAdcRaw: raw24=0xFFFFEADB offset=-5413
  max11270_readAdcRaw: raw24=0xFFFFEAD8 offset=-5416
  max11270_readAdcRaw: raw24=0xFFFFEAF9 offset=-5383
  max11270_readAdcRaw: raw24=0xFFFFEB2D offset=-5331
  max11270_readAdcRaw: raw24=0xFFFFEB64 offset=-5276
  max11270_readAdcRaw: raw24=0xFFFFEB56 offset=-5290
  max11270_readAdcRaw: raw24=0xFFFFEB50 offset=-5296
  max11270_readAdcRaw: raw24=0xFFFFEB61 offset=-5279
  max11270_readAdcRaw: raw24=0xFFFFEB62 offset=-5278
  max11270_readAdcRaw: raw24=0xFFFFEB45 offset=-5307
  max11270_readAdcRaw: raw24=0xFFFFEB45 offset=-5307
  max11270_readAdcRaw: raw24=0xFFFFEB52 offset=-5294
  max11270_readAdcRaw: raw24=0xFFFFEB55 offset=-5291
  max11270_readAdcRaw: raw24=0xFFFFEB5C offset=-5284
  max11270_readAdcRaw: raw24=0xFFFFEB5B offset=-5285
  max11270_readAdcRaw: raw24=0xFFFFEB56 offset=-5290
  max11270_readAdcRaw: raw24=0xFFFFEB48 offset=-5304
  max11270_readAdcRaw: raw24=0xFFFFEB56 offset=-5290
  max11270_readAdcRaw: raw24=0xFFFFEB58 offset=-5288
  max11270_readAdcRaw: raw24=0xFFFFEB66 offset=-5274
  max11270_readAdcRaw: raw24=0xFFFFEB63 offset=-5277
  max11270_readAdcRaw: raw24=0xFFFFEB6D offset=-5267
  max11270_readAdcRaw: raw24=0xFFFFEB68 offset=-5272
  max11270_readAdcRaw: raw24=0xFFFFEB5B offset=-5285
  max11270_readAdcRaw: raw24=0xFFFFEB6A offset=-5270
  max11270_readAdcRaw: raw24=0xFFFFEB6E offset=-5266
  max11270_readAdcRaw: raw24=0xFFFFEB73 offset=-5261
  max11270_readAdcRaw: raw24=0xFFFFEB51 offset=-5295
  max11270_readAdcRaw: raw24=0xFFFFEB5F offset=-5281
  max11270_readAdcRaw: raw24=0xFFFFEB49 offset=-5303
  max11270_readAdcRaw: raw24=0xFFFFEB49 offset=-5303
  max11270_readAdcRaw: raw24=0xFFFFEAEB offset=-5397
Periodic register check (current contents, not a rewrite):
  CTRL1 = 0x43
  CTRL2 = 0x08
  CTRL5 = 0x0F
  STAT  = 0x3002
  max11270_readAdcRaw: raw24=0xFFFFEB5C offset=-5284
  max11270_readAdcRaw: raw24=0xFFFFEB4F offset=-5297
  max11270_readAdcRaw: raw24=0xFFFFEB4F offset=-5297
  max11270_readAdcRaw: raw24=0xFFFFEB53 offset=-5293
  max11270_readAdcRaw: raw24=0xFFFFEB4D offset=-5299
  max11270_readAdcRaw: raw24=0xFFFFEB26 offset=-5338
  max11270_readAdcRaw: raw24=0xFFFFEAE4 offset=-5404
  max11270_readAdcRaw: raw24=0xFFFFEADA offset=-5414
  max11270_readAdcRaw: raw24=0xFFFFEAE3 offset=-5405
  max11270_readAdcRaw: raw24=0xFFFFEAEA offset=-5398
  max11270_readAdcRaw: raw24=0xFFFFEAD0 offset=-5424
  max11270_readAdcRaw: raw24=0xFFFFEAE4 offset=-5404
  max11270_readAdcRaw: raw24=0xFFFFEAD2 offset=-5422
  max11270_readAdcRaw: raw24=0xFFFFEB18 offset=-5352
  max11270_readAdcRaw: raw24=0xFFFFEB41 offset=-5311
  max11270_readAdcRaw: raw24=0xFFFFEB5B offset=-5285
  max11270_readAdcRaw: raw24=0xFFFFEB62 offset=-5278
  max11270_readAdcRaw: raw24=0xFFFFEB49 offset=-5303
  max11270_readAdcRaw: raw24=0xFFFFEB53 offset=-5293
  max11270_readAdcRaw: raw24=0xFFFFEB5B offset=-5285
  max11270_readAdcRaw: raw24=0xFFFFEB65 offset=-5275
  max11270_readAdcRaw: raw24=0xFFFFEB4F offset=-5297
  max11270_readAdcRaw: raw24=0xFFFFEB4A offset=-5302
  max11270_readAdcRaw: raw24=0xFFFFEB4A offset=-5302
  max11270_readAdcRaw: raw24=0xFFFFEB4E offset=-5298
  max11270_readAdcRaw: raw24=0xFFFFEB54 offset=-5292
  max11270_readAdcRaw: raw24=0xFFFFEB4D offset=-5299
  max11270_readAdcRaw: raw24=0xFFFFEB5B offset=-5285
  max11270_readAdcRaw: raw24=0xFFFFEB75 offset=-5259
  max11270_readAdcRaw: raw24=0xFFFFEB68 offset=-5272
  max11270_readAdcRaw: raw24=0xFFFFEB4E offset=-5298
  max11270_readAdcRaw: raw24=0xFFFFEB72 offset=-5262
  max11270_readAdcRaw: raw24=0xFFFFEB64 offset=-5276
  max11270_readAdcRaw: raw24=0xFFFFEB5F offset=-5281
  max11270_readAdcRaw: raw24=0xFFFFEB6C offset=-5268
  max11270_readAdcRaw: raw24=0xFFFFEB7E offset=-5250
  max11270_readAdcRaw: raw24=0xFFFFEB84 offset=-5244
  max11270_readAdcRaw: raw24=0xFFFFEB6E offset=-5266
  max11270_readAdcRaw: raw24=0xFFFFE997 offset=-5737
  max11270_readAdcRaw: raw24=0xFFFFE99E offset=-5730
  max11270_readAdcRaw: raw24=0xFFFFEB59 offset=-5287
  max11270_readAdcRaw: raw24=0xFFFFEB7F offset=-5249
  max11270_readAdcRaw: raw24=0xFFFFEB63 offset=-5277
  max11270_readAdcRaw: raw24=0xFFFFEB70 offset=-5264
  max11270_readAdcRaw: raw24=0xFFFFEB5A offset=-5286
  max11270_readAdcRaw: raw24=0xFFFFEB40 offset=-5312
  max11270_readAdcRaw: raw24=0xFFFFEB0C offset=-5364
  max11270_readAdcRaw: raw24=0xFFFFEAC4 offset=-5436
  max11270_readAdcRaw: raw24=0xFFFFEA9C offset=-5476
  max11270_readAdcRaw: raw24=0xFFFFEA03 offset=-5629
Periodic register check (current contents, not a rewrite):
  CTRL1 = 0x43
  CTRL2 = 0x08
  CTRL5 = 0x0F
  STAT  = 0x3002
  max11270_readAdcRaw: raw24=0xFFFFEA62 offset=-5534
  max11270_readAdcRaw: raw24=0xFFFFEA2F offset=-5585
  max11270_readAdcRaw: raw24=0xFFFFEADD offset=-5411
  max11270_readAdcRaw: raw24=0xFFFFEAEA offset=-5398
  max11270_readAdcRaw: raw24=0xFFFFEAF2 offset=-5390
  max11270_readAdcRaw: raw24=0xFFFFEAFA offset=-5382
  max11270_readAdcRaw: raw24=0xFFFFEB32 offset=-5326
  max11270_readAdcRaw: raw24=0xFFFFEB5D offset=-5283
  max11270_readAdcRaw: raw24=0xFFFFEB67 offset=-5273
  max11270_readAdcRaw: raw24=0xFFFFEB82 offset=-5246
  max11270_readAdcRaw: raw24=0xFFFFEB48 offset=-5304
  max11270_readAdcRaw: raw24=0xFFFFEB5A offset=-5286
  max11270_readAdcRaw: raw24=0xFFFFEB65 offset=-5275
  max11270_readAdcRaw: raw24=0xFFFFEB78 offset=-5256
  max11270_readAdcRaw: raw24=0xFFFFEB66 offset=-5274
  max11270_readAdcRaw: raw24=0xFFFFEB7B offset=-5253
  max11270_readAdcRaw: raw24=0xFFFFEB5A offset=-5286
  max11270_readAdcRaw: raw24=0xFFFFEB5A offset=-5286
  max11270_readAdcRaw: raw24=0xFFFFEB5E offset=-5282
  max11270_readAdcRaw: raw24=0xFFFFEB68 offset=-5272
  max11270_readAdcRaw: raw24=0xFFFFEB67 offset=-5273
  max11270_readAdcRaw: raw24=0xFFFFEB75 offset=-5259
  max11270_readAdcRaw: raw24=0xFFFFEB5D offset=-5283
  max11270_readAdcRaw: raw24=0xFFFFEB66 offset=-5274
  max11270_readAdcRaw: raw24=0xFFFFEB66 offset=-5274
  max11270_readAdcRaw: raw24=0xFFFFEB61 offset=-5279
  max11270_readAdcRaw: raw24=0xFFFFEB6B offset=-5269
  max11270_readAdcRaw: raw24=0xFFFFEB6A offset=-5270
  max11270_readAdcRaw: raw24=0xFFFFEB5F offset=-5281
  max11270_readAdcRaw: raw24=0xFFFFEB5B offset=-5285
  max11270_readAdcRaw: raw24=0xFFFFEB5C offset=-5284
  max11270_readAdcRaw: raw24=0xFFFFEB71 offset=-5263
  max11270_readAdcRaw: raw24=0xFFFFEB62 offset=-5278
  max11270_readAdcRaw: raw24=0xFFFFEB67 offset=-5273
  max11270_readAdcRaw: raw24=0xFFFFEB61 offset=-5279
  max11270_readAdcRaw: raw24=0xFFFFEB73 offset=-5261
  max11270_readAdcRaw: raw24=0xFFFFEB7C offset=-5252
  max11270_readAdcRaw: raw24=0xFFFFEB64 offset=-5276
  max11270_readAdcRaw: raw24=0xFFFFEB60 offset=-5280
  max11270_readAdcRaw: raw24=0xFFFFEB70 offset=-5264
  max11270_readAdcRaw: raw24=0xFFFFEB4F offset=-5297
  max11270_readAdcRaw: raw24=0xFFFFEB1C offset=-5348
  max11270_readAdcRaw: raw24=0xFFFFEAFA offset=-5382
  max11270_readAdcRaw: raw24=0xFFFFEAE8 offset=-5400
  max11270_readAdcRaw: raw24=0xFFFFEAF9 offset=-5383
  max11270_readAdcRaw: raw24=0xFFFFEAF3 offset=-5389
  max11270_readAdcRaw: raw24=0xFFFFEAF4 offset=-5388
  max11270_readAdcRaw: raw24=0xFFFFEAFB offset=-5381
  max11270_readAdcRaw: raw24=0xFFFFEB14 offset=-5356
  max11270_readAdcRaw: raw24=0xFFFFEAFE offset=-5378
Periodic register check (current contents, not a rewrite):
  CTRL1 = 0x43
  CTRL2 = 0x08
  CTRL5 = 0x0F
  STAT  = 0x3002
  max11270_readAdcRaw: raw24=0xFFFFEB5F offset=-5281
  max11270_readAdcRaw: raw24=0xFFFFEB6D offset=-5267
  max11270_readAdcRaw: raw24=0xFFFFEB5C offset=-5284
  max11270_readAdcRaw: raw24=0xFFFFEB75 offset=-5259
  max11270_readAdcRaw: raw24=0xFFFFEB7D offset=-5251
  max11270_readAdcRaw: raw24=0xFFFFEB60 offset=-5280
  max11270_readAdcRaw: raw24=0xFFFFEB5F offset=-5281
  max11270_readAdcRaw: raw24=0xFFFFEB61 offset=-5279
  max11270_readAdcRaw: raw24=0xFFFFEB63 offset=-5277
  max11270_readAdcRaw: raw24=0xFFFFEB66 offset=-5274
  max11270_readAdcRaw: raw24=0xFFFFEB6A offset=-5270
  max11270_readAdcRaw: raw24=0xFFFFEB62 offset=-5278
  max11270_readAdcRaw: raw24=0xFFFFEB78 offset=-5256
  max11270_readAdcRaw: raw24=0xFFFFEB65 offset=-5275
  max11270_readAdcRaw: raw24=0xFFFFEB63 offset=-5277
  max11270_readAdcRaw: raw24=0xFFFFEB5E offset=-5282
  max11270_readAdcRaw: raw24=0xFFFFEB55 offset=-5291
  max11270_readAdcRaw: raw24=0xFFFFEB5D offset=-5283
  max11270_readAdcRaw: raw24=0xFFFFEB5B offset=-5285
  max11270_readAdcRaw: raw24=0xFFFFE9AC offset=-5716
  max11270_readAdcRaw: raw24=0xFFFFEB66 offset=-5274
  max11270_readAdcRaw: raw24=0xFFFFEB5C offset=-5284
  max11270_readAdcRaw: raw24=0xFFFFEB50 offset=-5296
  max11270_readAdcRaw: raw24=0xFFFFEB5C offset=-5284
  max11270_readAdcRaw: raw24=0xFFFFEB69 offset=-5271
  max11270_readAdcRaw: raw24=0xFFFFEB5A offset=-5286
  max11270_readAdcRaw: raw24=0xFFFFEB53 offset=-5293
  max11270_readAdcRaw: raw24=0xFFFFEB60 offset=-5280
  max11270_readAdcRaw: raw24=0xFFFFEB62 offset=-5278
  max11270_readAdcRaw: raw24=0xFFFFEB66 offset=-5274
  max11270_readAdcRaw: raw24=0xFFFFEB67 offset=-5273
  max11270_readAdcRaw: raw24=0xFFFFEB5E offset=-5282
  max11270_readAdcRaw: raw24=0xFFFFEB4E offset=-5298
  max11270_readAdcRaw: raw24=0xFFFFEB33 offset=-5325
  max11270_readAdcRaw: raw24=0xFFFFEAF0 offset=-5392
  max11270_readAdcRaw: raw24=0xFFFFEAED offset=-5395
  max11270_readAdcRaw: raw24=0xFFFFEAEC offset=-5396
  max11270_readAdcRaw: raw24=0xFFFFEAF5 offset=-5387
  max11270_readAdcRaw: raw24=0xFFFFEAF7 offset=-5385
  max11270_readAdcRaw: raw24=0xFFFFEB04 offset=-5372
  max11270_readAdcRaw: raw24=0xFFFFEAF2 offset=-5390
  max11270_readAdcRaw: raw24=0xFFFFEB15 offset=-5355
  max11270_readAdcRaw: raw24=0xFFFFEB4D offset=-5299
  max11270_readAdcRaw: raw24=0xFFFFEB54 offset=-5292
  max11270_readAdcRaw: raw24=0xFFFFEB5A offset=-5286
  max11270_readAdcRaw: raw24=0xFFFFEB52 offset=-5294
  max11270_readAdcRaw: raw24=0xFFFFEB55 offset=-5291
  max11270_readAdcRaw: raw24=0xFFFFEB5A offset=-5286
  max11270_readAdcRaw: raw24=0xFFFFEB58 offset=-5288
  max11270_readAdcRaw: raw24=0xFFFFEAEF offset=-5393
Periodic register check (current contents, not a rewrite):
  CTRL1 = 0x43
  CTRL2 = 0x08
  CTRL5 = 0x0F
  STAT  = 0x3002
  max11270_readAdcRaw: raw24=0xFFFFEB5B offset=-5285
  max11270_readAdcRaw: raw24=0xFFFFEB65 offset=-5275
  max11270_readAdcRaw: raw24=0xFFFFEB5F offset=-5281
  max11270_readAdcRaw: raw24=0xFFFFEB74 offset=-5260
  max11270_readAdcRaw: raw24=0xFFFFEB67 offset=-5273
  max11270_readAdcRaw: raw24=0xFFFFEB66 offset=-5274
  max11270_readAdcRaw: raw24=0xFFFFEB61 offset=-5279
  max11270_readAdcRaw: raw24=0xFFFFEB6A offset=-5270
  max11270_readAdcRaw: raw24=0xFFFFEB75 offset=-5259
  max11270_readAdcRaw: raw24=0xFFFFEB69 offset=-5271
  max11270_readAdcRaw: raw24=0xFFFFEB79 offset=-5255
  max11270_readAdcRaw: raw24=0xFFFFEB7E offset=-5250
  max11270_readAdcRaw: raw24=0xFFFFEB81 offset=-5247
  max11270_readAdcRaw: raw24=0xFFFFEB7E offset=-5250
  max11270_readAdcRaw: raw24=0xFFFFEB8A offset=-5238
  max11270_readAdcRaw: raw24=0xFFFFEB80 offset=-5248
  max11270_readAdcRaw: raw24=0xFFFFEB90 offset=-5232
  max11270_readAdcRaw: raw24=0xFFFFEB8D offset=-5235
  max11270_readAdcRaw: raw24=0xFFFFEB8E offset=-5234
  max11270_readAdcRaw: raw24=0xFFFFEB7A offset=-5254
  max11270_readAdcRaw: raw24=0xFFFFEB84 offset=-5244
  max11270_readAdcRaw: raw24=0xFFFFEB94 offset=-5228
  max11270_readAdcRaw: raw24=0xFFFFE9DB offset=-5669
  max11270_readAdcRaw: raw24=0xFFFFEB95 offset=-5227
  max11270_readAdcRaw: raw24=0xFFFFEB9F offset=-5217
  max11270_readAdcRaw: raw24=0xFFFFEB79 offset=-5255
  max11270_readAdcRaw: raw24=0xFFFFEB43 offset=-5309
  max11270_readAdcRaw: raw24=0xFFFFEB22 offset=-5342
  max11270_readAdcRaw: raw24=0xFFFFEB26 offset=-5338
  max11270_readAdcRaw: raw24=0xFFFFEB34 offset=-5324
  max11270_readAdcRaw: raw24=0xFFFFEB23 offset=-5341
  max11270_readAdcRaw: raw24=0xFFFFEB24 offset=-5340
  max11270_readAdcRaw: raw24=0xFFFFEB23 offset=-5341
  max11270_readAdcRaw: raw24=0xFFFFEB3C offset=-5316
  max11270_readAdcRaw: raw24=0xFFFFEB6D offset=-5267
  max11270_readAdcRaw: raw24=0xFFFFEB92 offset=-5230
  max11270_readAdcRaw: raw24=0xFFFFEBA1 offset=-5215
  max11270_readAdcRaw: raw24=0xFFFFE9E4 offset=-5660
  max11270_readAdcRaw: raw24=0xFFFFEB8B offset=-5237
  max11270_readAdcRaw: raw24=0xFFFFEB86 offset=-5242
  max11270_readAdcRaw: raw24=0xFFFFEB7F offset=-5249
  max11270_readAdcRaw: raw24=0xFFFFEB76 offset=-5258
  max11270_readAdcRaw: raw24=0xFFFFEB6F offset=-5265
  max11270_readAdcRaw: raw24=0xFFFFEB8C offset=-5236
  max11270_readAdcRaw: raw24=0xFFFFEB85 offset=-5243
  max11270_readAdcRaw: raw24=0xFFFFEB7A offset=-5254
  max11270_readAdcRaw: raw24=0xFFFFEB72 offset=-5262
  max11270_readAdcRaw: raw24=0xFFFFEB6F offset=-5265
  max11270_readAdcRaw: raw24=0xFFFFEB7C offset=-5252
  max11270_readAdcRaw: raw24=0xFFFFE9B6 offset=-5706
Periodic register check (current contents, not a rewrite):
  CTRL1 = 0x43
  CTRL2 = 0x08
  CTRL5 = 0x0F
  STAT  = 0x3002
  max11270_readAdcRaw: raw24=0xFFFFEB67 offset=-5273
  max11270_readAdcRaw: raw24=0xFFFFEB70 offset=-5264
  max11270_readAdcRaw: raw24=0xFFFFEB68 offset=-5272
  max11270_readAdcRaw: raw24=0xFFFFEB68 offset=-5272
  max11270_readAdcRaw: raw24=0xFFFFEB68 offset=-5272
  max11270_readAdcRaw: raw24=0xFFFFEB6A offset=-5270
  max11270_readAdcRaw: raw24=0xFFFFEB66 offset=-5274
  max11270_readAdcRaw: raw24=0xFFFFEB64 offset=-5276
  max11270_readAdcRaw: raw24=0xFFFFEB69 offset=-5271
  max11270_readAdcRaw: raw24=0xFFFFEB63 offset=-5277
  max11270_readAdcRaw: raw24=0xFFFFEB5C offset=-5284
  max11270_readAdcRaw: raw24=0xFFFFEB69 offset=-5271
  max11270_readAdcRaw: raw24=0xFFFFEB69 offset=-5271
  max11270_readAdcRaw: raw24=0xFFFFEB5A offset=-5286
  max11270_readAdcRaw: raw24=0xFFFFEB62 offset=-5278
  max11270_readAdcRaw: raw24=0xFFFFEB67 offset=-5273
  max11270_readAdcRaw: raw24=0xFFFFEB58 offset=-5288
  max11270_readAdcRaw: raw24=0xFFFFEB53 offset=-5293
  max11270_readAdcRaw: raw24=0xFFFFEB21 offset=-5343
  max11270_readAdcRaw: raw24=0xFFFFEAF1 offset=-5391
  max11270_readAdcRaw: raw24=0xFFFFEAD6 offset=-5418
  max11270_readAdcRaw: raw24=0xFFFFEAD8 offset=-5416
  max11270_readAdcRaw: raw24=0xFFFFEAD9 offset=-5415
  max11270_readAdcRaw: raw24=0xFFFFEAE2 offset=-5406
  max11270_readAdcRaw: raw24=0xFFFFEAD5 offset=-5419
  max11270_readAdcRaw: raw24=0xFFFFEADD offset=-5411
  max11270_readAdcRaw: raw24=0xFFFFEB00 offset=-5376
  max11270_readAdcRaw: raw24=0xFFFFEB3E offset=-5314
  max11270_readAdcRaw: raw24=0xFFFFEB51 offset=-5295
  max11270_readAdcRaw: raw24=0xFFFFEB47 offset=-5305
  max11270_readAdcRaw: raw24=0xFFFFEB57 offset=-5289
  max11270_readAdcRaw: raw24=0xFFFFEB4D offset=-5299
  max11270_readAdcRaw: raw24=0xFFFFEB48 offset=-5304
  max11270_readAdcRaw: raw24=0xFFFFEB57 offset=-5289
  max11270_readAdcRaw: raw24=0xFFFFEB45 offset=-5307
  max11270_readAdcRaw: raw24=0xFFFFEB4D offset=-5299
  max11270_readAdcRaw: raw24=0xFFFFEB37 offset=-5321
  max11270_readAdcRaw: raw24=0xFFFFEB4C offset=-5300
  max11270_readAdcRaw: raw24=0xFFFFEB48 offset=-5304
  max11270_readAdcRaw: raw24=0xFFFFEB5B offset=-5285
  max11270_readAdcRaw: raw24=0xFFFFEB52 offset=-5294
  max11270_readAdcRaw: raw24=0xFFFFEB5A offset=-5286
  max11270_readAdcRaw: raw24=0xFFFFEB66 offset=-5274
  max11270_readAdcRaw: raw24=0xFFFFEB53 offset=-5293
  max11270_readAdcRaw: raw24=0xFFFFEB4F offset=-5297
  max11270_readAdcRaw: raw24=0xFFFFEB6E offset=-5266
  max11270_readAdcRaw: raw24=0xFFFFEB5E offset=-5282
  max11270_readAdcRaw: raw24=0xFFFFEB48 offset=-5304
  max11270_readAdcRaw: raw24=0xFFFFE99F offset=-5729
  max11270_readAdcRaw: raw24=0xFFFFEAD7 offset=-5417
Periodic register check (current contents, not a rewrite):
  CTRL1 = 0x43
  CTRL2 = 0x08
  CTRL5 = 0x0F
  STAT  = 0x3002
  max11270_readAdcRaw: raw24=0xFFFFEB5A offset=-5286
  max11270_readAdcRaw: raw24=0xFFFFEB48 offset=-5304
  max11270_readAdcRaw: raw24=0xFFFFEB5F offset=-5281
  max11270_readAdcRaw: raw24=0xFFFFEB50 offset=-5296
  max11270_readAdcRaw: raw24=0xFFFFEB53 offset=-5293
  max11270_readAdcRaw: raw24=0xFFFFEB5B offset=-5285
  max11270_readAdcRaw: raw24=0xFFFFEB57 offset=-5289
  max11270_readAdcRaw: raw24=0xFFFFEB5C offset=-5284
  max11270_readAdcRaw: raw24=0xFFFFEB33 offset=-5325
  max11270_readAdcRaw: raw24=0xFFFFEAFA offset=-5382
  max11270_readAdcRaw: raw24=0xFFFFEACA offset=-5430
  max11270_readAdcRaw: raw24=0xFFFFEA91 offset=-5487
  max11270_readAdcRaw: raw24=0xFFFFEAE6 offset=-5402
  max11270_readAdcRaw: raw24=0xFFFFEAE5 offset=-5403
  max11270_readAdcRaw: raw24=0xFFFFEAEE offset=-5394
  max11270_readAdcRaw: raw24=0xFFFFEA6A offset=-5526
  max11270_readAdcRaw: raw24=0xFFFFEAF8 offset=-5384
  max11270_readAdcRaw: raw24=0xFFFFEAEE offset=-5394
  max11270_readAdcRaw: raw24=0xFFFFEAEC offset=-5396
  max11270_readAdcRaw: raw24=0xFFFFEB22 offset=-5342
  max11270_readAdcRaw: raw24=0xFFFFEB55 offset=-5291
  max11270_readAdcRaw: raw24=0xFFFFEB78 offset=-5256
  max11270_readAdcRaw: raw24=0xFFFFEB53 offset=-5293
  max11270_readAdcRaw: raw24=0xFFFFEB5C offset=-5284
  max11270_readAdcRaw: raw24=0xFFFFEB58 offset=-5288
  max11270_readAdcRaw: raw24=0xFFFFEB5F offset=-5281
  max11270_readAdcRaw: raw24=0xFFFFEB5B offset=-5285
  max11270_readAdcRaw: raw24=0xFFFFEB63 offset=-5277
  max11270_readAdcRaw: raw24=0xFFFFEB65 offset=-5275
  max11270_readAdcRaw: raw24=0xFFFFEB57 offset=-5289
  max11270_readAdcRaw: raw24=0xFFFFEB5A offset=-5286
  max11270_readAdcRaw: raw24=0xFFFFEB59 offset=-5287
  max11270_readAdcRaw: raw24=0xFFFFEB65 offset=-5275
  max11270_readAdcRaw: raw24=0xFFFFEB69 offset=-5271
  max11270_readAdcRaw: raw24=0xFFFFEB6C offset=-5268
  max11270_readAdcRaw: raw24=0xFFFFEB63 offset=-5277
  max11270_readAdcRaw: raw24=0xFFFFEB72 offset=-5262
  max11270_readAdcRaw: raw24=0xFFFFEB71 offset=-5263
  max11270_readAdcRaw: raw24=0xFFFFEB70 offset=-5264
  max11270_readAdcRaw: raw24=0xFFFFEB6E offset=-5266
  max11270_readAdcRaw: raw24=0xFFFFEB5C offset=-5284
  max11270_readAdcRaw: raw24=0xFFFFEB68 offset=-5272
  max11270_readAdcRaw: raw24=0xFFFFEB56 offset=-5290
  max11270_readAdcRaw: raw24=0xFFFFEB47 offset=-5305
  max11270_readAdcRaw: raw24=0xFFFFEB52 offset=-5294
  max11270_readAdcRaw: raw24=0xFFFFEB5B offset=-5285
  max11270_readAdcRaw: raw24=0xFFFFEB62 offset=-5278
  max11270_readAdcRaw: raw24=0xFFFFEB60 offset=-5280
  max11270_readAdcRaw: raw24=0xFFFFEB5F offset=-5281
  max11270_readAdcRaw: raw24=0xFFFFEAE8 offset=-5400
Periodic register check (current contents, not a rewrite):
  CTRL1 = 0x43
  CTRL2 = 0x08
  CTRL5 = 0x0F
  STAT  = 0x3002
  max11270_readAdcRaw: raw24=0xFFFFEB5F offset=-5281
  max11270_readAdcRaw: raw24=0xFFFFEB61 offset=-5279
  max11270_readAdcRaw: raw24=0xFFFFEB51 offset=-5295
  max11270_readAdcRaw: raw24=0xFFFFEB30 offset=-5328
  max11270_readAdcRaw: raw24=0xFFFFEB18 offset=-5352
  max11270_readAdcRaw: raw24=0xFFFFEAE0 offset=-5408
  max11270_readAdcRaw: raw24=0xFFFFEAE4 offset=-5404
  max11270_readAdcRaw: raw24=0xFFFFEAF7 offset=-5385
  max11270_readAdcRaw: raw24=0xFFFFEAF2 offset=-5390
  max11270_readAdcRaw: raw24=0xFFFFEAF6 offset=-5386
  max11270_readAdcRaw: raw24=0xFFFFEAE7 offset=-5401
  max11270_readAdcRaw: raw24=0xFFFFEB05 offset=-5371
  max11270_readAdcRaw: raw24=0xFFFFEB2C offset=-5332
  max11270_readAdcRaw: raw24=0xFFFFEB55 offset=-5291
  max11270_readAdcRaw: raw24=0xFFFFEB5E offset=-5282
  max11270_readAdcRaw: raw24=0xFFFFEB62 offset=-5278
  max11270_readAdcRaw: raw24=0xFFFFEB51 offset=-5295
  max11270_readAdcRaw: raw24=0xFFFFEB4B offset=-5301
  max11270_readAdcRaw: raw24=0xFFFFEB56 offset=-5290
  max11270_readAdcRaw: raw24=0xFFFFEB62 offset=-5278
  max11270_readAdcRaw: raw24=0xFFFFEB49 offset=-5303
  max11270_readAdcRaw: raw24=0xFFFFEB5D offset=-5283
  max11270_readAdcRaw: raw24=0xFFFFEB5C offset=-5284
  max11270_readAdcRaw: raw24=0xFFFFEB5E offset=-5282
  max11270_readAdcRaw: raw24=0xFFFFEB4F offset=-5297
  max11270_readAdcRaw: raw24=0xFFFFEB5C offset=-5284
  max11270_readAdcRaw: raw24=0xFFFFEB58 offset=-5288
  max11270_readAdcRaw: raw24=0xFFFFEB50 offset=-5296
  max11270_readAdcRaw: raw24=0xFFFFEB55 offset=-5291
  max11270_readAdcRaw: raw24=0xFFFFEB56 offset=-5290
  max11270_readAdcRaw: raw24=0xFFFFEB5B offset=-5285
  max11270_readAdcRaw: raw24=0xFFFFEB55 offset=-5291
  max11270_readAdcRaw: raw24=0xFFFFEB4A offset=-5302
  max11270_readAdcRaw: raw24=0xFFFFEB5B offset=-5285
  max11270_readAdcRaw: raw24=0xFFFFEB4B offset=-5301
  max11270_readAdcRaw: raw24=0xFFFFEB42 offset=-5310
  max11270_readAdcRaw: raw24=0xFFFFEB58 offset=-5288
  max11270_readAdcRaw: raw24=0xFFFFEB45 offset=-5307
  max11270_readAdcRaw: raw24=0xFFFFEB57 offset=-5289
  max11270_readAdcRaw: raw24=0xFFFFEB4D offset=-5299
  max11270_readAdcRaw: raw24=0xFFFFEB57 offset=-5289
  max11270_readAdcRaw: raw24=0xFFFFEB59 offset=-5287
  max11270_readAdcRaw: raw24=0xFFFFEB56 offset=-5290
  max11270_readAdcRaw: raw24=0xFFFFEB65 offset=-5275
  max11270_readAdcRaw: raw24=0xFFFFEB5B offset=-5285
  max11270_readAdcRaw: raw24=0xFFFFEA5C offset=-5540
  max11270_readAdcRaw: raw24=0xFFFFEB30 offset=-5328
  max11270_readAdcRaw: raw24=0xFFFFEAF8 offset=-5384
  max11270_readAdcRaw: raw24=0xFFFFEAE5 offset=-5403
  max11270_readAdcRaw: raw24=0xFFFFEA7B offset=-5509
Periodic register check (current contents, not a rewrite):
  CTRL1 = 0x43
  CTRL2 = 0x08
  CTRL5 = 0x0F
  STAT  = 0x3002
  max11270_readAdcRaw: raw24=0xFFFFEAE0 offset=-5408
  max11270_readAdcRaw: raw24=0xFFFFEAE3 offset=-5405
  max11270_readAdcRaw: raw24=0xFFFFEAD5 offset=-5419
  max11270_readAdcRaw: raw24=0xFFFFEAD7 offset=-5417
  max11270_readAdcRaw: raw24=0xFFFFEB0B offset=-5365
  max11270_readAdcRaw: raw24=0xFFFFEB3C offset=-5316
  max11270_readAdcRaw: raw24=0xFFFFEB50 offset=-5296
  max11270_readAdcRaw: raw24=0xFFFFEB51 offset=-5295
  max11270_readAdcRaw: raw24=0xFFFFEB53 offset=-5293
  max11270_readAdcRaw: raw24=0xFFFFEB51 offset=-5295
  max11270_readAdcRaw: raw24=0xFFFFEB51 offset=-5295
  max11270_readAdcRaw: raw24=0xFFFFEB55 offset=-5291
  max11270_readAdcRaw: raw24=0xFFFFEB58 offset=-5288
  max11270_readAdcRaw: raw24=0xFFFFEB52 offset=-5294
  max11270_readAdcRaw: raw24=0xFFFFEB4C offset=-5300
  max11270_readAdcRaw: raw24=0xFFFFEB4D offset=-5299
  max11270_readAdcRaw: raw24=0xFFFFEB51 offset=-5295
  max11270_readAdcRaw: raw24=0xFFFFEB55 offset=-5291
  max11270_readAdcRaw: raw24=0xFFFFEB46 offset=-5306
  max11270_readAdcRaw: raw24=0xFFFFEB3E offset=-5314
  max11270_readAdcRaw: raw24=0xFFFFEB48 offset=-5304
  max11270_readAdcRaw: raw24=0xFFFFEB51 offset=-5295
  max11270_readAdcRaw: raw24=0xFFFFEB4D offset=-5299
  max11270_readAdcRaw: raw24=0xFFFFEB43 offset=-5309
  max11270_readAdcRaw: raw24=0xFFFFEB52 offset=-5294
  max11270_readAdcRaw: raw24=0xFFFFEB43 offset=-5309
  max11270_readAdcRaw: raw24=0xFFFFEB47 offset=-5305
  max11270_readAdcRaw: raw24=0xFFFFEB4D offset=-5299
  max11270_readAdcRaw: raw24=0xFFFFEB4B offset=-5301
  max11270_readAdcRaw: raw24=0xFFFFEB34 offset=-5324
  max11270_readAdcRaw: raw24=0xFFFFEB41 offset=-5311
  max11270_readAdcRaw: raw24=0xFFFFEB3C offset=-5316
  max11270_readAdcRaw: raw24=0xFFFFEB3F offset=-5313
  max11270_readAdcRaw: raw24=0xFFFFEB41 offset=-5311
  max11270_readAdcRaw: raw24=0xFFFFEB34 offset=-5324
  max11270_readAdcRaw: raw24=0xFFFFEB35 offset=-5323
  max11270_readAdcRaw: raw24=0xFFFFEB20 offset=-5344
  max11270_readAdcRaw: raw24=0xFFFFEB34 offset=-5324
  max11270_readAdcRaw: raw24=0xFFFFEB37 offset=-5321
  max11270_readAdcRaw: raw24=0xFFFFEAF8 offset=-5384
  max11270_readAdcRaw: raw24=0xFFFFEAC9 offset=-5431
  max11270_readAdcRaw: raw24=0xFFFFEADA offset=-5414
  max11270_readAdcRaw: raw24=0xFFFFEAD7 offset=-5417
  max11270_readAdcRaw: raw24=0xFFFFEAD0 offset=-5424
  max11270_readAdcRaw: raw24=0xFFFFEADE offset=-5410
  max11270_readAdcRaw: raw24=0xFFFFEAD8 offset=-5416
  max11270_readAdcRaw: raw24=0xFFFFEAE2 offset=-5406
  max11270_readAdcRaw: raw24=0xFFFFEB1A offset=-5350
  max11270_readAdcRaw: raw24=0xFFFFEB4E offset=-5298
  max11270_readAdcRaw: raw24=0xFFFFEADD offset=-5411
Periodic register check (current contents, not a rewrite):
  CTRL1 = 0x43
  CTRL2 = 0x08
  CTRL5 = 0x0F
  STAT  = 0x3002
  max11270_readAdcRaw: raw24=0xFFFFEB5D offset=-5283
  max11270_readAdcRaw: raw24=0xFFFFEB53 offset=-5293
  max11270_readAdcRaw: raw24=0xFFFFEB53 offset=-5293
  max11270_readAdcRaw: raw24=0xFFFFEB44 offset=-5308
  max11270_readAdcRaw: raw24=0xFFFFEB4D offset=-5299
  max11270_readAdcRaw: raw24=0xFFFFEB41 offset=-5311
  max11270_readAdcRaw: raw24=0xFFFFEB4A offset=-5302
  max11270_readAdcRaw: raw24=0xFFFFEB3F offset=-5313
  max11270_readAdcRaw: raw24=0xFFFFEB3D offset=-5315
  max11270_readAdcRaw: raw24=0xFFFFEB32 offset=-5326
  max11270_readAdcRaw: raw24=0xFFFFEB41 offset=-5311
  max11270_readAdcRaw: raw24=0xFFFFEB5E offset=-5282
  max11270_readAdcRaw: raw24=0xFFFFEB4C offset=-5300
  max11270_readAdcRaw: raw24=0xFFFFEB59 offset=-5287
  max11270_readAdcRaw: raw24=0xFFFFEB45 offset=-5307
  max11270_readAdcRaw: raw24=0xFFFFEB51 offset=-5295
  max11270_readAdcRaw: raw24=0xFFFFEB53 offset=-5293
  max11270_readAdcRaw: raw24=0xFFFFEB4E offset=-5298
  max11270_readAdcRaw: raw24=0xFFFFEB3F offset=-5313
  max11270_readAdcRaw: raw24=0xFFFFEB45 offset=-5307
  max11270_readAdcRaw: raw24=0xFFFFEB56 offset=-5290
  max11270_readAdcRaw: raw24=0xFFFFEB53 offset=-5293
  max11270_readAdcRaw: raw24=0xFFFFEB4B offset=-5301
  max11270_readAdcRaw: raw24=0xFFFFEB44 offset=-5308
  max11270_readAdcRaw: raw24=0xFFFFEB4F offset=-5297
  max11270_readAdcRaw: raw24=0xFFFFEB4B offset=-5301
  max11270_readAdcRaw: raw24=0xFFFFEB53 offset=-5293
  max11270_readAdcRaw: raw24=0xFFFFEB48 offset=-5304
  max11270_readAdcRaw: raw24=0xFFFFEB40 offset=-5312
  max11270_readAdcRaw: raw24=0xFFFFEB52 offset=-5294
  max11270_readAdcRaw: raw24=0xFFFFEB42 offset=-5310
  max11270_readAdcRaw: raw24=0xFFFFEB32 offset=-5326
  max11270_readAdcRaw: raw24=0xFFFFEAFD offset=-5379
  max11270_readAdcRaw: raw24=0xFFFFEADD offset=-5411
  max11270_readAdcRaw: raw24=0xFFFFEADE offset=-5410
  max11270_readAdcRaw: raw24=0xFFFFEADC offset=-5412
  max11270_readAdcRaw: raw24=0xFFFFEACE offset=-5426
  max11270_readAdcRaw: raw24=0xFFFFEAD2 offset=-5422
  max11270_readAdcRaw: raw24=0xFFFFEACB offset=-5429
  max11270_readAdcRaw: raw24=0xFFFFEAF5 offset=-5387
  max11270_readAdcRaw: raw24=0xFFFFEB2B offset=-5333
  max11270_readAdcRaw: raw24=0xFFFFEB43 offset=-5309
  max11270_readAdcRaw: raw24=0xFFFFEB4E offset=-5298
  max11270_readAdcRaw: raw24=0xFFFFEB56 offset=-5290
  max11270_readAdcRaw: raw24=0xFFFFEB5A offset=-5286
  max11270_readAdcRaw: raw24=0xFFFFEB55 offset=-5291
  max11270_readAdcRaw: raw24=0xFFFFEB3B offset=-5317
  max11270_readAdcRaw: raw24=0xFFFFEB4D offset=-5299
  max11270_readAdcRaw: raw24=0xFFFFEB59 offset=-5287
  max11270_readAdcRaw: raw24=0xFFFFEADE offset=-5410
Periodic register check (current contents, not a rewrite):
  CTRL1 = 0x43
  CTRL2 = 0x08
  CTRL5 = 0x0F
  STAT  = 0x3002
  max11270_readAdcRaw: raw24=0xFFFFEB4E offset=-5298
  max11270_readAdcRaw: raw24=0xFFFFEB5B offset=-5285
  max11270_readAdcRaw: raw24=0xFFFFEB4A offset=-5302
  max11270_readAdcRaw: raw24=0xFFFFEB5C offset=-5284
  max11270_readAdcRaw: raw24=0xFFFFEB50 offset=-5296
  max11270_readAdcRaw: raw24=0xFFFFEB4C offset=-5300
  max11270_readAdcRaw: raw24=0xFFFFEB42 offset=-5310
  max11270_readAdcRaw: raw24=0xFFFFEB3F offset=-5313
  max11270_readAdcRaw: raw24=0xFFFFE994 offset=-5740
  max11270_readAdcRaw: raw24=0xFFFFEB48 offset=-5304
  max11270_readAdcRaw: raw24=0xFFFFEB34 offset=-5324
  max11270_readAdcRaw: raw24=0xFFFFE987 offset=-5753
  max11270_readAdcRaw: raw24=0xFFFFEB35 offset=-5323
  max11270_readAdcRaw: raw24=0xFFFFEB2C offset=-5332
  max11270_readAdcRaw: raw24=0xFFFFEB3A offset=-5318
  max11270_readAdcRaw: raw24=0xFFFFEB2F offset=-5329
  max11270_readAdcRaw: raw24=0xFFFFEB4C offset=-5300
  max11270_readAdcRaw: raw24=0xFFFFEB46 offset=-5306
  max11270_readAdcRaw: raw24=0xFFFFEB3E offset=-5314
  max11270_readAdcRaw: raw24=0xFFFFEB3F offset=-5313
  max11270_readAdcRaw: raw24=0xFFFFEB43 offset=-5309
  max11270_readAdcRaw: raw24=0xFFFFEB39 offset=-5319
  max11270_readAdcRaw: raw24=0xFFFFEB37 offset=-5321
  max11270_readAdcRaw: raw24=0xFFFFEB3C offset=-5316
  max11270_readAdcRaw: raw24=0xFFFFEB04 offset=-5372
  max11270_readAdcRaw: raw24=0xFFFFEACE offset=-5426
  max11270_readAdcRaw: raw24=0xFFFFEAD0 offset=-5424
  max11270_readAdcRaw: raw24=0xFFFFEAE2 offset=-5406
  max11270_readAdcRaw: raw24=0xFFFFEAC7 offset=-5433
  max11270_readAdcRaw: raw24=0xFFFFEADA offset=-5414
  max11270_readAdcRaw: raw24=0xFFFFEAD4 offset=-5420
  max11270_readAdcRaw: raw24=0xFFFFEAE1 offset=-5407
  max11270_readAdcRaw: raw24=0xFFFFEB05 offset=-5371
  max11270_readAdcRaw: raw24=0xFFFFEB3A offset=-5318
  max11270_readAdcRaw: raw24=0xFFFFEB3E offset=-5314
  max11270_readAdcRaw: raw24=0xFFFFEB49 offset=-5303
  max11270_readAdcRaw: raw24=0xFFFFEB50 offset=-5296
  max11270_readAdcRaw: raw24=0xFFFFEB5C offset=-5284
  max11270_readAdcRaw: raw24=0xFFFFEB4E offset=-5298
  max11270_readAdcRaw: raw24=0xFFFFEB57 offset=-5289
  max11270_readAdcRaw: raw24=0xFFFFEB57 offset=-5289
  max11270_readAdcRaw: raw24=0xFFFFEB5A offset=-5286
  max11270_readAdcRaw: raw24=0xFFFFEB64 offset=-5276
  max11270_readAdcRaw: raw24=0xFFFFEB4F offset=-5297
  max11270_readAdcRaw: raw24=0xFFFFEB52 offset=-5294
  max11270_readAdcRaw: raw24=0xFFFFEB5C offset=-5284
  max11270_readAdcRaw: raw24=0xFFFFEB56 offset=-5290
  max11270_readAdcRaw: raw24=0xFFFFEB59 offset=-5287
  max11270_readAdcRaw: raw24=0xFFFFEB47 offset=-5305
  max11270_readAdcRaw: raw24=0xFFFFEADF offset=-5409
Periodic register check (current contents, not a rewrite):
  CTRL1 = 0x43
  CTRL2 = 0x08
  CTRL5 = 0x0F
  STAT  = 0x3002
  max11270_readAdcRaw: raw24=0xFFFFEB48 offset=-5304
  max11270_readAdcRaw: raw24=0xFFFFEB4F offset=-5297
  max11270_readAdcRaw: raw24=0xFFFFEB5B offset=-5285
  max11270_readAdcRaw: raw24=0xFFFFEB45 offset=-5307
  max11270_readAdcRaw: raw24=0xFFFFEB4F offset=-5297
  max11270_readAdcRaw: raw24=0xFFFFEB4C offset=-5300
  max11270_readAdcRaw: raw24=0xFFFFEB58 offset=-5288
  max11270_readAdcRaw: raw24=0xFFFFEB51 offset=-5295
  max11270_readAdcRaw: raw24=0xFFFFEB45 offset=-5307
  max11270_readAdcRaw: raw24=0xFFFFEB51 offset=-5295
  max11270_readAdcRaw: raw24=0xFFFFEB4F offset=-5297
  max11270_readAdcRaw: raw24=0xFFFFEB55 offset=-5291
  max11270_readAdcRaw: raw24=0xFFFFEB42 offset=-5310
  max11270_readAdcRaw: raw24=0xFFFFEB31 offset=-5327
  max11270_readAdcRaw: raw24=0xFFFFEB3D offset=-5315
  max11270_readAdcRaw: raw24=0xFFFFEB39 offset=-5319
  max11270_readAdcRaw: raw24=0xFFFFEB22 offset=-5342
  max11270_readAdcRaw: raw24=0xFFFFEAEC offset=-5396
  max11270_readAdcRaw: raw24=0xFFFFEAC0 offset=-5440
  max11270_readAdcRaw: raw24=0xFFFFEAC6 offset=-5434
  max11270_readAdcRaw: raw24=0xFFFFEAC9 offset=-5431
  max11270_readAdcRaw: raw24=0xFFFFEACA offset=-5430
  max11270_readAdcRaw: raw24=0xFFFFEAC7 offset=-5433
  max11270_readAdcRaw: raw24=0xFFFFEAD2 offset=-5422
  max11270_readAdcRaw: raw24=0xFFFFEAC5 offset=-5435
  max11270_readAdcRaw: raw24=0xFFFFEB0E offset=-5362
  max11270_readAdcRaw: raw24=0xFFFFEB47 offset=-5305
  max11270_readAdcRaw: raw24=0xFFFFEB48 offset=-5304
  max11270_readAdcRaw: raw24=0xFFFFEB42 offset=-5310
  max11270_readAdcRaw: raw24=0xFFFFEB50 offset=-5296
  max11270_readAdcRaw: raw24=0xFFFFEB48 offset=-5304
  max11270_readAdcRaw: raw24=0xFFFFEB41 offset=-5311
  max11270_readAdcRaw: raw24=0xFFFFEB36 offset=-5322
  max11270_readAdcRaw: raw24=0xFFFFEB30 offset=-5328
  max11270_readAdcRaw: raw24=0xFFFFEB3E offset=-5314
  max11270_readAdcRaw: raw24=0xFFFFEB43 offset=-5309
  max11270_readAdcRaw: raw24=0xFFFFEB3D offset=-5315
  max11270_readAdcRaw: raw24=0xFFFFEB3E offset=-5314
  max11270_readAdcRaw: raw24=0xFFFFEB38 offset=-5320
  max11270_readAdcRaw: raw24=0xFFFFEB4E offset=-5298
  max11270_readAdcRaw: raw24=0xFFFFEB40 offset=-5312
  max11270_readAdcRaw: raw24=0xFFFFEB4E offset=-5298
  max11270_readAdcRaw: raw24=0xFFFFEB3E offset=-5314
  max11270_readAdcRaw: raw24=0xFFFFEB2C offset=-5332
  max11270_readAdcRaw: raw24=0xFFFFEB42 offset=-5310
  max11270_readAdcRaw: raw24=0xFFFFEB3A offset=-5318
  max11270_readAdcRaw: raw24=0xFFFFEB3B offset=-5317
  max11270_readAdcRaw: raw24=0xFFFFEB3A offset=-5318
  max11270_readAdcRaw: raw24=0xFFFFEB3B offset=-5317
  max11270_readAdcRaw: raw24=0xFFFFEAD2 offset=-5422
Periodic register check (current contents, not a rewrite):
  CTRL1 = 0x43
  CTRL2 = 0x08
  CTRL5 = 0x0F
  STAT  = 0x3002
  max11270_readAdcRaw: raw24=0xFFFFEB3F offset=-5313
  max11270_readAdcRaw: raw24=0xFFFFEB49 offset=-5303
  max11270_readAdcRaw: raw24=0xFFFFEB39 offset=-5319
  max11270_readAdcRaw: raw24=0xFFFFEB39 offset=-5319
  max11270_readAdcRaw: raw24=0xFFFFEB53 offset=-5293
  max11270_readAdcRaw: raw24=0xFFFFEB58 offset=-5288
  max11270_readAdcRaw: raw24=0xFFFFEB48 offset=-5304
  max11270_readAdcRaw: raw24=0xFFFFEB48 offset=-5304
  max11270_readAdcRaw: raw24=0xFFFFEB44 offset=-5308
  max11270_readAdcRaw: raw24=0xFFFFEB2A offset=-5334
  max11270_readAdcRaw: raw24=0xFFFFEACB offset=-5429
  max11270_readAdcRaw: raw24=0xFFFFEAC6 offset=-5434
  max11270_readAdcRaw: raw24=0xFFFFEAC8 offset=-5432
  max11270_readAdcRaw: raw24=0xFFFFEAD2 offset=-5422
  max11270_readAdcRaw: raw24=0xFFFFEAD0 offset=-5424
  max11270_readAdcRaw: raw24=0xFFFFEAD2 offset=-5422
  max11270_readAdcRaw: raw24=0xFFFFEAC2 offset=-5438
  max11270_readAdcRaw: raw24=0xFFFFEAE0 offset=-5408
  max11270_readAdcRaw: raw24=0xFFFFEB1B offset=-5349
  max11270_readAdcRaw: raw24=0xFFFFEB3B offset=-5317
  max11270_readAdcRaw: raw24=0xFFFFEB39 offset=-5319
  max11270_readAdcRaw: raw24=0xFFFFEB3E offset=-5314
  max11270_readAdcRaw: raw24=0xFFFFEB32 offset=-5326
  max11270_readAdcRaw: raw24=0xFFFFEB45 offset=-5307
  max11270_readAdcRaw: raw24=0xFFFFEB43 offset=-5309
  max11270_readAdcRaw: raw24=0xFFFFEB35 offset=-5323
  max11270_readAdcRaw: raw24=0xFFFFEB43 offset=-5309
  max11270_readAdcRaw: raw24=0xFFFFEB3A offset=-5318
  max11270_readAdcRaw: raw24=0xFFFFEB2E offset=-5330
  max11270_readAdcRaw: raw24=0xFFFFEB38 offset=-5320
  max11270_readAdcRaw: raw24=0xFFFFEB3C offset=-5316
  max11270_readAdcRaw: raw24=0xFFFFEB34 offset=-5324
  max11270_readAdcRaw: raw24=0xFFFFEB40 offset=-5312
  max11270_readAdcRaw: raw24=0xFFFFEB36 offset=-5322
  max11270_readAdcRaw: raw24=0xFFFFEB44 offset=-5308
  max11270_readAdcRaw: raw24=0xFFFFEB40 offset=-5312
  max11270_readAdcRaw: raw24=0xFFFFEB35 offset=-5323
  max11270_readAdcRaw: raw24=0xFFFFEB30 offset=-5328
  max11270_readAdcRaw: raw24=0xFFFFEB34 offset=-5324
  max11270_readAdcRaw: raw24=0xFFFFEB3C offset=-5316
  max11270_readAdcRaw: raw24=0xFFFFEB35 offset=-5323
  max11270_readAdcRaw: raw24=0xFFFFEB3B offset=-5317
  max11270_readAdcRaw: raw24=0xFFFFEB36 offset=-5322
  max11270_readAdcRaw: raw24=0xFFFFEB35 offset=-5323
  max11270_readAdcRaw: raw24=0xFFFFEB48 offset=-5304
  max11270_readAdcRaw: raw24=0xFFFFEB3B offset=-5317
  max11270_readAdcRaw: raw24=0xFFFFEB45 offset=-5307
  max11270_readAdcRaw: raw24=0xFFFFEB3D offset=-5315
  max11270_readAdcRaw: raw24=0xFFFFEB40 offset=-5312
  max11270_readAdcRaw: raw24=0xFFFFEACF offset=-5425
Periodic register check (current contents, not a rewrite):
  CTRL1 = 0x43
  CTRL2 = 0x08
  CTRL5 = 0x0F
  STAT  = 0x3002
  max11270_readAdcRaw: raw24=0xFFFFEB43 offset=-5309
  max11270_readAdcRaw: raw24=0xFFFFEB45 offset=-5307
  max11270_readAdcRaw: raw24=0xFFFFEB16 offset=-5354
  max11270_readAdcRaw: raw24=0xFFFFEAE6 offset=-5402
  max11270_readAdcRaw: raw24=0xFFFFEADE offset=-5410
  max11270_readAdcRaw: raw24=0xFFFFEACF offset=-5425
  max11270_readAdcRaw: raw24=0xFFFFEAC7 offset=-5433
  max11270_readAdcRaw: raw24=0xFFFFEACF offset=-5425
  max11270_readAdcRaw: raw24=0xFFFFEADF offset=-5409
  max11270_readAdcRaw: raw24=0xFFFFEAE4 offset=-5404
  max11270_readAdcRaw: raw24=0xFFFFEB06 offset=-5370
  max11270_readAdcRaw: raw24=0xFFFFEB33 offset=-5325
  max11270_readAdcRaw: raw24=0xFFFFEB50 offset=-5296
  max11270_readAdcRaw: raw24=0xFFFFEB48 offset=-5304
  max11270_readAdcRaw: raw24=0xFFFFEB50 offset=-5296
  max11270_readAdcRaw: raw24=0xFFFFEB41 offset=-5311
  max11270_readAdcRaw: raw24=0xFFFFEB4B offset=-5301
  max11270_readAdcRaw: raw24=0xFFFFEB3B offset=-5317
  max11270_readAdcRaw: raw24=0xFFFFEB4F offset=-5297
  max11270_readAdcRaw: raw24=0xFFFFEB3B offset=-5317
  max11270_readAdcRaw: raw24=0xFFFFEB3D offset=-5315
  max11270_readAdcRaw: raw24=0xFFFFEB3F offset=-5313
  max11270_readAdcRaw: raw24=0xFFFFEB4C offset=-5300
  max11270_readAdcRaw: raw24=0xFFFFEB45 offset=-5307
  max11270_readAdcRaw: raw24=0xFFFFEB56 offset=-5290
  max11270_readAdcRaw: raw24=0xFFFFEB53 offset=-5293
  max11270_readAdcRaw: raw24=0xFFFFEB5B offset=-5285
  max11270_readAdcRaw: raw24=0xFFFFEB4D offset=-5299
  max11270_readAdcRaw: raw24=0xFFFFEB61 offset=-5279
  max11270_readAdcRaw: raw24=0xFFFFEB5C offset=-5284
  max11270_readAdcRaw: raw24=0xFFFFEB53 offset=-5293
  max11270_readAdcRaw: raw24=0xFFFFEB54 offset=-5292
  max11270_readAdcRaw: raw24=0xFFFFEB4D offset=-5299
  max11270_readAdcRaw: raw24=0xFFFFEB4B offset=-5301
  max11270_readAdcRaw: raw24=0xFFFFEB4E offset=-5298
  max11270_readAdcRaw: raw24=0xFFFFEB45 offset=-5307
  max11270_readAdcRaw: raw24=0xFFFFEB53 offset=-5293
  max11270_readAdcRaw: raw24=0xFFFFEB58 offset=-5288
  max11270_readAdcRaw: raw24=0xFFFFEB4E offset=-5298
  max11270_readAdcRaw: raw24=0xFFFFEB39 offset=-5319
  max11270_readAdcRaw: raw24=0xFFFFEB3D offset=-5315
  max11270_readAdcRaw: raw24=0xFFFFEB46 offset=-5306
  max11270_readAdcRaw: raw24=0xFFFFEB49 offset=-5303
  max11270_readAdcRaw: raw24=0xFFFFEB4A offset=-5302
  max11270_readAdcRaw: raw24=0xFFFFEB27 offset=-5337
  max11270_readAdcRaw: raw24=0xFFFFEB05 offset=-5371
  max11270_readAdcRaw: raw24=0xFFFFEADF offset=-5409
  max11270_readAdcRaw: raw24=0xFFFFEAE2 offset=-5406
  max11270_readAdcRaw: raw24=0xFFFFEAE9 offset=-5399
  max11270_readAdcRaw: raw24=0xFFFFEA7F offset=-5505
Periodic register check (current contents, not a rewrite):
  CTRL1 = 0x43
  CTRL2 = 0x08
  CTRL5 = 0x0F
  STAT  = 0x3002
  max11270_readAdcRaw: raw24=0xFFFFEAE5 offset=-5403
  max11270_readAdcRaw: raw24=0xFFFFEADA offset=-5414
  max11270_readAdcRaw: raw24=0xFFFFEAED offset=-5395
  max11270_readAdcRaw: raw24=0xFFFFEB25 offset=-5339
  max11270_readAdcRaw: raw24=0xFFFFEB50 offset=-5296
  max11270_readAdcRaw: raw24=0xFFFFEB48 offset=-5304
  max11270_readAdcRaw: raw24=0xFFFFEB54 offset=-5292
  max11270_readAdcRaw: raw24=0xFFFFEB4A offset=-5302
  max11270_readAdcRaw: raw24=0xFFFFEB56 offset=-5290
  max11270_readAdcRaw: raw24=0xFFFFEB42 offset=-5310
  max11270_readAdcRaw: raw24=0xFFFFEB56 offset=-5290
  max11270_readAdcRaw: raw24=0xFFFFEB57 offset=-5289
  max11270_readAdcRaw: raw24=0xFFFFEB52 offset=-5294
  max11270_readAdcRaw: raw24=0xFFFFEB51 offset=-5295
  max11270_readAdcRaw: raw24=0xFFFFEB51 offset=-5295
  max11270_readAdcRaw: raw24=0xFFFFEB51 offset=-5295
  max11270_readAdcRaw: raw24=0xFFFFEB3D offset=-5315
  max11270_readAdcRaw: raw24=0xFFFFEB59 offset=-5287
  max11270_readAdcRaw: raw24=0xFFFFE9A9 offset=-5719
  max11270_readAdcRaw: raw24=0xFFFFEB4F offset=-5297
  max11270_readAdcRaw: raw24=0xFFFFEB45 offset=-5307
  max11270_readAdcRaw: raw24=0xFFFFE9A0 offset=-5728
  max11270_readAdcRaw: raw24=0xFFFFEB4B offset=-5301
  max11270_readAdcRaw: raw24=0xFFFFE9AC offset=-5716
  max11270_readAdcRaw: raw24=0xFFFFEB4B offset=-5301
  max11270_readAdcRaw: raw24=0xFFFFE9AA offset=-5718
  max11270_readAdcRaw: raw24=0xFFFFEB46 offset=-5306
  max11270_readAdcRaw: raw24=0xFFFFEB3E offset=-5314
  max11270_readAdcRaw: raw24=0xFFFFEB4C offset=-5300
  max11270_readAdcRaw: raw24=0xFFFFEB52 offset=-5294
  max11270_readAdcRaw: raw24=0xFFFFEB4C offset=-5300
  max11270_readAdcRaw: raw24=0xFFFFEB4B offset=-5301
  max11270_readAdcRaw: raw24=0xFFFFEB44 offset=-5308
  max11270_readAdcRaw: raw24=0xFFFFEB61 offset=-5279
  max11270_readAdcRaw: raw24=0xFFFFEB41 offset=-5311
  max11270_readAdcRaw: raw24=0xFFFFEB45 offset=-5307
  max11270_readAdcRaw: raw24=0xFFFFEB4C offset=-5300
  max11270_readAdcRaw: raw24=0xFFFFEB22 offset=-5342
  max11270_readAdcRaw: raw24=0xFFFFEAF3 offset=-5389
  max11270_readAdcRaw: raw24=0xFFFFEAC7 offset=-5433
  max11270_readAdcRaw: raw24=0xFFFFEAD9 offset=-5415
  max11270_readAdcRaw: raw24=0xFFFFEAE7 offset=-5401
  max11270_readAdcRaw: raw24=0xFFFFEACA offset=-5430
  max11270_readAdcRaw: raw24=0xFFFFEAEB offset=-5397
  max11270_readAdcRaw: raw24=0xFFFFEADD offset=-5411
  max11270_readAdcRaw: raw24=0xFFFFEAFC offset=-5380
  max11270_readAdcRaw: raw24=0xFFFFEB2A offset=-5334
  max11270_readAdcRaw: raw24=0xFFFFEB43 offset=-5309
  max11270_readAdcRaw: raw24=0xFFFFEB41 offset=-5311
  max11270_readAdcRaw: raw24=0xFFFFEACF offset=-5425
Periodic register check (current contents, not a rewrite):
  CTRL1 = 0x43
  CTRL2 = 0x08
  CTRL5 = 0x0F
  STAT  = 0x3002
  max11270_readAdcRaw: raw24=0xFFFFEB43 offset=-5309
  max11270_readAdcRaw: raw24=0xFFFFEB48 offset=-5304
  max11270_readAdcRaw: raw24=0xFFFFEB44 offset=-5308
  max11270_readAdcRaw: raw24=0xFFFFEB53 offset=-5293
  max11270_readAdcRaw: raw24=0xFFFFEB4C offset=-5300
  max11270_readAdcRaw: raw24=0xFFFFEB51 offset=-5295
  max11270_readAdcRaw: raw24=0xFFFFEB4A offset=-5302
  max11270_readAdcRaw: raw24=0xFFFFEB51 offset=-5295
  max11270_readAdcRaw: raw24=0xFFFFEB44 offset=-5308
  max11270_readAdcRaw: raw24=0xFFFFEA79 offset=-5511
  max11270_readAdcRaw: raw24=0xFFFFEB2F offset=-5329
  max11270_readAdcRaw: raw24=0xFFFFEB45 offset=-5307
  max11270_readAdcRaw: raw24=0xFFFFE9DA offset=-5670
  max11270_readAdcRaw: raw24=0xFFFFEB3E offset=-5314
  max11270_readAdcRaw: raw24=0xFFFFEB38 offset=-5320
  max11270_readAdcRaw: raw24=0xFFFFEB33 offset=-5325
  max11270_readAdcRaw: raw24=0xFFFFEB30 offset=-5328
  max11270_readAdcRaw: raw24=0xFFFFEB23 offset=-5341
  max11270_readAdcRaw: raw24=0xFFFFEB40 offset=-5312
  max11270_readAdcRaw: raw24=0xFFFFEB47 offset=-5305
  max11270_readAdcRaw: raw24=0xFFFFEB53 offset=-5293
  max11270_readAdcRaw: raw24=0xFFFFEB49 offset=-5303
  max11270_readAdcRaw: raw24=0xFFFFEB48 offset=-5304
  max11270_readAdcRaw: raw24=0xFFFFEB56 offset=-5290
  max11270_readAdcRaw: raw24=0xFFFFEB4F offset=-5297
  max11270_readAdcRaw: raw24=0xFFFFEB5B offset=-5285
  max11270_readAdcRaw: raw24=0xFFFFEB56 offset=-5290
  max11270_readAdcRaw: raw24=0xFFFFEB4D offset=-5299
  max11270_readAdcRaw: raw24=0xFFFFEB57 offset=-5289
  max11270_readAdcRaw: raw24=0xFFFFEB35 offset=-5323
  max11270_readAdcRaw: raw24=0xFFFFEB08 offset=-5368
  max11270_readAdcRaw: raw24=0xFFFFEAD4 offset=-5420
  max11270_readAdcRaw: raw24=0xFFFFEAD0 offset=-5424
  max11270_readAdcRaw: raw24=0xFFFFEAD8 offset=-5416
  max11270_readAdcRaw: raw24=0xFFFFEAC5 offset=-5435
  max11270_readAdcRaw: raw24=0xFFFFEAD0 offset=-5424
  max11270_readAdcRaw: raw24=0xFFFFEADC offset=-5412
  max11270_readAdcRaw: raw24=0xFFFFEAE2 offset=-5406
  max11270_readAdcRaw: raw24=0xFFFFEB18 offset=-5352
  max11270_readAdcRaw: raw24=0xFFFFEB55 offset=-5291
  max11270_readAdcRaw: raw24=0xFFFFEB57 offset=-5289
  max11270_readAdcRaw: raw24=0xFFFFEB53 offset=-5293
  max11270_readAdcRaw: raw24=0xFFFFEB5D offset=-5283
  max11270_readAdcRaw: raw24=0xFFFFEB47 offset=-5305
  max11270_readAdcRaw: raw24=0xFFFFEB3F offset=-5313
  max11270_readAdcRaw: raw24=0xFFFFEB3B offset=-5317
  max11270_readAdcRaw: raw24=0xFFFFEB2F offset=-5329
  max11270_readAdcRaw: raw24=0xFFFFEB3F offset=-5313
  max11270_readAdcRaw: raw24=0xFFFFEB48 offset=-5304
  max11270_readAdcRaw: raw24=0xFFFFEADA offset=-5414
Periodic register check (current contents, not a rewrite):
  CTRL1 = 0x43
  CTRL2 = 0x08
  CTRL5 = 0x0F
  STAT  = 0x3002
  max11270_readAdcRaw: raw24=0xFFFFEB42 offset=-5310
  max11270_readAdcRaw: raw24=0xFFFFEB4B offset=-5301
  max11270_readAdcRaw: raw24=0xFFFFEB55 offset=-5291
  max11270_readAdcRaw: raw24=0xFFFFEB56 offset=-5290
  max11270_readAdcRaw: raw24=0xFFFFEB48 offset=-5304
  max11270_readAdcRaw: raw24=0xFFFFEB4F offset=-5297
  max11270_readAdcRaw: raw24=0xFFFFEB2B offset=-5333
  max11270_readAdcRaw: raw24=0xFFFFEB54 offset=-5292
  max11270_readAdcRaw: raw24=0xFFFFEB40 offset=-5312
  max11270_readAdcRaw: raw24=0xFFFFEB4C offset=-5300
  max11270_readAdcRaw: raw24=0xFFFFEB43 offset=-5309
  max11270_readAdcRaw: raw24=0xFFFFEB44 offset=-5308
  max11270_readAdcRaw: raw24=0xFFFFEB57 offset=-5289
  max11270_readAdcRaw: raw24=0xFFFFEB59 offset=-5287
  max11270_readAdcRaw: raw24=0xFFFFEB43 offset=-5309
  max11270_readAdcRaw: raw24=0xFFFFEB43 offset=-5309
  max11270_readAdcRaw: raw24=0xFFFFEB3D offset=-5315
  max11270_readAdcRaw: raw24=0xFFFFEB3A offset=-5318
  max11270_readAdcRaw: raw24=0xFFFFEB50 offset=-5296
  max11270_readAdcRaw: raw24=0xFFFFEB3B offset=-5317
  max11270_readAdcRaw: raw24=0xFFFFEB3D offset=-5315
  max11270_readAdcRaw: raw24=0xFFFFEB42 offset=-5310
  max11270_readAdcRaw: raw24=0xFFFFEB2E offset=-5330
  max11270_readAdcRaw: raw24=0xFFFFEAFE offset=-5378
  max11270_readAdcRaw: raw24=0xFFFFEADB offset=-5413
  max11270_readAdcRaw: raw24=0xFFFFEAE5 offset=-5403
  max11270_readAdcRaw: raw24=0xFFFFEADC offset=-5412
  max11270_readAdcRaw: raw24=0xFFFFEADC offset=-5412
  max11270_readAdcRaw: raw24=0xFFFFEAEA offset=-5398
  max11270_readAdcRaw: raw24=0xFFFFEAD8 offset=-5416
  max11270_readAdcRaw: raw24=0xFFFFEAD9 offset=-5415
  max11270_readAdcRaw: raw24=0xFFFFEB09 offset=-5367
  max11270_readAdcRaw: raw24=0xFFFFEB2E offset=-5330
  max11270_readAdcRaw: raw24=0xFFFFEB3F offset=-5313
  max11270_readAdcRaw: raw24=0xFFFFEB47 offset=-5305
  max11270_readAdcRaw: raw24=0xFFFFEB41 offset=-5311
  max11270_readAdcRaw: raw24=0xFFFFEB44 offset=-5308
  max11270_readAdcRaw: raw24=0xFFFFEB4C offset=-5300
  max11270_readAdcRaw: raw24=0xFFFFEB34 offset=-5324
  max11270_readAdcRaw: raw24=0xFFFFEB37 offset=-5321
  max11270_readAdcRaw: raw24=0xFFFFEB3A offset=-5318
  max11270_readAdcRaw: raw24=0xFFFFEB40 offset=-5312
  max11270_readAdcRaw: raw24=0xFFFFEB4C offset=-5300
  max11270_readAdcRaw: raw24=0xFFFFEB48 offset=-5304
  max11270_readAdcRaw: raw24=0xFFFFEB5B offset=-5285
  max11270_readAdcRaw: raw24=0xFFFFEB56 offset=-5290
  max11270_readAdcRaw: raw24=0xFFFFEB4A offset=-5302
  max11270_readAdcRaw: raw24=0xFFFFEB3F offset=-5313
  max11270_readAdcRaw: raw24=0xFFFFEB54 offset=-5292
  max11270_readAdcRaw: raw24=0xFFFFEAE6 offset=-5402
Periodic register check (current contents, not a rewrite):
  CTRL1 = 0x43
  CTRL2 = 0x08
  CTRL5 = 0x0F
  STAT  = 0x3002
  max11270_readAdcRaw: raw24=0xFFFFEB46 offset=-5306
  max11270_readAdcRaw: raw24=0xFFFFEB52 offset=-5294
  max11270_readAdcRaw: raw24=0xFFFFEB57 offset=-5289
  max11270_readAdcRaw: raw24=0xFFFFEB4D offset=-5299
  max11270_readAdcRaw: raw24=0xFFFFEB4F offset=-5297
  max11270_readAdcRaw: raw24=0xFFFFEB4B offset=-5301
  max11270_readAdcRaw: raw24=0xFFFFEB53 offset=-5293
  max11270_readAdcRaw: raw24=0xFFFFEB62 offset=-5278
  max11270_readAdcRaw: raw24=0xFFFFEB5E offset=-5282
  max11270_readAdcRaw: raw24=0xFFFFEB52 offset=-5294
  max11270_readAdcRaw: raw24=0xFFFFEB53 offset=-5293
  max11270_readAdcRaw: raw24=0xFFFFEB49 offset=-5303
  max11270_readAdcRaw: raw24=0xFFFFEB54 offset=-5292
  max11270_readAdcRaw: raw24=0xFFFFEB5E offset=-5282
  max11270_readAdcRaw: raw24=0xFFFFEB4A offset=-5302
  max11270_readAdcRaw: raw24=0xFFFFEB1E offset=-5346
  max11270_readAdcRaw: raw24=0xFFFFEAF7 offset=-5385
  max11270_readAdcRaw: raw24=0xFFFFEAD6 offset=-5418
  max11270_readAdcRaw: raw24=0xFFFFEADD offset=-5411
  max11270_readAdcRaw: raw24=0xFFFFEAEA offset=-5398
  max11270_readAdcRaw: raw24=0xFFFFEAEF offset=-5393
  max11270_readAdcRaw: raw24=0xFFFFEAE4 offset=-5404
  max11270_readAdcRaw: raw24=0xFFFFEAD6 offset=-5418
  max11270_readAdcRaw: raw24=0xFFFFEB0D offset=-5363
  max11270_readAdcRaw: raw24=0xFFFFEB42 offset=-5310
  max11270_readAdcRaw: raw24=0xFFFFEB5A offset=-5286
  max11270_readAdcRaw: raw24=0xFFFFEB58 offset=-5288
  max11270_readAdcRaw: raw24=0xFFFFEB5C offset=-5284
  max11270_readAdcRaw: raw24=0xFFFFEB54 offset=-5292
  max11270_readAdcRaw: raw24=0xFFFFEB59 offset=-5287
  max11270_readAdcRaw: raw24=0xFFFFEB5A offset=-5286
  max11270_readAdcRaw: raw24=0xFFFFEB59 offset=-5287
  max11270_readAdcRaw: raw24=0xFFFFEB4F offset=-5297
  max11270_readAdcRaw: raw24=0xFFFFEB5A offset=-5286
  max11270_readAdcRaw: raw24=0xFFFFEB59 offset=-5287
  max11270_readAdcRaw: raw24=0xFFFFEB4E offset=-5298
  max11270_readAdcRaw: raw24=0xFFFFEB4E offset=-5298
  max11270_readAdcRaw: raw24=0xFFFFEB5B offset=-5285
  max11270_readAdcRaw: raw24=0xFFFFEB5F offset=-5281
  max11270_readAdcRaw: raw24=0xFFFFEB5A offset=-5286
  max11270_readAdcRaw: raw24=0xFFFFEB56 offset=-5290
  max11270_readAdcRaw: raw24=0xFFFFEB4C offset=-5300
  max11270_readAdcRaw: raw24=0xFFFFEB54 offset=-5292
  max11270_readAdcRaw: raw24=0xFFFFEB4B offset=-5301
  max11270_readAdcRaw: raw24=0xFFFFEB43 offset=-5309
  max11270_readAdcRaw: raw24=0xFFFFEB42 offset=-5310
  max11270_readAdcRaw: raw24=0xFFFFEB43 offset=-5309
  max11270_readAdcRaw: raw24=0xFFFFEB44 offset=-5308
  max11270_readAdcRaw: raw24=0xFFFFEB2F offset=-5329
  max11270_readAdcRaw: raw24=0xFFFFEAE0 offset=-5408
Periodic register check (current contents, not a rewrite):
  CTRL1 = 0x43
  CTRL2 = 0x08
  CTRL5 = 0x0F
  STAT  = 0x3002
  max11270_readAdcRaw: raw24=0xFFFFEB3C offset=-5316
  max11270_readAdcRaw: raw24=0xFFFFEB43 offset=-5309
  max11270_readAdcRaw: raw24=0xFFFFEB4E offset=-5298
  max11270_readAdcRaw: raw24=0xFFFFEB48 offset=-5304
  max11270_readAdcRaw: raw24=0xFFFFEB40 offset=-5312
  max11270_readAdcRaw: raw24=0xFFFFEB3F offset=-5313
  max11270_readAdcRaw: raw24=0xFFFFEB43 offset=-5309
  max11270_readAdcRaw: raw24=0xFFFFEB38 offset=-5320
  max11270_readAdcRaw: raw24=0xFFFFEAFB offset=-5381
  max11270_readAdcRaw: raw24=0xFFFFEADA offset=-5414
  max11270_readAdcRaw: raw24=0xFFFFEACE offset=-5426
  max11270_readAdcRaw: raw24=0xFFFFEACD offset=-5427
  max11270_readAdcRaw: raw24=0xFFFFEADD offset=-5411
  max11270_readAdcRaw: raw24=0xFFFFEAD3 offset=-5421
  max11270_readAdcRaw: raw24=0xFFFFEADE offset=-5410
  max11270_readAdcRaw: raw24=0xFFFFEAE3 offset=-5405
  max11270_readAdcRaw: raw24=0xFFFFEAFF offset=-5377
  max11270_readAdcRaw: raw24=0xFFFFEB39 offset=-5319
  max11270_readAdcRaw: raw24=0xFFFFEB3B offset=-5317
  max11270_readAdcRaw: raw24=0xFFFFEB33 offset=-5325
  max11270_readAdcRaw: raw24=0xFFFFEB44 offset=-5308
  max11270_readAdcRaw: raw24=0xFFFFEB58 offset=-5288
  max11270_readAdcRaw: raw24=0xFFFFEB5A offset=-5286
  max11270_readAdcRaw: raw24=0xFFFFEB45 offset=-5307
  max11270_readAdcRaw: raw24=0xFFFFEB43 offset=-5309
  max11270_readAdcRaw: raw24=0xFFFFEB4D offset=-5299
  max11270_readAdcRaw: raw24=0xFFFFEB60 offset=-5280
  max11270_readAdcRaw: raw24=0xFFFFEB59 offset=-5287
  max11270_readAdcRaw: raw24=0xFFFFE9C5 offset=-5691
  max11270_readAdcRaw: raw24=0xFFFFEB5C offset=-5284
  max11270_readAdcRaw: raw24=0xFFFFE9BD offset=-5699
  max11270_readAdcRaw: raw24=0xFFFFEB53 offset=-5293
  max11270_readAdcRaw: raw24=0xFFFFE9B3 offset=-5709
  max11270_readAdcRaw: raw24=0xFFFFEB62 offset=-5278
  max11270_readAdcRaw: raw24=0xFFFFE9BE offset=-5698
  max11270_readAdcRaw: raw24=0xFFFFEB65 offset=-5275
  max11270_readAdcRaw: raw24=0xFFFFE9D7 offset=-5673
  max11270_readAdcRaw: raw24=0xFFFFEB5C offset=-5284
  max11270_readAdcRaw: raw24=0xFFFFE9D0 offset=-5680
  max11270_readAdcRaw: raw24=0xFFFFEB6F offset=-5265
  max11270_readAdcRaw: raw24=0xFFFFEB69 offset=-5271
  max11270_readAdcRaw: raw24=0xFFFFEB75 offset=-5259
  max11270_readAdcRaw: raw24=0xFFFFEB64 offset=-5276
  max11270_readAdcRaw: raw24=0xFFFFEB62 offset=-5278
  max11270_readAdcRaw: raw24=0xFFFFEB66 offset=-5274
  max11270_readAdcRaw: raw24=0xFFFFEB79 offset=-5255
  max11270_readAdcRaw: raw24=0xFFFFEB68 offset=-5272
  max11270_readAdcRaw: raw24=0xFFFFEB76 offset=-5258
  max11270_readAdcRaw: raw24=0xFFFFEB63 offset=-5277
  max11270_readAdcRaw: raw24=0xFFFFEB03 offset=-5373
Periodic register check (current contents, not a rewrite):
  CTRL1 = 0x43
  CTRL2 = 0x08
  CTRL5 = 0x0F
  STAT  = 0x3002
  max11270_readAdcRaw: raw24=0xFFFFEB55 offset=-5291
  max11270_readAdcRaw: raw24=0xFFFFEB13 offset=-5357
  max11270_readAdcRaw: raw24=0xFFFFEAF4 offset=-5388
  max11270_readAdcRaw: raw24=0xFFFFEAFF offset=-5377
  max11270_readAdcRaw: raw24=0xFFFFEAF4 offset=-5388
  max11270_readAdcRaw: raw24=0xFFFFEAFA offset=-5382
  max11270_readAdcRaw: raw24=0xFFFFEAF4 offset=-5388
  max11270_readAdcRaw: raw24=0xFFFFEB0A offset=-5366
  max11270_readAdcRaw: raw24=0xFFFFEB1F offset=-5345
  max11270_readAdcRaw: raw24=0xFFFFEB4F offset=-5297
  max11270_readAdcRaw: raw24=0xFFFFEB5B offset=-5285
  max11270_readAdcRaw: raw24=0xFFFFEB64 offset=-5276
  max11270_readAdcRaw: raw24=0xFFFFEB65 offset=-5275
  max11270_readAdcRaw: raw24=0xFFFFEB5B offset=-5285
  max11270_readAdcRaw: raw24=0xFFFFEB63 offset=-5277
  max11270_readAdcRaw: raw24=0xFFFFEB5F offset=-5281
  max11270_readAdcRaw: raw24=0xFFFFEB67 offset=-5273
  max11270_readAdcRaw: raw24=0xFFFFEB64 offset=-5276
  max11270_readAdcRaw: raw24=0xFFFFEB5D offset=-5283
  max11270_readAdcRaw: raw24=0xFFFFEB64 offset=-5276
  max11270_readAdcRaw: raw24=0xFFFFEB55 offset=-5291
  max11270_readAdcRaw: raw24=0xFFFFEB53 offset=-5293
  max11270_readAdcRaw: raw24=0xFFFFEB5A offset=-5286
  max11270_readAdcRaw: raw24=0xFFFFEB64 offset=-5276
  max11270_readAdcRaw: raw24=0xFFFFEB68 offset=-5272
  max11270_readAdcRaw: raw24=0xFFFFEB5B offset=-5285
  max11270_readAdcRaw: raw24=0xFFFFEB6E offset=-5266
  max11270_readAdcRaw: raw24=0xFFFFEB6E offset=-5266
  max11270_readAdcRaw: raw24=0xFFFFEB6B offset=-5269
  max11270_readAdcRaw: raw24=0xFFFFEB5F offset=-5281
  max11270_readAdcRaw: raw24=0xFFFFEB63 offset=-5277
  max11270_readAdcRaw: raw24=0xFFFFEB56 offset=-5290
  max11270_readAdcRaw: raw24=0xFFFFEB57 offset=-5289
  max11270_readAdcRaw: raw24=0xFFFFEB58 offset=-5288
  max11270_readAdcRaw: raw24=0xFFFFEB5B offset=-5285
  max11270_readAdcRaw: raw24=0xFFFFEB56 offset=-5290
  max11270_readAdcRaw: raw24=0xFFFFEB5F offset=-5281
  max11270_readAdcRaw: raw24=0xFFFFEB5E offset=-5282
  max11270_readAdcRaw: raw24=0xFFFFEB58 offset=-5288
  max11270_readAdcRaw: raw24=0xFFFFEB60 offset=-5280
  max11270_readAdcRaw: raw24=0xFFFFEB5A offset=-5286
  max11270_readAdcRaw: raw24=0xFFFFEB67 offset=-5273
  max11270_readAdcRaw: raw24=0xFFFFEB61 offset=-5279
  max11270_readAdcRaw: raw24=0xFFFFEAFA offset=-5382
  max11270_readAdcRaw: raw24=0xFFFFEAF9 offset=-5383
  max11270_readAdcRaw: raw24=0xFFFFEAFE offset=-5378
  max11270_readAdcRaw: raw24=0xFFFFEAE3 offset=-5405
  max11270_readAdcRaw: raw24=0xFFFFEAE0 offset=-5408
  max11270_readAdcRaw: raw24=0xFFFFEADE offset=-5410
  max11270_readAdcRaw: raw24=0xFFFFEAB1 offset=-5455
Periodic register check (current contents, not a rewrite):
  CTRL1 = 0x43
  CTRL2 = 0x08
  CTRL5 = 0x0F
  STAT  = 0x3002
  max11270_readAdcRaw: raw24=0xFFFFEAE9 offset=-5399
  max11270_readAdcRaw: raw24=0xFFFFEB07 offset=-5369
  max11270_readAdcRaw: raw24=0xFFFFEB4D offset=-5299
  max11270_readAdcRaw: raw24=0xFFFFEB4D offset=-5299
  max11270_readAdcRaw: raw24=0xFFFFEB53 offset=-5293
  max11270_readAdcRaw: raw24=0xFFFFEB4A offset=-5302
  max11270_readAdcRaw: raw24=0xFFFFEB58 offset=-5288
  max11270_readAdcRaw: raw24=0xFFFFEB44 offset=-5308
  max11270_readAdcRaw: raw24=0xFFFFEB39 offset=-5319
  max11270_readAdcRaw: raw24=0xFFFFEB42 offset=-5310
  max11270_readAdcRaw: raw24=0xFFFFEB40 offset=-5312
  max11270_readAdcRaw: raw24=0xFFFFEB3B offset=-5317
  max11270_readAdcRaw: raw24=0xFFFFEB46 offset=-5306
  max11270_readAdcRaw: raw24=0xFFFFEB47 offset=-5305
  max11270_readAdcRaw: raw24=0xFFFFEB54 offset=-5292
  max11270_readAdcRaw: raw24=0xFFFFEB40 offset=-5312
  max11270_readAdcRaw: raw24=0xFFFFEB4D offset=-5299
  max11270_readAdcRaw: raw24=0xFFFFEB47 offset=-5305
  max11270_readAdcRaw: raw24=0xFFFFEB4F offset=-5297
  max11270_readAdcRaw: raw24=0xFFFFEB48 offset=-5304
  max11270_readAdcRaw: raw24=0xFFFFEB4C offset=-5300
  max11270_readAdcRaw: raw24=0xFFFFEB4F offset=-5297
  max11270_readAdcRaw: raw24=0xFFFFEB58 offset=-5288
  max11270_readAdcRaw: raw24=0xFFFFEB4A offset=-5302
  max11270_readAdcRaw: raw24=0xFFFFEB5E offset=-5282
  max11270_readAdcRaw: raw24=0xFFFFEB64 offset=-5276
  max11270_readAdcRaw: raw24=0xFFFFEB5E offset=-5282
  max11270_readAdcRaw: raw24=0xFFFFEB51 offset=-5295
  max11270_readAdcRaw: raw24=0xFFFFEB5B offset=-5285
  max11270_readAdcRaw: raw24=0xFFFFEB4E offset=-5298
  max11270_readAdcRaw: raw24=0xFFFFEB5B offset=-5285
  max11270_readAdcRaw: raw24=0xFFFFEB68 offset=-5272
  max11270_readAdcRaw: raw24=0xFFFFEB66 offset=-5274
  max11270_readAdcRaw: raw24=0xFFFFEB53 offset=-5293
  max11270_readAdcRaw: raw24=0xFFFFEB58 offset=-5288
  max11270_readAdcRaw: raw24=0xFFFFEB58 offset=-5288
  max11270_readAdcRaw: raw24=0xFFFFEB0E offset=-5362
  max11270_readAdcRaw: raw24=0xFFFFEAE4 offset=-5404
  max11270_readAdcRaw: raw24=0xFFFFEAF4 offset=-5388
  max11270_readAdcRaw: raw24=0xFFFFEAEE offset=-5394
  max11270_readAdcRaw: raw24=0xFFFFEAE2 offset=-5406
  max11270_readAdcRaw: raw24=0xFFFFEAEF offset=-5393
  max11270_readAdcRaw: raw24=0xFFFFEAE7 offset=-5401
  max11270_readAdcRaw: raw24=0xFFFFEAFC offset=-5380
  max11270_readAdcRaw: raw24=0xFFFFEB24 offset=-5340
  max11270_readAdcRaw: raw24=0xFFFFEB3D offset=-5315
  max11270_readAdcRaw: raw24=0xFFFFEB4E offset=-5298
  max11270_readAdcRaw: raw24=0xFFFFEB4A offset=-5302
  max11270_readAdcRaw: raw24=0xFFFFEB50 offset=-5296
  max11270_readAdcRaw: raw24=0xFFFFEACC offset=-5428
Periodic register check (current contents, not a rewrite):
  CTRL1 = 0x43
  CTRL2 = 0x08
  CTRL5 = 0x0F
  STAT  = 0x3002
  max11270_readAdcRaw: raw24=0xFFFFEB3D offset=-5315
  max11270_readAdcRaw: raw24=0xFFFFEB63 offset=-5277
  max11270_readAdcRaw: raw24=0xFFFFEB4C offset=-5300
  max11270_readAdcRaw: raw24=0xFFFFE9BB offset=-5701
  max11270_readAdcRaw: raw24=0xFFFFEB49 offset=-5303
  max11270_readAdcRaw: raw24=0xFFFFEB44 offset=-5308
  max11270_readAdcRaw: raw24=0xFFFFEB37 offset=-5321
  max11270_readAdcRaw: raw24=0xFFFFEB3E offset=-5314
  max11270_readAdcRaw: raw24=0xFFFFEB55 offset=-5291
  max11270_readAdcRaw: raw24=0xFFFFEB4F offset=-5297
  max11270_readAdcRaw: raw24=0xFFFFEB41 offset=-5311
  max11270_readAdcRaw: raw24=0xFFFFEB4A offset=-5302
  max11270_readAdcRaw: raw24=0xFFFFEB50 offset=-5296
  max11270_readAdcRaw: raw24=0xFFFFEB44 offset=-5308
  max11270_readAdcRaw: raw24=0xFFFFEB4F offset=-5297
  max11270_readAdcRaw: raw24=0xFFFFEB53 offset=-5293
  max11270_readAdcRaw: raw24=0xFFFFEB39 offset=-5319
  max11270_readAdcRaw: raw24=0xFFFFEB3C offset=-5316
  max11270_readAdcRaw: raw24=0xFFFFEB44 offset=-5308
  max11270_readAdcRaw: raw24=0xFFFFEB52 offset=-5294
  max11270_readAdcRaw: raw24=0xFFFFEB3A offset=-5318
  max11270_readAdcRaw: raw24=0xFFFFEB47 offset=-5305
  max11270_readAdcRaw: raw24=0xFFFFEB36 offset=-5322
  max11270_readAdcRaw: raw24=0xFFFFEB4B offset=-5301
  max11270_readAdcRaw: raw24=0xFFFFEB4E offset=-5298
  max11270_readAdcRaw: raw24=0xFFFFEB44 offset=-5308
  max11270_readAdcRaw: raw24=0xFFFFEB4A offset=-5302
  max11270_readAdcRaw: raw24=0xFFFFEB3C offset=-5316
  max11270_readAdcRaw: raw24=0xFFFFEB10 offset=-5360
  max11270_readAdcRaw: raw24=0xFFFFEAE9 offset=-5399
  max11270_readAdcRaw: raw24=0xFFFFEAE2 offset=-5406
  max11270_readAdcRaw: raw24=0xFFFFEADB offset=-5413
  max11270_readAdcRaw: raw24=0xFFFFEAD9 offset=-5415
  max11270_readAdcRaw: raw24=0xFFFFEACF offset=-5425
  max11270_readAdcRaw: raw24=0xFFFFEAD1 offset=-5423
  max11270_readAdcRaw: raw24=0xFFFFEAD0 offset=-5424
  max11270_readAdcRaw: raw24=0xFFFFEAF2 offset=-5390
  max11270_readAdcRaw: raw24=0xFFFFEB17 offset=-5353
  max11270_readAdcRaw: raw24=0xFFFFEB3F offset=-5313
  max11270_readAdcRaw: raw24=0xFFFFEB3F offset=-5313
  max11270_readAdcRaw: raw24=0xFFFFEB46 offset=-5306
  max11270_readAdcRaw: raw24=0xFFFFEB3A offset=-5318
  max11270_readAdcRaw: raw24=0xFFFFEB2D offset=-5331
  max11270_readAdcRaw: raw24=0xFFFFEB42 offset=-5310
  max11270_readAdcRaw: raw24=0xFFFFEB31 offset=-5327
  max11270_readAdcRaw: raw24=0xFFFFEB38 offset=-5320
  max11270_readAdcRaw: raw24=0xFFFFEB38 offset=-5320
  max11270_readAdcRaw: raw24=0xFFFFEB49 offset=-5303
  max11270_readAdcRaw: raw24=0xFFFFEB3A offset=-5318
  max11270_readAdcRaw: raw24=0xFFFFEADB offset=-5413
Periodic register check (current contents, not a rewrite):
  CTRL1 = 0x43
  CTRL2 = 0x08
  CTRL5 = 0x0F
  STAT  = 0x3002
  max11270_readAdcRaw: raw24=0xFFFFEB48 offset=-5304
  max11270_readAdcRaw: raw24=0xFFFFEB3F offset=-5313
  max11270_readAdcRaw: raw24=0xFFFFEB51 offset=-5295
  max11270_readAdcRaw: raw24=0xFFFFEB61 offset=-5279
  max11270_readAdcRaw: raw24=0xFFFFEB45 offset=-5307
  max11270_readAdcRaw: raw24=0xFFFFEB41 offset=-5311
  max11270_readAdcRaw: raw24=0xFFFFEB33 offset=-5325
  max11270_readAdcRaw: raw24=0xFFFFEB2F offset=-5329
  max11270_readAdcRaw: raw24=0xFFFFEB43 offset=-5309
  max11270_readAdcRaw: raw24=0xFFFFEB40 offset=-5312
  max11270_readAdcRaw: raw24=0xFFFFEB45 offset=-5307
  max11270_readAdcRaw: raw24=0xFFFFEB43 offset=-5309
  max11270_readAdcRaw: raw24=0xFFFFEB49 offset=-5303
  max11270_readAdcRaw: raw24=0xFFFFEB56 offset=-5290
  max11270_readAdcRaw: raw24=0xFFFFEB4D offset=-5299
  max11270_readAdcRaw: raw24=0xFFFFEB3E offset=-5314
  max11270_readAdcRaw: raw24=0xFFFFEB3B offset=-5317
  max11270_readAdcRaw: raw24=0xFFFFEB41 offset=-5311
  max11270_readAdcRaw: raw24=0xFFFFEB44 offset=-5308
  max11270_readAdcRaw: raw24=0xFFFFEB37 offset=-5321
  max11270_readAdcRaw: raw24=0xFFFFEB3A offset=-5318
  max11270_readAdcRaw: raw24=0xFFFFEB06 offset=-5370
  max11270_readAdcRaw: raw24=0xFFFFEADA offset=-5414
  max11270_readAdcRaw: raw24=0xFFFFEAE2 offset=-5406
  max11270_readAdcRaw: raw24=0xFFFFEACD offset=-5427
  max11270_readAdcRaw: raw24=0xFFFFEACF offset=-5425
  max11270_readAdcRaw: raw24=0xFFFFEAB8 offset=-5448
  max11270_readAdcRaw: raw24=0xFFFFEACD offset=-5427
  max11270_readAdcRaw: raw24=0xFFFFEAD7 offset=-5417
  max11270_readAdcRaw: raw24=0xFFFFEB03 offset=-5373
  max11270_readAdcRaw: raw24=0xFFFFEB36 offset=-5322
  max11270_readAdcRaw: raw24=0xFFFFEB3B offset=-5317
  max11270_readAdcRaw: raw24=0xFFFFEB45 offset=-5307
  max11270_readAdcRaw: raw24=0xFFFFEB3A offset=-5318
  max11270_readAdcRaw: raw24=0xFFFFEB42 offset=-5310
  max11270_readAdcRaw: raw24=0xFFFFEB3D offset=-5315
  max11270_readAdcRaw: raw24=0xFFFFEB41 offset=-5311
  max11270_readAdcRaw: raw24=0xFFFFEB40 offset=-5312
  max11270_readAdcRaw: raw24=0xFFFFE9A3 offset=-5725
  max11270_readAdcRaw: raw24=0xFFFFEB50 offset=-5296
  max11270_readAdcRaw: raw24=0xFFFFE9A9 offset=-5719
  max11270_readAdcRaw: raw24=0xFFFFEB4E offset=-5298
  max11270_readAdcRaw: raw24=0xFFFFE9B7 offset=-5705
  max11270_readAdcRaw: raw24=0xFFFFEB53 offset=-5293
  max11270_readAdcRaw: raw24=0xFFFFE99B offset=-5733
  max11270_readAdcRaw: raw24=0xFFFFEB2A offset=-5334
  max11270_readAdcRaw: raw24=0xFFFFE9A7 offset=-5721
  max11270_readAdcRaw: raw24=0xFFFFEB47 offset=-5305
  max11270_readAdcRaw: raw24=0xFFFFE9A0 offset=-5728
  max11270_readAdcRaw: raw24=0xFFFFEADA offset=-5414
Periodic register check (current contents, not a rewrite):
  CTRL1 = 0x43
  CTRL2 = 0x08
  CTRL5 = 0x0F
  STAT  = 0x3002
  max11270_readAdcRaw: raw24=0xFFFFE9A5 offset=-5723
  max11270_readAdcRaw: raw24=0xFFFFEB37 offset=-5321
  max11270_readAdcRaw: raw24=0xFFFFEB33 offset=-5325
  max11270_readAdcRaw: raw24=0xFFFFEB38 offset=-5320
  max11270_readAdcRaw: raw24=0xFFFFEB32 offset=-5326
  max11270_readAdcRaw: raw24=0xFFFFEB44 offset=-5308
  max11270_readAdcRaw: raw24=0xFFFFEB3C offset=-5316
  max11270_readAdcRaw: raw24=0xFFFFEB25 offset=-5339
  max11270_readAdcRaw: raw24=0xFFFFEB37 offset=-5321
  max11270_readAdcRaw: raw24=0xFFFFEB30 offset=-5328
  max11270_readAdcRaw: raw24=0xFFFFEB42 offset=-5310
  max11270_readAdcRaw: raw24=0xFFFFEB3F offset=-5313
  max11270_readAdcRaw: raw24=0xFFFFEB2F offset=-5329
  max11270_readAdcRaw: raw24=0xFFFFEB26 offset=-5338
  max11270_readAdcRaw: raw24=0xFFFFEAF0 offset=-5392
  max11270_readAdcRaw: raw24=0xFFFFEA99 offset=-5479
  max11270_readAdcRaw: raw24=0xFFFFEAB1 offset=-5455
  max11270_readAdcRaw: raw24=0xFFFFEAC3 offset=-5437
  max11270_readAdcRaw: raw24=0xFFFFEACB offset=-5429
  max11270_readAdcRaw: raw24=0xFFFFEAC5 offset=-5435
  max11270_readAdcRaw: raw24=0xFFFFEAC1 offset=-5439
  max11270_readAdcRaw: raw24=0xFFFFEAD5 offset=-5419
  max11270_readAdcRaw: raw24=0xFFFFEAF8 offset=-5384
  max11270_readAdcRaw: raw24=0xFFFFEB1E offset=-5346
  max11270_readAdcRaw: raw24=0xFFFFEB35 offset=-5323
  max11270_readAdcRaw: raw24=0xFFFFEB42 offset=-5310
  max11270_readAdcRaw: raw24=0xFFFFEB34 offset=-5324
  max11270_readAdcRaw: raw24=0xFFFFEB49 offset=-5303
  max11270_readAdcRaw: raw24=0xFFFFEB38 offset=-5320
  max11270_readAdcRaw: raw24=0xFFFFEB37 offset=-5321
  max11270_readAdcRaw: raw24=0xFFFFEB35 offset=-5323
  max11270_readAdcRaw: raw24=0xFFFFEB37 offset=-5321
  max11270_readAdcRaw: raw24=0xFFFFEB3D offset=-5315
  max11270_readAdcRaw: raw24=0xFFFFEB44 offset=-5308
  max11270_readAdcRaw: raw24=0xFFFFEB3C offset=-5316
  max11270_readAdcRaw: raw24=0xFFFFEB43 offset=-5309
  max11270_readAdcRaw: raw24=0xFFFFEB48 offset=-5304
  max11270_readAdcRaw: raw24=0xFFFFEB46 offset=-5306
  max11270_readAdcRaw: raw24=0xFFFFEB38 offset=-5320
  max11270_readAdcRaw: raw24=0xFFFFEB50 offset=-5296
  max11270_readAdcRaw: raw24=0xFFFFEB55 offset=-5291
  max11270_readAdcRaw: raw24=0xFFFFEB4C offset=-5300
  max11270_readAdcRaw: raw24=0xFFFFEB3F offset=-5313
  max11270_readAdcRaw: raw24=0xFFFFEB33 offset=-5325
  max11270_readAdcRaw: raw24=0xFFFFEB39 offset=-5319
  max11270_readAdcRaw: raw24=0xFFFFEB44 offset=-5308
  max11270_readAdcRaw: raw24=0xFFFFEB2F offset=-5329
  max11270_readAdcRaw: raw24=0xFFFFEB3B offset=-5317
  max11270_readAdcRaw: raw24=0xFFFFEB5A offset=-5286
  max11270_readAdcRaw: raw24=0xFFFFEAEA offset=-5398
Periodic register check (current contents, not a rewrite):
  CTRL1 = 0x43
  CTRL2 = 0x08
  CTRL5 = 0x0F
  STAT  = 0x3002
  max11270_readAdcRaw: raw24=0xFFFFEB4F offset=-5297
  max11270_readAdcRaw: raw24=0xFFFFEB48 offset=-5304
  max11270_readAdcRaw: raw24=0xFFFFEB47 offset=-5305
  max11270_readAdcRaw: raw24=0xFFFFEB47 offset=-5305
  max11270_readAdcRaw: raw24=0xFFFFEB51 offset=-5295
  max11270_readAdcRaw: raw24=0xFFFFEB44 offset=-5308
  max11270_readAdcRaw: raw24=0xFFFFEB0E offset=-5362
  max11270_readAdcRaw: raw24=0xFFFFEAE9 offset=-5399
  max11270_readAdcRaw: raw24=0xFFFFEAE1 offset=-5407
  max11270_readAdcRaw: raw24=0xFFFFEAD3 offset=-5421
  max11270_readAdcRaw: raw24=0xFFFFEAE0 offset=-5408
  max11270_readAdcRaw: raw24=0xFFFFEAE6 offset=-5402
  max11270_readAdcRaw: raw24=0xFFFFEADB offset=-5413
  max11270_readAdcRaw: raw24=0xFFFFEACC offset=-5428
  max11270_readAdcRaw: raw24=0xFFFFEAF0 offset=-5392
  max11270_readAdcRaw: raw24=0xFFFFEB20 offset=-5344
  max11270_readAdcRaw: raw24=0xFFFFEB4B offset=-5301
  max11270_readAdcRaw: raw24=0xFFFFEB4D offset=-5299
  max11270_readAdcRaw: raw24=0xFFFFEB47 offset=-5305
  max11270_readAdcRaw: raw24=0xFFFFEB36 offset=-5322
  max11270_readAdcRaw: raw24=0xFFFFEB3D offset=-5315
  max11270_readAdcRaw: raw24=0xFFFFEB4E offset=-5298
  max11270_readAdcRaw: raw24=0xFFFFEB55 offset=-5291
  max11270_readAdcRaw: raw24=0xFFFFEB3E offset=-5314
  max11270_readAdcRaw: raw24=0xFFFFEB53 offset=-5293
  max11270_readAdcRaw: raw24=0xFFFFEB44 offset=-5308
  max11270_readAdcRaw: raw24=0xFFFFEB3D offset=-5315
  max11270_readAdcRaw: raw24=0xFFFFEB41 offset=-5311
  max11270_readAdcRaw: raw24=0xFFFFEB46 offset=-5306
  max11270_readAdcRaw: raw24=0xFFFFEB58 offset=-5288
  max11270_readAdcRaw: raw24=0xFFFFEB54 offset=-5292
  max11270_readAdcRaw: raw24=0xFFFFEB4B offset=-5301
  max11270_readAdcRaw: raw24=0xFFFFEB44 offset=-5308
  max11270_readAdcRaw: raw24=0xFFFFEB3B offset=-5317
  max11270_readAdcRaw: raw24=0xFFFFEB48 offset=-5304
  max11270_readAdcRaw: raw24=0xFFFFEB44 offset=-5308
  max11270_readAdcRaw: raw24=0xFFFFEB44 offset=-5308
  max11270_readAdcRaw: raw24=0xFFFFEB47 offset=-5305
  max11270_readAdcRaw: raw24=0xFFFFEB56 offset=-5290
  max11270_readAdcRaw: raw24=0xFFFFEB5D offset=-5283
  max11270_readAdcRaw: raw24=0xFFFFEB3E offset=-5314
  max11270_readAdcRaw: raw24=0xFFFFEB4C offset=-5300
  max11270_readAdcRaw: raw24=0xFFFFEB52 offset=-5294
  max11270_readAdcRaw: raw24=0xFFFFEB51 offset=-5295
  max11270_readAdcRaw: raw24=0xFFFFEB53 offset=-5293
  max11270_readAdcRaw: raw24=0xFFFFEB46 offset=-5306
  max11270_readAdcRaw: raw24=0xFFFFEB51 offset=-5295
  max11270_readAdcRaw: raw24=0xFFFFEB5B offset=-5285
  max11270_readAdcRaw: raw24=0xFFFFEB38 offset=-5320
  max11270_readAdcRaw: raw24=0xFFFFEAA4 offset=-5468
Periodic register check (current contents, not a rewrite):
  CTRL1 = 0x43
  CTRL2 = 0x08
  CTRL5 = 0x0F
  STAT  = 0x3002
  max11270_readAdcRaw: raw24=0xFFFFEAE4 offset=-5404
  max11270_readAdcRaw: raw24=0xFFFFEAE2 offset=-5406
  max11270_readAdcRaw: raw24=0xFFFFEACF offset=-5425
  max11270_readAdcRaw: raw24=0xFFFFEAD4 offset=-5420
  max11270_readAdcRaw: raw24=0xFFFFEAC9 offset=-5431
  max11270_readAdcRaw: raw24=0xFFFFEADD offset=-5411
  max11270_readAdcRaw: raw24=0xFFFFEADA offset=-5414
  max11270_readAdcRaw: raw24=0xFFFFEB05 offset=-5371
  max11270_readAdcRaw: raw24=0xFFFFEB2A offset=-5334
  max11270_readAdcRaw: raw24=0xFFFFEB3D offset=-5315
  max11270_readAdcRaw: raw24=0xFFFFEB54 offset=-5292
  max11270_readAdcRaw: raw24=0xFFFFEB43 offset=-5309
  max11270_readAdcRaw: raw24=0xFFFFEB41 offset=-5311
  max11270_readAdcRaw: raw24=0xFFFFEB4A offset=-5302
  max11270_readAdcRaw: raw24=0xFFFFEB4A offset=-5302
  max11270_readAdcRaw: raw24=0xFFFFEB3A offset=-5318
  max11270_readAdcRaw: raw24=0xFFFFEB4B offset=-5301
  max11270_readAdcRaw: raw24=0xFFFFEB50 offset=-5296
  max11270_readAdcRaw: raw24=0xFFFFEB46 offset=-5306
  max11270_readAdcRaw: raw24=0xFFFFEB48 offset=-5304
  max11270_readAdcRaw: raw24=0xFFFFEB45 offset=-5307
  max11270_readAdcRaw: raw24=0xFFFFEB3E offset=-5314
  max11270_readAdcRaw: raw24=0xFFFFEB3C offset=-5316
  max11270_readAdcRaw: raw24=0xFFFFEB50 offset=-5296
  max11270_readAdcRaw: raw24=0xFFFFEB4A offset=-5302
  max11270_readAdcRaw: raw24=0xFFFFEB4A offset=-5302
  max11270_readAdcRaw: raw24=0xFFFFEB50 offset=-5296
  max11270_readAdcRaw: raw24=0xFFFFEB44 offset=-5308
  max11270_readAdcRaw: raw24=0xFFFFEB4E offset=-5298
  max11270_readAdcRaw: raw24=0xFFFFEB48 offset=-5304
  max11270_readAdcRaw: raw24=0xFFFFEB4A offset=-5302
  max11270_readAdcRaw: raw24=0xFFFFEB43 offset=-5309
  max11270_readAdcRaw: raw24=0xFFFFEB52 offset=-5294
  max11270_readAdcRaw: raw24=0xFFFFEB54 offset=-5292
  max11270_readAdcRaw: raw24=0xFFFFEB52 offset=-5294
  max11270_readAdcRaw: raw24=0xFFFFEB44 offset=-5308
  max11270_readAdcRaw: raw24=0xFFFFEB41 offset=-5311
  max11270_readAdcRaw: raw24=0xFFFFEB53 offset=-5293
  max11270_readAdcRaw: raw24=0xFFFFEB50 offset=-5296
  max11270_readAdcRaw: raw24=0xFFFFEB55 offset=-5291
  max11270_readAdcRaw: raw24=0xFFFFEB43 offset=-5309
  max11270_readAdcRaw: raw24=0xFFFFEB28 offset=-5336
  max11270_readAdcRaw: raw24=0xFFFFEAFB offset=-5381
  max11270_readAdcRaw: raw24=0xFFFFEAD9 offset=-5415
  max11270_readAdcRaw: raw24=0xFFFFEAD8 offset=-5416
  max11270_readAdcRaw: raw24=0xFFFFEAEA offset=-5398
  max11270_readAdcRaw: raw24=0xFFFFEADD offset=-5411
  max11270_readAdcRaw: raw24=0xFFFFEAD7 offset=-5417
  max11270_readAdcRaw: raw24=0xFFFFEADF offset=-5409
  max11270_readAdcRaw: raw24=0xFFFFEAED offset=-5395
Periodic register check (current contents, not a rewrite):
  CTRL1 = 0x43
  CTRL2 = 0x08
  CTRL5 = 0x0F
  STAT  = 0x3002
  max11270_readAdcRaw: raw24=0xFFFFEB2F offset=-5329
  max11270_readAdcRaw: raw24=0xFFFFEB4F offset=-5297
  max11270_readAdcRaw: raw24=0xFFFFEB55 offset=-5291
  max11270_readAdcRaw: raw24=0xFFFFEB4D offset=-5299
  max11270_readAdcRaw: raw24=0xFFFFEB4E offset=-5298
  max11270_readAdcRaw: raw24=0xFFFFEB51 offset=-5295
  max11270_readAdcRaw: raw24=0xFFFFEB5F offset=-5281
  max11270_readAdcRaw: raw24=0xFFFFEB47 offset=-5305
  max11270_readAdcRaw: raw24=0xFFFFEB48 offset=-5304
  max11270_readAdcRaw: raw24=0xFFFFEB58 offset=-5288
  max11270_readAdcRaw: raw24=0xFFFFEB4F offset=-5297
  max11270_readAdcRaw: raw24=0xFFFFEB56 offset=-5290
  max11270_readAdcRaw: raw24=0xFFFFEB55 offset=-5291
  max11270_readAdcRaw: raw24=0xFFFFEB55 offset=-5291
  max11270_readAdcRaw: raw24=0xFFFFEB54 offset=-5292
  max11270_readAdcRaw: raw24=0xFFFFEB4F offset=-5297
  max11270_readAdcRaw: raw24=0xFFFFEB58 offset=-5288
  max11270_readAdcRaw: raw24=0xFFFFEB5E offset=-5282
  max11270_readAdcRaw: raw24=0xFFFFEB5C offset=-5284
  max11270_readAdcRaw: raw24=0xFFFFEB5A offset=-5286
  max11270_readAdcRaw: raw24=0xFFFFEB49 offset=-5303
  max11270_readAdcRaw: raw24=0xFFFFEB57 offset=-5289
  max11270_readAdcRaw: raw24=0xFFFFEB5C offset=-5284
  max11270_readAdcRaw: raw24=0xFFFFEB5F offset=-5281
  max11270_readAdcRaw: raw24=0xFFFFEB69 offset=-5271
  max11270_readAdcRaw: raw24=0xFFFFEB60 offset=-5280
  max11270_readAdcRaw: raw24=0xFFFFEB57 offset=-5289
  max11270_readAdcRaw: raw24=0xFFFFEB5D offset=-5283
  max11270_readAdcRaw: raw24=0xFFFFEB55 offset=-5291
  max11270_readAdcRaw: raw24=0xFFFFEB59 offset=-5287
  max11270_readAdcRaw: raw24=0xFFFFEB61 offset=-5279
  max11270_readAdcRaw: raw24=0xFFFFEB5C offset=-5284
  max11270_readAdcRaw: raw24=0xFFFFEB67 offset=-5273
  max11270_readAdcRaw: raw24=0xFFFFEB5C offset=-5284
  max11270_readAdcRaw: raw24=0xFFFFEB26 offset=-5338
  max11270_readAdcRaw: raw24=0xFFFFEAEC offset=-5396
  max11270_readAdcRaw: raw24=0xFFFFEADD offset=-5411
  max11270_readAdcRaw: raw24=0xFFFFEAFD offset=-5379
  max11270_readAdcRaw: raw24=0xFFFFEAFC offset=-5380
  max11270_readAdcRaw: raw24=0xFFFFEAE8 offset=-5400
  max11270_readAdcRaw: raw24=0xFFFFEAE7 offset=-5401
  max11270_readAdcRaw: raw24=0xFFFFEADA offset=-5414
  max11270_readAdcRaw: raw24=0xFFFFEB0F offset=-5361
  max11270_readAdcRaw: raw24=0xFFFFEB2C offset=-5332
  max11270_readAdcRaw: raw24=0xFFFFEB57 offset=-5289
  max11270_readAdcRaw: raw24=0xFFFFEB4A offset=-5302
  max11270_readAdcRaw: raw24=0xFFFFEB48 offset=-5304
  max11270_readAdcRaw: raw24=0xFFFFEB6B offset=-5269
  max11270_readAdcRaw: raw24=0xFFFFE9B5 offset=-5707
  max11270_readAdcRaw: raw24=0xFFFFEAF0 offset=-5392
Periodic register check (current contents, not a rewrite):
  CTRL1 = 0x43
  CTRL2 = 0x08
  CTRL5 = 0x0F
  STAT  = 0x3002
  max11270_readAdcRaw: raw24=0xFFFFEB54 offset=-5292
  max11270_readAdcRaw: raw24=0xFFFFE9B8 offset=-5704
  max11270_readAdcRaw: raw24=0xFFFFEB5A offset=-5286
  max11270_readAdcRaw: raw24=0xFFFFE9CB offset=-5685
  max11270_readAdcRaw: raw24=0xFFFFEB62 offset=-5278
  max11270_readAdcRaw: raw24=0xFFFFE9C9 offset=-5687
  max11270_readAdcRaw: raw24=0xFFFFEB59 offset=-5287
  max11270_readAdcRaw: raw24=0xFFFFE9B9 offset=-5703
  max11270_readAdcRaw: raw24=0xFFFFEB55 offset=-5291
  max11270_readAdcRaw: raw24=0xFFFFE9FB offset=-5637
  max11270_readAdcRaw: raw24=0xFFFFE9B5 offset=-5707
  max11270_readAdcRaw: raw24=0xFFFFE9B4 offset=-5708
  max11270_readAdcRaw: raw24=0xFFFFEB4C offset=-5300
  max11270_readAdcRaw: raw24=0xFFFFEB4F offset=-5297
  max11270_readAdcRaw: raw24=0xFFFFEB5D offset=-5283
  max11270_readAdcRaw: raw24=0xFFFFEB5F offset=-5281
  max11270_readAdcRaw: raw24=0xFFFFEB57 offset=-5289
  max11270_readAdcRaw: raw24=0xFFFFEB49 offset=-5303
  max11270_readAdcRaw: raw24=0xFFFFEB5C offset=-5284
  max11270_readAdcRaw: raw24=0xFFFFEB45 offset=-5307
  max11270_readAdcRaw: raw24=0xFFFFEB51 offset=-5295
  max11270_readAdcRaw: raw24=0xFFFFEB49 offset=-5303
  max11270_readAdcRaw: raw24=0xFFFFEB3E offset=-5314
  max11270_readAdcRaw: raw24=0xFFFFEB5E offset=-5282
  max11270_readAdcRaw: raw24=0xFFFFEB4F offset=-5297
  max11270_readAdcRaw: raw24=0xFFFFEB49 offset=-5303
  max11270_readAdcRaw: raw24=0xFFFFEB3F offset=-5313
  max11270_readAdcRaw: raw24=0xFFFFEAFD offset=-5379
  max11270_readAdcRaw: raw24=0xFFFFEACE offset=-5426
  max11270_readAdcRaw: raw24=0xFFFFEABD offset=-5443
  max11270_readAdcRaw: raw24=0xFFFFEAB9 offset=-5447
  max11270_readAdcRaw: raw24=0xFFFFEAAB offset=-5461
  max11270_readAdcRaw: raw24=0xFFFFEABD offset=-5443
  max11270_readAdcRaw: raw24=0xFFFFEAB6 offset=-5450
  max11270_readAdcRaw: raw24=0xFFFFEAC3 offset=-5437
  max11270_readAdcRaw: raw24=0xFFFFEAE4 offset=-5404
  max11270_readAdcRaw: raw24=0xFFFFEB20 offset=-5344
  max11270_readAdcRaw: raw24=0xFFFFEAFD offset=-5379
  max11270_readAdcRaw: raw24=0xFFFFEB1B offset=-5349
  max11270_readAdcRaw: raw24=0xFFFFEB06 offset=-5370
  max11270_readAdcRaw: raw24=0xFFFFEB0C offset=-5364
  max11270_readAdcRaw: raw24=0xFFFFEB09 offset=-5367
  max11270_readAdcRaw: raw24=0xFFFFEB07 offset=-5369
  max11270_readAdcRaw: raw24=0xFFFFEB01 offset=-5375
  max11270_readAdcRaw: raw24=0xFFFFEB03 offset=-5373
  max11270_readAdcRaw: raw24=0xFFFFEB1A offset=-5350
  max11270_readAdcRaw: raw24=0xFFFFEB14 offset=-5356
  max11270_readAdcRaw: raw24=0xFFFFEB13 offset=-5357
  max11270_readAdcRaw: raw24=0xFFFFEB0F offset=-5361
  max11270_readAdcRaw: raw24=0xFFFFEAB3 offset=-5453
Periodic register check (current contents, not a rewrite):
  CTRL1 = 0x43
  CTRL2 = 0x08
  CTRL5 = 0x0F
  STAT  = 0x3002
  max11270_readAdcRaw: raw24=0xFFFFEB1F offset=-5345
  max11270_readAdcRaw: raw24=0xFFFFEB10 offset=-5360
  max11270_readAdcRaw: raw24=0xFFFFEB14 offset=-5356
  max11270_readAdcRaw: raw24=0xFFFFEB1E offset=-5346
  max11270_readAdcRaw: raw24=0xFFFFEB19 offset=-5351
  max11270_readAdcRaw: raw24=0xFFFFEB0F offset=-5361
  max11270_readAdcRaw: raw24=0xFFFFEB1D offset=-5347
  max11270_readAdcRaw: raw24=0xFFFFEB1D offset=-5347
  max11270_readAdcRaw: raw24=0xFFFFEB1F offset=-5345
  max11270_readAdcRaw: raw24=0xFFFFEB17 offset=-5353
  max11270_readAdcRaw: raw24=0xFFFFEB24 offset=-5340
  max11270_readAdcRaw: raw24=0xFFFFEB14 offset=-5356
  max11270_readAdcRaw: raw24=0xFFFFEB2C offset=-5332
  max11270_readAdcRaw: raw24=0xFFFFEB1D offset=-5347
  max11270_readAdcRaw: raw24=0xFFFFEB19 offset=-5351
  max11270_readAdcRaw: raw24=0xFFFFEB3B offset=-5317
  max11270_readAdcRaw: raw24=0xFFFFEB1B offset=-5349
  max11270_readAdcRaw: raw24=0xFFFFEB27 offset=-5337
  max11270_readAdcRaw: raw24=0xFFFFEB29 offset=-5335
  max11270_readAdcRaw: raw24=0xFFFFEB0A offset=-5366
  max11270_readAdcRaw: raw24=0xFFFFEAD4 offset=-5420
  max11270_readAdcRaw: raw24=0xFFFFEA6C offset=-5524
  max11270_readAdcRaw: raw24=0xFFFFEAA3 offset=-5469
  max11270_readAdcRaw: raw24=0xFFFFEABE offset=-5442
  max11270_readAdcRaw: raw24=0xFFFFEAD7 offset=-5417
  max11270_readAdcRaw: raw24=0xFFFFEAD1 offset=-5423
  max11270_readAdcRaw: raw24=0xFFFFEAE4 offset=-5404
  max11270_readAdcRaw: raw24=0xFFFFEAE5 offset=-5403
  max11270_readAdcRaw: raw24=0xFFFFEB2F offset=-5329
  max11270_readAdcRaw: raw24=0xFFFFEB40 offset=-5312
  max11270_readAdcRaw: raw24=0xFFFFEB41 offset=-5311
  max11270_readAdcRaw: raw24=0xFFFFEB44 offset=-5308
  max11270_readAdcRaw: raw24=0xFFFFEB5A offset=-5286
  max11270_readAdcRaw: raw24=0xFFFFEB49 offset=-5303
  max11270_readAdcRaw: raw24=0xFFFFEB4F offset=-5297
  max11270_readAdcRaw: raw24=0xFFFFEB44 offset=-5308
  max11270_readAdcRaw: raw24=0xFFFFEB4D offset=-5299
  max11270_readAdcRaw: raw24=0xFFFFEB64 offset=-5276
  max11270_readAdcRaw: raw24=0xFFFFEB62 offset=-5278
  max11270_readAdcRaw: raw24=0xFFFFEB5B offset=-5285
  max11270_readAdcRaw: raw24=0xFFFFEB5D offset=-5283
  max11270_readAdcRaw: raw24=0xFFFFEB58 offset=-5288
  max11270_readAdcRaw: raw24=0xFFFFEB71 offset=-5263
  max11270_readAdcRaw: raw24=0xFFFFEB62 offset=-5278
  max11270_readAdcRaw: raw24=0xFFFFEB6C offset=-5268
  max11270_readAdcRaw: raw24=0xFFFFEB6D offset=-5267
  max11270_readAdcRaw: raw24=0xFFFFEB66 offset=-5274
  max11270_readAdcRaw: raw24=0xFFFFEB76 offset=-5258
  max11270_readAdcRaw: raw24=0xFFFFEB6B offset=-5269
  max11270_readAdcRaw: raw24=0xFFFFEAF9 offset=-5383
Periodic register check (current contents, not a rewrite):
  CTRL1 = 0x43
  CTRL2 = 0x08
  CTRL5 = 0x0F
  STAT  = 0x3002
  max11270_readAdcRaw: raw24=0xFFFFEB65 offset=-5275
  max11270_readAdcRaw: raw24=0xFFFFEB62 offset=-5278
  max11270_readAdcRaw: raw24=0xFFFFEB61 offset=-5279
  max11270_readAdcRaw: raw24=0xFFFFEB70 offset=-5264
  max11270_readAdcRaw: raw24=0xFFFFEB69 offset=-5271
  max11270_readAdcRaw: raw24=0xFFFFEB62 offset=-5278
  max11270_readAdcRaw: raw24=0xFFFFEB4E offset=-5298
  max11270_readAdcRaw: raw24=0xFFFFEB61 offset=-5279
  max11270_readAdcRaw: raw24=0xFFFFEB5D offset=-5283
  max11270_readAdcRaw: raw24=0xFFFFEB64 offset=-5276
  max11270_readAdcRaw: raw24=0xFFFFEB55 offset=-5291
  max11270_readAdcRaw: raw24=0xFFFFEB57 offset=-5289
  max11270_readAdcRaw: raw24=0xFFFFEB10 offset=-5360
  max11270_readAdcRaw: raw24=0xFFFFEAAF offset=-5457
  max11270_readAdcRaw: raw24=0xFFFFEAE4 offset=-5404
  max11270_readAdcRaw: raw24=0xFFFFEAE2 offset=-5406
  max11270_readAdcRaw: raw24=0xFFFFEAE1 offset=-5407
  max11270_readAdcRaw: raw24=0xFFFFEAEE offset=-5394
  max11270_readAdcRaw: raw24=0xFFFFEB06 offset=-5370
  max11270_readAdcRaw: raw24=0xFFFFEAFA offset=-5382
  max11270_readAdcRaw: raw24=0xFFFFEB18 offset=-5352
  max11270_readAdcRaw: raw24=0xFFFFEB44 offset=-5308
  max11270_readAdcRaw: raw24=0xFFFFEB5A offset=-5286
  max11270_readAdcRaw: raw24=0xFFFFEB54 offset=-5292
  max11270_readAdcRaw: raw24=0xFFFFEB6A offset=-5270
  max11270_readAdcRaw: raw24=0xFFFFEB55 offset=-5291
  max11270_readAdcRaw: raw24=0xFFFFEB55 offset=-5291
  max11270_readAdcRaw: raw24=0xFFFFEB64 offset=-5276
  max11270_readAdcRaw: raw24=0xFFFFEB59 offset=-5287
  max11270_readAdcRaw: raw24=0xFFFFEB55 offset=-5291
  max11270_readAdcRaw: raw24=0xFFFFEB52 offset=-5294
  max11270_readAdcRaw: raw24=0xFFFFEB50 offset=-5296
  max11270_readAdcRaw: raw24=0xFFFFEB59 offset=-5287
  max11270_readAdcRaw: raw24=0xFFFFEB67 offset=-5273
  max11270_readAdcRaw: raw24=0xFFFFEB62 offset=-5278
  max11270_readAdcRaw: raw24=0xFFFFEB63 offset=-5277
  max11270_readAdcRaw: raw24=0xFFFFEB63 offset=-5277
  max11270_readAdcRaw: raw24=0xFFFFEB61 offset=-5279
  max11270_readAdcRaw: raw24=0xFFFFEB61 offset=-5279
  max11270_readAdcRaw: raw24=0xFFFFEB5E offset=-5282
  max11270_readAdcRaw: raw24=0xFFFFEB64 offset=-5276
  max11270_readAdcRaw: raw24=0xFFFFEB5F offset=-5281
  max11270_readAdcRaw: raw24=0xFFFFEB4F offset=-5297
  max11270_readAdcRaw: raw24=0xFFFFEB55 offset=-5291
  max11270_readAdcRaw: raw24=0xFFFFEB5C offset=-5284
  max11270_readAdcRaw: raw24=0xFFFFEB5C offset=-5284
  max11270_readAdcRaw: raw24=0xFFFFEB51 offset=-5295
  max11270_readAdcRaw: raw24=0xFFFFEB5F offset=-5281
  max11270_readAdcRaw: raw24=0xFFFFEB54 offset=-5292
  max11270_readAdcRaw: raw24=0xFFFFEAED offset=-5395
Periodic register check (current contents, not a rewrite):
  CTRL1 = 0x43
  CTRL2 = 0x08
  CTRL5 = 0x0F
  STAT  = 0x3002
  max11270_readAdcRaw: raw24=0xFFFFEB4C offset=-5300
  max11270_readAdcRaw: raw24=0xFFFFEB4C offset=-5300
  max11270_readAdcRaw: raw24=0xFFFFEB50 offset=-5296
  max11270_readAdcRaw: raw24=0xFFFFEB3C offset=-5316
  max11270_readAdcRaw: raw24=0xFFFFEAD2 offset=-5422
  max11270_readAdcRaw: raw24=0xFFFFEB07 offset=-5369
  max11270_readAdcRaw: raw24=0xFFFFEADF offset=-5409
  max11270_readAdcRaw: raw24=0xFFFFEADF offset=-5409
  max11270_readAdcRaw: raw24=0xFFFFEADD offset=-5411
  max11270_readAdcRaw: raw24=0xFFFFEADC offset=-5412
  max11270_readAdcRaw: raw24=0xFFFFEAEE offset=-5394
  max11270_readAdcRaw: raw24=0xFFFFEAE6 offset=-5402
  max11270_readAdcRaw: raw24=0xFFFFEAEA offset=-5398
  max11270_readAdcRaw: raw24=0xFFFFEB1E offset=-5346
  max11270_readAdcRaw: raw24=0xFFFFEB5D offset=-5283
  max11270_readAdcRaw: raw24=0xFFFFEB4E offset=-5298
  max11270_readAdcRaw: raw24=0xFFFFEB58 offset=-5288
  max11270_readAdcRaw: raw24=0xFFFFEB58 offset=-5288
  max11270_readAdcRaw: raw24=0xFFFFEB55 offset=-5291
  max11270_readAdcRaw: raw24=0xFFFFEB57 offset=-5289
  max11270_readAdcRaw: raw24=0xFFFFEB54 offset=-5292
  max11270_readAdcRaw: raw24=0xFFFFEB62 offset=-5278
  max11270_readAdcRaw: raw24=0xFFFFEB4D offset=-5299
  max11270_readAdcRaw: raw24=0xFFFFEB5E offset=-5282
  max11270_readAdcRaw: raw24=0xFFFFEB62 offset=-5278
  max11270_readAdcRaw: raw24=0xFFFFEB64 offset=-5276
  max11270_readAdcRaw: raw24=0xFFFFEB63 offset=-5277
  max11270_readAdcRaw: raw24=0xFFFFEB65 offset=-5275
  max11270_readAdcRaw: raw24=0xFFFFEB5F offset=-5281
  max11270_readAdcRaw: raw24=0xFFFFEB5D offset=-5283
  max11270_readAdcRaw: raw24=0xFFFFEB5D offset=-5283
  max11270_readAdcRaw: raw24=0xFFFFEB5A offset=-5286
  max11270_readAdcRaw: raw24=0xFFFFEB53 offset=-5293
  max11270_readAdcRaw: raw24=0xFFFFEB69 offset=-5271
  max11270_readAdcRaw: raw24=0xFFFFEB74 offset=-5260
  max11270_readAdcRaw: raw24=0xFFFFEB5E offset=-5282
  max11270_readAdcRaw: raw24=0xFFFFEB5C offset=-5284
  max11270_readAdcRaw: raw24=0xFFFFEB6F offset=-5265
  max11270_readAdcRaw: raw24=0xFFFFEB5B offset=-5285
  max11270_readAdcRaw: raw24=0xFFFFEB70 offset=-5264
  max11270_readAdcRaw: raw24=0xFFFFEB63 offset=-5277
  max11270_readAdcRaw: raw24=0xFFFFEB57 offset=-5289
  max11270_readAdcRaw: raw24=0xFFFFEB67 offset=-5273
  max11270_readAdcRaw: raw24=0xFFFFEB55 offset=-5291
  max11270_readAdcRaw: raw24=0xFFFFEB5E offset=-5282
  max11270_readAdcRaw: raw24=0xFFFFEB60 offset=-5280
  max11270_readAdcRaw: raw24=0xFFFFEB6F offset=-5265
  max11270_readAdcRaw: raw24=0xFFFFEB2B offset=-5333
  max11270_readAdcRaw: raw24=0xFFFFEAFC offset=-5380
  max11270_readAdcRaw: raw24=0xFFFFEA85 offset=-5499
Periodic register check (current contents, not a rewrite):
  CTRL1 = 0x43
  CTRL2 = 0x08
  CTRL5 = 0x0F
  STAT  = 0x3002
  max11270_readAdcRaw: raw24=0xFFFFEAE5 offset=-5403
  max11270_readAdcRaw: raw24=0xFFFFEAF8 offset=-5384
  max11270_readAdcRaw: raw24=0xFFFFEAE0 offset=-5408
  max11270_readAdcRaw: raw24=0xFFFFEAE1 offset=-5407
  max11270_readAdcRaw: raw24=0xFFFFEAE2 offset=-5406
  max11270_readAdcRaw: raw24=0xFFFFEB17 offset=-5353
  max11270_readAdcRaw: raw24=0xFFFFEB46 offset=-5306
  max11270_readAdcRaw: raw24=0xFFFFEB62 offset=-5278
  max11270_readAdcRaw: raw24=0xFFFFE9C6 offset=-5690
  max11270_readAdcRaw: raw24=0xFFFFEB58 offset=-5288
  max11270_readAdcRaw: raw24=0xFFFFE9AF offset=-5713
  max11270_readAdcRaw: raw24=0xFFFFEB4B offset=-5301
  max11270_readAdcRaw: raw24=0xFFFFEB49 offset=-5303
  max11270_readAdcRaw: raw24=0xFFFFEB59 offset=-5287
  max11270_readAdcRaw: raw24=0xFFFFEB50 offset=-5296
  max11270_readAdcRaw: raw24=0xFFFFEB53 offset=-5293
  max11270_readAdcRaw: raw24=0xFFFFEB24 offset=-5340
  max11270_readAdcRaw: raw24=0xFFFFEACE offset=-5426
  max11270_readAdcRaw: raw24=0xFFFFEAD6 offset=-5418
  max11270_readAdcRaw: raw24=0xFFFFEA85 offset=-5499
  max11270_readAdcRaw: raw24=0xFFFFEA58 offset=-5544
  max11270_readAdcRaw: raw24=0xFFFFEA24 offset=-5596
  max11270_readAdcRaw: raw24=0xFFFFEB57 offset=-5289
  max11270_readAdcRaw: raw24=0xFFFFEB50 offset=-5296
  max11270_readAdcRaw: raw24=0xFFFFEB51 offset=-5295
  max11270_readAdcRaw: raw24=0xFFFFEB63 offset=-5277
  max11270_readAdcRaw: raw24=0xFFFFEB4F offset=-5297
  max11270_readAdcRaw: raw24=0xFFFFEB56 offset=-5290
  max11270_readAdcRaw: raw24=0xFFFFEB4C offset=-5300
  max11270_readAdcRaw: raw24=0xFFFFEB50 offset=-5296
  max11270_readAdcRaw: raw24=0xFFFFEB5E offset=-5282
  max11270_readAdcRaw: raw24=0xFFFFEB52 offset=-5294
  max11270_readAdcRaw: raw24=0xFFFFEB45 offset=-5307
  max11270_readAdcRaw: raw24=0xFFFFEB48 offset=-5304
  max11270_readAdcRaw: raw24=0xFFFFEB54 offset=-5292
  max11270_readAdcRaw: raw24=0xFFFFEB5C offset=-5284
  max11270_readAdcRaw: raw24=0xFFFFEB58 offset=-5288
  max11270_readAdcRaw: raw24=0xFFFFEB49 offset=-5303
  max11270_readAdcRaw: raw24=0xFFFFEB3A offset=-5318
  max11270_readAdcRaw: raw24=0xFFFFEB45 offset=-5307
  max11270_readAdcRaw: raw24=0xFFFFEB10 offset=-5360
  max11270_readAdcRaw: raw24=0xFFFFEAE3 offset=-5405
  max11270_readAdcRaw: raw24=0xFFFFEB0D offset=-5363
  max11270_readAdcRaw: raw24=0xFFFFEACF offset=-5425
  max11270_readAdcRaw: raw24=0xFFFFEAD2 offset=-5422
  max11270_readAdcRaw: raw24=0xFFFFEADE offset=-5410
  max11270_readAdcRaw: raw24=0xFFFFEAEB offset=-5397
  max11270_readAdcRaw: raw24=0xFFFFEADA offset=-5414
  max11270_readAdcRaw: raw24=0xFFFFEB14 offset=-5356
  max11270_readAdcRaw: raw24=0xFFFFEAEF offset=-5393
Periodic register check (current contents, not a rewrite):
  CTRL1 = 0x43
  CTRL2 = 0x08
  CTRL5 = 0x0F
  STAT  = 0x3002
  max11270_readAdcRaw: raw24=0xFFFFEADC offset=-5412
  max11270_readAdcRaw: raw24=0xFFFFEB04 offset=-5372
  max11270_readAdcRaw: raw24=0xFFFFEB4C offset=-5300
  max11270_readAdcRaw: raw24=0xFFFFEB57 offset=-5289
  max11270_readAdcRaw: raw24=0xFFFFEB5F offset=-5281
  max11270_readAdcRaw: raw24=0xFFFFEB58 offset=-5288
  max11270_readAdcRaw: raw24=0xFFFFEB55 offset=-5291
  max11270_readAdcRaw: raw24=0xFFFFEB57 offset=-5289
  max11270_readAdcRaw: raw24=0xFFFFEB3C offset=-5316
  max11270_readAdcRaw: raw24=0xFFFFEB53 offset=-5293
  max11270_readAdcRaw: raw24=0xFFFFEB5D offset=-5283
  max11270_readAdcRaw: raw24=0xFFFFEB69 offset=-5271
  max11270_readAdcRaw: raw24=0xFFFFEB6B offset=-5269
  max11270_readAdcRaw: raw24=0xFFFFEB64 offset=-5276
  max11270_readAdcRaw: raw24=0xFFFFEB65 offset=-5275
  max11270_readAdcRaw: raw24=0xFFFFEB6E offset=-5266
  max11270_readAdcRaw: raw24=0xFFFFEB6F offset=-5265
  max11270_readAdcRaw: raw24=0xFFFFEB5E offset=-5282
  max11270_readAdcRaw: raw24=0xFFFFEB67 offset=-5273
  max11270_readAdcRaw: raw24=0xFFFFEB53 offset=-5293
  max11270_readAdcRaw: raw24=0xFFFFEB5F offset=-5281
  max11270_readAdcRaw: raw24=0xFFFFEB53 offset=-5293
  max11270_readAdcRaw: raw24=0xFFFFEB55 offset=-5291
  max11270_readAdcRaw: raw24=0xFFFFEB64 offset=-5276
  max11270_readAdcRaw: raw24=0xFFFFEB5D offset=-5283
  max11270_readAdcRaw: raw24=0xFFFFEB6E offset=-5266
  max11270_readAdcRaw: raw24=0xFFFFEB76 offset=-5258
  max11270_readAdcRaw: raw24=0xFFFFEB6B offset=-5269
  max11270_readAdcRaw: raw24=0xFFFFEB76 offset=-5258
  max11270_readAdcRaw: raw24=0xFFFFEB70 offset=-5264
  max11270_readAdcRaw: raw24=0xFFFFEB6E offset=-5266
  max11270_readAdcRaw: raw24=0xFFFFEB60 offset=-5280
  max11270_readAdcRaw: raw24=0xFFFFEB63 offset=-5277
  max11270_readAdcRaw: raw24=0xFFFFEB53 offset=-5293
  max11270_readAdcRaw: raw24=0xFFFFEB5C offset=-5284
  max11270_readAdcRaw: raw24=0xFFFFEB47 offset=-5305
  max11270_readAdcRaw: raw24=0xFFFFEB29 offset=-5335
  max11270_readAdcRaw: raw24=0xFFFFEB08 offset=-5368
  max11270_readAdcRaw: raw24=0xFFFFEABA offset=-5446
  max11270_readAdcRaw: raw24=0xFFFFEA44 offset=-5564
  max11270_readAdcRaw: raw24=0xFFFFEAF6 offset=-5386
  max11270_readAdcRaw: raw24=0xFFFFEAF0 offset=-5392
  max11270_readAdcRaw: raw24=0xFFFFEB07 offset=-5369
  max11270_readAdcRaw: raw24=0xFFFFEAFE offset=-5378
  max11270_readAdcRaw: raw24=0xFFFFEB41 offset=-5311
  max11270_readAdcRaw: raw24=0xFFFFEB62 offset=-5278
  max11270_readAdcRaw: raw24=0xFFFFEB7A offset=-5254
  max11270_readAdcRaw: raw24=0xFFFFEB74 offset=-5260
  max11270_readAdcRaw: raw24=0xFFFFEB5D offset=-5283
  max11270_readAdcRaw: raw24=0xFFFFEA4C offset=-5556
Periodic register check (current contents, not a rewrite):
  CTRL1 = 0x43
  CTRL2 = 0x08
  CTRL5 = 0x0F
  STAT  = 0x3002
  max11270_readAdcRaw: raw24=0xFFFFEB72 offset=-5262
  max11270_readAdcRaw: raw24=0xFFFFEB62 offset=-5278
  max11270_readAdcRaw: raw24=0xFFFFEB68 offset=-5272
  max11270_readAdcRaw: raw24=0xFFFFEB6F offset=-5265
  max11270_readAdcRaw: raw24=0xFFFFEB68 offset=-5272
  max11270_readAdcRaw: raw24=0xFFFFEB5B offset=-5285
  max11270_readAdcRaw: raw24=0xFFFFEB65 offset=-5275
  max11270_readAdcRaw: raw24=0xFFFFEB68 offset=-5272
  max11270_readAdcRaw: raw24=0xFFFFEB61 offset=-5279
  max11270_readAdcRaw: raw24=0xFFFFEB66 offset=-5274
  max11270_readAdcRaw: raw24=0xFFFFEB76 offset=-5258
  max11270_readAdcRaw: raw24=0xFFFFEB65 offset=-5275
  max11270_readAdcRaw: raw24=0xFFFFEB6B offset=-5269
  max11270_readAdcRaw: raw24=0xFFFFEB6E offset=-5266
  max11270_readAdcRaw: raw24=0xFFFFEB71 offset=-5263
  max11270_readAdcRaw: raw24=0xFFFFEB6D offset=-5267
  max11270_readAdcRaw: raw24=0xFFFFEB6F offset=-5265
  max11270_readAdcRaw: raw24=0xFFFFEB7F offset=-5249
  max11270_readAdcRaw: raw24=0xFFFFEB74 offset=-5260
  max11270_readAdcRaw: raw24=0xFFFFEB7D offset=-5251
  max11270_readAdcRaw: raw24=0xFFFFEB77 offset=-5257
  max11270_readAdcRaw: raw24=0xFFFFEB79 offset=-5255
  max11270_readAdcRaw: raw24=0xFFFFEB89 offset=-5239
  max11270_readAdcRaw: raw24=0xFFFFEB7F offset=-5249
  max11270_readAdcRaw: raw24=0xFFFFEB73 offset=-5261
  max11270_readAdcRaw: raw24=0xFFFFEB7A offset=-5254
  max11270_readAdcRaw: raw24=0xFFFFEB7E offset=-5250
  max11270_readAdcRaw: raw24=0xFFFFEB82 offset=-5246
  max11270_readAdcRaw: raw24=0xFFFFEB5B offset=-5285
  max11270_readAdcRaw: raw24=0xFFFFEB26 offset=-5338
  max11270_readAdcRaw: raw24=0xFFFFEB1D offset=-5347
  max11270_readAdcRaw: raw24=0xFFFFEB18 offset=-5352
  max11270_readAdcRaw: raw24=0xFFFFEB0F offset=-5361
  max11270_readAdcRaw: raw24=0xFFFFEB0B offset=-5365
  max11270_readAdcRaw: raw24=0xFFFFEB1E offset=-5346
  max11270_readAdcRaw: raw24=0xFFFFEB12 offset=-5358
  max11270_readAdcRaw: raw24=0xFFFFEB22 offset=-5342
  max11270_readAdcRaw: raw24=0xFFFFEB72 offset=-5262
  max11270_readAdcRaw: raw24=0xFFFFEB7A offset=-5254
  max11270_readAdcRaw: raw24=0xFFFFEB7F offset=-5249
  max11270_readAdcRaw: raw24=0xFFFFEB86 offset=-5242
  max11270_readAdcRaw: raw24=0xFFFFEB78 offset=-5256
  max11270_readAdcRaw: raw24=0xFFFFEB7F offset=-5249
  max11270_readAdcRaw: raw24=0xFFFFEB78 offset=-5256
  max11270_readAdcRaw: raw24=0xFFFFEB7C offset=-5252
  max11270_readAdcRaw: raw24=0xFFFFEB8A offset=-5238
  max11270_readAdcRaw: raw24=0xFFFFEB7E offset=-5250
  max11270_readAdcRaw: raw24=0xFFFFEB7F offset=-5249
  max11270_readAdcRaw: raw24=0xFFFFEB7E offset=-5250
  max11270_readAdcRaw: raw24=0xFFFFEA81 offset=-5503
Periodic register check (current contents, not a rewrite):
  CTRL1 = 0x43
  CTRL2 = 0x08
  CTRL5 = 0x0F
  STAT  = 0x3002
  max11270_readAdcRaw: raw24=0xFFFFEB7C offset=-5252
  max11270_readAdcRaw: raw24=0xFFFFEB6E offset=-5266
  max11270_readAdcRaw: raw24=0xFFFFEB78 offset=-5256
  max11270_readAdcRaw: raw24=0xFFFFEB82 offset=-5246
  max11270_readAdcRaw: raw24=0xFFFFEB73 offset=-5261
  max11270_readAdcRaw: raw24=0xFFFFEB78 offset=-5256
  max11270_readAdcRaw: raw24=0xFFFFEB74 offset=-5260
  max11270_readAdcRaw: raw24=0xFFFFEB76 offset=-5258
  max11270_readAdcRaw: raw24=0xFFFFEB7B offset=-5253
  max11270_readAdcRaw: raw24=0xFFFFEB89 offset=-5239
  max11270_readAdcRaw: raw24=0xFFFFEB85 offset=-5243
  max11270_readAdcRaw: raw24=0xFFFFEB91 offset=-5231
  max11270_readAdcRaw: raw24=0xFFFFEB90 offset=-5232
  max11270_readAdcRaw: raw24=0xFFFFEB90 offset=-5232
  max11270_readAdcRaw: raw24=0xFFFFEB77 offset=-5257
  max11270_readAdcRaw: raw24=0xFFFFEB90 offset=-5232
  max11270_readAdcRaw: raw24=0xFFFFEB77 offset=-5257
  max11270_readAdcRaw: raw24=0xFFFFEB7B offset=-5253
  max11270_readAdcRaw: raw24=0xFFFFEB7C offset=-5252
  max11270_readAdcRaw: raw24=0xFFFFEB83 offset=-5245
  max11270_readAdcRaw: raw24=0xFFFFEB8F offset=-5233
  max11270_readAdcRaw: raw24=0xFFFFEB56 offset=-5290
  max11270_readAdcRaw: raw24=0xFFFFEB22 offset=-5342
  max11270_readAdcRaw: raw24=0xFFFFEB1F offset=-5345
  max11270_readAdcRaw: raw24=0xFFFFEB0D offset=-5363
  max11270_readAdcRaw: raw24=0xFFFFEB13 offset=-5357
  max11270_readAdcRaw: raw24=0xFFFFEB13 offset=-5357
  max11270_readAdcRaw: raw24=0xFFFFEB10 offset=-5360
  max11270_readAdcRaw: raw24=0xFFFFEB07 offset=-5369
  max11270_readAdcRaw: raw24=0xFFFFEB2B offset=-5333
  max11270_readAdcRaw: raw24=0xFFFFEB68 offset=-5272
  max11270_readAdcRaw: raw24=0xFFFFEB7E offset=-5250
  max11270_readAdcRaw: raw24=0xFFFFEB80 offset=-5248
  max11270_readAdcRaw: raw24=0xFFFFEB6D offset=-5267
  max11270_readAdcRaw: raw24=0xFFFFEB7F offset=-5249
  max11270_readAdcRaw: raw24=0xFFFFEB75 offset=-5259
  max11270_readAdcRaw: raw24=0xFFFFEB7A offset=-5254
  max11270_readAdcRaw: raw24=0xFFFFEB83 offset=-5245
  max11270_readAdcRaw: raw24=0xFFFFEB6F offset=-5265
  max11270_readAdcRaw: raw24=0xFFFFEB7B offset=-5253
  max11270_readAdcRaw: raw24=0xFFFFEB8F offset=-5233
  max11270_readAdcRaw: raw24=0xFFFFEB7F offset=-5249
  max11270_readAdcRaw: raw24=0xFFFFEB8D offset=-5235
  max11270_readAdcRaw: raw24=0xFFFFEB78 offset=-5256
  max11270_readAdcRaw: raw24=0xFFFFEB6F offset=-5265
  max11270_readAdcRaw: raw24=0xFFFFEB82 offset=-5246
  max11270_readAdcRaw: raw24=0xFFFFEB85 offset=-5243
  max11270_readAdcRaw: raw24=0xFFFFEB9A offset=-5222
  max11270_readAdcRaw: raw24=0xFFFFEB97 offset=-5225
  max11270_readAdcRaw: raw24=0xFFFFEA76 offset=-5514
Periodic register check (current contents, not a rewrite):
  CTRL1 = 0x43
  CTRL2 = 0x08
  CTRL5 = 0x0F
  STAT  = 0x3002
  max11270_readAdcRaw: raw24=0xFFFFEB71 offset=-5263
  max11270_readAdcRaw: raw24=0xFFFFEB65 offset=-5275
  max11270_readAdcRaw: raw24=0xFFFFEB59 offset=-5287
  max11270_readAdcRaw: raw24=0xFFFFEB6D offset=-5267
  max11270_readAdcRaw: raw24=0xFFFFEB7C offset=-5252
  max11270_readAdcRaw: raw24=0xFFFFEB73 offset=-5261
  max11270_readAdcRaw: raw24=0xFFFFEB6E offset=-5266
  max11270_readAdcRaw: raw24=0xFFFFEB6B offset=-5269
  max11270_readAdcRaw: raw24=0xFFFFEB62 offset=-5278
  max11270_readAdcRaw: raw24=0xFFFFEB6B offset=-5269
  max11270_readAdcRaw: raw24=0xFFFFEB70 offset=-5264
  max11270_readAdcRaw: raw24=0xFFFFEB71 offset=-5263
  max11270_readAdcRaw: raw24=0xFFFFEB73 offset=-5261
  max11270_readAdcRaw: raw24=0xFFFFEB62 offset=-5278
  max11270_readAdcRaw: raw24=0xFFFFEB32 offset=-5326
  max11270_readAdcRaw: raw24=0xFFFFEB13 offset=-5357
  max11270_readAdcRaw: raw24=0xFFFFEAC4 offset=-5436
  max11270_readAdcRaw: raw24=0xFFFFEB01 offset=-5375
  max11270_readAdcRaw: raw24=0xFFFFE9DD offset=-5667
  max11270_readAdcRaw: raw24=0xFFFFE9CE offset=-5682
  max11270_readAdcRaw: raw24=0xFFFFEB12 offset=-5358
  max11270_readAdcRaw: raw24=0xFFFFEAFF offset=-5377
  max11270_readAdcRaw: raw24=0xFFFFEB31 offset=-5327
  max11270_readAdcRaw: raw24=0xFFFFEB72 offset=-5262
  max11270_readAdcRaw: raw24=0xFFFFEB6E offset=-5266
  max11270_readAdcRaw: raw24=0xFFFFEB5D offset=-5283
  max11270_readAdcRaw: raw24=0xFFFFEB67 offset=-5273
  max11270_readAdcRaw: raw24=0xFFFFEB60 offset=-5280
  max11270_readAdcRaw: raw24=0xFFFFEB63 offset=-5277
  max11270_readAdcRaw: raw24=0xFFFFEB63 offset=-5277
  max11270_readAdcRaw: raw24=0xFFFFEB59 offset=-5287
  max11270_readAdcRaw: raw24=0xFFFFEB4E offset=-5298
  max11270_readAdcRaw: raw24=0xFFFFEB71 offset=-5263
  max11270_readAdcRaw: raw24=0xFFFFEB66 offset=-5274
  max11270_readAdcRaw: raw24=0xFFFFEB6F offset=-5265
  max11270_readAdcRaw: raw24=0xFFFFEB65 offset=-5275
  max11270_readAdcRaw: raw24=0xFFFFEB74 offset=-5260
  max11270_readAdcRaw: raw24=0xFFFFEB76 offset=-5258
  max11270_readAdcRaw: raw24=0xFFFFEB72 offset=-5262
  max11270_readAdcRaw: raw24=0xFFFFEB83 offset=-5245
  max11270_readAdcRaw: raw24=0xFFFFEB7C offset=-5252
  max11270_readAdcRaw: raw24=0xFFFFEB70 offset=-5264
  max11270_readAdcRaw: raw24=0xFFFFEB71 offset=-5263
  max11270_readAdcRaw: raw24=0xFFFFEB71 offset=-5263
  max11270_readAdcRaw: raw24=0xFFFFEB79 offset=-5255
  max11270_readAdcRaw: raw24=0xFFFFEB84 offset=-5244
  max11270_readAdcRaw: raw24=0xFFFFEB78 offset=-5256
  max11270_readAdcRaw: raw24=0xFFFFEB7B offset=-5253
  max11270_readAdcRaw: raw24=0xFFFFEB7F offset=-5249
  max11270_readAdcRaw: raw24=0xFFFFEA83 offset=-5501
Periodic register check (current contents, not a rewrite):
  CTRL1 = 0x43
  CTRL2 = 0x08
  CTRL5 = 0x0F
  STAT  = 0x3002
  max11270_readAdcRaw: raw24=0xFFFFEB7A offset=-5254
  max11270_readAdcRaw: raw24=0xFFFFEB7B offset=-5253
  max11270_readAdcRaw: raw24=0xFFFFEB73 offset=-5261
  max11270_readAdcRaw: raw24=0xFFFFEB7A offset=-5254
  max11270_readAdcRaw: raw24=0xFFFFEB62 offset=-5278
  max11270_readAdcRaw: raw24=0xFFFFEB6E offset=-5266
  max11270_readAdcRaw: raw24=0xFFFFEB52 offset=-5294
  max11270_readAdcRaw: raw24=0xFFFFEB1E offset=-5346
  max11270_readAdcRaw: raw24=0xFFFFEAF2 offset=-5390
  max11270_readAdcRaw: raw24=0xFFFFEB06 offset=-5370
  max11270_readAdcRaw: raw24=0xFFFFEB04 offset=-5372
  max11270_readAdcRaw: raw24=0xFFFFEAFF offset=-5377
  max11270_readAdcRaw: raw24=0xFFFFEB01 offset=-5375
  max11270_readAdcRaw: raw24=0xFFFFEAEA offset=-5398
  max11270_readAdcRaw: raw24=0xFFFFEB18 offset=-5352
  max11270_readAdcRaw: raw24=0xFFFFEB43 offset=-5309
  max11270_readAdcRaw: raw24=0xFFFFEB54 offset=-5292
  max11270_readAdcRaw: raw24=0xFFFFEB64 offset=-5276
  max11270_readAdcRaw: raw24=0xFFFFEB64 offset=-5276
  max11270_readAdcRaw: raw24=0xFFFFEB65 offset=-5275
  max11270_readAdcRaw: raw24=0xFFFFEB6E offset=-5266
  max11270_readAdcRaw: raw24=0xFFFFEB59 offset=-5287
  max11270_readAdcRaw: raw24=0xFFFFEB64 offset=-5276
  max11270_readAdcRaw: raw24=0xFFFFEB5B offset=-5285
  max11270_readAdcRaw: raw24=0xFFFFEB71 offset=-5263
  max11270_readAdcRaw: raw24=0xFFFFEB68 offset=-5272
  max11270_readAdcRaw: raw24=0xFFFFEB6E offset=-5266
  max11270_readAdcRaw: raw24=0xFFFFEB56 offset=-5290
  max11270_readAdcRaw: raw24=0xFFFFEB57 offset=-5289
  max11270_readAdcRaw: raw24=0xFFFFEB61 offset=-5279
  max11270_readAdcRaw: raw24=0xFFFFEB55 offset=-5291
  max11270_readAdcRaw: raw24=0xFFFFEB69 offset=-5271
  max11270_readAdcRaw: raw24=0xFFFFEB66 offset=-5274
  max11270_readAdcRaw: raw24=0xFFFFEB5B offset=-5285
  max11270_readAdcRaw: raw24=0xFFFFEB6A offset=-5270
  max11270_readAdcRaw: raw24=0xFFFFEB75 offset=-5259
  max11270_readAdcRaw: raw24=0xFFFFEB79 offset=-5255
  max11270_readAdcRaw: raw24=0xFFFFEB61 offset=-5279
  max11270_readAdcRaw: raw24=0xFFFFEB65 offset=-5275
  max11270_readAdcRaw: raw24=0xFFFFEB70 offset=-5264
  max11270_readAdcRaw: raw24=0xFFFFEB6E offset=-5266
  max11270_readAdcRaw: raw24=0xFFFFEB76 offset=-5258
  max11270_readAdcRaw: raw24=0xFFFFEB5C offset=-5284
  max11270_readAdcRaw: raw24=0xFFFFEB60 offset=-5280
  max11270_readAdcRaw: raw24=0xFFFFEB6B offset=-5269
  max11270_readAdcRaw: raw24=0xFFFFEB6F offset=-5265
  max11270_readAdcRaw: raw24=0xFFFFEB75 offset=-5259
  max11270_readAdcRaw: raw24=0xFFFFEB64 offset=-5276
  max11270_readAdcRaw: raw24=0xFFFFEB60 offset=-5280
  max11270_readAdcRaw: raw24=0xFFFFEA35 offset=-5579
Periodic register check (current contents, not a rewrite):
  CTRL1 = 0x43
  CTRL2 = 0x08
  CTRL5 = 0x0F
  STAT  = 0x3002
  max11270_readAdcRaw: raw24=0xFFFFEB0D offset=-5363
  max11270_readAdcRaw: raw24=0xFFFFEB06 offset=-5370
  max11270_readAdcRaw: raw24=0xFFFFEAEE offset=-5394
  max11270_readAdcRaw: raw24=0xFFFFEAF4 offset=-5388
  max11270_readAdcRaw: raw24=0xFFFFEAF6 offset=-5386
  max11270_readAdcRaw: raw24=0xFFFFEAF2 offset=-5390
  max11270_readAdcRaw: raw24=0xFFFFEAF6 offset=-5386
  max11270_readAdcRaw: raw24=0xFFFFEB24 offset=-5340
  max11270_readAdcRaw: raw24=0xFFFFEB50 offset=-5296
  max11270_readAdcRaw: raw24=0xFFFFEB61 offset=-5279
  max11270_readAdcRaw: raw24=0xFFFFEB61 offset=-5279
  max11270_readAdcRaw: raw24=0xFFFFEB57 offset=-5289
  max11270_readAdcRaw: raw24=0xFFFFEB48 offset=-5304
  max11270_readAdcRaw: raw24=0xFFFFEB4C offset=-5300
  max11270_readAdcRaw: raw24=0xFFFFEB58 offset=-5288
  max11270_readAdcRaw: raw24=0xFFFFEB44 offset=-5308
  max11270_readAdcRaw: raw24=0xFFFFEB55 offset=-5291
  max11270_readAdcRaw: raw24=0xFFFFEB4B offset=-5301
  max11270_readAdcRaw: raw24=0xFFFFEB4B offset=-5301
  max11270_readAdcRaw: raw24=0xFFFFEB5C offset=-5284
  max11270_readAdcRaw: raw24=0xFFFFEB63 offset=-5277
  max11270_readAdcRaw: raw24=0xFFFFEB69 offset=-5271
  max11270_readAdcRaw: raw24=0xFFFFEB56 offset=-5290
  max11270_readAdcRaw: raw24=0xFFFFEB47 offset=-5305
  max11270_readAdcRaw: raw24=0xFFFFEB58 offset=-5288
  max11270_readAdcRaw: raw24=0xFFFFEB5D offset=-5283
  max11270_readAdcRaw: raw24=0xFFFFEB4F offset=-5297
  max11270_readAdcRaw: raw24=0xFFFFEB68 offset=-5272
  max11270_readAdcRaw: raw24=0xFFFFEB58 offset=-5288
  max11270_readAdcRaw: raw24=0xFFFFEB5E offset=-5282
  max11270_readAdcRaw: raw24=0xFFFFEB4F offset=-5297
  max11270_readAdcRaw: raw24=0xFFFFEB5E offset=-5282
  max11270_readAdcRaw: raw24=0xFFFFEB5A offset=-5286
  max11270_readAdcRaw: raw24=0xFFFFEB53 offset=-5293
  max11270_readAdcRaw: raw24=0xFFFFEB5C offset=-5284
  max11270_readAdcRaw: raw24=0xFFFFEB51 offset=-5295
  max11270_readAdcRaw: raw24=0xFFFFEB5C offset=-5284
  max11270_readAdcRaw: raw24=0xFFFFEB58 offset=-5288
  max11270_readAdcRaw: raw24=0xFFFFEB6D offset=-5267
  max11270_readAdcRaw: raw24=0xFFFFEB65 offset=-5275
  max11270_readAdcRaw: raw24=0xFFFFEB41 offset=-5311
  max11270_readAdcRaw: raw24=0xFFFFEB42 offset=-5310
  max11270_readAdcRaw: raw24=0xFFFFEB15 offset=-5355
  max11270_readAdcRaw: raw24=0xFFFFEAE9 offset=-5399
  max11270_readAdcRaw: raw24=0xFFFFEAF1 offset=-5391
  max11270_readAdcRaw: raw24=0xFFFFEAF2 offset=-5390
  max11270_readAdcRaw: raw24=0xFFFFEAF2 offset=-5390
  max11270_readAdcRaw: raw24=0xFFFFEAFE offset=-5378
  max11270_readAdcRaw: raw24=0xFFFFEACE offset=-5426
  max11270_readAdcRaw: raw24=0xFFFFEA5C offset=-5540
Periodic register check (current contents, not a rewrite):
  CTRL1 = 0x43
  CTRL2 = 0x08
  CTRL5 = 0x0F
  STAT  = 0x3002
  max11270_readAdcRaw: raw24=0xFFFFEB42 offset=-5310
  max11270_readAdcRaw: raw24=0xFFFFEB65 offset=-5275
  max11270_readAdcRaw: raw24=0xFFFFEB61 offset=-5279
  max11270_readAdcRaw: raw24=0xFFFFEB5D offset=-5283
  max11270_readAdcRaw: raw24=0xFFFFEB69 offset=-5271
  max11270_readAdcRaw: raw24=0xFFFFEB56 offset=-5290
  max11270_readAdcRaw: raw24=0xFFFFEB51 offset=-5295
  max11270_readAdcRaw: raw24=0xFFFFEB66 offset=-5274
  max11270_readAdcRaw: raw24=0xFFFFEB6E offset=-5266
  max11270_readAdcRaw: raw24=0xFFFFEB77 offset=-5257
  max11270_readAdcRaw: raw24=0xFFFFEB5B offset=-5285
  max11270_readAdcRaw: raw24=0xFFFFEB5E offset=-5282
  max11270_readAdcRaw: raw24=0xFFFFEB5C offset=-5284
  max11270_readAdcRaw: raw24=0xFFFFEB72 offset=-5262
  max11270_readAdcRaw: raw24=0xFFFFEB73 offset=-5261
  max11270_readAdcRaw: raw24=0xFFFFEB6B offset=-5269
  max11270_readAdcRaw: raw24=0xFFFFEB63 offset=-5277
  max11270_readAdcRaw: raw24=0xFFFFEB61 offset=-5279
  max11270_readAdcRaw: raw24=0xFFFFEB62 offset=-5278
  max11270_readAdcRaw: raw24=0xFFFFEB73 offset=-5261
  max11270_readAdcRaw: raw24=0xFFFFEB7B offset=-5253
  max11270_readAdcRaw: raw24=0xFFFFEB64 offset=-5276
  max11270_readAdcRaw: raw24=0xFFFFEB6B offset=-5269
  max11270_readAdcRaw: raw24=0xFFFFEB5C offset=-5284
  max11270_readAdcRaw: raw24=0xFFFFEB68 offset=-5272
  max11270_readAdcRaw: raw24=0xFFFFEB77 offset=-5257
  max11270_readAdcRaw: raw24=0xFFFFEB66 offset=-5274
  max11270_readAdcRaw: raw24=0xFFFFEB6C offset=-5268
  max11270_readAdcRaw: raw24=0xFFFFEB74 offset=-5260
  max11270_readAdcRaw: raw24=0xFFFFEB5D offset=-5283
  max11270_readAdcRaw: raw24=0xFFFFEB6B offset=-5269
  max11270_readAdcRaw: raw24=0xFFFFEB60 offset=-5280
  max11270_readAdcRaw: raw24=0xFFFFEB7B offset=-5253
  max11270_readAdcRaw: raw24=0xFFFFEB60 offset=-5280
  max11270_readAdcRaw: raw24=0xFFFFEB43 offset=-5309
  max11270_readAdcRaw: raw24=0xFFFFEB10 offset=-5360
  max11270_readAdcRaw: raw24=0xFFFFEAFB offset=-5381
  max11270_readAdcRaw: raw24=0xFFFFEB09 offset=-5367
  max11270_readAdcRaw: raw24=0xFFFFEB12 offset=-5358
  max11270_readAdcRaw: raw24=0xFFFFEB05 offset=-5371
  max11270_readAdcRaw: raw24=0xFFFFEB0A offset=-5366
  max11270_readAdcRaw: raw24=0xFFFFEB02 offset=-5374
  max11270_readAdcRaw: raw24=0xFFFFEB25 offset=-5339
  max11270_readAdcRaw: raw24=0xFFFFEB4F offset=-5297
  max11270_readAdcRaw: raw24=0xFFFFEB65 offset=-5275
  max11270_readAdcRaw: raw24=0xFFFFEB62 offset=-5278
  max11270_readAdcRaw: raw24=0xFFFFEB67 offset=-5273
  max11270_readAdcRaw: raw24=0xFFFFEB67 offset=-5273
  max11270_readAdcRaw: raw24=0xFFFFEB6C offset=-5268
  max11270_readAdcRaw: raw24=0xFFFFEA57 offset=-5545
Periodic register check (current contents, not a rewrite):
  CTRL1 = 0x43
  CTRL2 = 0x08
  CTRL5 = 0x0F
  STAT  = 0x3002
  max11270_readAdcRaw: raw24=0xFFFFEB69 offset=-5271
  max11270_readAdcRaw: raw24=0xFFFFEB64 offset=-5276
  max11270_readAdcRaw: raw24=0xFFFFEB76 offset=-5258
  max11270_readAdcRaw: raw24=0xFFFFEB6C offset=-5268
  max11270_readAdcRaw: raw24=0xFFFFEB6F offset=-5265
  max11270_readAdcRaw: raw24=0xFFFFEBAA offset=-5206
  max11270_readAdcRaw: raw24=0xFFFFEB75 offset=-5259
  max11270_readAdcRaw: raw24=0xFFFFEB7D offset=-5251
  max11270_readAdcRaw: raw24=0xFFFFEB73 offset=-5261
  max11270_readAdcRaw: raw24=0xFFFFEB5A offset=-5286
  max11270_readAdcRaw: raw24=0xFFFFEB78 offset=-5256
  max11270_readAdcRaw: raw24=0xFFFFEB74 offset=-5260
  max11270_readAdcRaw: raw24=0xFFFFEB66 offset=-5274
  max11270_readAdcRaw: raw24=0xFFFFEB74 offset=-5260
  max11270_readAdcRaw: raw24=0xFFFFEB80 offset=-5248
  max11270_readAdcRaw: raw24=0xFFFFEB75 offset=-5259
  max11270_readAdcRaw: raw24=0xFFFFEB6E offset=-5266
  max11270_readAdcRaw: raw24=0xFFFFEB6D offset=-5267
  max11270_readAdcRaw: raw24=0xFFFFEB6E offset=-5266
  max11270_readAdcRaw: raw24=0xFFFFEB64 offset=-5276
  max11270_readAdcRaw: raw24=0xFFFFEB6C offset=-5268
  max11270_readAdcRaw: raw24=0xFFFFEB6A offset=-5270
  max11270_readAdcRaw: raw24=0xFFFFEB76 offset=-5258
  max11270_readAdcRaw: raw24=0xFFFFEB76 offset=-5258
  max11270_readAdcRaw: raw24=0xFFFFEB64 offset=-5276
  max11270_readAdcRaw: raw24=0xFFFFEB80 offset=-5248
  max11270_readAdcRaw: raw24=0xFFFFEB67 offset=-5273
  max11270_readAdcRaw: raw24=0xFFFFEB35 offset=-5323
  max11270_readAdcRaw: raw24=0xFFFFE9E7 offset=-5657
  max11270_readAdcRaw: raw24=0xFFFFE9F1 offset=-5647
  max11270_readAdcRaw: raw24=0xFFFFE9E5 offset=-5659
  max11270_readAdcRaw: raw24=0xFFFFEA86 offset=-5498
  max11270_readAdcRaw: raw24=0xFFFFEA96 offset=-5482
  max11270_readAdcRaw: raw24=0xFFFFEAC6 offset=-5434
  max11270_readAdcRaw: raw24=0xFFFFEAF6 offset=-5386
  max11270_readAdcRaw: raw24=0xFFFFEB2C offset=-5332
  max11270_readAdcRaw: raw24=0xFFFFEB4E offset=-5298
  max11270_readAdcRaw: raw24=0xFFFFEB5C offset=-5284
  max11270_readAdcRaw: raw24=0xFFFFEB67 offset=-5273
  max11270_readAdcRaw: raw24=0xFFFFEB54 offset=-5292
  max11270_readAdcRaw: raw24=0xFFFFEB60 offset=-5280
  max11270_readAdcRaw: raw24=0xFFFFEB65 offset=-5275
  max11270_readAdcRaw: raw24=0xFFFFEB5B offset=-5285
  max11270_readAdcRaw: raw24=0xFFFFEB60 offset=-5280
  max11270_readAdcRaw: raw24=0xFFFFEB59 offset=-5287
  max11270_readAdcRaw: raw24=0xFFFFEB5E offset=-5282
  max11270_readAdcRaw: raw24=0xFFFFEB6B offset=-5269
  max11270_readAdcRaw: raw24=0xFFFFEB5F offset=-5281
  max11270_readAdcRaw: raw24=0xFFFFEB63 offset=-5277
  max11270_readAdcRaw: raw24=0xFFFFEA6E offset=-5522
Periodic register check (current contents, not a rewrite):
  CTRL1 = 0x43
  CTRL2 = 0x08
  CTRL5 = 0x0F
  STAT  = 0x3002
  max11270_readAdcRaw: raw24=0xFFFFEB6E offset=-5266
  max11270_readAdcRaw: raw24=0xFFFFEB7B offset=-5253
  max11270_readAdcRaw: raw24=0xFFFFEB78 offset=-5256
  max11270_readAdcRaw: raw24=0xFFFFEB74 offset=-5260
  max11270_readAdcRaw: raw24=0xFFFFEB7B offset=-5253
  max11270_readAdcRaw: raw24=0xFFFFEB86 offset=-5242
  max11270_readAdcRaw: raw24=0xFFFFEB86 offset=-5242
  max11270_readAdcRaw: raw24=0xFFFFEB67 offset=-5273
  max11270_readAdcRaw: raw24=0xFFFFEB70 offset=-5264
  max11270_readAdcRaw: raw24=0xFFFFEB71 offset=-5263
  max11270_readAdcRaw: raw24=0xFFFFEB70 offset=-5264
  max11270_readAdcRaw: raw24=0xFFFFEB73 offset=-5261
  max11270_readAdcRaw: raw24=0xFFFFEB80 offset=-5248
  max11270_readAdcRaw: raw24=0xFFFFEB63 offset=-5277
  max11270_readAdcRaw: raw24=0xFFFFEB57 offset=-5289
  max11270_readAdcRaw: raw24=0xFFFFEB66 offset=-5274
  max11270_readAdcRaw: raw24=0xFFFFEB72 offset=-5262
  max11270_readAdcRaw: raw24=0xFFFFEB5E offset=-5282
  max11270_readAdcRaw: raw24=0xFFFFEB69 offset=-5271
  max11270_readAdcRaw: raw24=0xFFFFEB4E offset=-5298
  max11270_readAdcRaw: raw24=0xFFFFEB14 offset=-5356
  max11270_readAdcRaw: raw24=0xFFFFEA8D offset=-5491
  max11270_readAdcRaw: raw24=0xFFFFEB02 offset=-5374
  max11270_readAdcRaw: raw24=0xFFFFEB14 offset=-5356
  max11270_readAdcRaw: raw24=0xFFFFEAC4 offset=-5436
  max11270_readAdcRaw: raw24=0xFFFFEB04 offset=-5372
  max11270_readAdcRaw: raw24=0xFFFFEB14 offset=-5356
  max11270_readAdcRaw: raw24=0xFFFFEB1F offset=-5345
  max11270_readAdcRaw: raw24=0xFFFFEB49 offset=-5303
  max11270_readAdcRaw: raw24=0xFFFFEB97 offset=-5225
  max11270_readAdcRaw: raw24=0xFFFFEB84 offset=-5244
  max11270_readAdcRaw: raw24=0xFFFFEB82 offset=-5246
  max11270_readAdcRaw: raw24=0xFFFFEB85 offset=-5243
  max11270_readAdcRaw: raw24=0xFFFFEB74 offset=-5260
  max11270_readAdcRaw: raw24=0xFFFFEB6E offset=-5266
  max11270_readAdcRaw: raw24=0xFFFFEB76 offset=-5258
  max11270_readAdcRaw: raw24=0xFFFFEB64 offset=-5276
  max11270_readAdcRaw: raw24=0xFFFFEB63 offset=-5277
  max11270_readAdcRaw: raw24=0xFFFFEB7C offset=-5252
  max11270_readAdcRaw: raw24=0xFFFFEB6C offset=-5268
  max11270_readAdcRaw: raw24=0xFFFFEB62 offset=-5278
  max11270_readAdcRaw: raw24=0xFFFFEB72 offset=-5262
  max11270_readAdcRaw: raw24=0xFFFFEB7A offset=-5254
  max11270_readAdcRaw: raw24=0xFFFFEB7B offset=-5253
  max11270_readAdcRaw: raw24=0xFFFFEB74 offset=-5260
  max11270_readAdcRaw: raw24=0xFFFFEB5B offset=-5285
  max11270_readAdcRaw: raw24=0xFFFFEB73 offset=-5261
  max11270_readAdcRaw: raw24=0xFFFFEB73 offset=-5261
  max11270_readAdcRaw: raw24=0xFFFFEB72 offset=-5262
  max11270_readAdcRaw: raw24=0xFFFFEA70 offset=-5520
Periodic register check (current contents, not a rewrite):
  CTRL1 = 0x43
  CTRL2 = 0x08
  CTRL5 = 0x0F
  STAT  = 0x3002
  max11270_readAdcRaw: raw24=0xFFFFEB71 offset=-5263
  max11270_readAdcRaw: raw24=0xFFFFEB74 offset=-5260
  max11270_readAdcRaw: raw24=0xFFFFEB65 offset=-5275
  max11270_readAdcRaw: raw24=0xFFFFEB69 offset=-5271
  max11270_readAdcRaw: raw24=0xFFFFEB6F offset=-5265
  max11270_readAdcRaw: raw24=0xFFFFEB67 offset=-5273
  max11270_readAdcRaw: raw24=0xFFFFEB71 offset=-5263
  max11270_readAdcRaw: raw24=0xFFFFEB76 offset=-5258
  max11270_readAdcRaw: raw24=0xFFFFEB76 offset=-5258
  max11270_readAdcRaw: raw24=0xFFFFEB73 offset=-5261
  max11270_readAdcRaw: raw24=0xFFFFEB55 offset=-5291
  max11270_readAdcRaw: raw24=0xFFFFEB68 offset=-5272
  max11270_readAdcRaw: raw24=0xFFFFEB41 offset=-5311
  max11270_readAdcRaw: raw24=0xFFFFEB0E offset=-5362
  max11270_readAdcRaw: raw24=0xFFFFEB13 offset=-5357
  max11270_readAdcRaw: raw24=0xFFFFEB1C offset=-5348
  max11270_readAdcRaw: raw24=0xFFFFEB11 offset=-5359
  max11270_readAdcRaw: raw24=0xFFFFEB1C offset=-5348
  max11270_readAdcRaw: raw24=0xFFFFEB1E offset=-5346
  max11270_readAdcRaw: raw24=0xFFFFEB0E offset=-5362
  max11270_readAdcRaw: raw24=0xFFFFEB36 offset=-5322
  max11270_readAdcRaw: raw24=0xFFFFEB51 offset=-5295
  max11270_readAdcRaw: raw24=0xFFFFEB86 offset=-5242
  max11270_readAdcRaw: raw24=0xFFFFEB8B offset=-5237
  max11270_readAdcRaw: raw24=0xFFFFEB6E offset=-5266
  max11270_readAdcRaw: raw24=0xFFFFE9EB offset=-5653
  max11270_readAdcRaw: raw24=0xFFFFEB41 offset=-5311
  max11270_readAdcRaw: raw24=0xFFFFEB44 offset=-5308
  max11270_readAdcRaw: raw24=0xFFFFEB53 offset=-5293
  max11270_readAdcRaw: raw24=0xFFFFEB7C offset=-5252
  max11270_readAdcRaw: raw24=0xFFFFEB7A offset=-5254
  max11270_readAdcRaw: raw24=0xFFFFEB7C offset=-5252
  max11270_readAdcRaw: raw24=0xFFFFEB71 offset=-5263
  max11270_readAdcRaw: raw24=0xFFFFEB79 offset=-5255
  max11270_readAdcRaw: raw24=0xFFFFEB78 offset=-5256
  max11270_readAdcRaw: raw24=0xFFFFEB8A offset=-5238
  max11270_readAdcRaw: raw24=0xFFFFEB98 offset=-5224
  max11270_readAdcRaw: raw24=0xFFFFEB7C offset=-5252
  max11270_readAdcRaw: raw24=0xFFFFEB8B offset=-5237
  max11270_readAdcRaw: raw24=0xFFFFEB93 offset=-5229
  max11270_readAdcRaw: raw24=0xFFFFEB85 offset=-5243
  max11270_readAdcRaw: raw24=0xFFFFEB8D offset=-5235
  max11270_readAdcRaw: raw24=0xFFFFEB76 offset=-5258
  max11270_readAdcRaw: raw24=0xFFFFEB87 offset=-5241
  max11270_readAdcRaw: raw24=0xFFFFEB88 offset=-5240
  max11270_readAdcRaw: raw24=0xFFFFEB7D offset=-5251
  max11270_readAdcRaw: raw24=0xFFFFEB76 offset=-5258
  max11270_readAdcRaw: raw24=0xFFFFEB7E offset=-5250
  max11270_readAdcRaw: raw24=0xFFFFEB87 offset=-5241
  max11270_readAdcRaw: raw24=0xFFFFEA78 offset=-5512
Periodic register check (current contents, not a rewrite):
  CTRL1 = 0x43
  CTRL2 = 0x08
  CTRL5 = 0x0F
  STAT  = 0x3002
  max11270_readAdcRaw: raw24=0xFFFFEB7A offset=-5254
  max11270_readAdcRaw: raw24=0xFFFFEB71 offset=-5263
  max11270_readAdcRaw: raw24=0xFFFFEB7E offset=-5250
  max11270_readAdcRaw: raw24=0xFFFFEB29 offset=-5335
  max11270_readAdcRaw: raw24=0xFFFFEB6E offset=-5266
  max11270_readAdcRaw: raw24=0xFFFFEB39 offset=-5319
  max11270_readAdcRaw: raw24=0xFFFFEB14 offset=-5356
  max11270_readAdcRaw: raw24=0xFFFFEB09 offset=-5367
  max11270_readAdcRaw: raw24=0xFFFFEB1B offset=-5349
  max11270_readAdcRaw: raw24=0xFFFFEB07 offset=-5369
  max11270_readAdcRaw: raw24=0xFFFFEB0A offset=-5366
  max11270_readAdcRaw: raw24=0xFFFFEB04 offset=-5372
  max11270_readAdcRaw: raw24=0xFFFFEB0B offset=-5365
  max11270_readAdcRaw: raw24=0xFFFFEB33 offset=-5325
  max11270_readAdcRaw: raw24=0xFFFFEB70 offset=-5264
  max11270_readAdcRaw: raw24=0xFFFFEB75 offset=-5259
  max11270_readAdcRaw: raw24=0xFFFFEB78 offset=-5256
  max11270_readAdcRaw: raw24=0xFFFFEB6E offset=-5266
  max11270_readAdcRaw: raw24=0xFFFFEB76 offset=-5258
  max11270_readAdcRaw: raw24=0xFFFFEB75 offset=-5259
  max11270_readAdcRaw: raw24=0xFFFFEB6B offset=-5269
  max11270_readAdcRaw: raw24=0xFFFFEB65 offset=-5275
  max11270_readAdcRaw: raw24=0xFFFFEB67 offset=-5273
  max11270_readAdcRaw: raw24=0xFFFFEB6D offset=-5267
  max11270_readAdcRaw: raw24=0xFFFFEB6F offset=-5265
  max11270_readAdcRaw: raw24=0xFFFFEB60 offset=-5280
  max11270_readAdcRaw: raw24=0xFFFFEB71 offset=-5263
  max11270_readAdcRaw: raw24=0xFFFFEB64 offset=-5276
  max11270_readAdcRaw: raw24=0xFFFFEB5E offset=-5282
  max11270_readAdcRaw: raw24=0xFFFFEB68 offset=-5272
  max11270_readAdcRaw: raw24=0xFFFFEB66 offset=-5274
  max11270_readAdcRaw: raw24=0xFFFFEB6A offset=-5270
  max11270_readAdcRaw: raw24=0xFFFFEB73 offset=-5261
  max11270_readAdcRaw: raw24=0xFFFFEB71 offset=-5263
  max11270_readAdcRaw: raw24=0xFFFFEB65 offset=-5275
  max11270_readAdcRaw: raw24=0xFFFFEB68 offset=-5272
  max11270_readAdcRaw: raw24=0xFFFFEB6E offset=-5266
  max11270_readAdcRaw: raw24=0xFFFFEB7C offset=-5252
  max11270_readAdcRaw: raw24=0xFFFFEB69 offset=-5271
  max11270_readAdcRaw: raw24=0xFFFFEB8C offset=-5236
  max11270_readAdcRaw: raw24=0xFFFFEB90 offset=-5232
  max11270_readAdcRaw: raw24=0xFFFFEB97 offset=-5225
  max11270_readAdcRaw: raw24=0xFFFFEB93 offset=-5229
  max11270_readAdcRaw: raw24=0xFFFFEB8A offset=-5238
  max11270_readAdcRaw: raw24=0xFFFFEB88 offset=-5240
  max11270_readAdcRaw: raw24=0xFFFFEB78 offset=-5256
  max11270_readAdcRaw: raw24=0xFFFFEB83 offset=-5245
  max11270_readAdcRaw: raw24=0xFFFFEB76 offset=-5258
  max11270_readAdcRaw: raw24=0xFFFFEB4D offset=-5299
  max11270_readAdcRaw: raw24=0xFFFFEA27 offset=-5593
Periodic register check (current contents, not a rewrite):
  CTRL1 = 0x43
  CTRL2 = 0x08
  CTRL5 = 0x0F
  STAT  = 0x3002
  max11270_readAdcRaw: raw24=0xFFFFEB36 offset=-5322
  max11270_readAdcRaw: raw24=0xFFFFEB2C offset=-5332
  max11270_readAdcRaw: raw24=0xFFFFEB29 offset=-5335
  max11270_readAdcRaw: raw24=0xFFFFEB1F offset=-5345
  max11270_readAdcRaw: raw24=0xFFFFEB25 offset=-5339
  max11270_readAdcRaw: raw24=0xFFFFEB23 offset=-5341
  max11270_readAdcRaw: raw24=0xFFFFEB5F offset=-5281
  max11270_readAdcRaw: raw24=0xFFFFEB97 offset=-5225
  max11270_readAdcRaw: raw24=0xFFFFEB9C offset=-5220
  max11270_readAdcRaw: raw24=0xFFFFEBA0 offset=-5216
  max11270_readAdcRaw: raw24=0xFFFFEBAA offset=-5206
  max11270_readAdcRaw: raw24=0xFFFFEBAD offset=-5203
  max11270_readAdcRaw: raw24=0xFFFFEBB6 offset=-5194
  max11270_readAdcRaw: raw24=0xFFFFEBB6 offset=-5194
