:0 lp:13347
[1786047577.191344337] t:198.37s enc:0.0 des:0.0 err:0.0 cur:-0 cmd:-0 | pub:0ms ret:0 lp:13353
[1786047577.291408337] t:198.47s enc:0.0 des:0.0 err:0.0 cur:-0 cmd:-0 | pub:0ms ret:0 lp:13338
[1786047577.391461337] t:198.57s enc:0.0 des:0.0 err:0.0 cur:-0 cmd:-0 | pub:0ms ret:0 lp:13343
[1786047577.491369337] t:198.67s enc:0.0 des:0.0 err:0.0 cur:-0 cmd:-0 | pub:0ms ret:0 lp:13338
[1786047577.591410337] t:198.77s enc:0.0 des:0.0 err:0.0 cur:-0 cmd:-0 | pub:0ms ret:0 lp:13350
[1786047577.691247337] t:198.87s enc:0.0 des:0.0 err:0.0 cur:-0 cmd:-0 | pub:0ms ret:0 lp:13303
[1786047577.791406337] t:198.97s enc:0.0 des:0.0 err:0.0 cur:-0 cmd:-0 | pub:0ms ret:0 lp:13348
[1786047577.891253337] t:199.07s enc:0.0 des:0.0 err:0.0 cur:-0 cmd:-0 | pub:0ms ret:0 lp:13331
[1786047577.991394337] t:199.17s enc:0.0 des:0.0 err:0.0 cur:-0 cmd:-0 | pub:0ms ret:0 lp:13345
[1786047578.091475337] t:199.27s enc:0.0 des:0.0 err:0.0 cur:-0 cmd:-0 | pub:0ms ret:0 lp:13335
[1786047578.191468337] t:199.37s enc:0.0 des:0.0 err:0.0 cur:-0 cmd:-0 | pub:0ms ret:0 lp:13323
[1786047578.291502337] t:199.47s enc:0.0 des:0.0 err:0.0 cur:-0 cmd:-0 | pub:0ms ret:0 lp:13316
[1786047578.391402337] t:199.57s enc:0.0 des:0.0 err:0.0 cur:-0 cmd:-0 | pub:0ms ret:0 lp:13311
[1786047578.491361337] t:199.67s enc:0.0 des:0.0 err:0.0 cur:-0 cmd:-0 | pub:0ms ret:0 lp:13335
[1786047578.591521337] t:199.77s enc:0.0 des:0.0 err:0.0 cur:-0 cmd:-0 | pub:0ms ret:0 lp:13333
[1786047578.691405337] t:199.87s enc:0.0 des:0.0 err:0.0 cur:-0 cmd:-0 | pub:0ms ret:0 lp:13304
[1786047578.791465337] t:199.97s enc:0.0 des:0.0 err:0.0 cur:-0 cmd:-0 | pub:0ms ret:0 lp:13309
[1786047578.891371337] t:200.07s enc:0.0 des:0.0 err:0.0 cur:-0 cmd:-0 | pub:0ms ret:0 lp:13327
[1786047578.991376337] t:200.17s enc:0.0 des:0.0 err:0.0 cur:-0 cmd:-0 | pub:0ms ret:0 lp:13350
[1786047579.091371337] t:200.27s enc:0.0 des:0.0 err:0.0 cur:-0 cmd:-0 | pub:0ms ret:0 lp:13349
[1786047579.191338337] t:200.37s enc:0.0 des:0.0 err:0.0 cur:-0 cmd:-0 | pub:0ms ret:0 lp:13338
[1786047579.291340337] t:200.47s enc:0.0 des:0.0 err:0.0 cur:-0 cmd:-0 | pub:0ms ret:0 lp:13349
[1786047579.391431337] t:200.57s enc:0.0 des:0.0 err:0.0 cur:-0 cmd:-0 | pub:0ms ret:0 lp:13351
[1786047579.491323337] t:200.67s enc:0.0 des:0.0 err:0.0 cur:-0 cmd:-0 | pub:0ms ret:0 lp:13315
[1786047579.591403337] t:200.77s enc:0.0 des:0.0 err:0.0 cur:-0 cmd:-0 | pub:0ms ret:0 lp:13361
[1786047579.691278337] t:200.87s enc:0.0 des:0.0 err:0.0 cur:-0 cmd:-0 | pub:0ms ret:0 lp:13347
[1786047579.791284337] t:200.97s enc:0.0 des:0.0 err:0.0 cur:-0 cmd:-0 | pub:0ms ret:0 lp:13352
[1786047579.891424337] t:201.07s enc:0.0 des:0.0 err:0.0 cur:-0 cmd:-0 | pub:0ms ret:0 lp:13374
[1786047579.991320337] t:201.17s enc:0.0 des:0.0 err:0.0 cur:-0 cmd:-0 | pub:0ms ret:0 lp:13329
[1786047580.091414337] t:201.27s enc:0.0 des:0.0 err:0.0 cur:-0 cmd:-0 | pub:0ms ret:0 lp:13354
[1786047580.289047337] [watchdog] ping result: 0 | ros_connected: 1 | heap: 178732
[1786047580.292523337] t:201.47s enc:0.0 des:0.0 err:0.0 cur:-0 cmd:-0 | pub:0ms ret:0 lp:13214
[1786047580.391362337] t:201.57s enc:0.0 des:0.0 err:0.0 cur:-0 cmd:-0 | pub:0ms ret:0 lp:13194
[1786047580.491413337] t:201.67s enc:0.0 des:0.0 err:0.0 cur:-0 cmd:-0 | pub:0ms ret:0 lp:13350
[1786047580.591399337] t:201.77s enc:0.0 des:0.0 err:0.0 cur:-0 cmd:-0 | pub:0ms ret:0 lp:13351
[1786047580.691518337] t:201.87s enc:0.0 des:0.0 err:0.0 cur:-0 cmd:-0 | pub:0ms ret:0 lp:13359
[1786047580.791384337] t:201.97s enc:0.0 des:0.0 err:0.0 cur:-0 cmd:-0 | pub:0ms ret:0 lp:13327
[1786047580.891228337] t:202.07s enc:0.0 des:0.0 err:0.0 cur:-0 cmd:-0 | pub:0ms ret:0 lp:13357
[1786047580.991381337] t:202.17s enc:0.0 des:0.0 err:0.0 cur:-0 cmd:-0 | pub:0ms ret:0 lp:13375
[1786047581.091374337] t:202.27s enc:0.0 des:0.0 err:0.0 cur:-0 cmd:-0 | pub:0ms ret:0 lp:13330
[1786047581.191422337] t:202.37s enc:0.0 des:0.0 err:0.0 cur:-0 cmd:-0 | pub:0ms ret:0 lp:13357
[1786047581.291380337] t:202.47s enc:0.0 des:0.0 err:0.0 cur:-0 cmd:-0 | pub:0ms ret:0 lp:13343
[1786047581.391378337] t:202.57s enc:0.0 des:0.0 err:0.0 cur:-0 cmd:-0 | pub:0ms ret:0 lp:13356
[1786047581.491396337] t:202.67s enc:0.0 des:0.0 err:0.0 cur:-0 cmd:-0 | pub:0ms ret:0 lp:13354
[1786047581.591434337] t:202.77s enc:0.0 des:0.0 err:0.0 cur:-0 cmd:-0 | pub:0ms ret:0 lp:13354
[1786047581.691396337] t:202.87s enc:0.0 des:0.0 err:0.0 cur:-0 cmd:-0 | pub:0ms ret:0 lp:13342
[1786047581.791424337] t:202.97s enc:0.0 des:0.0 err:0.0 cur:-0 cmd:-0 | pub:0ms ret:0 lp:13342
[1786047581.891233337] t:203.07s enc:0.0 des:0.0 err:0.0 cur:-0 cmd:-0 | pub:0ms ret:0 lp:13344
[1786047581.991387337] t:203.17s enc:0.0 des:0.0 err:0.0 cur:-0 cmd:-0 | pub:0ms ret:0 lp:13369
[1786047582.091416337] t:203.27s enc:0.0 des:0.0 err:0.0 cur:-0 cmd:-0 | pub:0ms ret:0 lp:13353
[1786047582.191345337] t:203.37s enc:0.0 des:0.0 err:0.0 cur:-0 cmd:-0 | pub:0ms ret:0 lp:13313
[1786047582.291248337] t:203.47s enc:0.0 des:0.0 err:0.0 cur:-0 cmd:-0 | pub:0ms ret:0 lp:13359
[1786047582.391542337] t:203.57s enc:0.0 des:0.0 err:0.0 cur:-0 cmd:-0 | pub:0ms ret:0 lp:13369
[1786047582.491346337] t:203.67s enc:0.0 des:0.0 err:0.0 cur:-0 cmd:-0 | pub:0ms ret:0 lp:13319
[1786047582.591322337] t:203.77s enc:0.0 des:0.0 err:0.0 cur:-0 cmd:-0 | pub:0ms ret:0 lp:13343
[1786047582.691353337] t:203.87s enc:0.0 des:0.0 err:0.0 cur:-0 cmd:-0 | pub:0ms ret:0 lp:13361
[1786047582.791385337] t:203.97s enc:0.0 des:0.0 err:0.0 cur:-0 cmd:-0 | pub:0ms ret:0 lp:13342
[1786047582.891316337] t:204.07s enc:0.0 des:0.0 err:0.0 cur:-0 cmd:-0 | pub:0ms ret:0 lp:13347
[1786047582.991394337] t:204.17s enc:0.0 des:0.0 err:0.0 cur:-0 cmd:-0 | pub:0ms ret:0 lp:13354
[1786047583.091330337] t:204.27s enc:0.0 des:0.0 err:0.0 cur:-0 cmd:-0 | pub:0ms ret:0 lp:13349
[1786047583.191189337] t:204.37s enc:0.0 des:0.0 err:0.0 cur:-0 cmd:-0 | pub:0ms ret:0 lp:13355
[1786047583.291515337] t:204.47s enc:0.0 des:0.0 err:0.0 cur:-0 cmd:-0 | pub:0ms ret:0 lp:13345
[1786047583.391455337] t:204.57s enc:0.0 des:0.0 err:0.0 cur:-0 cmd:-0 | pub:0ms ret:0 lp:13320
[1786047583.491359337] t:204.67s enc:0.0 des:0.0 err:0.0 cur:-0 cmd:-0 | pub:0ms ret:0 lp:13332
[1786047583.591381337] t:204.77s enc:0.0 des:0.0 err:0.0 cur:-0 cmd:-0 | pub:0ms ret:0 lp:13349
[1786047583.691403337] t:204.87s enc:0.0 des:0.0 err:0.0 cur:-0 cmd:-0 | pub:0ms ret:0 lp:13345
[1786047583.791305337] t:204.97s enc:0.0 des:0.0 err:0.0 cur:-0 cmd:-0 | pub:0ms ret:0 lp:13336
[1786047583.891374337] t:205.07s enc:0.0 des:0.0 err:0.0 cur:-0 cmd:-0 | pub:0ms ret:0 lp:13361
[1786047583.991077337] t:205.17s enc:0.0 des:0.0 err:0.0 cur:-0 cmd:-0 | pub:0ms ret:0 lp:13356
[1786047584.091127337] t:205.27s enc:0.0 des:0.0 err:0.0 cur:-0 cmd:-0 | pub:0ms ret:0 lp:13400
[1786047584.191558337] t:205.37s enc:0.0 des:0.0 err:0.0 cur:-0 cmd:-0 | pub:0ms ret:0 lp:13396
[1786047584.291459337] t:205.47s enc:0.0 des:0.0 err:0.0 cur:-0 cmd:-0 | pub:0ms ret:0 lp:13312
[1786047584.391548337] t:205.57s enc:0.0 des:0.0 err:0.0 cur:-0 cmd:-0 | pub:0ms ret:0 lp:13342
[1786047584.491241337] t:205.67s enc:0.0 des:0.0 err:0.0 cur:-0 cmd:-0 | pub:0ms ret:0 lp:13300
[1786047584.591404337] t:205.77s enc:0.0 des:0.0 err:0.0 cur:-0 cmd:-0 | pub:0ms ret:0 lp:13366
[1786047584.691371337] t:205.87s enc:0.0 des:0.0 err:0.0 cur:-0 cmd:-0 | pub:0ms ret:0 lp:13350
[1786047584.791344337] t:205.97s enc:0.0 des:0.0 err:0.0 cur:-0 cmd:-0 | pub:0ms ret:0 lp:13345
[1786047584.891284337] t:206.07s enc:0.0 des:0.0 err:0.0 cur:-0 cmd:-0 | pub:0ms ret:0 lp:13356
[1786047584.991418337] t:206.17s enc:0.0 des:0.0 err:0.0 cur:-0 cmd:-0 | pub:0ms ret:0 lp:13356
[1786047585.091389337] t:206.27s enc:0.0 des:0.0 err:0.0 cur:-0 cmd:-0 | pub:0ms ret:0 lp:13347
[1786047585.289050337] [watchdog] ping result: 0 | ros_connected: 1 | heap: 178732
[1786047585.292341337] t:206.47s enc:0.0 des:0.0 err:0.0 cur:-0 cmd:-0 | pub:0ms ret:0 lp:13214
[1786047585.391487337] t:206.57s enc:0.0 des:0.0 err:0.0 cur:-0 cmd:-0 | pub:0ms ret:0 lp:13213
[1786047585.491456337] t:206.67s enc:0.0 des:0.0 err:0.0 cur:-0 cmd:-0 | pub:0ms ret:0 lp:13331
[1786047585.591389337] t:206.77s enc:0.0 des:0.0 err:0.0 cur:-0 cmd:-0 | pub:0ms ret:0 lp:13307
[1786047585.691412337] t:206.87s enc:0.0 des:0.0 err:0.0 cur:-0 cmd:-0 | pub:0ms ret:0 lp:13349
[1786047585.791379337] t:206.97s enc:0.0 des:0.0 err:0.0 cur:-0 cmd:-0 | pub:0ms ret:0 lp:13343
[1786047585.891450337] t:207.07s enc:0.0 des:0.0 err:0.0 cur:-0 cmd:-0 | pub:0ms ret:0 lp:13348
[1786047585.991520337] t:207.17s enc:0.0 des:0.0 err:0.0 cur:-0 cmd:-0 | pub:0ms ret:0 lp:13339
[1786047586.091270337] t:207.27s enc:0.0 des:0.0 err:0.0 cur:-0 cmd:-0 | pub:0ms ret:0 lp:13330
[1786047586.191408337] t:207.37s enc:0.0 des:0.0 err:0.0 cur:-0 cmd:-0 | pub:0ms ret:0 lp:13364
[1786047586.291387337] t:207.47s enc:0.0 des:0.0 err:0.0 cur:-0 cmd:-0 | pub:0ms ret:0 lp:13353
[1786047586.391260337] t:207.57s enc:0.0 des:0.0 err:0.0 cur:-0 cmd:-0 | pub:0ms ret:0 lp:13355
[1786047586.491528337] t:207.67s enc:0.0 des:0.0 err:0.0 cur:-0 cmd:-0 | pub:0ms ret:0 lp:13371
[1786047586.591474337] t:207.77s enc:0.0 des:0.0 err:0.0 cur:-0 cmd:-0 | pub:0ms ret:0 lp:13331
[1786047586.691449337] t:207.87s enc:0.0 des:0.0 err:0.0 cur:-0 cmd:-0 | pub:0ms ret:0 lp:13305
[1786047586.791370337] t:207.97s enc:0.0 des:0.0 err:0.0 cur:-0 cmd:-0 | pub:0ms ret:0 lp:13329
[1786047586.891524337] t:208.07s enc:0.0 des:0.0 err:0.0 cur:-0 cmd:-0 | pub:1ms ret:0 lp:13347
[1786047586.991182337] t:208.17s enc:0.0 des:0.0 err:0.0 cur:-0 cmd:-0 | pub:0ms ret:0 lp:13313
[1786047587.091365337] t:208.27s enc:0.0 des:0.0 err:0.0 cur:-0 cmd:-0 | pub:0ms ret:0 lp:13381
[1786047587.191364337] t:208.37s enc:0.0 des:0.0 err:0.0 cur:-0 cmd:-0 | pub:0ms ret:0 lp:13349
[1786047587.291329337] t:208.47s enc:0.0 des:0.0 err:0.0 cur:-0 cmd:-0 | pub:0ms ret:0 lp:13357
[1786047587.391290337] t:208.57s enc:0.0 des:0.0 err:0.0 cur:-0 cmd:-0 | pub:0ms ret:0 lp:13351
[1786047587.491365337] t:208.67s enc:0.0 des:0.0 err:0.0 cur:-0 cmd:-0 | pub:0ms ret:0 lp:13357
[1786047587.591176337] t:208.77s enc:0.0 des:0.0 err:0.0 cur:-0 cmd:-0 | pub:0ms ret:0 lp:13356
[1786047587.691487337] t:208.87s enc:0.0 des:0.0 err:0.0 cur:-0 cmd:-0 | pub:0ms ret:0 lp:13378
[1786047587.791395337] t:208.97s enc:0.0 des:0.0 err:0.0 cur:-0 cmd:-0 | pub:0ms ret:0 lp:13286
[1786047587.891543337] t:209.07s enc:0.0 des:0.0 err:0.0 cur:-0 cmd:-0 | pub:0ms ret:0 lp:13340
[1786047587.991342337] t:209.17s enc:0.0 des:0.0 err:0.0 cur:-0 cmd:-0 | pub:0ms ret:0 lp:13314
[1786047588.091423337] t:209.27s enc:0.0 des:0.0 err:0.0 cur:-0 cmd:-0 | pub:0ms ret:0 lp:13359
[1786047588.191389337] t:209.37s enc:0.0 des:0.0 err:0.0 cur:-0 cmd:-0 | pub:0ms ret:0 lp:13337
[1786047588.291079337] t:209.47s enc:0.0 des:0.0 err:0.0 cur:-0 cmd:-0 | pub:0ms ret:0 lp:13351
[1786047588.391271337] t:209.57s enc:0.0 des:0.0 err:0.0 cur:-0 cmd:-0 | pub:0ms ret:0 lp:13403
[1786047588.491501337] t:209.67s enc:0.0 des:0.0 err:0.0 cur:-0 cmd:-0 | pub:0ms ret:0 lp:13373
[1786047588.591420337] t:209.77s enc:0.0 des:0.0 err:0.0 cur:-0 cmd:-0 | pub:0ms ret:0 lp:13334
[1786047588.691424337] t:209.87s enc:0.0 des:0.0 err:0.0 cur:-0 cmd:-0 | pub:0ms ret:0 lp:13345
[1786047588.791250337] t:209.97s enc:0.0 des:0.0 err:0.0 cur:-0 cmd:-0 | pub:0ms ret:0 lp:13336
[1786047588.891199337] t:210.07s enc:0.0 des:0.0 err:0.0 cur:-0 cmd:-0 | pub:0ms ret:0 lp:13365
[1786047588.991497337] t:210.17s enc:0.0 des:0.0 err:0.0 cur:-0 cmd:-0 | pub:0ms ret:0 lp:13345
[1786047589.091399337] t:210.27s enc:0.0 des:0.0 err:0.0 cur:-0 cmd:-0 | pub:0ms ret:0 lp:13328
[1786047589.191433337] t:210.37s enc:0.0 des:0.0 err:0.0 cur:-0 cmd:-0 | pub:0ms ret:0 lp:13345
[1786047589.291404337] t:210.47s enc:0.0 des:0.0 err:0.0 cur:-0 cmd:-0 | pub:0ms ret:0 lp:13345
[1786047589.391398337] t:210.57s enc:0.0 des:0.0 err:0.0 cur:-0 cmd:-0 | pub:0ms ret:0 lp:13347
[1786047589.491200337] t:210.67s enc:0.0 des:0.0 err:0.0 cur:-0 cmd:-0 | pub:0ms ret:0 lp:13355
[1786047589.591402337] t:210.77s enc:0.0 des:0.0 err:0.0 cur:-0 cmd:-0 | pub:0ms ret:0 lp:13370
[1786047589.691470337] t:210.87s enc:0.0 des:0.0 err:0.0 cur:-0 cmd:-0 | pub:0ms ret:0 lp:13353
[1786047589.791304337] t:210.97s enc:0.0 des:0.0 err:0.0 cur:-0 cmd:-0 | pub:0ms ret:0 lp:13324
[1786047589.891377337] t:211.07s enc:0.0 des:0.0 err:0.0 cur:-0 cmd:-0 | pub:0ms ret:0 lp:13342
[1786047589.991308337] t:211.17s enc:0.0 des:0.0 err:0.0 cur:-0 cmd:-0 | pub:0ms ret:0 lp:13352
[1786047590.091483337] t:211.27s enc:0.0 des:0.0 err:0.0 cur:-0 cmd:-0 | pub:0ms ret:0 lp:13320
[1786047590.289044337] [watchdog] ping result: 0 | ros_connected: 1 | heap: 178732
[1786047590.292686337] t:211.47s enc:0.0 des:0.0 err:0.0 cur:-0 cmd:-0 | pub:1ms ret:0 lp:13196
[1786047590.391498337] t:211.57s enc:0.0 des:0.0 err:0.0 cur:-0 cmd:-0 | pub:0ms ret:0 lp:13164
[1786047590.491469337] t:211.67s enc:0.0 des:0.0 err:0.0 cur:-0 cmd:-0 | pub:0ms ret:0 lp:13341
[1786047590.591459337] t:211.77s enc:0.0 des:0.0 err:0.0 cur:-0 cmd:-0 | pub:0ms ret:0 lp:13341
[1786047590.691286337] t:211.87s enc:0.0 des:0.0 err:0.0 cur:-0 cmd:-0 | pub:0ms ret:0 lp:13345
[1786047590.791405337] t:211.97s enc:0.0 des:0.0 err:0.0 cur:-0 cmd:-0 | pub:0ms ret:0 lp:13360
[1786047590.891489337] t:212.07s enc:0.0 des:0.0 err:0.0 cur:-0 cmd:-0 | pub:0ms ret:0 lp:13346
[1786047590.991403337] t:212.17s enc:0.0 des:0.0 err:0.0 cur:-0 cmd:-0 | pub:0ms ret:0 lp:13332
[1786047591.091331337] t:212.27s enc:0.0 des:0.0 err:0.0 cur:-0 cmd:-0 | pub:0ms ret:0 lp:13343
[1786047591.191299337] t:212.37s enc:0.0 des:0.0 err:0.0 cur:-0 cmd:-0 | pub:0ms ret:0 lp:13307
[1786047591.291302337] t:212.47s enc:0.0 des:0.0 err:0.0 cur:-0 cmd:-0 | pub:0ms ret:0 lp:13350
[1786047591.391430337] t:212.57s enc:0.0 des:0.0 err:0.0 cur:-0 cmd:-0 | pub:0ms ret:0 lp:13355
[1786047591.392976337] teleop freq received: 0.200 Hz
[1786047591.393574337] Computed phase shift: -24.749 rad
[1786047591.394106337] [FAULT] DRV8874 cleared (cmd was 131 at the time)
[1786047591.395149337] [FAULT] DRV8874 cleared (cmd was 0 at the time)
[1786047591.478184337] [FAULT] DRV8874 FAULT ACTIVE (over-current/over-temp/under-voltage) (cmd was 10 at the time)
[1786047591.479972337] [FAULT] DRV8874 FAULT ACTIVE (over-current/over-temp/under-voltage) (cmd was 10 at the time)
[1786047591.481481337] [FAULT] DRV8874 cleared (cmd was 10 at the time)
[1786047591.482357337] [FAULT] DRV8874 cleared (cmd was 11 at the time)
[1786047591.483277337] [FAULT] DRV8874 cleared (cmd was 11 at the time)
[1786047591.484243337] [FAULT] DRV8874 FAULT ACTIVE (over-current/over-temp/under-voltage) (cmd was 11 at the time)
[1786047591.485964337] [FAULT] DRV8874 FAULT ACTIVE (over-current/over-temp/under-voltage) (cmd was 11 at the time)
[1786047591.487636337] [FAULT] DRV8874 FAULT ACTIVE (over-current/over-temp/under-voltage) (cmd was 12 at the time)
[1786047591.492497337] t:212.67s enc:0.0 des:1355.7 err:1355.7 cur:39 cmd:13 | pub:0ms ret:0 lp:11410
[1786047591.494079337] [FAULT] DRV8874 cleared (cmd was 14 at the time)
[1786047591.495030337] [FAULT] DRV8874 cleared (cmd was 14 at the time)
[1786047591.495955337] [FAULT] DRV8874 cleared (cmd was 14 at the time)
[1786047591.496779337] [FAULT] DRV8874 cleared (cmd was 14 at the time)
[1786047591.497693337] [FAULT] DRV8874 cleared (cmd was 15 at the time)
[1786047591.498602337] [FAULT] DRV8874 cleared (cmd was 15 at the time)
[1786047591.499514337] [FAULT] DRV8874 cleared (cmd was 15 at the time)
[1786047591.500421337] [FAULT] DRV8874 cleared (cmd was 16 at the time)
[1786047591.501330337] [FAULT] DRV8874 cleared (cmd was 16 at the time)
[1786047591.502233337] [FAULT] DRV8874 cleared (cmd was 16 at the time)
[1786047591.503148337] [FAULT] DRV8874 cleared (cmd was 17 at the time)
[1786047591.504055337] [FAULT] DRV8874 cleared (cmd was 17 at the time)
[1786047591.504982337] [FAULT] DRV8874 cleared (cmd was 17 at the time)
[1786047591.505805337] [FAULT] DRV8874 cleared (cmd was 17 at the time)
[1786047591.506724337] [FAULT] DRV8874 cleared (cmd was 18 at the time)
[1786047591.507636337] [FAULT] DRV8874 cleared (cmd was 18 at the time)
[1786047591.508550337] [FAULT] DRV8874 cleared (cmd was 18 at the time)
[1786047591.509468337] [FAULT] DRV8874 cleared (cmd was 19 at the time)
[1786047591.510387337] [FAULT] DRV8874 cleared (V8874 cleared (cmd was 19 at the time)
[1786047591.513129337] [FAULT] DRV8874 cleared (cmd was 20 at the time)
[1786047591.514054337] [FAULT] DRV8874 cleared (cmd was 20 at the time)
[1786047591.514999337] [FAULT] DRV8874 cleared (cmd was 21 at the time)
[1786047591.515945337] [FAULT] DRV8874 cleared (cmd was 21 at the time)
[1786047591.516788337] [FAULT] DRV8874 cleared (cmd was 21 at the time)
[1786047591.517725337] [FAULT] DRV8874 cleared (cmd was 21 at the time)
[1786047591.518652337] [FAULT] DRV8874 cleared (cmd was 22 at the time)
[1786047591.519584337] [91.521450337] [FAULT] DRV8874 cleared (cmd was 23 at the time)
[1786047591.522384337] [FAULT] DRV8874 cleared (cmd was 23 at the time)
[1786047591.523318337] [FAULT] DRV8874 cleared (cmd was 23 at the time)
[1786047591.524253337] [FAULT] DRV8874 cleared (cmd was 24 at the time)
[1786047591.525216337] [FAULT] DRV8874 cleared (cmd was 24 at the time)
[1786047591.526169337] [FAULT] DRV8874 cleared (cmd was 24 at the time)
[1786047591.527125337] [FAULT] DRV8874 cleared (cmd was 25 at the time)
[1786047591.528073337] [91.529977337] [FAULT] DRV8874 cleared (cmd was 26 at the time)
[1786047591.530923337] [FAULT] DRV8874 cleared (cmd was 26 at the time)
[1786047591.531784337] [FAULT] DRV8874 cleared (cmd was 26 at the time)
[1786047591.532736337] [FAULT] DRV8874 cleared (cmd was 27 at the time)
[1786047591.533689337] [FAULT] DRV8874 cleared (cmd was 27 at the time)
[1786047591.534649337] [FAULT] DRV8874 cleared (cmd was 28 at the time)
[1786047591.535631337] [FAULT] DRV8874 cleared (cmd was 28 at the time)
[1786047591.536598337] [F1.538541337] [FAULT] DRV8874 cleared (cmd was 29 at the time)
[1786047591.539504337] [FAULT] DRV8874 cleared (cmd was 30 at the time)
[1786047591.540478337] [FAULT] DRV8874 cleared (cmd was 30 at the time)
[1786047591.541446337] [FAULT] DRV8874 cleared (cmd was 30 at the time)
[1786047591.542470337] [FAULT] DRV8874 cleared (cmd was 31 at the time)
[1786047591.543617337] [FAULT] DRV8874 cleared (cmd was 31 at the time)
[1786047591.544697337] [FAULT] DRV8874 cleared (cmd was 32 at the time)
[1786047591.545750337] [FAULT] DRV8874 cleared (cmd was 32 at the time)
[1786047591.546752337] [FAULT] DRV8874 cleared (cmd was 33 at the time)
[1786047591.547743337] [FAULT] DRV8874 cleared (cmd was 33 at the time)
[1786047591.548733337] [FAULT] DRV8874 cleared (cmd was 33 at the time)
[1786047591.549954337] [FAULT] DRV8874 FAULT ACTIVE (over-current/over-te2660337] [FAULT] DRV8874 cleared (cmd was 35 at the time)
[1786047591.553650337] [FAULT] DRV8874 cleared (cmd was 36 at the time)
[1786047591.554650337] [FAULT] DRV8874 cleared (cmd was 36 at the time)
[1786047591.555698337] [FAULT] DRV8874 FAULT ACTIVE (over-current/over-temp/under-voltage) (cmd was 37 at the time)
[1786047591.557510337] [FAULT] DRV8874 cleared (cmd was 37 at the time)
[1786047591.558502337] [FAULT] DRV8874 cleared (cmd was 38 at the time)
[1786047591.559489337] [FAULT] DRV8874 cleared (cmd was 38 at the time)
[1786047591.560510337] [FAULT] DRV8874 cleared (cmd was 39 at the time)
[1786047591.561504337] [FAULT] DRV8874 cleared (cmd was 39 at the time)
[1786047591.562496337] [FAULT] DRV8874 cleared (cmd was 40 at the time)
[1786047591.563486337] [FAULT] DRV8874 cleared (cmd was 40 at the time)
[1786047591.564581337] [FAULT] DRV8874 cleared (cmd was 41 at the time)
[1786047591.565725337] [FAULT] DRV8874 cleared (cmd was 41 at the time)
[17t the time)
[1786047591.568699337] [FAULT] DRV8874 cleared (cmd was 43 at the time)
[1786047591.569761337] [FAULT] DRV8874 cleared (cmd was 43 at the time)
[1786047591.570800337] [FAULT] DRV8874 cleared (cmd was 44 at the time)
[1786047591.571800337] [FAULT] DRV8874 cleared (cmd was 44 at the time)
[1786047591.572795337] [FAULT] DRV8874 cleared (cmd was 45 at the time)
[1786047591.573792337] [FAULT] DRV8874 cleared (cmd was 45 at the time)
[1786047591.574804337] [FAULT] DRV8874 cleared (cmd was 46 at the time)
[1786047591.575936337] [FAULT] DRV8874 cleared (cmd was 46 at the time)
[1786047591.576936337] [FAULT] DRV8874 cleared (cmd was 47 at the time)
[1786047591.577931337] [91.579808337] [FAULT] DRV8874 cleared (cmd was 48 at the time)
[1786047591.580800337] [FAULT] DRV8874 cleared (cmd was 49 at the time)
[1786047591.581797337] [FAULT] DRV8874 cleared (cmd was 49 at the time)
[1786047591.582792337] [FAULT] DRV8874 cleared (cmd was 50 at the time)
[1786047591.583783337] [FAULT] DRV8874 cleared (cmd was 50 at the time)
[1786047591.584790337] [FAULT] DRV8874 cleared (cmd was 51 at the time)
[1786047591.585803337] [FAULT] DRV8874 cleared (cmd was 51 at the time)
[1786047591.586798337] [FAULT] DRV8874 cleared (cmd was 52 at the time)
[1786047591.587795337] [FAULT] DRV8874 cleared (cmd was 53 at the time)
[1786047591.588789337] [FAULT] DRV8874 cleared (cmd was 53 at the time)
[1786047591.592574337] t:212.77s enc:0.0 des:5528.3 err:5528.3 cur:64 cmd:55 | pub:0ms ret:0 lp:97
[1786047591.594416337] [FAULT] DRV8874 cleared (cmd was 56 at the time)
[1786047591.595519337] [FAULT] DRV8874 cleared (cmd was 57 at the time)
[1786047591.596504337] [FAULT] DRV8874 cleared (cmd was 58 at the time)
[1786047591.597500337] [FAULT] DRV8874 cleared (cmd was 58 at the time)
[1786047591.598484337] [FAULT] DRV8874 cleared (cmd was 59 at the time)
[1786047591.599478337] [FAULT] DRV8874 cleared (cmd was 59 at the time)
[1786047591.600455337] [FAULT] DRV8874 cleared (cmd was 60 at the time)
[1786047591.601449337] [FAULT] DRV8874 cleared (cmd was 60 at the time)
[1786047591.602433337] [FAULT] DRV8874 cleared (cmd was 61 at the time)
[1786047591.603428337] [FAULT] DRV8874 cleared (cmd was 62 at the time)
[1786047591.604446337] [FAULT] DRV8874 FAULT ACTIVE (over-current/over-temp/under-voltage) (cmd was 62 at the time)
[1786047591.606301337] [FAULT] DRV8874 FAULT ACTIVE (over-current/over-temp/under-voltage) (cmd was 63 at the time)
[1786047591.608152337] [FAULT] DRV8874 FAULT ACTIVE (over-current/over-temp/under-voltage) (cmd was 65 at the time)
[1786047591.609972337] [FAULT] DRV8874 cleared (cmd was 66 at the time)
[1786047591.610986337] [FAULT] DRV8874 cleared (cmd was 66 at the time)
[1786047591.611986337] [FAULT] DRV8874 cleared (cmd was 67 at the time)
[1786047591.612978337] [FAULT] DRV8874 cleared (cmd was 68 at the time)
[1786047591.613978337] [FAULT] DRV8874 cleared (cmd was 68 at the time)
[1786047591.614989337] [FAULT] DRV8874 cleared (cmd was 69 at the time)
[1786047591.616000337] [FAULT] DRV8874 cleared (cmd was 70 at the time)
[1786047591.616990337] [FAULT] DRV8874 cleared (cmd was 70 at the time)
[1786047591.617985337] [FAULT] DRV8874 cleared (cmd was 71 at the time)
[1urrent/over-temp/under-voltage) (cmd was 72 at the time)
[1786047591.621729337] [FAULT] DRV8874 cleared (cmd was 73 at the time)
[1786047591.622707337] [FAULT] DRV8874 cleared (cmd was 73 at the time)
[1786047591.623704337] [FAULT] DRV8874 cleared (cmd was 74 at the time)
[1786047591.624749337] [FAULT] DRV8874 FAULT ACTIVE (over-current/over-temp/under-voltage) (cmd was 75 at the time)
[1786047591.626574337] [FAULT] DRV8874 cleared (cmd was 76 at the time)
[1786047591.627591337] [FAULT] DRV8874 cleared (cmd was 77 at the time)
[1786047591.628651337] [FAULT] DRV8874 FAULT ACTIVE (over-current/over-temp/under-voltage) (cmd was 77 at the time)
[1786047591.630503337] [FAULT] DRV8874 FAULT ACTIVE (over-current/over-temp/under-voltage) (cmd was 79 at the time)
[1786047591.632350337] [FAULT] DRV8874 FAULT ACTIVE (over-current/over-temp/under-voltage) (cmd was 80 at the time)
[1786047591.634154337] [FAULT] DRV8874 cleared (cmd was 81 at the time)
[1786047591.635201337] [FAULT] DRV8874 FAULT ACTIVE (over-current/over-temp/under-voltage) (cmd was 82 at the time)
[1786047591.637024337] [FAULT] DRV8874 cleared (cmd was 83 at the time)
[1786047591.638023337] [FAULT] DRV8874 clULT] DRV8874 cleared (cmd was 85 at the time)
[1786047591.641049337] [FAULT] DRV8874 FAULT ACTIVE (over-current/over-temp/under-voltage) (cmd was 86 at the time)
[1786047591.642770337] [FAULT] DRV8874 cleared (cmd was 87 at the time)
[1786047591.644122337] [FAULT] DRV8874 FAULT ACTIVE (over-current/over-temp/under-voltage) (cmd was 87 at the time)
[1786047591.646174337] [FAULT] DRV8874 cleared (cmd was 90 at the time)
[1786047591.647184337] [FAULT] DRV8874 cleared (cmd was 90 at the time)
[1786047591.648177337] [FAULT] DRV8874 cleared (cmd was 91 at the time)
[1786047591.649171337] [FAULT] DRV8874 cleared (cmd was 92 at the time)
[1786047591.650259337] [FAULT] DRV8874 cleared (cmd was 92 at the time)
[1786047591.651310337] [FAULT] DRV8874 FAULT ACTIVE (over-current/over-temp/under-voltage) (cmd was 93 at the time)
[1786047591.653152337] [FAULT] DRV8874 FAULT ACTIVE (over-current/over-temp/under-voltage) (cmd was 95 at the time)
[1786047591.654986337] [FAULT] DRV8874 cleared (cmd was 96 at the time)
[1786047591.655985337] [FAULT] DRV8874 cleared (cmd was 97 at the time)
[1786047591.656974337] [FAULT] DRV8874 cleared (cmd was 97 at the time)
[1786047591.658007337] [FAULT] DRV8874 FAULT ACTIVE (over-current/over-temp/under-voltage) (cmd was 98 at the time)
[1786047591.659745337] [FAULT] DRV8874 cleared (cmd was 99 at the time)
[1786047591.660793337] [FAULT] DRV8874 FAULT ACTIVE (over-current/over-temp/under-voltage) (cmd was 100 at the time)
[1786047591.662704337] [FAULT] DRV8874 FAULT ACTIVE (over-current/over-temp/under-voltage) (cmd was 101 at the time)
[1786047591.664546337] [FAULT] DRV8874 cleared (cmd was 103 at the time)
[1786047591.665605337] [FAULT] DRV8874 FAULT ACTIVE (over-current/over-temp/under-voltage) (cmd was 103 at the time)
[1786047591.667566337] [FAULT] DRV8874 cleared (cmd was 105 at the time)
[1786047591.668680337] [FAULT] DRV8874 FAULT ACTIVE (over-current/over-temp/under-v [FAULT] DRV8874 cleared (cmd was 108 at the time)
[1786047591.672638337] [FAULT] DRV8874 cleared (cmd was 109 at the time)
[1786047591.673687337] [FAULT] DRV8874 cleared (cmd was 110 at the time)
[1786047591.674769337] [FAULT] DRV8874 FAULT ACTIVE (over-current/over-temp/under-voltage) (cmd was 110 at the time)
[1786047591.676655337] [FAULT] DRV8874 cleared (cmd was 112 at the time)
[1786047591.677754337] [FAULT] DRV8874 FAULT ACTIVE (over-current/over-temp/under-voltage) (cmd was 113 at the time)
[1786047591.679649337] [FAULT] DRV8874 FAULT ACTIVE (over-current/over-temp/under-voltage) (cmd was 114 at the time)
[1786047591.681476337] [FAULT] DRV8874 cleared (cmd was 116 at the time)
[1786047591.682488337] [FAULT] DRV8874 cleared (cmd was 117 at the time)
[1786047591.683502337] [FAULT] DRV8874 cleared (cmd was 117 at the time)
[1786047591.684528337] [FAULT] DRV8874 cleared (cmd was 118 at the time)
[1786047591.685609337] [FAULT] DRV8874 FAULT ACTIVE (over-current/over-temp/under-voltage) (cmd was 119 at the time)
[1786047591.687443337] [FAULT] DRV8874 cleared (cmd was 121 at the time)
[1786047591.688446337] [FAULT] DRV8874 cleared (cmd was 122 at the time)
[1786047591.692399337] t:212.87s enc:0.0 des:12452.8 err:12452.8 cur:92 cmd:124 | pub:1ms ret:0 lp:75
[1786047591.694176337] [FAULT] DRV8874 FAULT ACTIVE (over-current/over-temp/under-voltage) (cmd was 127 at the time)
[1786047591.696052337] [FAULT] DRV8874 cleared (cmd was 128 at the time)
[1786047591.697119337] [FAULT] DRV8874 FAULT ACTIVE (over-current/over-temp/under-voltage) (cmd was 129 at the time)
[1786047591.698948337] [FAULT] DRV8874 cleared (cmd was 131 at the time)
[1786047591.700001337] [FAULT] DRV8874 FAULT ACTIVE (over-current/over-temp/under-voltage) (cmd was 132 at the time)
[1786047591.701729337] [FAULT] DRV8874 cleared (cmd was 132 at the time)
[1786047591.702724337] [FAULT] DRV8874 cleared (cmd was 133 at the time)
[1786047591.703732337] [FAULT] DRV8874 cleared (cmd was 134 at the time)
[1786047591.704748337] [FAULT] DRV8874 cleared (cmd was 135 at the time)
[1786047591.705909337] [FAULT] DRV8874 FAULT ACTIVE (over-current/over-temp/under-voltage) (cmd was 136 at the time)
[1786047591.707646337] [FAULT] DRV8874 cleared (cmd was 138 at the time)
[1786047591.708647337] [FAULT] DRV8874 cleared (cmd was 138 at the time)
[1786047591.709706337] [FAULT] DRV8874 FAULT ACTIVE (over-current/over-temp/under-voltage) (cmd was 139 at the time)
[1786047591.711609337] [FAULT] DRV8874 FAULT ACTIVE (over-current/over-temp/under-voltage) (cmd was 141 at the time)
[1786047591.713431337] [FAULT] DRV8874 cleared (cmd was 143 at the time)
[1786047591.714449337] [FAULT] DRV8874 cleared (cmd was 144 at the time)
[1786047591.715518337] [FAULT] DRV8874 FAULT ACTIVE (over-current/over-temp/under-voltage) (cmd was 145 at the time)
[1786047591.717346337] [FAULT] DRV8874 cleared (cmd was 146 at the time)
[1786047591.718343337] [FAULT] DRV8874 cleared (cmd was 147 at the time)
[1786047591.719351337] [FAULT] DRV8874 cleared (cmd was 148 at the time)
[1786047591.720398337] [FAULT] DRV8874 FAULT ACTIVE (over-current/over-temp/under-voltage) (cmd was 149 at the time)
[1786047591.722255337] [FAULT] DRV8874 FAULT ACTIVE (over-current/over-temp/under-voltage) (cmd was 151 at the time)
[1786047591.724121337] [FAULT] DRV8874 FAULT ACTIVE (over-current/over-temp/under-voltage) (cmd was 153 at the time)
[1786047591.725960337] [FAULT] DRV8874 cleared (cmd was 155 at the time)
[1786047591.727058337] [FAULT] DRV8874 FAULT ACTIVE (over-current/over-temp/under-voltage) (cmd was 155 at the time)
[1786047591.728930337] [FAULT] DRV8874 cleared (cmd was 156 at the time)
[1786047591.729931337] [FAULT] DRV8874 cleared (cmd was 157 at the time)
[1786047591.730938337] [FAULT] DRV8874 cleared (cmd was 158 at the time)
[1786047591.731945337] [FAULT] DRV8874 cleared (cmd was 159 at the time)
[1786047591.732999337] [FAULT] DRV8874 FAULT ACTIVE (over-current/over-temp/under-voltage) (cmd was 161 at the time)
[1786047591.734781337] [FAULT] DRV8874 FAULT ACTIVE (over-current/over-temp/under-voltage) (cmd was 162 at the time)
[1786047591.736653337] [FAULT] DRV8874 FAULT ACTIVE (over-current/over-temp/under-voltage) (cmd was 164 at the time)
[1786047591.738519337] [FAULT] DRV8874 FAULT ACTIVE (over-current/over-temp/under-voltage) (cmd was 166 at the time)
[1786047591.740373337] [FAULT] DRV8874 FAULT ACTIVE (over-current/over-temp/under-voltage) (cmd was 168 at the time)
[1786047591.742232337] [FAULT] DRV8874 cleared (cmd was 170 at the time)
[1786047591.743500337] [FAULT] DRV8874 cleared (cmd was 171 at the time)
[1786047591.744681337] [FAULT] DRV8874 FAULT ACTIVE (over-current/over-temp/under-voltage) (cmd was 172 at the time)
[1786047591.746577337] [FAULT] DRV8874 FAULT ACTIVE (over-current/over-temp/under-voltage) (cmd was 173 at the time)
[1786047591.748505337] [FAULT] DRV8874 FAULT ACTIVE (over-current/over-temp/under-voltage) (cmd was 175 at the time)
[1786047591.750417337] [FAULT] DRV8874 FAULT ACTIVE (over-current/over-temp/under-voltage) (cmd was 177 at the time)
[1786047591.752272337] [FAULT] DRV8874 FAULT ACTIVE (over-current/over-temp/under-voltage) (cmd was 179 at the time)
[1786047591.754095337] [FAULT] DRV8874 cleared (cmd was 181 at the time)
[1786047591.755159337] [FAULT] DRV8874 FAULT ACTIVE (over-current/over-temp/under-voltage) (cmd was 182 at the time)
[1786047591.757004337] [FAULT] DRV8874 cleared (cmd was 184 at the time)
[1786047591.758054337] [FAULT] DRV8874 FAULT ACTIVE (over-current/over-temp/under-voltage) (cmd was 185 at the time)
[1786047591.759802337] [FAULT] DRV8874 cleared (cmd was 186 at the time)
[1786047591.760960337] [FAULT] DRV8874 FAULT ACTIVE (over-current/over-temp/under-voltage) (cmd was 187 at the time)
[1786047591.762703337] [FAULT] DRV8874 cleared (cmd was 189 at the time)
[1786047591.763734337] [FAULT] DRV8874 FAULT ACTIVE (over-current/over-temp/under-voltage) (cmd was 190 at the time)
[1786047591.765680337] [FAULT] DRV8874 FAULT ACTIVE (over-current/over-temp/under-voltage) (cmd was 192 at the time)
[1786047591.767637337] [FAULT] DRV8874 FAULT ACTIVE (over-current/over-temp/under-voltage) (cmd was 194 at the time)
[1786047591.769640337] [FAULT] DRV8874 FAULT ACTIVE (over-current/over-temp/under-voltage) (cmd was 196 at the time)
[1786047591.771623337] [FAULT] DRV8874 FAULT ACTIVE (over-current/over-temp/under-voltage) (cmd was 199 at the time)
[1786047591.773497337] [FAULT] DRV8874 FAULT ACTIVE (over-current/over-temp/under-voltage) (cmd was 201 at the time)
[1786047591.775488337] [FAULT] DRV8874 FAULT ACTIVE (over-current/over-temp/under-voltage) (cmd was 203 at the time)
[1786047591.777406337] [FAULT] DRV8874 cleared (cmd was 205 at the time)
[1786047591.778458337] [FAULT] DRV8874 FAULT ACTIVE (over-current/over-temp/under-voltage) (cmd was 206 at the time)
[1786047591.780309337] [FAULT] DRV8874 FAULT ACTIVE (over-current/over-temp/under-voltage) (cmd was 208 at the time)
[1786047591.782173337] [FAULT] DRV8874 FAULT ACTIVE (over-current/over-temp/under-voltage) (cmd was 210 at the time)
[1786047591.784035337] [FAULT] DRV8874 FAULT ACTIVE (over-current/over-temp/under-voltage) (cmd was 212 at the time)
[1786047591.785922337] [FAULT] DRV8874 FAULT ACTIVE (over-current/over-temp/under-voltage) (cmd was 213 at the time)
[1786047591.787699337] [FAULT] DRV8874 FAULT ACTIVE (over-current/over-temp/under-voltage) (cmd was 215 at the time)
[1786047591.792343337] t:212.97s enc:0.0 des:22001.8 err:22001.8 cur:779 cmd:220 | pub:1ms ret:0 lp:62
[1786047591.794096337] [FAULT] DRV8874 FAULT ACTIVE (over-current/over-temp/under-voltage) (cmd was 223 at the time)
[1786047591.796010337] [FAULT] DRV8874 FAULT ACTIVE (over-current/over-temp/under-voltage) (cmd was 224 at the time)
[1786047591.797795337] [FAULT] DRV8874 FAULT ACTIVE (over-current/over-temp/under-voltage) (cmd was 226 at the time)
[1786047591.799654337] [FAULT] DRV8874 FAULT ACTIVE (over-current/over-temp/under-voltage) (cmd was 228 at the time)
[1786047591.801535337] [FAULT] DRV8874 FAULT ACTIVE (over-current/over-temp/under-voltage) (cmd was 231 at the time)
[1786047591.803420337] [FAULT] DRV8874 FAULT ACTIVE (over-current/over-temp/under-voltage) (cmd was 233 at the time)
[1786047591.805274337] [FAULT] DRV8874 FAULT ACTIVE (over-current/over-temp/under-voltage) (cmd was 235 at the time)
[1786047591.807169337] [FAULT] DRV8874 FAULT ACTIVE (over-current/over-temp/under-voltage) (cmd was 237 at the time)
[1786047591.809037337] [FAULT] DRV8874 FAULT ACTIVE (over-current/over-temp/under-voltage) (cmd was 240 at the time)
[1786047591.810924337] [FAULT] DRV8874 FAULT ACTIVE (over-current/over-temp/under-voltage) (cmd was 241 at the time)
[1786047591.812679337] [FAULT] DRV8874 FAULT ACTIVE (over-current/over-temp/under-voltage) (cmd was 243 at the time)
[1786047591.814519337] [FAULT] DRV8874 FAULT ACTIVE (over-current/over-temp/under-voltage) (cmd was 245 at the time)
[1786047591.816370337] [FAULT] DRV8874 FAULT ACTIVE (over-current/over-temp/under-voltage) (cmd was 248 at the time)
[1786047591.818193337] [FAULT] DRV8874 FAULT ACTIVE (over-current/over-temp/under-voltage) (cmd was 250 at the time)
[1786047591.819985337] [FAULT] DRV8874 FAULT ACTIVE (over-current/over-temp/under-voltage) (cmd was 252 at the time)
[1786047591.821680337] [FAULT] DRV8874 FAULT ACTIVE (over-current/over-temp/under-voltage) (cmd was 253 at the time)
[1786047591.823393337] [FAULT] DRV8874 FAULT ACTIVE (over-current/over-temp/under-voltage) (cmd was 255 at the time)
[1786047591.891466337] t:213.07s enc:0.0 des:34036.4 err:34036.4 cur:0 cmd:255 | pub:0ms ret:0 lp:8876
[1786047591.991521337] t:213.17s enc:0.0 des:48279.2 err:48279.2 cur:0 cmd:255 | pub:0ms ret:0 lp:13305
[1786047592.091481337] t:213.27s enc:0.0 des:64813.7 err:64813.7 cur:0 cmd:255 | pub:0ms ret:0 lp:13284
[1786047592.191506337] t:213.37s enc:0.0 des:82928.3 err:82928.3 cur:0 cmd:255 | pub:0ms ret:0 lp:13286
[1786047592.291303337] t:213.47s enc:0.0 des:102690.1 err:102690.1 cur:0 cmd:255 | pub:0ms ret:0 lp:13290
[1786047592.391461337] t:213.57s enc:0.0 des:123674.2 err:123674.2 cur:0 cmd:255 | pub:0ms ret:0 lp:13302
[1786047592.491405337] t:213.67s enc:0.0 des:145668.7 err:145668.7 cur:0 cmd:255 | pub:0ms ret:0 lp:13301
[1786047592.591523337] t:213.77s enc:0.0 des:168169.3 err:168169.3 cur:0 cmd:255 | pub:0ms ret:0 lp:13249
[1786047592.691631337] t:213.87s enc:0.0 des:190565.0 err:190565.0 cur:0 cmd:255 | pub:0ms ret:0 lp:13295
[1786047592.791590337] t:213.97s enc:0.0 des:213000.7 err:213000.7 cur:0 cmd:255 | pub:0ms ret:0 lp:13270
[1786047592.891473337] t:214.07s enc:0.0 des:234919.4 err:234919.4 cur:0 cmd:255 | pub:0ms ret:0 lp:13278
[1786047592.991514337] t:214.17s enc:0.0 des:255971.9 err:255971.9 cur:0 cmd:255 | pub:0ms ret:0 lp:13288
[1786047593.091300337] t:214.27s enc:0.0 des:275823.1 err:275823.1 cur:0 cmd:255 | pub:0ms ret:0 lp:13292
[1786047593.191506337] t:214.37s enc:0.0 des:294166.2 err:294166.2 cur:0 cmd:255 | pub:0ms ret:0 lp:13316
[1786047593.291505337] t:214.47s enc:0.0 des:310706.2 err:310706.2 cur:0 cmd:255 | pub:0ms ret:0 lp:13285
[1786047593.391656337] t:214.57s enc:0.0 des:325189.2 err:325189.2 cur:0 cmd:255 | pub:0ms ret:0 lp:13287
[1786047593.491580337] t:214.67s enc:0.0 des:337460.3 err:337460.3 cur:0 cmd:255 | pub:0ms ret:0 lp:13247
[1786047593.591535337] t:214.77s enc:0.0 des:347085.9 err:347085.9 cur:0 cmd:255 | pub:0ms ret:0 lp:13269
[1786047593.691386337] t:214.87s enc:0.0 des:354160.7 err:354160.7 cur:0 cmd:255 | pub:0ms ret:0 lp:13254
[1786047593.791618337] t:214.97s enc:0.0 des:358511.2 err:358511.2 cur:0 cmd:255 | pub:1ms ret:0 lp:13288
[1786047593.891595337] t:215.07s enc:0.0 des:359999.1 err:359999.1 cur:0 cmd:255 | pub:0ms ret:0 lp:13246
[1786047593.991531337] t:215.17s enc:0.0 des:358652.3 err:358652.3 cur:0 cmd:255 | pub:0ms ret:0 lp:13266
[1786047594.091798337] t:215.27s enc:0.0 des:354485.2 err:354485.2 cur:0 cmd:255 | pub:0ms ret:0 lp:13283
[1786047594.191488337] t:215.37s enc:0.0 des:347630.3 err:347630.3 cur:0 cmd:255 | pub:0ms ret:0 lp:13231
[1786047594.291591337] t:215.47s enc:0.0 des:338090.7 err:338090.7 cur:0 cmd:255 | pub:0ms ret:0 lp:13293
[1786047594.391519337] t:215.57s enc:0.0 des:326056.4 err:326056.4 cur:0 cmd:255 | pub:0ms ret:0 lp:13266
[1786047594.491545337] t:215.67s enc:0.0 des:311720.8 err:311720.8 cur:0 cmd:255 | pub:0ms ret:0 lp:13278
[1786047594.591533337] t:215.77s enc:0.0 des:295302.9 err:295302.9 cur:0 cmd:255 | pub:0ms ret:0 lp:13282
[1786047594.691539337] t:215.87s enc:0.0 des:276937.9 err:276937.9 cur:0 cmd:255 | pub:0ms ret:0 lp:13288
[1786047594.791551337] t:215.97s enc:0.0 des:257194.5 err:257194.5 cur:0 cmd:255 | pub:0ms ret:0 lp:13251
[1786047594.891537337] t:216.07s enc:0.0 des:236158.5 err:236158.5 cur:0 cmd:255 | pub:0ms ret:0 lp:13271
[1786047594.991547337] t:216.17s enc:0.0 des:214456.6 err:214456.6 cur:0 cmd:255 | pub:0ms ret:0 lp:13271
[1786047595.091614337] t:216.27s enc:0.0 des:191872.1 err:191872.1 cur:0 cmd:255 | pub:0ms ret:0 lp:13278
[1786047595.289046337] [watchdog] ping result: 0 | ros_connected: 1 | heap: 178424
[1786047595.292587337] t:216.47s enc:0.0 des:146775.4 err:146775.4 cur:0 cmd:255 | pub:0ms ret:0 lp:13122
[1786047595.391641337] t:216.57s enc:0.0 des:125077.3 err:125077.3 cur:0 cmd:255 | pub:0ms ret:0 lp:13106
[1786047595.491370337] t:216.67s enc:0.0 des:104028.1 err:104028.1 cur:0 cmd:255 | pub:0ms ret:0 lp:13249
[1786047595.591523337] t:216.77s enc:0.0 des:84176.9 err:84176.9 cur:0 cmd:255 | pub:0ms ret:0 lp:13298
[1786047595.691612337] t:216.87s enc:0.0 des:65703.1 err:65703.1 cur:0 cmd:255 | pub:0ms ret:0 lp:13287
[1786047595.791539337] t:216.97s enc:0.0 des:49182.3 err:49182.3 cur:0 cmd:255 | pub:0ms ret:0 lp:13253
[1786047595.891539337] t:217.07s enc:0.0 des:34812.8 err:34812.8 cur:0 cmd:255 | pub:0ms ret:0 lp:13242
[1786047595.965144337] [FAULT] DRV8874 FAULT ACTIVE (over-current/over-temp/under-voltage) (cmd was 254 at the time)
[1786047595.967026337] [FAULT] DRV8874 FAULT ACTIVE (over-current/over-temp/under-voltage) (cmd was 252 at the time)
[1786047595.968990337] [FAULT] DRV8874 FAULT ACTIVE (over-current/over-temp/under-voltage) (cmd was 250 at the time)
[1786047595.970777337] [FAULT] DRV8874 FAULT ACTIVE (over-current/over-temp/under-voltage) (cmd was 248 at the time)
[1786047595.972729337] [FAULT] DRV8874 FAULT ACTIVE (over-current/over-temp/under-voltage) (cmd was 246 at the time)
[1786047595.974688337] [FAULT] DRV8874 FAULT ACTIVE (over-current/over-temp/under-voltage) (cmd was 244 at the time)
[1786047595.976550337] [FAULT] DRV8874 FAULT ACTIVE (over-current/over-temp/under-voltage) (cmd was 241 at the time)
[1786047595.978400337] [FAULT] DRV8874 FAULT ACTIVE (over-current/over-temp/under-voltage) (cmd was 239 at the time)
[1786047595.980250337] [FAULT] DRV8874 FAULT ACTIVE (over-current/over-temp/under-voltage) (cmd was 237 at the time)
[1786047595.982105337] [FAULT] DRV8874 FAULT ACTIVE (over-current/over-temp/under-voltage) (cmd was 235 at the time)
[1786047595.983998337] [FAULT] DRV8874 FAULT ACTIVE (over-current/over-temp/under-voltage) (cmd was 232 at the time)
[1786047595.985796337] [FAULT] DRV8874 FAULT ACTIVE (over-current/over-temp/under-voltage) (cmd was 231 at the time)
[1786047595.987670337] [FAULT] DRV8874 FAULT ACTIVE (over-current/over-temp/under-voltage) (cmd was 229 at the time)
[1786047595.992470337] t:217.17s enc:0.0 des:22516.2 err:22516.2 cur:45 cmd:225 | pub:0ms ret:0 lp:9958
[1786047595.994244337] [FAULT] DRV8874 FAULT ACTIVE (over-current/over-temp/under-voltage) (cmd was 221 at the time)
[1786047595.996096337] [FAULT] DRV8874 cleared (cmd was 219 at the time)
[1786047595.997143337] [FAULT] DRV8874 FAULT ACTIVE (over-current/over-temp/under-voltage) (cmd was 218 at the time)
[1786047595.998999337] [FAULT] DRV8874 FAULT ACTIVE (over-current/over-temp/under-voltage) (cmd was 216 at the time)
[1786047596.000774337] [FAULT] DRV8874 FAULT ACTIVE (over-current/over-temp/under-voltage) (cmd was 215 at the time)
[1786047596.002605337] [FAULT] DRV8874 cleared (cmd was 213 at the time)
[1786047596.003669337] [FAULT] DRV8874 FAULT ACTIVE (over-current/over-temp/under-voltage) (cmd was 212 at the time)
[1786047596.005493337] [FAULT] DRV8874 cleared (cmd was 210 at the time)
[1786047596.006545337] [FAULT] DRV8874 FAULT ACTIVE (over-current/over-temp/under-voltage) (cmd was 208 at the time)
[1786047596.008406337] [FAULT] DRV8874 FAULT ACTIVE (over-current/over-temp/under-voltage) (cmd was 206 at the time)
[1786047596.010259337] [FAULT] DRV8874 FAULT ACTIVE (over-current/over-temp/under-voltage) (cmd was 204 at the time)
[1786047596.012122337] [FAULT] DRV8874 FAULT ACTIVE (over-current/over-temp/under-voltage) (cmd was 202 at the time)
[1786047596.013955337] [FAULT] DRV8874 cleared (cmd was 200 at the time)
[1786047596.015011337] [FAULT] DRV8874 FAULT ACTIVE (over-current/over-temp/under-voltage) (cmd was 199 at the time)
[1786047596.016745337] [FAULT] DRV8874 cleared (cmd was 198 at the time)
[1786047596.017743337] [FAULT] DRV8874 cleared (cmd was 197 at the time)
[1786047596.018752337] [FAULT] DRV8874 cleared (cmd was 196 at the time)
[1786047596.019792337] [FAULT] DRV8874 FAULT ACTIVE (over-current/over-temp/under-voltage) (cmd was 195 at the time)
[1786047596.021647337] [FAULT] DRV8874 FAULT ACTIVE (over-current/over-temp/under-voltage) (cmd was 193 at the time)
[1786047596.023523337] [FAULT] DRV8874 FAULT ACTIVE (over-current/over-temp/under-voltage) (cmd was 191 at the time)
[1786047596.025355337] [FAULT] DRV8874 cleared (cmd was 189 at the time)
[1786047596.026399337] [FAULT] DRV8874 FAULT ACTIVE (over-current/over-temp/under-voltage) (cmd was 188 at the time)
[1786047596.028258337] [FAULT] DRV8874 FAULT ACTIVE (over-current/over-temp/under-voltage) (cmd was 186 at the time)
[1786047596.030123337] [FAULT] DRV8874 FAULT ACTIVE (over-current/over-temp/under-voltage) (cmd was 184 at the time)
[1786047596.031942337] [FAULT] DRV8874 cleared (cmd was 182 at the time)
[1786047596.033002337] [FAULT] DRV8874 FAULT ACTIVE (over-current/over-temp/under-voltage) (cmd was 181 at the time)
[1786047596.034741337] [FAULT] DRV8874 cleared (cmd was 180 at the time)
[1786047596.035789337] [FAULT] DRV8874 FAULT ACTIVE (over-current/over-temp/under-voltage) (cmd was 179 at the time)
[1786047596.037657337] [FAULT] DRV8874 FAULT ACTIVE (over-current/over-temp/under-voltage) (cmd was 177 at the time)
[1786047596.039519337] [FAULT] DRV8874 FAULT ACTIVE (over-current/over-temp/under-voltage) (cmd was 175 at the time)
[1786047596.041377337] [FAULT] DRV8874 FAULT ACTIVE (over-current/over-temp/under-voltage) (cmd was 173 at the time)
[1786047596.043509337] [FAULT] DRV8874 FAULT ACTIVE (over-current/over-temp/under-voltage) (cmd was 171 at the time)
[1786047596.045406337] [FAULT] DRV8874 cleared (cmd was 169 at the time)
[1786047596.046449337] [FAULT] DRV8874 FAULT ACTIVE (over-current/over-temp/under-voltage) (cmd was 168 at the time)
[1786047596.048410337] [FAULT] DRV8874 FAULT ACTIVE (over-current/over-temp/under-voltage) (cmd was 166 at the time)
[1786047596.050255337] [FAULT] DRV8874 cleared (cmd was 164 at the time)
[1786047596.051318337] [FAULT] DRV8874 FAULT ACTIVE (over-current/over-temp/under-voltage) (cmd was 163 at the time)
[1786047596.053225337] [FAULT] DRV8874 FAULT ACTIVE (over-current/over-temp/under-voltage) (cmd was 162 at the time)
[1786047596.055105337] [FAULT] DRV8874 FAULT ACTIVE (over-current/over-temp/under-voltage) (cmd was 160 at the time)
[1786047596.056934337] [FAULT] DRV8874 cleared (cmd was 159 at the time)
[1786047596.057937337] [FAULT] DRV8874 cleared (cmd was 158 at the time)
[1786047596.058948337] [FAULT] DRV8874 cleared (cmd was 156 at the time)
[1786047596.060004337] [FAULT] DRV8874 FAULT ACTIVE (over-current/over-temp/under-voltage) (cmd was 155 at the time)
[1786047596.061774337] [FAULT] DRV8874 FAULT ACTIVE (over-current/over-temp/under-voltage) (cmd was 154 at the time)
[1786047596.063658337] [FAULT] DRV8874 FAULT ACTIVE (over-current/over-temp/under-voltage) (cmd was 152 at the time)
[1786047596.065491337] [FAULT] DRV8874 cleared (cmd was 150 at the time)
[1786047596.066484337] [FAULT] DRV8874 cleared (cmd was 150 at the time)
[1786047596.067496337] [FAULT] DRV8874 cleared (cmd was 149 at the time)
[1786047596.068488337] [FAULT] DRV8874 cleared (cmd was 148 at the time)
[1786047596.069497337] [FAULT] DRV8874 cleared (cmd was 147 at the time)
[1786047596.070670337] [FAULT] DRV8874 FAULT ACTIVE (over-current/over-temp/under-voltage) (cmd was 146 at the time)
[1786047596.072615337] [FAULT] DRV8874 cleared (cmd was 144 at the time)
[1786047596.073701337] [FAULT] DRV8874 FAULT ACTIVE (over-current/over-temp/under-voltage) (cmd was 143 at the time)
[1786047596.075656337] [FAULT] DRV8874 FAULT ACTIVE (over-current/over-temp/under-voltage) (cmd was 142 at the time)
[1786047596.077569337] [FAULT] DRV8874 cleared (cmd was 140 at the time)
[1786047596.078617337] [FAULT] DRV8874 FAULT ACTIVE (over-current/over-temp/under-voltage) (cmd was 139 at the time)
[1786047596.080451337] [FAULT] DRV8874 cleared (cmd was 137 at the time)
[1786047596.081499337] [FAULT] DRV8874 FAULT ACTIVE (over-current/over-temp/under-voltage) (cmd was 136 at the time)
[1786047596.083357337] [FAULT] DRV8874 cleared (cmd was 135 at the time)
[1786047596.084422337] [FAULT] DRV8874 FAULT ACTIVE (over-current/over-temp/under-voltage) (cmd was 134 at the time)
[1786047596.086244337] [FAULT] DRV8874 cleared (cmd was 132 at the time)
[1786047596.087292337] [FAULT] DRV8874 FAULT ACTIVE (over-current/over-temp/under-voltage) (cmd was 131 at the time)
[1786047596.089155337] [FAULT] DRV8874 FAULT ACTIVE (over-current/over-temp/under-voltage) (cmd was 129 at the time)
[1786047596.094140337] t:217.27s enc:0.0 des:12662.4 err:12662.4 cur:90 cmd:126 | pub:1ms ret:0 lp:63
[1786047596.095776337] [FAULT] DRV8874 FAULT ACTIVE (over-current/over-temp/under-voltage) (cmd was 124 at the time)
[1786047596.097657337] [FAULT] DRV8874 FAULT ACTIVE (over-current/over-temp/under-voltage) (cmd was 123 at the time)
[1786047596.099480337] [FAULT] DRV8874 cleared (cmd was 121 at the time)
[1786047596.100476337] [FAULT] DRV8874 cleared (cmd was 120 at the time)
[1786047596.101481337] [FAULT] DRV8874 cleared (cmd was 120 at the time)
[1786047596.102496337] [FAULT] DRV8874 cleared (cmd was 119 at the time)
[1786047596.103572337] [FAULT] DRV8874 FAULT ACTIVE (over-current/over-temp/under-voltage) (cmd was 118 at the time)
[1786047596.105399337] [FAULT] DRV8874 cleared (cmd was 116 at the time)
[1786047596.106441337] [FAULT] DRV8874 FAULT ACTIVE (over-current/over-temp/under-voltage) (cmd was 116 at the time)
[1786047596.108296337] [FAULT] DRV8874 FAULT ACTIVE (over-current/over-temp/under-voltage) (cmd was 114 at the time)
[1786047596.110126337] [FAULT] DRV8874 cleared (cmd was 112 at the time)
[1786047596.111138337] [FAULT] DRV8874 cleared (cmd was 112 at the time)
[1786047596.112143337] [FAULT] DRV8874 cleared (cmd was 111 at the time)
[1786047596.113208337] [FAULT] DRV8874 FAULT ACTIVE (over-current/over-temp/under-voltage) (cmd was 110 at the time)
[1786047596.115048337] [FAULT] DRV8874 cleared (cmd was 108 at the time)
[1786047596.116107337] [FAULT] DRV8874 FAULT ACTIVE (over-current/over-temp/under-voltage) (cmd was 108 at the time)
[1786047596.118020337] [FAULT] DRV8874 FAULT ACTIVE (over-current/over-temp/under-voltage) (cmd was 106 at the time)
[1786047596.119799337] [FAULT] DRV8874 FAULT ACTIVE (over-current/over-temp/under-voltage) (cmd was 105 at the time)
[1786047596.121667337] [FAULT] DRV8874 FAULT ACTIVE (over-current/over-temp/under-voltage) (cmd was 104 at the time)
[1786047596.123506337] [FAULT] DRV8874 cleared (cmd was 102 at the time)
[1786047596.124522337] [FAULT] DRV8874 cleared (cmd was 102 at the time)
[1786047596.125534337] [FAULT] DRV8874 cleared (cmd was 101 at the time)
[1786047596.126535337] [FAULT] DRV8874 cleared (cmd was 100 at the time)
[1786047596.127540337] [FAULT] DRV8874 cleared (cmd was 99 at the time)
[1786047596.128520337] [FAULT] DRV8874 cleared (cmd was 99 at the time)
[1786047596.129547337] [FAULT] DRV8874 FAULT ACTIVE (over-current/over-temp/under-voltage) (cmd was 98 at the time)
[1786047596.131351337] [FAULT] DRV8874 cleared (cmd was 96 at the time)
[1786047596.132342337] [FAULT] DRV8874 cleared (cmd was 96 at the time)
[1786047596.133359337] [FAULT] DRV8874 cleared (cmd was 95 at the time)
[1786047596.134405337] [FAULT] DRV8874 FAULT ACTIVE (over-current/over-temp/under-voltage) (cmd was 94 at the time)
[1786047596.136249337] [FAULT] DRV8874 FAULT ACTIVE (over-current/over-temp/under-voltage) (cmd was 93 at the time)
[1786047596.138050337] [FAULT] DRV8874 cleared (cmd was 91 at the time)
[1786047596.139046337] [FAULT] DRV8874 cleared (cmd was 91 at the time)
[1786047596.140039337] [FAULT] DRV8874 cleared (cmd was 90 at the time)
[1786047596.141035337] [FAULT] DRV8874 cleared (cmd was 89 at the time)
[1786047596.142026337] [FAULT] DRV8874 cleared (cmd was 88 at the time)
[1786047596.143041337] [FAULT] DRV8874 cleared (cmd was 88 at the time)
[1786047596.144191337] [FAULT] DRV8874 FAULT ACTIVE (over-current/over-temp/under-voltage) (cmd was 87 at the time)
[1786047596.146285337] [FAULT] DRV8874 FAULT ACTIVE (over-current/over-temp/under-voltage) (cmd was 86 at the time)
[1786047596.148151337] [FAULT] DRV8874 cleared (cmd was 84 at the time)
[1786047596.149138337] [FAULT] DRV8874 cleared (cmd was 84 at the time)
[1786047596.150232337] [FAULT] DRV8874 cleared (cmd was 83 at the time)
[1786047596.151247337] [FAULT] DRV8874 cleared (cmd was 82 at the time)
[1786047596.152242337] [FAULT] DRV8874 cleared (cmd was 82 at the time)
[1786047596.153333337] [FAULT] DRV8874 FAULT ACTIVE (over-current/over-temp/under-voltage) (cmd was 81 at the time)
[1786047596.155148337] [FAULT] DRV8874 cleared (cmd was 80 at the time)
[1786047596.156142337] [FAULT] DRV8874 cleared (cmd was 79 at the time)
[1786047596.157142337] [FAULT] DRV8874 cleared (cmd was 78 at the time)
[1786047596.158139337] [FAULT] DRV8874 cleared (cmd was 78 at the time)
[1786047596.159141337] [FAULT] DRV8874 cleared (cmd was 77 at the time)
[1786047596.160141337] [FAULT] DRV8874 cleared (cmd was 76 at the time)
[1786047596.161140337] [FAULT] DRV8874 cleared (cmd was 76 at the time)
[1786047596.162141337] [FAULT] DRV8874 cleared (cmd was 75 at the time)
[1786047596.163183337] [FAULT] DRV8874 cleared (cmd was 74 at the time)
[1786047596.164191337] [FAULT] DRV8874 cleared (cmd was 74 at the time)
[1786047596.165190337] [FAULT] DRV8874 cleared (cmd was 73 at the time)
[1786047596.166188337] [FAULT] DRV8874 cleared (cmd was 72 at the time)
[1786047596.167185337] [FAULT] DRV8874 cleared (cmd was 72 at the time)
[1786047596.168176337] [FAULT] DRV8874 cleared (cmd was 71 at the time)
[1786047596.169171337] [FAULT] DRV8874 cleared (cmd was 71 at the time)
[1786047596.170168337] [FAULT] DRV8874 cleared (cmd was 70 at the time)
[1786047596.171201337] [FAULT] DRV8874 FAULT ACTIVE (over-current/over-temp/under-voltage) (cmd was 69 at the time)
[1786047596.173211337] [FAULT] DRV8874 cleared (cmd was 68 at the time)
[1786047596.174310337] [FAULT] DRV8874 FAULT ACTIVE (over-current/over-temp/under-voltage) (cmd was 67 at the time)
[1786047596.176129337] [FAULT] DRV8874 cleared (cmd was 66 at the time)
[1786047596.e)
[1786047596.179251337] [FAULT] DRV8874 cleared (cmd was 64 at the time)
[1786047596.180300337] [FAULT] DRV8874 FAULT ACTIVE (over-current/over-temp/under-voltage) (cmd was 64 at the time)
[1786047596.182131337] [FAULT] DRV8874 cleared (cmd was 63 at the time)
[1786047596.183170337] [FAULT] DRV8874 cleared (cmd was 62 at the time)
[1786047596.184187337] [FAULT] DRV8874 cleared (cmd was 61 at the time)
[1786047596.185190337] [FAULT] DRV8874 cleared (cmd was 61 at the time)
[1786047596.186189337] [FAULT] DRV8874 cleared (cmd was 60 at the time)
[1786047596.187186337] [FAULT] DRV8874 cleared (cmd was 60 at the time)
[1786047596.188180337] [FAULT] DRV8874 cleared (cmd was 59 at the time)
[1786047596.189177337] [FAULT] DRV8874 cleared (cmd was 58 at the time)
[1786047596.193603337] t:217.37s enc:0.0 des:5731.7 err:5731.7 cur:59 cmd:57 | pub:0ms ret:0 lp:77
[1786047596.195327337] [FAULT] DRV8874 FAULT ACTIVE (over-current/over-temp/under-voltage) (cmd was 55 at the time)
[1786047596.197173337] [FAULT] DRV8874 cleared (cmd was 54 at the time)
[1786047596.198156337] [FAULT] DRV8874 cleared (cmd was 53 at the time)
[1786047596.199147337] [FAULT] DRV8874 cleared (cmd was 53 at the time)
[1786047596.200133337] [FAULT] DRV8874 cleared (cmd was 52 at the time)
[1786047596.201124337] [FAULT] DRV8874 cleared (cmd was 52 at the time)
[1786047596.202104337] [FAULT] DRV8874 cleared (cmd was 51 at the time)
[1786047596.203128337] [FAULT] DRV8874 cleared (cmd was 51 at the time)
[1786047596.204132337] [FAULT] DRV8874 cleared (cmd was 50 at the time)
[1786047596.205128337] [FAULT] DRV8874 cleared (cmd was 50 at the time)
[1786047596.206109337] [FAULT] DRV8874 cleared (cmd was 49 at the time)
[1786047596.207097337] [FAULT] DRV8874 cleared (cmd was 49 at the time)
[1786047596.208084337] [FAULT] DRV8874 cleared (cmd was 48 at the time)
[1786047596.209075337] [FAULT] DRV8874 cleared (cmd was 48 at the time)
[1786047596.210052337] [FAULT] DRV8874 cleared (cmd was 47 at the time)
[1786047596.211041337] [FAULT] DRV8874 cleared (cmd was 47 at the time)
[1786047596.212025337] [FAULT] DRV8874 cleared (cmd was 46 at the time)
[1786047596.213038337] [FAULT] DRV8874 cleared (cmd was 45 at the time)
[1786047596.214094337] [FAULT] DRV8874 FAULT ACTIVE (over-current/over-temp/under-voltage) (cmd was 45 at the time)
[1786047596.215808337] [FAULT] DRV8874 cleared (cmd was 44 at the time)
[1786047596.216788337] [FAULT] DRV8874 cleared (cmd was 44 at the time)
[1786047596.217782337] [FAULT] DRV8874 cleared (cmd was 43 at the time)
[1786047596.218750337] [FAULT] DRV8874 cleared (cmd was 43 at the time)
[1786047596.219744337] [96.221710337] [FAULT] DRV8874 cleared (cmd was 42 at the time)
[1786047596.222705337] [FAULT] DRV8874 cleared (cmd was 41 at the time)
[1786047596.223722337] [FAULT] DRV8874 cleared (cmd was 41 at the time)
[1786047596.224706337] [FAULT] DRV8874 cleared (cmd was 40 at the time)
[1786047596.225701337] [FAULT] DRV8874 cleared (cmd was 40 at the time)
[1786047596.226683337] [FAULT] DRV8874 cleared (cmd was 39 at the time)
[1786047596.227676337] [FAULT] DRV8874 cleared (cmd was 39 at the time)
[1786047596.228653337] [FAULT] DRV8874 cleared (cmd was 38 at the time)
[1786047596.229664337] [FAULT] DRV8874 cleared (cmd was 38 at the time)
[1786047596.230660337] [FAULT] DRV8874 cleared (cmd was 37 at the time)
[1786047596.231661337] [96.233661337] [FAULT] DRV8874 cleared (cmd was 36 at the time)
[1786047596.234688337] [FAULT] DRV8874 FAULT ACTIVE (over-current/over-temp/under-voltage) (cmd was 35 at the time)
[1786047596.236483337] [FAULT] DRV8874 cleared (cmd was 35 at the time)
[1786047596.237459337] [FAULT] DRV8874 cleared (cmd was 34 at the time)
[1786047596.238445337] [FAULT] DRV8874 cleared (cmd was 34 at the time)
[1786047596.239418337] [FAULT] DRV8874 cleared (cmd was 33 at the time)
[1786047596.240393337] [FAULT] DRV8874 cleared (cmd was 33 at the time)
[1786047596.241359337] [FAULT] DRV8874 cleared (cmd was 32 at the time)
[1786047596.242337337] [FAULT] DRV8874 cleared (cmd was 32 at the time)
[1786047596.243338337] [FAULT] DRV8874 cleared (cmd was 31 at the time)
[1786047596.244551337] [FAULT] DRV8874 cleared (V8874 cleared (cmd was 30 at the time)
[1786047596.247688337] [FAULT] DRV8874 cleared (cmd was 30 at the time)
[1786047596.248660337] [FAULT] DRV8874 cleared (cmd was 29 at the time)
[1786047596.249721337] [FAULT] DRV8874 cleared (cmd was 29 at the time)
[1786047596.250746337] [FAULT] DRV8874 cleared (cmd was 29 at the time)
[1786047596.251729337] [FAULT] DRV8874 cleared (cmd was 28 at the time)
[1786047596.252710337] [FAULT] DRV8874 cleared (cmd was 28 at the time)
[1786047596.253719337] [FAULT] DRV8874 cleared (cmd was 27 at the time)
[1786047596.254693337] [FAULT] DRV8874 cleared (cmd was 27 at the time)
[1786047596.255661337] [FAULT] DRV8874 cleared (V8874 cleared (cmd was 26 at the time)
[1786047596.258544337] [FAULT] DRV8874 cleared (cmd was 25 at the time)
[1786047596.259502337] [FAULT] DRV8874 cleared (cmd was 25 at the time)
[1786047596.260454337] [FAULT] DRV8874 cleared (cmd was 25 at the time)
[1786047596.261407337] [FAULT] DRV8874 cleared (cmd was 24 at the time)
[1786047596.262370337] [FAULT] DRV8874 cleared (cmd was 24 at the time)
[1786047596.263375337] [FAULT] DRV8874 cleared (cmd was 24 at the time)
[1786047596.264391337] [FAULT] DRV8874 cleared (cmd was 23 at the time)
[1786047596.265345337] [FAULT] DRV8874 cleared (cmd was 23 at the time)
[1786047596.266280337] [96.268139337] [FAULT] DRV8874 cleared (cmd was 22 at the time)
[1786047596.269071337] [FAULT] DRV8874 cleared (cmd was 21 at the time)
[1786047596.270000337] [FAULT] DRV8874 cleared (cmd was 21 at the time)
[1786047596.270929337] [FAULT] DRV8874 cleared (cmd was 21 at the time)
[1786047596.271768337] [FAULT] DRV8874 cleared (cmd was 21 at the time)
[1786047596.272718337] [FAULT] DRV8874 cleared (cmd was 20 at the time)
[1786047596.273661337] [FAULT] DRV8874 cleared (cmd was 20 at the time)
[1786047596.274642337] [FAULT] DRV8874 cleared (cmd was 20 at the time)
9 at the time)
[1786047596.277640337] [FAULT] DRV8874 cleared (cmd was 19 at the time)
[1786047596.278572337] [FAULT] DRV8874 cleared (cmd was 18 at the time)
[1786047596.279539337] [FAULT] DRV8874 cleared (cmd was 18 at the time)
[1786047596.280499337] [FAULT] DRV8874 cleared (cmd was 18 at the time)
[1786047596.281519337] [FAULT] DRV8874 cleared (cmd was 17 at the time)
[1786047596.282538337] [FAULT] DRV8874 cleared (cmd was 17 at the time)
[1786047596.283491337] [FAULT] DRV8874 cleared (cmd was 17 at the time)
[1786047596.284424337] [96.286234337] [FAULT] DRV8874 cleared (cmd was 16 at the time)
[1786047596.287138337] [FAULT] DRV8874 cleared (cmd was 16 at the time)
[1786047596.288050337] [FAULT] DRV8874 cleared (cmd was 15 at the time)
[1786047596.288956337] [FAULT] DRV8874 cleared (cmd was 15 at the time)
[1786047596.289781337] [FAULT] DRV8874 cleared (cmd was 15 at the time)
[1786047596.293154337] t:217.47s enc:0.0 des:1455.8 err:1455.8 cur:79 cmd:14 | pub:1ms ret:0 lp:95
[1786047596.294716337] [FAULT] DRV8874 FAULT ACTIVE (over-current/over-temp/under-voltage) (cmd was 13 at the time)
[1786047596.296633337] [FAULT] DRV8874 FAULT ACTIVE (over-current/over-temp/under-voltage) (cmd was 13 at the time)
[1786047596.298474337] [FAULT] DRV8874 FAULT ACTIVE (over-current/over-temp/under-voltage) (cmd was 12 at the time)
[1786047596.300226337] [FAULT] DRV8874 FAULT ACTIVE (over-current/over-temp/under-voltage) (cmd was 12 at the time)
[1786047596.301979337] [FAULT] DRV8874 FAULT ACTIVE (over-current/over-temp/under-voltage) (cmd was 11 at the time)
[1786047596.303609337] [FAULT] DRV8874 cleared (cmd was 11 at the time)
[1786047596.304536337] [FAULT] DRV8874 cleared (cmd was 11 at the time)
[1786047596.305456337] [FAULT] DRV8874 cleared (cmd was 11 at the time)
[1786047596.306358337] [FAULT] DRV8874 FAULT ACTIVE (over-current/over-temp/under-voltage) (cmd was 10 at the time)
[1786047596.307938337] [FAULT] DRV8874 cleared (cmd was 10 at the time)
[1786047596.308730337] [FAULT] DRV8874 FAULT ACTIVE (over-current/over-temp/under-voltage) (cmd was 10 at the time)
[1786047596.310281337] [FAULT] DRV8874 cleared (cmd was 9 at the time)
[1786047596.392411337] t:217.57s enc:0.0 des:0.7 err:0.7 cur:0 cmd:0 | pub:0ms ret:0 lp:10822
[1786047596.478236337] [FAULT] DRV8874 FAULT ACTIVE (over-current/over-temp/under-voltage) (cmd was 10 at the time)
[1786047596.480034337] [FAULT] DRV8874 cleared (cmd was 10 at the time)
[1786047596.480911337] [FAULT] DRV8874 cleared (cmd was 10 at the time)
[1786047596.481979337] [FAULT] DRV8874 FAULT ACTIVE (over-current/over-temp/under-voltage) (cmd was 11 at the time)
[1786047596.483625337] [FAULT] DRV8874 FAULT ACTIVE (over-current/over-temp/under-voltage) (cmd was 11 at the time)
[1786047596.485425337] [FAULT] DRV8874 cleared (cmd was 11 at the time)
[1786047596.486390337] [FAULT] DRV8874 cleared (cmd was 12 at the time)
[1786047596.487322337] [FAULT] DRV8874 cleared (cmd was 12 at the time)
[1786047596.488302337] [FAULT] DRV8874 FAULT ACTIVE (over-current/over-temp/under-voltage) (cmd was 12 at the time)
[1786047596.490068337] [FAULT] DRV8874 FAULT ACTIVE (over-current/over-temp/under-voltage) (cmd was 13 at the time)
[1786047596.494229337] t:217.67s enc:0.0 des:1410.8 err:1410.8 cur:44 cmd:14 | pub:0ms ret:0 lp:11676
[1786047596.496000337] [FAULT] DRV8874 cleared (cmd was 14 at the time)
[1786047596.496946337] [FAULT] DRV8874 cleared (cmd was 15 at the time)
[1786047596.497758337] [FAULT] DRV8874 cleared (cmd was 15 at the time)
[1786047596.498682337] [FAULT] DRV8874 cleared (cmd was 15 at the time)
[1786047596.499599337] [FAULT] DRV8874 cleared (cmd was 15 at the time)
[1786047596.500521337] [FAULT] DRV8874 cleared (cmd was 16 at the time)
[1786047596.501443337] [FAULT] DRV8874 cleared (cmd was 16 at the time)
[1786047596.502347337] [FAULT] DRV8874 cleared (cmd was 16 at the time)
[1786047596.503251337] [FAULT] DRV8874 cleared (cmd was 17 at the time)
[1786047596.504203337] [FAULT] DRV8874 cleared (cmd was 17 at the time)
[1786047596.505139337] [FAULT] DRV8874 cleared (cmd was 17 at the time)
[1786047596.506054337] [FAULT] DRV8874 cleared (cmd was 18 at the time)
[1786047596.506976337] [FAULT] DRV8874 cleared (cmd was 18 at the time)
[1786047596.507790337] [FAULT] DRV8874 cleared (cmd was 18 at the time)
[1786047596.508720337] [FAULT] DRV8874 cleared (cmd was 18 at the time)
[1786047596.509642337] [FAULT] DRV8874 cleared (cmd was 19 at the time)
[1786047596.510568337] [FAULT] DRV8874 cleared (cmd was 19 at the time)
[1786047596.511493337] [FAULT] DRV8874 cleared (cmd was 19 at the time)
[1786047596.512426337] [FAULT] DRV8874 cleared (cmd was 19 at the time)
[1786047596.513338337] [FAULT] DRV8874 cleared (cmd was 20 at the time)
[1786047596.514282337] [FAULT] DRV8874 cleared (cmd was 20 at the time)
[1786047596.515225337] [FAULT] DRV8874 cleared (cmd was 21 at the time)
[1786047596.516159337] [FAULT] DRV8874 cleared (cmd was 21 at the time)
[1786047596.517094337] [F6.518948337] [FAULT] DRV8874 cleared (cmd was 22 at the time)
[1786047596.519792337] [FAULT] DRV8874 cleared (cmd was 22 at the time)
[1786047596.520737337] [FAULT] DRV8874 cleared (cmd was 22 at the time)
[1786047596.521678337] [FAULT] DRV8874 cleared (cmd was 23 at the time)
[1786047596.522628337] [FAULT] DRV8874 cleared (cmd was 23 at the time)
[1786047596.523588337] [FAULT] DRV8874 cleared (cmd was 23 at the time)
[1786047596.524551337] [96.526455337] [FAULT] DRV8874 cleared (cmd was 24 at the time)
[1786047596.527421337] [FAULT] DRV8874 cleared (cmd was 25 at the time)
[1786047596.528354337] [FAULT] DRV8874 cleared (cmd was 25 at the time)
[1786047596.529302337] [FAULT] DRV8874 cleared (cmd was 26 at the time)
[1786047596.530287337] [FAULT] DRV8874 cleared (cmd was 26 at the time)
[1786047596.531243337] [FAULT] DRV8874 cleared (cmd was 26 at the time)
[1786047596.532193337] [FAULT] DRV8874 cleared (cmd was 27 at the time)
[1786047596.533150337] [FAULT] DRV8874 cleared (cmd was 27 at the time)
[1786047596.53411786047596.536083337] [FAULT] DRV8874 cleared (cmd was 28 at the time)
[1786047596.537047337] [FAULT] DRV8874 cleared (cmd was 29 at the time)
[1786047596.538008337] [FAULT] DRV8874 cleared (cmd was 29 at the time)
[1786047596.538979337] [FAULT] DRV8874 cleared (cmd was 30 at the time)
[1786047596.539943337] [FAULT] DRV8874 cleared (cmd was 30 at the time)
[1786047596.540918337] [FAULT] DRV8874 cleared (cmd was 30 at the time)
[1786047596.541789337] [FAULT] DRV8874 cleared (cmd was 30 at the time)
[1786047596.542764337] [FAULT] DRV8874 cleared (cmd was 31 at the time)
[1786047596.543805337] [FAULT] DRV8874 FAULT ACTIVE (over-current/over-temp/under-voltage) (cmd was 31 at the time)
[1786047596.545760337] [FAULT] DRV8874 cleared (cmd was 32 at the time)
[1786047596.547094337] [FAULT] DRV8874 cleared (cmd was 33 at the time)
4 at the time)
[1786047596.550084337] [FAULT] DRV8874 cleared (cmd was 34 at the time)
[1786047596.551132337] [FAULT] DRV8874 cleared (cmd was 35 at the time)
[1786047596.552222337] [FAULT] DRV8874 cleared (cmd was 35 at the time)
[1786047596.553208337] [FAULT] DRV8874 cleared (cmd was 36 at the time)
[1786047596.554234337] [FAULT] DRV8874 cleared (cmd was 36 at the time)
[1786047596.555251337] [FAULT] DRV8874 cleared (cmd was 37 at the time)
[1786047596.556249337] [FAULT] DRV8874 cleared (cmd was 37 at the time)
[1786047596.557238337] [FAULT] DRV8874 cleared (cmd was 37 at the time)
[1786047596.558234337] [FAULT] DRV8874 cleared (cmd was 38 at the time)
[1786047596.559216337] [FAULT] DRV8874 cleared (cmd was 38 at the time)
9 at the time)
[1786047596.562188337] [FAULT] DRV8874 cleared (cmd was 40 at the time)
[1786047596.563255337] [FAULT] DRV8874 FAULT ACTIVE (over-current/over-temp/under-voltage) (cmd was 40 at the time)
[1786047596.565102337] [FAULT] DRV8874 cleared (cmd was 41 at the time)
[1786047596.566110337] [FAULT] DRV8874 cleared (cmd was 42 at the time)
[1786047596.567111337] [FAULT] DRV8874 cleared (cmd was 42 at the time)
[1786047596.568099337] [FAULT] DRV8874 cleared (cmd was 43 at the time)
[1786047596.569092337] [FAULT] DRV8874 cleared (cmd was 43 at the time)
[1786047596.570083337] [FAULT] DRV8874 cleared (cmd was 44 at the time)
[1786047596.571077337] [FAULT] DRV8874 cleared (cmd was 44 at the time)
[1786047596.572061337] [FAULT] DRV8874 cleared (cmd was 45 at the time)
[1786047596.573096337] [FAULT] DRV8874 FAULT ACTIVE (over-current/over-temp/under-voltage) (cmd was 45 at the time)
[1786047596.574923337] [FAULT] DRV8874 cleared (cmd was 46 at the time)
[1786047596.575804337] [FAULT] DRV8cmd was 47 at the time)
[1786047596.578648337] [FAULT] DRV8874 cleared (cmd was 48 at the time)
[1786047596.579629337] [FAULT] DRV8874 cleared (cmd was 48 at the time)
[1786047596.580641337] [FAULT] DRV8874 cleared (cmd was 49 at the time)
[1786047596.581632337] [FAULT] DRV8874 cleared (cmd was 49 at the time)
[1786047596.582748337] [FAULT] DRV8874 cleared (cmd was 50 at the time)
[1786047596.583974337] [FAULT] DRV8874 cleared (cmd was 50 at the time)
[1786047596.584998337] [FAULT] DRV8874 cleared (cmd was 51 at the time)
[1786047596.585993337] [FAULT] DRV8874 cleared (cmd was 52 at the time)
[1786047596.587055337] [FAULT] DRV8874 cleared (cmd was 53 at the time)
[1786047596.588146337] [FAULT] DRV8874 cleared (cmd was 53 at the time)
[1786047596.589156337] [FAULT] DRV8874 cleared (cmd was 54 at the time)
[1786047596.590199337] [FAULT] DRV8874 FAULT ACTIVE (over-current/over-temp/under-voltage) (cmd was 54 at the time)
[1786047596.595150337] t:217.77s enc:0.0 des:5696.8 err:5696.8 cur:45 cmd:56 | pub:1ms ret:0 lp:94
[1786047596.597029337] [FAULT] DRV8874 FAULT ACTIVE (over-current/over-temp/under-voltage) (cmd was 58 at the time)
[1786047596.598784337] [FAULT] DRV8874 cleared (cmd was 59 at the time)
[1786047596.599779337] [FAULT] DRV8874 cleared (cmd was 59 at the time)
[1786047596.600767337] [FAULT] DRV8874 cleared (cmd was 60 at the time)
[1786047596.601755337] [FAULT] DRV8874 cleared (cmd was 60 at the time)
[1786047596.602748337] [FAULT] DRV8874 cleared (cmd was 61 at the time)
[1786047596.603768337] [FAULT] DRV8874 cleared (cmd was 62 at the time)
[1786047596.604795337] [FAULT] DRV8874 cleared (cmd was 62 at the time)
[1786047596.605800337] [FAULT] DRV8874 cleared (cmd was 63 at the time)
[1786047596.606797337] [FAULT] DRV8874 cleared (cmd was 63 at the time)
[1786047596.607795337] [FAULT] DRV8874 cleared (cmd was 64 at the time)
[1786047596.608796337] [FAULT] DRV8874 cleared (cmd was 65 at the time)
[1786047596.609795337] [FAULT] DRV8874 cleared (cmd was 65 at the time)
[1786047596.610795337] [FAULT] DRV8874 cleared (cmd was 66 at the time)
[1786047596.611795337] [FAULT] DRV8874 cleared (cmd was 66 at the time)
[1786047596.612797337] [FAULT] DRV8874 cleared (cmd was 67 at the time)
[1786047596.613938337] [FAULT] DRV8874 cleared (cmd was 68 at the time)
[1786047596.614941337] [FAULT] DRV8874 cleared (cmd was 68 at the time)
[1786047596.615927337] [FAULT] DRV8874 cleared (cmd was 69 at the time)
[1786047596.616918337] [FAULT] DRV8874 cleared (cmd was 70 at the time)
[1786047596.617953337] [FAULT] DRV8874 FAULT ACTIVE (over-current/over-temp/under-voltage) (cmd was 70 at the time)
[1786047596.619699337] [FAULT] DRV8874 FAULT ACTIVE (over-current/over-temp/under-voltage) (cmd was 71 at the time)
[1786047596.621547337] [FAULT] DRV8874 FAULT ACTIVE (over-current/over-temp/under-voltage) (cmd was 73 at the time)
[1786047596.623353337] [FAULT] DRV8874 cleared (cmd was 74 at the time)
[1786047596.624400337] [FAULT] DRV8874 FAULT ACTIVE (over-current/over-temp/under-voltage) (cmd was 75 at the time)
[1786047596.626253337] [FAULT] DRV8874 FAULT ACTIVE (over-current/over-temp/under-voltage) (cmd was 76 at the time)
[1786047596.628070337] [FAULT] DRV8874 cleared (cmd was 77 at the time)
[1786047596.629057337] [FAULT] DRV8874 cleared (cmd was 78 at the time)
[1786047596.630102337] [FAULT] DRV8874 FAULT ACTIVE (over-current/over-temp/under-voltage) (cmd was 79 at the time)
[1786047596.631932337] [FAULT] DRV8874 cleared (cmd was 79 at the time)
[1786047596.632910337] [FAULT] DRV8874 cleared (cmd was 80 at the time)
[1786047596.633936337] [FAULT] DRV8874 cleared (cmd was 81 at the time)
[1786047596.634[1786047596.636955337] [FAULT] DRV8874 FAULT ACTIVE (over-current/over-temp/under-voltage) (cmd was 83 at the time)
[1786047596.638700337] [FAULT] DRV8874 FAULT ACTIVE (over-current/over-temp/under-voltage) (cmd was 84 at the time)
[1786047596.640552337] [FAULT] DRV8874 FAULT ACTIVE (over-current/over-temp/under-voltage) (cmd was 85 at the time)
[1786047596.642352337] [FAULT] DRV8874 cleared (cmd was 87 at the time)
[1786047596.643334337] [FAULT] DRV8874 cleared (cmd was 87 at the time)
[1786047596.644337337] [FAULT] DRV8874 cleared (cmd was 88 at the time)
[1786047596.645334337] [FAULT] DRV8874 cleared (cmd was 89 at the time)
[1786047596.646489337] [FAULT] DRV8874 cleared (cmd was 90 at the time)
[1786047596.647719337] [FAULT] DRV8874 cleared (cmd was 90 at the time)
[1786047596.648758337] [FAULT] DRV8874 cleared (cmd was 91 at the time)
[1786047596.649803337] [FAULT] DRV8874 FAULT ACTIVE (over-current/over-temp/under-voltage) (cmd was 92 at the time)
[1786047596.651654337] [FAULT] DRV8874 FAULT ACTIVE (over-current/over-temp/under-voltage) (cmd was 93 at the time)
[1786047596.653589337] [FAULT] DRV8874 cleared (cmd was 95 at the time)
[1786047596.654635337] [FAULT] DRV8874 cleared (cmd was 95 at the time)
[1786047596.655641337] [FAULT] DRV8874 cleared (cmd was 96 at the time)
[1786047596.656640337] [FAULT] DRV8874 cleared (cmd was 97 at the time)
[1786047596.65763733047596.659622337] [FAULT] DRV8874 cleared (cmd was 99 at the time)
[1786047596.660655337] [FAULT] DRV8874 FAULT ACTIVE (over-current/over-temp/under-voltage) (cmd was 100 at the time)
[1786047596.662505337] [FAULT] DRV8874 cleared (cmd was 101 at the time)
[1786047596.663599337] [FAULT] DRV8874 FAULT ACTIVE (over-current/over-temp/under-voltage) (cmd was 102 at the time)
[1786047596.665518337] [FAULT] DRV8874 FAULT ACTIVE (over-current/over-temp/under-voltage) (cmd was 103 at the time)
[1786047596.667353337] [FAULT] DRV8874 cleared (cmd was 105 at the time)
[1786047596.668401337] [FAULT] DRV8874 FAULT ACTIVE (over-current/over-temp/under-voltage) (cmd was 106 at the time)
[1786047596.670223337] [FAULT] DRV8874 cleared (cmd was 107 at the time)
[1786047596.671235337] [FAULT] DRV8874 cleared (cmd was 108 at the time)
[1786047596.672242337] [FAULT] DRV8874 cleared (cmd was 109 at the time)
[1786047596.673248337] [FAULT] DRV8874 cleared (cmd was 110 at the time)
[1786047596.674316337] [FAULT] DRV8874 FAULT ACTIVE (over-current/over-temp/under-voltage) (cmd was 110 at the time)
[1786047596.676153337] [FAULT] DRV8874 cleared (cmd was 112 at the time)
[1786047596.677207337] [FAULT] DRV8874 FAULT ACTIVE (over-current/over-temp/under-voltage) (cmd was 113 at the time)
[1786047596.679026337] [FAULT] DRV8874 cleared (cmd was 114 at the time)
[1786047596.680048337] [FAULT] DRV8874 cleared (cmd was 115 at the time)
[1786047596.er-temp/under-voltage) (cmd was 117 at the time)
[1786047596.684021337] [FAULT] DRV8874 FAULT ACTIVE (over-current/over-temp/under-voltage) (cmd was 118 at the time)
[1786047596.686026337] [FAULT] DRV8874 cleared (cmd was 119 at the time)
[1786047596.687101337] [FAULT] DRV8874 cleared (cmd was 121 at the time)
[1786047596.688160337] [FAULT] DRV8874 FAULT ACTIVE (over-current/over-temp/under-voltage) (cmd was 122 at the time)
[1786047596.690156337] [FAULT] DRV8874 FAULT ACTIVE (over-current/over-temp/under-voltage) (cmd was 123 at the time)
[1786047596.695284337] t:217.87s enc:0.0 des:12702.5 err:12702.5 cur:47 cmd:127 | pub:1ms ret:0 lp:75
[1786047596.697050337] [FAULT] DRV8874 FAULT ACTIVE (over-current/over-temp/under-voltage) (cmd was 129 at the time)
[1786047596.698800337] [FAULT] DRV8874 cleared (cmd was 130 at the time)
[1786047596.699952337] [FAULT] DRV8874 FAULT ACTIVE (over-current/over-temp/under-voltage) (cmd was 131 at the time)
[1786047596.701682337] [FAULT] DRV8874 cleared (cmd was 132 at the time)
[1786047596.702692337] [FAULT] DRV8874 cleared (cmd was 133 at the time)
[1786047596.703757337] [FAULT] DRV8874 FAULT ACTIVE (over-current/over-temp/under-voltage) (cmd was 134 at the time)
[1786047596.705652337] [FAULT] DRV8874 FAULT ACTIVE (over-current/over-temp/under-voltage) (cmd was 136 at the time)
[1786047596.707484337] [FAULT] DRV8874 cleared (cmd was 138 at the time)
[1786047596.708496337] [FAULT] DRV8874 cleared (cmd was 138 at the time)
[1786047596.709547337] [FAULT] DRV8874 FAULT ACTIVE (over-current/over-temp/under-voltage) (cmd was 139 at the time)
[1786047596.711406337] [FAULT] DRV8874 FAULT ACTIVE (over-current/over-temp/under-voltage) (cmd was 141 at the time)
[1786047596.713236337] [FAULT] DRV8874 cleared (cmd was 143 at the time)
[1786047596.714329337] [FAULT] DRV8874 FAULT ACTIVE (over-current/over-temp/under-voltage) (cmd was 144 at the time)
[1786047596.716204337] [FAULT] DRV8874 FAULT ACTIVE (over-current/over-temp/under-voltage) (cmd was 146 at the time)
[1786047596.718034337] [FAULT] DRV8874 cleared (cmd was 147 at the time)
[1786047596.719043337] [FAULT] DRV8874 cleared (cmd was 148 at the time)
[1786047596.720051337] [FAULT] DRV8874 cleared (cmd was 149 at the time)
[1786047596.721098337] [FAULT] DRV8874 FAULT ACTIVE (over-current/over-temp/under-voltage) (cmd was 150 at the time)
[1786047596.722960337] [FAULT] DRV8874 FAULT ACTIVE (over-current/over-temp/under-voltage) (cmd was 151 at the time)
[1786047596.724706337] [FAULT] DRV8874 cleared (cmd was 153 at the time)
[1786047596.725767337] [FAULT] DRV8874 FAULT ACTIVE (over-current/over-temp/under-voltage) (cmd was 154 at the time)
[1786047596.727592337] [FAULT] DRV8874 cleared (cmd was 155 at the time)
[1786047596.728597337] [FAULT] DRV8874 cleared (cmd was 156 at the time)
[1786047596.729653337] [FAULT] DRV8874 FAULT ACTIVE (over-current/over-temp/under-voltage) (cmd was 157 at the time)
[1786047596.731567337] [FAULT] DRV8874 FAULT ACTIVE (over-current/over-temp/under-voltage) (cmd was 159 at the time)
[1786047596.733430337] [FAULT] DRV8874 FAULT ACTIVE (over-current/over-temp/under-voltage) (cmd was 161 at the time)
[1786047596.735310337] [FAULT] DRV8874 FAULT ACTIVE (over-current/over-temp/under-voltage) (cmd was 163 at the time)
[1786047596.737178337] [FAULT] DRV8874 FAULT ACTIVE (over-current/over-temp/under-voltage) (cmd was 165 at the time)
[1786047596.739039337] [FAULT] DRV8874 FAULT ACTIVE (over-current/over-temp/under-voltage) (cmd was 167 at the time)
[1786047596.740903337] [FAULT] DRV8874 FAULT ACTIVE (over-current/over-temp/under-voltage) (cmd was 168 at the time)
[1786047596.742637337] [FAULT] DRV8874 cleared (cmd was 170 at the time)
[1786047596.743654337] [FAULT] DRV8874 cleared (cmd was 171 at the time)
[1786047596.744731337] [FAULT] DRV8874 FAULT ACTIVE (over-current/over-temp/under-voltage) (cmd was 172 at the time)
[1786047596.746975337] [FAULT] DRV8874 cleared (cmd was 173 at the time)
[1786047596.748060337] [FAULT] DRV8874 FAULT ACTIVE (over-current/over-temp/under-voltage) (cmd was 175 at the time)
[1786047596.749805337] [FAULT] DRV8874 cleared (cmd was 176 at the time)
[1786047596.751024337] [FAULT] DRV8874 cleared (cmd was 177 at the time)
[1786047596.752055337] [FAULT] DRV8874 cleared (cmd was 179 at the time)
[1786047596.753110337] [FAULT] DRV8874 FAULT ACTIVE (over-current/over-temp/under-voltage) (cmd was 180 at the time)
[1786047596.755021337] [FAULT] DRV8874 FAULT ACTIVE (over-current/over-temp/under-voltage) (cmd was 182 at the time)
[1786047596.756904337] [FAULT] DRV8874 FAULT ACTIVE (over-current/over-temp/under-voltage) (cmd was 183 at the time)
[1786047596.758680337] [FAULT] DRV8874 FAULT ACTIVE (over-current/over-temp/under-voltage) (cmd was 185 at the time)
[1786047596.760500337] [FAULT] DRV8874 cleared (cmd was 187 at the time)
[1786047596.761540337] [FAULT] DRV8874 FAULT ACTIVE (over-current/over-temp/under-voltage) (cmd was 188 at the time)
[1786047596.763427337] [FAULT] DRV8874 FAULT ACTIVE (over-current/over-temp/under-voltage) (cmd was 190 at the time)
[1786047596.765491337] [FAULT] DRV8874 FAULT ACTIVE (over-current/over-temp/under-voltage) (cmd was 192 at the time)
[1786047596.767410337] [FAULT] DRV8874 FAULT ACTIVE (over-current/over-temp/under-voltage) (cmd was 194 at the time)
[1786047596.769274337] [FAULT] DRV8874 FAULT ACTIVE (over-current/over-temp/under-voltage) (cmd was 196 at the time)
[1786047596.771091337] [FAULT] DRV8874 cleared (cmd was 199 at the time)
[1786047596.772141337] [FAULT] DRV8874 FAULT ACTIVE (over-current/over-temp/under-voltage) (cmd was 200 at the time)
[1786047596.774006337] [FAULT] DRV8874 FAULT ACTIVE (over-current/over-temp/under-voltage) (cmd was 202 at the time)
[1786047596.775757337] [FAULT] DRV8874 cleared (cmd was 203 at the time)
[1786047596.776798337] [FAULT] DRV8874 FAULT ACTIVE (over-current/over-temp/under-voltage) (cmd was 204 at the time)
[1786047596.778671337] [FAULT] DRV8874 FAULT ACTIVE (over-current/over-temp/under-voltage) (cmd was 206 at the time)
[1786047596.780557337] [FAULT] DRV8874 FAULT ACTIVE (over-current/over-temp/under-voltage) (cmd was 208 at the time)
[1786047596.782427337] [FAULT] DRV8874 FAULT ACTIVE (over-current/over-temp/under-voltage) (cmd was 210 at the time)
[1786047596.784281337] [FAULT] DRV8874 FAULT ACTIVE (over-current/over-temp/under-voltage) (cmd was 212 at the time)
[1786047596.786169337] [FAULT] DRV8874 FAULT ACTIVE (over-current/over-temp/under-voltage) (cmd was 214 at the time)
[1786047596.788259337] [FAULT] DRV8874 FAULT ACTIVE (over-current/over-temp/under-voltage) (cmd was 216 at the time)
[1786047596.790176337] [FAULT] DRV8874 FAULT ACTIVE (over-current/over-temp/under-voltage) (cmd was 219 at the time)
[1786047596.795383337] t:217.97s enc:0.0 des:22343.6 err:22343.6 cur:209 cmd:223 | pub:1ms ret:0 lp:60
[1786047596.797106337] [FAULT] DRV8874 FAULT ACTIVE (over-current/over-temp/under-voltage) (cmd was 226 at the time)
[1786047596.799008337] [FAULT] DRV8874 FAULT ACTIVE (over-current/over-temp/under-voltage) (cmd was 228 at the time)
[1786047596.800784337] [FAULT] DRV8874 FAULT ACTIVE (over-current/over-temp/under-voltage) (cmd was 230 at the time)
[1786047596.802644337] [FAULT] DRV8874 FAULT ACTIVE (over-current/over-temp/under-voltage) (cmd was 232 at the time)
[1786047596.804518337] [FAULT] DRV8874 FAULT ACTIVE (over-current/over-temp/under-voltage) (cmd was 234 at the time)
[1786047596.806382337] [FAULT] DRV8874 FAULT ACTIVE (over-current/over-temp/under-voltage) (cmd was 236 at the time)
[1786047596.808238337] [FAULT] DRV8874 FAULT ACTIVE (over-current/over-temp/under-voltage) (cmd was 238 at the time)
[1786047596.810050337] [FAULT] DRV8874 cleared (cmd was 241 at the time)
[1786047596.811090337] [FAULT] DRV8874 FAULT ACTIVE (over-current/over-temp/under-voltage) (cmd was 242 at the time)
[1786047596.812941337] [FAULT] DRV8874 FAULT ACTIVE (over-current/over-temp/under-voltage) (cmd was 243 at the time)
[1786047596.814714337] [FAULT] DRV8874 FAULT ACTIVE (over-current/over-temp/under-voltage) (cmd was 245 at the time)
[1786047596.816554337] [FAULT] DRV8874 FAULT ACTIVE (over-current/over-temp/under-voltage) (cmd was 248 at the time)
[1786047596.818386337] [FAULT] DRV8874 FAULT ACTIVE (over-current/over-temp/under-voltage) (cmd was 250 at the time)
[1786047596.820184337] [FAULT] DRV8874 FAULT ACTIVE (over-current/over-temp/under-voltage) (cmd was 252 at the time)
[1786047596.821976337] [FAULT] DRV8874 FAULT ACTIVE (over-current/over-temp/under-voltage) (cmd was 253 at the time)
[1786047596.823587337] [FAULT] DRV8874 FAULT ACTIVE (over-current/over-temp/under-voltage) (cmd was 255 at the time)
[1786047596.893253337] t:218.07s enc:0.0 des:34208.3 err:34208.3 cur:0 cmd:255 | pub:0ms ret:0 lp:9120
[1786047596.994265337] t:218.17s enc:0.0 des:48743.5 err:48743.5 cur:0 cmd:255 | pub:0ms ret:0 lp:13339
[1786047597.093652337] t:218.27s enc:0.0 des:65174.8 err:65174.8 cur:0 cmd:255 | pub:0ms ret:0 lp:13165
[1786047597.193583337] t:218.37s enc:0.0 des:83455.0 err:83455.0 cur:0 cmd:255 | pub:0ms ret:0 lp:13264
[1786047597.293332337] t:218.47s enc:0.0 des:103101.8 err:103101.8 cur:0 cmd:255 | pub:0ms ret:0 lp:13270
[1786047597.393360337] t:218.57s enc:0.0 des:124103.8 err:124103.8 cur:0 cmd:255 | pub:0ms ret:0 lp:13303
[1786047597.493395337] t:218.67s enc:0.0 des:145990.6 err:145990.6 cur:0 cmd:255 | pub:0ms ret:0 lp:13297
[1786047597.593501337] t:218.77s enc:0.0 des:168413.8 err:168413.8 cur:0 cmd:255 | pub:0ms ret:0 lp:13298
[1786047597.693486337] t:218.87s enc:0.0 des:191016.3 err:191016.3 cur:0 cmd:255 | pub:0ms ret:0 lp:13286
[1786047597.793504337] t:218.97s enc:0.0 des:213445.0 err:213445.0 cur:0 cmd:255 | pub:0ms ret:0 lp:13283
[1786047597.893518337] t:219.07s enc:0.0 des:235349.8 err:235349.8 cur:0 cmd:255 | pub:0ms ret:0 lp:13282
[1786047597.993675337] t:219.17s enc:0.0 des:256534.6 err:256534.6 cur:0 cmd:255 | pub:0ms ret:0 lp:13283
[1786047598.093343337] t:219.27s enc:0.0 des:276205.6 err:276205.6 cur:0 cmd:255 | pub:0ms ret:0 lp:13254
[1786047598.193598337] t:219.37s enc:0.0 des:294515.4 err:294515.4 cur:0 cmd:255 | pub:0ms ret:0 lp:13283
[1786047598.293515337] t:219.47s enc:0.0 des:311016.6 err:311016.6 cur:0 cmd:255 | pub:0ms ret:0 lp:13264
[1786047598.393333337] t:219.57s enc:0.0 des:325452.0 err:325452.0 cur:0 cmd:255 | pub:0ms ret:0 lp:13294
[1786047598.493498337] t:219.67s enc:0.0 des:337597.3 err:337597.3 cur:0 cmd:255 | pub:0ms ret:0 lp:13312
[1786047598.593417337] t:219.77s enc:0.0 des:347318.5 err:347318.5 cur:0 cmd:255 | pub:0ms ret:0 lp:13282
[1786047598.694396337] t:219.87s enc:0.0 des:354330.3 err:354330.3 cur:0 cmd:255 | pub:0ms ret:0 lp:13251
[1786047598.793662337] t:219.97s enc:0.0 des:358562.6 err:358562.6 cur:0 cmd:255 | pub:0ms ret:0 lp:13119
[1786047598.893379337] t:220.07s enc:0.0 des:360000.0 err:360000.0 cur:0 cmd:255 | pub:0ms ret:0 lp:13229
[1786047598.993579337] t:220.17s enc:0.0 des:358594.4 err:358594.4 cur:0 cmd:255 | pub:0ms ret:0 lp:13266
[1786047599.093535337] t:220.27s enc:0.0 des:354416.3 err:354416.3 cur:0 cmd:255 | pub:0ms ret:0 lp:13250
[1786047599.193452337] t:220.37s enc:0.0 des:347381.3 err:347381.3 cur:0 cmd:255 | pub:0ms ret:0 lp:13262
[1786047599.293382337] t:220.47s enc:0.0 des:337791.1 err:337791.1 cur:0 cmd:255 | pub:0ms ret:0 lp:13266
[1786047599.393645337] t:220.57s enc:0.0 des:325690.4 err:325690.4 cur:0 cmd:255 | pub:0ms ret:0 lp:13268
[1786047599.493498337] t:220.67s enc:0.0 des:311409.9 err:311409.9 cur:0 cmd:255 | pub:0ms ret:0 lp:13235
[1786047599.593671337] t:220.77s enc:0.0 des:294822.5 err:294822.5 cur:0 cmd:255 | pub:1ms ret:0 lp:13262
[1786047599.693497337] t:220.87s enc:0.0 des:276687.8 err:276687.8 cur:0 cmd:255 | pub:0ms ret:0 lp:13239
[1786047599.793686337] t:220.97s enc:0.0 des:256735.9 err:256735.9 cur:0 cmd:255 | pub:1ms ret:0 lp:13256
[1786047599.893496337] t:221.07s enc:0.0 des:235719.0 err:235719.0 cur:0 cmd:255 | pub:0ms ret:0 lp:13220
[1786047599.993432337] t:221.17s enc:0.0 des:213873.9 err:213873.9 cur:0 cmd:255 | pub:0ms ret:0 lp:13280
[1786047600.093628337] t:221.27s enc:0.0 des:191448.5 err:191448.5 cur:0 cmd:255 | pub:0ms ret:0 lp:13285
[1786047600.289052337] [watchdog] ping result: 0 | ros_connected: 1 | heap: 178424
[1786047600.292749337] t:221.47s enc:0.0 des:146554.9 err:146554.9 cur:0 cmd:255 | pub:1ms ret:0 lp:12826
[1786047600.392440337] t:221.57s enc:0.0 des:124722.4 err:124722.4 cur:0 cmd:255 | pub:0ms ret:0 lp:13236
[1786047600.492613337] t:221.67s enc:0.0 des:103693.5 err:103693.5 cur:0 cmd:255 | pub:0ms ret:0 lp:13283
[1786047600.592461337] t:221.77s enc:0.0 des:83984.1 err:83984.1 cur:0 cmd:255 | pub:0ms ret:0 lp:13259
[1786047600.692429337] t:221.87s enc:0.0 des:65657.8 err:65657.8 cur:0 cmd:255 | pub:0ms ret:0 lp:13291
[1786047600.792316337] t:221.97s enc:0.0 des:49137.3 err:49137.3 cur:0 cmd:255 | pub:0ms ret:0 lp:13284
[1786047600.892558337] t:222.07s enc:0.0 des:34678.2 err:34678.2 cur:0 cmd:255 | pub:0ms ret:0 lp:13301
[1786047600.965137337] [FAULT] DRV8874 FAULT ACTIVE (over-current/over-temp/under-voltage) (cmd was 254 at the time)
[1786047600.967030337] [FAULT] DRV8874 FAULT ACTIVE (over-current/over-temp/under-voltage) (cmd was 252 at the time)
[1786047600.968748337] [FAULT] DRV8874 FAULT ACTIVE (over-current/over-temp/under-voltage) (cmd was 250 at the time)
[1786047600.970582337] [FAULT] DRV8874 FAULT ACTIVE (over-current/over-temp/under-voltage) (cmd was 248 at the time)
[1786047600.972434337] [FAULT] DRV8874 FAULT ACTIVE (over-current/over-temp/under-voltage) (cmd was 246 at the time)
[1786047600.974292337] [FAULT] DRV8874 FAULT ACTIVE (over-current/over-temp/under-voltage) (cmd was 244 at the time)
[1786047600.976101337] [FAULT] DRV8874 cleared (cmd was 241 at the time)
[1786047600.977150337] [FAULT] DRV8874 FAULT ACTIVE (over-current/over-temp/under-voltage) (cmd was 240 at the time)
[1786047600.979009337] [FAULT] DRV8874 FAULT ACTIVE (over-current/over-temp/under-voltage) (cmd was 238 at the time)
[1786047600.980783337] [FAULT] DRV8874 FAULT ACTIVE (over-current/over-temp/under-voltage) (cmd was 237 at the time)
[1786047600.982659337] [FAULT] DRV8874 FAULT ACTIVE (over-current/over-temp/under-voltage) (cmd was 235 at the time)
[1786047600.984540337] [FAULT] DRV8874 FAULT ACTIVE (over-current/over-temp/under-voltage) (cmd was 232 at the time)
[1786047600.986572337] [FAULT] DRV8874 FAULT ACTIVE (over-current/over-temp/under-voltage) (cmd was 230 at the time)
[1786047600.988486337] [FAULT] DRV8874 FAULT ACTIVE (over-current/over-temp/under-voltage) (cmd was 228 at the time)
[1786047600.994555337] t:222.17s enc:0.0 des:22294.4 err:22294.4 cur:47 cmd:222 | pub:0ms ret:0 lp:9811
[1786047600.996336337] [FAULT] DRV8874 FAULT ACTIVE (over-current/over-temp/under-voltage) (cmd was 219 at the time)
[1786047600.998217337] [FAULT] DRV8874 FAULT ACTIVE (over-current/over-temp/under-voltage) (cmd was 217 at the time)
[1786047601.000077337] [FAULT] DRV8874 FAULT ACTIVE (over-current/over-temp/under-voltage) (cmd was 215 at the time)
[1786047601.001971337] [FAULT] DRV8874 FAULT ACTIVE (over-current/over-temp/under-voltage) (cmd was 214 at the time)
[1786047601.003749337] [FAULT] DRV8874 FAULT ACTIVE (over-current/over-temp/under-voltage) (cmd was 212 at the time)
[1786047601.005620337] [FAULT] DRV8874 FAULT ACTIVE (over-current/over-temp/under-voltage) (cmd was 210 at the time)
[1786047601.007440337] [FAULT] DRV8874 cleared (cmd was 207 at the time)
[1786047601.008476337] [FAULT] DRV8874 FAULT ACTIVE (over-current/over-temp/under-voltage) (cmd was 206 at the time)
[1786047601.010330337] [FAULT] DRV8874 FAULT ACTIVE (over-current/over-temp/under-voltage) (cmd was 204 at the time)
[1786047601.012156337] [FAULT] DRV8874 cleared (cmd was 202 at the time)
[1786047601.013225337] [FAULT] DRV8874 FAULT ACTIVE (over-current/over-temp/under-voltage) (cmd was 201 at the time)
[1786047601.015094337] [FAULT] DRV8874 FAULT ACTIVE (over-current/over-temp/under-voltage) (cmd was 199 at the time)
[1786047601.016966337] [FAULT] DRV8874 FAULT ACTIVE (over-current/over-temp/under-voltage) (cmd was 198 at the time)
[1786047601.018728337] [FAULT] DRV8874 FAULT ACTIVE (over-current/over-temp/under-voltage) (cmd was 196 at the time)
[1786047601.020595337] [FAULT] DRV8874 FAULT ACTIVE (over-current/over-temp/under-voltage) (cmd was 194 at the time)
[1786047601.022475337] [FAULT] DRV8874 FAULT ACTIVE (over-current/over-temp/under-voltage) (cmd was 192 at the time)
[1786047601.024358337] [FAULT] DRV8874 FAULT ACTIVE (over-current/over-temp/under-voltage) (cmd was 190 at the time)
[1786047601.026222337] [FAULT] DRV8874 FAULT ACTIVE (over-current/over-temp/under-voltage) (cmd was 188 at the time)
[1786047601.028043337] [FAULT] DRV8874 cleared (cmd was 186 at the time)
[1786047601.029054337] [FAULT] DRV8874 cleared (cmd was 185 at the time)
[1786047601.030099337] [FAULT] DRV8874 FAULT ACTIVE (over-current/over-temp/under-voltage) (cmd was 184 at the time)
[1786047601.031969337] [FAULT] DRV8874 FAULT ACTIVE (over-current/over-temp/under-voltage) (cmd was 183 at the time)
[1786047601.033755337] [FAULT] DRV8874 FAULT ACTIVE (over-current/over-temp/under-voltage) (cmd was 181 at the time)
[1786047601.035627337] [FAULT] DRV8874 FAULT ACTIVE (over-current/over-temp/under-voltage) (cmd was 179 at the time)
[1786047601.037441337] [FAULT] DRV8874 cleared (cmd was 177 at the time)
[1786047601.038438337] [FAULT] DRV8874 cleared (cmd was 176 at the time)
[1786047601.039448337] [FAULT] DRV8874 cleared (cmd was 175 at the time)
[1786047601.040442337] [FAULT] DRV8874 cleared (cmd was 174 at the time)
[1786047601.041452337] [FAULT] DRV8874 cleared (cmd was 173 at the time)
[1786047601.042520337] [FAULT] DRV8874 FAULT ACTIVE (over-current/over-temp/under-voltage) (cmd was 172 at the time)
[1786047601.044527337] [FAULT] DRV8874 FAULT ACTIVE (over-current/over-temp/under-voltage) (cmd was 170 at the time)
[1786047601.046623337] [FAULT] DRV8874 FAULT ACTIVE (over-current/over-temp/under-voltage) (cmd was 168 at the time)
[1786047601.048527337] [FAULT] DRV8874 FAULT ACTIVE (over-current/over-temp/under-voltage) (cmd was 166 at the time)
[1786047601.050490337] [FAULT] DRV8874 FAULT ACTIVE (over-current/over-temp/under-voltage) (cmd was 164 at the time)
[1786047601.052439337] [FAULT] DRV8874 FAULT ACTIVE (over-current/over-temp/under-voltage) (cmd was 162 at the time)
[1786047601.054332337] [FAULT] DRV8874 FAULT ACTIVE (over-current/over-temp/under-voltage) (cmd was 161 at the time)
[1786047601.056153337] [FAULT] DRV8874 cleared (cmd was 159 at the time)
[1786047601.057196337] [FAULT] DRV8874 FAULT ACTIVE (over-current/over-temp/under-voltage) (cmd was 158 at the time)
[1786047601.059055337] [FAULT] DRV8874 FAULT ACTIVE (over-current/over-temp/under-voltage) (cmd was 156 at the time)
[1786047601.060922337] [FAULT] DRV8874 FAULT ACTIVE (over-current/over-temp/under-voltage) (cmd was 155 at the time)
[1786047601.062668337] [FAULT] DRV8874 cleared (cmd was 153 at the time)
[1786047601.063697337] [FAULT] DRV8874 cleared (cmd was 152 at the time)
[1786047601.064755337] [FAULT] DRV8874 FAULT ACTIVE (over-current/over-temp/under-voltage) (cmd was 151 at the time)
[1786047601.066622337] [FAULT] DRV8874 FAULT ACTIVE (over-current/over-temp/under-voltage) (cmd was 150 at the time)
[1786047601.068447337] [FAULT] DRV8874 cleared (cmd was 148 at the time)
[1786047601.069453337] [FAULT] DRV8874 cleared (cmd was 147 at the time)
[1786047601.070508337] [FAULT] DRV8874 FAULT ACTIVE (over-current/over-temp/under-voltage) (cmd was 146 at the time)
[1786047601.072354337] [FAULT] DRV8874 cleared (cmd was 144 at the time)
[1786047601.073424337] [FAULT] DRV8874 FAULT ACTIVE (over-current/over-temp/under-voltage) (cmd was 143 at the time)
[1786047601.075248337] [FAULT] DRV8874 cleared (cmd was 142 at the time)
[1786047601.076245337] [FAULT] DRV8874 cleared (cmd was 141 at the time)
[1786047601.077248337] [FAULT] DRV8874 cleared (cmd was 140 at the time)
[1786047601.078247337] [FAULT] DRV8874 cleared (cmd was 139 at the time)
[1786047601.079249337] [FAULT] DRV8874 cleared (cmd was 138 at the time)
[1786047601.080295337] [FAULT] DRV8874 FAULT ACTIVE (over-current/over-temp/under-voltage) (cmd was 137 at the time)
[1786047601.082174337] [FAULT] DRV8874 FAULT ACTIVE (over-current/over-temp/under-voltage) (cmd was 135 at the time)
[1786047601.084059337] [FAULT] DRV8874 FAULT ACTIVE (over-current/over-temp/under-voltage) (cmd was 134 at the time)
[1786047601.085799337] [FAULT] DRV8874 cleared (cmd was 133 at the time)
[1786047601.086804337] [FAULT] DRV8874 cleared (cmd was 132 at the time)
[1786047601.088106337] [FAULT] DRV8874 cleared (cmd was 131 at the time)
[1786047601.089216337] [FAULT] DRV8874 FAULT ACTIVE (over-current/over-temp/under-voltage) (cmd was 129 at the time)
[1786047601.093678337] t:222.27s enc:0.0 des:12662.3 err:12662.3 cur:47 cmd:126 | pub:1ms ret:0 lp:61
[1786047601.095566337] [FAULT] DRV8874 FAULT ACTIVE (over-current/over-temp/under-voltage) (cmd was 124 at the time)
[1786047601.097455337] [FAULT] DRV8874 FAULT ACTIVE (over-current/over-temp/under-voltage) (cmd was 123 at the time)
[1786047601.099279337] [FAULT] DRV8874 cleared (cmd was 121 at the time)
[1786047601.100277337] [FAULT] DRV8874 cleared (cmd was 120 at the time)
[1786047601.101275337] [FAULT] DRV8874 cleared (cmd was 120 at the time)
[1786047601.102391337] [FAULT] DRV8874 FAULT ACTIVE (over-current/over-temp/under-voltage) (cmd was 119 at the time)
[1786047601.104249337] [FAULT] DRV8874 FAULT ACTIVE (over-current/over-temp/under-voltage) (cmd was 117 at the time)
[1786047601.106078337] [FAULT] DRV8874 cleared (cmd was 116 at the time)
[1786047601.107080337] [FAULT] DRV8874 cleared (cmd was 115 at the time)
[1786047601.108093337] [FAULT] DRV8874 cleared (cmd was 114 at the time)
[1786047601.109141337] [FAULT] DRV8874 FAULT ACTIVE (over-current/over-temp/under-voltage) (cmd was 113 at the time)
[1786047601.111005337] [FAULT] DRV8874 FAULT ACTIVE (over-current/over-temp/under-voltage) (cmd was 112 at the time)
[1786047601.112766337] [FAULT] DRV8874 cleared (cmd was 111 at the time)
[1786047601.113776337] [FAULT] DRV8874 cleared (cmd was 110 at the time)
[1786047601.114791337] [FAULT] DRV8874 cleared (cmd was 109 at the time)
[1786047601.115791337] [FAULT] DRV8874 cleared (cmd was 108 at the time)
[1786047601.116794337] [FAULT] DRV8874 cleared (cmd was 108 at the time)
[1786047601.117799337] [FAULT] DRV8874 cleared (cmd was 107 at the time)
[1786047601.118949337] [FAULT] DRV8874 FAULT ACTIVE (over-current/over-temp/under-voltage) (cmd was 106 at the time)
[1786047601.120676337] [FAULT] DRV8874 cleared (cmd was 105 at the time)
[1786047601.121697337] [FAULT] DRV8874 cleared (cmd was 104 at the time)
[1786047601.122728337] [FAULT] DRV8874 cleared (cmd was 103 at the time)
[1786047601.123749337] [FAULT] DRV8874 cleared (cmd was 102 at the time)
[1786047601.124805337] [FAULT] DRV8874 FAULT ACTIVE (over-current/over-temp/under-voltage) (cmd was 102 at the time)
[1786047601.126626337] [FAULT] DRV8874 cleared (cmd was 100 at the time)
[1786047601.127636337] [FAULT] DRV8874 cleared (cmd was 99 at the time)
[1786047601.128628337] [FAULT] DRV8874 cleared (cmd was 99 at the time)
[1786047601.129619337] [FAULT] DRV8874 cleared (cmd was 98 at the time)
[1786047601.130651337] [FAULT] DRV8874 FAULT ACTIVE (over-current/over-temp/under-voltage) (cmd was 97 at the time)
[1786047601.132488337] [FAULT] DRV8874 cleared (cmd was 96 at the time)
[1786047601.133550337] [FAULT] DRV8874 FAULT ACTIVE (over-current/over-temp/under-voltage) (cmd was 95 at the time)
[1786047601.135395337] [FAULT] DRV8874 FAULT ACTIVE (over-current/over-temp/under-voltage) (cmd was 93 at the time)
[1786047601.137198337] [FAULT] DRV8874 cleared (cmd was 92 at the time)
[1786047601.138184337] [FAULT] DRV8874 cleared (cmd was 91 at the time)
[1786047601.139173337] [FAULT] DRV8874 cleared (cmd was 91 at the time)
[1786047601.140194337] [FAULT] DRV8874 FAULT ACTIVE (over-current/over-temp/under-voltage) (cmd was 90 at the time)
[1786047601.142054337] [FAULT] DRV8874 FAULT ACTIVE (over-current/over-temp/under-voltage) (cmd was 88 at the time)
[1786047601.143785337] [FAULT] DRV8874 cleared (cmd was 88 at the time)
[1786047601.145206337] [FAULT] DRV8874 FAULT ACTIVE (over-current/over-temp/under-voltage) (cmd was 86 at the time)
[1786047601.147055337] [FAULT] DRV8874 cleared (cmd was 85 at the time)
[1786047601.148049337] [FAULT] DRV8874 cleared (cmd was 84 at the time)
[1786047601.149040337] [FAULT] DRV8874 cleared (cmd was 84 at the time)
[1786047601.150173337] [FAULT] DRV8874 cleared (cmd was 83 at the time)
[1786047601.151201337] [FAULT] DRV8874 cleared (cmd was 82 at the time)
[1786047601.152249337] [FAULT] DRV8874 cleared (cmd was 82 at the time)
[1786047601.153304337] [FAULT] DRV8874 FAULT ACTIVE (over-current/over-temp/under-voltage) (cmd was 81 at the time)
[1786047601.155153337] [FAULT] DRV8874 FAULT ACTIVE (over-current/over-temp/under-voltage) (cmd was 80 at the time)
[1786047601.156970337] [FAULT] DRV8874 cleared (cmd was 78 at the time)
[1786047601.158005337] [FAULT] DRV8874 FAULT ACTIVE (over-current/over-temp/under-voltage) (cmd was 78 at the time)
[1786047601.159732337] [FAULT] DRV8874 cleared (cmd was 77 at the time)
[1786047601.160702337] [FAULT] DRV8874 cleared (cmd was 76 at the time)
[1786047601.161702337] [FAULT] DRV8874 cleared (cmd was 76 at the time)
[1786047601.162741337] [FAULT] DRV8874 FAULT ACTIVE (over-current/over-temp/under-voltage) (cmd was 75 at the time)
[1786047601.164559337] [FAULT] DRV8874 cleared (cmd was 74 at the time)
[1786047601.165555337] [FAULT] DRV8874 cleared (cmd was 73 at the time)
[1786047601.166606337] [FAULT] DRV8874 FAULT ACTIVE (over-current/over-temp/under-voltage) (cmd was 72 at the time)
[1786047601.168421337] [FAULT] DRV8874 cleared (cmd was 71 at the time)
[1786047601.169441337] [FAULT] DRV8874 FAULT ACTIVE (over-current/over-temp/under-voltage) (cmd was 71 at the time)
[1786047601.171245337] [FAULT] DRV8874 cleared (cmd was 69 at the time)
[1786047601.172305337] [FAULT] DRV8874 FAULT ACTIVE (over-current/over-temp/under-voltage) (cmd was 69 at the time)
[1786047601.174130337] [FAULT] DRV8874 cleared (cmd was 67 at the time)
[1786047601.175133337] [FAULT] DRV8874 cleared (cmd was 67 at the time)
[1786047601.176129337] [FAULT] DRV8874 cleared (cmd was 66 at the time)
[1786047601.177127337] [FAULT] DRV8874 cleared (cmd was 66 at the time)
[1786047601.178126337] [FAULT] DRV8874 cleared (cmd was 65 at the time)
[1786047601.179126337] [FAULT] DRV8874 cleared (cmd was 64 at the time)
[1786047601.180126337] [FAULT] DRV8874 cleared (cmd was 64 at the time)
[1786047601.181126337] [FAULT] DRV8874 cleared (cmd was 63 at the time)
[1786047601.182140337] [FAULT] DRV8874 cleared (cmd was 63 at the time)
85024337] [FAULT] DRV8874 cleared (cmd was 61 at the time)
[1786047601.186011337] [FAULT] DRV8874 cleared (cmd was 60 at the time)
[1786047601.187010337] [FAULT] DRV8874 cleared (cmd was 60 at the time)
[1786047601.188052337] [FAULT] DRV8874 FAULT ACTIVE (over-current/over-temp/under-voltage) (cmd was 59 at the time)
[1786047601.189778337] [FAULT] DRV8874 cleared (cmd was 58 at the time)
[1786047601.194131337] t:222.37s enc:0.0 des:5638.8 err:5638.8 cur:39 cmd:56 | pub:1ms ret:0 lp:75
[1786047601.195801337] [FAULT] DRV8874 cleared (cmd was 55 at the time)
[1786047601.196994337] [FAULT] DRV8874 cleared (cmd was 54 at the time)
[1786047601.197985337] [FAULT] DRV8874 cleared (cmd was 53 at the time)
[1786047601.198976337] [FAULT] DRV8874 cleared (cmd was 53 at the time)
[1786047601.199950337] [FAULT] DRV8874 cleared (cmd was 52 at the time)
[1786047601.200939337] [FAULT] DRV8874 cleared (cmd was 52 at the time)
[1786047601.201959337] [FAULT] DRV8874 cleared (cmd was 52 at the time)
[1786047601.202980337] [FAULT] DRV8874 cleared (cmd was 51 at the time)
[1786047601.203966337] [FAULT] DRV8874 cleared (cmd was 50 at the time)
[1786047601.204996337] [FAULT] DRV8874 FAULT ACTIVE (over-current/over-temp/under-voltage) (cmd was 50 at the time)
[1786047601.206750337] [FAULT] DRV8874 FAULT ACTIVE (over-current/over-temp/under-voltage) (cmd was 49 at the time)
[1786047601.208558337] [FAULT] DRV8874 cleared (cmd was 48 at the time)
[1786047601.209590337] [FAULT] DRV8874 FAULT ACTIVE (over-current/over-temp/under-voltage) (cmd was 48 at the time)
[1786047601.211408337] [FAULT] DRV8874 cleared (cmd was 47 at the time)
[1786047601.212425337] [FAULT] DRV8874 cleared (cmd was 46 at the time)
[1786047601.213425337] [FAULT] DRV8874 cleared (cmd was 45 at the time)
[1786047601.214411337] [FAULT] DRV8874 cleared (cmd was 45 at the time)
[1786047601.215410337] [FAULT] DRV8874 cleared (cmd was 44 at the time)
[1786047601.216410337] [FAULT] DRV8874 cleared (cmd was 44 at the time)
[1786047601.217432337] [FAULT] DRV8874 cleared (cmd was 43 at the time)
[1786047601.218431337] [FAULT] DRV8874 cleared (cmd was 43 at the time)
[1786047601.219431337] [FAULT] DRV8874 cleared (cmd was 42 at the time)
[1786047601.220431337] [FAULT] DRV8874 cleared (cmd was 42 at the time)
[1786047601.221435337] [FAULT] DRV8874 cleared (cmd was 42 at the time)
[1786047601.222442337] [FAULT] DRV8874 cleared (cmd was 41 at the time)
[1786047601.223444337] [FAULT] DRV8874 cleared (cmd was 41 at the time)
[1786047601.224438337] [FAULT] DRV8874 cleared (cmd was 40 at the time)
[1786047601.225432337] [FAULT] DRV8874 cleared (cmd was 40 at the time)
[1786047601.226431337] [FAULT] DRV8874 cleared (cmd was 39 at the time)
[1786047601.227431337] [FAULT] DRV8874 cleared (cmd was 39 at the time)
[1786047601.228431337] [FAULT] DRV8874 cleared (cmd was 38 at the time)
[1786047601.229431337] [FAULT] DRV8874 cleared (cmd was 38 at the time)
[1786047601.230426337] [FAULT] DRV8874 cleared (Rmd was 37 at the time)
[1786047601.231424337] [FAULT] DRV8874 cleared (cmd was 37 at the time)
[1786047601.232427337] [FAULT] D37] [FAULT] DRV8874 cleared (cmd was 35 at the time)
[1786047601.235410337] [FAULT] DRV8874 cleared (cmd was 35 at the time)
[1786047601.236405337] [FAULT] DRV8874 cleared (cmd was 35 at the time)
[1786047601.237385337] [FAULT] DRV8874 cleared (cmd was 34 at the time)
[1786047601.238360337] [FAULT] DRV8874 cleared (cmd was 34 at the time)
[1786047601.239331337] [FAULT] DRV8874 cleared (cmd was 33 at the time)
[1786047601.240301337] [FAULT] DRV8874 cleared (cmd was 33 at the time)
[1786047601.241283337] [FAULT] DRV8874 clearedDRV8874 cleared (cmd was 31 at the time)
[1786047601.244239337] [FAULT] DRV8874 cleared (cmd was 31 at the time)
[1786047601.245225337] [FAULT] DRV8874 cleared (cmd was 31 at the time)
[1786047601.246510337] [FAULT] DRV8874 cleared (cmd was 30 at the time)
[1786047601.247558337] [FAULT] DRV8874 cleared (cmd was 30 at the time)
[1786047601.248536337] [FAULT] DRV8874 cleared (cmd was 29 at the time)
[1786047601.249539337] [FAULT] DRV8874 cleared (cmd was 29 at the time)
[1786047601.250532337] [FAULT] DRV8874 cleared (cmd was 29 at the time)
[1786047601.251593337] [FAULT] DRV8874 cleared (cmd was 28 at the time)
[1786047601.252661337] [FAULT] DRV8874 cleared (cmd was 28 at the time)
[1786047601.253639337] [FAULT] DRV8874 cleared (cmd was 27 at the time)
[1786047601.254610337] [FAULT] DRV8874 cleared (cmd was 27 at the time)
[1786047601.255584337] [FAULT] DRV8874 cleared (cmd was 27 at the time)
[1786047601.25651786047601.258458337] [FAULT] DRV8874 cleared (cmd was 25 at the time)
[1786047601.259422337] [FAULT] DRV8874 cleared (cmd was 25 at the time)
[1786047601.260356337] [FAULT] DRV8874 cleared (cmd was 25 at the time)
[1786047601.261292337] [FAULT] DRV8874 cleared (cmd was 24 at the time)
[1786047601.262252337] [FAULT] DRV8874 cleared (cmd was 24 at the time)
[1786047601.263224337] [FAULT] DRV8874 cleared (cmd was 24 at the time)
[1786047601.264153337] [FAULT] DRV8874 cleared (cmd was 23 at the time)
[1786047601.265096337] [01.267046337] [FAULT] DRV8874 cleared (cmd was 22 at the time)
[1786047601.268004337] [FAULT] DRV8874 cleared (cmd was 22 at the time)
[1786047601.268946337] [FAULT] DRV8874 cleared (cmd was 21 at the time)
[1786047601.269777337] [FAULT] DRV8874 cleared (cmd was 21 at the time)
[1786047601.270706337] [FAULT] DRV8874 cleared (cmd was 21 at the time)
[1786047601.271651337] [FAULT] DRV8874 cleared (cmd was 21 at the time)
[1786047601.272607337] [FAULT] DRV8874 cleared (cmd was 20 at the time)
[1786047601.273551337] [FAU275418337] [FAULT] DRV8874 cleared (cmd was 19 at the time)
[1786047601.276333337] [FAULT] DRV8874 cleared (cmd was 19 at the time)
[1786047601.277247337] [FAULT] DRV8874 cleared (cmd was 19 at the time)
[1786047601.278156337] [FAULT] DRV8874 cleared (cmd was 18 at the time)
[1786047601.279073337] [FAULT] DRV8874 cleared (cmd was 18 at the time)
[1786047601.279978337] [FAULT] DRV8874 cleared (cmd was 18 at the time)
[1786047601.280801337] [FA.282710337] [FAULT] DRV8874 cleared (cmd was 17 at the time)
[1786047601.283705337] [FAULT] DRV8874 cleared (cmd was 17 at the time)
[1786047601.284664337] [FAULT] DRV8874 cleared (cmd was 16 at the time)
[1786047601.285587337] [FAULT] DRV8874 cleared (cmd was 16 at the time)
[1786047601.286507337] [FAULT] DRV8874 cleared (cmd was 16 at the time)
[1786047601.287432337] [FAULT] DRV8874 cleared (cmd was 16 at the time)
[1786047601.288335337] [FAULT] DRV8874 cleared (cmd was 15 at the time)
[1786047601.289244337] [FAULT] DRV8874 cleared (cmd was 15 at the time)
[1786047601.292621337] t:222.47s enc:0.0 des:1466.7 err:1466.7 cur:58 cmd:14 | pub:0ms ret:0 lp:94
[1786047601.294384337] [FAULT] DRV8874 FAULT ACTIVE (over-current/over-temp/under-voltage) (cmd was 13 at the time)
[1786047601.296162337] [FAULT] DRV8874 FAULT ACTIVE (over-current/over-temp/under-voltage) (cmd was 13 at the time)
[1786047601.297974337] [FAULT] DRV8874 FAULT ACTIVE (over-current/over-temp/under-voltage) (cmd was 13 at the time)
[1786047601.299683337] [FAULT] DRV8874 FAULT ACTIVE (over-current/over-temp/under-voltage) (cmd was 12 at the time)
[1786047601.301421337] [FAULT] DRV8874 cleared (cmd was 12 at the time)
[1786047601.302423337] [FAULT] DRV8874 FAULT ACTIVE (over-current/over-temp/under-voltage) (cmd was 11 at the time)
[1786047601.304062337] [FAULT] DRV8874 cleared (cmd was 11 at the time)
[1786047601.304982337] [FAULT] DRV8874 cleared (cmd was 11 at the time)
[1786047601.305909337] [FAULT] DRV8874 FAULT ACTIVE (over-current/over-temp/under-voltage) (cmd was 11 at the time)
[1786047601.307373337] [FAULT] DRV8874 cleared (cmd was 10 at the time)
[1786047601.308208337] [FAULT] DRV8874 cleared (cmd was 10 at the time)
[1786047601.309069337] [FAULT] DRV8874 cleared (cmd was 10 at the time)
[1786047601.392524337] t:222.57s enc:0.0 des:0.7 err:0.7 cur:0 cmd:0 | pub:0ms ret:0 lp:10999
[1786047601.479390337] [FAULT] DRV8874 FAULT ACTIVE (over-current/over-temp/under-voltage) (cmd was 10 at the time)
[1786047601.481057337] [FAULT] DRV8874 cleared (cmd was 10 at the time)
[1786047601.481938337] [FAULT] DRV8874 cleared (cmd was 10 at the time)
[1786047601.482755337] [FAULT] DRV8874 cleared (cmd was 11 at the time)
[1786047601.483702337] [FAULT] DRV8874 FAULT ACTIVE (over-current/over-temp/under-voltage) (cmd was 11 at the time)
[1786047601.485391337] [FAULT] DRV8874 FAULT ACTIVE (over-current/over-temp/under-voltage) (cmd was 11 at the time)
[1786047601.487081337] [FAULT] DRV8874 cleared (cmd was 12 at the time)
[1786047601.488023337] [FAULT] DRV8874 cleared (cmd was 12 at the time)
[1786047601.489001337] [FAULT] DRV8874 FAULT ACTIVE (over-current/over-temp/under-voltage) (cmd was 13 at the time)
[1786047601.493232337] t:222.67s enc:0.0 des:1383.3 err:1383.3 cur:34 cmd:13 | pub:1ms ret:0 lp:11808
[1786047601.494964337] [FAULT] DRV8874 cleared (cmd was 14 at the time)
[1786047601.495957337] [FAULT] DRV8874 FAULT ACTIVE (over-current/over-temp/under-voltage) (cmd was 14 at the time)
[1786047601.497583337] [FAULT] DRV8874 cleared (cmd was 15 at the time)
[1786047601.498545337] [FAULT] DRV8874 cleared (cmd was 15 at the time)
[1786047601.499478337] [FAULT] DRV8874 cleared (cmd was 15 at the time)
[1786047601.500388337] [FAULT] DRV8874 cleared (cmd was 16 at the time)
[1786047601.501293337] [FAULT] DRV8874 cleared (cmd was 16 at the time)
[1786047601.502238337] [FAULT] DRV8874 cleared (cmd was 16 at the time)
[1786047601.503244337] [FAULT] DRV8874 cleared (cmd was 17 at the time)
[1786047601.504179337] [FAULT] DRV8874 cleared (cmd was 17 at the time)
[1786047601.505090337] [FAULT] DRV8874 cleared (cmd was 17 at the time)
[1786047601.506009337] [FAULT] DRV8874 cleared (cmd was 18 at the time)
[1786047601.506921337] [FAULT] DRV8874 cleared (cmd was 18 at the time)
[1786047601.507743337] [FAULT] DRV8874 cleared (cmd was 18 at the time)
[1786047601.508644337] [FAULT] DRV8874 cleared (cmd was 18 at the time)
[1786047601.509568337] [FAULT] DRV8874 cleared (cmd was 19 at the time)
[1786047601.510474337] [FAULT] DRV8874 cleared (cmd was 19 at the time)
[1786047601.511396337] [FAULT] DRV8874 cleared (cmd was 19 at the time)
[1786047601.512303337] [FAULT] DRV8874 cleared (cmd was 19 at the time)
[1786047601.513252337] [FAULT] DRV8874 cleared (cmd was 20 at the time)
[1786047601.514192337] [FAULT] DRV8874 cleared (cmd was 20 at the time)
[1786047601.515124337] [FAULT] DRV8874 cleared (cmd was 21 at the time)
[1786047601.516056337] [FAULT] DRV8874 cleared (cmd was 21 at the time)
[1786047601.516995337] [FAULT] DRV8874 cleared (cmd was 21 at the time)
[1786047601.517936337] [01.519718337] [FAULT] DRV8874 cleared (cmd was 22 at the time)
[1786047601.520640337] [FAULT] DRV8874 cleared (cmd was 22 at the time)
[1786047601.521580337] [FAULT] DRV8874 cleared (cmd was 23 at the time)
[1786047601.522530337] [FAULT] DRV8874 cleared (cmd was 23 at the time)
[1786047601.523490337] [FAULT] DRV8874 cleared (cmd was 23 at the time)
[1786047601.524435337] [FAULT] DRV8874 cleared (cmd was 24 at the time)
[1786047601.525377337] [FAULT] DRV8874 cleared (cmd was 24 at the time)
[1786047601.526306337] [01.528202337] [FAULT] DRV8874 cleared (cmd was 25 at the time)
[1786047601.529148337] [FAULT] DRV8874 cleared (cmd was 26 at the time)
[1786047601.530105337] [FAULT] DRV8874 cleared (cmd was 26 at the time)
[1786047601.531058337] [FAULT] DRV8874 cleared (cmd was 26 at the time)
[1786047601.532018337] [FAULT] DRV8874 cleared (cmd was 27 at the time)
[1786047601.532996337] [FAULT] DRV8874 cleared (cmd was 27 at the time)
[1786047601.533969337] [FAULT] DRV8874 cleared (cmd was 28 at the time)
[1786047601.53493333047601.536759337] [FAULT] DRV8874 cleared (cmd was 28 at the time)
[1786047601.537726337] [FAULT] DRV8874 cleared (cmd was 29 at the time)
[1786047601.538696337] [FAULT] DRV8874 cleared (cmd was 29 at the time)
[1786047601.539656337] [FAULT] DRV8874 cleared (cmd was 30 at the time)
[1786047601.540634337] [FAULT] DRV8874 cleared (cmd was 30 at the time)
[1786047601.541594337] [FAULT] DRV8874 cleared (cmd was 30 at the time)
[1786047601.542584337] [FAULT] DRV8874 cleared (cmd was 31 at the time)
[1786047601.543568337] [FAULT] DRV8874 cleared (cmd was 31 at the time)
[1786047601.544724337] [FAULT] DRV8874 cleared (cmd was 32 at the time)
[1786047601.545953337] [FAULT] DRV8874 cleared (cmd was 32 at the time)
[1786047601.546937337] [FAULT] DRV8874 cleared (cmd was eared (cmd was 33 at the time)
[1786047601.550009337] [FAULT] DRV8874 cleared (cmd was 34 at the time)
[1786047601.551071337] [FAULT] DRV8874 cleared (cmd was 35 at the time)
[1786047601.552096337] [FAULT] DRV8874 FAULT ACTIVE (over-current/over-temp/under-voltage) (cmd was 35 at the time)
[1786047601.553932337] [FAULT] DRV8874 cleared (cmd was 36 at the time)
[1786047601.554928337] [FAULT] DRV8874 cleared (cmd was 36 at the time)
[1786047601.555910337] [FAULT] DRV8874 cleared (cmd was 37 at the time)
[1786047601.556795337] [FAULT] DRV8874 cleared (cmd was 37 at the time)
[1786047601.557787337] [FAULT] DRV8874 cleared (cmd was 37 at the time)
[1786047601.558752337] [FAULT] DRV8874 cleared (cmd was 38 at the time)
[1786047601.559744337] [01.561709337] [FAULT] DRV8874 cleared (cmd was 39 at the time)
[1786047601.562706337] [FAULT] DRV8874 cleared (cmd was 40 at the time)
[1786047601.563722337] [FAULT] DRV8874 cleared (cmd was 40 at the time)
[1786047601.564706337] [FAULT] DRV8874 cleared (cmd was 41 at the time)
[1786047601.565711337] [FAULT] DRV8874 cleared (cmd was 41 at the time)
[1786047601.566705337] [FAULT] DRV8874 cleared (cmd was 42 at the time)
[1786047601.567708337] [FAULT] DRV8874 cleared (cmd was 42 at the time)
[1786047601.568690337] [FAULT] DRV8874 cleared (cmd was 43 at the time)
[1786047601.569684337] [FAULT] DRV8874 cleared (cmd was 43 at the time)
[1786047601.570656337] [FAULT] DRV8874 cleared (cmd was 44 at the time)
[1786047601.57161786047601.573653337] [FAULT] DRV8874 cleared (cmd was 45 at the time)
[1786047601.574643337] [FAULT] DRV8874 cleared (cmd was 46 at the time)
[1786047601.575637337] [FAULT] DRV8874 cleared (cmd was 46 at the time)
[1786047601.576610337] [FAULT] DRV8874 cleared (cmd was 47 at the time)
[1786047601.577650337] [FAULT] DRV8874 FAULT ACTIVE (over-current/over-temp/under-voltage) (cmd was 47 at the time)
[1786047601.579452337] [FAULT] DRV8874 cleared (cmd was 48 at the time)
[1786047601.580434337] [FAULT] DRV8874 cleared (cmd was 49 at the time)
[1786047601.581426337] [FAULT] DRV8874 cleared (cmd was 49 at the time)
[1786047601.582416337] [FAULT] DRV8874 cleared (cmd was 50 at the time)
[1786047601.583447337] [FAULT] DRV8874 cleared (cmd was 50 at the time)
[1786047601.584488337] [FAULT] DRV8874 FAULT ACTIVE (over-current/over-temp/un37] [FAULT] DRV8874 cleared (cmd was 53 at the time)
[1786047601.588286337] [FAULT] DRV8874 cleared (cmd was 53 at the time)
[1786047601.589287337] [FAULT] DRV8874 cleared (cmd was 54 at the time)
[1786047601.593604337] t:222.77s enc:0.0 des:5584.5 err:5584.5 cur:55 cmd:55 | pub:0ms ret:0 lp:95
[1786047601.595286337] [FAULT] DRV8874 cleared (cmd was 57 at the time)
[1786047601.596289337] [FAULT] DRV8874 cleared (cmd was 58 at the time)
[1786047601.597283337] [FAULT] DRV8874 cleared (cmd was 58 at the time)
[1786047601.598267337] [FAULT] DRV8874 cleared (cmd was 59 at the time)
[1786047601.599252337] [FAULT] DRV8874 cleared (cmd was 59 at the time)
[1786047601.600339337] [FAULT] DRV8874 cleared (cmd was 60 at the time)
[1786047601.601354337] [FAULT] DRV8874 cleared (cmd was 60 at the time)
[1786047601.602354337] [FAULT] DRV8874 cleared (cmd was 61 at the time)
[1786047601.603381337] [FAULT] DRV8874 cleared (cmd was 62 at the time)
[1786047601.604388337] [FAULT] DRV8874 cleared (cmd was 62 at the time)
[1786047601.605495337] [FAULT] DRV8874 FAULT ACTIVE (over-current/over-temp/under-voltage) (cmd was 63 at the time)
[1786047601.607336337] [FAULT] DRV8874 cleared (cmd was 64 at the time)
[1786047601.608311337] [FAULT] DRV8874 cleared (cmd was 65 at the time)
[1786047601.609300337] [FAULT] DRV8874 cleared (cmd was 65 at the time)
[1786047601.610283337] [FAULT] DRV8874 cleared (cmd was 66 at the time)
[1786047601.611269337] [FAULT] DRV8874 cleared (cmd was 66 at the time)
[1786047601.612251337] [FAULT] DRV8874 cleared (cmd was 67 at the time)
[1786047601.613264337] [FAULT] DRV8874 cleared (cmd was 68 at the time)
[1786047601.614255337] [FAULT] DRV8874 cleared (cmd was 68 at the time)
[1786047601.615247337] [FAULT] DRV8874 cleared (cmd was 69 at the time)
[1786047601.616240337] [FAULT] DRV8874 cleared (cmd was 70 at the time)
[1786047601.617240337] [FAULT] DRV8874 cleared (cmd was 70 at the time)
[1786047601.618220337] [FAULT] DRV8874 cleared (cmd was 71 at the time)
[1786047601.619250337] [FAULT] DRV8874 FAULT ACTIVE (over-current/over-temp/under-voltage) (cmd was 71 at the time)
[1786047601.621098337] [FAULT] DRV8874 FAULT ACTIVE (over-current/over-temp/under-voltage) (cmd was 73 at the time)
[1786047601.622968337] [FAULT] DRV8874 FAULT ACTIVE (over-current/over-temp/under-voltage) (cmd was 73 at the time)
[1786047601.624693337] [FAULT] DRV8874 cleared (cmd was 75 at the time)
[1786047601.625692337] [FAULT] DRV8874 cleared (cmd was 75 at the time)
[1786047601.626688337] [FAULT] DRV8874 cleared (cmd was 76 at the time)
[1786047601.627686337] [FAULT] DRV8874 cleared (cmd was 77 at the time)
[1786047601.628686337] [FAULT] DRV8874 cleared (cmd was 77 at the time)
[1786047601.629686337] [FAULT] DRV8874 cleared (cmd was 78 at the time)
[1786047601.630686337] [FAULT] DRV8874 cleared (cmd was 79 at the time)
[1786047601.631686337] [FAULT] DRV8874 cleared (cmd was 79 at the time)
[1786047601.632697337] [FAULT] DRV8874 cleared (cmd was 80 at the time)
[1786047601.633734337] [01.635744337] [FAULT] DRV8874 cleared (cmd was 82 at the time)
[1786047601.636740337] [FAULT] DRV8874 cleared (cmd was 83 at the time)
[1786047601.637737337] [FAULT] DRV8874 cleared (cmd was 83 at the time)
[1786047601.638733337] [FAULT] DRV8874 cleared (cmd was 84 at the time)
[1786047601.639725337] [FAULT] DRV8874 cleared (cmd was 85 at the time)
[1786047601.640718337] [FAULT] DRV8874 cleared (cmd was 85 at the time)
[1786047601.641754337] [FAULT] DRV8874 FAULT ACTIVE (over-current/over-temp/under-voltage) (cmd was 86 at the time)
[1786047601.643738337] [FAULT] DRV8874 cleared (cmd was 87 at the time)
[1786047601.645116337] [FAULT] DRV8874 cleared (cmd was 89 at the time)
[1786047601.646148337] [FAULT] DRV8874 cleared (cmd was 90 at the time)
[1786047601.647144337] [FAULT] DRV8874 cleared (cmd was 90 at the time)
[1786047601.648137337] [FAULT] DRV8874 cleared (cmd was 91 at the time)
[1786047601.649249337] [FAULT] DRV8874 FAULT ACTIVE (over-current/over-temp/under-voltage) (cmd was 92 at the time)
[1786047601.651245337] [FAULT] DRV8874 cleared (cmd was 93 at the time)
[1786047601.652250337] [FAULT] DRV8874 cleared (cmd was 94 at the time)
[1786047601.653318337] [FAULT] DRV8874 FAULT ACTIVE (over-current/over-temp/under-voltage) (cmd was 95 at the time)
[1786047601.655144337] [FAULT] DRV87] [FAULT] DRV8874 cleared (cmd was 97 at the time)
[1786047601.658143337] [FAULT] DRV8874 cleared (cmd was 98 at the time)
[1786047601.659144337] [FAULT] DRV8874 cleared (cmd was 99 at the time)
[1786047601.660142337] [FAULT] DRV8874 cleared (cmd was 100 at the time)
[1786047601.661198337] [FAULT] DRV8874 FAULT ACTIVE (over-current/over-temp/under-voltage) (cmd was 100 at the time)
[1786047601.663043337] [FAULT] DRV8874 cleared (cmd was 102 at the time)
[1786047601.664116337] [FAULT] DRV8874 FAULT ACTIVE (over-current/over-temp/under-voltage) (cmd was 103 at the time)
[1786047601.665946337] [FAULT] DRV8874 cleared (cmd was 103 at the time)
[1786047601.667058337] [FAULT] DRV8874 FAULT ACTIVE (over-current/over-temp/under-voltage) (cmd was 105 at the time)
[1786047601.668947337] [FAULT] DRV8874 FAULT ACTIVE (over-current/over-temp/under-voltage) (cmd was 106 at the time)
[1786047601.670688337] [FAULT] DRV8874 cleared (cmd was 107 at the time)
[1786047601.671680337] [FAULT] DRV8874 cleared (cmd was 108 at the time)
[1786047601.672700337] [FAULT] DRV8874 cleared (cmd was 109 at the time)
[1786047601.673755337] [FAULT] DRV8874 FAULT ACTIVE (over-current/over-temp/under-voltage) (cmd was 110 at the time)
[1786047601.675597337] [FAULT] DRV8874 cleared (cmd was 111 at the time)
r-current/over-temp/under-voltage) (cmd was 113 at the time)
[1786047601.679480337] [FAULT] DRV8874 cleared (cmd was 114 at the time)
[1786047601.680480337] [FAULT] DRV8874 cleared (cmd was 115 at the time)
[1786047601.681498337] [FAULT] DRV8874 cleared (cmd was 116 at the time)
[1786047601.682556337] [FAULT] DRV8874 FAULT ACTIVE (over-current/over-temp/under-voltage) (cmd was 117 at the time)
[1786047601.684458337] [FAULT] DRV8874 cleared (cmd was 118 at the time)
[1786047601.685506337] [FAULT] DRV8874 FAULT ACTIVE (over-current/over-temp/under-voltage) (cmd was 119 at the time)
[1786047601.687331337] [FAULT] DRV8874 cleared (cmd was 121 at the time)
[1786047601.688327337] [FAULT] DRV8874 cleared (cmd was 122 at the time)
[1786047601.689337337] [FAULT] DRV8874 cleared (cmd was 122 at the time)
[1786047601.693438337] t:222.87s enc:0.0 des:12500.8 err:12500.8 cur:40 cmd:125 | pub:0ms ret:0 lp:81
[1786047601.695267337] [FAULT] DRV8874 FAULT ACTIVE (over-current/over-temp/under-voltage) (cmd was 127 at the time)
[1786047601.697154337] [FAULT] DRV8874 cleared (cmd was 129 at the time)
[1786047601.698218337] [FAULT] DRV8874 FAULT ACTIVE (over-current/over-temp/under-voltage) (cmd was 130 at the time)
[1786047601.700042337] [FAULT] DRV8874 cleared (cmd was 132 at the time)
[1786047601.701052337] [FAULT] DRV8874 cleared (cmd was 132 at the time)
[1786047601.702178337] [FAULT] DRV8874 FAULT ACTIVE (over-current/over-temp/under-voltage) (cmd was 133 at the time)
[1786047601.704122337] [FAULT] DRV8874 FAULT ACTIVE (over-current/over-temp/under-voltage) (cmd was 135 at the time)
[1786047601.706010337] [FAULT] DRV8874 FAULT ACTIVE (over-current/over-temp/under-voltage) (cmd was 137 at the time)
[1786047601.707970337] [FAULT] DRV8874 FAULT ACTIVE (over-current/over-temp/under-voltage) (cmd was 138 at the time)
[1786047601.709760337] [FAULT] DRV8874 FAULT ACTIVE (over-current/over-temp/under-voltage) (cmd was 139 at the time)
[1786047601.711583337] [FAULT] DRV8874 cleared (cmd was 141 at the time)
[1786047601.712601337] [FAULT] DRV8874 cleared (cmd was 142 at the time)
[1786047601.713635337] [FAULT] DRV8874 cleared (cmd was 143 at the time)
[1786047601.714647337] [FAULT] DRV8874 cleared (cmd was 144 at the time)
[1786047601.715701337] [FAULT] DRV8874 FAULT ACTIVE (over-current/over-temp/under-voltage) (cmd was 145 at the time)
[1786047601.717557337] [FAULT] DRV8874 cleared (cmd was 146 at the time)
[1786047601.718609337] [FAULT] DRV8874 FAULT ACTIVE (over-current/over-temp/under-voltage) (cmd was 147 at the time)
[1786047601.720433337] [FAULT] DRV8874 cleared (cmd was 149 at the time)
[1786047601.721434337] [FAULT] DRV8874 cleared (cmd was 150 at the time)
[1786047601.722454337] [FAULT] DRV8874 cleared (cmd was 151 at the time)
[1786047601.723518337] [FAULT] DRV8874 FAULT ACTIVE (over-current/over-temp/under-voltage) (cmd was 152 at the time)
[1786047601.725346337] [FAULT] DRV8874 cleared (cmd was 154 at the time)
[1786047601.726346337] [FAULT] DRV8874 cleared (cmd was 155 at the time)
[1786047601.727347337] [FAULT] DRV8874 cleared (cmd was 155 at the time)
[1786047601.728352337] [FAULT] DRV8874 cleared (cmd was 156 at the time)
[1786047601.729400337] [FAULT] DRV8874 FAULT ACTIVE (over-current/over-temp/under-voltage) (cmd was 157 at the time)
[1786047601.731252337] [FAULT] DRV8874 FAULT ACTIVE (over-current/over-temp/under-voltage) (cmd was 159 at the time)
[1786047601.733109337] [FAULT] DRV8874 cleared (cmd was 161 at the time)
[1786047601.734134337] [FAULT] DRV8874 cleared (cmd was 162 at the time)
[1786047601.735136337] [FAULT] DRV8874 cleared (cmd was 163 at the time)
[1786047601.736134337] [FAULT] DRV8874 cleared (cmd was 164 at the time)
[1786047601.737137337] [FAULT] DRV8874 cleared (cmd was 165 at the time)
[1786047601.738136337] [FAULT] DRV8874 cleared (cmd was 166 at the time)
[1786047601.739142337] [FAULT] DRV8874 cleared (cmd was 167 at the time)
[1786047601.740146337] [FAULT] DRV8874 cleared (cmd was 168 at the time)
[1786047601.741150337] [FAULT] DRV8874 cleared (cmd was 169 at the time)
[1786047601.742148337] [FAULT] DRV8874 cleared (cmd was 170 at the time)
[1786047601.743220337] [FAULT] DRV8874 FAULT ACTIVE (over-current/over-temp/under-voltage) (cmd was 171 at the time)
[1786047601.745140337] [FAULT] DRV8874 FAULT ACTIVE (over-current/over-temp/under-voltage) (cmd was 172 at the time)
[1786047601.747304337] [FAULT] DRV8874 FAULT ACTIVE (over-current/over-temp/under-voltage) (cmd was 174 at the time)
[1786047601.749228337] [FAULT] DRV8874 FAULT ACTIVE (over-current/over-temp/under-voltage) (cmd was 176 at the time)
[1786047601.751269337] [FAULT] DRV8874 FAULT ACTIVE (over-current/over-temp/under-voltage) (cmd was 178 at the time)
[1786047601.753173337] [FAULT] DRV8874 cleared (cmd was 180 at the time)
[1786047601.754198337] [FAULT] DRV8874 cleared (cmd was 181 at the time)
[1786047601.755251337] [FAULT] DRV8874 FAULT ACTIVE (over-current/over-temp/under-voltage) (cmd was 182 at the time)
[1786047601.757118337] [FAULT] DRV8874 FAULT ACTIVE (over-current/over-temp/under-voltage) (cmd was 184 at the time)
[1786047601.758936337] [FAULT] DRV8874 cleared (cmd was 185 at the time)
[1786047601.759937337] [FAULT] DRV8874 cleared (cmd was 186 at the time)
[1786047601.760940337] [FAULT] DRV8874 cleared (cmd was 187 at the time)
[1786047601.761940337] [FAULT] DRV8874 cleared (cmd was 188 at the time)
[1786047601.763018337] [FAULT] DRV8874 FAULT ACTIVE (over-current/over-temp/under-voltage) (cmd was 190 at the time)
[1786047601.764794337] [FAULT] DRV8874 FAULT ACTIVE (over-current/over-temp/under-voltage) (cmd was 191 at the time)
[1786047601.766684337] [FAULT] DRV8874 FAULT ACTIVE (over-current/over-temp/under-voltage) (cmd was 193 at the time)
[1786047601.768571337] [FAULT] DRV8874 FAULT ACTIVE (over-current/over-temp/under-voltage) (cmd was 195 at the time)
[1786047601.770433337] [FAULT] DRV8874 FAULT ACTIVE (over-current/over-temp/under-voltage) (cmd was 197 at the time)
[1786047601.772293337] [FAULT] DRV8874 FAULT ACTIVE (over-current/over-temp/under-voltage) (cmd was 200 at the time)
[1786047601.774334337] [FAULT] DRV8874 FAULT ACTIVE (over-current/over-temp/under-voltage) (cmd was 202 at the time)
[1786047601.776196337] [FAULT] DRV8874 cleared (cmd was 204 at the time)
[1786047601.777248337] [FAULT] DRV8874 FAULT ACTIVE (over-current/over-temp/under-voltage) (cmd was 205 at the time)
[1786047601.779117337] [FAULT] DRV8874 FAULT ACTIVE (over-current/over-temp/under-voltage) (cmd was 207 at the time)
[1786047601.780940337] [FAULT] DRV8874 cleared (cmd was 208 at the time)
[1786047601.781950337] [FAULT] DRV8874 cleared (cmd was 210 at the time)
[1786047601.783032337] [FAULT] DRV8874 FAULT ACTIVE (over-current/over-temp/under-voltage) (cmd was 211 at the time)
[1786047601.784916337] [FAULT] DRV8874 cleared (cmd was 212 at the time)
[1786047601.785974337] [FAULT] DRV8874 FAULT ACTIVE (over-current/over-temp/under-voltage) (cmd was 213 at the time)
[1786047601.787700337] [FAULT] DRV8874 cleared (cmd was 215 at the time)
[1786047601.788739337] [FAULT] DRV8874 FAULT ACTIVE (over-current/over-temp/under-voltage) (cmd was 216 at the time)
[1786047601.793350337] t:222.97s enc:0.0 des:22125.9 err:22125.9 cur:48 cmd:221 | pub:1ms ret:0 lp:67
[1786047601.795153337] [FAULT] DRV8874 FAULT ACTIVE (over-current/over-temp/under-voltage) (cmd was 224 at the time)
[1786047601.797050337] [FAULT] DRV8874 FAULT ACTIVE (over-current/over-temp/under-voltage) (cmd was 226 at the time)
[1786047601.798927337] [FAULT] DRV8874 FAULT ACTIVE (over-current/over-temp/under-voltage) (cmd was 227 at the time)
[1786047601.800695337] [FAULT] DRV8874 FAULT ACTIVE (over-current/over-temp/under-voltage) (cmd was 230 at the time)
[1786047601.802547337] [FAULT] DRV8874 FAULT ACTIVE (over-current/over-temp/under-voltage) (cmd was 232 at the time)
[1786047601.804480337] [FAULT] DRV8874 FAULT ACTIVE (over-current/over-temp/under-voltage) (cmd was 234 at the time)
[1786047601.806408337] [FAULT] DRV8874 FAULT ACTIVE (over-current/over-temp/under-voltage) (cmd was 236 at the time)
[1786047601.808276337] [FAULT] DRV8874 FAULT ACTIVE (over-current/over-temp/under-voltage) (cmd was 238 at the time)
[1786047601.810180337] [FAULT] DRV8874 FAULT ACTIVE (over-current/over-temp/under-voltage) (cmd was 241 at the time)
[1786047601.812070337] [FAULT] DRV8874 FAULT ACTIVE (over-current/over-temp/under-voltage) (cmd was 243 at the time)
[1786047601.813966337] [FAULT] DRV8874 FAULT ACTIVE (over-current/over-temp/under-voltage) (cmd was 244 at the time)
[1786047601.815732337] [FAULT] DRV8874 FAULT ACTIVE (over-current/over-temp/under-voltage) (cmd was 246 at the time)
[1786047601.817594337] [FAULT] DRV8874 FAULT ACTIVE (over-current/over-temp/under-voltage) (cmd was 249 at the time)
[1786047601.819422337] [FAULT] DRV8874 FAULT ACTIVE (over-current/over-temp/under-voltage) (cmd was 251 at the time)
[1786047601.821214337] [FAULT] DRV8874 FAULT ACTIVE (over-current/over-temp/under-voltage) (cmd was 253 at the time)
[1786047601.822986337] [FAULT] DRV8874 FAULT ACTIVE (over-current/over-temp/under-voltage) (cmd was 255 at the time)
[1786047601.892460337] t:223.07s enc:0.0 des:34076.8 err:34076.8 cur:0 cmd:255 | pub:0ms ret:0 lp:9082
[1786047601.992511337] t:223.17s enc:0.0 des:48434.6 err:48434.6 cur:0 cmd:255 | pub:0ms ret:0 lp:13302
[1786047602.092586337] t:223.27s enc:0.0 des:64869.4 err:64869.4 cur:0 cmd:255 | pub:0ms ret:0 lp:13294
[1786047602.192567337] t:223.37s enc:0.0 des:83259.9 err:83259.9 cur:0 cmd:255 | pub:0ms ret:0 lp:13250
[1786047602.292395337] t:223.47s enc:0.0 des:103054.9 err:103054.9 cur:0 cmd:255 | pub:0ms ret:0 lp:13281
[1786047602.392585337] t:223.57s enc:0.0 des:124044.8 err:124044.8 cur:0 cmd:255 | pub:0ms ret:0 lp:13291
[1786047602.492474337] t:223.67s enc:0.0 des:145767.0 err:145767.0 cur:0 cmd:255 | pub:0ms ret:0 lp:13258
[1786047602.592684337] t:223.77s enc:0.0 des:168338.1 err:168338.1 cur:0 cmd:255 | pub:1ms ret:0 lp:13287
[1786047602.692412337] t:223.87s enc:0.0 des:190961.2 err:190961.2 cur:0 cmd:255 | pub:0ms ret:0 lp:13255
[1786047602.792444337] t:223.97s enc:0.0 des:213394.2 err:213394.2 cur:0 cmd:255 | pub:0ms ret:0 lp:13278
[1786047602.892608337] t:224.07s enc:0.0 des:235136.3 err:235136.3 cur:0 cmd:255 | pub:0ms ret:0 lp:13284
[1786047602.992478337] t:224.17s enc:0.0 des:256175.3 err:256175.3 cur:0 cmd:255 | pub:0ms ret:0 lp:13270
[1786047603.092519337] t:224.27s enc:0.0 des:276016.0 err:276016.0 cur:0 cmd:255 | pub:0ms ret:0 lp:13294
[1786047603.192523337] t:224.37s enc:0.0 des:294342.3 err:294342.3 cur:0 cmd:255 | pub:0ms ret:0 lp:13286
[1786047603.292681337] t:224.47s enc:0.0 des:310862.8 err:310862.8 cur:0 cmd:255 | pub:0ms ret:0 lp:13258
[1786047603.392462337] t:224.57s enc:0.0 des:325425.6 err:325425.6 cur:0 cmd:255 | pub:0ms ret:0 lp:13257
[1786047603.492419337] t:224.67s enc:0.0 des:337574.0 err:337574.0 cur:0 cmd:255 | pub:0ms ret:0 lp:13280
[1786047603.592710337] t:224.77s enc:0.0 des:347234.4 err:347234.4 cur:0 cmd:255 | pub:1ms ret:0 lp:13291
[1786047603.692604337] t:224.87s enc:0.0 des:354217.2 err:354217.2 cur:0 cmd:255 | pub:0ms ret:0 lp:13254
[1786047603.792360337] t:224.97s enc:0.0 des:358515.6 err:358515.6 cur:0 cmd:255 | pub:0ms ret:0 lp:13254
[1786047603.892400337] t:225.07s enc:0.0 des:359999.3 err:359999.3 cur:0 cmd:255 | pub:0ms ret:0 lp:13295
[1786047603.992526337] t:225.17s enc:0.0 des:358623.5 err:358623.5 cur:0 cmd:255 | pub:0ms ret:0 lp:13296
[1786047604.092584337] t:225.27s enc:0.0 des:354435.9 err:354435.9 cur:0 cmd:255 | pub:0ms ret:0 lp:13260
[1786047604.192513337] t:225.37s enc:0.0 des:347547.1 err:347547.1 cur:0 cmd:255 | pub:0ms ret:0 lp:13254
[1786047604.292567337] t:225.47s enc:0.0 des:337902.2 err:337902.2 cur:0 cmd:255 | pub:0ms ret:0 lp:13279
[1786047604.392579337] t:225.57s enc:0.0 des:325923.1 err:325923.1 cur:0 cmd:255 | pub:0ms ret:0 lp:13225
[1786047604.492545337] t:225.67s enc:0.0 des:311565.5 err:311565.5 cur:0 cmd:255 | pub:0ms ret:0 lp:13263
[1786047604.592450337] t:225.77s enc:0.0 des:295130.7 err:295130.7 cur:0 cmd:255 | pub:0ms ret:0 lp:13274
[1786047604.692630337] t:225.87s enc:0.0 des:276757.5 err:276757.5 cur:0 cmd:255 | pub:0ms ret:0 lp:13292
[1786047604.792614337] t:225.97s enc:0.0 des:256972.9 err:256972.9 cur:0 cmd:255 | pub:0ms ret:0 lp:13246
[1786047604.892652337] t:226.07s enc:0.0 des:235968.2 err:235968.2 cur:0 cmd:255 | pub:0ms ret:0 lp:13257
[1786047604.992756337] t:226.17s enc:0.0 des:214094.2 err:214094.2 cur:0 cmd:255 | pub:0ms ret:0 lp:13255
[1786047605.092491337] t:226.27s enc:0.0 des:191813.6 err:191813.6 cur:0 cmd:255 | pub:0ms ret:0 lp:13234
[1786047605.191552337] [watchdog] ping result: 0 | ros_connected: 1 | heap: 178376
[1786047605.194610337] t:226.37s enc:0.0 des:168532.3 err:168532.3 cur:0 cmd:255 | pub:1ms ret:0 lp:13015
[1786047605.294632337] t:226.47s enc:0.0 des:146188.8 err:146188.8 cur:0 cmd:255 | pub:0ms ret:0 lp:13255
[1786047605.394447337] t:226.57s enc:0.0 des:124433.5 err:124433.5 cur:0 cmd:255 | pub:0ms ret:0 lp:13260
[1786047605.494520337] t:226.67s enc:0.0 des:103271.6 err:103271.6 cur:0 cmd:255 | pub:0ms ret:0 lp:13292
[1786047605.594441337] t:226.77s enc:0.0 des:83433.0 err:83433.0 cur:0 cmd:255 | pub:0ms ret:0 lp:13251
[1786047605.694579337] t:226.87s enc:0.0 des:65183.9 err:65183.9 cur:0 cmd:255 | pub:0ms ret:0 lp:13300
[1786047605.794535337] t:226.97s enc:0.0 des:48827.3 err:48827.3 cur:0 cmd:255 | pub:0ms ret:0 lp:13266
[1786047605.894484337] t:227.07s enc:0.0 des:34411.9 err:34411.9 cur:0 cmd:255 | pub:0ms ret:0 lp:13285
[1786047605.965159337] [FAULT] DRV8874 FAULT ACTIVE (over-current/over-temp/under-voltage) (cmd was 254 at the time)
[1786047605.967045337] [FAULT] DRV8874 FAULT ACTIVE (over-current/over-temp/under-voltage) (cmd was 252 at the time)
[1786047605.968789337] [FAULT] DRV8874 FAULT ACTIVE (over-current/over-temp/under-voltage) (cmd was 250 at the time)
[1786047605.970633337] [FAULT] DRV8874 FAULT ACTIVE (over-current/over-temp/under-voltage) (cmd was 248 at the time)
[1786047605.972473337] [FAULT] DRV8874 FAULT ACTIVE (over-current/over-temp/under-voltage) (cmd was 246 at the time)
[1786047605.974318337] [FAULT] DRV8874 FAULT ACTIVE (over-current/over-temp/under-voltage) (cmd was 244 at the time)
[1786047605.976172337] [FAULT] DRV8874 FAULT ACTIVE (over-current/over-temp/under-voltage) (cmd was 241 at the time)
[1786047605.978051337] [FAULT] DRV8874 FAULT ACTIVE (over-current/over-temp/under-voltage) (cmd was 239 at the time)
[1786047605.979931337] [FAULT] DRV8874 FAULT ACTIVE (over-current/over-temp/under-voltage) (cmd was 238 at the time)
[1786047605.981703337] [FAULT] DRV8874 FAULT ACTIVE (over-current/over-temp/under-voltage) (cmd was 236 at the time)
[1786047605.983572337] [FAULT] DRV8874 FAULT ACTIVE (over-current/over-temp/under-voltage) (cmd was 233 at the time)
[1786047605.985434337] [FAULT] DRV8874 FAULT ACTIVE (over-current/over-temp/under-voltage) (cmd was 231 at the time)
[1786047605.987298337] [FAULT] DRV8874 FAULT ACTIVE (over-current/over-temp/under-voltage) (cmd was 229 at the time)
[1786047605.989184337] [FAULT] DRV8874 FAULT ACTIVE (over-current/over-temp/under-voltage) (cmd was 227 at the time)
[1786047605.991070337] [FAULT] DRV8874 FAULT ACTIVE (over-current/over-temp/under-voltage) (cmd was 225 at the time)
[1786047605.995371337] t:227.17s enc:0.0 des:22130.0 err:22130.0 cur:313 cmd:221 | pub:0ms ret:0 lp:9536
[1786047605.997251337] [FAULT] DRV8874 FAULT ACTIVE (over-current/over-temp/under-voltage) (cmd was 218 at the time)
[1786047605.999169337] [FAULT] DRV8874 FAULT ACTIVE (over-current/over-temp/under-voltage) (cmd was 216 at the time)
[1786047606.001229337] [FAULT] DRV8874 FAULT ACTIVE (over-current/over-temp/under-voltage) (cmd was 214 at the time)
[1786047606.003255337] [FAULT] DRV8874 FAULT ACTIVE (over-current/over-temp/under-voltage) (cmd was 212 at the time)
[1786047606.005161337] [FAULT] DRV8874 FAULT ACTIVE (over-current/over-temp/under-voltage) (cmd was 210 at the time)
[1786047606.007035337] [FAULT] DRV8874 FAULT ACTIVE (over-current/over-temp/under-voltage) (cmd was 207 at the time)
[1786047606.009007337] [FAULT] DRV8874 FAULT ACTIVE (over-current/over-temp/under-voltage) (cmd was 206 at the time)
[1786047606.010908337] [FAULT] DRV8874 FAULT ACTIVE (over-current/over-temp/under-voltage) (cmd was 204 at the time)
[1786047606.012680337] [FAULT] DRV8874 FAULT ACTIVE (over-current/over-temp/under-voltage) (cmd was 202 at the time)
[1786047606.014493337] [FAULT] DRV8874 cleared (cmd was 200 at the time)
[1786047606.015496337] [FAULT] DRV8874 cleared (cmd was 199 at the time)
[1786047606.016546337] [FAULT] DRV8874 FAULT ACTIVE (over-current/over-temp/under-voltage) (cmd was 198 at the time)
[1786047606.018430337] [FAULT] DRV8874 FAULT ACTIVE (over-current/over-temp/under-voltage) (cmd was 196 at the time)
[1786047606.020306337] [FAULT] DRV8874 FAULT ACTIVE (over-current/over-temp/under-voltage) (cmd was 194 at the time)
[1786047606.022160337] [FAULT] DRV8874 FAULT ACTIVE (over-current/over-temp/under-voltage) (cmd was 192 at the time)
[1786047606.024027337] [FAULT] DRV8874 FAULT ACTIVE (over-current/over-temp/under-voltage) (cmd was 190 at the time)
[1786047606.025794337] [FAULT] DRV8874 FAULT ACTIVE (over-current/over-temp/under-voltage) (cmd was 189 at the time)
[1786047606.027668337] [FAULT] DRV8874 FAULT ACTIVE (over-current/over-temp/under-voltage) (cmd was 187 at the time)
[1786047606.029502337] [FAULT] DRV8874 cleared (cmd was 185 at the time)
[1786047606.030553337] [FAULT] DRV8874 FAULT ACTIVE (over-current/over-temp/under-voltage) (cmd was 184 at the time)
[1786047606.032421337] [FAULT] DRV8874 FAULT ACTIVE (over-current/over-temp/under-voltage) (cmd was 182 at the time)
[1786047606.034274337] [FAULT] DRV8874 FAULT ACTIVE (over-current/over-temp/under-voltage) (cmd was 180 at the time)
[1786047606.036091337] [FAULT] DRV8874 cleared (cmd was 178 at the time)
[1786047606.037088337] [FAULT] DRV8874 cleared (cmd was 177 at the time)
[1786047606.038117337] [FAULT] DRV8874 cleared (cmd was 176 at the time)
[1786047606.039134337] [FAULT] DRV8874 cleared (cmd was 175 at the time)
[1786047606.040176337] [FAULT] DRV8874 FAULT ACTIVE (over-current/over-temp/under-voltage) (cmd was 174 at the time)
[1786047606.041990337] [FAULT] DRV8874 cleared (cmd was 172 at the time)
[1786047606.043037337] [FAULT] DRV8874 FAULT ACTIVE (over-current/over-temp/under-voltage) (cmd was 171 at the time)
[1786047606.044807337] [FAULT] DRV8874 FAULT ACTIVE (over-current/over-temp/under-voltage) (cmd was 170 at the time)
[1786047606.046669337] [FAULT] DRV8874 FAULT ACTIVE (over-current/over-temp/under-voltage) (cmd was 168 at the time)
[1786047606.048509337] [FAULT] DRV8874 cleared (cmd was 166 at the time)
[1786047606.049572337] [FAULT] DRV8874 FAULT ACTIVE (over-current/over-temp/under-voltage) (cmd was 165 at the time)
[1786047606.051604337] [FAULT] DRV8874 cleared (cmd was 163 at the time)
[1786047606.052798337] [FAULT] DRV8874 FAULT ACTIVE (over-current/over-temp/under-voltage) (cmd was 162 at the time)
[1786047606.054730337] [FAULT] DRV8874 FAULT ACTIVE (over-current/over-temp/under-voltage) (cmd was 161 at the time)
[1786047606.056619337] [FAULT] DRV8874 FAULT ACTIVE (over-current/over-temp/under-voltage) (cmd was 159 at the time)
[1786047606.058630337] [FAULT] DRV8874 cleared (cmd was 157 at the time)
[1786047606.059753337] [FAULT] DRV8874 FAULT ACTIVE (over-current/over-temp/under-voltage) (cmd was 156 at the time)
[1786047606.061622337] [FAULT] DRV8874 FAULT ACTIVE (over-current/over-temp/under-voltage) (cmd was 154 at the time)
[1786047606.063450337] [FAULT] DRV8874 cleared (cmd was 152 at the time)
[1786047606.064505337] [FAULT] DRV8874 FAULT ACTIVE (over-current/over-temp/under-voltage) (cmd was 151 at the time)
[1786047606.066371337] [FAULT] DRV8874 FAULT ACTIVE (over-current/over-temp/under-voltage) (cmd was 150 at the time)
[1786047606.068210337] [FAULT] DRV8874 cleared (cmd was 148 at the time)
[1786047606.069230337] [FAULT] DRV8874 cleared (cmd was 147 at the time)
[1786047606.070232337] [FAULT] DRV8874 cleared (cmd was 146 at the time)
[1786047606.071231337] [FAULT] DRV8874 cleared (cmd was 145 at the time)
[1786047606.072236337] [FAULT] DRV8874 cleared (cmd was 144 at the time)
[1786047606.073237337] [FAULT] DRV8874 cleared (cmd was 143 at the time)
[1786047606.074247337] [FAULT] DRV8874 cleared (cmd was 142 at the time)
[1786047606.075284337] [FAULT] DRV8874 FAULT ACTIVE (over-current/over-temp/under-voltage) (cmd was 142 at the time)
[1786047606.077148337] [FAULT] DRV8874 FAULT ACTIVE (over-current/over-temp/under-voltage) (cmd was 140 at the time)
[1786047606.079030337] [FAULT] DRV8874 FAULT ACTIVE (over-current/over-temp/under-voltage) (cmd was 138 at the time)
[1786047606.080923337] [FAULT] DRV8874 FAULT ACTIVE (over-current/over-temp/under-voltage) (cmd was 137 at the time)
[1786047606.082647337] [FAULT] DRV8874 cleared (cmd was 135 at the time)
[1786047606.083650337] [FAULT] DRV8874 cleared (cmd was 135 at the time)
[1786047606.084704337] [FAULT] DRV8874 FAULT ACTIVE (over-current/over-temp/under-voltage) (cmd was 134 at the time)
[1786047606.086557337] [FAULT] DRV8874 cleared (cmd was 132 at the time)
[1786047606.087592337] [FAULT] DRV8874 cleared (cmd was 131 at the time)
[1786047606.088669337] [FAULT] DRV8874 FAULT ACTIVE (over-current/over-temp/under-voltage) (cmd was 130 at the time)
[1786047606.090501337] [FAULT] DRV8874 cleared (cmd was 129 at the time)
[1786047606.091555337] [FAULT] DRV8874 FAULT ACTIVE (over-current/over-temp/under-voltage) (cmd was 128 at the time)
[1786047606.096223337] t:227.27s enc:0.0 des:12496.3 err:12496.3 cur:65 cmd:124 | pub:0ms ret:0 lp:62
[1786047606.097944337] [FAULT] DRV8874 cleared (cmd was 123 at the time)
[1786047606.099189337] [FAULT] DRV8874 FAULT ACTIVE (over-current/over-temp/under-voltage) (cmd was 121 at the time)
[1786047606.101078337] [FAULT] DRV8874 cleared (cmd was 120 at the time)
[1786047606.102094337] [FAULT] DRV8874 cleared (cmd was 119 at the time)
[1786047606.103150337] [FAULT] DRV8874 FAULT ACTIVE (over-current/over-temp/under-voltage) (cmd was 118 at the time)
[1786047606.105014337] [FAULT] DRV8874 FAULT ACTIVE (over-current/over-temp/under-voltage) (cmd was 116 at the time)
[1786047606.106929337] [FAULT] DRV8874 cleared (cmd was 116 at the time)
[1786047606.108025337] [FAULT] DRV8874 FAULT ACTIVE (over-current/over-temp/under-voltage) (cmd was 114 at the time)
[1786047606.109789337] [FAULT] DRV8874 cleared (cmd was 113 at the time)
[1786047606.111018337] [FAULT] DRV8874 FAULT ACTIVE (over-current/over-temp/under-voltage) (cmd was 112 at the time)
[1786047606.112799337] [FAULT] DRV8874 FAULT ACTIVE (over-current/over-temp/under-voltage) (cmd was 111 at the time)
[1786047606.114630337] [FAULT] DRV8874 cleared (cmd was 109 at the time)
[1786047606.115649337] [FAULT] DRV8874 cleared (cmd was 108 at the time)
[1786047606.116709337] [FAULT] DRV8874 FAULT ACTIVE (over-current/over-temp/under-voltage) (cmd was 108 at the time)
[1786047606.118606337] [FAULT] DRV8874 FAULT ACTIVE (over-current/over-temp/under-voltage) (cmd was 106 at the time)
[1786047606.120450337] [FAULT] DRV8874 cleared (cmd was 105 at the time)
[1786047606.121509337] [FAULT] DRV8874 FAULT ACTIVE (over-current/over-temp/under-voltage) (cmd was 104 at the time)
[1786047606.123335337] [FAULT] DRV8874 cleared (cmd was 102 at the time)
[1786047606.124328337] [FAULT] DRV8874 cleared (cmd was 102 at the time)
[1786047606.125333337] [FAULT] DRV8874 cleared (cmd was 101 at the time)
[1786047606.126324337] [FAULT] DRV8874 cleared (cmd was 100 at the time)
[1786047606.127326337] [FAULT] DRV8874 cleared (cmd was 99 at the time)
[1786047606.128338337] [FAULT] DRV8874 cleared (cmd was 99 at the time)
[1786047606.129341337] [FAULT] DRV8874 cleared (cmd was 98 at the time)
[1786047606.130325337] [FAULT] DRV8874 cleared (cmd was 97 at the time)
[1786047606.131353337] [FAULT] DRV8874 FAULT ACTIVE (over-current/over-temp/under-voltage) (cmd was 96 at the time)
[1786047606.133200337] [FAULT] DRV8874 FAULT ACTIVE (over-current/over-temp/under-voltage) (cmd was 95 at the time)
[1786047606.135053337] [FAULT] DRV8874 FAULT ACTIVE (over-current/over-temp/under-voltage) (cmd was 93 at the time)
[1786047606.136954337] [FAULT] DRV8874 FAULT ACTIVE (over-current/over-temp/under-voltage) (cmd was 93 at the time)
[1786047606.138695337] [FAULT] DRV8874 cleared (cmd was 91 at the time)
[1786047606.139699337] [FAULT] DRV8874 cleared (cmd was 91 at the time)
[1786047606.140697337] [FAULT] DRV8874 cleared (cmd was 90 at the time)
[1786047606.141690337] [FAULT] DRV8874 cleared (cmd was 89 at the time)
[1786047606.142686337] [FAULT] DRV8874 cleared (cmd was 88 at the time)
[1786047606.143683337] [FAULT] DRV8874 cleared (cmd was 88 at the time)
[1786047606.144683337] [FAULT] DRV8874 cleared (cmd was 87 at the time)
[1786047606.145671337] [FAULT] DRV8874 cleared (cmd was 86 at the time)
[1786047606.146670337] [FAULT] DRV8874 cleared (cmd was 86 at the time)
[1786047606.147680337] [FAULT] DRV8874 cleared (cmd was 85 at the time)
[1786047606.149230337] [FAULT] DRV8874 FAULT ACTIVE (over-current/over-temp/under-voltage) (cmd was 84 at the time)
[1786047606.151195337] [FAULT] DRV8874 cleared (cmd was 82 at the time)
[1786047606.152259337] [FAULT] DRV8874 FAULT ACTIVE (over-current/over-temp/under-voltage) (cmd was 82 at the time)
[1786047606.154095337] [FAULT] DRV8874 cleared (cmd was 80 at the time)
[1786047606.155195337] [FAULT] DRV8874 cleared (cmd was 80 at the time)
[1786047606.156234337] [FAULT] DRV8874 cleared (cmd was 79 at the time)
[1786047606.157223337] [FAULT] DRV8874 cleared (cmd was 78 at the time)
[1786047606.158251337] [FAULT] DRV8874 cleared (cmd was 78 at the time)
[1786047606.159308337] [FAULT] DRV8874 FAULT ACTIVE (over-current/over-temp/under-voltage) (cmd was 77 at the time)
[1786047606.161120337] [FAULT] DRV8874 cleared (cmd was 76 at the time)
[1786047606.162149337] [FAULT] DRV8874 FAULT ACTIVE (over-current/over-temp/under-voltage) (cmd was 75 at the time)
[1786047606.163999337] [FAULT] DRV8874 FAULT ACTIVE (over-current/over-temp/under-voltage) (cmd was 74 at the time)
[1786047606.165753337] [FAULT] DRV8874 FAULT ACTIVE (over-current/over-temp/under-voltage) (cmd was 73 at the time)
[1786047606.167578337] [FAULT] DRV8874 cleared (cmd was 72 at the time)
[1786047606.168586337] [FAULT] DRV8874 cleared (cmd was 71 at the time)
[1786047606.169619337] [FAULT] DRV8874 cleared (cmd was 71 at the time)
[1786047606.170609337] [FAULT] DRV8874 cleared (cmd was 70 at the time)
[1786047606.171651337] [FAULT] DRV8874 FAULT ACTIVE (over-current/over-temp/under-voltage) (cmd was 69 at the time)
[1786047606.173498337] [FAULT] DRV8874 FAULT ACTIVE (over-current/over-temp/under-voltage) (cmd was 68 at the time)
[1786047606.175300337] [FAULT] DRV8874 cleared (cmd was 67 at the time)
[1786047606.176288337] [FAULT] DRV8874 cleared (cmd was 66 at the time)
[1786047606.177283337] [FAULT] DRV8874 cleared (cmd was 66 at the time)
[1786047606.178297337] [FAULT] DRV8874 cleared (cmd was 65 at the time)
[1786047606.179302337] [FAULT] DRV8874 cleared (cmd was 64 at the time)
[1786047606.180299337] [FAULT] DRV8874 cleared (cmd was 64 at the time)
[1786047606.181290337] [FAULT] DRV8874 cleared (cmd was 63 at the time)
[1786047606.182289337] [FAULT] DRV8874 cleared (cmd was 63 at the time)
[1786047606.183290337] [FAULT] DRV8874 cleared (cmd was 62 at the time)
[1786047606.184289337] [FAULT] DRV8874 cleared (cmd was 61 at the time)
[1786047606.185290337] [FAULT] DRV8874 cleared (cmd was 61 at the time)
[1786047606.18631786047606.188337337] [FAULT] DRV8874 cleared (cmd was 59 at the time)
[1786047606.189340337] [FAULT] DRV8874 cleared (cmd was 58 at the time)
[1786047606.190335337] [FAULT] DRV8874 cleared (cmd was 58 at the time)
[1786047606.191328337] [FAULT] DRV8874 cleared (cmd was 57 at the time)
[1786047606.192316337] [FAULT] DRV8874 cleared (cmd was 57 at the time)
[1786047606.196732337] t:227.38s enc:0.0 des:5501.6 err:5501.6 cur:47 cmd:55 | pub:0ms ret:0 lp:76
[1786047606.198579337] [FAULT] DRV8874 cleared (cmd was 53 at the time)
[1786047606.199600337] [FAULT] DRV8874 cleared (cmd was 53 at the time)
[1786047606.200682337] [FAULT] DRV8874 cleared (cmd was 52 at the time)
[1786047606.201749337] [FAULT] DRV8874 cleared (cmd was 52 at the time)
[1786047606.202787337] [FAULT] DRV8874 cleared (cmd was 51 at the time)
[1786047606.203787337] [FAULT] DRV8874 cleared (cmd was 51 at the time)
[1786047606.204786337] [FAULT] DRV8874 cleared (cmd was 50 at the time)
[1786047606.205782337] [FAULT] DRV8874 cleared (cmd was 50 at the time)
[1786047606.206783337] [FAULT] DRV8874 cleared (cmd was 49 at the time)
[1786047606.207973337] [FAULT] DRV8874 cleared (cmd was 49 at the time)
[1786047606.209016337] [FAULT] DRV8874 cleared (cmd was 48 at the time)
[1786047606.210044337] [FAULT] DRV8874 FAULT ACTIVE (over-current/over-temp/under-voltage) (cmd was 47 at the time)
[1786047606.211799337] [FAULT] DRV8874 FAULT ACTIVE (over-current/over-temp/under-voltage) (cmd was 47 at the time)
[1786047606.213678337] [FAULT] DRV8874 cleared (cmd was 45 at the time)
[1786047606.214694337] [FAULT] DRV8874 cleared (cmd was 45 at the time)
[1786047606.215700337] [FAULT] DRV8874 cleared (cmd was 44 at the time)
[1786047606.216700337] [FAULT] DRV8874 cleared (cmd was 44 at the time)
[1786047606.217760337] [FAULT] DRV8874 FAULT ACTIVE (over-current/over-temp/under-voltage) (cmd was 43 at the time)
[1786047606.219610337] [FAULT] DRV8874 cleared (cmd was 42 at the time)
[1786047606.220631337] [FAULT] DRV8874 cleared (cmd was 42 at the time)
[1786047606.221628337] [FAULT] DRV8874 cleared (cmd was 42 at the time)
[1786047606.222624337] [FAULT] DRV8874 cleared (cmd was 41 at the time)
[1786047606.223621337] [FAULT] DRV8874 cleared (cmd was 41 at the time)
[1786047606.224621337] [FAULT] DRV8874 cleared (cmd was 40 at the time)
[1786047606.225610337] [FAULT] DRV8874 cleared (cmd was 40 at the time)
[1786047606.226603337] [FAULT] DRV8874 cleared (cmd was 39 at the time)
[1786047606.227621337] [FAULT] DRV8874 cleared (cmd was 39 at the time)
[1786047606.228636337] [FAULT] DRV8874 cleared (cmd was 38 at the time)
[1786047606.229636337] [FAULT] DRV8874 cleared (cmd was 38 at the time)
[1786047606.230631337] [FAULT] DRV8874 cleared (cmd was 37 at the time)
[1786047606.231627337] [FAULT] DRV8874 cleared (cmd was 37 at the time)
[1786047606.232621337] [FAULT] DRV8874 cleared (cmd was 36 at the time)
[1786047606.233609337] [FAULT] DRV8874 cleared (cmd was 36 at the time)
[1786047606.234602337] [FAULT] DRV8874 cleared (cmd was 35 at the time)
[1786047606.235599337] [FAULT] DRV8874 cleared (cmd was 35 at the time)
[1786047606.236[1786047606.238651337] [FAULT] DRV8874 cleared (cmd was 34 at the time)
[1786047606.239641337] [FAULT] DRV8874 cleared (cmd was 33 at the time)
[1786047606.240628337] [FAULT] DRV8874 cleared (cmd was 33 at the time)
[1786047606.241605337] [FAULT] DRV8874 cleared (cmd was 32 at the time)
[1786047606.242587337] [FAULT] DRV8874 cleared (cmd was 32 at the time)
[1786047606.243572337] [FAULT] DRV8874 cleared (cmd was 31 at the time)
[1786047606.244550337] [FAULT] DRV8874 cleared (cmd was 31 at the time)
[1786047606.245531337] [FAULT] DRV8874 cleared (cmd was 31 at the time)
[1786047606.246504337] [FAULT] DRV8874 cleared (V8874 cleared (cmd was 29 at the time)
[1786047606.249477337] [FAULT] DRV8874 cleared (cmd was 29 at the time)
[1786047606.250674337] [FAULT] DRV8874 cleared (cmd was 29 at the time)
[1786047606.251941337] [FAULT] DRV8874 cleared (cmd was 28 at the time)
[1786047606.252956337] [FAULT] DRV8874 cleared (cmd was 27 at the time)
[1786047606.253936337] [FAULT] DRV8874 cleared (cmd was 27 at the time)
[1786047606.254799337] [FAULT] DRV8874 cleared (cmd was 27 at the time)
[1786047606.255984337] [FAULT] DRV8874 cleared (cmd was 27 at the time)
[1786047606.256991337] [FAULT] DRV8874 cleared (cmd was 26 at the time)
[1786047606.257984337] [FAULT] DRV8874 cleared (cmd was 25 at the time)
[1786047606.258959337] [FAULT] DRV8874 cleared (cmd was 25 at the time)
[1786047606.259808337] [FAULT] DRV8874 cleared (cmd was 25 at the time)
[1786047606.260757337] [FAULT] DRV8874 cleared (cmd was 25 at the time)
[1786047606.261694337] [F6.263580337] [FAULT] DRV8874 cleared (cmd was 24 at the time)
[1786047606.264510337] [FAULT] DRV8874 cleared (cmd was 23 at the time)
[1786047606.265444337] [FAULT] DRV8874 cleared (cmd was 23 at the time)
[1786047606.266386337] [FAULT] DRV8874 cleared (cmd was 22 at the time)
[1786047606.267311337] [FAULT] DRV8874 cleared (cmd was 22 at the time)
[1786047606.268298337] [FAULT] DRV8874 cleared (cmd was 22 at the time)
[1786047606.269306337] [FAULT] DRV8874 cleared (cmd was 21 at the time)
[1786047606.270288337] [06.272186337] [FAULT] DRV8874 cleared (cmd was 20 at the time)
[1786047606.273116337] [FAULT] DRV8874 cleared (cmd was 20 at the time)
[1786047606.274048337] [FAULT] DRV8874 cleared (cmd was 20 at the time)
[1786047606.274984337] [FAULT] DRV8874 cleared (cmd was 19 at the time)
[1786047606.275798337] [FAULT] DRV8874 cleared (cmd was 19 at the time)
[1786047606.276718337] [FAULT] DRV8874 cleared (V8874 cleared (cmd was 18 at the time)
[1786047606.279485337] [FAULT] DRV8874 cleared (cmd was 18 at the time)
[1786047606.280396337] [FAULT] DRV8874 cleared (cmd was 18 at the time)
[1786047606.281294337] [FAULT] DRV8874 cleared (cmd was 17 at the time)
[1786047606.282201337] [FAULT] DRV8874 cleared (cmd was 17 at the time)
[1786047606.283119337] [FAULT] DRV8874 cleared (cmd was 17 at the time)
[1786047606.284026337] [FAULT] DRV8874 cleared (V8874 cleared (cmd was 16 at the time)
[1786047606.286768337] [FAULT] DRV8874 cleared (cmd was 16 at the time)
[1786047606.287727337] [FAULT] DRV8874 cleared (cmd was 16 at the time)
[1786047606.288658337] [FAULT] DRV8874 cleared (cmd was 15 at the time)
[1786047606.289560337] [FAULT] DRV8874 cleared (cmd was 15 at the time)
[1786047606.290478337] [FAULT] DRV8874 cleared (cmd was 15 at the time)
[1786047606.291373337] [FAULT] DRV8874 cleared (cmd was 14 at the time)
[1786047606.292352337] [FAULT] DRV8874 FAULT ACTIVE (over-current/over-temp/under-voltage) (cmd was 14 at the time)
[1786047606.297292337] t:227.48s enc:0.0 des:1343.3 err:1343.3 cur:43 cmd:13 | pub:1ms ret:0 lp:94
[1786047606.298793337] [FAULT] DRV8874 cleared (cmd was 12 at the time)
[1786047606.299758337] [FAULT] DRV8874 FAULT ACTIVE (over-current/over-temp/under-voltage) (cmd was 12 at the time)
[1786047606.301478337] [FAULT] DRV8874 FAULT ACTIVE (over-current/over-temp/under-voltage) (cmd was 12 at the time)
[1786047606.303171337] [FAULT] DRV8874 FAULT ACTIVE (over-current/over-temp/under-voltage) (cmd was 11 at the time)
[1786047606.304752337] [FAULT] DRV8874 FAULT ACTIVE (over-current/over-temp/under-voltage) (cmd was 11 at the time)
[1786047606.306349337] [FAULT] DRV8874 cleared (cmd was 10 at the time)
[1786047606.307192337] [FAULT] DRV8874 cleared (cmd was 10 at the time)
[1786047606.395506337] t:227.57s enc:0.0 des:0.3 err:0.3 cur:0 cmd:0 | pub:0ms ret:0 lp:11680
[1786047606.478119337] [FAULT] DRV8874 FAULT ACTIVE (over-current/over-temp/under-voltage) (cmd was 10 at the time)
[1786047606.479779337] [FAULT] DRV8874 FAULT ACTIVE (over-current/over-temp/under-voltage) (cmd was 10 at the time)
[1786047606.481376337] [FAULT] DRV8874 cleared (cmd was 10 at the time)
[1786047606.482251337] [FAULT] DRV8874 cleared (cmd was 11 at the time)
[1786047606.483208337] [FAULT] DRV8874 FAULT ACTIVE (over-current/over-temp/under-voltage) (cmd was 11 at the time)
[1786047606.484933337] [FAULT] DRV8874 FAULT ACTIVE (over-current/over-temp/under-voltage) (cmd was 11 at the time)
[1786047606.486585337] [FAULT] DRV8874 FAULT ACTIVE (over-current/over-temp/under-voltage) (cmd was 12 at the time)
[1786047606.488349337] [FAULT] DRV8874 FAULT ACTIVE (over-current/over-temp/under-voltage) (cmd was 12 at the time)
[1786047606.490136337] [FAULT] DRV8874 FAULT ACTIVE (over-current/over-temp/under-voltage) (cmd was 13 at the time)
[1786047606.491752337] [FAULT] DRV8874 FAULT ACTIVE (over-current/over-temp/under-voltage) (cmd was 13 at the time)
[1786047606.496105337] t:227.68s enc:0.0 des:1469.2 err:1469.2 cur:74 cmd:14 | pub:1ms ret:0 lp:11208
[1786047606.497581337] [FAULT] DRV8874 cleared (cmd was 15 at the time)
[1786047606.498510337] [FAULT] DRV8874 cleared (cmd was 15 at the time)
[1786047606.499445337] [FAULT] DRV8874 cleared (cmd was 15 at the time)
[1786047606.500346337] [FAULT] DRV8874 cleared (cmd was 16 at the time)
[1786047606.501258337] [FAULT] DRV8874 cleared (cmd was 16 at the time)
[1786047606.502181337] [FAULT] DRV8874 cleared (cmd was 16 at the time)
[1786047606.503094337] [FAULT] DRV8874 cleared (cmd was 17 at the time)
[1786047606.504008337] [FAULT] DRV8874 cleared (cmd was 17 at the time)
[1786047606.504920337] [FAULT] DRV8874 cleared (cmd was 17 at the time)
[1786047606.505737337] [FAULT] DRV8874 cleared (cmd was 17 at the time)
[1786047606.506650337] [FAULT] DRV8874 cleared (cmd was 18 at the time)
[1786047606.507587337] [FAULT] DRV8874 cleared (cmd was 18 at the time)
[1786047606.508506337] [FAULT] DRV8874 cleared (cmd was 18 at the time)
[1786047606.509438337] [FAULT] DRV8874 cleared (cmd was 19 at the time)
[1786047606.510351337] [FAULT] DRV8874 cleared (cmd was 19 at the time)
[1786047606.511272337] [FAULT] DRV8874 cleared (cmd was 19 at the time)
[1786047606.512198337] [FAULT] DRV8874 cleared (cmd was 19 at the time)
[1786047606.513133337] [FAULT] DRV8874 cleared (cmd was 20 at the time)
[1786047606.514059337] [FAULT] DRV8874 cleared (cmd was 20 at the time)
[1786047606.515061337] [FAULT] DRV8874 cleared (cmd was 21 at the time)
[1786047606.516069337] [FAULT] DRV8874 cleared (cmd was 21 at the time)
[1786047606.517033337] [FAULT] DRV8874 cleared (cmd was 21 at the time)
[1786047606.517991337] [FAULT] DRV8874 cleared (cmd was 22 at the time)
[1786047606.518949337] [FAULT] DRV8874 cleared (cmd was 22 at the time)
[1786047606.519797337] [FAULT] DRV8874 cleared (cmd was 22 at the time)
[178 the time)
[1786047606.522729337] [FAULT] DRV8874 cleared (cmd was 23 at the time)
[1786047606.523674337] [FAULT] DRV8874 cleared (cmd was 23 at the time)
[1786047606.524626337] [FAULT] DRV8874 cleared (cmd was 24 at the time)
[1786047606.525573337] [FAULT] DRV8874 cleared (cmd was 24 at the time)
[1786047606.526528337] [FAULT] DRV8874 cleared (cmd was 24 at the time)
[1786047606.527480337] [06.529407337] [FAULT] DRV8874 cleared (cmd was 26 at the time)
[1786047606.530359337] [FAULT] DRV8874 cleared (cmd was 26 at the time)
[1786047606.531301337] [FAULT] DRV8874 cleared (cmd was 26 at the time)
[1786047606.532253337] [FAULT] DRV8874 cleared (cmd was 27 at the time)
[1786047606.533211337] [FAULT] DRV8874 cleared (cmd was 27 at the time)
[1786047606.534174337] [FAULT] DRV8874 cleared (cmd was 28 at the time)
[1786047606.535136337] [FAULT] DRV8874 cleared (cmd was 28 at the time)
[1786047606.536090337] [FAULT] DRV8874 cleared (V8874 cleared (cmd was 29 at the time)
[1786047606.539025337] [FAULT] DRV8874 cleared (cmd was 30 at the time)
[1786047606.539996337] [FAULT] DRV8874 cleared (cmd was 30 at the time)
[1786047606.540975337] [FAULT] DRV8874 cleared (cmd was 30 at the time)
[1786047606.541941337] [FAULT] DRV8874 cleared (cmd was 30 at the time)
[1786047606.542920337] [FAULT] DRV8874 cleared (cmd was 31 at the time)
[1786047606.543797337] [FAULT] DRV8874 cleared (cmd was 31 at the time)
[1786047606.544774337] [FAULT] DRV8874 cleared (cmd was 32 at the time)
[1786047606.545760337] [FAULT] DRV8874 cleared (cmd was 32 at the time)
[1786047606.547089337] [FAULT] DRV8874 cleared (cmd was 33 at the time)
[1786047606.548173337] [FAULT] DRV8874 cleared (cmd was 33 at the time)
[1786047606.549279337] [FAULT] DRV8874 FAULT ACTIVE (over-current/over-temp/under-voltage) (cmd was 34 at the time)
[1786047606.551172337] [FAULT] DRV8874 cleared (cmd was 35 at the time)
[1786047606.552172337] [F6.554237337] [FAULT] DRV8874 FAULT ACTIVE (over-current/over-temp/under-voltage) (cmd was 36 at the time)
[1786047606.556130337] [FAULT] DRV8874 cleared (cmd was 37 at the time)
[1786047606.557130337] [FAULT] DRV8874 cleared (cmd was 37 at the time)
[1786047606.558144337] [FAULT] DRV8874 cleared (cmd was 38 at the time)
[1786047606.559148337] [FAULT] DRV8874 cleared (cmd was 38 at the time)
[1786047606.560146337] [FAULT] DRV8874 cleared (cmd was 39 at the time)
[1786047606.561140337] [FAULT] DRV8874 cleared (cmd was 39 at the time)
[1786047606.562139337] [FAULT] DRV8874 cleared (cmd was 40 at the time)
[1786047606.563130337] [FAULT] DRV8874 cleared (cmd was 40 at the time)
[1786047606.564126337] [FAULT] DRV8874 cleared (cmd was 41 at the time)
[1786047606.565109337] [FAULT] DRV8874 cleared (cmd was 41 at the time)
[1786047606.566147337] [FAULT] DRV8874 FAULT ACTIVE (over-current/over-temp/under-voltage) (cmd was 42 at the time)
[1786047606.567978337] [06.569989337] [FAULT] DRV8874 cleared (cmd was 44 at the time)
[1786047606.570976337] [FAULT] DRV8874 cleared (cmd was 44 at the time)
[1786047606.571960337] [FAULT] DRV8874 cleared (cmd was 45 at the time)
[1786047606.572993337] [FAULT] DRV8874 FAULT ACTIVE (over-current/over-temp/under-voltage) (cmd was 45 at the time)
[1786047606.574709337] [FAULT] DRV8874 cleared (cmd was 46 at the time)
[1786047606.575687337] [FAULT] DRV8874 cleared (cmd was 46 at the time)
[1786047606.576682337] [FAULT] DRV8874 cleared (cmd was 47 at the time)
[1786047606.577676337] [FAULT] DRV8874 cleared (cmd was 47 at the time)
[1786047606.578678337] [FAULT] DRV8874 cleared (cmd was 48 at the time)
[1786047606.579676337] [FAULT] DRV8874 cleared (cmd was 48 at the time)
[1786047606.58066786047606.582637337] [FAULT] DRV8874 cleared (cmd was 50 at the time)
[1786047606.583618337] [FAULT] DRV8874 cleared (cmd was 50 at the time)
[1786047606.584649337] [FAULT] DRV8874 FAULT ACTIVE (over-current/over-temp/under-voltage) (cmd was 51 at the time)
[1786047606.586499337] [FAULT] DRV8874 FAULT ACTIVE (over-current/over-temp/under-voltage) (cmd was 52 at the time)
[1786047606.588358337] [FAULT] DRV8874 FAULT ACTIVE (over-current/over-temp/under-voltage) (cmd was 53 at the time)
[1786047606.590178337] [FAULT] DRV8874 cleared (cmd was 54 at the time)
[1786047606.591178337] [FAULT] DRV8874 cleared (cmd was 55 at the time)
[1786047606.592169337] [FAULT] DRV8874 cleared (cmd was 55 at the time)
[1786047606.596427337] t:227.77s enc:0.0 des:5739.1 err:5739.1 cur:891 cmd:57 | pub:0ms ret:0 lp:92
[1786047606.598128337] [FAULT] DRV8874 FAULT ACTIVE (over-current/over-temp/under-voltage) (cmd was 59 at the time)
[1786047606.600001337] [FAULT] DRV8874 FAULT ACTIVE (over-current/over-temp/under-voltage) (cmd was 60 at the time)
[1786047606.601726337] [FAULT] DRV8874 cleared (cmd was 60 at the time)
[1786047606.602711337] [FAULT] DRV8874 cleared (cmd was 61 at the time)
[1786047606.603743337] [FAULT] DRV8874 FAULT ACTIVE (over-current/over-temp/under-voltage) (cmd was 62 at the time)
[1786047606.605543337] [FAULT] DRV8874 cleared (cmd was 63 at the time)
[1786047606.606532337] [FAULT] DRV8874 cleared (cmd was 63 at the time)
[1786047606.607533337] [FAULT] DRV8874 cleared (cmd was 64 at the time)
[1786047606.608538337] [FAULT] DRV8874 cleared (cmd was 65 at the time)
[1786047606.609536337] [FAULT] DRV8874 cleared (cmd was 65 at the time)
[1786047606.610537337] [FAULT] DRV8874 cleared (cmd was 66 at the time)
[1786047606.611531337] [FAULT] DRV8874 cleared (cmd was 66 at the time)
[1786047606.612520337] [FAULT] DRV8874 cleared (cmd was 67 at the time)
[1786047606.613511337] [FAULT] DRV8874 cleared (cmd was 68 at the time)
[1786047606.614549337] [FAULT] DRV8874 FAULT ACTIVE (over-current/over-temp/under-voltage) (cmd was 68 at the time)
[1786047606.616349337] [FAULT] DRV8874 cleared (cmd was 70 at the time)
[1786047606.617390337] [FAULT] DRV8874 cleared (cmd was 70 at the time)
[1786047606.618452337] [FAULT] DRV8874 cleared (cmd was 71 at the time)
[1786047606.619501337] [FAULT] DRV8874 FAULT ACTIVE (over-current/over-temp/under-voltage) (cmd was 71 at the time)
[1786047606.621298337] [FAULT] DRV8874 cleared (cmd was 73 at the time)
[1786047606.622330337] [FAULT] DRV8874 cleared (cmd was 73 at the time)
[1786047606.623716337] [FAULT] DRV8874 cleared (cmd was 74 at the time)
[1786047606.624773337] [FAULT] DRV8874 cleared (cmd was 75 at the time)
[1786047606.625768337] [FAULT] DRV8874 cleared (cmd was 75 at the time)
[1786047606.626744337] [FAULT] DRV8874 cleared (cmd was 76 at the time)
[1786047606.627754337] [FAULT] DRV8874 cleared (cmd was 77 at the time)
[1786047606.628798337] [FAULT] DRV8874 FAULT ACTIVE (over-current/over-temp/under-voltage) (cmd was 77 at the time)
[1786047606.630618337] [FAULT] DRV8874 cleared (cmd was 79 at the time)
[1786047606.631638337] [FAULT] DRV8874 FAULT ACTIVE (over-current/over-temp/under-voltage) (cmd was 79 at the time)
[1786047606.633447337] [FAULT] DRV8874 cleared (cmd was 81 at the time)
[1786047606.634434337] [FAULT] DRV8874 cleared (cmd was 81 at the time)
[1786047606.635424337] [FAULT] DRV8874 cleared (cmd was 82 at the time)
[1786047606.636443337] [FAULT] DRV8874 FAULT ACTIVE (over-current/over-temp/under-voltage) (cmd was 83 at the time)
[1786047606.638306337] [FAULT] DRV8874 FAULT ACTIVE (over-current/over-temp/under-voltage) (cmd was 84 at the time)
[1786047606.640133337] [FAULT] DRV8874 cleared (cmd was 85 at the time)
[1786047606.641121337] [FAULT] DRV8874 cleared (cmd was 86 at the time)
[1786047606.642153337] [FAULT] DRV8874 FAULT ACTIVE (over-current/over-temp/under-voltage) (cmd was 87 at the time)
[1786047606.644006337] [FAULT] DRV8874 FAULT ACTIVE (over-current/over-temp/under-voltage) (cmd was 88 at the time)
[1786047606.645727337] [FAULT] DRV8874 cleared (cmd was 89 at the time)
[1786047606.647122337] [FAULT] DRV8874 cleared (cmd was 90 at the time)
[1786047606.648197337] [FAULT] DRV8874 cleared (cmd was 91 at the time)
[1786047606.649249337] [FAULT] DRV8874 FAULT ACTIVE (over-current/over-temp/under-voltage) (cmd was 92 at the time)
[1786047606.651049337] [FAULT] DRV8874 cleared (cmd was 93 at the time)
[1786047606.652176337] [FAULT] DRV8874 FAULT ACTIVE (over-current/over-temp/under-voltage) (cmd was 94 at the time)
[1786047606.654051337] [FAULT] DRV8874 cleared (cmd was 95 at the time)
[1786047606.655048337] [FAULT] DRV887 [FAULT] DRV8874 cleared (cmd was 97 at the time)
[1786047606.658105337] [FAULT] DRV8874 FAULT ACTIVE (over-current/over-temp/under-voltage) (cmd was 98 at the time)
[1786047606.659935337] [FAULT] DRV8874 cleared (cmd was 99 at the time)
[1786047606.660921337] [FAULT] DRV8874 cleared (cmd was 100 at the time)
[1786047606.661926337] [FAULT] DRV8874 cleared (cmd was 100 at the time)
[1786047606.662923337] [FAULT] DRV8874 cleared (cmd was 101 at the time)
[1786047606.663925337] [FAULT] DRV8874 cleared (cmd was 102 at the time)
[1786047606.664920337] [FAULT] DRV8874 cleared (cmd was 103 at the time)
[1786047606.665922337] [FAULT] DRV8874 cleared (cmd was 103 at the time)
[1786047606.666920337] [FAULT] DRV8874 cleared (cmd was 104 at the time)
[1786047606.667950337nder-voltage) (cmd was 106 at the time)
[1786047606.670748337] [FAULT] DRV8874 cleared (cmd was 107 at the time)
[1786047606.671787337] [FAULT] DRV8874 FAULT ACTIVE (over-current/over-temp/under-voltage) (cmd was 108 at the time)
[1786047606.673654337] [FAULT] DRV8874 FAULT ACTIVE (over-current/over-temp/under-voltage) (cmd was 110 at the time)
[1786047606.675487337] [FAULT] DRV8874 cleared (cmd was 111 at the time)
[1786047606.676478337] [FAULT] DRV8874 cleared (cmd was 112 at the time)
[1786047606.677502337] [FAULT] DRV8874 cleared (cmd was 113 at the time)
[1786047606.678558337] [FAULT] DRV8874 FAULT ACTIVE (over-current/over-temp/under-voltage) (cmd was 113 at the time)
[1786047606.680390337] [FAULT] DRV8874 cleared (cmd was 115 at the time)
[1786047606.681389337] [FAULT] DRV8874 cleared (cmd was 116 at the time)
[1786047606.682401337] [FAULT] DRV8874 cleared (cmd was 117 at the time)
[1786047606.683443337] [FAULT] DRV8874 FAULT ACTIVE (over-current/over-temp/under-voltage) (cmd was 117 at the time)
[1786047606.685304337] [FAULT] DRV8874 FAULT ACTIVE (over-current/over-temp/under-voltage) (cmd was 119 at the time)
[1786047606.687132337] [FAULT] DRV8874 cleared (cmd was 121 at the time)
[1786047606.688208337] [FAULT] DRV8874 FAULT ACTIVE (over-current/over-temp/under-voltage) (cmd was 122 at the time)
[1786047606.690049337] [FAULT] DRV8874 cleared (cmd was 123 at the time)
[1786047606.691103337] [FAULT] DRV8874 FAULT ACTIVE (over-current/over-temp/under-voltage) (cmd was 124 at the time)
[1786047606.692931337] [FAULT] DRV8874 cleared (cmd was 125 at the time)
[1786047606.696679337] t:227.88s enc:0.0 des:12785.5 err:12785.5 cur:80 cmd:127 | pub:0ms ret:0 lp:76
[1786047606.698595337] [FAULT] DRV8874 FAULT ACTIVE (over-current/over-temp/under-voltage) (cmd was 130 at the time)
[1786047606.700508337] [FAULT] DRV8874 FAULT ACTIVE (over-current/over-temp/under-voltage) (cmd was 132 at the time)
[1786047606.702342337] [FAULT] DRV8874 cleared (cmd was 133 at the time)
[1786047606.703351337] [FAULT] DRV8874 cleared (cmd was 134 at the time)
[1786047606.704352337] [FAULT] DRV8874 cleared (cmd was 135 at the time)
[1786047606.705404337] [FAULT] DRV8874 FAULT ACTIVE (over-current/over-temp/under-voltage) (cmd was 136 at the time)
[1786047606.707260337] [FAULT] DRV8874 FAULT ACTIVE (over-current/over-temp/under-voltage) (cmd was 138 at the time)
[1786047606.709101337] [FAULT] DRV8874 cleared (cmd was 139 at the time)
[1786047606.710169337] [FAULT] DRV8874 FAULT ACTIVE (over-current/over-temp/under-voltage) (cmd was 140 at the time)
[1786047606.711999337] [FAULT] DRV8874 cleared (cmd was 142 at the time)
[1786047606.712997337] [FAULT] DRV8874 cleared (cmd was 143 at the time)
[1786047606.714049337] [FAULT] DRV8874 FAULT ACTIVE (over-current/over-temp/under-voltage) (cmd was 144 at the time)
[1786047606.715781337] [FAULT] DRV8874 cleared (cmd was 145 at the time)
[1786047606.716788337] [FAULT] DRV8874 cleared (cmd was 146 at the time)
[1786047606.717807337] [FAULT] DRV8874 cleared (cmd was 146 at the time)
[1786047606.718969337] [FAULT] DRV8874 FAULT ACTIVE (over-current/over-temp/under-voltage) (cmd was 147 at the time)
[1786047606.720756337] [FAULT] DRV8874 cleared (cmd was 149 at the time)
[1786047606.721804337] [FAULT] DRV8874 cleared (cmd was 150 at the time)
[1786047606.722960337] [FAULT] DRV8874 FAULT ACTIVE (over-current/over-temp/under-voltage) (cmd was 151 at the time)
[1786047606.724687337] [FAULT] DRV8874 cleared (cmd was 153 at the time)
[1786047606.725775337] [FAULT] DRV8874 cleared (cmd was 154 at the time)
[1786047606.726959337] [FAULT] DRV8874 FAULT ACTIVE (over-current/over-temp/under-voltage) (cmd was 155 at the time)
[1786047606.728719337] [FAULT] DRV8874 cleared (cmd was 156 at the time)
[1786047606.729739337] [FAULT] DRV8874 cleared (cmd was 157 at the time)
[1786047606.730755337] [FAULT] DRV8874 cleared (cmd was 158 at the time)
[1786047606.731797337] [FAULT] DRV8874 FAULT ACTIVE (over-current/over-temp/under-voltage) (cmd was 159 at the time)
[1786047606.733670337] [FAULT] DRV8874 FAULT ACTIVE (over-current/over-temp/under-voltage) (cmd was 161 at the time)
[1786047606.735496337] [FAULT] DRV8874 cleared (cmd was 163 at the time)
[1786047606.736537337] [FAULT] DRV8874 FAULT ACTIVE (over-current/over-temp/under-voltage) (cmd was 164 at the time)
[1786047606.738422337] [FAULT] DRV8874 FAULT ACTIVE (over-current/over-temp/under-voltage) (cmd was 166 at the time)
[1786047606.740257337] [FAULT] DRV8874 cleared (cmd was 168 at the time)
[1786047606.741309337] [FAULT] DRV8874 FAULT ACTIVE (over-current/over-temp/under-voltage) (cmd was 169 at the time)
[1786047606.743168337] [FAULT] DRV8874 FAULT ACTIVE (over-current/over-temp/under-voltage) (cmd was 171 at the time)
[1786047606.745028337] [FAULT] DRV8874 FAULT ACTIVE (over-current/over-temp/under-voltage) (cmd was 172 at the time)
[1786047606.746806337] [FAULT] DRV8874 FAULT ACTIVE (over-current/over-temp/under-voltage) (cmd was 173 at the time)
[1786047606.749083337] [FAULT] DRV8874 cleared (cmd was 176 at the time)
[1786047606.750147337] [FAULT] DRV8874 cleared (cmd was 177 at the time)
[1786047606.751204337] [FAULT] DRV8874 FAULT ACTIVE (over-current/over-temp/under-voltage) (cmd was 178 at the time)
[1786047606.753136337] [FAULT] DRV8874 cleared (cmd was 180 at the time)
[1786047606.754234337] [FAULT] DRV8874 FAULT ACTIVE (over-current/over-temp/under-voltage) (cmd was 181 at the time)
[1786047606.756109337] [FAULT] DRV8874 FAULT ACTIVE (over-current/over-temp/under-voltage) (cmd was 183 at the time)
[1786047606.757950337] [FAULT] DRV8874 cleared (cmd was 184 at the time)
[1786047606.759022337] [FAULT] DRV8874 FAULT ACTIVE (over-current/over-temp/under-voltage) (cmd was 186 at the time)
[1786047606.760753337] [FAULT] DRV8874 cleared (cmd was 187 at the time)
[1786047606.761787337] [FAULT] DRV8874 FAULT ACTIVE (over-current/over-temp/under-voltage) (cmd was 188 at the time)
[1786047606.763645337] [FAULT] DRV8874 FAULT ACTIVE (over-current/over-temp/under-voltage) (cmd was 190 at the time)
[1786047606.765519337] [FAULT] DRV8874 FAULT ACTIVE (over-current/over-temp/under-voltage) (cmd was 192 at the time)
[1786047606.767389337] [FAULT] DRV8874 FAULT ACTIVE (over-current/over-temp/under-voltage) (cmd was 194 at the time)
[1786047606.769425337] [FAULT] DRV8874 FAULT ACTIVE (over-current/over-temp/under-voltage) (cmd was 196 at the time)
[1786047606.771296337] [FAULT] DRV8874 cleared (cmd was 199 at the time)
[1786047606.772357337] [FAULT] DRV8874 FAULT ACTIVE (over-current/over-temp/under-voltage) (cmd was 200 at the time)
[1786047606.774218337] [FAULT] DRV8874 FAULT ACTIVE (over-current/over-temp/under-voltage) (cmd was 202 at the time)
[1786047606.776081337] [FAULT] DRV8874 FAULT ACTIVE (over-current/over-temp/under-voltage) (cmd was 204 at the time)
[1786047606.777948337] [FAULT] DRV8874 FAULT ACTIVE (over-current/over-temp/under-voltage) (cmd was 205 at the time)
[1786047606.779721337] [FAULT] DRV8874 cleared (cmd was 207 at the time)
[1786047606.780734337] [FAULT] DRV8874 cleared (cmd was 208 at the time)
[1786047606.781744337] [FAULT] DRV8874 cleared (cmd was 209 at the time)
[1786047606.782739337] [FAULT] DRV8874 cleared (cmd was 210 at the time)
[1786047606.783747337] [FAULT] DRV8874 cleared (cmd was 211 at the time)
[1786047606.784739337] [FAULT] DRV8874 cleared (cmd was 212 at the time)
[1786047606.785747337] [FAULT] DRV8874 cleared (cmd was 213 at the time)
[1786047606.786740337] [FAULT] DRV8874 cleared (cmd was 214 at the time)
[1786047606.787747337] [FAULT] DRV8874 cleared (cmd was 215 at the time)
[1786047606.788917337] [FAULT] DRV8874 FAULT ACTIVE (over-current/over-temp/under-voltage) (cmd was 216 at the time)
[1786047606.790692337] [FAULT] DRV8874 FAULT ACTIVE (over-current/over-temp/under-voltage) (cmd was 219 at the time)
[1786047606.792559337] [FAULT] DRV8874 FAULT ACTIVE (over-current/over-temp/under-voltage) (cmd was 221 at the time)
[1786047606.797230337] t:227.98s enc:0.0 des:22562.3 err:22562.3 cur:31 cmd:225 | pub:0ms ret:0 lp:66
[1786047606.799121337] [FAULT] DRV8874 FAULT ACTIVE (over-current/over-temp/under-voltage) (cmd was 227 at the time)
[1786047606.801189337] [FAULT] DRV8874 FAULT ACTIVE (over-current/over-temp/under-voltage) (cmd was 231 at the time)
[1786047606.803081337] [FAULT] DRV8874 FAULT ACTIVE (over-current/over-temp/under-voltage) (cmd was 233 at the time)
[1786047606.804800337] [FAULT] DRV8874 cleared (cmd was 234 at the time)
[1786047606.805945337] [FAULT] DRV8874 FAULT ACTIVE (over-current/over-temp/under-voltage) (cmd was 235 at the time)
[1786047606.807723337] [FAULT] DRV8874 FAULT ACTIVE (over-current/over-temp/under-voltage) (cmd was 237 at the time)
[1786047606.809600337] [FAULT] DRV8874 FAULT ACTIVE (over-current/over-temp/under-voltage) (cmd was 240 at the time)
[1786047606.811474337] [FAULT] DRV8874 FAULT ACTIVE (over-current/over-temp/under-voltage) (cmd was 242 at the time)
[1786047606.813322337] [FAULT] DRV8874 FAULT ACTIVE (over-current/over-temp/under-voltage) (cmd was 244 at the time)
[1786047606.815170337] [FAULT] DRV8874 FAULT ACTIVE (over-current/over-temp/under-voltage) (cmd was 246 at the time)
[1786047606.816993337] [FAULT] DRV8874 FAULT ACTIVE (over-current/over-temp/under-voltage) (cmd was 249 at the time)
[1786047606.818738337] [FAULT] DRV8874 FAULT ACTIVE (over-current/over-temp/under-voltage) (cmd was 250 at the time)
[1786047606.820569337] [FAULT] DRV8874 FAULT ACTIVE (over-current/over-temp/under-voltage) (cmd was 252 at the time)
[1786047606.822414337] [FAULT] DRV8874 FAULT ACTIVE (over-current/over-temp/under-voltage) (cmd was 254 at the time)
[1786047606.824112337] [FAULT] DRV8874 FAULT ACTIVE (over-current/over-temp/under-voltage) (cmd was 255 at the time)
[1786047606.896456337] t:228.08s enc:0.0 des:34608.2 err:34608.2 cur:0 cmd:255 | pub:0ms ret:0 lp:9478
[1786047606.996429337] t:228.18s enc:0.0 des:49055.8 err:49055.8 cur:0 cmd:255 | pub:0ms ret:0 lp:13295
[1786047607.096515337] t:228.28s enc:0.0 des:65566.1 err:65566.1 cur:0 cmd:255 | pub:0ms ret:0 lp:13298
[1786047607.196501337] t:228.38s enc:0.0 des:83883.7 err:83883.7 cur:0 cmd:255 | pub:0ms ret:0 lp:13289
[1786047607.296456337] t:228.48s enc:0.0 des:103714.1 err:103714.1 cur:0 cmd:255 | pub:0ms ret:0 lp:13297
[1786047607.396524337] t:228.58s enc:0.0 des:124750.7 err:124750.7 cur:0 cmd:255 | pub:0ms ret:0 lp:13293
[1786047607.496549337] t:228.68s enc:0.0 des:146814.6 err:146814.6 cur:0 cmd:255 | pub:0ms ret:0 lp:13281
[1786047607.596526337] t:228.78s enc:0.0 des:169089.2 err:169089.2 cur:0 cmd:255 | pub:0ms ret:0 lp:13275
[1786047607.696569337] t:228.88s enc:0.0 des:191695.1 err:191695.1 cur:0 cmd:255 | pub:0ms ret:0 lp:13272
[1786047607.796503337] t:228.98s enc:0.0 des:214113.1 err:214113.1 cur:0 cmd:255 | pub:0ms ret:0 lp:13225
[1786047607.896401337] t:229.08s enc:0.0 des:235996.6 err:235996.6 cur:0 cmd:255 | pub:0ms ret:0 lp:13289
[1786047607.996523337] t:229.18s enc:0.0 des:256996.9 err:256996.9 cur:0 cmd:255 | pub:0ms ret:0 lp:13300
[1786047608.096500337] t:229.28s enc:0.0 des:276779.5 err:276779.5 cur:0 cmd:255 | pub:0ms ret:0 lp:13288
[1786047608.196523337] t:229.38s enc:0.0 des:295039.1 err:295039.1 cur:0 cmd:255 | pub:0ms ret:0 lp:13283
[1786047608.296429337] t:229.48s enc:0.0 des:311481.9 err:311481.9 cur:0 cmd:255 | pub:0ms ret:0 lp:13277
[1786047608.396414337] t:229.58s enc:0.0 des:325853.5 err:325853.5 cur:0 cmd:255 | pub:0ms ret:0 lp:13276
[1786047608.496390337] t:229.68s enc:0.0 des:337995.9 err:337995.9 cur:0 cmd:255 | pub:0ms ret:0 lp:13269
[1786047608.596505337] t:229.78s enc:0.0 des:347503.7 err:347503.7 cur:0 cmd:255 | pub:0ms ret:0 lp:13264
[1786047608.696735337] t:229.88s enc:0.0 des:354480.7 err:354480.7 cur:0 cmd:255 | pub:1ms ret:0 lp:13263
[1786047608.796664337] t:229.98s enc:0.0 des:358629.2 err:358629.2 cur:0 cmd:255 | pub:0ms ret:0 lp:13210
[1786047608.896604337] t:230.08s enc:0.0 des:359998.9 err:359998.9 cur:0 cmd:255 | pub:0ms ret:0 lp:13201
[1786047608.996438337] t:230.18s enc:0.0 des:358530.8 err:358530.8 cur:0 cmd:255 | pub:0ms ret:0 lp:13248
[1786047609.096504337] t:230.28s enc:0.0 des:354207.1 err:354207.1 cur:0 cmd:255 | pub:0ms ret:0 lp:13281
[1786047609.196478337] t:230.38s enc:0.0 des:347214.6 err:347214.6 cur:0 cmd:255 | pub:0ms ret:0 lp:13260
[1786047609.296742337] t:230.48s enc:0.0 des:337476.2 err:337476.2 cur:0 cmd:255 | pub:1ms ret:0 lp:13271
[1786047609.396466337] t:230.58s enc:0.0 des:325391.9 err:325391.9 cur:0 cmd:255 | pub:0ms ret:0 lp:13214
[1786047609.496638337] t:230.68s enc:0.0 des:310944.2 err:310944.2 cur:0 cmd:255 | pub:0ms ret:0 lp:13268
[1786047609.596521337] t:230.78s enc:0.0 des:294308.6 err:294308.6 cur:0 cmd:255 | pub:0ms ret:0 lp:13239
[1786047609.697168337] t:230.88s enc:0.0 des:275926.5 err:275926.5 cur:0 cmd:255 | pub:1ms ret:0 lp:13262
[1786047609.796195337] t:230.98s enc:0.0 des:256286.0 err:256286.0 cur:0 cmd:255 | pub:0ms ret:0 lp:13185
[1786047609.896417337] t:231.08s enc:0.0 des:235121.3 err:235121.3 cur:0 cmd:255 | pub:0ms ret:0 lp:13322
[1786047609.996395337] t:231.18s enc:0.0 des:213171.7 err:213171.7 cur:0 cmd:255 | pub:0ms ret:0 lp:13279
[1786047610.096573337] t:231.28s enc:0.0 des:190911.0 err:190911.0 cur:0 cmd:255 | pub:0ms ret:0 lp:13236
[1786047610.289042337] [watchdog] ping result: 0 | ros_connected: 1 | heap: 178424
[1786047610.292589337] t:231.47s enc:0.0 des:146775.3 err:146775.3 cur:0 cmd:255 | pub:0ms ret:0 lp:12434
[1786047610.391573337] t:231.57s enc:0.0 des:125077.1 err:125077.1 cur:0 cmd:255 | pub:0ms ret:0 lp:13120
[1786047610.491521337] t:231.67s enc:0.0 des:104031.3 err:104031.3 cur:0 cmd:255 | pub:0ms ret:0 lp:13269
[1786047610.591594337] t:231.77s enc:0.0 des:84176.9 err:84176.9 cur:0 cmd:255 | pub:0ms ret:0 lp:13274
[1786047610.691607337] t:231.87s enc:0.0 des:65697.8 err:65697.8 cur:0 cmd:255 | pub:0ms ret:0 lp:13254
[1786047610.791385337] t:231.97s enc:0.0 des:49293.9 err:49293.9 cur:0 cmd:255 | pub:0ms ret:0 lp:13239
[1786047610.891503337] t:232.07s enc:0.0 des:34810.8 err:34810.8 cur:0 cmd:255 | pub:0ms ret:0 lp:13284
[1786047610.965170337] [FAULT] DRV8874 FAULT ACTIVE (over-current/over-temp/under-voltage) (cmd was 254 at the time)
[1786047610.967095337] [FAULT] DRV8874 FAULT ACTIVE (over-current/over-temp/under-voltage) (cmd was 252 at the time)
[1786047610.968921337] [FAULT] DRV8874 FAULT ACTIVE (over-current/over-temp/under-voltage) (cmd was 250 at the time)
[1786047610.970666337] [FAULT] DRV8874 FAULT ACTIVE (over-current/over-temp/under-voltage) (cmd was 248 at the time)
[1786047610.972498337] [FAULT] DRV8874 FAULT ACTIVE (over-current/over-temp/under-voltage) (cmd was 246 at the time)
[1786047610.974372337] [FAULT] DRV8874 FAULT ACTIVE (over-current/over-temp/under-voltage) (cmd was 244 at the time)
[1786047610.976231337] [FAULT] DRV8874 FAULT ACTIVE (over-current/over-temp/under-voltage) (cmd was 241 at the time)
[1786047610.978100337] [FAULT] DRV8874 FAULT ACTIVE (over-current/over-temp/under-voltage) (cmd was 239 at the time)
[1786047610.979955337] [FAULT] DRV8874 FAULT ACTIVE (over-current/over-temp/under-voltage) (cmd was 238 at the time)
[1786047610.981730337] [FAULT] DRV8874 FAULT ACTIVE (over-current/over-temp/under-voltage) (cmd was 236 at the time)
[1786047610.983566337] [FAULT] DRV8874 cleared (cmd was 233 at the time)
[1786047610.984623337] [FAULT] DRV8874 FAULT ACTIVE (over-current/over-temp/under-voltage) (cmd was 232 at the time)
[1786047610.986502337] [FAULT] DRV8874 FAULT ACTIVE (over-current/over-temp/under-voltage) (cmd was 230 at the time)
[1786047610.988368337] [FAULT] DRV8874 FAULT ACTIVE (over-current/over-temp/under-voltage) (cmd was 228 at the time)
[1786047610.993261337] t:232.17s enc:0.0 des:22404.4 err:22404.4 cur:65 cmd:224 | pub:1ms ret:0 lp:9934
[1786047610.995091337] [FAULT] DRV8874 FAULT ACTIVE (over-current/over-temp/under-voltage) (cmd was 220 at the time)
[1786047610.996981337] [FAULT] DRV8874 FAULT ACTIVE (over-current/over-temp/under-voltage) (cmd was 219 at the time)
[1786047610.998745337] [FAULT] DRV8874 FAULT ACTIVE (over-current/over-temp/under-voltage) (cmd was 217 at the time)
[1786047611.000618337] [FAULT] DRV8874 FAULT ACTIVE (over-current/over-temp/under-voltage) (cmd was 215 at the time)
[1786047611.002484337] [FAULT] DRV8874 FAULT ACTIVE (over-current/over-temp/under-voltage) (cmd was 213 at the time)
[1786047611.004360337] [FAULT] DRV8874 FAULT ACTIVE (over-current/over-temp/under-voltage) (cmd was 211 at the time)
[1786047611.006225337] [FAULT] DRV8874 FAULT ACTIVE (over-current/over-temp/under-voltage) (cmd was 208 at the time)
[1786047611.008094337] [FAULT] DRV8874 FAULT ACTIVE (over-current/over-temp/under-voltage) (cmd was 206 at the time)
[1786047611.009956337] [FAULT] DRV8874 FAULT ACTIVE (over-current/over-temp/under-voltage) (cmd was 205 at the time)
[1786047611.011695337] [FAULT] DRV8874 cleared (cmd was 203 at the time)
[1786047611.012694337] [FAULT] DRV8874 cleared (cmd was 202 at the time)
[1786047611.013755337] [FAULT] DRV8874 FAULT ACTIVE (over-current/over-temp/under-voltage) (cmd was 201 at the time)
[1786047611.015637337] [FAULT] DRV8874 FAULT ACTIVE (over-current/over-temp/under-voltage) (cmd was 199 at the time)
[1786047611.017507337] [FAULT] DRV8874 FAULT ACTIVE (over-current/over-temp/under-voltage) (cmd was 197 at the time)
[1786047611.019382337] [FAULT] DRV8874 FAULT ACTIVE (over-current/over-temp/under-voltage) (cmd was 195 at the time)
[1786047611.021273337] [FAULT] DRV8874 cleared (cmd was 193 at the time)
[1786047611.022355337] [FAULT] DRV8874 FAULT ACTIVE (over-current/over-temp/under-voltage) (cmd was 192 at the time)
[1786047611.024257337] [FAULT] DRV8874 FAULT ACTIVE (over-current/over-temp/under-voltage) (cmd was 190 at the time)
[1786047611.026192337] [FAULT] DRV8874 FAULT ACTIVE (over-current/over-temp/under-voltage) (cmd was 188 at the time)
[1786047611.028131337] [FAULT] DRV8874 FAULT ACTIVE (over-current/over-temp/under-voltage) (cmd was 186 at the time)
[1786047611.030006337] [FAULT] DRV8874 FAULT ACTIVE (over-current/over-temp/under-voltage) (cmd was 184 at the time)
[1786047611.031782337] [FAULT] DRV8874 FAULT ACTIVE (over-current/over-temp/under-voltage) (cmd was 183 at the time)
[1786047611.033658337] [FAULT] DRV8874 FAULT ACTIVE (over-current/over-temp/under-voltage) (cmd was 181 at the time)
[1786047611.035558337] [FAULT] DRV8874 FAULT ACTIVE (over-current/over-temp/under-voltage) (cmd was 179 at the time)
[1786047611.037426337] [FAULT] DRV8874 FAULT ACTIVE (over-current/over-temp/under-voltage) (cmd was 177 at the time)
[1786047611.039250337] [FAULT] DRV8874 cleared (cmd was 175 at the time)
[1786047611.040290337] [FAULT] DRV8874 FAULT ACTIVE (over-current/over-temp/under-voltage) (cmd was 174 at the time)
[1786047611.042104337] [FAULT] DRV8874 cleared (cmd was 172 at the time)
[1786047611.043238337] [FAULT] DRV8874 FAULT ACTIVE (over-current/over-temp/under-voltage) (cmd was 171 at the time)
[1786047611.045478337] [FAULT] DRV8874 FAULT ACTIVE (over-current/over-temp/under-voltage) (cmd was 169 at the time)
[1786047611.047339337] [FAULT] DRV8874 cleared (cmd was 167 at the time)
[1786047611.048335337] [FAULT] DRV8874 cleared (cmd was 166 at the time)
[1786047611.049519337] [FAULT] DRV8874 FAULT ACTIVE (over-current/over-temp/under-voltage) (cmd was 165 at the time)
[1786047611.051406337] [FAULT] DRV8874 FAULT ACTIVE (over-current/over-temp/under-voltage) (cmd was 163 at the time)
[1786047611.053247337] [FAULT] DRV8874 cleared (cmd was 162 at the time)
[1786047611.054308337] [FAULT] DRV8874 cleared (cmd was 161 at the time)
[1786047611.055374337] [FAULT] DRV8874 FAULT ACTIVE (over-current/over-temp/under-voltage) (cmd was 160 at the time)
[1786047611.057189337] [FAULT] DRV8874 cleared (cmd was 158 at the time)
[1786047611.058252337] [FAULT] DRV8874 FAULT ACTIVE (over-current/over-temp/under-voltage) (cmd was 157 at the time)
[1786047611.060124337] [FAULT] DRV8874 FAULT ACTIVE (over-current/over-temp/under-voltage) (cmd was 155 at the time)
[1786047611.062021337] [FAULT] DRV8874 FAULT ACTIVE (over-current/over-temp/under-voltage) (cmd was 153 at the time)
[1786047611.063758337] [FAULT] DRV8874 cleared (cmd was 152 at the time)
[1786047611.064785337] [FAULT] DRV8874 cleared (cmd was 151 at the time)
[1786047611.065804337] [FAULT] DRV8874 cleared (cmd was 150 at the time)
[1786047611.066951337] [FAULT] DRV8874 FAULT ACTIVE (over-current/over-temp/under-voltage) (cmd was 150 at the time)
[1786047611.068727337] [FAULT] DRV8874 FAULT ACTIVE (over-current/over-temp/under-voltage) (cmd was 148 at the time)
[1786047611.070550337] [FAULT] DRV8874 cleared (cmd was 146 at the time)
[1786047611.071587337] [FAULT] DRV8874 FAULT ACTIVE (over-current/over-temp/under-voltage) (cmd was 145 at the time)
[1786047611.073464337] [FAULT] DRV8874 FAULT ACTIVE (over-current/over-temp/under-voltage) (cmd was 143 at the time)
[1786047611.075309337] [FAULT] DRV8874 cleared (cmd was 142 at the time)
[1786047611.076367337] [FAULT] DRV8874 FAULT ACTIVE (over-current/over-temp/under-voltage) (cmd was 141 at the time)
[1786047611.078205337] [FAULT] DRV8874 cleared (cmd was 139 at the time)
[1786047611.079258337] [FAULT] DRV8874 FAULT ACTIVE (over-current/over-temp/under-voltage) (cmd was 138 at the time)
[1786047611.081082337] [FAULT] DRV8874 cleared (cmd was 136 at the time)
[1786047611.082096337] [FAULT] DRV8874 cleared (cmd was 135 at the time)
[1786047611.083151337] [FAULT] DRV8874 FAULT ACTIVE (over-current/over-temp/under-voltage) (cmd was 135 at the time)
[1786047611.085004337] [FAULT] DRV8874 cleared (cmd was 133 at the time)
[1786047611.086031337] [FAULT] DRV8874 cleared (cmd was 132 at the time)
[1786047611.087047337] [FAULT] DRV8874 cleared (cmd was 131 at the time)
[1786047611.088104337] [FAULT] DRV8874 FAULT ACTIVE (over-current/over-temp/under-voltage) (cmd was 130 at the time)
[1786047611.089927337] [FAULT] DRV8874 cleared (cmd was 129 at the time)
[1786047611.095074337] t:232.27s enc:0.0 des:12579.8 err:12579.8 cur:160 cmd:125 | pub:1ms ret:0 lp:61
[1786047611.096731337] [FAULT] DRV8874 cleared (cmd was 124 at the time)
[1786047611.097806337] [FAULT] DRV8874 cleared (cmd was 123 at the time)
[1786047611.098924337] [FAULT] DRV8874 cleared (cmd was 122 at the time)
[1786047611.099926337] [FAULT] DRV8874 cleared (cmd was 121 at the time)
[1786047611.100950337] [FAULT] DRV8874 cleared (cmd was 120 at the time)
[1786047611.102009337] [FAULT] DRV8874 FAULT ACTIVE (over-current/over-temp/under-voltage) (cmd was 119 at the time)
[1786047611.103806337] [FAULT] DRV8874 cleared (cmd was 118 at the time)
[1786047611.104957337] [FAULT] DRV8874 cleared (cmd was 116 at the time)
[1786047611.105972337] [FAULT] DRV8874 cleared (cmd was 116 at the time)
[1786047611.107016337] [FAULT] DRV8874 FAULT ACTIVE (over-current/over-temp/under-voltage) (cmd was 115 at the time)
[1786047611.108751337] [FAULT] DRV8874 cleared (cmd was 114 at the time)
[1786047611.109801337] [FAULT] DRV8874 FAULT ACTIVE (over-current/over-temp/under-voltage) (cmd was 113 at the time)
[1786047611.111653337] [FAULT] DRV8874 cleared (cmd was 112 at the time)
[1786047611.112706337] [FAULT] DRV8874 FAULT ACTIVE (over-current/over-temp/under-voltage) (cmd was 111 at the time)
[1786047611.114556337] [FAULT] DRV8874 cleared (cmd was 109 at the time)
[1786047611.115578337] [FAULT] DRV8874 cleared (cmd was 108 at the time)
[1786047611.116597337] [FAULT] DRV8874 cleared (cmd was 108 at the time)
[1786047611.117601337] [FAULT] DRV8874 cleared (cmd was 107 at the time)
[1786047611.118660337] [FAULT] DRV8874 FAULT ACTIVE (over-current/over-temp/under-voltage) (cmd was 106 at the time)
[1786047611.120501337] [FAULT] DRV8874 cleared (cmd was 105 at the time)
[1786047611.121553337] [FAULT] DRV8874 FAULT ACTIVE (over-current/over-temp/under-voltage) (cmd was 104 at the time)
[1786047611.123518337] [FAULT] DRV8874 FAULT ACTIVE (over-current/over-temp/under-voltage) (cmd was 102 at the time)
[1786047611.125409337] [FAULT] DRV8874 cleared (cmd was 101 at the time)
[1786047611.126423337] [FAULT] DRV8874 cleared (cmd was 100 at the time)
[1786047611.127438337] [FAULT] DRV8874 cleared (cmd was 99 at the time)
[1786047611.128671337] [FAULT] DRV8874 cleared (cmd was 99 at the time)
[1786047611.130019337] [FAULT] DRV8874 FAULT ACTIVE (over-current/over-temp/under-voltage) (cmd was 97 at the time)
[1786047611.131741337] [FAULT] DRV8874 cleared (cmd was 96 at the time)
[1786047611.132728337] [FAULT] DRV8874 cleared (cmd was 96 at the time)
[1786047611.133744337] [FAULT] DRV8874 cleared (cmd was 95 at the time)
[1786047611.134806337] [FAULT] DRV8874 FAULT ACTIVE (over-current/over-temp/under-voltage) (cmd was 94 at the time)
[1786047611.136647337] [FAULT] DRV8874 cleared (cmd was 93 at the time)
[1786047611.137638337] [FAULT] DRV8874 cleared (cmd was 92 at the time)
[1786047611.138631337] [FAULT] DRV8874 cleared (cmd was 91 at the time)
[1786047611.139617337] [FAULT] DRV8874 cleared (cmd was 91 at the time)
[1786047611.140643337] [FAULT] DRV8874 FAULT ACTIVE (over-current/over-temp/under-voltage) (cmd was 90 at the time)
[1786047611.142446337] [FAULT] DRV8874 cleared (cmd was 88 at the time)
[1786047611.143458337] [FAULT] DRV8874 cleared (cmd was 88 at the time)
[1786047611.144476337] [FAULT] DRV8874 cleared (cmd was 87 at the time)
[1786047611.145498337] [FAULT] DRV8874 cleared (cmd was 86 at the time)
[1786047611.146695337] [FAULT] DRV8874 cleared (cmd was 86 at the time)
[1786047611.148109337] [FAULT] DRV8874 FAULT ACTIVE (over-current/over-temp/under-voltage) (cmd was 84 at the time)
[1786047611.150001337] [FAULT] DRV8874 FAULT ACTIVE (over-current/over-temp/under-voltage) (cmd was 83 at the time)
[1786047611.151746337] [FAULT] DRV8874 cleared (cmd was 82 at the time)
[1786047611.152980337] [FAULT] DRV8874 cleared (cmd was 82 at the time)
[1786047611.154031337] [FAULT] DRV8874 cleared (cmd was 80 at the time)
[1786047611.155091337] [FAULT] DRV8874 FAULT ACTIVE (over-current/over-temp/under-voltage) (cmd was 80 at the time)
[1786047611.156798337] [FAULT] DRV8874 cleared (cmd was 79 at the time)
[1786047611.157800337] [FAULT] DRV8874 cleared (cmd was 78 at the time)
[1786047611.158799337] [FAULT] DRV8874 cleared (cmd was 78 at the time)
[1786047611.159799337] [FAULT] DRV8874 cleared (cmd was 77 at the time)
[1786047611.160799337] [FAULT] DRV8874 cleared (cmd was 76 at the time)
[1786047611.161921337] [FAULT] DRV8874 cleared (cmd was 76 at the time)
[1786047611.162917337] [FAULT] DRV8874 cleared (cmd was 75 at the time)
[1786047611.163936337] [FAULT] DRV8874 cleared (cmd was 74 at the time)
[1786047611.164941337] [FAULT] DRV8874 cleared (cmd was 74 at the time)
[1786047611.165935337] [FAULT] DRV8874 cleared (cmd was 73 at the time)
[1786047611.166934337] [FAULT] DRV8874 cleared (cmd was 72 at the time)
[1786047611.167934337] [FAULT] DRV8874 cleared (cmd was 72 at the time)
[1786047611.168945337] [FAULT] DRV8874 cleared (cmd was 71 at the time)
[1786047611.169930337] [FAULT] DRV8874 cleared (cmd was 71 at the time)
[1786047611.170932337] [FAULT] DRV8874 cleared (cmd was 70 at the time)
[1786047611.171932337] [FAULT] DRV8874 cleared (cmd was 69 at the time)
[1786047611.172934337] [FAULT] DRV8874 cleared (cmd was 69 at the time)
[1786047611.173943337] [FAULT] DRV8874 cleared (cmd was 68 at the time)
[1786047611.174951337] [FAULT] DRV8874 cleared (cmd was 67 at the time)
[1786047611.175942337] [FAULT] DRV8874 cleared (cmd was 67 at the time)
[1786047611.176929337] [FAULT] DRV8874 cleared (cmd was 66 at the time)
[1786047611.177926337] [FAULT] DRV8874 cleared (cmd was 66 at the time)
[1786047611.178934337] [FAULT] DRV8874 cleared (cmd was 65 at the time)
[1786047611.179930337] [FAULT] DRV8874 cleared (cmd was 64 at the time)
3 at the time)
[1786047611.182944337] [FAULT] DRV8874 FAULT ACTIVE (over-current/over-temp/under-voltage) (cmd was 63 at the time)
[1786047611.184705337] [FAULT] DRV8874 FAULT ACTIVE (over-current/over-temp/under-voltage) (cmd was 61 at the time)
[1786047611.186581337] [FAULT] DRV8874 cleared (cmd was 60 at the time)
[1786047611.187561337] [FAULT] DRV8874 cleared (cmd was 60 at the time)
[1786047611.188600337] [FAULT] DRV8874 FAULT ACTIVE (over-current/over-temp/under-voltage) (cmd was 59 at the time)
[1786047611.193092337] t:232.37s enc:0.0 des:5737.7 err:5737.7 cur:47 cmd:57 | pub:1ms ret:0 lp:78
[1786047611.194753337] [FAULT] DRV8874 cleared (cmd was 56 at the time)
[1786047611.195989337] [FAULT] DRV8874 cleared (cmd was 55 at the time)
[1786047611.196987337] [FAULT] DRV8874 cleared (cmd was 54 at the time)
[1786047611.197974337] [FAULT] DRV8874 cleared (cmd was 53 at the time)
[1786047611.198953337] [FAULT] DRV8874 cleared (cmd was 53 at the time)
[1786047611.199940337] [FAULT] DRV8874 cleared (cmd was 53 at the time)
[1786047611.200931337] [FAULT] DRV8874 cleared (cmd was 52 at the time)
[1786047611.201950337] [FAULT] DRV8874 cleared (cmd was 51 at the time)
[1786047611.202938337] [FAULT] DRV8874 cleared (cmd was 51 at the time)
[1786047611.203948337] [FAULT] DRV8874 cleared (cmd was 51 at the time)
[1786047611.204949337] [FAULT] DRV8874 cleared (cmd was 50 at the time)
[1786047611.205937337] [FAULT] DRV8874 cleared (cmd was 50 at the time)
[1786047611.206909337] [FAULT] DRV8874 cleared (cmd was 49 at the time)
[1786047611.207948337] [FAULT] DRV8874 FAULT ACTIVE (over-current/over-temp/under-voltage) (cmd was 49 at the time)
[1786047611.209658337] [FAULT] DRV8874 cleared (cmd was 48 at the time)
[1786047611.210653337] [FAULT] DRV8874 cleared (cmd was 47 at the time)
[1786047611.211676337] [FAULT] DRV8874 cleared (cmd was 47 at the time)
[1786047611.212668337] [FAULT] DRV8874 cleared (cmd was 46 at the time)
[1786047611.213680337] [FAULT] DRV8874 cleared (cmd was 45 at the time)
[1786047611.214689337] [FAULT] DRV8874 cleared (cmd was 45 at the time)
[1786047611.215687337] [FAULT] DRV8874 cleared (cmd was 44 at the time)
[1786047611.216685337] [FAULT] DRV8874 cleared (cmd was 44 at the time)
[1786047611.217732337] [FAULT] DRV8874 cleared (cmd was 43 at the time)
[1786047611.218777337] [FAULT] DRV8874 cleared (cmd was 43 at the time)
[1786047611.219770337] [FAULT] DRV8874 cleared (cmd was 42 at the time)
[1786047611.220761337] [FAULT] DRV8874 cleared (cmd was 42 at the time)
[1786047611.221757337] [FAULT] DRV8874 cleared (cmd was 42 at the time)
[1786047611.222751337] [FAULT] DRV8874 cleared (cmd was 41 at the time)
0 at the time)
[1786047611.225804337] [FAULT] DRV8874 cleared (cmd was 40 at the time)
[1786047611.226954337] [FAULT] DRV8874 cleared (cmd was 39 at the time)
[1786047611.227988337] [FAULT] DRV8874 FAULT ACTIVE (over-current/over-temp/under-voltage) (cmd was 38 at the time)
[1786047611.229730337] [FAULT] DRV8874 cleared (cmd was 38 at the time)
[1786047611.230782337] [FAULT] DRV8874 cleared (cmd was 37 at the time)
[1786047611.231925337] [FAULT] DRV8874 cleared (cmd was 37 at the time)
[1786047611.232994337] [FAULT] DRV8874 cleared (cmd was 36 at the time)
[1786047611.234034337] [FAULT] DRV8874 cleared (cmd was 35 at the time)
[1786047611.235038337] [FAULT] DRV8874 cleared (cmd was 35 at the time)
[1786047611.236027337] [FAULT] DRV8874 cleared (cmd was 35 at the time)
[1786047611.237000337] [FAULT] DRV8874 cleared (cmd was 34 at the time)
[1786047611.237984337] [FAULT] DRV8874 cleared (cmd was 34 at the time)
[1786047611.238955337] [FAULT] DRV8874 cleared (cmd was 33 at the time)
[1786047611.239930337] [11.241777337] [FAULT] DRV8874 cleared (cmd was 32 at the time)
[1786047611.242748337] [FAULT] DRV8874 cleared (cmd was 32 at the time)
[1786047611.243747337] [FAULT] DRV8874 cleared (cmd was 31 at the time)
[1786047611.245193337] [FAULT] DRV8874 cleared (cmd was 31 at the time)
[1786047611.246370337] [FAULT] DRV8874 cleared (cmd was 30 at the time)
[1786047611.247344337] [FAULT] DRV8874 cleared (cmd was 30 at the time)
[1786047611.248333337] [FAULT] DRV8874 cleared (cmd was 29 at the time)
[1786047611.249380337] [FAULT] DRV8874 cleared (cmd was 29 at the time)
[1786047611.250409337] [FAULT] DRV8874 cleared (cmd was 29 at the time)
[1786047611.251477337] [FAULT] DRV8874 cleared (cmd was 28 at the time)
[1786047611.252448337] [FAULT] DRV8874 cleared (cmd was 28 at the time)
[1786047611.253441337] [FAULT] DRV8874 cleared (cmd was 27 at the time)
[1786047611.25441733047611.256322337] [FAULT] DRV8874 cleared (cmd was 26 at the time)
[1786047611.257282337] [FAULT] DRV8874 cleared (cmd was 26 at the time)
[1786047611.258234337] [FAULT] DRV8874 cleared (cmd was 25 at the time)
[1786047611.259186337] [FAULT] DRV8874 cleared (cmd was 25 at the time)
[1786047611.260136337] [FAULT] DRV8874 cleared (cmd was 25 at the time)
[1786047611.261099337] [FAULT] DRV8874 cleared (cmd was 24 at the time)
[1786047611.262050337] [FAULT] DRV8874 cleared (cmd was 24 at the time)
[1786047611.263058337] [FAULT] DRV8874 cleared (cmd was 24 at the time)
[1786047611.264069337] [FAULT] DRV8874 cleared (cmd was 23 at the time)
[1786047611.265135337] [FAULT] DRV8874 cleared (cmd was 23 at the time)
[17860he time)
[1786047611.268029337] [FAULT] DRV8874 cleared (cmd was 22 at the time)
[1786047611.268968337] [FAULT] DRV8874 cleared (cmd was 21 at the time)
[1786047611.269806337] [FAULT] DRV8874 cleared (cmd was 21 at the time)
[1786047611.270749337] [FAULT] DRV8874 cleared (cmd was 21 at the time)
[1786047611.271670337] [FAULT] DRV8874 cleared (cmd was 21 at the time)
[1786047611.272595337] [11.274468337] [FAULT] DRV8874 cleared (cmd was 20 at the time)
[1786047611.275388337] [FAULT] DRV8874 cleared (cmd was 19 at the time)
[1786047611.276301337] [FAULT] DRV8874 cleared (cmd was 19 at the time)
[1786047611.277227337] [FAULT] DRV8874 cleared (cmd was 19 at the time)
[1786047611.278145337] [FAULT] DRV8874 cleared (cmd was 18 at the time)
[1786047611.279081337] [FAULT] DRV8874 cleared (cmd was 18 at the time)
[1786047611.280089337] [FAULT] DRV8874 cleared (cmd was 18 at the time)
[1786047611.281147337] [11.283045337] [FAULT] DRV8874 cleared (cmd was 17 at the time)
[1786047611.283980337] [FAULT] DRV8874 cleared (cmd was 16 at the time)
[1786047611.284800337] [FAULT] DRV8874 cleared (cmd was 16 at the time)
[1786047611.285732337] [FAULT] DRV8874 cleared (cmd was 16 at the time)
[1786047611.286638337] [FAULT] DRV8874 cleared (cmd was 16 at the time)
[1786047611.287551337] [FAULT] DRV8874 cleared (cmd was 16 at the time)
[1786047611.288450337] [FAULT] DRV8874 cleared (cmd was 15 at the time)
[1786047611.289369337] [FAULT] DRV8874 cleared (cmd was 15 at the time)
[1786047611.293468337] t:232.47s enc:0.0 des:1455.8 err:1455.8 cur:39 cmd:14 | pub:0ms ret:0 lp:95
[1786047611.295093337] [FAULT] DRV8874 FAULT ACTIVE (over-current/over-temp/under-voltage) (cmd was 13 at the time)
[1786047611.297045337] [FAULT] DRV8874 FAULT ACTIVE (over-current/over-temp/under-voltage) (cmd was 13 at the time)
[1786047611.298904337] [FAULT] DRV8874 cleared (cmd was 12 at the time)
[1786047611.299760337] [FAULT] DRV8874 FAULT ACTIVE (over-current/over-temp/under-voltage) (cmd was 12 at the time)
[1786047611.301484337] [FAULT] DRV8874 FAULT ACTIVE (over-current/over-temp/under-voltage) (cmd was 12 at the time)
[1786047611.303119337] [FAULT] DRV8874 cleared (cmd was 11 at the time)
[1786047611.304002337] [FAULT] DRV8874 cleared (cmd was 11 at the time)
[1786047611.304795337] [FAULT] DRV8874 cleared (cmd was 11 at the time)
[1786047611.305750337] [FAULT] DRV8874 FAULT ACTIVE (over-current/over-temp/under-voltage) (cmd was 11 at the time)
[1786047611.307292337] [FAULT] DRV8874 cleared (cmd was 10 at the time)
[1786047611.392434337] t:232.57s enc:0.0 des:0.7 err:0.7 cur:0 cmd:0 | pub:0ms ret:0 lp:11331
[1786047611.478127337] [FAULT] DRV8874 FAULT ACTIVE (over-current/over-temp/under-voltage) (cmd was 10 at the time)
[1786047611.479734337] [FAULT] DRV8874 cleared (cmd was 10 at the time)
[1786047611.480597337] [FAULT] DRV8874 cleared (cmd was 10 at the time)
[1786047611.481483337] [FAULT] DRV8874 cleared (cmd was 10 at the time)
[1786047611.482370337] [FAULT] DRV8874 cleared (cmd was 11 at the time)
[1786047611.483280337] [FAULT] DRV8874 cleared (cmd was 11 at the time)
[1786047611.484220337] [FAULT] DRV8874 cleared (cmd was 11 at the time)
[1786047611.485169337] [FAULT] DRV8874 cleared (cmd was 11 at the time)
[1786047611.486144337] [FAULT] DRV8874 FAULT ACTIVE (over-current/over-temp/under-voltage) (cmd was 12 at the time)
[1786047611.487799337] [FAULT] DRV8874 FAULT ACTIVE (over-current/over-temp/under-voltage) (cmd was 12 at the time)
[1786047611.489559337] [FAULT] DRV8874 FAULT ACTIVE (over-current/over-temp/under-voltage) (cmd was 13 at the time)
[1786047611.494551337] t:232.67s enc:0.0 des:1411.7 err:1411.7 cur:79 cmd:14 | pub:0ms ret:0 lp:11607
[1786047611.496143337] [FAULT] DRV8874 cleared (cmd was 14 at the time)
[1786047611.497098337] [FAULT] DRV8874 cleared (cmd was 15 at the time)
[1786047611.498020337] [FAULT] DRV8874 cleared (cmd was 15 at the time)
[1786047611.498933337] [FAULT] DRV8874 cleared (cmd was 15 at the time)
[1786047611.499754337] [FAULT] DRV8874 cleared (cmd was 15 at the time)
[1786047611.500672337] [FAULT] DRV8874 cleared (cmd was 16 at the time)
[1786047611.501583337] [FAULT] DRV8874 cleared (cmd was 16 at the time)
[1786047611.502499337] [FAULT] DRV8874 cleared (cmd was 16 at the time)
[1786047611.503420337] [FAULT] DRV8874 cleared (cmd was 17 at the time)
[1786047611.504351337] [FAULT] DRV8874 cleared (cmd was 17 at the time)
[1786047611.505275337] [FAULT] DRV8874 cleared (cmd was 17 at the time)
[1786047611.506192337] [FAULT] DRV8874 cleared (cmd was 18 at the time)
[1786047611.507102337] [FAULT] DRV8874 cleared (cmd was 18 at the time)
[1786047611.508021337] [FAULT] DRV8874 cleared (cmd was 18 at the time)
[1786047611.508935337] [FAULT] DRV8874 cleared (cmd was 18 at the time)
[1786047611.509751337] [FAULT] DRV8874 cleared (cmd was 19 at the time)
[1786047611.510668337] [FAULT] DRV8874 cleared (cmd was 19 at the time)
[1786047611.511577337] [FAULT] DRV8874 cleared (cmd was 19 at the time)
[1786047611.512485337] [FAULT] DRV8874 cleared (cmd was 19 at the time)
[1786047611.513402337] [FAULT] DRV8874 cleared (cmd was 20 at the time)
[1786047611.514343337] [FAULT] DRV8874 cleared (cmd was 20 at the time)
[1786047611.515279337] [11.517154337] [FAULT] DRV8874 cleared (cmd was 21 at the time)
[1786047611.518095337] [FAULT] DRV8874 cleared (cmd was 22 at the time)
[1786047611.519032337] [FAULT] DRV8874 cleared (cmd was 22 at the time)
[1786047611.519961337] [FAULT] DRV8874 cleared (cmd was 22 at the time)
[1786047611.520798337] [FAULT] DRV8874 cleared (cmd was 22 at the time)
[1786047611.521738337] [FAULT] DRV8874 cleared (cmd was 23 at the time)
[1786047611.522658337] [FAULT] DRV8874 cleared (cmd was 23 at the time)
[1786047611.523609337] [FAULT] D8337] [FAULT] DRV8874 cleared (cmd was 24 at the time)
[1786047611.526451337] [FAULT] DRV8874 cleared (cmd was 24 at the time)
[1786047611.527397337] [FAULT] DRV8874 cleared (cmd was 25 at the time)
[1786047611.528341337] [FAULT] DRV8874 cleared (cmd was 25 at the time)
[1786047611.529286337] [FAULT] DRV8874 cleared (cmd was 26 at the time)
[1786047611.530243337] [FAULT] DRV8874 cleared (cmd was 26 at the time)
[1786047611.531187337] [FAULT] DRV8874 cleared (cmd was 26 at the time)
[1786047611.532142337] [FAULT] DRV8874 cleared (cmd was 27 at the time)
[178604e time)
[1786047611.535176337] [FAULT] DRV8874 cleared (cmd was 28 at the time)
[1786047611.536140337] [FAULT] DRV8874 cleared (cmd was 28 at the time)
[1786047611.537100337] [FAULT] DRV8874 cleared (cmd was 29 at the time)
[1786047611.538119337] [FAULT] DRV8874 cleared (cmd was 29 at the time)
[1786047611.539122337] [FAULT] DRV8874 cleared (cmd was 30 at the time)
[1786047611.540103337] [FAULT] DRV8874 cleared (cmd was 30 at the time)
[1786047611.541079337] [FAULT] DRV8874 cleared (cmd was 30 at the time)
1 at the time)
[1786047611.544004337] [FAULT] DRV8874 cleared (cmd was 32 at the time)
[1786047611.545237337] [FAULT] DRV8874 cleared (cmd was 32 at the time)
[1786047611.546395337] [FAULT] DRV8874 cleared (cmd was 33 at the time)
[1786047611.547532337] [FAULT] DRV8874 cleared (cmd was 33 at the time)
[1786047611.548524337] [FAULT] DRV8874 cleared (cmd was 33 at the time)
[1786047611.549509337] [FAULT] DRV8874 cleared (cmd was 34 at the time)
[1786047611.550477337] [FAULT] DRV8874 cleared (cmd was 34 at the time)
[1786047611.551481337] [FAULT] DRV8874 cleared (cmd was 35 at the time)
[1786047611.552608337] [FAULT] DRV8874 cleared (cmd was 35 at the time)
[1786047611.553637337] [FAULT] DRV8874 cleared (cmd was 36 at the time)
[1786047611.554671337] [FAULT] DRV8874 cleared (cmd was 36 at the time)
[1786047611.555661337] [FAULT] DRV8874 cleared (cmd was 37 at the time)
[1786047611.556696337] [FAULT] DRV8874 FAULT ACTIVE (over-current/over-temp/under-voltage) (cmd was 37 at the time)
[1786047611.558497337] [FAULT] DRV8874 cleared (c8874 cleared (cmd was 39 at the time)
[1786047611.561472337] [FAULT] DRV8874 cleared (cmd was 39 at the time)
[1786047611.562478337] [FAULT] DRV8874 cleared (cmd was 40 at the time)
[1786047611.563476337] [FAULT] DRV8874 cleared (cmd was 40 at the time)
[1786047611.564486337] [FAULT] DRV8874 cleared (cmd was 41 at the time)
[1786047611.565487337] [FAULT] DRV8874 cleared (cmd was 41 at the time)
[1786047611.566480337] [FAULT] DRV8874 cleared (cmd was 42 at the time)
[1786047611.567474337] [FAULT] DRV8874 cleared (cmd was 42 at the time)
[1786047611.568464337] [FAULT] DRV8874 cleared (cmd was 43 at the time)
[1786047611.569453337] [FAULT] DRV8874 cleared (cmd was 43 at the time)
[1786047611.570446337] [FAULT] DRV8874 cleared (cmd was 44 at the time)
[1786047611.57143886047611.573431337] [FAULT] DRV8874 cleared (cmd was 45 at the time)
[1786047611.574439337] [FAULT] DRV8874 cleared (cmd was 46 at the time)
[1786047611.575436337] [FAULT] DRV8874 cleared (cmd was 46 at the time)
[1786047611.576431337] [FAULT] DRV8874 cleared (cmd was 47 at the time)
[1786047611.577418337] [FAULT] DRV8874 cleared (cmd was 47 at the time)
[1786047611.578409337] [FAULT] DRV8874 cleared (cmd was 48 at the time)
[1786047611.579444337] [FAULT] DRV8874 FAULT ACTIVE (over-current/over-temp/under-voltage) (cmd was 48 at the time)
[1786047611.581252337] [FAULT] DRV8874 cleared (cmd was 49 at the time)
[1786047611.582240337] [FAULT] DRV8874 cleared (cmd was 50 at the time)
[1786047611.583235337] [FAULT] DRV8874 cleared (cmd was 50 at the time)
[1786047611.584239337] [FAULT] DRV8874 cleared (cmd was 51 at the time)
[1786047611.e)
[1786047611.587247337] [FAULT] DRV8874 cleared (cmd was 53 at the time)
[1786047611.588235337] [FAULT] DRV8874 cleared (cmd was 53 at the time)
[1786047611.589229337] [FAULT] DRV8874 cleared (cmd was 54 at the time)
[1786047611.590216337] [FAULT] DRV8874 cleared (cmd was 54 at the time)
[1786047611.593647337] t:232.77s enc:0.0 des:5557.2 err:5557.2 cur:135 cmd:55 | pub:0ms ret:0 lp:96
[1786047611.595381337] [FAULT] DRV8874 cleared (cmd was 57 at the time)
[1786047611.596379337] [FAULT] DRV8874 cleared (cmd was 58 at the time)
[1786047611.597367337] [FAULT] DRV8874 cleared (cmd was 58 at the time)
[1786047611.598346337] [FAULT] DRV8874 cleared (cmd was 59 at the time)
[1786047611.599331337] [FAULT] DRV8874 cleared (cmd was 59 at the time)
[1786047611.600326337] [FAULT] DRV8874 cleared (cmd was 60 at the time)
[1786047611.601352337] [FAULT] DRV8874 FAULT ACTIVE (over-current/over-temp/under-voltage) (cmd was 60 at the time)
[1786047611.603151337] [FAULT] DRV8874 cleared (cmd was 62 at the time)
[1786047611.604153337] [FAULT] DRV8874 cleared (cmd was 62 at the time)
[1786047611.605159337] [FAULT] DRV8874 cleared (cmd was 63 at the time)
[1786047611.606200337] [FAULT] DRV8874 FAULT ACTIVE (over-current/over-temp/under-voltage) (cmd was 63 at the time)
[1786047611.607997337] [FAULT] DRV8874 cleared (cmd was 65 at the time)
[1786047611.608987337] [FAULT] DRV8874 cleared (cmd was 65 at the time)
[1786047611.609979337] [FAULT] DRV8874 cleared (cmd was 66 at the time)
[1786047611.610969337] [FAULT] DRV8874 cleared (cmd was 66 at the time)
[1786047611.611959337] [FAULT] DRV8874 cleared (cmd was 67 at the time)
[1786047611.612996337] [FAULT] DRV8874 FAULT ACTIVE (over-current/over-temp/under-voltage) (cmd was 68 at the time)
[1786047611.614722337] [FAULT] DRV8874 cleared (cmd was 68 at the time)
[1786047611.615727337] [FAULT] DRV8874 cleared (cmd was 69 at the time)
[1786047611.616720337] [FAULT] DRV8874 cleared (cmd was 70 at the time)
[1786047611.617742337] [FAULT] DRV8874 FAULT ACTIVE (over-current/over-temp/under-voltage) (cmd was 70 at the time)
[1786047611.619544337] [FAULT] DRV8874 cleared (cmd was 71 at the time)
[1786047611.620530337] [FAULT] DRV8874 cleared (cmd was 72 at the time)
[1786047611.621511337] [FAULT] DRV8874 cleared (V8874 cleared (cmd was 74 at the time)
[1786047611.624489337] [FAULT] DRV8874 cleared (cmd was 75 at the time)
[1786047611.625489337] [FAULT] DRV8874 cleared (cmd was 75 at the time)
[1786047611.626473337] [FAULT] DRV8874 cleared (cmd was 76 at the time)
[1786047611.627468337] [FAULT] DRV8874 cleared (cmd was 77 at the time)
[1786047611.628493337] [FAULT] DRV8874 FAULT ACTIVE (over-current/over-temp/under-voltage) (cmd was 77 at the time)
[1786047611.630298337] [FAULT] DRV8874 cleared (cmd was 79 at the time)
[1786047611.631284337] [FAULT] DRV8874 cleared (cmd was 79 at the time)
[1786047611.632271337] [FAULT] DRV8874 cleared (cmd was 80 at the time)
[1786047611.633266337] [FAULT] DRV8874 cleared (cmd was 81 at the time)
[1786047611.634255337] [FAULT] DRV8874 cleared (cmd was 81 at the time)
[1786047611.635394337] [FAULT] DRV8874 FAULT ACTIVE (over-current/over-temp/under-voltage) (cmd was 82 at the time)
[1786047611.637240337] [FAULT] DRV8874 cleared (cmd was 83 at the time)
[ at the time)
[1786047611.640244337] [FAULT] DRV8874 cleared (cmd was 85 at the time)
[1786047611.641295337] [FAULT] DRV8874 cleared (cmd was 86 at the time)
[1786047611.642307337] [FAULT] DRV8874 cleared (cmd was 87 at the time)
[1786047611.643375337] [FAULT] DRV8874 FAULT ACTIVE (over-current/over-temp/under-voltage) (cmd was 87 at the time)
[1786047611.645625337] [FAULT] DRV8874 FAULT ACTIVE (over-current/over-temp/under-voltage) (cmd was 89 at the time)
[1786047611.647501337] [FAULT] DRV8874 cleared (cmd was 90 at the time)
[1786047611.648492337] [FAULT] DRV8874 cleared (cmd was 91 at the time)
[1786047611.649569337] [FAULT] DRV8874 cleared (cmd was 92 at the time)
[1786047611.650655337] [FAULT] DRV8874 FAULT ACTIVE (over-current/over-temp/under-voltage) (cmd was 92 at the time)
[1786047611.652484337] [FAULT] DRV8874 cleared (cmd was 94 at the time)
[1786047611.653487337] [FAULT] DRV8874 cleared (cmd was 95 at the time)
[1786047611.654514337] [FAULT] DRV8874 cleared (cmd was 95 at the time)
[1786047611.655523337] [FAULT] DRV8874 cleared (cmd was 96 at the time)
[1786047611.656521337] [FAULT] DRV8874 cleared (cmd was 97 at the time)
[1786047611.657552337] [FAULT] DRV8874 FAULT ACTIVE (over-current/over-temp/under-voltage) (cmd was 97 at the time)
[1786047611.659401337] [FAULT] DRV8874 FAULT ACTIVE (over-current/over-temp/under-voltage) (cmd was 99 at the time)
[1786047611.661202337] [FAULT] DRV8874 cleared (cmd was 100 at the time)
[1786047611.662220337] [FAULT] DRV8874 cleared (cmd was 101 at the time)
[1786047611.663235337] [FAULT] DRV887md was 103 at the time)
[1786047611.666144337] [FAULT] DRV8874 cleared (cmd was 104 at the time)
[1786047611.667207337] [FAULT] DRV8874 FAULT ACTIVE (over-current/over-temp/under-voltage) (cmd was 105 at the time)
[1786047611.669030337] [FAULT] DRV8874 cleared (cmd was 106 at the time)
[1786047611.670043337] [FAULT] DRV8874 cleared (cmd was 107 at the time)
[1786047611.671051337] [FAULT] DRV8874 cleared (cmd was 108 at the time)
[1786047611.672100337] [FAULT] DRV8874 FAULT ACTIVE (over-current/over-temp/under-voltage) (cmd was 109 at the time)
[1786047611.673938337] [FAULT] DRV8874 cleared (cmd was 110 at the time)
[1786047611.674960337] [FAULT] DRV8874 cleared (cmd was 111 at the time)
[1786047611.675979337] [FAULT] DRV8874 cleared (cmd was 112 at the time)
[1786047611.676992337] [FAULT] DRV8874 cleared (cmd was 113 at the time)
[1786047611.677994337] [FAULT] DRV8874 cleared (cmd was 113 at the time)
[1786047611.679048337] [FAULT] DRV8874 FAULT ACTIVE (over-current/over-temp/under-voltage) (cmd was 114 at the time)
[1786047611.680785337] [FAULT] DRV8874 cleared (cmd was 115 at the time)
[1786047611.681792337]der-voltage) (cmd was 117 at the time)
[1786047611.684705337] [FAULT] DRV8874 cleared (cmd was 118 at the time)
[1786047611.685754337] [FAULT] DRV8874 FAULT ACTIVE (over-current/over-temp/under-voltage) (cmd was 119 at the time)
[1786047611.687587337] [FAULT] DRV8874 cleared (cmd was 121 at the time)
[1786047611.688589337] [FAULT] DRV8874 cleared (cmd was 122 at the time)
[1786047611.689600337] [FAULT] DRV8874 cleared (cmd was 122 at the time)
[1786047611.690644337] [FAULT] DRV8874 FAULT ACTIVE (over-current/over-temp/under-voltage) (cmd was 123 at the time)
[1786047611.695452337] t:232.87s enc:0.0 des:12752.3 err:12752.3 cur:75 cmd:127 | pub:1ms ret:0 lp:81
[1786047611.697281337] [FAULT] DRV8874 cleared (cmd was 129 at the time)
[1786047611.698356337] [FAULT] DRV8874 FAULT ACTIVE (over-current/over-temp/under-voltage) (cmd was 130 at the time)
[1786047611.700178337] [FAULT] DRV8874 cleared (cmd was 132 at the time)
[1786047611.701185337] [FAULT] DRV8874 cleared (cmd was 132 at the time)
[1786047611.702250337] [FAULT] DRV8874 FAULT ACTIVE (over-current/over-temp/under-voltage) (cmd was 133 at the time)
[1786047611.704076337] [FAULT] DRV8874 cleared (cmd was 135 at the time)
[1786047611.705107337] [FAULT] DRV8874 cleared (cmd was 136 at the time)
[1786047611.706129337] [FAULT] DRV8874 cleared (cmd was 137 at the time)
[1786047611.707144337] [FAULT] DRV8874 cleared (cmd was 138 at the time)
[1786047611.708147337] [FAULT] DRV8874 cleared (cmd was 138 at the time)
[1786047611.709201337] [FAULT] DRV8874 FAULT ACTIVE (over-current/over-temp/under-voltage) (cmd was 139 at the time)
[1786047611.711057337] [FAULT] DRV8874 FAULT ACTIVE (over-current/over-temp/under-voltage) (cmd was 141 at the time)
[1786047611.712799337] [FAULT] DRV8874 cleared (cmd was 142 at the time)
[1786047611.713951337] [FAULT] DRV8874 FAULT ACTIVE (over-current/over-temp/under-voltage) (cmd was 143 at the time)
[1786047611.715693337] [FAULT] DRV8874 cleared (cmd was 145 at the time)
[1786047611.716759337] [FAULT] DRV8874 FAULT ACTIVE (over-current/over-temp/under-voltage) (cmd was 146 at the time)
[1786047611.718591337] [FAULT] DRV8874 cleared (cmd was 147 at the time)
[1786047611.719591337] [FAULT] DRV8874 cleared (cmd was 148 at the time)
[1786047611.720600337] [FAULT] DRV8874 cleared (cmd was 149 at the time)
[1786047611.721638337] [FAULT] DRV8874 FAULT ACTIVE (over-current/over-temp/under-voltage) (cmd was 150 at the time)
[1786047611.723501337] [FAULT] DRV8874 FAULT ACTIVE (over-current/over-temp/under-voltage) (cmd was 152 at the time)
[1786047611.725374337] [FAULT] DRV8874 FAULT ACTIVE (over-current/over-temp/under-voltage) (cmd was 154 at the time)
[1786047611.727256337] [FAULT] DRV8874 FAULT ACTIVE (over-current/over-temp/under-voltage) (cmd was 155 at the time)
[1786047611.729099337] [FAULT] DRV8874 cleared (cmd was 157 at the time)
[1786047611.730160337] [FAULT] DRV8874 FAULT ACTIVE (over-current/over-temp/under-voltage) (cmd was 158 at the time)
[1786047611.731985337] [FAULT] DRV8874 cleared (cmd was 160 at the time)
[1786047611.732998337] [FAULT] DRV8874 cleared (cmd was 161 at the time)
[1786047611.734055337] [FAULT] DRV8874 FAULT ACTIVE (over-current/over-temp/under-voltage) (cmd was 162 at the time)
[1786047611.735907337] [FAULT] DRV8874 cleared (cmd was 163 at the time)
[1786047611.736966337] [FAULT] DRV8874 FAULT ACTIVE (over-current/over-temp/under-voltage) (cmd was 164 at the time)
[1786047611.738779337] [FAULT] DRV8874 cleared (cmd was 166 at the time)
[1786047611.739976337] [FAULT] DRV8874 FAULT ACTIVE (over-current/over-temp/under-voltage) (cmd was 167 at the time)
[1786047611.741704337] [FAULT] DRV8874 cleared (cmd was 169 at the time)
[1786047611.742782337] [FAULT] DRV8874 FAULT ACTIVE (over-current/over-temp/under-voltage) (cmd was 170 at the time)
[1786047611.744688337] [FAULT] DRV8874 cleared (cmd was 172 at the time)
[1786047611.746161337] [FAULT] DRV8874 cleared (cmd was 172 at the time)
[1786047611.747258337] [FAULT] DRV8874 cleared (cmd was 174 at the time)
[1786047611.748289337] [FAULT] DRV8874 cleared (cmd was 175 at the time)
[1786047611.749304337] [FAULT] DRV8874 cleared (cmd was 176 at the time)
[1786047611.750369337] [FAULT] DRV8874 FAULT ACTIVE (over-current/over-temp/under-voltage) (cmd was 177 at the time)
[1786047611.752305337] [FAULT] DRV8874 cleared (cmd was 179 at the time)
[1786047611.753356337] [FAULT] DRV8874 cleared (cmd was 180 at the time)
[1786047611.754418337] [FAULT] DRV8874 FAULT ACTIVE (over-current/over-temp/under-voltage) (cmd was 181 at the time)
[1786047611.756325337] [FAULT] DRV8874 FAULT ACTIVE (over-current/over-temp/under-voltage) (cmd was 183 at the time)
[1786047611.758152337] [FAULT] DRV8874 cleared (cmd was 185 at the time)
[1786047611.759206337] [FAULT] DRV8874 FAULT ACTIVE (over-current/over-temp/under-voltage) (cmd was 186 at the time)
[1786047611.761072337] [FAULT] DRV8874 FAULT ACTIVE (over-current/over-temp/under-voltage) (cmd was 188 at the time)
[1786047611.762946337] [FAULT] DRV8874 FAULT ACTIVE (over-current/over-temp/under-voltage) (cmd was 189 at the time)
[1786047611.764710337] [FAULT] DRV8874 cleared (cmd was 191 at the time)
[1786047611.766052337] [FAULT] DRV8874 FAULT ACTIVE (over-current/over-temp/under-voltage) (cmd was 192 at the time)
[1786047611.767977337] [FAULT] DRV8874 FAULT ACTIVE (over-current/over-temp/under-voltage) (cmd was 194 at the time)
[1786047611.769747337] [FAULT] DRV8874 FAULT ACTIVE (over-current/over-temp/under-voltage) (cmd was 196 at the time)
[1786047611.771611337] [FAULT] DRV8874 FAULT ACTIVE (over-current/over-temp/under-voltage) (cmd was 199 at the time)
[1786047611.773478337] [FAULT] DRV8874 FAULT ACTIVE (over-current/over-temp/under-voltage) (cmd was 201 at the time)
[1786047611.775297337] [FAULT] DRV8874 cleared (cmd was 203 at the time)
[1786047611.776374337] [FAULT] DRV8874 FAULT ACTIVE (over-current/over-temp/under-voltage) (cmd was 204 at the time)
[1786047611.778257337] [FAULT] DRV8874 FAULT ACTIVE (over-current/over-temp/under-voltage) (cmd was 206 at the time)
[1786047611.780131337] [FAULT] DRV8874 FAULT ACTIVE (over-current/over-temp/under-voltage) (cmd was 208 at the time)
[1786047611.781999337] [FAULT] DRV8874 FAULT ACTIVE (over-current/over-temp/under-voltage) (cmd was 210 at the time)
[1786047611.783746337] [FAULT] DRV8874 cleared (cmd was 211 at the time)
[1786047611.784790337] [FAULT] DRV8874 FAULT ACTIVE (over-current/over-temp/under-voltage) (cmd was 212 at the time)
[1786047611.786680337] [FAULT] DRV8874 FAULT ACTIVE (over-current/over-temp/under-voltage) (cmd was 214 at the time)
[1786047611.788566337] [FAULT] DRV8874 FAULT ACTIVE (over-current/over-temp/under-voltage) (cmd was 216 at the time)
[1786047611.790426337] [FAULT] DRV8874 FAULT ACTIVE (over-current/over-temp/under-voltage) (cmd was 219 at the time)
[1786047611.795596337] t:232.97s enc:0.0 des:22343.7 err:22343.7 cur:52 cmd:223 | pub:0ms ret:0 lp:64
[1786047611.797390337] [FAULT] DRV8874 FAULT ACTIVE (over-current/over-temp/under-voltage) (cmd was 226 at the time)
[1786047611.799246337] [FAULT] DRV8874 cleared (cmd was 228 at the time)
[1786047611.800314337] [FAULT] DRV8874 FAULT ACTIVE (over-current/over-temp/under-voltage) (cmd was 230 at the time)
[1786047611.802176337] [FAULT] DRV8874 FAULT ACTIVE (over-current/over-temp/under-voltage) (cmd was 232 at the time)
[1786047611.804036337] [FAULT] DRV8874 FAULT ACTIVE (over-current/over-temp/under-voltage) (cmd was 234 at the time)
[1786047611.805911337] [FAULT] DRV8874 FAULT ACTIVE (over-current/over-temp/under-voltage) (cmd was 235 at the time)
[1786047611.807684337] [FAULT] DRV8874 FAULT ACTIVE (over-current/over-temp/under-voltage) (cmd was 237 at the time)
[1786047611.809547337] [FAULT] DRV8874 FAULT ACTIVE (over-current/over-temp/under-voltage) (cmd was 240 at the time)
[1786047611.811402337] [FAULT] DRV8874 FAULT ACTIVE (over-current/over-temp/under-voltage) (cmd was 242 at the time)
[1786047611.813247337] [FAULT] DRV8874 FAULT ACTIVE (over-current/over-temp/under-voltage) (cmd was 244 at the time)
[1786047611.815097337] [FAULT] DRV8874 FAULT ACTIVE (over-current/over-temp/under-voltage) (cmd was 246 at the time)
[1786047611.816953337] [FAULT] DRV8874 FAULT ACTIVE (over-current/over-temp/under-voltage) (cmd was 248 at the time)
[1786047611.818694337] [FAULT] DRV8874 FAULT ACTIVE (over-current/over-temp/under-voltage) (cmd was 250 at the time)
[1786047611.820515337] [FAULT] DRV8874 FAULT ACTIVE (over-current/over-temp/under-voltage) (cmd was 252 at the time)
[1786047611.822298337] [FAULT] DRV8874 FAULT ACTIVE (over-current/over-temp/under-voltage) (cmd was 254 at the time)
[1786047611.823957337] [FAULT] DRV8874 FAULT ACTIVE (over-current/over-temp/under-voltage) (cmd was 255 at the time)
[1786047611.894493337] t:233.07s enc:0.0 des:34342.1 err:34342.1 cur:0 cmd:255 | pub:0ms ret:0 lp:9173
[1786047611.994598337] t:233.17s enc:0.0 des:48743.5 err:48743.5 cur:0 cmd:255 | pub:0ms ret:0 lp:13272
[1786047612.094382337] t:233.27s enc:0.0 des:65217.3 err:65217.3 cur:0 cmd:255 | pub:0ms ret:0 lp:13244
[1786047612.194591337] t:233.37s enc:0.0 des:83650.2 err:83650.2 cur:0 cmd:255 | pub:0ms ret:0 lp:13306
[1786047612.294330337] t:233.47s enc:0.0 des:103304.6 err:103304.6 cur:0 cmd:255 | pub:0ms ret:0 lp:13245
[1786047612.394566337] t:233.57s enc:0.0 des:124320.3 err:124320.3 cur:0 cmd:255 | pub:0ms ret:0 lp:13306
[1786047612.494414337] t:233.67s enc:0.0 des:146210.9 err:146210.9 cur:0 cmd:255 | pub:0ms ret:0 lp:13271
[1786047612.594584337] t:233.77s enc:0.0 des:168806.6 err:168806.6 cur:0 cmd:255 | pub:0ms ret:0 lp:13291
[1786047612.694452337] t:233.87s enc:0.0 des:191405.7 err:191405.7 cur:0 cmd:255 | pub:0ms ret:0 lp:13262
[1786047612.794493337] t:233.97s enc:0.0 des:213668.9 err:213668.9 cur:0 cmd:255 | pub:0ms ret:0 lp:13268
[1786047612.894568337] t:234.07s enc:0.0 des:235724.2 err:235724.2 cur:0 cmd:255 | pub:0ms ret:0 lp:13277
[1786047612.994666337] t:234.17s enc:0.0 des:256750.2 err:256750.2 cur:0 cmd:255 | pub:0ms ret:0 lp:13275
[1786047613.094508337] t:234.27s enc:0.0 des:276398.0 err:276398.0 cur:0 cmd:255 | pub:0ms ret:0 lp:13251
[1786047613.179156337] teleop freq received: 0.000 Hz
[1786047613.179831337] Computed phase shift: 27.377 rad
[1786047613.194307337] t:234.37s enc:0.0 des:292278.6 err:292278.6 cur:0 cmd:255 | pub:0ms ret:0 lp:13137
[1786047613.294491337] t:234.47s enc:0.0 des:292278.6 err:292278.6 cur:0 cmd:255 | pub:0ms ret:0 lp:13320
[1786047613.394570337] t:234.57s enc:0.0 des:292278.6 err:292278.6 cur:0 cmd:255 | pub:0ms ret:0 lp:13278
[1786047613.494531337] t:234.67s enc:0.0 des:292278.6 err:292278.6 cur:0 cmd:255 | pub:0ms ret:0 lp:13271
[1786047613.594632337] t:234.77s enc:0.0 des:292278.6 err:292278.6 cur:0 cmd:255 | pub:0ms ret:0 lp:13284
[1786047613.694457337] t:234.87s enc:0.0 des:292278.6 err:292278.6 cur:0 cmd:255 | pub:0ms ret:0 lp:13260
[1786047613.794535337] t:234.97s enc:0.0 des:292278.6 err:292278.6 cur:0 cmd:255 | pub:0ms ret:0 lp:13292
[1786047613.894520337] t:235.07s enc:0.0 des:292278.6 err:292278.6 cur:0 cmd:255 | pub:0ms ret:0 lp:13285
[1786047613.994240337] t:235.17s enc:0.0 des:292278.6 err:292278.6 cur:0 cmd:255 | pub:0ms ret:0 lp:13287
[1786047614.095008337] t:235.27s enc:0.0 des:292278.6 err:292278.6 cur:0 cmd:255 | pub:1ms ret:0 lp:13343
[1786047614.194619337] t:235.37s enc:0.0 des:292278.6 err:292278.6 cur:0 cmd:255 | pub:0ms ret:0 lp:13234
[1786047614.294588337] t:235.47s enc:0.0 des:292278.6 err:292278.6 cur:0 cmd:255 | pub:0ms ret:0 lp:13259
[1786047614.394654337] t:235.57s enc:0.0 des:292278.6 err:292278.6 cur:0 cmd:255 | pub:0ms ret:0 lp:13259
[1786047614.494397337] t:235.67s enc:0.0 des:292278.6 err:292278.6 cur:0 cmd:255 | pub:0ms ret:0 lp:13270
[1786047614.594591337] t:235.77s enc:0.0 des:292278.6 err:292278.6 cur:0 cmd:255 | pub:0ms ret:0 lp:13304
[1786047614.694538337] t:235.87s enc:0.0 des:292278.6 err:292278.6 cur:0 cmd:255 | pub:0ms ret:0 lp:13282
[1786047614.794519337] t:235.97s enc:0.0 des:292278.6 err:292278.6 cur:0 cmd:255 | pub:0ms ret:0 lp:13283
[1786047614.894487337] t:236.07s enc:0.0 des:292278.6 err:292278.6 cur:0 cmd:255 | pub:0ms ret:0 lp:13293
[1786047614.994638337] t:236.17s enc:0.0 des:292278.6 err:292278.6 cur:0 cmd:255 | pub:0ms ret:0 lp:13305
[1786047615.094627337] t:236.27s enc:0.0 des:292278.6 err:292278.6 cur:0 cmd:255 | pub:0ms ret:0 lp:13272
[1786047615.289050337] [watchdog] ping result: 0 | ros_connected: 1 | heap: 178424
[1786047615.292590337] t:236.47s enc:0.0 des:292278.6 err:292278.6 cur:0 cmd:255 | pub:0ms ret:0 lp:12719
[1786047615.392611337] t:236.57s enc:0.0 des:292278.6 err:292278.6 cur:0 cmd:255 | pub:0ms ret:0 lp:13257
[1786047615.492771337] t:236.67s enc:0.0 des:292278.6 err:292278.6 cur:0 cmd:255 | pub:1ms ret:0 lp:13252
[1786047615.592571337] t:236.77s enc:0.0 des:292278.6 err:292278.6 cur:0 cmd:255 | pub:0ms ret:0 lp:13249
[1786047615.692614337] t:236.87s enc:0.0 des:292278.6 err:292278.6 cur:0 cmd:255 | pub:0ms ret:0 lp:13291
[1786047615.792536337] t:236.97s enc:0.0 des:292278.6 err:292278.6 cur:0 cmd:255 | pub:0ms ret:0 lp:13261
[1786047615.796253337] Encoder zeroed on mode switch
[1786047615.799464337] [sync:mode_switch] round-trip 3ms | epoch=1786047615801612441 ns (1786047615.801)
[1786047615.802439441] Sinusoid time and phase reset
[1786047615.803196441] [FAULT] DRV8874 cleared (cmd was -0 at the time)
[1786047615.804026441] Control mode set to: POSITION
[1786047615.893316441] t:237.07s enc:0.0 des:0.0 err:0.0 cur:-0 cmd:-0 | pub:0ms ret:0 lp:12988
[1786047615.993143441] t:237.17s enc:0.0 des:0.0 err:0.0 cur:-0 cmd:-0 | pub:0ms ret:0 lp:13370
[1786047616.093276441] t:237.27s enc:0.0 des:0.0 err:0.0 cur:-0 cmd:-0 | pub:0ms ret:0 lp:13389
[1786047616.193464441] t:237.37s enc:0.0 des:0.0 err:0.0 cur:-0 cmd:-0 | pub:0ms ret:0 lp:13376
[1786047616.226138441] Encoder zeroed on mode switch
[1786047616.229275441] [sync:mode_switch] round-trip 3ms | epoch=1786047616230578616 ns (1786047616.230)
[1786047616.231410616] Sinusoid time and phase reset
[1786047616.232202616] Control mode set to: FREQ_SWEEP
[1786047616.293325616] t:237.47s enc:0.0 des:0.0 err:0.0 cur:-0 cmd:-0 | pub:0ms ret:0 lp:13166
[1786047616.393628616] t:237.57s enc:0.0 des:0.0 err:0.0 cur:-0 cmd:-0 | pub:1ms ret:0 lp:13352
[1786047616.493425616] t:237.67s enc:0.0 des:0.0 err:0.0 cur:-0 cmd:-0 | pub:0ms ret:0 lp:13305
[1786047616.593386616] t:237.77s enc:0.0 des:0.0 err:0.0 cur:-0 cmd:-0 | pub:0ms ret:0 lp:13308
[1786047616.693182616] t:237.87s enc:0.0 des:0.0 err:0.0 cur:-0 cmd:-0 | pub:0ms ret:0 lp:13340
[1786047616.793371616] t:237.97s enc:0.0 des:0.0 err:0.0 cur:-0 cmd:-0 | pub:0ms ret:0 lp:13357
[1786047616.893283616] t:238.07s enc:0.0 des:0.0 err:0.0 cur:-0 cmd:-0 | pub:0ms ret:0 lp:13341
[1786047616.993375616] t:238.17s enc:0.0 des:0.0 err:0.0 cur:-0 cmd:-0 | pub:0ms ret:0 lp:13357
[1786047617.093263616] t:238.27s enc:0.0 des:0.0 err:0.0 cur:-0 cmd:-0 | pub:0ms ret:0 lp:13345
[1786047617.193330616] t:238.37s enc:0.0 des:0.0 err:0.0 cur:-0 cmd:-0 | pub:0ms ret:0 lp:13364
[1786047617.293375616] t:238.47s enc:0.0 des:0.0 err:0.0 cur:-0 cmd:-0 | pub:0ms ret:0 lp:13351
[1786047617.393314616] t:238.57s enc:0.0 des:0.0 err:0.0 cur:-0 cmd:-0 | pub:0ms ret:0 lp:13341
[1786047617.493524616] t:238.67s enc:0.0 des:0.0 err:0.0 cur:-0 cmd:-0 | pub:0ms ret:0 lp:13356
[1786047617.593291616] t:238.77s enc:0.0 des:0.0 err:0.0 cur:-0 cmd:-0 | pub:0ms ret:0 lp:13318
[1786047617.693410616] t:238.87s enc:0.0 des:0.0 err:0.0 cur:-0 cmd:-0 | pub:0ms ret:0 lp:13332
[1786047617.793335616] t:238.97s enc:0.0 des:0.0 err:0.0 cur:-0 cmd:-0 | pub:0ms ret:0 lp:13329
[1786047617.893334616] t:239.07s enc:0.0 des:0.0 err:0.0 cur:-0 cmd:-0 | pub:0ms ret:0 lp:13349
[1786047617.993342616] t:239.17s enc:0.0 des:0.0 err:0.0 cur:-0 cmd:-0 | pub:0ms ret:0 lp:13351
[1786047618.093235616] t:239.27s enc:0.0 des:0.0 err:0.0 cur:-0 cmd:-0 | pub:0ms ret:0 lp:13358
[1786047618.193048616] t:239.37s enc:0.0 des:0.0 err:0.0 cur:-0 cmd:-0 | pub:0ms ret:0 lp:13373
[1786047618.293416616] t:239.47s enc:0.0 des:0.0 err:0.0 cur:-0 cmd:-0 | pub:0ms ret:0 lp:13412
[1786047618.393373616] t:239.57s enc:0.0 des:0.0 err:0.0 cur:-0 cmd:-0 | pub:0ms ret:0 lp:13345
[1786047618.493362616] t:239.67s enc:0.0 des:0.0 err:0.0 cur:-0 cmd:-0 | pub:0ms ret:0 lp:13349
[1786047618.593513616] t:239.77s enc:0.0 des:0.0 err:0.0 cur:-0 cmd:-0 | pub:0ms ret:0 lp:13347
[1786047618.693241616] t:239.87s enc:0.0 des:0.0 err:0.0 cur:-0 cmd:-0 | pub:0ms ret:0 lp:13328
[1786047618.793348616] t:239.97s enc:0.0 des:0.0 err:0.0 cur:-0 cmd:-0 | pub:0ms ret:0 lp:13353
[1786047618.893383616] t:240.07s enc:0.0 des:0.0 err:0.0 cur:-0 cmd:-0 | pub:0ms ret:0 lp:13322
[1786047618.993345616] t:240.17s enc:0.0 des:0.0 err:0.0 cur:-0 cmd:-0 | pub:0ms ret:0 lp:13347
[1786047619.093390616] t:240.27s enc:0.0 des:0.0 err:0.0 cur:-0 cmd:-0 | pub:0ms ret:0 lp:13354
[1786047619.193472616] t:240.37s enc:0.0 des:0.0 err:0.0 cur:-0 cmd:-0 | pub:0ms ret:0 lp:13348
[1786047619.293425616] t:240.47s enc:0.0 des:0.0 err:0.0 cur:-0 cmd:-0 | pub:0ms ret:0 lp:13328
[1786047619.393214616] t:240.57s enc:0.0 des:0.0 err:0.0 cur:-0 cmd:-0 | pub:0ms ret:0 lp:13335
[1786047619.493344616] t:240.67s enc:0.0 des:0.0 err:0.0 cur:-0 cmd:-0 | pub:0ms ret:0 lp:13362
[1786047619.593452616] t:240.77s enc:0.0 des:0.0 err:0.0 cur:-0 cmd:-0 | pub:0ms ret:0 lp:13355
[1786047619.693382616] t:240.87s enc:0.0 des:0.0 err:0.0 cur:-0 cmd:-0 | pub:0ms ret:0 lp:13297
[1786047619.793338616] t:240.97s enc:0.0 des:0.0 err:0.0 cur:-0 cmd:-0 | pub:0ms ret:0 lp:13327
[1786047619.893360616] t:241.07s enc:0.0 des:0.0 err:0.0 cur:-0 cmd:-0 | pub:0ms ret:0 lp:13334
[1786047619.993358616] t:241.17s enc:0.0 des:0.0 err:0.0 cur:-0 cmd:-0 | pub:0ms ret:0 lp:13332
[1786047620.093501616] t:241.27s enc:0.0 des:0.0 err:0.0 cur:-0 cmd:-0 | pub:0ms ret:0 lp:13334
[1786047620.290013616] [watchdog] ping result: 0 | ros_connected: 1 | heap: 178424
[1786047620.293494616] t:241.47s enc:0.0 des:0.0 err:0.0 cur:-0 cmd:-0 | pub:0ms ret:0 lp:13030
[1786047620.392407616] t:241.57s enc:0.0 des:0.0 err:0.0 cur:-0 cmd:-0 | pub:0ms ret:0 lp:13180
[1786047620.492477616] t:241.67s enc:0.0 des:0.0 err:0.0 cur:-0 cmd:-0 | pub:0ms ret:0 lp:13317
[1786047620.592338616] t:241.77s enc:0.0 des:0.0 err:0.0 cur:-0 cmd:-0 | pub:0ms ret:0 lp:13310
[1786047620.692440616] t:241.87s enc:0.0 des:0.0 err:0.0 cur:-0 cmd:-0 | pub:0ms ret:0 lp:13340
[1786047620.792372616] t:241.97s enc:0.0 des:0.0 err:0.0 cur:-0 cmd:-0 | pub:0ms ret:0 lp:13281
[1786047620.892301616] t:242.07s enc:0.0 des:0.0 err:0.0 cur:-0 cmd:-0 | pub:0ms ret:0 lp:13339
[1786047620.992462616] t:242.17s enc:0.0 des:0.0 err:0.0 cur:-0 cmd:-0 | pub:0ms ret:0 lp:13358
[1786047621.092258616] t:242.27s enc:0.0 des:0.0 err:0.0 cur:-0 cmd:-0 | pub:0ms ret:0 lp:13326
[1786047621.192443616] t:242.37s enc:0.0 des:0.0 err:0.0 cur:-0 cmd:-0 | pub:0ms ret:0 lp:13358
[1786047621.292410616] t:242.47s enc:0.0 des:0.0 err:0.0 cur:-0 cmd:-0 | pub:0ms ret:0 lp:13330
[1786047621.392340616] t:242.57s enc:0.0 des:0.0 err:0.0 cur:-0 cmd:-0 | pub:0ms ret:0 lp:13329
[1786047621.492156616] t:242.67s enc:0.0 des:0.0 err:0.0 cur:-0 cmd:-0 | pub:0ms ret:0 lp:13344
[1786047621.592410616] t:242.77s enc:0.0 des:0.0 err:0.0 cur:-0 cmd:-0 | pub:0ms ret:0 lp:13375
[1786047621.692265616] t:242.87s enc:0.0 des:0.0 err:0.0 cur:-0 cmd:-0 | pub:0ms ret:0 lp:13337
[1786047621.792247616] t:242.97s enc:0.0 des:0.0 err:0.0 cur:-0 cmd:-0 | pub:0ms ret:0 lp:13353
[1786047621.892375616] t:243.07s enc:0.0 des:0.0 err:0.0 cur:-0 cmd:-0 | pub:0ms ret:0 lp:13337
[1786047621.992173616] t:243.17s enc:0.0 des:0.0 err:0.0 cur:-0 cmd:-0 | pub:0ms ret:0 lp:13331
[1786047622.092512616] t:243.27s enc:0.0 des:0.0 err:0.0 cur:-0 cmd:-0 | pub:0ms ret:0 lp:13358
[1786047622.192173616] t:243.37s enc:0.0 des:0.0 err:0.0 cur:-0 cmd:-0 | pub:0ms ret:0 lp:13316
[1786047622.292179616] t:243.47s enc:0.0 des:0.0 err:0.0 cur:-0 cmd:-0 | pub:0ms ret:0 lp:13370
[1786047622.392060616] t:243.57s enc:0.0 des:0.0 err:0.0 cur:-0 cmd:-0 | pub:0ms ret:0 lp:13374
[1786047622.492702616] t:243.67s enc:0.0 des:0.0 err:0.0 cur:-0 cmd:-0 | pub:1ms ret:0 lp:13402
[1786047622.592359616] t:243.77s enc:0.0 des:0.0 err:0.0 cur:-0 cmd:-0 | pub:0ms ret:0 lp:13283
[1786047622.692417616] t:243.87s enc:0.0 des:0.0 err:0.0 cur:-0 cmd:-0 | pub:0ms ret:0 lp:13344
[1786047622.792372616] t:243.97s enc:0.0 des:0.0 err:0.0 cur:-0 cmd:-0 | pub:0ms ret:0 lp:13337
[1786047622.892248616] t:244.07s enc:0.0 des:0.0 err:0.0 cur:-0 cmd:-0 | pub:0ms ret:0 lp:13342
[1786047622.992369616] t:244.17s enc:0.0 des:0.0 err:0.0 cur:-0 cmd:-0 | pub:0ms ret:0 lp:13345
[1786047623.092399616] t:244.27s enc:0.0 des:0.0 err:0.0 cur:-0 cmd:-0 | pub:0ms ret:0 lp:13321
[1786047623.192426616] t:244.37s enc:0.0 des:0.0 err:0.0 cur:-0 cmd:-0 | pub:0ms ret:0 lp:13349
[1786047623.292443616] t:244.47s enc:0.0 des:0.0 err:0.0 cur:-0 cmd:-0 | pub:0ms ret:0 lp:13338
[1786047623.392500616] t:244.57s enc:0.0 des:0.0 err:0.0 cur:-0 cmd:-0 | pub:0ms ret:0 lp:13333
[1786047623.492406616] t:244.67s enc:0.0 des:0.0 err:0.0 cur:-0 cmd:-0 | pub:0ms ret:0 lp:13322
[1786047623.592232616] t:244.77s enc:0.0 des:0.0 err:0.0 cur:-0 cmd:-0 | pub:0ms ret:0 lp:13343
[1786047623.692452616] t:244.87s enc:0.0 des:0.0 err:0.0 cur:-0 cmd:-0 | pub:0ms ret:0 lp:13359
[1786047623.792380616] t:244.97s enc:0.0 des:0.0 err:0.0 cur:-0 cmd:-0 | pub:0ms ret:0 lp:13325
[1786047623.892436616] t:245.07s enc:0.0 des:0.0 err:0.0 cur:-0 cmd:-0 | pub:0ms ret:0 lp:13347
[1786047623.992386616] t:245.17s enc:0.0 des:0.0 err:0.0 cur:-0 cmd:-0 | pub:0ms ret:0 lp:13335
[1786047624.092376616] t:245.27s enc:0.0 des:0.0 err:0.0 cur:-0 cmd:-0 | pub:0ms ret:0 lp:13350
[1786047624.192323616] t:245.37s enc:0.0 des:0.0 err:0.0 cur:-0 cmd:-0 | pub:0ms ret:0 lp:13325
[1786047624.292355616] t:245.47s enc:0.0 des:0.0 err:0.0 cur:-0 cmd:-0 | pub:0ms ret:0 lp:13345
[1786047624.392454616] t:245.57s enc:0.0 des:0.0 err:0.0 cur:-0 cmd:-0 | pub:0ms ret:0 lp:13353
[1786047624.492412616] t:245.67s enc:0.0 des:0.0 err:0.0 cur:-0 cmd:-0 | pub:0ms ret:0 lp:13334
[1786047624.592450616] t:245.77s enc:0.0 des:0.0 err:0.0 cur:-0 cmd:-0 | pub:0ms ret:0 lp:13346
[1786047624.692457616] t:245.87s enc:0.0 des:0.0 err:0.0 cur:-0 cmd:-0 | pub:0ms ret:0 lp:13335
[1786047624.792208616] t:245.97s enc:0.0 des:0.0 err:0.0 cur:-0 cmd:-0 | pub:0ms ret:0 lp:13318
[1786047624.892340616] t:246.07s enc:0.0 des:0.0 err:0.0 cur:-0 cmd:-0 | pub:0ms ret:0 lp:13366
[1786047624.992333616] t:246.17s enc:0.0 des:0.0 err:0.0 cur:-0 cmd:-0 | pub:0ms ret:0 lp:13352
[1786047625.092245616] t:246.27s enc:0.0 des:0.0 err:0.0 cur:-0 cmd:-0 | pub:0ms ret:0 lp:13353
[1786047625.290019616] [watchdog] ping result: 0 | ros_connected: 1 | heap: 178424
[1786047625.293482616] t:246.47s enc:0.0 des:0.0 err:0.0 cur:-0 cmd:-0 | pub:0ms ret:0 lp:13212
[1786047625.393275616] t:246.57s enc:0.0 des:0.0 err:0.0 cur:-0 cmd:-0 | pub:0ms ret:0 lp:13324
[1786047625.493133616] t:246.67s enc:0.0 des:0.0 err:0.0 cur:-0 cmd:-0 | pub:0ms ret:0 lp:13352
[1786047625.593385616] t:246.77s enc:0.0 des:0.0 err:0.0 cur:-0 cmd:-0 | pub:0ms ret:0 lp:13351
[1786047625.693298616] t:246.87s enc:0.0 des:0.0 err:0.0 cur:-0 cmd:-0 | pub:0ms ret:0 lp:13334
[1786047625.793274616] t:246.97s enc:0.0 des:0.0 err:0.0 cur:-0 cmd:-0 | pub:0ms ret:0 lp:13345
[1786047625.893319616] t:247.07s enc:0.0 des:0.0 err:0.0 cur:-0 cmd:-0 | pub:0ms ret:0 lp:13351
[1786047625.993321616] t:247.17s enc:0.0 des:0.0 err:0.0 cur:-0 cmd:-0 | pub:0ms ret:0 lp:13357
[1786047626.093297616] t:247.27s enc:0.0 des:0.0 err:0.0 cur:-0 cmd:-0 | pub:0ms ret:0 lp:13355
[1786047626.193354616] t:247.37s enc:0.0 des:0.0 err:0.0 cur:-0 cmd:-0 | pub:0ms ret:0 lp:13347
[1786047626.293334616] t:247.47s enc:0.0 des:0.0 err:0.0 cur:-0 cmd:-0 | pub:0ms ret:0 lp:13349
[1786047626.393397616] t:247.57s enc:0.0 des:0.0 err:0.0 cur:-0 cmd:-0 | pub:0ms ret:0 lp:13323
[1786047626.493336616] t:247.67s enc:0.0 des:0.0 err:0.0 cur:-0 cmd:-0 | pub:0ms ret:0 lp:13342
[1786047626.593253616] t:247.77s enc:0.0 des:0.0 err:0.0 cur:-0 cmd:-0 | pub:0ms ret:0 lp:13347
[1786047626.693040616] t:247.87s enc:0.0 des:0.0 err:0.0 cur:-0 cmd:-0 | pub:0ms ret:0 lp:13373
[1786047626.794094616] t:247.97s enc:0.0 des:0.0 err:0.0 cur:-0 cmd:-0 | pub:0ms ret:0 lp:13399
[1786047626.893271616] t:248.07s enc:0.0 des:0.0 err:0.0 cur:-0 cmd:-0 | pub:0ms ret:0 lp:13255
[1786047626.993484616] t:248.17s enc:0.0 des:0.0 err:0.0 cur:-0 cmd:-0 | pub:0ms ret:0 lp:13357
[1786047627.093353616] t:248.27s enc:0.0 des:0.0 err:0.0 cur:-0 cmd:-0 | pub:0ms ret:0 lp:13327
[1786047627.193221616] t:248.37s enc:0.0 des:0.0 err:0.0 cur:-0 cmd:-0 | pub:0ms ret:0 lp:13351
[1786047627.293321616] t:248.47s enc:0.0 des:0.0 err:0.0 cur:-0 cmd:-0 | pub:0ms ret:0 lp:13366
[1786047627.393384616] t:248.57s enc:0.0 des:0.0 err:0.0 cur:-0 cmd:-0 | pub:0ms ret:0 lp:13358
[1786047627.493334616] t:248.67s enc:0.0 des:0.0 err:0.0 cur:-0 cmd:-0 | pub:0ms ret:0 lp:13349
[1786047627.593462616] t:248.77s enc:0.0 des:0.0 err:0.0 cur:-0 cmd:-0 | pub:0ms ret:0 lp:13337
[1786047627.693366616] t:248.87s enc:0.0 des:0.0 err:0.0 cur:-0 cmd:-0 | pub:0ms ret:0 lp:13333
[1786047627.793172616] t:248.97s enc:0.0 des:0.0 err:0.0 cur:-0 cmd:-0 | pub:0ms ret:0 lp:13334
[1786047627.893177616] t:249.07s enc:0.0 des:0.0 err:0.0 cur:-0 cmd:-0 | pub:0ms ret:0 lp:13370
[1786047627.993334616] t:249.17s enc:0.0 des:0.0 err:0.0 cur:-0 cmd:-0 | pub:0ms ret:0 lp:13370
[1786047628.093426616] t:249.27s enc:0.0 des:0.0 err:0.0 cur:-0 cmd:-0 | pub:0ms ret:0 lp:13363
[1786047628.193332616] t:249.37s enc:0.0 des:0.0 err:0.0 cur:-0 cmd:-0 | pub:0ms ret:0 lp:13340
[1786047628.293550616] t:249.47s enc:0.0 des:0.0 err:0.0 cur:-0 cmd:-0 | pub:0ms ret:0 lp:13346
[1786047628.393364616] t:249.57s enc:0.0 des:0.0 err:0.0 cur:-0 cmd:-0 | pub:0ms ret:0 lp:13316
[1786047628.493346616] t:249.67s enc:0.0 des:0.0 err:0.0 cur:-0 cmd:-0 | pub:0ms ret:0 lp:13352
[1786047628.593385616] t:249.77s enc:0.0 des:0.0 err:0.0 cur:-0 cmd:-0 | pub:0ms ret:0 lp:13361
[1786047628.693382616] t:249.87s enc:0.0 des:0.0 err:0.0 cur:-0 cmd:-0 | pub:0ms ret:0 lp:13319
[1786047628.793377616] t:249.97s enc:0.0 des:0.0 err:0.0 cur:-0 cmd:-0 | pub:0ms ret:0 lp:13336
[1786047628.893451616] t:250.07s enc:0.0 des:0.0 err:0.0 cur:-0 cmd:-0 | pub:0ms ret:0 lp:13348
[1786047628.993478616] t:250.17s enc:0.0 des:0.0 err:0.0 cur:-0 cmd:-0 | pub:0ms ret:0 lp:13332
[1786047629.093353616] t:250.27s enc:0.0 des:0.0 err:0.0 cur:-0 cmd:-0 | pub:0ms ret:0 lp:13331
[1786047629.193440616] t:250.37s enc:0.0 des:0.0 err:0.0 cur:-0 cmd:-0 | pub:0ms ret:0 lp:13354
[1786047629.293413616] t:250.47s enc:0.0 des:0.0 err:0.0 cur:-0 cmd:-0 | pub:0ms ret:0 lp:13339
[1786047629.393319616] t:250.57s enc:0.0 des:0.0 err:0.0 cur:-0 cmd:-0 | pub:0ms ret:0 lp:13338
[1786047629.493397616] t:250.67s enc:0.0 des:0.0 err:0.0 cur:-0 cmd:-0 | pub:0ms ret:0 lp:13352
[1786047629.593415616] t:250.77s enc:0.0 des:0.0 err:0.0 cur:-0 cmd:-0 | pub:0ms ret:0 lp:13334
[1786047629.693255616] t:250.87s enc:0.0 des:0.0 err:0.0 cur:-0 cmd:-0 | pub:0ms ret:0 lp:13329
[1786047629.793188616] t:250.97s enc:0.0 des:0.0 err:0.0 cur:-0 cmd:-0 | pub:0ms ret:0 lp:13327
[1786047629.893335616] t:251.07s enc:0.0 des:0.0 err:0.0 cur:-0 cmd:-0 | pub:0ms ret:0 lp:13362
[1786047629.993284616] t:251.17s enc:0.0 des:0.0 err:0.0 cur:-0 cmd:-0 | pub:0ms ret:0 lp:13340
[1786047630.093310616] t:251.27s enc:0.0 des:0.0 err:0.0 cur:-0 cmd:-0 | pub:0ms ret:0 lp:13363
[1786047630.290016616] [watchdog] ping result: 0 | ros_connected: 1 | heap: 178424
[1786047630.293477616] t:251.47s enc:0.0 des:0.0 err:0.0 cur:-0 cmd:-0 | pub:0ms ret:0 lp:13078
[1786047630.393378616] t:251.57s enc:0.0 des:0.0 err:0.0 cur:-0 cmd:-0 | pub:0ms ret:0 lp:13322
[1786047630.493374616] t:251.67s enc:0.0 des:0.0 err:0.0 cur:-0 cmd:-0 | pub:0ms ret:0 lp:13349
[1786047630.593395616] t:251.77s enc:0.0 des:0.0 err:0.0 cur:-0 cmd:-0 | pub:0ms ret:0 lp:13352
[1786047630.693398616] t:251.87s enc:0.0 des:0.0 err:0.0 cur:-0 cmd:-0 | pub:0ms ret:0 lp:13339
[1786047630.793309616] t:251.97s enc:0.0 des:0.0 err:0.0 cur:-0 cmd:-0 | pub:0ms ret:0 lp:13332
[1786047630.893326616] t:252.07s enc:0.0 des:0.0 err:0.0 cur:-0 cmd:-0 | pub:0ms ret:0 lp:13351
[1786047630.993102616] t:252.17s enc:0.0 des:0.0 err:0.0 cur:-0 cmd:-0 | pub:0ms ret:0 lp:13339
[1786047631.093387616] t:252.27s enc:0.0 des:0.0 err:0.0 cur:-0 cmd:-0 | pub:0ms ret:0 lp:13393
[1786047631.193374616] t:252.37s enc:0.0 des:0.0 err:0.0 cur:-0 cmd:-0 | pub:0ms ret:0 lp:13356
[1786047631.293342616] t:252.47s enc:0.0 des:0.0 err:0.0 cur:-0 cmd:-0 | pub:0ms ret:0 lp:13353
[1786047631.393415616] t:252.57s enc:0.0 des:0.0 err:0.0 cur:-0 cmd:-0 | pub:0ms ret:0 lp:13327
[1786047631.493170616] t:252.67s enc:0.0 des:0.0 err:0.0 cur:-0 cmd:-0 | pub:0ms ret:0 lp:13347
[1786047631.593377616] t:252.77s enc:0.0 des:0.0 err:0.0 cur:-0 cmd:-0 | pub:0ms ret:0 lp:13375
[1786047631.693527616] t:252.87s enc:0.0 des:0.0 err:0.0 cur:-0 cmd:-0 | pub:0ms ret:0 lp:13345
[1786047631.793181616] t:252.97s enc:0.0 des:0.0 err:0.0 cur:-0 cmd:-0 | pub:0ms ret:0 lp:13316
[1786047631.893451616] t:253.07s enc:0.0 des:0.0 err:0.0 cur:-0 cmd:-0 | pub:0ms ret:0 lp:13374
[1786047631.993348616] t:253.17s enc:0.0 des:0.0 err:0.0 cur:-0 cmd:-0 | pub:0ms ret:0 lp:13335
[1786047632.093211616] t:253.27s enc:0.0 des:0.0 err:0.0 cur:-0 cmd:-0 | pub:0ms ret:0 lp:13330
[1786047632.193209616] t:253.37s enc:0.0 des:0.0 err:0.0 cur:-0 cmd:-0 | pub:0ms ret:0 lp:13362
