elapsed time,timestamp,topic,value
0.000272948,1785795211.313798386,/loadcell_data_filtered.wrench.force.z,320.19549483397805
0.000545895,1785795211.314071333,/loadcell_data_filtered.wrench.force.z,323.9141764319602
0.0008105990000000001,1785795211.314336037,/loadcell_data_filtered.wrench.force.z,327.1488204746731
0.001120986,1785795211.314646424,/loadcell_data_filtered.wrench.force.z,330.6609429195939
0.0013771710000000002,1785795211.314902609,/loadcell_data_filtered.wrench.force.z,332.52181533686417
0.001671114,1785795211.315196552,/loadcell_data_filtered.wrench.force.z,333.69529655172266
0.00193274,1785795211.315458178,/loadcell_data_filtered.wrench.force.z,334.0993120348888
0.002226473,1785795211.315751911,/loadcell_data_filtered.wrench.force.z,334.44759375965293
0.0035688950000000003,1785795211.317094333,/loadcell_data_filtered.wrench.force.z,335.5480606597271
0.003882627,1785795211.317408065,/loadcell_data_filtered.wrench.force.z,335.05408851399966
0.004073585,1785795211.317599023,/loadcell_data_filtered.wrench.force.z,335.88377664725624
0.006401506,1785795211.319926944,/loadcell_data_filtered.wrench.force.z,335.99271225310366
0.007228226000000001,1785795211.320753664,/loadcell_data_filtered.wrench.force.z,335.8171652241159
0.007576117,1785795211.321101555,/loadcell_data_filtered.wrench.force.z,336.445562362288
0.007826488000000001,1785795211.321351926,/loadcell_data_filtered.wrench.force.z,336.8435652134777
0.008050701,1785795211.321576139,/loadcell_data_filtered.wrench.force.z,336.89931480959655
0.008283889000000001,1785795211.321809327,/loadcell_data_filtered.wrench.force.z,331.9081311560668
0.008558926,1785795211.322084364,/loadcell_data_filtered.wrench.force.z,327.98017320208356
0.008791191,1785795211.322316629,/loadcell_data_filtered.wrench.force.z,324.495798041653
0.009029321,1785795211.322554759,/loadcell_data_filtered.wrench.force.z,320.2552594756095
0.009393237,1785795211.322918675,/loadcell_data_filtered.wrench.force.z,316.4590259562656
0.009811594,1785795211.323337032,/loadcell_data_filtered.wrench.force.z,314.92550218804064
0.010063886000000001,1785795211.323589324,/loadcell_data_filtered.wrench.force.z,314.2775297400669
0.010308851,1785795211.323834289,/loadcell_data_filtered.wrench.force.z,313.9830079644759
0.011614629000000001,1785795211.325140067,/loadcell_data_filtered.wrench.force.z,314.4226116201923
0.011842438,1785795211.325367876,/loadcell_data_filtered.wrench.force.z,314.28775021834275
0.012064757,1785795211.325590195,/loadcell_data_filtered.wrench.force.z,313.9861891834503
0.012263996000000001,1785795211.325789434,/loadcell_data_filtered.wrench.force.z,306.5885490803631
0.012460056,1785795211.325985494,/loadcell_data_filtered.wrench.force.z,306.9803697048466
0.012645985,1785795211.326171423,/loadcell_data_filtered.wrench.force.z,305.9446567224176
0.014295412,1785795211.327820850,/loadcell_data_filtered.wrench.force.z,305.9780064364974
0.014704798000000002,1785795211.328230236,/loadcell_data_filtered.wrench.force.z,305.4784343330704
0.015049659000000002,1785795211.328575097,/loadcell_data_filtered.wrench.force.z,303.1870446799974
0.015305876000000001,1785795211.328831314,/loadcell_data_filtered.wrench.force.z,306.38930470211244
0.015586706,1785795211.329112144,/loadcell_data_filtered.wrench.force.z,310.4350407045505
0.016098611000000002,1785795211.329624049,/loadcell_data_filtered.wrench.force.z,313.7978033032022
0.017052873,1785795211.330578311,/loadcell_data_filtered.wrench.force.z,316.5810432438055
0.017432935,1785795211.330958373,/loadcell_data_filtered.wrench.force.z,319.6526726870649
0.017795698000000002,1785795211.331321136,/loadcell_data_filtered.wrench.force.z,321.0065645916896
0.021059545000000002,1785795211.334584983,/loadcell_data_filtered.wrench.force.z,320.9871397317002
0.021432803,1785795211.334958241,/loadcell_data_filtered.wrench.force.z,320.91329997430194
0.021743165000000002,1785795211.335268603,/loadcell_data_filtered.wrench.force.z,322.11955303049433
0.022016555,1785795211.335541993,/loadcell_data_filtered.wrench.force.z,322.21769736752566
0.022282913,1785795211.335808351,/loadcell_data_filtered.wrench.force.z,323.38508393877123
0.022587895,1785795211.336113333,/loadcell_data_filtered.wrench.force.z,323.3721328771856
0.022892976000000002,1785795211.336418414,/loadcell_data_filtered.wrench.force.z,324.38861379866665
0.023168004000000002,1785795211.336693442,/loadcell_data_filtered.wrench.force.z,324.08747960038284
0.023420953,1785795211.336946391,/loadcell_data_filtered.wrench.force.z,323.6419519427595
0.023698261,1785795211.337223699,/loadcell_data_filtered.wrench.force.z,323.99452787976134
0.023930923,1785795211.337456361,/loadcell_data_filtered.wrench.force.z,318.2698043916591
0.024147823000000002,1785795211.337673261,/loadcell_data_filtered.wrench.force.z,315.7918193123302
0.024367299000000002,1785795211.337892737,/loadcell_data_filtered.wrench.force.z,312.6733819619385
0.024589643,1785795211.338115081,/loadcell_data_filtered.wrench.force.z,308.9527308040279
0.024794619,1785795211.338320057,/loadcell_data_filtered.wrench.force.z,305.86229099775716
0.02644302,1785795211.339968458,/loadcell_data_filtered.wrench.force.z,303.85378949993395
0.026847801,1785795211.340373239,/loadcell_data_filtered.wrench.force.z,302.2544912819362
0.027041311000000002,1785795211.340566749,/loadcell_data_filtered.wrench.force.z,303.2986271546213
0.027208484,1785795211.340733922,/loadcell_data_filtered.wrench.force.z,304.4458204416937
0.027370178000000002,1785795211.340895616,/loadcell_data_filtered.wrench.force.z,305.3516911896954
0.027546176000000002,1785795211.341071614,/loadcell_data_filtered.wrench.force.z,304.85841750516795
0.027855636000000003,1785795211.341381074,/loadcell_data_filtered.wrench.force.z,303.989404169935
0.028538368,1785795211.342063806,/loadcell_data_filtered.wrench.force.z,304.07840760107985
0.028944026,1785795211.342469464,/loadcell_data_filtered.wrench.force.z,303.6997752391175
0.029407218000000002,1785795211.342932656,/loadcell_data_filtered.wrench.force.z,303.77125335038096
0.029947362,1785795211.343472800,/loadcell_data_filtered.wrench.force.z,303.8385471662728
0.030358370000000003,1785795211.343883808,/loadcell_data_filtered.wrench.force.z,303.99659434180677
0.030831108000000003,1785795211.344356546,/loadcell_data_filtered.wrench.force.z,310.306269981662
0.03167467,1785795211.345200108,/loadcell_data_filtered.wrench.force.z,314.7910187950636
0.03185633,1785795211.345381768,/loadcell_data_filtered.wrench.force.z,318.7641631238517
0.033365748,1785795211.346891186,/loadcell_data_filtered.wrench.force.z,322.1871165619825
0.033777126000000005,1785795211.347302564,/loadcell_data_filtered.wrench.force.z,325.4442061671889
0.034149903,1785795211.347675341,/loadcell_data_filtered.wrench.force.z,327.7726479529682
0.034469179,1785795211.347994617,/loadcell_data_filtered.wrench.force.z,329.1597888904664
0.03474329,1785795211.348268728,/loadcell_data_filtered.wrench.force.z,329.20587245885
0.037342788,1785795211.350868226,/loadcell_data_filtered.wrench.force.z,329.8631760057969
0.037698364000000005,1785795211.351223802,/loadcell_data_filtered.wrench.force.z,330.53718688894014
0.037978146000000004,1785795211.351503584,/loadcell_data_filtered.wrench.force.z,331.549665825932
0.03827739,1785795211.351802828,/loadcell_data_filtered.wrench.force.z,332.3796547417088
0.03864547,1785795211.352170908,/loadcell_data_filtered.wrench.force.z,326.1970798810831
0.038987775,1785795211.352513213,/loadcell_data_filtered.wrench.force.z,327.2355352061536
0.039380948000000006,1785795211.352906386,/loadcell_data_filtered.wrench.force.z,327.06090218301006
0.039836605000000004,1785795211.353362043,/loadcell_data_filtered.wrench.force.z,327.5951478862915
0.040229165000000004,1785795211.353754603,/loadcell_data_filtered.wrench.force.z,326.8089611901723
0.040659948,1785795211.354185386,/loadcell_data_filtered.wrench.force.z,322.2289656522356
0.041020192000000004,1785795211.354545630,/loadcell_data_filtered.wrench.force.z,318.21799695976466
0.041388299,1785795211.354913737,/loadcell_data_filtered.wrench.force.z,315.4000765983118
0.041855305,1785795211.355380743,/loadcell_data_filtered.wrench.force.z,313.3392148834833
0.042342869000000005,1785795211.355868307,/loadcell_data_filtered.wrench.force.z,310.85952123405553
0.042852801,1785795211.356378239,/loadcell_data_filtered.wrench.force.z,310.42611195412354
0.044426207,1785795211.357951645,/loadcell_data_filtered.wrench.force.z,310.6439665760621
0.044725495000000004,1785795211.358250933,/loadcell_data_filtered.wrench.force.z,311.1721031384367
0.044920775,1785795211.358446213,/loadcell_data_filtered.wrench.force.z,311.876364989676
0.045084232,1785795211.358609670,/loadcell_data_filtered.wrench.force.z,306.42022111725913
0.045261463,1785795211.358786901,/loadcell_data_filtered.wrench.force.z,306.576571265814
0.04546331,1785795211.358988748,/loadcell_data_filtered.wrench.force.z,306.082812931501
0.045667747,1785795211.359193185,/loadcell_data_filtered.wrench.force.z,306.24022325098224
0.045845795,1785795211.359371233,/loadcell_data_filtered.wrench.force.z,306.78409348059006
0.046426693000000005,1785795211.359952131,/loadcell_data_filtered.wrench.force.z,306.94733723014394
0.046935838,1785795211.360461276,/loadcell_data_filtered.wrench.force.z,307.52569872280446
0.048079538000000005,1785795211.361604976,/loadcell_data_filtered.wrench.force.z,312.7825538099534
0.049560744000000004,1785795211.363086182,/loadcell_data_filtered.wrench.force.z,317.3037594049609
0.050105130000000005,1785795211.363630568,/loadcell_data_filtered.wrench.force.z,323.28569517047004
0.050917769,1785795211.364443207,/loadcell_data_filtered.wrench.force.z,327.34653752263335
0.051352437,1785795211.364877875,/loadcell_data_filtered.wrench.force.z,331.5261521165435
0.051760588,1785795211.365286026,/loadcell_data_filtered.wrench.force.z,334.08426324126305
0.052090829000000005,1785795211.365616267,/loadcell_data_filtered.wrench.force.z,335.26932902669887
0.052313026000000006,1785795211.365838464,/loadcell_data_filtered.wrench.force.z,335.83886533002703
0.052570376,1785795211.366095814,/loadcell_data_filtered.wrench.force.z,336.215925153846
0.052813199000000005,1785795211.366338637,/loadcell_data_filtered.wrench.force.z,336.68601420113583
0.053058619,1785795211.366584057,/loadcell_data_filtered.wrench.force.z,337.1009922057912
0.053284862,1785795211.366810300,/loadcell_data_filtered.wrench.force.z,337.83983298229003
0.053533945000000006,1785795211.367059383,/loadcell_data_filtered.wrench.force.z,338.1372532576459
0.054157811,1785795211.367683249,/loadcell_data_filtered.wrench.force.z,338.76589075965956
0.054973996000000004,1785795211.368499434,/loadcell_data_filtered.wrench.force.z,338.9710174533777
0.055493746000000004,1785795211.369019184,/loadcell_data_filtered.wrench.force.z,338.93795092232284
0.05592703,1785795211.369452468,/loadcell_data_filtered.wrench.force.z,338.6773605536453
0.056358769,1785795211.369884207,/loadcell_data_filtered.wrench.force.z,333.08612193598873
0.05683085,1785795211.370356288,/loadcell_data_filtered.wrench.force.z,329.39522140445223
0.05725099,1785795211.370776428,/loadcell_data_filtered.wrench.force.z,325.5131200635259
0.057670126,1785795211.371195564,/loadcell_data_filtered.wrench.force.z,322.3343386317029
0.0581829,1785795211.371708338,/loadcell_data_filtered.wrench.force.z,319.18672625213037
0.058607477000000005,1785795211.372132915,/loadcell_data_filtered.wrench.force.z,317.3362242348928
0.058995027000000005,1785795211.372520465,/loadcell_data_filtered.wrench.force.z,315.99021627338976
0.05942075300000001,1785795211.372946191,/loadcell_data_filtered.wrench.force.z,315.9125157586549
0.059947381,1785795211.373472819,/loadcell_data_filtered.wrench.force.z,315.8239298603851
0.061653780000000005,1785795211.375179218,/loadcell_data_filtered.wrench.force.z,315.9161120367117
0.061985593000000005,1785795211.375511031,/loadcell_data_filtered.wrench.force.z,315.83846984952925
0.06232178100000001,1785795211.375847219,/loadcell_data_filtered.wrench.force.z,315.3177938383564
0.062704854,1785795211.376230292,/loadcell_data_filtered.wrench.force.z,314.90969689391244
0.063057811,1785795211.376583249,/loadcell_data_filtered.wrench.force.z,314.61058288708915
0.0633557,1785795211.376881138,/loadcell_data_filtered.wrench.force.z,314.25075231255397
0.063677858,1785795211.377203296,/loadcell_data_filtered.wrench.force.z,313.3655714486421
0.063988899,1785795211.377514337,/loadcell_data_filtered.wrench.force.z,312.80982221718523
0.064539208,1785795211.378064646,/loadcell_data_filtered.wrench.force.z,318.46806832293646
0.066403297,1785795211.379928735,/loadcell_data_filtered.wrench.force.z,322.6778456853473
0.066859228,1785795211.380384666,/loadcell_data_filtered.wrench.force.z,326.32119694332783
0.067083655,1785795211.380609093,/loadcell_data_filtered.wrench.force.z,329.62253328800864
0.06729157200000001,1785795211.380817010,/loadcell_data_filtered.wrench.force.z,332.8562875760678
0.068780356,1785795211.382305794,/loadcell_data_filtered.wrench.force.z,334.22870127420396
0.069442556,1785795211.382967994,/loadcell_data_filtered.wrench.force.z,334.59346346227477
0.06964348000000001,1785795211.383168918,/loadcell_data_filtered.wrench.force.z,333.9415281701555
0.06978294,1785795211.383308378,/loadcell_data_filtered.wrench.force.z,334.2417901481862
0.069954477,1785795211.383479915,/loadcell_data_filtered.wrench.force.z,334.8006244553823
0.071791467,1785795211.385316905,/loadcell_data_filtered.wrench.force.z,335.24710226920587
0.072565794,1785795211.386091232,/loadcell_data_filtered.wrench.force.z,335.4547031730009
0.07288341400000001,1785795211.386408852,/loadcell_data_filtered.wrench.force.z,334.8191924882149
0.073130371,1785795211.386655809,/loadcell_data_filtered.wrench.force.z,335.19677931596783
0.073416692,1785795211.386942130,/loadcell_data_filtered.wrench.force.z,335.5591252700023
0.073688553,1785795211.387213991,/loadcell_data_filtered.wrench.force.z,335.8958604406881
0.073946827,1785795211.387472265,/loadcell_data_filtered.wrench.force.z,333.14237136649876
0.07448732400000001,1785795211.388012762,/loadcell_data_filtered.wrench.force.z,328.5180704093833
0.07450469800000001,1785795211.388030136,/loadcell_data_filtered.wrench.force.z,323.6395357252559
0.07470373300000001,1785795211.388229171,/loadcell_data_filtered.wrench.force.z,319.9150066881726
0.074948544,1785795211.388473982,/loadcell_data_filtered.wrench.force.z,316.1577726616867
0.075211278,1785795211.388736716,/loadcell_data_filtered.wrench.force.z,313.1134403410617
0.075637277,1785795211.389162715,/loadcell_data_filtered.wrench.force.z,311.70871974400234
0.07590060900000001,1785795211.389426047,/loadcell_data_filtered.wrench.force.z,311.49489486288286
0.07653815500000001,1785795211.390063593,/loadcell_data_filtered.wrench.force.z,311.2921377499783
0.076974077,1785795211.390499515,/loadcell_data_filtered.wrench.force.z,311.49307269481665
0.077227153,1785795211.390752591,/loadcell_data_filtered.wrench.force.z,311.6249126034295
0.07762856500000001,1785795211.391154003,/loadcell_data_filtered.wrench.force.z,311.46181219308664
0.078135545,1785795211.391660983,/loadcell_data_filtered.wrench.force.z,310.97113712451767
0.07852497900000001,1785795211.392050417,/loadcell_data_filtered.wrench.force.z,310.5683600648938
0.07918148700000001,1785795211.392706925,/loadcell_data_filtered.wrench.force.z,310.57604976118716
0.080284329,1785795211.393809767,/loadcell_data_filtered.wrench.force.z,310.35397801064613
0.08029035500000001,1785795211.393815793,/loadcell_data_filtered.wrench.force.z,310.57446397732
0.08057030300000001,1785795211.394095741,/loadcell_data_filtered.wrench.force.z,315.8030767427676
0.08113656500000001,1785795211.394662003,/loadcell_data_filtered.wrench.force.z,319.49641864904225
0.08173200800000001,1785795211.395257446,/loadcell_data_filtered.wrench.force.z,324.2514146828938
0.084662257,1785795211.398187695,/loadcell_data_filtered.wrench.force.z,328.483130595631
0.085813999,1785795211.399339437,/loadcell_data_filtered.wrench.force.z,331.91896806673253
0.08598016,1785795211.399505598,/loadcell_data_filtered.wrench.force.z,335.06085822475137
0.086161582,1785795211.399687020,/loadcell_data_filtered.wrench.force.z,337.60297053131137
0.08627739400000001,1785795211.399802832,/loadcell_data_filtered.wrench.force.z,338.77384714850416
0.08644157000000001,1785795211.399967008,/loadcell_data_filtered.wrench.force.z,340.21944520286036
0.08658842,1785795211.400113858,/loadcell_data_filtered.wrench.force.z,342.0866238080081
0.08673618400000001,1785795211.400261622,/loadcell_data_filtered.wrench.force.z,342.95770018538843
0.087537718,1785795211.401063156,/loadcell_data_filtered.wrench.force.z,344.4312455843127
0.08755497200000001,1785795211.401080410,/loadcell_data_filtered.wrench.force.z,344.017764013905
0.08755906100000001,1785795211.401084499,/loadcell_data_filtered.wrench.force.z,344.92435348713894
0.08802370000000001,1785795211.401549138,/loadcell_data_filtered.wrench.force.z,346.0166396148997
0.08839873300000001,1785795211.401924171,/loadcell_data_filtered.wrench.force.z,346.3802896477445
0.089027092,1785795211.402552530,/loadcell_data_filtered.wrench.force.z,346.8402700134248
0.089378703,1785795211.402904141,/loadcell_data_filtered.wrench.force.z,342.029015519454
0.089723958,1785795211.403249396,/loadcell_data_filtered.wrench.force.z,339.69568561861155
0.090306856,1785795211.403832294,/loadcell_data_filtered.wrench.force.z,336.37869366562836
0.090648165,1785795211.404173603,/loadcell_data_filtered.wrench.force.z,333.75725003739103
0.09128454300000001,1785795211.404809981,/loadcell_data_filtered.wrench.force.z,331.34254551458656
0.09356283500000001,1785795211.407088273,/loadcell_data_filtered.wrench.force.z,330.1398567995183
0.11846606200000001,1785795211.431991500,/loadcell_data_filtered.wrench.force.z,328.4694575014051
0.11851815700000001,1785795211.432043595,/loadcell_data_filtered.wrench.force.z,326.76962054205086
0.118549733,1785795211.432075171,/loadcell_data_filtered.wrench.force.z,325.67017844195243
0.11855735,1785795211.432082788,/loadcell_data_filtered.wrench.force.z,325.71154320749923
0.118563266,1785795211.432088704,/loadcell_data_filtered.wrench.force.z,326.06994020533466
0.118696904,1785795211.432222342,/loadcell_data_filtered.wrench.force.z,328.2303977222712
0.119052316,1785795211.432577754,/loadcell_data_filtered.wrench.force.z,328.77180594667277
0.11943854400000001,1785795211.432963982,/loadcell_data_filtered.wrench.force.z,333.1934899653088
0.119758635,1785795211.433284073,/loadcell_data_filtered.wrench.force.z,336.6772815340074
0.120106577,1785795211.433632015,/loadcell_data_filtered.wrench.force.z,339.93341179363335
0.12049673500000001,1785795211.434022173,/loadcell_data_filtered.wrench.force.z,341.50905381924235
0.120812235,1785795211.434337673,/loadcell_data_filtered.wrench.force.z,342.83841131598246
0.12113058800000001,1785795211.434656026,/loadcell_data_filtered.wrench.force.z,343.1588277746305
0.12144778,1785795211.434973218,/loadcell_data_filtered.wrench.force.z,342.4869684268038
0.12193034100000001,1785795211.435455779,/loadcell_data_filtered.wrench.force.z,342.81252893421566
0.12209963800000001,1785795211.435625076,/loadcell_data_filtered.wrench.force.z,342.77589960064824
0.122235956,1785795211.435761394,/loadcell_data_filtered.wrench.force.z,342.98974775437654
0.122350525,1785795211.435875963,/loadcell_data_filtered.wrench.force.z,342.81806800964466
0.12246343900000001,1785795211.435988877,/loadcell_data_filtered.wrench.force.z,343.0885777005252
0.12257796600000001,1785795211.436103404,/loadcell_data_filtered.wrench.force.z,342.8679018935759
0.12269109400000001,1785795211.436216532,/loadcell_data_filtered.wrench.force.z,336.2475327480621
0.12282848800000001,1785795211.436353926,/loadcell_data_filtered.wrench.force.z,334.78656234372085
0.12590209600000002,1785795211.439427534,/loadcell_data_filtered.wrench.force.z,327.29088238385185
0.126717202,1785795211.440242640,/loadcell_data_filtered.wrench.force.z,323.5698276741507
0.12739202,1785795211.440917458,/loadcell_data_filtered.wrench.force.z,319.3788553507048
0.12794555400000002,1785795211.441470992,/loadcell_data_filtered.wrench.force.z,315.8106358325491
0.128409788,1785795211.441935226,/loadcell_data_filtered.wrench.force.z,312.8874303908812
0.12929198,1785795211.442817418,/loadcell_data_filtered.wrench.force.z,310.91169357210964
0.130037602,1785795211.443563040,/loadcell_data_filtered.wrench.force.z,309.88038848157134
0.130591651,1785795211.444117089,/loadcell_data_filtered.wrench.force.z,310.0017623839213
0.131023465,1785795211.444548903,/loadcell_data_filtered.wrench.force.z,302.2303944458458
0.13146301700000002,1785795211.444988455,/loadcell_data_filtered.wrench.force.z,302.54361416664
0.13206457700000002,1785795211.445590015,/loadcell_data_filtered.wrench.force.z,301.56207193578916
0.132507919,1785795211.446033357,/loadcell_data_filtered.wrench.force.z,300.81479237963106
0.132908785,1785795211.446434223,/loadcell_data_filtered.wrench.force.z,300.79904377349277
0.133303481,1785795211.446828919,/loadcell_data_filtered.wrench.force.z,301.05441430432575
0.133794668,1785795211.447320106,/loadcell_data_filtered.wrench.force.z,301.6933946262816
0.13452092100000002,1785795211.448046359,/loadcell_data_filtered.wrench.force.z,301.8855695034909
0.135036352,1785795211.448561790,/loadcell_data_filtered.wrench.force.z,302.1505616365669
0.135812389,1785795211.449337827,/loadcell_data_filtered.wrench.force.z,308.62849316356403
0.136489775,1785795211.450015213,/loadcell_data_filtered.wrench.force.z,313.8852259898959
0.137184633,1785795211.450710071,/loadcell_data_filtered.wrench.force.z,318.24322869992983
0.13789066,1785795211.451416098,/loadcell_data_filtered.wrench.force.z,321.75404050110535
0.13862417000000002,1785795211.452149608,/loadcell_data_filtered.wrench.force.z,324.94052748887646
0.139321564,1785795211.452847002,/loadcell_data_filtered.wrench.force.z,325.8144999521159
0.13999387500000002,1785795211.453519313,/loadcell_data_filtered.wrench.force.z,326.1551774833611
0.140603959,1785795211.454129397,/loadcell_data_filtered.wrench.force.z,326.85162514546903
0.141269046,1785795211.454794484,/loadcell_data_filtered.wrench.force.z,327.8134308593257
0.14189147700000002,1785795211.455416915,/loadcell_data_filtered.wrench.force.z,328.9062308802826
0.142447958,1785795211.455973396,/loadcell_data_filtered.wrench.force.z,329.3323477292425
0.143048972,1785795211.456574410,/loadcell_data_filtered.wrench.force.z,329.36052746292023
0.143754812,1785795211.457280250,/loadcell_data_filtered.wrench.force.z,325.43382899964706
0.144332702,1785795211.457858140,/loadcell_data_filtered.wrench.force.z,321.9512514732684
0.144925658,1785795211.458451096,/loadcell_data_filtered.wrench.force.z,317.831983422663
0.145691638,1785795211.459217076,/loadcell_data_filtered.wrench.force.z,314.20844270624553
0.14623314,1785795211.459758578,/loadcell_data_filtered.wrench.force.z,312.01276546534655
0.146788896,1785795211.460314334,/loadcell_data_filtered.wrench.force.z,310.96481316708383
0.147228975,1785795211.460754413,/loadcell_data_filtered.wrench.force.z,309.0938280914436
0.14762112700000002,1785795211.461146565,/loadcell_data_filtered.wrench.force.z,304.7004705582919
0.14825581300000001,1785795211.461781251,/loadcell_data_filtered.wrench.force.z,306.30320985426863
0.148856562,1785795211.462382000,/loadcell_data_filtered.wrench.force.z,305.6002109294632
0.14937297600000002,1785795211.462898414,/loadcell_data_filtered.wrench.force.z,306.102297678214
0.150026362,1785795211.463551800,/loadcell_data_filtered.wrench.force.z,306.29017823403814
0.150569163,1785795211.464094601,/loadcell_data_filtered.wrench.force.z,306.3989700194942
0.150961188,1785795211.464486626,/loadcell_data_filtered.wrench.force.z,306.6966817645581
0.15141990600000002,1785795211.464945344,/loadcell_data_filtered.wrench.force.z,306.94876740656656
0.15185256400000002,1785795211.465378002,/loadcell_data_filtered.wrench.force.z,313.5918411002493
0.152320369,1785795211.465845807,/loadcell_data_filtered.wrench.force.z,318.2324892244586
0.152763762,1785795211.466289200,/loadcell_data_filtered.wrench.force.z,323.55854285739906
0.15370043800000002,1785795211.467225876,/loadcell_data_filtered.wrench.force.z,327.5337631508882
0.153717359,1785795211.467242797,/loadcell_data_filtered.wrench.force.z,331.5787650370469
0.15426499000000002,1785795211.467790428,/loadcell_data_filtered.wrench.force.z,334.1283894430745
0.15508928,1785795211.468614718,/loadcell_data_filtered.wrench.force.z,336.54077280939873
0.155734396,1785795211.469259834,/loadcell_data_filtered.wrench.force.z,336.9377611364847
0.156299089,1785795211.469824527,/loadcell_data_filtered.wrench.force.z,337.55206385318365
0.156827501,1785795211.470352939,/loadcell_data_filtered.wrench.force.z,338.18906732115613
0.157254738,1785795211.470780176,/loadcell_data_filtered.wrench.force.z,338.35092645962374
0.157710275,1785795211.471235713,/loadcell_data_filtered.wrench.force.z,338.8155228423572
0.158115372,1785795211.471640810,/loadcell_data_filtered.wrench.force.z,339.8967150650964
0.15848519400000002,1785795211.472010632,/loadcell_data_filtered.wrench.force.z,339.94126909611697
0.15884682800000002,1785795211.472372266,/loadcell_data_filtered.wrench.force.z,340.61098741744513
0.159187503,1785795211.472712941,/loadcell_data_filtered.wrench.force.z,341.2790200739539
0.159571833,1785795211.473097271,/loadcell_data_filtered.wrench.force.z,341.71523682682505
0.16004784200000002,1785795211.473573280,/loadcell_data_filtered.wrench.force.z,336.2412781940743
0.160645957,1785795211.474171395,/loadcell_data_filtered.wrench.force.z,332.2602032427654
0.16177923700000002,1785795211.475304675,/loadcell_data_filtered.wrench.force.z,328.44313974599874
0.162766812,1785795211.476292250,/loadcell_data_filtered.wrench.force.z,325.74670855798394
0.16465629,1785795211.478181728,/loadcell_data_filtered.wrench.force.z,315.22012295621965
0.164675168,1785795211.478200606,/loadcell_data_filtered.wrench.force.z,313.539658309362
0.16471227400000002,1785795211.478237712,/loadcell_data_filtered.wrench.force.z,313.7048988747799
0.164715162,1785795211.478240600,/loadcell_data_filtered.wrench.force.z,314.11102824789265
0.164878558,1785795211.478403996,/loadcell_data_filtered.wrench.force.z,314.81403503375105
0.165226643,1785795211.478752081,/loadcell_data_filtered.wrench.force.z,315.2896587519033
0.166497058,1785795211.480022496,/loadcell_data_filtered.wrench.force.z,315.12092676870935
0.16659621700000002,1785795211.480121655,/loadcell_data_filtered.wrench.force.z,316.06953744743896
0.16727883100000002,1785795211.480804269,/loadcell_data_filtered.wrench.force.z,315.95130288215114
0.16744399000000001,1785795211.480969428,/loadcell_data_filtered.wrench.force.z,308.1021858548308
0.167848183,1785795211.481373621,/loadcell_data_filtered.wrench.force.z,308.3270347683729
0.168119771,1785795211.481645209,/loadcell_data_filtered.wrench.force.z,309.2250765791012
0.168348709,1785795211.481874147,/loadcell_data_filtered.wrench.force.z,315.3349075649526
0.168585528,1785795211.482110966,/loadcell_data_filtered.wrench.force.z,319.9376785655914
0.16882328600000002,1785795211.482348724,/loadcell_data_filtered.wrench.force.z,324.06320609308096
0.16904491000000002,1785795211.482570348,/loadcell_data_filtered.wrench.force.z,327.5489823070326
0.16924534900000002,1785795211.482770787,/loadcell_data_filtered.wrench.force.z,331.0011796736747
0.169443271,1785795211.482968709,/loadcell_data_filtered.wrench.force.z,332.2369568381036
0.17709989,1785795211.490625328,/loadcell_data_filtered.wrench.force.z,327.6451135989468
0.17749129900000002,1785795211.491016737,/loadcell_data_filtered.wrench.force.z,323.3081599142135
0.17779117900000002,1785795211.491316617,/loadcell_data_filtered.wrench.force.z,311.39081594279793
0.178128044,1785795211.491653482,/loadcell_data_filtered.wrench.force.z,307.8577436362568
0.178483838,1785795211.492009276,/loadcell_data_filtered.wrench.force.z,301.4020665658919
0.178810984,1785795211.492336422,/loadcell_data_filtered.wrench.force.z,298.2730018666064
0.179267901,1785795211.492793339,/loadcell_data_filtered.wrench.force.z,292.70547724684445
0.17964792400000001,1785795211.493173362,/loadcell_data_filtered.wrench.force.z,288.4650480512717
0.180110235,1785795211.493635673,/loadcell_data_filtered.wrench.force.z,289.15454897839203
0.18054791,1785795211.494073348,/loadcell_data_filtered.wrench.force.z,289.7895271982665
0.18097567,1785795211.494501108,/loadcell_data_filtered.wrench.force.z,288.30488631587707
0.194919376,1785795211.508444814,/loadcell_data_filtered.wrench.force.z,288.3531891778611
0.19545542400000002,1785795211.508980862,/loadcell_data_filtered.wrench.force.z,289.6467941978271
0.195896898,1785795211.509422336,/loadcell_data_filtered.wrench.force.z,290.8880073676592
0.196272472,1785795211.509797910,/loadcell_data_filtered.wrench.force.z,291.6127514430779
0.196627246,1785795211.510152684,/loadcell_data_filtered.wrench.force.z,285.700174196726
0.19697520100000002,1785795211.510500639,/loadcell_data_filtered.wrench.force.z,283.1358965076441
0.197225696,1785795211.510751134,/loadcell_data_filtered.wrench.force.z,273.2990736876327
0.19743812400000002,1785795211.510963562,/loadcell_data_filtered.wrench.force.z,273.7073401821055
0.197673959,1785795211.511199397,/loadcell_data_filtered.wrench.force.z,275.23163809845084
0.197935263,1785795211.511460701,/loadcell_data_filtered.wrench.force.z,277.1946154172839
0.198345764,1785795211.511871202,/loadcell_data_filtered.wrench.force.z,275.6544863649995
0.19870775300000001,1785795211.512233191,/loadcell_data_filtered.wrench.force.z,277.3918711915653
0.19904231500000003,1785795211.512567753,/loadcell_data_filtered.wrench.force.z,278.4313919512625
0.19931009100000002,1785795211.512835529,/loadcell_data_filtered.wrench.force.z,279.91178265323873
0.19957828800000002,1785795211.513103726,/loadcell_data_filtered.wrench.force.z,280.5621152275017
0.199830534,1785795211.513355972,/loadcell_data_filtered.wrench.force.z,284.7108554766583
0.200059118,1785795211.513584556,/loadcell_data_filtered.wrench.force.z,290.29930873890225
0.200290349,1785795211.513815787,/loadcell_data_filtered.wrench.force.z,297.69540226308794
0.200531287,1785795211.514056725,/loadcell_data_filtered.wrench.force.z,303.0538075274611
0.20080118800000002,1785795211.514326626,/loadcell_data_filtered.wrench.force.z,307.2758032782863
0.20105989300000002,1785795211.514585331,/loadcell_data_filtered.wrench.force.z,311.8852421158828
0.201261441,1785795211.514786879,/loadcell_data_filtered.wrench.force.z,314.56579706115457
0.201448813,1785795211.514974251,/loadcell_data_filtered.wrench.force.z,316.1262945940273
0.20171603700000001,1785795211.515241475,/loadcell_data_filtered.wrench.force.z,317.36660352713346
0.20196824700000002,1785795211.515493685,/loadcell_data_filtered.wrench.force.z,318.45849914037944
0.202234561,1785795211.515759999,/loadcell_data_filtered.wrench.force.z,319.4462289170545
0.202775056,1785795211.516300494,/loadcell_data_filtered.wrench.force.z,320.6308625011425
0.20316730300000002,1785795211.516692741,/loadcell_data_filtered.wrench.force.z,321.3717096824902
0.20358298500000002,1785795211.517108423,/loadcell_data_filtered.wrench.force.z,322.0969258533921
0.204161951,1785795211.517687389,/loadcell_data_filtered.wrench.force.z,322.79780890743297
0.204599586,1785795211.518125024,/loadcell_data_filtered.wrench.force.z,323.63517040261064
0.20529429800000001,1785795211.518819736,/loadcell_data_filtered.wrench.force.z,323.9231081441081
0.20561102,1785795211.519136458,/loadcell_data_filtered.wrench.force.z,318.71192664829925
0.206180575,1785795211.519706013,/loadcell_data_filtered.wrench.force.z,315.367348839393
0.20671271000000002,1785795211.520238148,/loadcell_data_filtered.wrench.force.z,310.89699285640455
0.20721060400000002,1785795211.520736042,/loadcell_data_filtered.wrench.force.z,307.50104354910144
0.208027186,1785795211.521552624,/loadcell_data_filtered.wrench.force.z,304.4750635109003
0.20836968500000003,1785795211.521895123,/loadcell_data_filtered.wrench.force.z,302.1243677712577
0.211505309,1785795211.525030747,/loadcell_data_filtered.wrench.force.z,300.1213218274671
0.211518443,1785795211.525043881,/loadcell_data_filtered.wrench.force.z,299.8617336223859
0.213004521,1785795211.526529959,/loadcell_data_filtered.wrench.force.z,300.84149385772616
0.21330063100000002,1785795211.526826069,/loadcell_data_filtered.wrench.force.z,300.48548168103787
0.21350348000000002,1785795211.527028918,/loadcell_data_filtered.wrench.force.z,301.34227359883
0.21367015,1785795211.527195588,/loadcell_data_filtered.wrench.force.z,301.57795087489177
0.213858771,1785795211.527384209,/loadcell_data_filtered.wrench.force.z,301.6152358107716
0.21405262600000002,1785795211.527578064,/loadcell_data_filtered.wrench.force.z,300.7697929686361
0.21424066300000003,1785795211.527766101,/loadcell_data_filtered.wrench.force.z,300.4456536444847
0.214432634,1785795211.527958072,/loadcell_data_filtered.wrench.force.z,299.64328899346475
0.2148268,1785795211.528352238,/loadcell_data_filtered.wrench.force.z,299.29317199244474
0.215381659,1785795211.528907097,/loadcell_data_filtered.wrench.force.z,297.394046616311
0.215787051,1785795211.529312489,/loadcell_data_filtered.wrench.force.z,302.0110048695897
0.21610157500000002,1785795211.529627013,/loadcell_data_filtered.wrench.force.z,305.5340226762633
0.216389254,1785795211.529914692,/loadcell_data_filtered.wrench.force.z,309.5861121665492
0.216680068,1785795211.530205506,/loadcell_data_filtered.wrench.force.z,312.74776212871814
0.216987427,1785795211.530512865,/loadcell_data_filtered.wrench.force.z,314.01556096087137
0.21726324500000002,1785795211.530788683,/loadcell_data_filtered.wrench.force.z,315.01981871613134
0.217951747,1785795211.531477185,/loadcell_data_filtered.wrench.force.z,315.1505552542953
0.21839881500000002,1785795211.531924253,/loadcell_data_filtered.wrench.force.z,314.8142829907287
0.218725151,1785795211.532250589,/loadcell_data_filtered.wrench.force.z,314.89015931851105
0.21913320700000002,1785795211.532658645,/loadcell_data_filtered.wrench.force.z,314.66960757291343
0.21949563500000002,1785795211.533021073,/loadcell_data_filtered.wrench.force.z,314.559671093326
0.22195250100000002,1785795211.535477939,/loadcell_data_filtered.wrench.force.z,314.3993979947385
0.22215461700000003,1785795211.535680055,/loadcell_data_filtered.wrench.force.z,314.345270965483
0.22229896000000002,1785795211.535824398,/loadcell_data_filtered.wrench.force.z,314.25756631229046
0.222430547,1785795211.535955985,/loadcell_data_filtered.wrench.force.z,306.51124300921407
0.22257200700000002,1785795211.536097445,/loadcell_data_filtered.wrench.force.z,305.96273134776794
0.22277043400000002,1785795211.536295872,/loadcell_data_filtered.wrench.force.z,298.42989980513
0.22324713200000001,1785795211.536772570,/loadcell_data_filtered.wrench.force.z,293.0641832354386
0.223522973,1785795211.537048411,/loadcell_data_filtered.wrench.force.z,288.5692522072646
0.224356935,1785795211.537882373,/loadcell_data_filtered.wrench.force.z,284.8747900466675
0.22746654200000002,1785795211.540991980,/loadcell_data_filtered.wrench.force.z,281.6329485055457
0.23182343900000002,1785795211.545348877,/loadcell_data_filtered.wrench.force.z,279.4593132121684
0.232006454,1785795211.545531892,/loadcell_data_filtered.wrench.force.z,279.4719997750102
0.23213991,1785795211.545665348,/loadcell_data_filtered.wrench.force.z,280.06305531174854
0.232293629,1785795211.545819067,/loadcell_data_filtered.wrench.force.z,281.1953322745544
0.23248079300000002,1785795211.546006231,/loadcell_data_filtered.wrench.force.z,282.17844355924666
0.232599619,1785795211.546125057,/loadcell_data_filtered.wrench.force.z,282.2462672300005
0.23272176300000003,1785795211.546247201,/loadcell_data_filtered.wrench.force.z,282.8667355880747
0.232842089,1785795211.546367527,/loadcell_data_filtered.wrench.force.z,283.4762757984483
0.232960192,1785795211.546485630,/loadcell_data_filtered.wrench.force.z,283.93776014598126
0.23309174600000002,1785795211.546617184,/loadcell_data_filtered.wrench.force.z,284.6730143200259
0.23322535600000002,1785795211.546750794,/loadcell_data_filtered.wrench.force.z,285.5182484380052
0.233353988,1785795211.546879426,/loadcell_data_filtered.wrench.force.z,289.73416812799593
0.23348712800000002,1785795211.547012566,/loadcell_data_filtered.wrench.force.z,295.391965771416
0.233614854,1785795211.547140292,/loadcell_data_filtered.wrench.force.z,301.58385470550473
0.23373895200000003,1785795211.547264390,/loadcell_data_filtered.wrench.force.z,306.92205170287605
0.233878102,1785795211.547403540,/loadcell_data_filtered.wrench.force.z,309.27366146094823
0.23399322800000003,1785795211.547518666,/loadcell_data_filtered.wrench.force.z,310.34956430409505
0.23410370500000002,1785795211.547629143,/loadcell_data_filtered.wrench.force.z,312.61096258897
0.23561920500000003,1785795211.549144643,/loadcell_data_filtered.wrench.force.z,313.8635230571308
0.23573648100000003,1785795211.549261919,/loadcell_data_filtered.wrench.force.z,314.74819503921424
0.23584996800000002,1785795211.549375406,/loadcell_data_filtered.wrench.force.z,315.6550662794105
0.23596181800000002,1785795211.549487256,/loadcell_data_filtered.wrench.force.z,310.0838023244254
0.23607041,1785795211.549595848,/loadcell_data_filtered.wrench.force.z,309.1185463681261
0.236438269,1785795211.549963707,/loadcell_data_filtered.wrench.force.z,309.0345580167265
0.238762249,1785795211.552287687,/loadcell_data_filtered.wrench.force.z,309.3473635789337
0.239118139,1785795211.552643577,/loadcell_data_filtered.wrench.force.z,309.62153579170626
0.23923576200000002,1785795211.552761200,/loadcell_data_filtered.wrench.force.z,310.49194960308756
0.23935048,1785795211.552875918,/loadcell_data_filtered.wrench.force.z,311.10432813143314
0.239469284,1785795211.552994722,/loadcell_data_filtered.wrench.force.z,306.0974973515274
0.240721906,1785795211.554247344,/loadcell_data_filtered.wrench.force.z,303.13434532901863
0.24111496200000002,1785795211.554640400,/loadcell_data_filtered.wrench.force.z,297.9149528738249
0.241231193,1785795211.554756631,/loadcell_data_filtered.wrench.force.z,295.21038079317333
0.24134743,1785795211.554872868,/loadcell_data_filtered.wrench.force.z,292.3905973082879
0.241460479,1785795211.554985917,/loadcell_data_filtered.wrench.force.z,289.91911929558876
0.24188799100000002,1785795211.555413429,/loadcell_data_filtered.wrench.force.z,287.5030530549283
0.243423466,1785795211.556948904,/loadcell_data_filtered.wrench.force.z,286.71698611006155
0.244275595,1785795211.557801033,/loadcell_data_filtered.wrench.force.z,286.912532677407
0.24448049400000002,1785795211.558005932,/loadcell_data_filtered.wrench.force.z,286.842606780946
0.24464864600000003,1785795211.558174084,/loadcell_data_filtered.wrench.force.z,278.8460040350485
0.24496942900000002,1785795211.558494867,/loadcell_data_filtered.wrench.force.z,278.8074812448088
0.245136189,1785795211.558661627,/loadcell_data_filtered.wrench.force.z,278.3368010271813
0.24535626200000002,1785795211.558881700,/loadcell_data_filtered.wrench.force.z,277.63513951196836
0.24580327000000002,1785795211.559328708,/loadcell_data_filtered.wrench.force.z,277.22975548594883
0.246266741,1785795211.559792179,/loadcell_data_filtered.wrench.force.z,276.6664520329861
0.24674842800000002,1785795211.560273866,/loadcell_data_filtered.wrench.force.z,276.46688953333756
0.247283686,1785795211.560809124,/loadcell_data_filtered.wrench.force.z,282.8699219029769
0.24835409900000002,1785795211.561879537,/loadcell_data_filtered.wrench.force.z,287.51614154863137
0.24886308000000001,1785795211.562388518,/loadcell_data_filtered.wrench.force.z,292.0346986302784
0.24905110000000003,1785795211.562576538,/loadcell_data_filtered.wrench.force.z,296.3291010361915
0.249405647,1785795211.562931085,/loadcell_data_filtered.wrench.force.z,299.97036562118
0.24980590600000002,1785795211.563331344,/loadcell_data_filtered.wrench.force.z,301.2761337948842
0.25031315200000004,1785795211.563838590,/loadcell_data_filtered.wrench.force.z,302.655070528464
0.250735861,1785795211.564261299,/loadcell_data_filtered.wrench.force.z,303.362372635054
0.251338127,1785795211.564863565,/loadcell_data_filtered.wrench.force.z,304.38324052259975
0.251736034,1785795211.565261472,/loadcell_data_filtered.wrench.force.z,305.0898663317977
0.25243376500000003,1785795211.565959203,/loadcell_data_filtered.wrench.force.z,305.55240393616725
0.25282634200000004,1785795211.566351780,/loadcell_data_filtered.wrench.force.z,306.215079918847
0.253235772,1785795211.566761210,/loadcell_data_filtered.wrench.force.z,306.831556841348
0.254082019,1785795211.567607457,/loadcell_data_filtered.wrench.force.z,307.94583060709664
0.254287476,1785795211.567812914,/loadcell_data_filtered.wrench.force.z,309.2302364847637
0.25484411100000004,1785795211.568369549,/loadcell_data_filtered.wrench.force.z,310.6275358929596
0.25523074500000004,1785795211.568756183,/loadcell_data_filtered.wrench.force.z,310.9950001178278
0.2558203,1785795211.569345738,/loadcell_data_filtered.wrench.force.z,305.7375490107676
0.256347378,1785795211.569872816,/loadcell_data_filtered.wrench.force.z,301.9339165189413
0.256869365,1785795211.570394803,/loadcell_data_filtered.wrench.force.z,298.90020519391635
0.25729222500000004,1785795211.570817663,/loadcell_data_filtered.wrench.force.z,296.4571884188449
0.257827191,1785795211.571352629,/loadcell_data_filtered.wrench.force.z,293.9450407809224
0.258293379,1785795211.571818817,/loadcell_data_filtered.wrench.force.z,292.92307701337677
0.259072689,1785795211.572598127,/loadcell_data_filtered.wrench.force.z,293.5661850145628
0.25946536200000003,1785795211.572990800,/loadcell_data_filtered.wrench.force.z,294.3876374113007
0.26114795,1785795211.574673388,/loadcell_data_filtered.wrench.force.z,295.3476071899077
0.261337268,1785795211.574862706,/loadcell_data_filtered.wrench.force.z,296.04412330456745
0.26215989900000003,1785795211.575685337,/loadcell_data_filtered.wrench.force.z,296.5709337514608
0.26278902800000004,1785795211.576314466,/loadcell_data_filtered.wrench.force.z,296.9803955470701
0.26322644300000003,1785795211.576751881,/loadcell_data_filtered.wrench.force.z,297.5207793676305
0.263529369,1785795211.577054807,/loadcell_data_filtered.wrench.force.z,297.8161843099642
0.26380381,1785795211.577329248,/loadcell_data_filtered.wrench.force.z,297.95111805714106
0.26402785700000003,1785795211.577553295,/loadcell_data_filtered.wrench.force.z,297.9384782077219
0.264262902,1785795211.577788340,/loadcell_data_filtered.wrench.force.z,302.6487171755716
0.264490859,1785795211.578016297,/loadcell_data_filtered.wrench.force.z,306.79240025546494
0.264814457,1785795211.578339895,/loadcell_data_filtered.wrench.force.z,311.9426465607375
0.26819985300000004,1785795211.581725291,/loadcell_data_filtered.wrench.force.z,316.61318403615536
0.268505223,1785795211.582030661,/loadcell_data_filtered.wrench.force.z,319.7567342018492
0.268711923,1785795211.582237361,/loadcell_data_filtered.wrench.force.z,323.16124831172516
0.268912527,1785795211.582437965,/loadcell_data_filtered.wrench.force.z,326.0284252039077
0.26908156,1785795211.582606998,/loadcell_data_filtered.wrench.force.z,327.2730959120212
0.269264495,1785795211.582789933,/loadcell_data_filtered.wrench.force.z,328.19713924205195
0.269417618,1785795211.582943056,/loadcell_data_filtered.wrench.force.z,329.5108214918298
0.269593048,1785795211.583118486,/loadcell_data_filtered.wrench.force.z,329.6130124413129
0.269759599,1785795211.583285037,/loadcell_data_filtered.wrench.force.z,328.6900341385378
0.26991567,1785795211.583441108,/loadcell_data_filtered.wrench.force.z,328.8174503692388
0.270142443,1785795211.583667881,/loadcell_data_filtered.wrench.force.z,329.2176938155969
0.2710676,1785795211.584593038,/loadcell_data_filtered.wrench.force.z,329.50174847448807
0.271595821,1785795211.585121259,/loadcell_data_filtered.wrench.force.z,330.10921843594434
0.272308998,1785795211.585834436,/loadcell_data_filtered.wrench.force.z,330.7265028088239
0.274470724,1785795211.587996162,/loadcell_data_filtered.wrench.force.z,325.1760330600671
0.275166089,1785795211.588691527,/loadcell_data_filtered.wrench.force.z,321.8607862942148
0.27557037700000003,1785795211.589095815,/loadcell_data_filtered.wrench.force.z,318.60982528701925
0.275953783,1785795211.589479221,/loadcell_data_filtered.wrench.force.z,316.2935359556345
0.276324046,1785795211.589849484,/loadcell_data_filtered.wrench.force.z,314.14503478791966
0.277586944,1785795211.591112382,/loadcell_data_filtered.wrench.force.z,312.1361954750047
0.278058649,1785795211.591584087,/loadcell_data_filtered.wrench.force.z,311.0687724537122
0.278421368,1785795211.591946806,/loadcell_data_filtered.wrench.force.z,310.17728382835617
0.278670727,1785795211.592196165,/loadcell_data_filtered.wrench.force.z,306.19649286054596
0.278885632,1785795211.592411070,/loadcell_data_filtered.wrench.force.z,304.0758656599044
0.279106389,1785795211.592631827,/loadcell_data_filtered.wrench.force.z,303.55443098128455
0.279310997,1785795211.592836435,/loadcell_data_filtered.wrench.force.z,303.30947088462534
0.279518533,1785795211.593043971,/loadcell_data_filtered.wrench.force.z,303.1667646004767
0.28014561200000004,1785795211.593671050,/loadcell_data_filtered.wrench.force.z,303.2870837006007
0.280346749,1785795211.593872187,/loadcell_data_filtered.wrench.force.z,303.73635026725805
0.280813539,1785795211.594338977,/loadcell_data_filtered.wrench.force.z,303.39334603131346
0.281024046,1785795211.594549484,/loadcell_data_filtered.wrench.force.z,303.0513886117996
0.281219327,1785795211.594744765,/loadcell_data_filtered.wrench.force.z,309.17921868783014
0.281475637,1785795211.595001075,/loadcell_data_filtered.wrench.force.z,313.5275246870316
0.28173152500000004,1785795211.595256963,/loadcell_data_filtered.wrench.force.z,317.4772641279892
0.282225379,1785795211.595750817,/loadcell_data_filtered.wrench.force.z,320.51437744003414
0.283213937,1785795211.596739375,/loadcell_data_filtered.wrench.force.z,323.4418209426445
0.283548266,1785795211.597073704,/loadcell_data_filtered.wrench.force.z,325.07007990496993
0.28388069800000004,1785795211.597406136,/loadcell_data_filtered.wrench.force.z,326.08547405723715
0.286180786,1785795211.599706224,/loadcell_data_filtered.wrench.force.z,326.01095899050415
0.286388651,1785795211.599914089,/loadcell_data_filtered.wrench.force.z,326.36881830650736
0.286554662,1785795211.600080100,/loadcell_data_filtered.wrench.force.z,326.59726311688314
0.2867187,1785795211.600244138,/loadcell_data_filtered.wrench.force.z,318.90080751352707
0.28685001000000004,1785795211.600375448,/loadcell_data_filtered.wrench.force.z,319.5732733263892
0.286993581,1785795211.600519019,/loadcell_data_filtered.wrench.force.z,318.7780027362835
0.287122471,1785795211.600647909,/loadcell_data_filtered.wrench.force.z,318.8593134076535
0.28765978400000003,1785795211.601185222,/loadcell_data_filtered.wrench.force.z,319.04918033799606
0.288191498,1785795211.601716936,/loadcell_data_filtered.wrench.force.z,319.0288647300213
0.288599101,1785795211.602124539,/loadcell_data_filtered.wrench.force.z,317.61911525624237
0.289256536,1785795211.602781974,/loadcell_data_filtered.wrench.force.z,311.49567284829004
0.289641348,1785795211.603166786,/loadcell_data_filtered.wrench.force.z,306.8928986851764
0.290469555,1785795211.603994993,/loadcell_data_filtered.wrench.force.z,302.80223915745495
0.292102699,1785795211.605628137,/loadcell_data_filtered.wrench.force.z,299.5318938691633
0.292605067,1785795211.606130505,/loadcell_data_filtered.wrench.force.z,296.74269022224803
0.29557692700000004,1785795211.609102365,/loadcell_data_filtered.wrench.force.z,294.8431660719979
0.295915564,1785795211.609441002,/loadcell_data_filtered.wrench.force.z,294.3415209639013
0.296179668,1785795211.609705106,/loadcell_data_filtered.wrench.force.z,295.10595080302096
0.29670950900000004,1785795211.610234947,/loadcell_data_filtered.wrench.force.z,296.1274072202445
0.29741978,1785795211.610945218,/loadcell_data_filtered.wrench.force.z,296.9835734622796
0.297858057,1785795211.611383495,/loadcell_data_filtered.wrench.force.z,297.89565977859246
0.29824379300000003,1785795211.611769231,/loadcell_data_filtered.wrench.force.z,298.8405437472736
0.298723456,1785795211.612248894,/loadcell_data_filtered.wrench.force.z,299.19250671983673
0.299144281,1785795211.612669719,/loadcell_data_filtered.wrench.force.z,299.8671830918219
0.299599151,1785795211.613124589,/loadcell_data_filtered.wrench.force.z,299.04442991177746
0.29994971600000003,1785795211.613475154,/loadcell_data_filtered.wrench.force.z,298.5050839836913
0.30027943700000004,1785795211.613804875,/loadcell_data_filtered.wrench.force.z,303.4146080970751
0.300627399,1785795211.614152837,/loadcell_data_filtered.wrench.force.z,307.95699812422566
0.30106001800000004,1785795211.614585456,/loadcell_data_filtered.wrench.force.z,313.01491963599483
0.301722643,1785795211.615248081,/loadcell_data_filtered.wrench.force.z,317.5213017263347
0.302104843,1785795211.615630281,/loadcell_data_filtered.wrench.force.z,321.42014410639865
0.30235719,1785795211.615882628,/loadcell_data_filtered.wrench.force.z,323.8522586074611
0.30253577000000004,1785795211.616061208,/loadcell_data_filtered.wrench.force.z,325.06013698161547
0.30269442700000004,1785795211.616219865,/loadcell_data_filtered.wrench.force.z,325.7347711846651
0.302851515,1785795211.616376953,/loadcell_data_filtered.wrench.force.z,326.4500253840868
0.303005727,1785795211.616531165,/loadcell_data_filtered.wrench.force.z,327.63906600724624
0.303170469,1785795211.616695907,/loadcell_data_filtered.wrench.force.z,329.0630646661434
0.304367477,1785795211.617892915,/loadcell_data_filtered.wrench.force.z,329.57483820034844
0.30478607900000004,1785795211.618311517,/loadcell_data_filtered.wrench.force.z,329.97775065263556
0.305059213,1785795211.618584651,/loadcell_data_filtered.wrench.force.z,331.21864292047167
0.30533758,1785795211.618863018,/loadcell_data_filtered.wrench.force.z,332.3187156322847
0.305685535,1785795211.619210973,/loadcell_data_filtered.wrench.force.z,333.46182686619414
0.30600025200000003,1785795211.619525690,/loadcell_data_filtered.wrench.force.z,333.2398488909799
0.306313438,1785795211.619838876,/loadcell_data_filtered.wrench.force.z,328.2214514834545
0.306645176,1785795211.620170614,/loadcell_data_filtered.wrench.force.z,324.95541837832485
0.307671631,1785795211.621197069,/loadcell_data_filtered.wrench.force.z,321.49494723549884
0.30855064200000004,1785795211.622076080,/loadcell_data_filtered.wrench.force.z,319.0136184961104
0.30888470900000004,1785795211.622410147,/loadcell_data_filtered.wrench.force.z,316.5040943773997
0.30913687700000003,1785795211.622662315,/loadcell_data_filtered.wrench.force.z,315.5087923751629
0.30942087300000004,1785795211.622946311,/loadcell_data_filtered.wrench.force.z,315.0158105543821
0.30965185700000003,1785795211.623177295,/loadcell_data_filtered.wrench.force.z,315.74108573207917
0.30986784700000003,1785795211.623393285,/loadcell_data_filtered.wrench.force.z,316.7428570612044
0.31150240300000004,1785795211.625027841,/loadcell_data_filtered.wrench.force.z,317.51725786151155
0.31243776900000003,1785795211.625963207,/loadcell_data_filtered.wrench.force.z,318.68221575918693
0.31298915,1785795211.626514588,/loadcell_data_filtered.wrench.force.z,319.082515361693
0.31504924100000004,1785795211.628574679,/loadcell_data_filtered.wrench.force.z,319.69501472539474
0.315419946,1785795211.628945384,/loadcell_data_filtered.wrench.force.z,320.59527303537976
0.31578780300000003,1785795211.629313241,/loadcell_data_filtered.wrench.force.z,321.77485105150555
0.31612624,1785795211.629651678,/loadcell_data_filtered.wrench.force.z,323.04274708828865
0.316474533,1785795211.629999971,/loadcell_data_filtered.wrench.force.z,324.64967931928106
0.316923279,1785795211.630448717,/loadcell_data_filtered.wrench.force.z,331.28843659869364
0.317720804,1785795211.631246242,/loadcell_data_filtered.wrench.force.z,336.227819538208
0.317729768,1785795211.631255206,/loadcell_data_filtered.wrench.force.z,340.2852266666925
0.317937319,1785795211.631462757,/loadcell_data_filtered.wrench.force.z,344.2339997714922
0.31833277600000004,1785795211.631858214,/loadcell_data_filtered.wrench.force.z,347.91535008512227
0.31876679900000005,1785795211.632292237,/loadcell_data_filtered.wrench.force.z,350.061981280586
0.31915311700000004,1785795211.632678555,/loadcell_data_filtered.wrench.force.z,351.40776210732247
0.31948081,1785795211.633006248,/loadcell_data_filtered.wrench.force.z,352.5944306553655
0.31974742300000003,1785795211.633272861,/loadcell_data_filtered.wrench.force.z,353.5623919156397
0.31998770400000004,1785795211.633513142,/loadcell_data_filtered.wrench.force.z,354.17120138204444
0.320155629,1785795211.633681067,/loadcell_data_filtered.wrench.force.z,354.8655310719062
0.320310231,1785795211.633835669,/loadcell_data_filtered.wrench.force.z,355.68406425194354
0.320473457,1785795211.633998895,/loadcell_data_filtered.wrench.force.z,355.4058510404102
0.32063149300000005,1785795211.634156931,/loadcell_data_filtered.wrench.force.z,356.28266212178886
0.32100462900000004,1785795211.634530067,/loadcell_data_filtered.wrench.force.z,356.56289250677776
0.32353408100000003,1785795211.637059519,/loadcell_data_filtered.wrench.force.z,356.55910374057714
0.32373012100000004,1785795211.637255559,/loadcell_data_filtered.wrench.force.z,354.52252644891894
0.32390114200000003,1785795211.637426580,/loadcell_data_filtered.wrench.force.z,349.955997466817
0.32410336700000003,1785795211.637628805,/loadcell_data_filtered.wrench.force.z,339.1570241834378
0.32430044900000005,1785795211.637825887,/loadcell_data_filtered.wrench.force.z,335.67023245213386
0.32455089800000003,1785795211.638076336,/loadcell_data_filtered.wrench.force.z,331.9164850430206
0.324735904,1785795211.638261342,/loadcell_data_filtered.wrench.force.z,328.20557059792833
0.326988014,1785795211.640513452,/loadcell_data_filtered.wrench.force.z,326.13263099277924
0.327229944,1785795211.640755382,/loadcell_data_filtered.wrench.force.z,325.5275242785892
0.327410348,1785795211.640935786,/loadcell_data_filtered.wrench.force.z,325.5644764626178
0.327518014,1785795211.641043452,/loadcell_data_filtered.wrench.force.z,318.34473988851556
0.328271645,1785795211.641797083,/loadcell_data_filtered.wrench.force.z,318.93121154769494
0.328989244,1785795211.642514682,/loadcell_data_filtered.wrench.force.z,317.60353402107046
0.329365373,1785795211.642890811,/loadcell_data_filtered.wrench.force.z,317.70934919675705
0.329716337,1785795211.643241775,/loadcell_data_filtered.wrench.force.z,317.2805870033877
0.330047566,1785795211.643573004,/loadcell_data_filtered.wrench.force.z,316.6647320484702
0.330407438,1785795211.643932876,/loadcell_data_filtered.wrench.force.z,315.82848577842236
0.33075483,1785795211.644280268,/loadcell_data_filtered.wrench.force.z,315.2084995290554
0.332277278,1785795211.645802716,/loadcell_data_filtered.wrench.force.z,319.5092942432045
0.334284299,1785795211.647809737,/loadcell_data_filtered.wrench.force.z,323.574439518926
0.33502913700000003,1785795211.648554575,/loadcell_data_filtered.wrench.force.z,327.52495119746015
0.335617587,1785795211.649143025,/loadcell_data_filtered.wrench.force.z,331.34978536202806
0.336149462,1785795211.649674900,/loadcell_data_filtered.wrench.force.z,334.0365261938407
0.33661255700000003,1785795211.650137995,/loadcell_data_filtered.wrench.force.z,336.59562989024215
0.337028663,1785795211.650554101,/loadcell_data_filtered.wrench.force.z,338.398963968746
0.337265423,1785795211.650790861,/loadcell_data_filtered.wrench.force.z,338.52991561383004
0.337551019,1785795211.651076457,/loadcell_data_filtered.wrench.force.z,337.90670432626115
0.33779272800000004,1785795211.651318166,/loadcell_data_filtered.wrench.force.z,337.89162854753135
0.33803076000000004,1785795211.651556198,/loadcell_data_filtered.wrench.force.z,337.62940557540054
0.338284994,1785795211.651810432,/loadcell_data_filtered.wrench.force.z,338.0537704855202
0.338602765,1785795211.652128203,/loadcell_data_filtered.wrench.force.z,337.2892040004814
0.338915253,1785795211.652440691,/loadcell_data_filtered.wrench.force.z,336.8451899980232
0.33922728900000004,1785795211.652752727,/loadcell_data_filtered.wrench.force.z,336.3941784432123
0.33954605000000004,1785795211.653071488,/loadcell_data_filtered.wrench.force.z,335.9670421312135
0.33983760300000004,1785795211.653363041,/loadcell_data_filtered.wrench.force.z,333.651924029595
0.34008957500000003,1785795211.653615013,/loadcell_data_filtered.wrench.force.z,321.524230339402
0.34035015,1785795211.653875588,/loadcell_data_filtered.wrench.force.z,318.14444361008225
0.340570243,1785795211.654095681,/loadcell_data_filtered.wrench.force.z,314.0136686904366
0.341890574,1785795211.655416012,/loadcell_data_filtered.wrench.force.z,310.0009071890619
0.342080103,1785795211.655605541,/loadcell_data_filtered.wrench.force.z,306.49054414580274
0.34221194200000005,1785795211.655737380,/loadcell_data_filtered.wrench.force.z,298.04496370183267
0.34303234800000004,1785795211.656557786,/loadcell_data_filtered.wrench.force.z,296.29175988922594
0.34364179100000003,1785795211.657167229,/loadcell_data_filtered.wrench.force.z,295.82694052889474
0.343805328,1785795211.657330766,/loadcell_data_filtered.wrench.force.z,296.6133116032599
0.345768626,1785795211.659294064,/loadcell_data_filtered.wrench.force.z,297.28924479450694
0.345850429,1785795211.659375867,/loadcell_data_filtered.wrench.force.z,297.2141638851035
0.34602562600000003,1785795211.659551064,/loadcell_data_filtered.wrench.force.z,296.53151341444
0.34627183300000003,1785795211.659797271,/loadcell_data_filtered.wrench.force.z,292.8926618506451
0.346459393,1785795211.659984831,/loadcell_data_filtered.wrench.force.z,288.9561997490664
0.347676278,1785795211.661201716,/loadcell_data_filtered.wrench.force.z,289.8064800904582
0.34921503800000003,1785795211.662740476,/loadcell_data_filtered.wrench.force.z,288.5965929032782
0.34947545500000005,1785795211.663000893,/loadcell_data_filtered.wrench.force.z,288.9973755127192
0.349902508,1785795211.663427946,/loadcell_data_filtered.wrench.force.z,288.44900475888664
0.35001048700000004,1785795211.663535925,/loadcell_data_filtered.wrench.force.z,294.00624967178226
0.350237493,1785795211.663762931,/loadcell_data_filtered.wrench.force.z,296.553179242575
0.350477301,1785795211.664002739,/loadcell_data_filtered.wrench.force.z,294.48384687346976
0.35066433500000005,1785795211.664189773,/loadcell_data_filtered.wrench.force.z,298.5825988961651
0.35086503100000005,1785795211.664390469,/loadcell_data_filtered.wrench.force.z,299.4056995469674
0.351485178,1785795211.665010616,/loadcell_data_filtered.wrench.force.z,300.4941977500487
0.35166325800000003,1785795211.665188696,/loadcell_data_filtered.wrench.force.z,301.1533704345704
0.351850624,1785795211.665376062,/loadcell_data_filtered.wrench.force.z,295.04502896140525
0.35199298500000004,1785795211.665518423,/loadcell_data_filtered.wrench.force.z,296.7354053435566
0.354445296,1785795211.667970734,/loadcell_data_filtered.wrench.force.z,297.3423253613672
0.354675601,1785795211.668201039,/loadcell_data_filtered.wrench.force.z,298.2705681939322
0.35476074,1785795211.668286178,/loadcell_data_filtered.wrench.force.z,299.08933952028536
0.354899673,1785795211.668425111,/loadcell_data_filtered.wrench.force.z,292.8927374912873
0.35505625700000004,1785795211.668581695,/loadcell_data_filtered.wrench.force.z,293.8367306706577
0.35538246500000004,1785795211.668907903,/loadcell_data_filtered.wrench.force.z,293.83700758362886
0.35678577100000003,1785795211.670311209,/loadcell_data_filtered.wrench.force.z,291.44731894136333
0.357255829,1785795211.670781267,/loadcell_data_filtered.wrench.force.z,288.8807850250352
0.35764159300000004,1785795211.671167031,/loadcell_data_filtered.wrench.force.z,284.812591194511
0.357930966,1785795211.671456404,/loadcell_data_filtered.wrench.force.z,281.98330661318147
0.35815241000000003,1785795211.671677848,/loadcell_data_filtered.wrench.force.z,279.81878284175724
0.35837038200000004,1785795211.671895820,/loadcell_data_filtered.wrench.force.z,277.8485786429854
0.35856945,1785795211.672094888,/loadcell_data_filtered.wrench.force.z,276.733754137897
0.35882479300000003,1785795211.672350231,/loadcell_data_filtered.wrench.force.z,277.19384389385476
0.359615118,1785795211.673140556,/loadcell_data_filtered.wrench.force.z,277.91250441474597
0.36037929100000005,1785795211.673904729,/loadcell_data_filtered.wrench.force.z,279.2360292986389
0.36076325400000003,1785795211.674288692,/loadcell_data_filtered.wrench.force.z,279.8204596500417
0.36144839700000003,1785795211.674973835,/loadcell_data_filtered.wrench.force.z,280.60000454827934
0.361806577,1785795211.675332015,/loadcell_data_filtered.wrench.force.z,281.03399120114346
0.362112457,1785795211.675637895,/loadcell_data_filtered.wrench.force.z,281.88476200365653
0.362612339,1785795211.676137777,/loadcell_data_filtered.wrench.force.z,282.5155866650687
0.36296306100000003,1785795211.676488499,/loadcell_data_filtered.wrench.force.z,283.219002713424
0.363659528,1785795211.677184966,/loadcell_data_filtered.wrench.force.z,283.63700337934904
0.36402995600000004,1785795211.677555394,/loadcell_data_filtered.wrench.force.z,289.61359245335126
0.36473034800000004,1785795211.678255786,/loadcell_data_filtered.wrench.force.z,293.5107999891854
0.36505139200000003,1785795211.678576830,/loadcell_data_filtered.wrench.force.z,298.03703439081454
0.365432242,1785795211.678957680,/loadcell_data_filtered.wrench.force.z,301.8275269429126
0.365838053,1785795211.679363491,/loadcell_data_filtered.wrench.force.z,305.44697945131577
0.36637900900000003,1785795211.679904447,/loadcell_data_filtered.wrench.force.z,308.02645182884834
0.36678212800000004,1785795211.680307566,/loadcell_data_filtered.wrench.force.z,310.10987914644755
0.36730280000000004,1785795211.680828238,/loadcell_data_filtered.wrench.force.z,311.0756271342599
0.36787662000000004,1785795211.681402058,/loadcell_data_filtered.wrench.force.z,311.9840447054848
0.368345723,1785795211.681871161,/loadcell_data_filtered.wrench.force.z,313.31425722694564
0.368835556,1785795211.682360994,/loadcell_data_filtered.wrench.force.z,314.0779861053366
0.36925411,1785795211.682779548,/loadcell_data_filtered.wrench.force.z,314.9837222061997
0.37073459000000003,1785795211.684260028,/loadcell_data_filtered.wrench.force.z,315.81386823638934
0.37119409600000003,1785795211.684719534,/loadcell_data_filtered.wrench.force.z,316.4618562284929
0.37156613200000005,1785795211.685091570,/loadcell_data_filtered.wrench.force.z,317.41025728719495
0.372017768,1785795211.685543206,/loadcell_data_filtered.wrench.force.z,317.12757601445514
0.372413097,1785795211.685938535,/loadcell_data_filtered.wrench.force.z,317.1913143162991
0.37282745700000003,1785795211.686352895,/loadcell_data_filtered.wrench.force.z,311.8075761456706
0.373210213,1785795211.686735651,/loadcell_data_filtered.wrench.force.z,308.6749904895135
0.37368305500000004,1785795211.687208493,/loadcell_data_filtered.wrench.force.z,305.2733477110192
0.376852379,1785795211.690377817,/loadcell_data_filtered.wrench.force.z,302.37163338528336
0.37718524800000003,1785795211.690710686,/loadcell_data_filtered.wrench.force.z,299.72595766915475
0.377489028,1785795211.691014466,/loadcell_data_filtered.wrench.force.z,298.68453359912615
0.37783193800000003,1785795211.691357376,/loadcell_data_filtered.wrench.force.z,291.38151835939226
0.378256164,1785795211.691781602,/loadcell_data_filtered.wrench.force.z,291.0357859294366
0.379871622,1785795211.693397060,/loadcell_data_filtered.wrench.force.z,292.0943686902078
0.38018519,1785795211.693710628,/loadcell_data_filtered.wrench.force.z,292.7648240465448
0.380441525,1785795211.693966963,/loadcell_data_filtered.wrench.force.z,292.16370184541034
0.38070655000000003,1785795211.694231988,/loadcell_data_filtered.wrench.force.z,292.51890419226635
0.380946414,1785795211.694471852,/loadcell_data_filtered.wrench.force.z,292.06507028228435
0.38115675200000004,1785795211.694682190,/loadcell_data_filtered.wrench.force.z,289.04130813686106
0.381383858,1785795211.694909296,/loadcell_data_filtered.wrench.force.z,285.25729916431254
0.381550278,1785795211.695075716,/loadcell_data_filtered.wrench.force.z,285.33144241202046
0.381763169,1785795211.695288607,/loadcell_data_filtered.wrench.force.z,284.80804013665755
0.381942535,1785795211.695467973,/loadcell_data_filtered.wrench.force.z,290.8375131707213
0.38215156,1785795211.695676998,/loadcell_data_filtered.wrench.force.z,295.53113558440094
0.382362168,1785795211.695887606,/loadcell_data_filtered.wrench.force.z,299.4924454566902
0.38257277500000003,1785795211.696098213,/loadcell_data_filtered.wrench.force.z,302.83773433632524
0.38276550800000003,1785795211.696290946,/loadcell_data_filtered.wrench.force.z,305.95219867962174
0.38337440700000003,1785795211.696899845,/loadcell_data_filtered.wrench.force.z,307.6611955556141
0.383798034,1785795211.697323472,/loadcell_data_filtered.wrench.force.z,308.55722932364296
0.38419544600000005,1785795211.697720884,/loadcell_data_filtered.wrench.force.z,309.4368192814769
0.38469764300000003,1785795211.698223081,/loadcell_data_filtered.wrench.force.z,310.2595952397662
0.385186856,1785795211.698712294,/loadcell_data_filtered.wrench.force.z,310.67079824925133
0.387605142,1785795211.701130580,/loadcell_data_filtered.wrench.force.z,311.2384631180328
0.38766768500000004,1785795211.701193123,/loadcell_data_filtered.wrench.force.z,311.896450123032
0.388678899,1785795211.702204337,/loadcell_data_filtered.wrench.force.z,312.8201015154043
0.38919356200000005,1785795211.702719000,/loadcell_data_filtered.wrench.force.z,313.27002687478813
0.389543531,1785795211.703068969,/loadcell_data_filtered.wrench.force.z,313.61660477562714
0.389792872,1785795211.703318310,/loadcell_data_filtered.wrench.force.z,314.11969938993644
0.390051144,1785795211.703576582,/loadcell_data_filtered.wrench.force.z,310.7466807032754
0.39037859,1785795211.703904028,/loadcell_data_filtered.wrench.force.z,307.7133808090427
0.39078503200000003,1785795211.704310470,/loadcell_data_filtered.wrench.force.z,303.8420307377226
0.39110748,1785795211.704632918,/loadcell_data_filtered.wrench.force.z,300.30428037036154
0.391378486,1785795211.704903924,/loadcell_data_filtered.wrench.force.z,297.6649893098039
0.39167259000000004,1785795211.705198028,/loadcell_data_filtered.wrench.force.z,295.1590826144703
0.39194318,1785795211.705468618,/loadcell_data_filtered.wrench.force.z,293.79817465063906
0.392255958,1785795211.705781396,/loadcell_data_filtered.wrench.force.z,293.5900587849733
0.393012483,1785795211.706537921,/loadcell_data_filtered.wrench.force.z,293.54314619705394
0.393888817,1785795211.707414255,/loadcell_data_filtered.wrench.force.z,293.7886343534584
0.394097537,1785795211.707622975,/loadcell_data_filtered.wrench.force.z,293.92731704038937
0.39532991100000003,1785795211.708855349,/loadcell_data_filtered.wrench.force.z,294.2670588227741
0.395825034,1785795211.709350472,/loadcell_data_filtered.wrench.force.z,293.1352748621217
0.395983534,1785795211.709508972,/loadcell_data_filtered.wrench.force.z,292.99129279440075
0.39633410100000005,1785795211.709859539,/loadcell_data_filtered.wrench.force.z,292.94956532526203
0.396548762,1785795211.710074200,/loadcell_data_filtered.wrench.force.z,292.53926013891544
0.39685139,1785795211.710376828,/loadcell_data_filtered.wrench.force.z,291.2110048931906
0.39788915900000005,1785795211.711414597,/loadcell_data_filtered.wrench.force.z,296.25904399089274
0.39838649800000003,1785795211.711911936,/loadcell_data_filtered.wrench.force.z,298.9457918346598
0.398777093,1785795211.712302531,/loadcell_data_filtered.wrench.force.z,302.4355028084771
0.400962955,1785795211.714488393,/loadcell_data_filtered.wrench.force.z,305.01456302398714
0.401455991,1785795211.714981429,/loadcell_data_filtered.wrench.force.z,307.05632262783297
0.401749848,1785795211.715275286,/loadcell_data_filtered.wrench.force.z,309.00668824799413
0.40210689400000005,1785795211.715632332,/loadcell_data_filtered.wrench.force.z,310.28268943776783
0.402535177,1785795211.716060615,/loadcell_data_filtered.wrench.force.z,310.3834681431094
0.402915354,1785795211.716440792,/loadcell_data_filtered.wrench.force.z,310.43670091660664
0.403286472,1785795211.716811910,/loadcell_data_filtered.wrench.force.z,310.44968821539317
0.403653386,1785795211.717178824,/loadcell_data_filtered.wrench.force.z,309.6727014226523
0.404102177,1785795211.717627615,/loadcell_data_filtered.wrench.force.z,309.62546234027525
0.40452594700000005,1785795211.718051385,/loadcell_data_filtered.wrench.force.z,309.42548502706643
0.404956768,1785795211.718482206,/loadcell_data_filtered.wrench.force.z,309.45146356811824
0.40530712700000004,1785795211.718832565,/loadcell_data_filtered.wrench.force.z,308.9097986749396
0.40559579900000003,1785795211.719121237,/loadcell_data_filtered.wrench.force.z,309.0422142330296
0.40589926200000004,1785795211.719424700,/loadcell_data_filtered.wrench.force.z,309.3490915973722
0.40615508100000003,1785795211.719680519,/loadcell_data_filtered.wrench.force.z,303.89446803585406
0.40640460100000003,1785795211.719930039,/loadcell_data_filtered.wrench.force.z,300.3783697822708
0.40931721800000004,1785795211.722842656,/loadcell_data_filtered.wrench.force.z,297.0293160825905
0.409627732,1785795211.723153170,/loadcell_data_filtered.wrench.force.z,294.50153687598436
0.40985733100000005,1785795211.723382769,/loadcell_data_filtered.wrench.force.z,292.5604363664838
0.41011861400000005,1785795211.723644052,/loadcell_data_filtered.wrench.force.z,291.89167638637724
0.41034890100000004,1785795211.723874339,/loadcell_data_filtered.wrench.force.z,291.8200279127992
0.410613267,1785795211.724138705,/loadcell_data_filtered.wrench.force.z,292.8535613730515
0.410790878,1785795211.724316316,/loadcell_data_filtered.wrench.force.z,293.7573411615159
0.41095386100000003,1785795211.724479299,/loadcell_data_filtered.wrench.force.z,293.78404410985877
0.411115304,1785795211.724640742,/loadcell_data_filtered.wrench.force.z,294.51597090732
0.41129204100000005,1785795211.724817479,/loadcell_data_filtered.wrench.force.z,294.5123787522175
0.411729096,1785795211.725254534,/loadcell_data_filtered.wrench.force.z,294.3129149347537
0.412226303,1785795211.725751741,/loadcell_data_filtered.wrench.force.z,295.130451524951
0.413182877,1785795211.726708315,/loadcell_data_filtered.wrench.force.z,295.47105752501
0.41435531400000003,1785795211.727880752,/loadcell_data_filtered.wrench.force.z,296.13725346397933
0.415934293,1785795211.729459731,/loadcell_data_filtered.wrench.force.z,297.99648041341106
0.41624851,1785795211.729773948,/loadcell_data_filtered.wrench.force.z,304.22822014467596
0.416497512,1785795211.730022950,/loadcell_data_filtered.wrench.force.z,309.8270382058648
0.41673493,1785795211.730260368,/loadcell_data_filtered.wrench.force.z,314.23561290840144
0.416975064,1785795211.730500502,/loadcell_data_filtered.wrench.force.z,318.3778503610145
0.417180753,1785795211.730706191,/loadcell_data_filtered.wrench.force.z,322.04386888097065
0.41739501900000003,1785795211.730920457,/loadcell_data_filtered.wrench.force.z,323.2913698453418
0.417599102,1785795211.731124540,/loadcell_data_filtered.wrench.force.z,323.5823722905577
0.41780192800000004,1785795211.731327366,/loadcell_data_filtered.wrench.force.z,324.2786919758074
0.418082489,1785795211.731607927,/loadcell_data_filtered.wrench.force.z,325.0644827090509
0.418551736,1785795211.732077174,/loadcell_data_filtered.wrench.force.z,325.8810518687495
0.41899694400000004,1785795211.732522382,/loadcell_data_filtered.wrench.force.z,326.6924986656661
0.419521323,1785795211.733046761,/loadcell_data_filtered.wrench.force.z,327.4842801740935
0.420091199,1785795211.733616637,/loadcell_data_filtered.wrench.force.z,328.6765220688033
0.42091468000000004,1785795211.734440118,/loadcell_data_filtered.wrench.force.z,329.7903221528767
0.422120388,1785795211.735645826,/loadcell_data_filtered.wrench.force.z,331.050210917474
0.42254413700000004,1785795211.736069575,/loadcell_data_filtered.wrench.force.z,331.8622556299539
0.422950339,1785795211.736475777,/loadcell_data_filtered.wrench.force.z,328.4133157575104
0.423760242,1785795211.737285680,/loadcell_data_filtered.wrench.force.z,326.3219000715005
0.42404281200000005,1785795211.737568250,/loadcell_data_filtered.wrench.force.z,322.9853010281233
0.42423068500000005,1785795211.737756123,/loadcell_data_filtered.wrench.force.z,321.4148407315591
0.424417311,1785795211.737942749,/loadcell_data_filtered.wrench.force.z,320.12276438652805
0.424611748,1785795211.738137186,/loadcell_data_filtered.wrench.force.z,318.30825482973654
0.42537311800000005,1785795211.738898556,/loadcell_data_filtered.wrench.force.z,317.945112875024
0.42561087200000003,1785795211.739136310,/loadcell_data_filtered.wrench.force.z,318.63940841381907
0.426427005,1785795211.739952443,/loadcell_data_filtered.wrench.force.z,320.02353313325864
0.426845479,1785795211.740370917,/loadcell_data_filtered.wrench.force.z,321.5099133246018
0.427171522,1785795211.740696960,/loadcell_data_filtered.wrench.force.z,322.2697158710772
0.427996504,1785795211.741521942,/loadcell_data_filtered.wrench.force.z,322.7602689766141
0.42846812,1785795211.741993558,/loadcell_data_filtered.wrench.force.z,323.3077388474405
0.428829962,1785795211.742355400,/loadcell_data_filtered.wrench.force.z,323.79616945293446
0.42931750500000004,1785795211.742842943,/loadcell_data_filtered.wrench.force.z,324.16437255770757
0.430726355,1785795211.744251793,/loadcell_data_filtered.wrench.force.z,324.6511619574397
0.431637019,1785795211.745162457,/loadcell_data_filtered.wrench.force.z,325.11516055196665
0.431965825,1785795211.745491263,/loadcell_data_filtered.wrench.force.z,331.95906658139114
0.432216984,1785795211.745742422,/loadcell_data_filtered.wrench.force.z,336.7041826261164
0.432503389,1785795211.746028827,/loadcell_data_filtered.wrench.force.z,340.995397108337
0.43273953000000004,1785795211.746264968,/loadcell_data_filtered.wrench.force.z,345.05740396763775
0.432985498,1785795211.746510936,/loadcell_data_filtered.wrench.force.z,347.76373438782844
0.433230357,1785795211.746755795,/loadcell_data_filtered.wrench.force.z,348.6435519152358
0.433660298,1785795211.747185736,/loadcell_data_filtered.wrench.force.z,350.157293784241
0.43402190500000004,1785795211.747547343,/loadcell_data_filtered.wrench.force.z,350.34807535388643
0.43600574000000003,1785795211.749531178,/loadcell_data_filtered.wrench.force.z,350.4528078340396
0.43662584800000004,1785795211.750151286,/loadcell_data_filtered.wrench.force.z,350.82776901121673
0.43690464700000003,1785795211.750430085,/loadcell_data_filtered.wrench.force.z,351.093663267022
0.43711116600000005,1785795211.750636604,/loadcell_data_filtered.wrench.force.z,351.4600543784513
0.437329273,1785795211.750854711,/loadcell_data_filtered.wrench.force.z,350.9123794985658
0.437568461,1785795211.751093899,/loadcell_data_filtered.wrench.force.z,350.31846262597327
0.439232587,1785795211.752758025,/loadcell_data_filtered.wrench.force.z,349.5921213903458
0.439438665,1785795211.752964103,/loadcell_data_filtered.wrench.force.z,348.8812874521193
0.43960188400000005,1785795211.753127322,/loadcell_data_filtered.wrench.force.z,345.47912809656333
0.43974183,1785795211.753267268,/loadcell_data_filtered.wrench.force.z,334.5459615709921
0.439883652,1785795211.753409090,/loadcell_data_filtered.wrench.force.z,330.4847616642671
0.440265373,1785795211.753790811,/loadcell_data_filtered.wrench.force.z,325.3270175262365
0.44060418500000004,1785795211.754129623,/loadcell_data_filtered.wrench.force.z,321.5683906175607
0.441164314,1785795211.754689752,/loadcell_data_filtered.wrench.force.z,317.77370760919445
0.441447684,1785795211.754973122,/loadcell_data_filtered.wrench.force.z,315.4585832047295
0.441930264,1785795211.755455702,/loadcell_data_filtered.wrench.force.z,314.082288357022
0.44335445,1785795211.756879888,/loadcell_data_filtered.wrench.force.z,313.1307969859753
0.44384620100000005,1785795211.757371639,/loadcell_data_filtered.wrench.force.z,312.8339454120172
0.44416148200000005,1785795211.757686920,/loadcell_data_filtered.wrench.force.z,312.7902142259061
0.444489766,1785795211.758015204,/loadcell_data_filtered.wrench.force.z,312.0829145735992
0.44572101000000003,1785795211.759246448,/loadcell_data_filtered.wrench.force.z,310.74952760860094
0.445954454,1785795211.759479892,/loadcell_data_filtered.wrench.force.z,309.70008005572066
0.446138134,1785795211.759663572,/loadcell_data_filtered.wrench.force.z,309.6440902793188
0.44633413000000005,1785795211.759859568,/loadcell_data_filtered.wrench.force.z,309.46935521975666
0.446594523,1785795211.760119961,/loadcell_data_filtered.wrench.force.z,308.63867050881305
0.447141938,1785795211.760667376,/loadcell_data_filtered.wrench.force.z,309.92937464088857
0.44943041600000005,1785795211.762955854,/loadcell_data_filtered.wrench.force.z,314.0831586259457
0.44961037200000004,1785795211.763135810,/loadcell_data_filtered.wrench.force.z,318.15321757924244
0.449732642,1785795211.763258080,/loadcell_data_filtered.wrench.force.z,321.46954925976223
0.44988691300000005,1785795211.763412351,/loadcell_data_filtered.wrench.force.z,317.61898977812166
0.45005134,1785795211.763576778,/loadcell_data_filtered.wrench.force.z,319.4114716864348
0.450244902,1785795211.763770340,/loadcell_data_filtered.wrench.force.z,319.5216464948073
0.45067352800000005,1785795211.764198966,/loadcell_data_filtered.wrench.force.z,319.6672892553573
0.45149102500000005,1785795211.765016463,/loadcell_data_filtered.wrench.force.z,319.4958754157548
0.45169741100000005,1785795211.765222849,/loadcell_data_filtered.wrench.force.z,319.64882698578015
0.45246119300000004,1785795211.765986631,/loadcell_data_filtered.wrench.force.z,319.8015455994285
0.45448624200000004,1785795211.768011680,/loadcell_data_filtered.wrench.force.z,319.89996535851907
0.45485354400000005,1785795211.768378982,/loadcell_data_filtered.wrench.force.z,320.28265808751644
0.45506696700000004,1785795211.768592405,/loadcell_data_filtered.wrench.force.z,320.53495790961654
0.45526649500000005,1785795211.768791933,/loadcell_data_filtered.wrench.force.z,314.7335204828954
0.45548578500000003,1785795211.769011223,/loadcell_data_filtered.wrench.force.z,314.19300937927056
0.45568105600000003,1785795211.769206494,/loadcell_data_filtered.wrench.force.z,313.61030779854406
0.45588968500000004,1785795211.769415123,/loadcell_data_filtered.wrench.force.z,309.22686776454594
0.45612964600000006,1785795211.769655084,/loadcell_data_filtered.wrench.force.z,306.5941421487654
0.45637382800000004,1785795211.769899266,/loadcell_data_filtered.wrench.force.z,303.23953103799664
0.457141901,1785795211.770667339,/loadcell_data_filtered.wrench.force.z,300.80162436068406
0.457359395,1785795211.770884833,/loadcell_data_filtered.wrench.force.z,299.08874821290397
0.457821929,1785795211.771347367,/loadcell_data_filtered.wrench.force.z,297.943817243514
0.458335651,1785795211.771861089,/loadcell_data_filtered.wrench.force.z,297.28359508968094
0.45883056400000005,1785795211.772356002,/loadcell_data_filtered.wrench.force.z,298.2941424764743
0.45938069800000003,1785795211.772906136,/loadcell_data_filtered.wrench.force.z,299.20950524809365
0.46017357600000003,1785795211.773699014,/loadcell_data_filtered.wrench.force.z,300.6014123987289
0.461722371,1785795211.775247809,/loadcell_data_filtered.wrench.force.z,301.47313091647305
0.46183835,1785795211.775363788,/loadcell_data_filtered.wrench.force.z,302.454244267512
0.46197114800000005,1785795211.775496586,/loadcell_data_filtered.wrench.force.z,298.5811342655432
0.46208781800000004,1785795211.775613256,/loadcell_data_filtered.wrench.force.z,297.5780579810888
0.462325961,1785795211.775851399,/loadcell_data_filtered.wrench.force.z,298.4408500573668
0.46442651900000004,1785795211.777951957,/loadcell_data_filtered.wrench.force.z,299.56776866903556
0.46469469,1785795211.778220128,/loadcell_data_filtered.wrench.force.z,300.4161946365855
0.464938253,1785795211.778463691,/loadcell_data_filtered.wrench.force.z,300.77364010574684
0.465213653,1785795211.778739091,/loadcell_data_filtered.wrench.force.z,306.2980214254777
0.46552501500000004,1785795211.779050453,/loadcell_data_filtered.wrench.force.z,310.90574784315424
0.46586128000000004,1785795211.779386718,/loadcell_data_filtered.wrench.force.z,315.2317052834459
0.466628083,1785795211.780153521,/loadcell_data_filtered.wrench.force.z,319.31571104255676
0.46702238,1785795211.780547818,/loadcell_data_filtered.wrench.force.z,321.78494451063654
0.46725266800000004,1785795211.780778106,/loadcell_data_filtered.wrench.force.z,323.8146645513243
0.467492224,1785795211.781017662,/loadcell_data_filtered.wrench.force.z,324.7654088825715
0.469128869,1785795211.782654307,/loadcell_data_filtered.wrench.force.z,325.8401877329785
0.46943325300000005,1785795211.782958691,/loadcell_data_filtered.wrench.force.z,326.7979623571313
0.46982377900000005,1785795211.783349217,/loadcell_data_filtered.wrench.force.z,321.00764413367676
0.470158067,1785795211.783683505,/loadcell_data_filtered.wrench.force.z,321.8555233581433
0.47056459,1785795211.784090028,/loadcell_data_filtered.wrench.force.z,322.04043689779115
0.47093453700000004,1785795211.784459975,/loadcell_data_filtered.wrench.force.z,322.81084096183724
0.471256812,1785795211.784782250,/loadcell_data_filtered.wrench.force.z,323.50413638405354
0.47166768200000003,1785795211.785193120,/loadcell_data_filtered.wrench.force.z,323.88727058638517
0.472213227,1785795211.785738665,/loadcell_data_filtered.wrench.force.z,323.9426377112368
0.47342321200000004,1785795211.786948650,/loadcell_data_filtered.wrench.force.z,318.66254460948085
0.47476521800000004,1785795211.788290656,/loadcell_data_filtered.wrench.force.z,314.638984090563
0.475142171,1785795211.788667609,/loadcell_data_filtered.wrench.force.z,311.95215802833854
0.47635924100000004,1785795211.789884679,/loadcell_data_filtered.wrench.force.z,309.27764907500455
0.476657094,1785795211.790182532,/loadcell_data_filtered.wrench.force.z,307.43418724336397
0.476929612,1785795211.790455050,/loadcell_data_filtered.wrench.force.z,306.9448472852762
0.47717144800000005,1785795211.790696886,/loadcell_data_filtered.wrench.force.z,305.9355141690525
0.47749090200000005,1785795211.791016340,/loadcell_data_filtered.wrench.force.z,302.4212433288772
0.477893561,1785795211.791418999,/loadcell_data_filtered.wrench.force.z,300.97892611903325
0.47835176100000004,1785795211.791877199,/loadcell_data_filtered.wrench.force.z,300.6520043685975
0.47925508000000006,1785795211.792780518,/loadcell_data_filtered.wrench.force.z,300.9330894902939
0.4794722,1785795211.792997638,/loadcell_data_filtered.wrench.force.z,301.526046351201
0.479632192,1785795211.793157630,/loadcell_data_filtered.wrench.force.z,302.4161256761906
0.47980005600000003,1785795211.793325494,/loadcell_data_filtered.wrench.force.z,302.6077998182034
0.47996427900000005,1785795211.793489717,/loadcell_data_filtered.wrench.force.z,303.1006566374965
0.48011794100000005,1785795211.793643379,/loadcell_data_filtered.wrench.force.z,303.31260634510363
0.48033542,1785795211.793860858,/loadcell_data_filtered.wrench.force.z,306.8810059592863
0.480758136,1785795211.794283574,/loadcell_data_filtered.wrench.force.z,311.38324013602914
0.48150626900000004,1785795211.795031707,/loadcell_data_filtered.wrench.force.z,316.25756648135456
0.481838235,1785795211.795363673,/loadcell_data_filtered.wrench.force.z,320.5628378582574
0.48240084600000005,1785795211.795926284,/loadcell_data_filtered.wrench.force.z,323.92695139278675
0.482772937,1785795211.796298375,/loadcell_data_filtered.wrench.force.z,326.63878678384464
0.483475808,1785795211.797001246,/loadcell_data_filtered.wrench.force.z,328.06411847137
0.484106395,1785795211.797631833,/loadcell_data_filtered.wrench.force.z,328.6720653764718
0.48448005200000005,1785795211.798005490,/loadcell_data_filtered.wrench.force.z,329.024239339427
0.48506646800000003,1785795211.798591906,/loadcell_data_filtered.wrench.force.z,329.50787251211096
0.48549152100000004,1785795211.799016959,/loadcell_data_filtered.wrench.force.z,330.0952963005802
0.48628278900000005,1785795211.799808227,/loadcell_data_filtered.wrench.force.z,330.31167683633447
0.486755794,1785795211.800281232,/loadcell_data_filtered.wrench.force.z,330.5278829757529
0.48713707100000003,1785795211.800662509,/loadcell_data_filtered.wrench.force.z,330.5961492585813
0.487547946,1785795211.801073384,/loadcell_data_filtered.wrench.force.z,331.0378194523514
0.48905742700000004,1785795211.802582865,/loadcell_data_filtered.wrench.force.z,331.12304737031
0.489300147,1785795211.802825585,/loadcell_data_filtered.wrench.force.z,331.04326897330196
0.489483514,1785795211.803008952,/loadcell_data_filtered.wrench.force.z,326.03079392769143
0.48964710800000005,1785795211.803172546,/loadcell_data_filtered.wrench.force.z,322.8214546125189
0.48987675900000005,1785795211.803402197,/loadcell_data_filtered.wrench.force.z,318.6636333711744
0.49057495300000004,1785795211.804100391,/loadcell_data_filtered.wrench.force.z,315.3206632265344
0.49096354300000006,1785795211.804488981,/loadcell_data_filtered.wrench.force.z,312.1452673006259
0.491624871,1785795211.805150309,/loadcell_data_filtered.wrench.force.z,310.3888971081246
0.491948472,1785795211.805473910,/loadcell_data_filtered.wrench.force.z,308.20540335191686
0.492254652,1785795211.805780090,/loadcell_data_filtered.wrench.force.z,308.2925492181962
0.492881361,1785795211.806406799,/loadcell_data_filtered.wrench.force.z,308.54818285405474
0.49349877300000006,1785795211.807024211,/loadcell_data_filtered.wrench.force.z,308.5988830897108
0.493811145,1785795211.807336583,/loadcell_data_filtered.wrench.force.z,308.2192371859621
0.49436536000000003,1785795211.807890798,/loadcell_data_filtered.wrench.force.z,307.89405076318747
0.49492796800000005,1785795211.808453406,/loadcell_data_filtered.wrench.force.z,307.79546906545517
0.49531775600000005,1785795211.808843194,/loadcell_data_filtered.wrench.force.z,307.33842028314086
0.49583931900000006,1785795211.809364757,/loadcell_data_filtered.wrench.force.z,307.12975166020595
0.49635633100000004,1785795211.809881769,/loadcell_data_filtered.wrench.force.z,306.6525021332624
0.496901843,1785795211.810427281,/loadcell_data_filtered.wrench.force.z,306.7714301865627
0.49752433100000004,1785795211.811049769,/loadcell_data_filtered.wrench.force.z,312.5222480585191
0.49795474500000003,1785795211.811480183,/loadcell_data_filtered.wrench.force.z,316.4807381628642
0.498664555,1785795211.812189993,/loadcell_data_filtered.wrench.force.z,320.3140393528145
0.499204191,1785795211.812729629,/loadcell_data_filtered.wrench.force.z,323.3443662982373
0.49963752200000006,1785795211.813162960,/loadcell_data_filtered.wrench.force.z,326.40082859501405
0.5000980380000001,1785795211.813623476,/loadcell_data_filtered.wrench.force.z,328.0683289828902
0.5003618080000001,1785795211.813887246,/loadcell_data_filtered.wrench.force.z,329.1339109787248
0.5034416420000001,1785795211.816967080,/loadcell_data_filtered.wrench.force.z,329.2911005399584
0.504779556,1785795211.818304994,/loadcell_data_filtered.wrench.force.z,329.4474033048167
0.505116303,1785795211.818641741,/loadcell_data_filtered.wrench.force.z,330.0622300920852
0.505309694,1785795211.818835132,/loadcell_data_filtered.wrench.force.z,330.62585878872926
0.505501245,1785795211.819026683,/loadcell_data_filtered.wrench.force.z,331.220601019255
0.5056750640000001,1785795211.819200502,/loadcell_data_filtered.wrench.force.z,331.5669807378337
0.505850047,1785795211.819375485,/loadcell_data_filtered.wrench.force.z,331.38588338475745
0.5059844490000001,1785795211.819509887,/loadcell_data_filtered.wrench.force.z,332.00103653473866
0.506102382,1785795211.819627820,/loadcell_data_filtered.wrench.force.z,331.76853882620685
0.506217421,1785795211.819742859,/loadcell_data_filtered.wrench.force.z,330.6302871421561
0.506331254,1785795211.819856692,/loadcell_data_filtered.wrench.force.z,324.84283341612667
0.506446501,1785795211.819971939,/loadcell_data_filtered.wrench.force.z,320.57093402127737
0.506607551,1785795211.820132989,/loadcell_data_filtered.wrench.force.z,317.06651793899454
0.5071687220000001,1785795211.820694160,/loadcell_data_filtered.wrench.force.z,314.066507852085
0.510473507,1785795211.823998945,/loadcell_data_filtered.wrench.force.z,311.2726448380959
0.5109203250000001,1785795211.824445763,/loadcell_data_filtered.wrench.force.z,309.5336264912013
0.5111298830000001,1785795211.824655321,/loadcell_data_filtered.wrench.force.z,309.2883422098344
0.511262469,1785795211.824787907,/loadcell_data_filtered.wrench.force.z,309.78137338898875
0.511445292,1785795211.824970730,/loadcell_data_filtered.wrench.force.z,310.9793416103851
0.511610136,1785795211.825135574,/loadcell_data_filtered.wrench.force.z,311.6986296006507
0.511748281,1785795211.825273719,/loadcell_data_filtered.wrench.force.z,311.9616534112988
0.511906272,1785795211.825431710,/loadcell_data_filtered.wrench.force.z,311.19259164184206
0.5121751410000001,1785795211.825700579,/loadcell_data_filtered.wrench.force.z,310.1024829478484
0.512419249,1785795211.825944687,/loadcell_data_filtered.wrench.force.z,309.55177917440744
0.5126936470000001,1785795211.826219085,/loadcell_data_filtered.wrench.force.z,308.95902814355173
0.513192862,1785795211.826718300,/loadcell_data_filtered.wrench.force.z,308.8295545561329
0.513708809,1785795211.827234247,/loadcell_data_filtered.wrench.force.z,312.74761574676904
0.514341636,1785795211.827867074,/loadcell_data_filtered.wrench.force.z,316.1320655525047
0.515735381,1785795211.829260819,/loadcell_data_filtered.wrench.force.z,320.38419113858015
0.5188314030000001,1785795211.832356841,/loadcell_data_filtered.wrench.force.z,323.9516502955774
0.5190027620000001,1785795211.832528200,/loadcell_data_filtered.wrench.force.z,327.67732162742857
0.52085548,1785795211.834380918,/loadcell_data_filtered.wrench.force.z,330.1535682858261
0.521016938,1785795211.834542376,/loadcell_data_filtered.wrench.force.z,331.9372998832644
0.5211737390000001,1785795211.834699177,/loadcell_data_filtered.wrench.force.z,333.0803683741985
0.521321782,1785795211.834847220,/loadcell_data_filtered.wrench.force.z,334.035344404567
0.5214738480000001,1785795211.834999286,/loadcell_data_filtered.wrench.force.z,334.7052894788852
0.521619111,1785795211.835144549,/loadcell_data_filtered.wrench.force.z,335.7251484206969
0.521755527,1785795211.835280965,/loadcell_data_filtered.wrench.force.z,336.520856995793
0.521894101,1785795211.835419539,/loadcell_data_filtered.wrench.force.z,336.62808609430584
0.5221158810000001,1785795211.835641319,/loadcell_data_filtered.wrench.force.z,335.80032224197305
0.5223440100000001,1785795211.835869448,/loadcell_data_filtered.wrench.force.z,336.2088258908393
0.522616496,1785795211.836141934,/loadcell_data_filtered.wrench.force.z,336.69916191986783
0.522844796,1785795211.836370234,/loadcell_data_filtered.wrench.force.z,337.0094401428663
0.523062754,1785795211.836588192,/loadcell_data_filtered.wrench.force.z,332.27082042925866
0.523268024,1785795211.836793462,/loadcell_data_filtered.wrench.force.z,329.3022424033386
0.523481887,1785795211.837007325,/loadcell_data_filtered.wrench.force.z,325.84142396967013
0.524054389,1785795211.837579827,/loadcell_data_filtered.wrench.force.z,323.1637742931056
0.5242504680000001,1785795211.837775906,/loadcell_data_filtered.wrench.force.z,321.0601388793036
0.524613745,1785795211.838139183,/loadcell_data_filtered.wrench.force.z,320.14537293389014
0.525124871,1785795211.838650309,/loadcell_data_filtered.wrench.force.z,319.432723696762
0.52555032,1785795211.839075758,/loadcell_data_filtered.wrench.force.z,319.9205987846335
0.526168795,1785795211.839694233,/loadcell_data_filtered.wrench.force.z,320.8872438689026
0.5269365180000001,1785795211.840461956,/loadcell_data_filtered.wrench.force.z,321.68752674217967
0.527128221,1785795211.840653659,/loadcell_data_filtered.wrench.force.z,322.0316354903667
0.527748003,1785795211.841273441,/loadcell_data_filtered.wrench.force.z,322.04939767045346
0.528196597,1785795211.841722035,/loadcell_data_filtered.wrench.force.z,322.35347255069144
0.5285943790000001,1785795211.842119817,/loadcell_data_filtered.wrench.force.z,322.8323194396683
0.529685646,1785795211.843211084,/loadcell_data_filtered.wrench.force.z,323.4893780917906
0.529856553,1785795211.843381991,/loadcell_data_filtered.wrench.force.z,324.2596585249701
0.530274357,1785795211.843799795,/loadcell_data_filtered.wrench.force.z,324.996329845108
0.5311179930000001,1785795211.844643431,/loadcell_data_filtered.wrench.force.z,331.458404140816
0.531838397,1785795211.845363835,/loadcell_data_filtered.wrench.force.z,336.0228668410894
0.532363476,1785795211.845888914,/loadcell_data_filtered.wrench.force.z,340.44931114895394
0.533263485,1785795211.846788923,/loadcell_data_filtered.wrench.force.z,344.2240894789329
0.53434481,1785795211.847870248,/loadcell_data_filtered.wrench.force.z,347.65509219030366
0.534555486,1785795211.848080924,/loadcell_data_filtered.wrench.force.z,350.51080104767567
0.5347774700000001,1785795211.848302908,/loadcell_data_filtered.wrench.force.z,352.48520150161113
0.535065212,1785795211.848590650,/loadcell_data_filtered.wrench.force.z,353.6998691404166
0.5353330660000001,1785795211.848858504,/loadcell_data_filtered.wrench.force.z,355.8820531608814
0.535617812,1785795211.849143250,/loadcell_data_filtered.wrench.force.z,356.6934927885
0.5359216640000001,1785795211.849447102,/loadcell_data_filtered.wrench.force.z,357.13458711415626
0.5364107650000001,1785795211.849936203,/loadcell_data_filtered.wrench.force.z,357.88252339057925
0.5368116460000001,1785795211.850337084,/loadcell_data_filtered.wrench.force.z,358.6787738363353
0.539148493,1785795211.852673931,/loadcell_data_filtered.wrench.force.z,359.47732578164886
0.539912077,1785795211.853437515,/loadcell_data_filtered.wrench.force.z,360.29219230609857
0.540376484,1785795211.853901922,/loadcell_data_filtered.wrench.force.z,361.4089697745001
0.5408260100000001,1785795211.854351448,/loadcell_data_filtered.wrench.force.z,361.3114724706406
0.54120462,1785795211.854730058,/loadcell_data_filtered.wrench.force.z,356.67636385337204
0.541516263,1785795211.855041701,/loadcell_data_filtered.wrench.force.z,353.23033877942805
0.541836976,1785795211.855362414,/loadcell_data_filtered.wrench.force.z,349.2610398332387
0.542241463,1785795211.855766901,/loadcell_data_filtered.wrench.force.z,346.6943596762116
0.5425091710000001,1785795211.856034609,/loadcell_data_filtered.wrench.force.z,344.16748801947676
0.5428082470000001,1785795211.856333685,/loadcell_data_filtered.wrench.force.z,343.04054608468357
0.543120302,1785795211.856645740,/loadcell_data_filtered.wrench.force.z,342.785323203626
0.544673238,1785795211.858198676,/loadcell_data_filtered.wrench.force.z,342.6592912450442
0.544940706,1785795211.858466144,/loadcell_data_filtered.wrench.force.z,342.9734135156135
0.545115789,1785795211.858641227,/loadcell_data_filtered.wrench.force.z,342.9867002032947
0.5452918210000001,1785795211.858817259,/loadcell_data_filtered.wrench.force.z,335.81476546088777
0.5454989250000001,1785795211.859024363,/loadcell_data_filtered.wrench.force.z,335.96200020365535
0.545678243,1785795211.859203681,/loadcell_data_filtered.wrench.force.z,334.6603788202515
0.545843387,1785795211.859368825,/loadcell_data_filtered.wrench.force.z,333.968734708546
0.546003349,1785795211.859528787,/loadcell_data_filtered.wrench.force.z,333.3827028795521
0.546566283,1785795211.860091721,/loadcell_data_filtered.wrench.force.z,332.5498820270185
0.548290747,1785795211.861816185,/loadcell_data_filtered.wrench.force.z,336.72064325996297
0.548660108,1785795211.862185546,/loadcell_data_filtered.wrench.force.z,339.5672327397427
0.5489577990000001,1785795211.862483237,/loadcell_data_filtered.wrench.force.z,343.8535779954186
0.549227616,1785795211.862753054,/loadcell_data_filtered.wrench.force.z,346.85870995883954
0.549899463,1785795211.863424901,/loadcell_data_filtered.wrench.force.z,348.3175497214568
0.549976828,1785795211.863502266,/loadcell_data_filtered.wrench.force.z,349.44289318514205
0.551129437,1785795211.864654875,/loadcell_data_filtered.wrench.force.z,350.012361872268
0.5515581430000001,1785795211.865083581,/loadcell_data_filtered.wrench.force.z,349.44261416484557
0.551943815,1785795211.865469253,/loadcell_data_filtered.wrench.force.z,348.7238835183516
0.5523167870000001,1785795211.865842225,/loadcell_data_filtered.wrench.force.z,348.46446818509054
0.552755325,1785795211.866280763,/loadcell_data_filtered.wrench.force.z,347.9333225647986
0.553132639,1785795211.866658077,/loadcell_data_filtered.wrench.force.z,347.43564185160545
0.553408721,1785795211.866934159,/loadcell_data_filtered.wrench.force.z,347.31397509399073
0.553759899,1785795211.867285337,/loadcell_data_filtered.wrench.force.z,347.04586128614505
0.554290758,1785795211.867816196,/loadcell_data_filtered.wrench.force.z,346.48052346708477
0.5546300110000001,1785795211.868155449,/loadcell_data_filtered.wrench.force.z,346.3172816266529
0.557224111,1785795211.870749549,/loadcell_data_filtered.wrench.force.z,345.9825425377049
0.5574248820000001,1785795211.870950320,/loadcell_data_filtered.wrench.force.z,339.98212401160777
0.5575781120000001,1785795211.871103550,/loadcell_data_filtered.wrench.force.z,336.4463781816243
0.55771578,1785795211.871241218,/loadcell_data_filtered.wrench.force.z,326.81091508839603
0.557845966,1785795211.871371404,/loadcell_data_filtered.wrench.force.z,322.75141958246195
0.5596753750000001,1785795211.873200813,/loadcell_data_filtered.wrench.force.z,319.45750879482
0.5603990080000001,1785795211.873924446,/loadcell_data_filtered.wrench.force.z,317.5288890497182
0.560963528,1785795211.874488966,/loadcell_data_filtered.wrench.force.z,316.34412112450553
0.5614791640000001,1785795211.875004602,/loadcell_data_filtered.wrench.force.z,309.71016805612993
0.561927621,1785795211.875453059,/loadcell_data_filtered.wrench.force.z,310.2994793496334
0.5625172230000001,1785795211.876042661,/loadcell_data_filtered.wrench.force.z,310.5228441179558
0.5630019430000001,1785795211.876527381,/loadcell_data_filtered.wrench.force.z,310.9174133757155
0.563373223,1785795211.876898661,/loadcell_data_filtered.wrench.force.z,310.60324622308093
0.563761827,1785795211.877287265,/loadcell_data_filtered.wrench.force.z,304.12294904562464
0.5641659170000001,1785795211.877691355,/loadcell_data_filtered.wrench.force.z,304.87616202532723
0.564593338,1785795211.878118776,/loadcell_data_filtered.wrench.force.z,304.26859934107597
0.5653541590000001,1785795211.878879597,/loadcell_data_filtered.wrench.force.z,304.5998728429291
0.565967034,1785795211.879492472,/loadcell_data_filtered.wrench.force.z,305.080456580412
0.566426615,1785795211.879952053,/loadcell_data_filtered.wrench.force.z,304.662412534772
0.5669989360000001,1785795211.880524374,/loadcell_data_filtered.wrench.force.z,309.96795295447026
0.5674002570000001,1785795211.880925695,/loadcell_data_filtered.wrench.force.z,313.7010929717599
0.567835133,1785795211.881360571,/loadcell_data_filtered.wrench.force.z,316.85526673499237
0.568162442,1785795211.881687880,/loadcell_data_filtered.wrench.force.z,319.5673830983519
0.568400998,1785795211.881926436,/loadcell_data_filtered.wrench.force.z,315.4896139969516
0.568600675,1785795211.882126113,/loadcell_data_filtered.wrench.force.z,317.1991108559183
0.5687932480000001,1785795211.882318686,/loadcell_data_filtered.wrench.force.z,317.7824634309733
0.569006107,1785795211.882531545,/loadcell_data_filtered.wrench.force.z,318.8511931565054
0.569190995,1785795211.882716433,/loadcell_data_filtered.wrench.force.z,319.4101333827848
0.569383596,1785795211.882909034,/loadcell_data_filtered.wrench.force.z,320.41153309632057
0.569595476,1785795211.883120914,/loadcell_data_filtered.wrench.force.z,321.804630282656
0.5719493840000001,1785795211.885474822,/loadcell_data_filtered.wrench.force.z,323.0735274066842
0.5721423050000001,1785795211.885667743,/loadcell_data_filtered.wrench.force.z,324.16503853774503
0.5724061060000001,1785795211.885931544,/loadcell_data_filtered.wrench.force.z,325.35799303473027
0.57266097,1785795211.886186408,/loadcell_data_filtered.wrench.force.z,322.4896632714704
0.572999605,1785795211.886525043,/loadcell_data_filtered.wrench.force.z,318.75015689785243
0.5742861810000001,1785795211.887811619,/loadcell_data_filtered.wrench.force.z,315.68241626747727
0.574874752,1785795211.888400190,/loadcell_data_filtered.wrench.force.z,312.8029647791284
0.575375184,1785795211.888900622,/loadcell_data_filtered.wrench.force.z,310.94054100916463
0.576548014,1785795211.890073452,/loadcell_data_filtered.wrench.force.z,309.18881513381854
0.576577899,1785795211.890103337,/loadcell_data_filtered.wrench.force.z,308.34168205887926
0.57703333,1785795211.890558768,/loadcell_data_filtered.wrench.force.z,307.49586873031893
0.5775186840000001,1785795211.891044122,/loadcell_data_filtered.wrench.force.z,308.618914355768
0.578218878,1785795211.891744316,/loadcell_data_filtered.wrench.force.z,309.9400481731246
0.578628231,1785795211.892153669,/loadcell_data_filtered.wrench.force.z,305.49376314531963
0.578985555,1785795211.892510993,/loadcell_data_filtered.wrench.force.z,306.2768375120003
0.5793521060000001,1785795211.892877544,/loadcell_data_filtered.wrench.force.z,307.38419880817816
0.579732478,1785795211.893257916,/loadcell_data_filtered.wrench.force.z,308.34661923588817
0.5800865820000001,1785795211.893612020,/loadcell_data_filtered.wrench.force.z,308.93541521294736
0.580422034,1785795211.893947472,/loadcell_data_filtered.wrench.force.z,304.29449287794273
0.5808239030000001,1785795211.894349341,/loadcell_data_filtered.wrench.force.z,304.01376857829996
0.5812807170000001,1785795211.894806155,/loadcell_data_filtered.wrench.force.z,304.72853289589347
0.581863617,1785795211.895389055,/loadcell_data_filtered.wrench.force.z,310.89971963074316
0.5824630390000001,1785795211.895988477,/loadcell_data_filtered.wrench.force.z,315.41791708363746
0.582945923,1785795211.896471361,/loadcell_data_filtered.wrench.force.z,320.0533184948443
0.5834423200000001,1785795211.896967758,/loadcell_data_filtered.wrench.force.z,323.37148626548543
0.583975476,1785795211.897500914,/loadcell_data_filtered.wrench.force.z,326.37252124588093
0.5846464290000001,1785795211.898171867,/loadcell_data_filtered.wrench.force.z,328.3166540020574
0.585732751,1785795211.899258189,/loadcell_data_filtered.wrench.force.z,330.32180981593984
0.586097567,1785795211.899623005,/loadcell_data_filtered.wrench.force.z,330.0737531719247
0.586398557,1785795211.899923995,/loadcell_data_filtered.wrench.force.z,330.7594810218233
0.5866949890000001,1785795211.900220427,/loadcell_data_filtered.wrench.force.z,331.90164958634443
0.5869940330000001,1785795211.900519471,/loadcell_data_filtered.wrench.force.z,332.38384046009884
0.5872918100000001,1785795211.900817248,/loadcell_data_filtered.wrench.force.z,333.41588326740464
0.58758246,1785795211.901107898,/loadcell_data_filtered.wrench.force.z,332.7762303120415
0.58798161,1785795211.901507048,/loadcell_data_filtered.wrench.force.z,332.7305962370282
0.588382211,1785795211.901907649,/loadcell_data_filtered.wrench.force.z,332.47430288573975
0.588778046,1785795211.902303484,/loadcell_data_filtered.wrench.force.z,332.27922323520704
0.5891790650000001,1785795211.902704503,/loadcell_data_filtered.wrench.force.z,332.1382385655487
0.589573984,1785795211.903099422,/loadcell_data_filtered.wrench.force.z,326.20365957526167
0.589991594,1785795211.903517032,/loadcell_data_filtered.wrench.force.z,322.70440770802185
0.590404633,1785795211.903930071,/loadcell_data_filtered.wrench.force.z,318.7821967089069
0.590820906,1785795211.904346344,/loadcell_data_filtered.wrench.force.z,316.0794961333261
0.5917509820000001,1785795211.905276420,/loadcell_data_filtered.wrench.force.z,313.09537580319613
0.592185815,1785795211.905711253,/loadcell_data_filtered.wrench.force.z,311.5258599190362
0.592521066,1785795211.906046504,/loadcell_data_filtered.wrench.force.z,310.9355171763111
0.5937158140000001,1785795211.907241252,/loadcell_data_filtered.wrench.force.z,310.76111280220914
0.594292587,1785795211.907818025,/loadcell_data_filtered.wrench.force.z,311.1484140731416
0.5948868770000001,1785795211.908412315,/loadcell_data_filtered.wrench.force.z,312.1037804644665
0.595372415,1785795211.908897853,/loadcell_data_filtered.wrench.force.z,312.2527660574175
0.5957585000000001,1785795211.909283938,/loadcell_data_filtered.wrench.force.z,312.00446818903146
0.596246656,1785795211.909772094,/loadcell_data_filtered.wrench.force.z,312.9332743471481
0.5967659780000001,1785795211.910291416,/loadcell_data_filtered.wrench.force.z,312.46213166644964
0.597093583,1785795211.910619021,/loadcell_data_filtered.wrench.force.z,312.01326244538046
0.597422497,1785795211.910947935,/loadcell_data_filtered.wrench.force.z,312.7776988231289
0.59780966,1785795211.911335098,/loadcell_data_filtered.wrench.force.z,313.5692014853099
0.598316222,1785795211.911841660,/loadcell_data_filtered.wrench.force.z,319.394968456851
0.5986805590000001,1785795211.912205997,/loadcell_data_filtered.wrench.force.z,324.0230723723069
0.598992396,1785795211.912517834,/loadcell_data_filtered.wrench.force.z,327.7128190342039
0.59928077,1785795211.912806208,/loadcell_data_filtered.wrench.force.z,330.93110360891257
0.599591834,1785795211.913117272,/loadcell_data_filtered.wrench.force.z,333.8394182800132
0.599993165,1785795211.913518603,/loadcell_data_filtered.wrench.force.z,335.48039292037566
0.6015391210000001,1785795211.915064559,/loadcell_data_filtered.wrench.force.z,336.00232362582966
0.601882751,1785795211.915408189,/loadcell_data_filtered.wrench.force.z,336.0979282588096
0.602188087,1785795211.915713525,/loadcell_data_filtered.wrench.force.z,336.6872690578408
0.6024051020000001,1785795211.915930540,/loadcell_data_filtered.wrench.force.z,336.6160577985058
0.6028685220000001,1785795211.916393960,/loadcell_data_filtered.wrench.force.z,336.93174462990925
0.602991421,1785795211.916516859,/loadcell_data_filtered.wrench.force.z,336.91095743384216
0.603613692,1785795211.917139130,/loadcell_data_filtered.wrench.force.z,336.7969681721536
0.6055506890000001,1785795211.919076127,/loadcell_data_filtered.wrench.force.z,336.7584215321496
0.6068238460000001,1785795211.920349284,/loadcell_data_filtered.wrench.force.z,336.100795616651
0.607011089,1785795211.920536527,/loadcell_data_filtered.wrench.force.z,336.3421446820869
0.607147305,1785795211.920672743,/loadcell_data_filtered.wrench.force.z,332.5382014331969
0.6072998860000001,1785795211.920825324,/loadcell_data_filtered.wrench.force.z,329.13450431417834
0.607516398,1785795211.921041836,/loadcell_data_filtered.wrench.force.z,324.3241072798633
0.607647496,1785795211.921172934,/loadcell_data_filtered.wrench.force.z,321.0583342787154
0.610034135,1785795211.923559573,/loadcell_data_filtered.wrench.force.z,318.01010742766886
0.610400202,1785795211.923925640,/loadcell_data_filtered.wrench.force.z,314.11372555949623
0.6108840750000001,1785795211.924409513,/loadcell_data_filtered.wrench.force.z,312.15370509396075
0.610919308,1785795211.924444746,/loadcell_data_filtered.wrench.force.z,311.17766289518744
0.6111727290000001,1785795211.924698167,/loadcell_data_filtered.wrench.force.z,311.1558374498827
0.611427383,1785795211.924952821,/loadcell_data_filtered.wrench.force.z,310.9624055057681
0.611675684,1785795211.925201122,/loadcell_data_filtered.wrench.force.z,310.4656527106172
0.6119092660000001,1785795211.925434704,/loadcell_data_filtered.wrench.force.z,310.21624876593586
0.6121426870000001,1785795211.925668125,/loadcell_data_filtered.wrench.force.z,309.99621446072894
0.61235457,1785795211.925880008,/loadcell_data_filtered.wrench.force.z,309.5938785702736
0.61262224,1785795211.926147678,/loadcell_data_filtered.wrench.force.z,309.3392602605772
0.6129731270000001,1785795211.926498565,/loadcell_data_filtered.wrench.force.z,309.2243317890293
0.613903035,1785795211.927428473,/loadcell_data_filtered.wrench.force.z,309.3315145874017
0.614243116,1785795211.927768554,/loadcell_data_filtered.wrench.force.z,315.1250038710413
0.614579274,1785795211.928104712,/loadcell_data_filtered.wrench.force.z,318.6371133702493
0.61575405,1785795211.929279488,/loadcell_data_filtered.wrench.force.z,322.8510481270614
0.6161323590000001,1785795211.929657797,/loadcell_data_filtered.wrench.force.z,326.44609850636766
0.616231816,1785795211.929757254,/loadcell_data_filtered.wrench.force.z,330.3097074224774
0.616384946,1785795211.929910384,/loadcell_data_filtered.wrench.force.z,332.3212524297715
0.616623223,1785795211.930148661,/loadcell_data_filtered.wrench.force.z,333.98223082576254
0.617405356,1785795211.930930794,/loadcell_data_filtered.wrench.force.z,334.7316034239678
0.618345771,1785795211.931871209,/loadcell_data_filtered.wrench.force.z,335.31154396957726
0.6208365610000001,1785795211.934361999,/loadcell_data_filtered.wrench.force.z,336.42354596379283
0.6229052580000001,1785795211.936430696,/loadcell_data_filtered.wrench.force.z,337.1576614531776
0.62303295,1785795211.936558388,/loadcell_data_filtered.wrench.force.z,338.1479723859841
0.6232145410000001,1785795211.936739979,/loadcell_data_filtered.wrench.force.z,339.2938884615358
0.6233025560000001,1785795211.936827994,/loadcell_data_filtered.wrench.force.z,340.55921780422
0.623465161,1785795211.936990599,/loadcell_data_filtered.wrench.force.z,341.68630460494046
0.6235700630000001,1785795211.937095501,/loadcell_data_filtered.wrench.force.z,342.4755427879165
0.623700021,1785795211.937225459,/loadcell_data_filtered.wrench.force.z,341.19233997415853
0.623816143,1785795211.937341581,/loadcell_data_filtered.wrench.force.z,333.8341789477407
0.623980336,1785795211.937505774,/loadcell_data_filtered.wrench.force.z,325.49510415464727
0.6242036360000001,1785795211.937729074,/loadcell_data_filtered.wrench.force.z,322.2067801024696
0.624365397,1785795211.937890835,/loadcell_data_filtered.wrench.force.z,318.3627141741892
0.6246685790000001,1785795211.938194017,/loadcell_data_filtered.wrench.force.z,315.5949407109054
0.625223681,1785795211.938749119,/loadcell_data_filtered.wrench.force.z,314.0625669846683
0.625709551,1785795211.939234989,/loadcell_data_filtered.wrench.force.z,312.9942872540194
0.6263062500000001,1785795211.939831688,/loadcell_data_filtered.wrench.force.z,313.31923292881055
0.6264680840000001,1785795211.939993522,/loadcell_data_filtered.wrench.force.z,313.89046883697006
0.627172829,1785795211.940698267,/loadcell_data_filtered.wrench.force.z,314.0814808130993
0.629447388,1785795211.942972826,/loadcell_data_filtered.wrench.force.z,314.2508359340388
0.629825159,1785795211.943350597,/loadcell_data_filtered.wrench.force.z,314.0585477299835
0.63007049,1785795211.943595928,/loadcell_data_filtered.wrench.force.z,314.63213670952086
0.630281709,1785795211.943807147,/loadcell_data_filtered.wrench.force.z,315.12953443882685
0.630515575,1785795211.944041013,/loadcell_data_filtered.wrench.force.z,315.69759314866604
0.6307430030000001,1785795211.944268441,/loadcell_data_filtered.wrench.force.z,316.60086734524236
0.630952678,1785795211.944478116,/loadcell_data_filtered.wrench.force.z,317.0840264393907
0.631179362,1785795211.944704800,/loadcell_data_filtered.wrench.force.z,322.3485192393984
0.631403648,1785795211.944929086,/loadcell_data_filtered.wrench.force.z,327.68596823206315
0.632172704,1785795211.945698142,/loadcell_data_filtered.wrench.force.z,331.9517814274273
0.6325694500000001,1785795211.946094888,/loadcell_data_filtered.wrench.force.z,335.60167725732117
0.632812433,1785795211.946337871,/loadcell_data_filtered.wrench.force.z,338.90850206885494
0.633743685,1785795211.947269123,/loadcell_data_filtered.wrench.force.z,340.3068733606969
0.634124699,1785795211.947650137,/loadcell_data_filtered.wrench.force.z,341.31232925235486
0.63435609,1785795211.947881528,/loadcell_data_filtered.wrench.force.z,342.37345557331133
0.6356973330000001,1785795211.949222771,/loadcell_data_filtered.wrench.force.z,343.1431543968455
0.636552081,1785795211.950077519,/loadcell_data_filtered.wrench.force.z,343.810913241565
0.636711686,1785795211.950237124,/loadcell_data_filtered.wrench.force.z,345.07803503066697
0.6370969550000001,1785795211.950622393,/loadcell_data_filtered.wrench.force.z,346.5011607756927
0.637257493,1785795211.950782931,/loadcell_data_filtered.wrench.force.z,347.3158764173124
0.6375270070000001,1785795211.951052445,/loadcell_data_filtered.wrench.force.z,347.9979052305764
0.637740085,1785795211.951265523,/loadcell_data_filtered.wrench.force.z,347.95914547146606
0.638120628,1785795211.951646066,/loadcell_data_filtered.wrench.force.z,348.12384697415433
0.6385475460000001,1785795211.952072984,/loadcell_data_filtered.wrench.force.z,343.874729202368
0.63912115,1785795211.952646588,/loadcell_data_filtered.wrench.force.z,340.92043680287634
0.644104081,1785795211.957629519,/loadcell_data_filtered.wrench.force.z,337.11693762871755
0.644733615,1785795211.958259053,/loadcell_data_filtered.wrench.force.z,334.11362020811475
0.645198008,1785795211.958723446,/loadcell_data_filtered.wrench.force.z,332.31436047869477
0.645653329,1785795211.959178767,/loadcell_data_filtered.wrench.force.z,330.6648387028764
0.647462783,1785795211.960988221,/loadcell_data_filtered.wrench.force.z,329.72654284481735
0.647467636,1785795211.960993074,/loadcell_data_filtered.wrench.force.z,330.2206687494098
0.647470148,1785795211.960995586,/loadcell_data_filtered.wrench.force.z,331.1503278532189
0.6474719600000001,1785795211.960997398,/loadcell_data_filtered.wrench.force.z,331.8634524960789
0.647473669,1785795211.960999107,/loadcell_data_filtered.wrench.force.z,331.9495772972124
0.647645197,1785795211.961170635,/loadcell_data_filtered.wrench.force.z,330.6976037292974
0.648541582,1785795211.962067020,/loadcell_data_filtered.wrench.force.z,330.4743597345642
0.649060021,1785795211.962585459,/loadcell_data_filtered.wrench.force.z,329.9008542237569
0.6495114080000001,1785795211.963036846,/loadcell_data_filtered.wrench.force.z,329.84369573722637
0.6498860390000001,1785795211.963411477,/loadcell_data_filtered.wrench.force.z,329.77927847553775
0.650286149,1785795211.963811587,/loadcell_data_filtered.wrench.force.z,329.9366627552027
0.650726537,1785795211.964251975,/loadcell_data_filtered.wrench.force.z,335.76391996157105
0.651089495,1785795211.964614933,/loadcell_data_filtered.wrench.force.z,339.4411806094257
0.651370181,1785795211.964895619,/loadcell_data_filtered.wrench.force.z,343.8418556212085
0.651633102,1785795211.965158540,/loadcell_data_filtered.wrench.force.z,347.34391770893706
0.6518868360000001,1785795211.965412274,/loadcell_data_filtered.wrench.force.z,345.3624454038646
0.6521168270000001,1785795211.965642265,/loadcell_data_filtered.wrench.force.z,345.80726110476814
0.652384108,1785795211.965909546,/loadcell_data_filtered.wrench.force.z,347.9272638240342
0.652664278,1785795211.966189716,/loadcell_data_filtered.wrench.force.z,348.80658860496754
0.652928493,1785795211.966453931,/loadcell_data_filtered.wrench.force.z,349.40933481942005
0.653192505,1785795211.966717943,/loadcell_data_filtered.wrench.force.z,349.6059478122609
0.653417844,1785795211.966943282,/loadcell_data_filtered.wrench.force.z,349.1485675079709
0.653644412,1785795211.967169850,/loadcell_data_filtered.wrench.force.z,349.67744662463076
0.653852183,1785795211.967377621,/loadcell_data_filtered.wrench.force.z,349.8840346575027
0.654066044,1785795211.967591482,/loadcell_data_filtered.wrench.force.z,350.1550809894934
0.654279269,1785795211.967804707,/loadcell_data_filtered.wrench.force.z,350.4753205326808
0.654658633,1785795211.968184071,/loadcell_data_filtered.wrench.force.z,350.72312866676486
0.657079371,1785795211.970604809,/loadcell_data_filtered.wrench.force.z,350.6235972164794
0.65753645,1785795211.971061888,/loadcell_data_filtered.wrench.force.z,345.2902695240768
0.657951614,1785795211.971477052,/loadcell_data_filtered.wrench.force.z,341.5404071516751
0.658245121,1785795211.971770559,/loadcell_data_filtered.wrench.force.z,331.5759507367776
0.65855142,1785795211.972076858,/loadcell_data_filtered.wrench.force.z,329.2064707386627
0.659003485,1785795211.972528923,/loadcell_data_filtered.wrench.force.z,325.8214948478975
0.6592628530000001,1785795211.972788291,/loadcell_data_filtered.wrench.force.z,324.5211277189231
0.659492815,1785795211.973018253,/loadcell_data_filtered.wrench.force.z,321.06934408439804
0.659802725,1785795211.973328163,/loadcell_data_filtered.wrench.force.z,316.91189656057674
0.660429257,1785795211.973954695,/loadcell_data_filtered.wrench.force.z,316.4323110765094
0.6609903490000001,1785795211.974515787,/loadcell_data_filtered.wrench.force.z,315.96442417483644
0.661487583,1785795211.975013021,/loadcell_data_filtered.wrench.force.z,316.5205973541165
0.661777371,1785795211.975302809,/loadcell_data_filtered.wrench.force.z,315.8593293887344
0.661975843,1785795211.975501281,/loadcell_data_filtered.wrench.force.z,315.2637343479847
0.6622573810000001,1785795211.975782819,/loadcell_data_filtered.wrench.force.z,314.3579758361122
0.6626059360000001,1785795211.976131374,/loadcell_data_filtered.wrench.force.z,313.61468709312754
0.664284305,1785795211.977809743,/loadcell_data_filtered.wrench.force.z,313.39170751188004
0.664599416,1785795211.978124854,/loadcell_data_filtered.wrench.force.z,314.9006749980338
0.664886123,1785795211.978411561,/loadcell_data_filtered.wrench.force.z,312.9366309478595
0.665068957,1785795211.978594395,/loadcell_data_filtered.wrench.force.z,317.2156545357357
0.666720333,1785795211.980245771,/loadcell_data_filtered.wrench.force.z,320.05955609337946
0.6669117440000001,1785795211.980437182,/loadcell_data_filtered.wrench.force.z,322.4547583443729
0.667143797,1785795211.980669235,/loadcell_data_filtered.wrench.force.z,324.6811070300942
0.667372383,1785795211.980897821,/loadcell_data_filtered.wrench.force.z,319.04657749287253
0.667620685,1785795211.981146123,/loadcell_data_filtered.wrench.force.z,319.5151368185594
0.667867618,1785795211.981393056,/loadcell_data_filtered.wrench.force.z,318.74136827365015
0.668153835,1785795211.981679273,/loadcell_data_filtered.wrench.force.z,318.6916927558469
0.6684650000000001,1785795211.981990438,/loadcell_data_filtered.wrench.force.z,318.7208184423664
0.668977995,1785795211.982503433,/loadcell_data_filtered.wrench.force.z,318.9216848855462
0.66961539,1785795211.983140828,/loadcell_data_filtered.wrench.force.z,319.1042657249245
0.670039841,1785795211.983565279,/loadcell_data_filtered.wrench.force.z,319.50480046859786
0.6719468390000001,1785795211.985472277,/loadcell_data_filtered.wrench.force.z,319.8616875863617
0.672149302,1785795211.985674740,/loadcell_data_filtered.wrench.force.z,320.1034439637474
0.672284058,1785795211.985809496,/loadcell_data_filtered.wrench.force.z,313.80429746156364
0.672428896,1785795211.985954334,/loadcell_data_filtered.wrench.force.z,309.00834112809775
0.674484457,1785795211.988009895,/loadcell_data_filtered.wrench.force.z,305.5440395763289
0.6746979160000001,1785795211.988223354,/loadcell_data_filtered.wrench.force.z,301.6331111542921
0.6748601230000001,1785795211.988385561,/loadcell_data_filtered.wrench.force.z,298.86603136619647
0.674997862,1785795211.988523300,/loadcell_data_filtered.wrench.force.z,290.0508463629634
0.675128872,1785795211.988654310,/loadcell_data_filtered.wrench.force.z,288.4496309361578
0.675261577,1785795211.988787015,/loadcell_data_filtered.wrench.force.z,286.61121914345944
0.6769087180000001,1785795211.990434156,/loadcell_data_filtered.wrench.force.z,287.1747556284697
0.677092562,1785795211.990618000,/loadcell_data_filtered.wrench.force.z,288.31956370437246
0.677236261,1785795211.990761699,/loadcell_data_filtered.wrench.force.z,284.0395273927035
0.677364893,1785795211.990890331,/loadcell_data_filtered.wrench.force.z,283.919594491955
0.679053381,1785795211.992578819,/loadcell_data_filtered.wrench.force.z,284.0718158565822
0.679174206,1785795211.992699644,/loadcell_data_filtered.wrench.force.z,284.16923304404696
0.6793136230000001,1785795211.992839061,/loadcell_data_filtered.wrench.force.z,284.5185550930111
0.679481745,1785795211.993007183,/loadcell_data_filtered.wrench.force.z,278.477315057695
0.679600383,1785795211.993125821,/loadcell_data_filtered.wrench.force.z,279.89258796823594
0.683062876,1785795211.996588314,/loadcell_data_filtered.wrench.force.z,279.9355898805638
0.683179227,1785795211.996704665,/loadcell_data_filtered.wrench.force.z,286.46597336885196
0.683290543,1785795211.996815981,/loadcell_data_filtered.wrench.force.z,291.17418084681555
0.683428922,1785795211.996954360,/loadcell_data_filtered.wrench.force.z,289.9307390794671
0.6846440370000001,1785795211.998169475,/loadcell_data_filtered.wrench.force.z,294.09553350701475
0.6847543610000001,1785795211.998279799,/loadcell_data_filtered.wrench.force.z,298.8767360246116
0.6849126680000001,1785795211.998438106,/loadcell_data_filtered.wrench.force.z,302.05670662687334
0.685008668,1785795211.998534106,/loadcell_data_filtered.wrench.force.z,305.08778993107836
0.6851230070000001,1785795211.998648445,/loadcell_data_filtered.wrench.force.z,305.887845238984
0.6852377820000001,1785795211.998763220,/loadcell_data_filtered.wrench.force.z,307.5773613785929
0.686908484,1785795212.000433922,/loadcell_data_filtered.wrench.force.z,309.38937987222306
0.687051139,1785795212.000576577,/loadcell_data_filtered.wrench.force.z,309.8741888941318
0.6871664980000001,1785795212.000691936,/loadcell_data_filtered.wrench.force.z,310.8340255409182
0.6872941140000001,1785795212.000819552,/loadcell_data_filtered.wrench.force.z,310.1856107556382
0.6874214000000001,1785795212.000946838,/loadcell_data_filtered.wrench.force.z,306.3822274808242
0.6875363170000001,1785795212.001061755,/loadcell_data_filtered.wrench.force.z,307.60233533605225
0.6892954880000001,1785795212.002820926,/loadcell_data_filtered.wrench.force.z,307.92941589971866
0.689421272,1785795212.002946710,/loadcell_data_filtered.wrench.force.z,308.499446436546
0.689536225,1785795212.003061663,/loadcell_data_filtered.wrench.force.z,297.5067047681308
0.6896640340000001,1785795212.003189472,/loadcell_data_filtered.wrench.force.z,293.9648077218834
0.689925957,1785795212.003451395,/loadcell_data_filtered.wrench.force.z,291.00347357185143
0.690412612,1785795212.003938050,/loadcell_data_filtered.wrench.force.z,288.22627767130126
0.6909016870000001,1785795212.004427125,/loadcell_data_filtered.wrench.force.z,285.6282834747745
0.6914676740000001,1785795212.004993112,/loadcell_data_filtered.wrench.force.z,284.90448688629795
0.691885996,1785795212.005411434,/loadcell_data_filtered.wrench.force.z,285.02563806189966
0.692365352,1785795212.005890790,/loadcell_data_filtered.wrench.force.z,285.5658567062569
0.694432794,1785795212.007958232,/loadcell_data_filtered.wrench.force.z,286.15807336164244
0.694797133,1785795212.008322571,/loadcell_data_filtered.wrench.force.z,286.8146997774148
0.695020386,1785795212.008545824,/loadcell_data_filtered.wrench.force.z,282.5099762476463
0.695160952,1785795212.008686390,/loadcell_data_filtered.wrench.force.z,281.18672558914443
0.6953083360000001,1785795212.008833774,/loadcell_data_filtered.wrench.force.z,280.78524817914354
0.6954379190000001,1785795212.008963357,/loadcell_data_filtered.wrench.force.z,280.7364173148731
0.695814455,1785795212.009339893,/loadcell_data_filtered.wrench.force.z,280.4085263168412
0.696356288,1785795212.009881726,/loadcell_data_filtered.wrench.force.z,280.22036077237766
0.6967804400000001,1785795212.010305878,/loadcell_data_filtered.wrench.force.z,283.1210677378707
0.697410635,1785795212.010936073,/loadcell_data_filtered.wrench.force.z,287.4091688384102
0.6991839160000001,1785795212.012709354,/loadcell_data_filtered.wrench.force.z,292.0401838399907
0.6995380950000001,1785795212.013063533,/loadcell_data_filtered.wrench.force.z,295.7073147011142
0.699794704,1785795212.013320142,/loadcell_data_filtered.wrench.force.z,292.1933262101501
0.700036211,1785795212.013561649,/loadcell_data_filtered.wrench.force.z,295.2126419275238
0.700282992,1785795212.013808430,/loadcell_data_filtered.wrench.force.z,296.09375346051763
0.700532445,1785795212.014057883,/loadcell_data_filtered.wrench.force.z,296.0109108227606
0.701014918,1785795212.014540356,/loadcell_data_filtered.wrench.force.z,295.7994516861091
0.701419326,1785795212.014944764,/loadcell_data_filtered.wrench.force.z,296.071577409578
0.7018672770000001,1785795212.015392715,/loadcell_data_filtered.wrench.force.z,295.9528814149233
0.702307054,1785795212.015832492,/loadcell_data_filtered.wrench.force.z,295.8024966572524
0.7058134030000001,1785795212.019338841,/loadcell_data_filtered.wrench.force.z,295.6452939403079
0.7061523590000001,1785795212.019677797,/loadcell_data_filtered.wrench.force.z,295.953624554797
0.7064072520000001,1785795212.019932690,/loadcell_data_filtered.wrench.force.z,296.4797232308019
0.706670974,1785795212.020196412,/loadcell_data_filtered.wrench.force.z,297.00562274124894
0.7069294570000001,1785795212.020454895,/loadcell_data_filtered.wrench.force.z,297.46225638982
0.707170394,1785795212.020695832,/loadcell_data_filtered.wrench.force.z,292.51754544175657
0.70825338,1785795212.021778818,/loadcell_data_filtered.wrench.force.z,289.8138270516735
0.70856394,1785795212.022089378,/loadcell_data_filtered.wrench.force.z,284.992842654211
0.708830599,1785795212.022356037,/loadcell_data_filtered.wrench.force.z,281.4859069334066
0.7090863000000001,1785795212.022611738,/loadcell_data_filtered.wrench.force.z,278.92509271842204
0.709342922,1785795212.022868360,/loadcell_data_filtered.wrench.force.z,277.1312958868487
0.709589845,1785795212.023115283,/loadcell_data_filtered.wrench.force.z,275.97011441967175
0.7098238,1785795212.023349238,/loadcell_data_filtered.wrench.force.z,275.3588523112033
0.710065095,1785795212.023590533,/loadcell_data_filtered.wrench.force.z,274.73417839548654
0.710338651,1785795212.023864089,/loadcell_data_filtered.wrench.force.z,274.5764993876467
0.7108761760000001,1785795212.024401614,/loadcell_data_filtered.wrench.force.z,274.4452148461082
0.7111163300000001,1785795212.024641768,/loadcell_data_filtered.wrench.force.z,274.36318168805843
0.7135987290000001,1785795212.027124167,/loadcell_data_filtered.wrench.force.z,274.0254343899093
0.714122008,1785795212.027647446,/loadcell_data_filtered.wrench.force.z,273.6177865356982
0.714554621,1785795212.028080059,/loadcell_data_filtered.wrench.force.z,273.371295047562
0.714950481,1785795212.028475919,/loadcell_data_filtered.wrench.force.z,268.5464002184858
0.7152939690000001,1785795212.028819407,/loadcell_data_filtered.wrench.force.z,267.0467564266926
0.715531447,1785795212.029056885,/loadcell_data_filtered.wrench.force.z,272.24848257996894
0.715846497,1785795212.029371935,/loadcell_data_filtered.wrench.force.z,276.5344514754176
0.716122739,1785795212.029648177,/loadcell_data_filtered.wrench.force.z,280.04014915058406
0.7163891370000001,1785795212.029914575,/loadcell_data_filtered.wrench.force.z,283.2641432007355
0.7167455060000001,1785795212.030270944,/loadcell_data_filtered.wrench.force.z,286.45814256781836
0.717017307,1785795212.030542745,/loadcell_data_filtered.wrench.force.z,288.25729112237866
0.7172751980000001,1785795212.030800636,/loadcell_data_filtered.wrench.force.z,289.1476758470042
0.717557145,1785795212.031082583,/loadcell_data_filtered.wrench.force.z,289.707178529975
0.717857925,1785795212.031383363,/loadcell_data_filtered.wrench.force.z,289.81451373248416
0.718491412,1785795212.032016850,/loadcell_data_filtered.wrench.force.z,290.26957812794666
0.7187671640000001,1785795212.032292602,/loadcell_data_filtered.wrench.force.z,290.48345961729706
0.719344706,1785795212.032870144,/loadcell_data_filtered.wrench.force.z,290.39317663583586
0.719870008,1785795212.033395446,/loadcell_data_filtered.wrench.force.z,290.5467047032442
0.720430938,1785795212.033956376,/loadcell_data_filtered.wrench.force.z,291.15048071391357
0.7233050830000001,1785795212.036830521,/loadcell_data_filtered.wrench.force.z,291.7322267593857
0.72368657,1785795212.037212008,/loadcell_data_filtered.wrench.force.z,292.123052341298
0.724007786,1785795212.037533224,/loadcell_data_filtered.wrench.force.z,292.49552964288927
0.724302514,1785795212.037827952,/loadcell_data_filtered.wrench.force.z,287.867113415203
0.724564945,1785795212.038090383,/loadcell_data_filtered.wrench.force.z,284.2782487772082
0.72488396,1785795212.038409398,/loadcell_data_filtered.wrench.force.z,281.7587405298884
0.725268919,1785795212.038794357,/loadcell_data_filtered.wrench.force.z,279.253903377243
0.725623911,1785795212.039149349,/loadcell_data_filtered.wrench.force.z,275.9024168645968
0.725979712,1785795212.039505150,/loadcell_data_filtered.wrench.force.z,274.9442982803519
0.726356396,1785795212.039881834,/loadcell_data_filtered.wrench.force.z,275.2480799618452
0.726717131,1785795212.040242569,/loadcell_data_filtered.wrench.force.z,275.5581793980347
0.727594207,1785795212.041119645,/loadcell_data_filtered.wrench.force.z,276.4981103633683
0.7292098850000001,1785795212.042735323,/loadcell_data_filtered.wrench.force.z,276.9390908486134
0.729216702,1785795212.042742140,/loadcell_data_filtered.wrench.force.z,277.9917273401177
0.7293371000000001,1785795212.042862538,/loadcell_data_filtered.wrench.force.z,279.26028348673015
0.7294835900000001,1785795212.043009028,/loadcell_data_filtered.wrench.force.z,279.34206052731975
0.7296073030000001,1785795212.043132741,/loadcell_data_filtered.wrench.force.z,280.17967493855514
0.729733697,1785795212.043259135,/loadcell_data_filtered.wrench.force.z,281.3338378404924
0.7298576870000001,1785795212.043383125,/loadcell_data_filtered.wrench.force.z,281.23983590956595
0.73034127,1785795212.043866708,/loadcell_data_filtered.wrench.force.z,285.0810960006824
0.7307088100000001,1785795212.044234248,/loadcell_data_filtered.wrench.force.z,289.4090018133924
0.731255679,1785795212.044781117,/loadcell_data_filtered.wrench.force.z,294.23044267589006
0.7318005910000001,1785795212.045326029,/loadcell_data_filtered.wrench.force.z,298.56028578963304
0.7321596330000001,1785795212.045685071,/loadcell_data_filtered.wrench.force.z,302.0448082624944
0.732690823,1785795212.046216261,/loadcell_data_filtered.wrench.force.z,305.0074995719529
0.733371709,1785795212.046897147,/loadcell_data_filtered.wrench.force.z,306.94135660391737
0.7336940230000001,1785795212.047219461,/loadcell_data_filtered.wrench.force.z,307.8407135180399
0.734297045,1785795212.047822483,/loadcell_data_filtered.wrench.force.z,308.05501824510526
0.734669659,1785795212.048195097,/loadcell_data_filtered.wrench.force.z,308.93101483914364
0.7350829520000001,1785795212.048608390,/loadcell_data_filtered.wrench.force.z,309.5048689510302
0.735748018,1785795212.049273456,/loadcell_data_filtered.wrench.force.z,310.1421264702706
0.7364171730000001,1785795212.049942611,/loadcell_data_filtered.wrench.force.z,310.50266128189435
0.7394227830000001,1785795212.052948221,/loadcell_data_filtered.wrench.force.z,310.78734086975624
0.739583309,1785795212.053108747,/loadcell_data_filtered.wrench.force.z,310.89973313206974
0.739715274,1785795212.053240712,/loadcell_data_filtered.wrench.force.z,311.70641471928974
0.7398524360000001,1785795212.053377874,/loadcell_data_filtered.wrench.force.z,312.6619202288915
0.739976407,1785795212.053501845,/loadcell_data_filtered.wrench.force.z,308.2716300009965
0.740308454,1785795212.053833892,/loadcell_data_filtered.wrench.force.z,305.7648188054467
0.7403173660000001,1785795212.053842804,/loadcell_data_filtered.wrench.force.z,302.3100362684043
0.7405219040000001,1785795212.054047342,/loadcell_data_filtered.wrench.force.z,298.7184603890593
0.7407846480000001,1785795212.054310086,/loadcell_data_filtered.wrench.force.z,296.06793413731896
0.7415284750000001,1785795212.055053913,/loadcell_data_filtered.wrench.force.z,295.11817747561963
0.7418471710000001,1785795212.055372609,/loadcell_data_filtered.wrench.force.z,293.45167277372326
0.742982314,1785795212.056507752,/loadcell_data_filtered.wrench.force.z,293.7098878553044
0.7433480450000001,1785795212.056873483,/loadcell_data_filtered.wrench.force.z,294.6339248704028
0.743623323,1785795212.057148761,/loadcell_data_filtered.wrench.force.z,295.97820648161553
0.7439669750000001,1785795212.057492413,/loadcell_data_filtered.wrench.force.z,296.7615268347666
0.7443025600000001,1785795212.057827998,/loadcell_data_filtered.wrench.force.z,297.393841458522
0.74480058,1785795212.058326018,/loadcell_data_filtered.wrench.force.z,297.8852235639608
0.7451971420000001,1785795212.058722580,/loadcell_data_filtered.wrench.force.z,298.2758241648921
0.7456097230000001,1785795212.059135161,/loadcell_data_filtered.wrench.force.z,298.57588960178833
0.74819815,1785795212.061723588,/loadcell_data_filtered.wrench.force.z,299.0332420210437
0.7486861330000001,1785795212.062211571,/loadcell_data_filtered.wrench.force.z,299.554042259342
0.748820021,1785795212.062345459,/loadcell_data_filtered.wrench.force.z,306.2846402610715
0.748978617,1785795212.062504055,/loadcell_data_filtered.wrench.force.z,311.8326496879738
0.7491243150000001,1785795212.062649753,/loadcell_data_filtered.wrench.force.z,316.8588707040618
0.749602293,1785795212.063127731,/loadcell_data_filtered.wrench.force.z,321.1995931184918
0.7497540890000001,1785795212.063279527,/loadcell_data_filtered.wrench.force.z,324.5733426692014
0.750302251,1785795212.063827689,/loadcell_data_filtered.wrench.force.z,325.5996864780599
0.750640547,1785795212.064165985,/loadcell_data_filtered.wrench.force.z,327.1756996911766
0.751060618,1785795212.064586056,/loadcell_data_filtered.wrench.force.z,327.9537651580731
0.7515514750000001,1785795212.065076913,/loadcell_data_filtered.wrench.force.z,328.29060361331864
0.751908848,1785795212.065434286,/loadcell_data_filtered.wrench.force.z,329.22759464388395
0.753065176,1785795212.066590614,/loadcell_data_filtered.wrench.force.z,329.6086753095712
0.7531772010000001,1785795212.066702639,/loadcell_data_filtered.wrench.force.z,329.8023211588816
0.7533078830000001,1785795212.066833321,/loadcell_data_filtered.wrench.force.z,330.64717133374535
0.754017334,1785795212.067542772,/loadcell_data_filtered.wrench.force.z,331.49096393385463
0.7544391180000001,1785795212.067964556,/loadcell_data_filtered.wrench.force.z,331.5879245052518
0.754953618,1785795212.068479056,/loadcell_data_filtered.wrench.force.z,331.5418425175398
0.7553751790000001,1785795212.068900617,/loadcell_data_filtered.wrench.force.z,330.2571422568968
0.75576878,1785795212.069294218,/loadcell_data_filtered.wrench.force.z,325.71720782017763
0.7568323730000001,1785795212.070357811,/loadcell_data_filtered.wrench.force.z,321.224506992952
0.7604940920000001,1785795212.074019530,/loadcell_data_filtered.wrench.force.z,317.5454379813837
0.761010532,1785795212.074535970,/loadcell_data_filtered.wrench.force.z,314.87879303711065
0.761527142,1785795212.075052580,/loadcell_data_filtered.wrench.force.z,312.5319498755173
0.7620815080000001,1785795212.075606946,/loadcell_data_filtered.wrench.force.z,310.27163412628437
0.762715755,1785795212.076241193,/loadcell_data_filtered.wrench.force.z,309.78738322984174
0.7632199380000001,1785795212.076745376,/loadcell_data_filtered.wrench.force.z,309.6189281457463
0.7637080070000001,1785795212.077233445,/loadcell_data_filtered.wrench.force.z,309.4867403417762
0.7641803410000001,1785795212.077705779,/loadcell_data_filtered.wrench.force.z,309.52289870187246
0.764570387,1785795212.078095825,/loadcell_data_filtered.wrench.force.z,309.53763154793825
0.765056978,1785795212.078582416,/loadcell_data_filtered.wrench.force.z,309.0189535464403
0.765514372,1785795212.079039810,/loadcell_data_filtered.wrench.force.z,308.50836140846474
0.766024122,1785795212.079549560,/loadcell_data_filtered.wrench.force.z,307.9807766736916
0.7665457440000001,1785795212.080071182,/loadcell_data_filtered.wrench.force.z,307.5078721450604
0.7670095520000001,1785795212.080534990,/loadcell_data_filtered.wrench.force.z,307.03225423098166
0.767499086,1785795212.081024524,/loadcell_data_filtered.wrench.force.z,311.2685409670719
0.7679690370000001,1785795212.081494475,/loadcell_data_filtered.wrench.force.z,314.2944538544601
0.768382906,1785795212.081908344,/loadcell_data_filtered.wrench.force.z,318.48553362320115
0.768783997,1785795212.082309435,/loadcell_data_filtered.wrench.force.z,322.053384847359
0.769115945,1785795212.082641383,/loadcell_data_filtered.wrench.force.z,325.78292352388
0.769352479,1785795212.082877917,/loadcell_data_filtered.wrench.force.z,328.0525829052436
0.7695721120000001,1785795212.083097550,/loadcell_data_filtered.wrench.force.z,329.35867011445976
0.7697736500000001,1785795212.083299088,/loadcell_data_filtered.wrench.force.z,329.6064958853696
0.769981896,1785795212.083507334,/loadcell_data_filtered.wrench.force.z,329.6390925352281
0.770192183,1785795212.083717621,/loadcell_data_filtered.wrench.force.z,330.0360036161057
0.770661122,1785795212.084186560,/loadcell_data_filtered.wrench.force.z,330.52596422765544
0.770927974,1785795212.084453412,/loadcell_data_filtered.wrench.force.z,331.0432262629453
0.771249091,1785795212.084774529,/loadcell_data_filtered.wrench.force.z,331.99635773253
0.771556937,1785795212.085082375,/loadcell_data_filtered.wrench.force.z,332.26423969747276
0.771886328,1785795212.085411766,/loadcell_data_filtered.wrench.force.z,332.8603387970584
0.772193,1785795212.085718438,/loadcell_data_filtered.wrench.force.z,333.5273634089261
0.7747176840000001,1785795212.088243122,/loadcell_data_filtered.wrench.force.z,333.3304745043008
0.7749726490000001,1785795212.088498087,/loadcell_data_filtered.wrench.force.z,327.3524423430498
0.7751411690000001,1785795212.088666607,/loadcell_data_filtered.wrench.force.z,324.37020039388653
0.775319219,1785795212.088844657,/loadcell_data_filtered.wrench.force.z,321.2289053038721
0.7754826410000001,1785795212.089008079,/loadcell_data_filtered.wrench.force.z,317.9893879265902
0.775654355,1785795212.089179793,/loadcell_data_filtered.wrench.force.z,308.77734153145576
0.7769320380000001,1785795212.090457476,/loadcell_data_filtered.wrench.force.z,307.0493578474
0.777240091,1785795212.090765529,/loadcell_data_filtered.wrench.force.z,304.94475252673254
0.7773844470000001,1785795212.090909885,/loadcell_data_filtered.wrench.force.z,305.6008865081081
0.777522471,1785795212.091047909,/loadcell_data_filtered.wrench.force.z,305.9512617759379
0.77764855,1785795212.091173988,/loadcell_data_filtered.wrench.force.z,299.5350936999996
0.777765817,1785795212.091291255,/loadcell_data_filtered.wrench.force.z,299.9109202176638
0.7778832830000001,1785795212.091408721,/loadcell_data_filtered.wrench.force.z,298.9256661135367
0.778380462,1785795212.091905900,/loadcell_data_filtered.wrench.force.z,298.9195273391126
0.778837117,1785795212.092362555,/loadcell_data_filtered.wrench.force.z,298.358688454923
0.779133772,1785795212.092659210,/loadcell_data_filtered.wrench.force.z,298.3787241926891
0.77950092,1785795212.093026358,/loadcell_data_filtered.wrench.force.z,298.6600483987842
0.7801672770000001,1785795212.093692715,/loadcell_data_filtered.wrench.force.z,298.4180851498223
0.7803884040000001,1785795212.093913842,/loadcell_data_filtered.wrench.force.z,304.4239612786203
0.7812870000000001,1785795212.094812438,/loadcell_data_filtered.wrench.force.z,309.3269902915849
0.7816437260000001,1785795212.095169164,/loadcell_data_filtered.wrench.force.z,313.2404812058109
0.782984027,1785795212.096509465,/loadcell_data_filtered.wrench.force.z,317.10755948902073
0.788531732,1785795212.102057170,/loadcell_data_filtered.wrench.force.z,318.92840935465756
0.788695931,1785795212.102221369,/loadcell_data_filtered.wrench.force.z,318.8900462974417
0.788828584,1785795212.102354022,/loadcell_data_filtered.wrench.force.z,319.91526217886195
0.7889673920000001,1785795212.102492830,/loadcell_data_filtered.wrench.force.z,321.0178802005736
0.7891429510000001,1785795212.102668389,/loadcell_data_filtered.wrench.force.z,322.1291898937374
0.7893079580000001,1785795212.102833396,/loadcell_data_filtered.wrench.force.z,323.5341907683493
0.789456401,1785795212.102981839,/loadcell_data_filtered.wrench.force.z,324.8932214616333
0.789606875,1785795212.103132313,/loadcell_data_filtered.wrench.force.z,326.38673843788524
0.7897548820000001,1785795212.103280320,/loadcell_data_filtered.wrench.force.z,324.49615349798785
0.789906588,1785795212.103432026,/loadcell_data_filtered.wrench.force.z,322.1008522573071
0.7900461510000001,1785795212.103571589,/loadcell_data_filtered.wrench.force.z,320.84163179602103
0.7901972450000001,1785795212.103722683,/loadcell_data_filtered.wrench.force.z,315.45755440789617
0.790338493,1785795212.103863931,/loadcell_data_filtered.wrench.force.z,311.8782977336375
0.7904949990000001,1785795212.104020437,/loadcell_data_filtered.wrench.force.z,309.20328452323724
0.791647781,1785795212.105173219,/loadcell_data_filtered.wrench.force.z,307.01252512582846
0.7918907770000001,1785795212.105416215,/loadcell_data_filtered.wrench.force.z,305.3123802347637
0.792044767,1785795212.105570205,/loadcell_data_filtered.wrench.force.z,298.27067852481764
0.792178204,1785795212.105703642,/loadcell_data_filtered.wrench.force.z,299.01930074568565
0.792440651,1785795212.105966089,/loadcell_data_filtered.wrench.force.z,299.50675155409476
0.794116844,1785795212.107642282,/loadcell_data_filtered.wrench.force.z,300.54896397163145
0.794266138,1785795212.107791576,/loadcell_data_filtered.wrench.force.z,300.23379435133575
0.7944398410000001,1785795212.107965279,/loadcell_data_filtered.wrench.force.z,295.8259751073169
0.7945580670000001,1785795212.108083505,/loadcell_data_filtered.wrench.force.z,296.2655589987442
0.796844053,1785795212.110369491,/loadcell_data_filtered.wrench.force.z,296.47750442997494
0.7970260730000001,1785795212.110551511,/loadcell_data_filtered.wrench.force.z,296.7106721322736
0.7971968700000001,1785795212.110722308,/loadcell_data_filtered.wrench.force.z,297.00832563327697
0.7973405090000001,1785795212.110865947,/loadcell_data_filtered.wrench.force.z,291.1224441800672
0.7974819940000001,1785795212.111007432,/loadcell_data_filtered.wrench.force.z,297.23859814623484
0.797610922,1785795212.111136360,/loadcell_data_filtered.wrench.force.z,300.4176986221022
0.7978484250000001,1785795212.111373863,/loadcell_data_filtered.wrench.force.z,305.19811441817103
0.798352398,1785795212.111877836,/loadcell_data_filtered.wrench.force.z,309.40408853746965
0.799068958,1785795212.112594396,/loadcell_data_filtered.wrench.force.z,312.9610280033387
0.799336985,1785795212.112862423,/loadcell_data_filtered.wrench.force.z,315.65041986034487
0.79990052,1785795212.113425958,/loadcell_data_filtered.wrench.force.z,318.1655684850725
0.8004023,1785795212.113927738,/loadcell_data_filtered.wrench.force.z,319.4655915780226
0.8010616970000001,1785795212.114587135,/loadcell_data_filtered.wrench.force.z,320.48951408663777
0.801401923,1785795212.114927361,/loadcell_data_filtered.wrench.force.z,321.58705403835944
0.801798275,1785795212.115323713,/loadcell_data_filtered.wrench.force.z,322.51332265883684
0.802401672,1785795212.115927110,/loadcell_data_filtered.wrench.force.z,323.45940316082164
0.802946417,1785795212.116471855,/loadcell_data_filtered.wrench.force.z,324.054501418302
0.803521259,1785795212.117046697,/loadcell_data_filtered.wrench.force.z,324.8104630144319
0.803992978,1785795212.117518416,/loadcell_data_filtered.wrench.force.z,325.7415848463839
0.804448578,1785795212.117974016,/loadcell_data_filtered.wrench.force.z,326.4582360196623
0.805040097,1785795212.118565535,/loadcell_data_filtered.wrench.force.z,327.2636505202644
0.807317461,1785795212.120842899,/loadcell_data_filtered.wrench.force.z,322.4095522370549
0.8079492250000001,1785795212.121474663,/loadcell_data_filtered.wrench.force.z,319.7505715448387
0.808484964,1785795212.122010402,/loadcell_data_filtered.wrench.force.z,312.7921977939393
0.8088752840000001,1785795212.122400722,/loadcell_data_filtered.wrench.force.z,307.78081421996325
0.812398803,1785795212.125924241,/loadcell_data_filtered.wrench.force.z,304.6620588455443
0.812819775,1785795212.126345213,/loadcell_data_filtered.wrench.force.z,303.5911463416746
0.81322642,1785795212.126751858,/loadcell_data_filtered.wrench.force.z,303.15964828230284
0.8136010720000001,1785795212.127126510,/loadcell_data_filtered.wrench.force.z,303.11420362912344
0.8139695640000001,1785795212.127495002,/loadcell_data_filtered.wrench.force.z,303.6988795568582
0.8142855990000001,1785795212.127811037,/loadcell_data_filtered.wrench.force.z,304.351149456366
0.8146022100000001,1785795212.128127648,/loadcell_data_filtered.wrench.force.z,304.2171924916206
0.8149582270000001,1785795212.128483665,/loadcell_data_filtered.wrench.force.z,304.0546711485452
0.8152585210000001,1785795212.128783959,/loadcell_data_filtered.wrench.force.z,301.6923682451741
0.8156104780000001,1785795212.129135916,/loadcell_data_filtered.wrench.force.z,295.7270686405565
0.8159573920000001,1785795212.129482830,/loadcell_data_filtered.wrench.force.z,295.3102061724222
0.8163292480000001,1785795212.129854686,/loadcell_data_filtered.wrench.force.z,292.63579722442074
0.8166958780000001,1785795212.130221316,/loadcell_data_filtered.wrench.force.z,292.02730317468684
0.8170053270000001,1785795212.130530765,/loadcell_data_filtered.wrench.force.z,296.693318344163
0.8173562400000001,1785795212.130881678,/loadcell_data_filtered.wrench.force.z,300.2531427662714
0.817718123,1785795212.131243561,/loadcell_data_filtered.wrench.force.z,302.9816273282584
0.818077206,1785795212.131602644,/loadcell_data_filtered.wrench.force.z,305.169136889759
0.818409543,1785795212.131934981,/loadcell_data_filtered.wrench.force.z,307.25166643335047
0.8187321660000001,1785795212.132257604,/loadcell_data_filtered.wrench.force.z,307.7105923172342
0.8190915160000001,1785795212.132616954,/loadcell_data_filtered.wrench.force.z,307.32991695801644
0.819441508,1785795212.132966946,/loadcell_data_filtered.wrench.force.z,306.48216280461776
0.819791904,1785795212.133317342,/loadcell_data_filtered.wrench.force.z,299.8945548498655
0.8200736000000001,1785795212.133599038,/loadcell_data_filtered.wrench.force.z,298.9705009466578
0.8202958060000001,1785795212.133821244,/loadcell_data_filtered.wrench.force.z,297.72734236850675
0.820539672,1785795212.134065110,/loadcell_data_filtered.wrench.force.z,297.7395748691409
0.8208136340000001,1785795212.134339072,/loadcell_data_filtered.wrench.force.z,296.98846003899047
0.821102038,1785795212.134627476,/loadcell_data_filtered.wrench.force.z,296.46595056163943
0.8213799570000001,1785795212.134905395,/loadcell_data_filtered.wrench.force.z,296.3326495893149
0.8216738130000001,1785795212.135199251,/loadcell_data_filtered.wrench.force.z,295.8182813886164
0.821995668,1785795212.135521106,/loadcell_data_filtered.wrench.force.z,292.12690088568866
0.8224974540000001,1785795212.136022892,/loadcell_data_filtered.wrench.force.z,288.15134776087467
0.823085068,1785795212.136610506,/loadcell_data_filtered.wrench.force.z,283.88435298765273
0.8240895960000001,1785795212.137615034,/loadcell_data_filtered.wrench.force.z,280.40581308568557
0.824371261,1785795212.137896699,/loadcell_data_filtered.wrench.force.z,277.8881304475539
0.825703379,1785795212.139228817,/loadcell_data_filtered.wrench.force.z,276.16302566843365
0.825942602,1785795212.139468040,/loadcell_data_filtered.wrench.force.z,274.2204210730846
0.8260889570000001,1785795212.139614395,/loadcell_data_filtered.wrench.force.z,274.1367186464055
0.826214305,1785795212.139739743,/loadcell_data_filtered.wrench.force.z,274.9194491563424
0.826330365,1785795212.139855803,/loadcell_data_filtered.wrench.force.z,275.75083894516064
0.826878577,1785795212.140404015,/loadcell_data_filtered.wrench.force.z,275.9730406711575
0.82898706,1785795212.142512498,/loadcell_data_filtered.wrench.force.z,276.32742750039233
0.830294902,1785795212.143820340,/loadcell_data_filtered.wrench.force.z,276.7333382269265
0.830687299,1785795212.144212737,/loadcell_data_filtered.wrench.force.z,277.3279976563914
0.831058591,1785795212.144584029,/loadcell_data_filtered.wrench.force.z,278.22810098727865
0.8313090790000001,1785795212.144834517,/loadcell_data_filtered.wrench.force.z,279.338191895651
0.831600781,1785795212.145126219,/loadcell_data_filtered.wrench.force.z,279.4897923120219
0.831920235,1785795212.145445673,/loadcell_data_filtered.wrench.force.z,286.35768936222155
0.83220614,1785795212.145731578,/loadcell_data_filtered.wrench.force.z,290.2916926778342
0.832506555,1785795212.146031993,/loadcell_data_filtered.wrench.force.z,294.8592735576758
0.8328065410000001,1785795212.146331979,/loadcell_data_filtered.wrench.force.z,298.6739861823629
0.833055875,1785795212.146581313,/loadcell_data_filtered.wrench.force.z,302.0896452169122
0.8332967410000001,1785795212.146822179,/loadcell_data_filtered.wrench.force.z,304.426951551243
0.833510108,1785795212.147035546,/loadcell_data_filtered.wrench.force.z,306.4759217632991
0.833948255,1785795212.147473693,/loadcell_data_filtered.wrench.force.z,307.48521842798857
0.8371580270000001,1785795212.150683465,/loadcell_data_filtered.wrench.force.z,308.63665930030544
0.8376535140000001,1785795212.151178952,/loadcell_data_filtered.wrench.force.z,309.76793781996776
0.837960009,1785795212.151485447,/loadcell_data_filtered.wrench.force.z,311.6417116115471
0.838270748,1785795212.151796186,/loadcell_data_filtered.wrench.force.z,313.5408472267676
0.8385555250000001,1785795212.152080963,/loadcell_data_filtered.wrench.force.z,314.89692203007843
0.8388555120000001,1785795212.152380950,/loadcell_data_filtered.wrench.force.z,316.4699380374865
0.8391427560000001,1785795212.152668194,/loadcell_data_filtered.wrench.force.z,317.33526511328915
0.839413943,1785795212.152939381,/loadcell_data_filtered.wrench.force.z,317.63790687536635
0.839748712,1785795212.153274150,/loadcell_data_filtered.wrench.force.z,318.58725364612945
0.8400544390000001,1785795212.153579877,/loadcell_data_filtered.wrench.force.z,314.1155262335237
0.841924328,1785795212.155449766,/loadcell_data_filtered.wrench.force.z,311.10118946999916
0.8422049570000001,1785795212.155730395,/loadcell_data_filtered.wrench.force.z,308.68931220933933
0.8424044620000001,1785795212.155929900,/loadcell_data_filtered.wrench.force.z,307.21675271219476
0.842690775,1785795212.156216213,/loadcell_data_filtered.wrench.force.z,305.29387200753956
0.8430248180000001,1785795212.156550256,/loadcell_data_filtered.wrench.force.z,305.25512592320194
0.8434803980000001,1785795212.157005836,/loadcell_data_filtered.wrench.force.z,305.6119391457313
0.843917601,1785795212.157443039,/loadcell_data_filtered.wrench.force.z,306.82387441933713
0.844361176,1785795212.157886614,/loadcell_data_filtered.wrench.force.z,306.882914066476
0.844774782,1785795212.158300220,/loadcell_data_filtered.wrench.force.z,306.42075896517275
0.8451494570000001,1785795212.158674895,/loadcell_data_filtered.wrench.force.z,306.6856305610699
0.8456427070000001,1785795212.159168145,/loadcell_data_filtered.wrench.force.z,306.6480323685709
0.845948337,1785795212.159473775,/loadcell_data_filtered.wrench.force.z,306.9160592384253
0.8462231520000001,1785795212.159748590,/loadcell_data_filtered.wrench.force.z,307.4497808864408
0.8464020200000001,1785795212.159927458,/loadcell_data_filtered.wrench.force.z,308.0723677293192
0.846590826,1785795212.160116264,/loadcell_data_filtered.wrench.force.z,308.0970239803518
0.8467516230000001,1785795212.160277061,/loadcell_data_filtered.wrench.force.z,308.26185007426403
0.847142185,1785795212.160667623,/loadcell_data_filtered.wrench.force.z,313.91590713655575
0.8476234220000001,1785795212.161148860,/loadcell_data_filtered.wrench.force.z,318.5493537064557
0.8481124210000001,1785795212.161637859,/loadcell_data_filtered.wrench.force.z,321.76506955070107
0.84890279,1785795212.162428228,/loadcell_data_filtered.wrench.force.z,324.6515468480184
0.849275595,1785795212.162801033,/loadcell_data_filtered.wrench.force.z,327.43539928019595
0.849906103,1785795212.163431541,/loadcell_data_filtered.wrench.force.z,328.21232842666615
0.850280169,1785795212.163805607,/loadcell_data_filtered.wrench.force.z,329.00534744440256
0.8508120130000001,1785795212.164337451,/loadcell_data_filtered.wrench.force.z,328.88432278635764
0.8511603270000001,1785795212.164685765,/loadcell_data_filtered.wrench.force.z,329.38844333562366
0.8517369050000001,1785795212.165262343,/loadcell_data_filtered.wrench.force.z,329.8021653762995
0.8522034700000001,1785795212.165728908,/loadcell_data_filtered.wrench.force.z,330.07838103551023
0.852723534,1785795212.166248972,/loadcell_data_filtered.wrench.force.z,330.1957065783983
0.8533079130000001,1785795212.166833351,/loadcell_data_filtered.wrench.force.z,330.3918912006866
0.853799853,1785795212.167325291,/loadcell_data_filtered.wrench.force.z,330.447563435065
0.854136451,1785795212.167661889,/loadcell_data_filtered.wrench.force.z,330.3953264946697
0.8554487660000001,1785795212.168974204,/loadcell_data_filtered.wrench.force.z,330.0846809758593
0.856453672,1785795212.169979110,/loadcell_data_filtered.wrench.force.z,326.2195566779832
0.8565768530000001,1785795212.170102291,/loadcell_data_filtered.wrench.force.z,323.5298007352435
0.8566979960000001,1785795212.170223434,/loadcell_data_filtered.wrench.force.z,319.99342911871184
0.856829021,1785795212.170354459,/loadcell_data_filtered.wrench.force.z,316.66451941159187
0.8572648820000001,1785795212.170790320,/loadcell_data_filtered.wrench.force.z,313.73341032688205
0.857621387,1785795212.171146825,/loadcell_data_filtered.wrench.force.z,311.4652116720998
0.860355465,1785795212.173880903,/loadcell_data_filtered.wrench.force.z,310.0419833234878
0.860869505,1785795212.174394943,/loadcell_data_filtered.wrench.force.z,310.227544930555
0.86135134,1785795212.174876778,/loadcell_data_filtered.wrench.force.z,310.5708695762021
0.8618493880000001,1785795212.175374826,/loadcell_data_filtered.wrench.force.z,304.7624188732877
0.8623176810000001,1785795212.175843119,/loadcell_data_filtered.wrench.force.z,304.63043296967095
0.86284441,1785795212.176369848,/loadcell_data_filtered.wrench.force.z,303.9382146482354
0.863937032,1785795212.177462470,/loadcell_data_filtered.wrench.force.z,303.4775273259089
0.863956955,1785795212.177482393,/loadcell_data_filtered.wrench.force.z,303.0535881472312
0.8641369790000001,1785795212.177662417,/loadcell_data_filtered.wrench.force.z,303.0291079648306
0.8645786430000001,1785795212.178104081,/loadcell_data_filtered.wrench.force.z,302.97951944256994
0.865023084,1785795212.178548522,/loadcell_data_filtered.wrench.force.z,303.0416954448211
0.865432329,1785795212.178957767,/loadcell_data_filtered.wrench.force.z,308.722225838264
0.8658646040000001,1785795212.179390042,/loadcell_data_filtered.wrench.force.z,312.00719594635285
0.86622399,1785795212.179749428,/loadcell_data_filtered.wrench.force.z,316.07998745661064
0.867885412,1785795212.181410850,/loadcell_data_filtered.wrench.force.z,319.2831189301977
0.8685538300000001,1785795212.182079268,/loadcell_data_filtered.wrench.force.z,321.75483019257445
0.8689538870000001,1785795212.182479325,/loadcell_data_filtered.wrench.force.z,323.8662617748994
0.869346649,1785795212.182872087,/loadcell_data_filtered.wrench.force.z,325.48181444992247
0.869706567,1785795212.183232005,/loadcell_data_filtered.wrench.force.z,326.21778307993713
0.8700598500000001,1785795212.183585288,/loadcell_data_filtered.wrench.force.z,326.2879547530756
0.870521905,1785795212.184047343,/loadcell_data_filtered.wrench.force.z,326.62729372055367
0.870974409,1785795212.184499847,/loadcell_data_filtered.wrench.force.z,326.0216104456729
0.871369947,1785795212.184895385,/loadcell_data_filtered.wrench.force.z,325.018043663581
0.8717911070000001,1785795212.185316545,/loadcell_data_filtered.wrench.force.z,324.79568189128634
0.8729580210000001,1785795212.186483459,/loadcell_data_filtered.wrench.force.z,324.7027769025621
0.8734630000000001,1785795212.186988438,/loadcell_data_filtered.wrench.force.z,324.2762075821698
0.873964846,1785795212.187490284,/loadcell_data_filtered.wrench.force.z,323.8754807732964
0.8745342030000001,1785795212.188059641,/loadcell_data_filtered.wrench.force.z,321.166272707178
0.874978056,1785795212.188503494,/loadcell_data_filtered.wrench.force.z,310.7298054943383
0.875310208,1785795212.188835646,/loadcell_data_filtered.wrench.force.z,307.08171036475926
0.8756013050000001,1785795212.189126743,/loadcell_data_filtered.wrench.force.z,302.37728893975407
0.875841504,1785795212.189366942,/loadcell_data_filtered.wrench.force.z,298.99952329445296
0.8760723100000001,1785795212.189597748,/loadcell_data_filtered.wrench.force.z,295.78255167560656
0.876332548,1785795212.189857986,/loadcell_data_filtered.wrench.force.z,294.2842699388898
0.8766084940000001,1785795212.190133932,/loadcell_data_filtered.wrench.force.z,293.46747034532535
0.8768899200000001,1785795212.190415358,/loadcell_data_filtered.wrench.force.z,293.1729736259231
0.877203307,1785795212.190728745,/loadcell_data_filtered.wrench.force.z,293.55415067933086
0.8775629,1785795212.191088338,/loadcell_data_filtered.wrench.force.z,293.4245298839756
0.877934791,1785795212.191460229,/loadcell_data_filtered.wrench.force.z,293.1590323872797
0.8783225800000001,1785795212.191848018,/loadcell_data_filtered.wrench.force.z,292.46671868708563
0.8787009920000001,1785795212.192226430,/loadcell_data_filtered.wrench.force.z,291.93692962897467
0.879021037,1785795212.192546475,/loadcell_data_filtered.wrench.force.z,291.613503225586
0.879333095,1785795212.192858533,/loadcell_data_filtered.wrench.force.z,291.33008509839686
0.879858511,1785795212.193383949,/loadcell_data_filtered.wrench.force.z,290.96826624607763
0.8802437930000001,1785795212.193769231,/loadcell_data_filtered.wrench.force.z,293.0268984758715
0.880557023,1785795212.194082461,/loadcell_data_filtered.wrench.force.z,298.30949375720064
0.881160793,1785795212.194686231,/loadcell_data_filtered.wrench.force.z,302.9901068556136
0.8819744610000001,1785795212.195499899,/loadcell_data_filtered.wrench.force.z,306.7970972380589
0.8823929800000001,1785795212.195918418,/loadcell_data_filtered.wrench.force.z,309.9401779844064
0.8828340320000001,1785795212.196359470,/loadcell_data_filtered.wrench.force.z,312.8262322879735
0.883085141,1785795212.196610579,/loadcell_data_filtered.wrench.force.z,314.6084592038399
0.884108753,1785795212.197634191,/loadcell_data_filtered.wrench.force.z,315.5115832138913
0.8853102190000001,1785795212.198835657,/loadcell_data_filtered.wrench.force.z,315.7954838040688
0.8858280940000001,1785795212.199353532,/loadcell_data_filtered.wrench.force.z,316.5779411430059
0.8874342190000001,1785795212.200959657,/loadcell_data_filtered.wrench.force.z,316.5907624996312
0.8878333860000001,1785795212.201358824,/loadcell_data_filtered.wrench.force.z,316.74334256859913
0.8881277040000001,1785795212.201653142,/loadcell_data_filtered.wrench.force.z,317.40194283337445
0.8883954420000001,1785795212.201920880,/loadcell_data_filtered.wrench.force.z,314.07486064513444
0.888999901,1785795212.202525339,/loadcell_data_filtered.wrench.force.z,312.1358048487319
0.889942981,1785795212.203468419,/loadcell_data_filtered.wrench.force.z,311.99139779952753
0.890068323,1785795212.203593761,/loadcell_data_filtered.wrench.force.z,313.0245833320046
0.8901991020000001,1785795212.203724540,/loadcell_data_filtered.wrench.force.z,309.49750335709734
0.8903109060000001,1785795212.203836344,/loadcell_data_filtered.wrench.force.z,307.94375266999606
0.890435375,1785795212.203960813,/loadcell_data_filtered.wrench.force.z,305.3228234565902
0.8905515610000001,1785795212.204076999,/loadcell_data_filtered.wrench.force.z,303.23504582542955
0.8906692780000001,1785795212.204194716,/loadcell_data_filtered.wrench.force.z,300.7880249735113
0.8915868440000001,1785795212.205112282,/loadcell_data_filtered.wrench.force.z,299.0276842137293
0.892207411,1785795212.205732849,/loadcell_data_filtered.wrench.force.z,298.2968983702584
0.8927086200000001,1785795212.206234058,/loadcell_data_filtered.wrench.force.z,298.81308365354545
0.893133578,1785795212.206659016,/loadcell_data_filtered.wrench.force.z,300.0530329941389
0.8936147710000001,1785795212.207140209,/loadcell_data_filtered.wrench.force.z,301.16163222819034
0.8940034570000001,1785795212.207528895,/loadcell_data_filtered.wrench.force.z,302.06027864575316
0.8942894790000001,1785795212.207814917,/loadcell_data_filtered.wrench.force.z,302.69519802418927
0.8946038730000001,1785795212.208129311,/loadcell_data_filtered.wrench.force.z,303.64106436206885
0.8949831610000001,1785795212.208508599,/loadcell_data_filtered.wrench.force.z,304.6250227212579
0.896961722,1785795212.210487160,/loadcell_data_filtered.wrench.force.z,305.581837170335
0.8973381170000001,1785795212.210863555,/loadcell_data_filtered.wrench.force.z,306.7200541093663
0.897748772,1785795212.211274210,/loadcell_data_filtered.wrench.force.z,301.1246873990384
0.8982338390000001,1785795212.211759277,/loadcell_data_filtered.wrench.force.z,308.51090131664637
0.899548251,1785795212.213073689,/loadcell_data_filtered.wrench.force.z,312.6149697633599
0.8999124140000001,1785795212.213437852,/loadcell_data_filtered.wrench.force.z,317.0344796872073
0.90013841,1785795212.213663848,/loadcell_data_filtered.wrench.force.z,320.93298057764866
0.9003274750000001,1785795212.213852913,/loadcell_data_filtered.wrench.force.z,317.83443477298977
0.9005463520000001,1785795212.214071790,/loadcell_data_filtered.wrench.force.z,320.7733521195307
0.9019915380000001,1785795212.215516976,/loadcell_data_filtered.wrench.force.z,322.2570265591427
0.9023551790000001,1785795212.215880617,/loadcell_data_filtered.wrench.force.z,323.43326428164596
0.902721082,1785795212.216246520,/loadcell_data_filtered.wrench.force.z,324.5713908647654
0.9030625800000001,1785795212.216588018,/loadcell_data_filtered.wrench.force.z,319.09485933816194
0.9033950340000001,1785795212.216920472,/loadcell_data_filtered.wrench.force.z,320.7251249711395
0.904475342,1785795212.218000780,/loadcell_data_filtered.wrench.force.z,320.93874440092566
0.9049319600000001,1785795212.218457398,/loadcell_data_filtered.wrench.force.z,321.7833173138906
0.905320805,1785795212.218846243,/loadcell_data_filtered.wrench.force.z,322.5043789314897
0.9057002890000001,1785795212.219225727,/loadcell_data_filtered.wrench.force.z,317.6382205091836
0.906074777,1785795212.219600215,/loadcell_data_filtered.wrench.force.z,317.3049309537223
0.906438002,1785795212.219963440,/loadcell_data_filtered.wrench.force.z,316.9826919465494
0.906833438,1785795212.220358876,/loadcell_data_filtered.wrench.force.z,311.9258878377485
0.907156347,1785795212.220681785,/loadcell_data_filtered.wrench.force.z,308.327494532771
0.9075100030000001,1785795212.221035441,/loadcell_data_filtered.wrench.force.z,305.3203663405311
0.907842519,1785795212.221367957,/loadcell_data_filtered.wrench.force.z,303.1295059819912
0.908149862,1785795212.221675300,/loadcell_data_filtered.wrench.force.z,300.7955270741046
0.90842464,1785795212.221950078,/loadcell_data_filtered.wrench.force.z,300.2660784243227
0.9086663060000001,1785795212.222191744,/loadcell_data_filtered.wrench.force.z,300.3405315353894
0.909000066,1785795212.222525504,/loadcell_data_filtered.wrench.force.z,300.7773782474738
0.910635198,1785795212.224160636,/loadcell_data_filtered.wrench.force.z,301.7696303654896
0.911065369,1785795212.224590807,/loadcell_data_filtered.wrench.force.z,302.35496788876264
0.911351302,1785795212.224876740,/loadcell_data_filtered.wrench.force.z,302.4509935549826
0.914584896,1785795212.228110334,/loadcell_data_filtered.wrench.force.z,302.2529716693757
0.9148053890000001,1785795212.228330827,/loadcell_data_filtered.wrench.force.z,302.4388717562537
0.914933941,1785795212.228459379,/loadcell_data_filtered.wrench.force.z,303.37780134458217
0.915065941,1785795212.228591379,/loadcell_data_filtered.wrench.force.z,303.76991379238467
0.9151947730000001,1785795212.228720211,/loadcell_data_filtered.wrench.force.z,304.1935580371232
0.915326076,1785795212.228851514,/loadcell_data_filtered.wrench.force.z,306.86869603007614
0.9154823240000001,1785795212.229007762,/loadcell_data_filtered.wrench.force.z,304.61862981794184
0.915595935,1785795212.229121373,/loadcell_data_filtered.wrench.force.z,310.0474160829126
0.9157160110000001,1785795212.229241449,/loadcell_data_filtered.wrench.force.z,312.70858589768943
0.9168216410000001,1785795212.230347079,/loadcell_data_filtered.wrench.force.z,316.049812614534
0.916993885,1785795212.230519323,/loadcell_data_filtered.wrench.force.z,318.9151478717907
0.9171329890000001,1785795212.230658427,/loadcell_data_filtered.wrench.force.z,315.53881737063165
0.9172583580000001,1785795212.230783796,/loadcell_data_filtered.wrench.force.z,315.130869167875
0.921188675,1785795212.234714113,/loadcell_data_filtered.wrench.force.z,314.95310923957874
0.9215842070000001,1785795212.235109645,/loadcell_data_filtered.wrench.force.z,315.7402013052012
0.921801945,1785795212.235327383,/loadcell_data_filtered.wrench.force.z,316.1171356885822
0.9219952830000001,1785795212.235520721,/loadcell_data_filtered.wrench.force.z,316.4073278686656
0.9221953380000001,1785795212.235720776,/loadcell_data_filtered.wrench.force.z,316.6610714310877
0.922393957,1785795212.235919395,/loadcell_data_filtered.wrench.force.z,316.98254067502756
0.922577768,1785795212.236103206,/loadcell_data_filtered.wrench.force.z,317.3212678445968
0.922758692,1785795212.236284130,/loadcell_data_filtered.wrench.force.z,317.29010466371494
0.9230257810000001,1785795212.236551219,/loadcell_data_filtered.wrench.force.z,310.5466363392986
0.923203473,1785795212.236728911,/loadcell_data_filtered.wrench.force.z,305.94868411667557
0.9233849500000001,1785795212.236910388,/loadcell_data_filtered.wrench.force.z,302.50651087217835
0.923568138,1785795212.237093576,/loadcell_data_filtered.wrench.force.z,298.1991114757546
0.923746492,1785795212.237271930,/loadcell_data_filtered.wrench.force.z,295.1083690748065
0.924836926,1785795212.238362364,/loadcell_data_filtered.wrench.force.z,291.8005633933911
0.9250881750000001,1785795212.238613613,/loadcell_data_filtered.wrench.force.z,289.8655043196273
0.9252974810000001,1785795212.238822919,/loadcell_data_filtered.wrench.force.z,287.77885579701007
0.925624349,1785795212.239149787,/loadcell_data_filtered.wrench.force.z,287.21709214186734
0.928151974,1785795212.241677412,/loadcell_data_filtered.wrench.force.z,287.0752810652947
0.9284203940000001,1785795212.241945832,/loadcell_data_filtered.wrench.force.z,287.1882735963102
0.928563727,1785795212.242089165,/loadcell_data_filtered.wrench.force.z,287.4957861354028
0.928689906,1785795212.242215344,/loadcell_data_filtered.wrench.force.z,287.10311486072516
0.9288206080000001,1785795212.242346046,/loadcell_data_filtered.wrench.force.z,286.6428484163339
0.928974633,1785795212.242500071,/loadcell_data_filtered.wrench.force.z,286.12272579880005
0.929155539,1785795212.242680977,/loadcell_data_filtered.wrench.force.z,285.2448372693255
0.9295775610000001,1785795212.243102999,/loadcell_data_filtered.wrench.force.z,283.73118428297374
0.9309921200000001,1785795212.244517558,/loadcell_data_filtered.wrench.force.z,282.92546381519793
0.9315271740000001,1785795212.245052612,/loadcell_data_filtered.wrench.force.z,288.2885625732799
0.9319601740000001,1785795212.245485612,/loadcell_data_filtered.wrench.force.z,291.7197888124927
0.932312711,1785795212.245838149,/loadcell_data_filtered.wrench.force.z,295.0484652348937
0.932664248,1785795212.246189686,/loadcell_data_filtered.wrench.force.z,297.67891191819814
0.932982261,1785795212.246507699,/loadcell_data_filtered.wrench.force.z,300.26206687980283
0.9332629570000001,1785795212.246788395,/loadcell_data_filtered.wrench.force.z,301.1410558378747
0.934245941,1785795212.247771379,/loadcell_data_filtered.wrench.force.z,302.47415661019056
0.9356885030000001,1785795212.249213941,/loadcell_data_filtered.wrench.force.z,301.8400737632575
0.935987886,1785795212.249513324,/loadcell_data_filtered.wrench.force.z,301.82065840168104
0.9361625210000001,1785795212.249687959,/loadcell_data_filtered.wrench.force.z,301.62864596927903
0.9363539550000001,1785795212.249879393,/loadcell_data_filtered.wrench.force.z,302.13288007771166
0.936548566,1785795212.250074004,/loadcell_data_filtered.wrench.force.z,302.66455092789363
0.936733232,1785795212.250258670,/loadcell_data_filtered.wrench.force.z,302.2777351575488
0.9369044820000001,1785795212.250429920,/loadcell_data_filtered.wrench.force.z,301.4256983898134
0.93741934,1785795212.250944778,/loadcell_data_filtered.wrench.force.z,301.48947885597477
0.9377764550000001,1785795212.251301893,/loadcell_data_filtered.wrench.force.z,301.57447191889077
0.938203093,1785795212.251728531,/loadcell_data_filtered.wrench.force.z,301.2903139880624
0.938828325,1785795212.252353763,/loadcell_data_filtered.wrench.force.z,295.8486925954914
0.9392510700000001,1785795212.252776508,/loadcell_data_filtered.wrench.force.z,291.84400439058055
0.939724867,1785795212.253250305,/loadcell_data_filtered.wrench.force.z,288.5340734766379
0.9405048130000001,1785795212.254030251,/loadcell_data_filtered.wrench.force.z,285.7614939136602
0.941180886,1785795212.254706324,/loadcell_data_filtered.wrench.force.z,283.24111317841164
0.9415038960000001,1785795212.255029334,/loadcell_data_filtered.wrench.force.z,282.4527247523785
0.9443170350000001,1785795212.257842473,/loadcell_data_filtered.wrench.force.z,282.4862415404458
0.944629241,1785795212.258154679,/loadcell_data_filtered.wrench.force.z,283.26910520313663
0.9449309370000001,1785795212.258456375,/loadcell_data_filtered.wrench.force.z,284.67079347842025
0.9451479920000001,1785795212.258673430,/loadcell_data_filtered.wrench.force.z,285.9050560089149
0.945363283,1785795212.258888721,/loadcell_data_filtered.wrench.force.z,287.08314668285635
0.9455660140000001,1785795212.259091452,/loadcell_data_filtered.wrench.force.z,287.9010741059283
0.945768982,1785795212.259294420,/loadcell_data_filtered.wrench.force.z,288.45544980704085
0.9459320630000001,1785795212.259457501,/loadcell_data_filtered.wrench.force.z,288.5003586392335
0.9461162980000001,1785795212.259641736,/loadcell_data_filtered.wrench.force.z,289.8896411727594
0.9463308480000001,1785795212.259856286,/loadcell_data_filtered.wrench.force.z,290.1932654286285
0.9510855330000001,1785795212.264610971,/loadcell_data_filtered.wrench.force.z,294.54990081996664
0.95172117,1785795212.265246608,/loadcell_data_filtered.wrench.force.z,299.57941123292545
0.952283615,1785795212.265809053,/loadcell_data_filtered.wrench.force.z,306.0116744363819
0.952813462,1785795212.266338900,/loadcell_data_filtered.wrench.force.z,310.72302649043394
0.953260035,1785795212.266785473,/loadcell_data_filtered.wrench.force.z,315.26093377028843
0.9536332820000001,1785795212.267158720,/loadcell_data_filtered.wrench.force.z,319.2210167677157
0.9539906090000001,1785795212.267516047,/loadcell_data_filtered.wrench.force.z,321.9268636959955
0.954198415,1785795212.267723853,/loadcell_data_filtered.wrench.force.z,323.614018835144
0.954419016,1785795212.267944454,/loadcell_data_filtered.wrench.force.z,325.18318549220743
0.9546093950000001,1785795212.268134833,/loadcell_data_filtered.wrench.force.z,325.8716818039643
0.9547809740000001,1785795212.268306412,/loadcell_data_filtered.wrench.force.z,325.2834749619101
0.9549499560000001,1785795212.268475394,/loadcell_data_filtered.wrench.force.z,325.93960844496223
0.9551088990000001,1785795212.268634337,/loadcell_data_filtered.wrench.force.z,326.848726745037
0.9557851580000001,1785795212.269310596,/loadcell_data_filtered.wrench.force.z,327.7167309673497
0.9569752440000001,1785795212.270500682,/loadcell_data_filtered.wrench.force.z,327.92022927555524
0.9573704740000001,1785795212.270895912,/loadcell_data_filtered.wrench.force.z,328.86146651737226
0.9576422240000001,1785795212.271167662,/loadcell_data_filtered.wrench.force.z,329.66108020804546
0.957909352,1785795212.271434790,/loadcell_data_filtered.wrench.force.z,325.2323914634603
0.958211777,1785795212.271737215,/loadcell_data_filtered.wrench.force.z,322.7891155351281
0.958516468,1785795212.272041906,/loadcell_data_filtered.wrench.force.z,319.5441119607137
0.9588508910000001,1785795212.272376329,/loadcell_data_filtered.wrench.force.z,316.05780696430173
0.959130943,1785795212.272656381,/loadcell_data_filtered.wrench.force.z,312.23375733550284
0.9593619400000001,1785795212.272887378,/loadcell_data_filtered.wrench.force.z,310.69869384104237
0.959676336,1785795212.273201774,/loadcell_data_filtered.wrench.force.z,309.0625269588023
0.960080338,1785795212.273605776,/loadcell_data_filtered.wrench.force.z,308.70104868077976
0.9605029260000001,1785795212.274028364,/loadcell_data_filtered.wrench.force.z,308.1718793437767
0.961949366,1785795212.275474804,/loadcell_data_filtered.wrench.force.z,308.2849061678352
0.962330486,1785795212.275855924,/loadcell_data_filtered.wrench.force.z,308.3583477468895
0.9627667280000001,1785795212.276292166,/loadcell_data_filtered.wrench.force.z,308.2023934550649
0.963213666,1785795212.276739104,/loadcell_data_filtered.wrench.force.z,307.48426196497275
0.963660917,1785795212.277186355,/loadcell_data_filtered.wrench.force.z,307.2977096643287
0.964064581,1785795212.277590019,/loadcell_data_filtered.wrench.force.z,307.3586107518092
0.9644092630000001,1785795212.277934701,/loadcell_data_filtered.wrench.force.z,306.3483396799588
0.9647853270000001,1785795212.278310765,/loadcell_data_filtered.wrench.force.z,305.63003592119327
0.9651879200000001,1785795212.278713358,/loadcell_data_filtered.wrench.force.z,311.16741414019964
0.9655188,1785795212.279044238,/loadcell_data_filtered.wrench.force.z,314.71750128375425
0.9658201790000001,1785795212.279345617,/loadcell_data_filtered.wrench.force.z,318.260892674615
0.9661643540000001,1785795212.279689792,/loadcell_data_filtered.wrench.force.z,321.0782125562573
0.9663920210000001,1785795212.279917459,/loadcell_data_filtered.wrench.force.z,324.29154133069386
0.9666112050000001,1785795212.280136643,/loadcell_data_filtered.wrench.force.z,325.63641065214017
0.9668426720000001,1785795212.280368110,/loadcell_data_filtered.wrench.force.z,326.8247252501319
0.9671403390000001,1785795212.280665777,/loadcell_data_filtered.wrench.force.z,326.7895607858938
0.9678111420000001,1785795212.281336580,/loadcell_data_filtered.wrench.force.z,326.2886638879665
0.968239248,1785795212.281764686,/loadcell_data_filtered.wrench.force.z,326.52287915666557
0.9688233180000001,1785795212.282348756,/loadcell_data_filtered.wrench.force.z,326.66366754905187
0.9692735210000001,1785795212.282798959,/loadcell_data_filtered.wrench.force.z,326.6390002079605
0.969786158,1785795212.283311596,/loadcell_data_filtered.wrench.force.z,326.47514944368004
0.9705513560000001,1785795212.284076794,/loadcell_data_filtered.wrench.force.z,326.6477652434295
0.971014201,1785795212.284539639,/loadcell_data_filtered.wrench.force.z,326.55179650055345
0.9714283870000001,1785795212.284953825,/loadcell_data_filtered.wrench.force.z,326.52730277013865
0.971716801,1785795212.285242239,/loadcell_data_filtered.wrench.force.z,325.7687657249761
0.9720757350000001,1785795212.285601173,/loadcell_data_filtered.wrench.force.z,320.3126474551878
0.974986015,1785795212.288511453,/loadcell_data_filtered.wrench.force.z,315.9048562155023
0.9752863070000001,1785795212.288811745,/loadcell_data_filtered.wrench.force.z,311.9885694996002
0.9755387910000001,1785795212.289064229,/loadcell_data_filtered.wrench.force.z,308.89587528935607
0.9757466290000001,1785795212.289272067,/loadcell_data_filtered.wrench.force.z,301.07083707870214
0.9759623020000001,1785795212.289487740,/loadcell_data_filtered.wrench.force.z,297.4132795422962
0.9763243850000001,1785795212.289849823,/loadcell_data_filtered.wrench.force.z,295.9052979406281
0.976678986,1785795212.290204424,/loadcell_data_filtered.wrench.force.z,295.3378326544718
0.9770465700000001,1785795212.290572008,/loadcell_data_filtered.wrench.force.z,295.5307702510682
0.9773085480000001,1785795212.290833986,/loadcell_data_filtered.wrench.force.z,295.139569090625
0.977702433,1785795212.291227871,/loadcell_data_filtered.wrench.force.z,294.7812943839015
0.978041318,1785795212.291566756,/loadcell_data_filtered.wrench.force.z,294.01577850593395
0.9782228040000001,1785795212.291748242,/loadcell_data_filtered.wrench.force.z,294.0536060331144
0.97916329,1785795212.292688728,/loadcell_data_filtered.wrench.force.z,293.52569036995806
0.979589353,1785795212.293114791,/loadcell_data_filtered.wrench.force.z,292.83021717966307
0.9799129510000001,1785795212.293438389,/loadcell_data_filtered.wrench.force.z,292.3578549956485
0.980386705,1785795212.293912143,/loadcell_data_filtered.wrench.force.z,296.04105130818965
0.9807714300000001,1785795212.294296868,/loadcell_data_filtered.wrench.force.z,299.46308133039514
0.9812108650000001,1785795212.294736303,/loadcell_data_filtered.wrench.force.z,303.8995576652331
0.981767197,1785795212.295292635,/loadcell_data_filtered.wrench.force.z,307.1856977495796
0.982123626,1785795212.295649064,/loadcell_data_filtered.wrench.force.z,309.9395511515872
0.9829498040000001,1785795212.296475242,/loadcell_data_filtered.wrench.force.z,312.21579721260247
0.983278317,1785795212.296803755,/loadcell_data_filtered.wrench.force.z,313.1021682981088
0.983880936,1785795212.297406374,/loadcell_data_filtered.wrench.force.z,313.40329304672593
0.9866989230000001,1785795212.300224361,/loadcell_data_filtered.wrench.force.z,313.6286292583607
0.9868007440000001,1785795212.300326182,/loadcell_data_filtered.wrench.force.z,314.0075855159176
0.987098295,1785795212.300623733,/loadcell_data_filtered.wrench.force.z,314.36427611207904
0.9873335470000001,1785795212.300858985,/loadcell_data_filtered.wrench.force.z,314.6022019556199
0.987614851,1785795212.301140289,/loadcell_data_filtered.wrench.force.z,314.3992705418823
0.9878700020000001,1785795212.301395440,/loadcell_data_filtered.wrench.force.z,314.7588562884672
0.9881147690000001,1785795212.301640207,/loadcell_data_filtered.wrench.force.z,315.20013692594284
0.988333408,1785795212.301858846,/loadcell_data_filtered.wrench.force.z,315.74800852786007
0.9885640370000001,1785795212.302089475,/loadcell_data_filtered.wrench.force.z,315.9081704727324
0.9905865650000001,1785795212.304112003,/loadcell_data_filtered.wrench.force.z,310.8727124882446
0.9913314540000001,1785795212.304856892,/loadcell_data_filtered.wrench.force.z,308.04848319718343
0.9915055290000001,1785795212.305030967,/loadcell_data_filtered.wrench.force.z,305.10046169711035
0.991638761,1785795212.305164199,/loadcell_data_filtered.wrench.force.z,302.6840615136203
0.9917589830000001,1785795212.305284421,/loadcell_data_filtered.wrench.force.z,300.55125018895734
0.991894759,1785795212.305420197,/loadcell_data_filtered.wrench.force.z,299.81500523511295
0.9927945140000001,1785795212.306319952,/loadcell_data_filtered.wrench.force.z,298.8976109789577
0.993236129,1785795212.306761567,/loadcell_data_filtered.wrench.force.z,298.73698069369743
0.9934155490000001,1785795212.306940987,/loadcell_data_filtered.wrench.force.z,298.93891746986594
0.9935563660000001,1785795212.307081804,/loadcell_data_filtered.wrench.force.z,300.1032999282517
0.9936806920000001,1785795212.307206130,/loadcell_data_filtered.wrench.force.z,300.34539708714055
0.994162038,1785795212.307687476,/loadcell_data_filtered.wrench.force.z,300.1074393183688
0.994689934,1785795212.308215372,/loadcell_data_filtered.wrench.force.z,300.27094335644847
0.9970892670000001,1785795212.310614705,/loadcell_data_filtered.wrench.force.z,300.63104754675066
0.997688714,1785795212.311214152,/loadcell_data_filtered.wrench.force.z,300.7613832555494
0.9981458820000001,1785795212.311671320,/loadcell_data_filtered.wrench.force.z,300.8306918798006
0.9985741290000001,1785795212.312099567,/loadcell_data_filtered.wrench.force.z,294.7750151179327
0.9989863900000001,1785795212.312511828,/loadcell_data_filtered.wrench.force.z,301.5063640636914
0.9994463200000001,1785795212.312971758,/loadcell_data_filtered.wrench.force.z,305.48362968659256
0.9998488910000001,1785795212.313374329,/loadcell_data_filtered.wrench.force.z,309.4788891605375
1.000121342,1785795212.313646780,/loadcell_data_filtered.wrench.force.z,313.252164609278
1.00039201,1785795212.313917448,/loadcell_data_filtered.wrench.force.z,316.8145527764084
1.000676361,1785795212.314201799,/loadcell_data_filtered.wrench.force.z,318.96717030779945
1.002280795,1785795212.315806233,/loadcell_data_filtered.wrench.force.z,320.1817074020532
1.002693634,1785795212.316219072,/loadcell_data_filtered.wrench.force.z,321.03241400902385
1.003141779,1785795212.316667217,/loadcell_data_filtered.wrench.force.z,322.23929752612156
1.003598351,1785795212.317123789,/loadcell_data_filtered.wrench.force.z,318.0819678705417
1.004045297,1785795212.317570735,/loadcell_data_filtered.wrench.force.z,317.62658606354
1.004315491,1785795212.317840929,/loadcell_data_filtered.wrench.force.z,318.0447703804808
1.004603486,1785795212.318128924,/loadcell_data_filtered.wrench.force.z,318.9826868633067
1.004894429,1785795212.318419867,/loadcell_data_filtered.wrench.force.z,319.75559056316234
1.005126195,1785795212.318651633,/loadcell_data_filtered.wrench.force.z,320.903802001604
1.005335158,1785795212.318860596,/loadcell_data_filtered.wrench.force.z,321.8136226963441
1.006622224,1785795212.320147662,/loadcell_data_filtered.wrench.force.z,320.8034039513054
1.006860453,1785795212.320385891,/loadcell_data_filtered.wrench.force.z,316.94559573554704
1.007488707,1785795212.321014145,/loadcell_data_filtered.wrench.force.z,313.42056215756486
1.007642659,1785795212.321168097,/loadcell_data_filtered.wrench.force.z,304.8908291554451
1.008017611,1785795212.321543049,/loadcell_data_filtered.wrench.force.z,303.6279986341661
1.008385185,1785795212.321910623,/loadcell_data_filtered.wrench.force.z,301.3152113077638
1.008708243,1785795212.322233681,/loadcell_data_filtered.wrench.force.z,301.03978663598735
1.009146909,1785795212.322672347,/loadcell_data_filtered.wrench.force.z,301.33001823369347
1.010911843,1785795212.324437281,/loadcell_data_filtered.wrench.force.z,302.3790932797555
1.011291262,1785795212.324816700,/loadcell_data_filtered.wrench.force.z,304.2100140032036
1.011521492,1785795212.325046930,/loadcell_data_filtered.wrench.force.z,305.09614355528527
1.011719778,1785795212.325245216,/loadcell_data_filtered.wrench.force.z,306.68231163846167
1.016885228,1785795212.330410666,/loadcell_data_filtered.wrench.force.z,307.91848599737006
1.017345073,1785795212.330870511,/loadcell_data_filtered.wrench.force.z,307.7295145829792
1.017730484,1785795212.331255922,/loadcell_data_filtered.wrench.force.z,307.01798874354057
1.018112433,1785795212.331637871,/loadcell_data_filtered.wrench.force.z,302.80208092454586
1.018478137,1785795212.332003575,/loadcell_data_filtered.wrench.force.z,308.93072209180656
1.018823137,1785795212.332348575,/loadcell_data_filtered.wrench.force.z,313.91324842901423
1.019152864,1785795212.332678302,/loadcell_data_filtered.wrench.force.z,319.47210449193284
1.019508721,1785795212.333034159,/loadcell_data_filtered.wrench.force.z,323.98978884119947
1.019855998,1785795212.333381436,/loadcell_data_filtered.wrench.force.z,327.8278258750444
1.02021024,1785795212.333735678,/loadcell_data_filtered.wrench.force.z,331.1163985030581
1.020559831,1785795212.334085269,/loadcell_data_filtered.wrench.force.z,333.40080485941553
1.020914751,1785795212.334440189,/loadcell_data_filtered.wrench.force.z,333.7782612267308
1.021248295,1785795212.334773733,/loadcell_data_filtered.wrench.force.z,333.2780130258885
1.021606957,1785795212.335132395,/loadcell_data_filtered.wrench.force.z,333.9593792156967
1.021846884,1785795212.335372322,/loadcell_data_filtered.wrench.force.z,334.5001137980407
1.02208789,1785795212.335613328,/loadcell_data_filtered.wrench.force.z,329.3693254381843
1.022364751,1785795212.335890189,/loadcell_data_filtered.wrench.force.z,329.5091388582481
1.022637693,1785795212.336163131,/loadcell_data_filtered.wrench.force.z,329.7525815643485
1.022897776,1785795212.336423214,/loadcell_data_filtered.wrench.force.z,329.96963430011294
1.023112859,1785795212.336638297,/loadcell_data_filtered.wrench.force.z,330.08643903907364
1.023306731,1785795212.336832169,/loadcell_data_filtered.wrench.force.z,325.69974951317937
1.023578999,1785795212.337104437,/loadcell_data_filtered.wrench.force.z,318.44203526383217
1.023915705,1785795212.337441143,/loadcell_data_filtered.wrench.force.z,314.67265822652774
1.024231713,1785795212.337757151,/loadcell_data_filtered.wrench.force.z,310.50108808545224
1.024472994,1785795212.337998432,/loadcell_data_filtered.wrench.force.z,307.53635307697016
1.024686652,1785795212.338212090,/loadcell_data_filtered.wrench.force.z,304.5624854828452
1.024898115,1785795212.338423553,/loadcell_data_filtered.wrench.force.z,303.33184596743524
1.025260688,1785795212.338786126,/loadcell_data_filtered.wrench.force.z,302.4588449855425
1.025514153,1785795212.339039591,/loadcell_data_filtered.wrench.force.z,302.4814734537771
1.026139559,1785795212.339664997,/loadcell_data_filtered.wrench.force.z,302.920096963746
1.026615243,1785795212.340140681,/loadcell_data_filtered.wrench.force.z,303.21500346370254
1.027043388,1785795212.340568826,/loadcell_data_filtered.wrench.force.z,303.2720960768484
1.028039801,1785795212.341565239,/loadcell_data_filtered.wrench.force.z,303.006111675169
1.02975004,1785795212.343275478,/loadcell_data_filtered.wrench.force.z,303.0852501744946
1.030799645,1785795212.344325083,/loadcell_data_filtered.wrench.force.z,303.3509808371769
1.031208002,1785795212.344733440,/loadcell_data_filtered.wrench.force.z,303.0847759235982
1.031584323,1785795212.345109761,/loadcell_data_filtered.wrench.force.z,303.7202930642386
1.031913871,1785795212.345439309,/loadcell_data_filtered.wrench.force.z,303.88425339836743
1.032178663,1785795212.345704101,/loadcell_data_filtered.wrench.force.z,309.8234603091629
1.032445821,1785795212.345971259,/loadcell_data_filtered.wrench.force.z,315.43942091075075
1.03268019,1785795212.346205628,/loadcell_data_filtered.wrench.force.z,318.2026615406076
1.03292259,1785795212.346448028,/loadcell_data_filtered.wrench.force.z,320.41862176152785
1.03313672,1785795212.346662158,/loadcell_data_filtered.wrench.force.z,323.1477816974097
1.033351817,1785795212.346877255,/loadcell_data_filtered.wrench.force.z,324.1450656977444
1.033581988,1785795212.347107426,/loadcell_data_filtered.wrench.force.z,324.5522120112136
1.033990873,1785795212.347516311,/loadcell_data_filtered.wrench.force.z,324.4485994354065
1.034421579,1785795212.347947017,/loadcell_data_filtered.wrench.force.z,324.65421477290585
1.035106684,1785795212.348632122,/loadcell_data_filtered.wrench.force.z,325.1391012959142
1.035552883,1785795212.349078321,/loadcell_data_filtered.wrench.force.z,325.2319813946701
1.03600274,1785795212.349528178,/loadcell_data_filtered.wrench.force.z,325.21673209232273
1.036414618,1785795212.349940056,/loadcell_data_filtered.wrench.force.z,324.9183611224925
1.036856802,1785795212.350382240,/loadcell_data_filtered.wrench.force.z,324.7278024276719
1.037538783,1785795212.351064221,/loadcell_data_filtered.wrench.force.z,324.34041759013496
1.037940026,1785795212.351465464,/loadcell_data_filtered.wrench.force.z,323.7130385629099
1.038585216,1785795212.352110654,/loadcell_data_filtered.wrench.force.z,320.4674574097734
1.038831233,1785795212.352356671,/loadcell_data_filtered.wrench.force.z,315.88907420098434
1.039404235,1785795212.352929673,/loadcell_data_filtered.wrench.force.z,310.93872808274165
1.044324408,1785795212.357849846,/loadcell_data_filtered.wrench.force.z,306.97707031851274
1.044634366,1785795212.358159804,/loadcell_data_filtered.wrench.force.z,303.31663630499787
1.044823201,1785795212.358348639,/loadcell_data_filtered.wrench.force.z,300.5385717425675
1.045032321,1785795212.358557759,/loadcell_data_filtered.wrench.force.z,291.9277995254065
1.04527035,1785795212.358795788,/loadcell_data_filtered.wrench.force.z,291.9796737225857
1.045549952,1785795212.359075390,/loadcell_data_filtered.wrench.force.z,291.07716625675016
1.045829369,1785795212.359354807,/loadcell_data_filtered.wrench.force.z,284.23819434662863
1.046094285,1785795212.359619723,/loadcell_data_filtered.wrench.force.z,283.8995167563576
1.046355975,1785795212.359881413,/loadcell_data_filtered.wrench.force.z,283.8008533008079
1.046626861,1785795212.360152299,/loadcell_data_filtered.wrench.force.z,282.87089591588415
1.046919692,1785795212.360445130,/loadcell_data_filtered.wrench.force.z,280.9581797890285
1.047203924,1785795212.360729362,/loadcell_data_filtered.wrench.force.z,280.8595925298204
1.047501056,1785795212.361026494,/loadcell_data_filtered.wrench.force.z,280.8813234186042
1.047779498,1785795212.361304936,/loadcell_data_filtered.wrench.force.z,280.40552417160154
1.048040586,1785795212.361566024,/loadcell_data_filtered.wrench.force.z,285.10277743846785
1.048275405,1785795212.361800843,/loadcell_data_filtered.wrench.force.z,288.40782592844437
1.048556129,1785795212.362081567,/loadcell_data_filtered.wrench.force.z,292.6389051228916
1.048823962,1785795212.362349400,/loadcell_data_filtered.wrench.force.z,295.22040714349197
1.050542029,1785795212.364067467,/loadcell_data_filtered.wrench.force.z,298.12648440791713
1.050871855,1785795212.364397293,/loadcell_data_filtered.wrench.force.z,299.7146321204153
1.051163643,1785795212.364689081,/loadcell_data_filtered.wrench.force.z,301.96343824673664
1.051489385,1785795212.365014823,/loadcell_data_filtered.wrench.force.z,302.94571044736915
1.051831994,1785795212.365357432,/loadcell_data_filtered.wrench.force.z,304.2021242176837
1.052975213,1785795212.366500651,/loadcell_data_filtered.wrench.force.z,304.53818842334096
1.053299994,1785795212.366825432,/loadcell_data_filtered.wrench.force.z,304.4036198999515
1.053639012,1785795212.367164450,/loadcell_data_filtered.wrench.force.z,305.07295253370575
1.0540129010000001,1785795212.367538339,/loadcell_data_filtered.wrench.force.z,305.43270413025436
1.054290346,1785795212.367815784,/loadcell_data_filtered.wrench.force.z,306.1683149658907
1.054543759,1785795212.368069197,/loadcell_data_filtered.wrench.force.z,306.88820262426475
1.054770324,1785795212.368295762,/loadcell_data_filtered.wrench.force.z,307.3557717862974
1.055356603,1785795212.368882041,/loadcell_data_filtered.wrench.force.z,307.9659647292146
1.055646433,1785795212.369171871,/loadcell_data_filtered.wrench.force.z,303.09849020927805
1.05582448,1785795212.369349918,/loadcell_data_filtered.wrench.force.z,300.54607811499494
1.05638593,1785795212.369911368,/loadcell_data_filtered.wrench.force.z,297.4668466927697
1.056753337,1785795212.370278775,/loadcell_data_filtered.wrench.force.z,294.6094858994359
1.058274668,1785795212.371800106,/loadcell_data_filtered.wrench.force.z,292.64241062814256
1.060101578,1785795212.373627016,/loadcell_data_filtered.wrench.force.z,292.1964457412031
1.060113133,1785795212.373638571,/loadcell_data_filtered.wrench.force.z,291.99110009510355
1.061640814,1785795212.375166252,/loadcell_data_filtered.wrench.force.z,292.95924306733355
1.061971076,1785795212.375496514,/loadcell_data_filtered.wrench.force.z,294.0977401642385
1.062222921,1785795212.375748359,/loadcell_data_filtered.wrench.force.z,295.01895093767223
1.062586946,1785795212.376112384,/loadcell_data_filtered.wrench.force.z,296.0461772256639
1.062805675,1785795212.376331113,/loadcell_data_filtered.wrench.force.z,297.5845330953668
1.063461742,1785795212.376987180,/loadcell_data_filtered.wrench.force.z,298.41342072803224
1.063465884,1785795212.376991322,/loadcell_data_filtered.wrench.force.z,298.9827983044065
1.06346797,1785795212.376993408,/loadcell_data_filtered.wrench.force.z,299.97778964946434
1.064792527,1785795212.378317965,/loadcell_data_filtered.wrench.force.z,300.70954857179083
1.064798975,1785795212.378324413,/loadcell_data_filtered.wrench.force.z,301.7444423253291
1.064886901,1785795212.378412339,/loadcell_data_filtered.wrench.force.z,306.5999798532588
1.065082824,1785795212.378608262,/loadcell_data_filtered.wrench.force.z,307.2873817290099
1.06527088,1785795212.378796318,/loadcell_data_filtered.wrench.force.z,311.9105640550222
1.06575452,1785795212.379279958,/loadcell_data_filtered.wrench.force.z,314.9081140792713
1.065929955,1785795212.379455393,/loadcell_data_filtered.wrench.force.z,318.41660419102635
1.066231611,1785795212.379757049,/loadcell_data_filtered.wrench.force.z,320.3948711794766
1.066699477,1785795212.380224915,/loadcell_data_filtered.wrench.force.z,321.46265219206356
1.067093351,1785795212.380618789,/loadcell_data_filtered.wrench.force.z,322.1910145221152
1.067674499,1785795212.381199937,/loadcell_data_filtered.wrench.force.z,322.7033443366412
1.068130676,1785795212.381656114,/loadcell_data_filtered.wrench.force.z,322.96696447847484
1.068799402,1785795212.382324840,/loadcell_data_filtered.wrench.force.z,323.47776572679396
1.069231054,1785795212.382756492,/loadcell_data_filtered.wrench.force.z,323.8080059114189
1.069643818,1785795212.383169256,/loadcell_data_filtered.wrench.force.z,323.84053987963387
1.070150805,1785795212.383676243,/loadcell_data_filtered.wrench.force.z,323.6429964986985
1.070716991,1785795212.384242429,/loadcell_data_filtered.wrench.force.z,323.29558479679235
1.071160697,1785795212.384686135,/loadcell_data_filtered.wrench.force.z,322.9843315608451
1.072307293,1785795212.385832731,/loadcell_data_filtered.wrench.force.z,319.2108256100015
1.072589375,1785795212.386114813,/loadcell_data_filtered.wrench.force.z,315.1286613446699
1.072708478,1785795212.386233916,/loadcell_data_filtered.wrench.force.z,311.039576651681
1.073132922,1785795212.386658360,/loadcell_data_filtered.wrench.force.z,307.07259077262523
1.073635154,1785795212.387160592,/loadcell_data_filtered.wrench.force.z,303.2596841034758
1.074177263,1785795212.387702701,/loadcell_data_filtered.wrench.force.z,300.22092505550074
1.074627762,1785795212.388153200,/loadcell_data_filtered.wrench.force.z,297.9582669731339
1.075052515,1785795212.388577953,/loadcell_data_filtered.wrench.force.z,296.982980162584
1.0762495300000001,1785795212.389774968,/loadcell_data_filtered.wrench.force.z,296.5509530015293
1.076809496,1785795212.390334934,/loadcell_data_filtered.wrench.force.z,296.0405430348918
1.077319287,1785795212.390844725,/loadcell_data_filtered.wrench.force.z,295.26980201941865
1.078074953,1785795212.391600391,/loadcell_data_filtered.wrench.force.z,294.5038179787375
1.078524404,1785795212.392049842,/loadcell_data_filtered.wrench.force.z,293.57085087780894
1.079007356,1785795212.392532794,/loadcell_data_filtered.wrench.force.z,292.68653756422094
1.079486976,1785795212.393012414,/loadcell_data_filtered.wrench.force.z,292.01510776039265
1.079991518,1785795212.393516956,/loadcell_data_filtered.wrench.force.z,290.979154470301
1.080397379,1785795212.393922817,/loadcell_data_filtered.wrench.force.z,290.8913415979282
1.080820286,1785795212.394345724,/loadcell_data_filtered.wrench.force.z,295.3845871478828
1.081189878,1785795212.394715316,/loadcell_data_filtered.wrench.force.z,298.0525296272922
1.081576767,1785795212.395102205,/loadcell_data_filtered.wrench.force.z,301.64052697041336
1.081917382,1785795212.395442820,/loadcell_data_filtered.wrench.force.z,304.35793966175714
1.082249107,1785795212.395774545,/loadcell_data_filtered.wrench.force.z,306.79461926823177
1.082766048,1785795212.396291486,/loadcell_data_filtered.wrench.force.z,307.8936782293579
1.083281905,1785795212.396807343,/loadcell_data_filtered.wrench.force.z,308.4102491556277
1.083778823,1785795212.397304261,/loadcell_data_filtered.wrench.force.z,307.76827254174475
1.084290982,1785795212.397816420,/loadcell_data_filtered.wrench.force.z,307.2888001615861
1.084901148,1785795212.398426586,/loadcell_data_filtered.wrench.force.z,307.0502186080134
1.085644543,1785795212.399169981,/loadcell_data_filtered.wrench.force.z,306.70824641007
1.086093284,1785795212.399618722,/loadcell_data_filtered.wrench.force.z,306.77535249269755
1.086423219,1785795212.399948657,/loadcell_data_filtered.wrench.force.z,306.2726805912972
1.088049243,1785795212.401574681,/loadcell_data_filtered.wrench.force.z,306.1470492767064
1.08825295,1785795212.401778388,/loadcell_data_filtered.wrench.force.z,305.87123002587873
1.088385452,1785795212.401910890,/loadcell_data_filtered.wrench.force.z,305.4669232321078
1.088528383,1785795212.402053821,/loadcell_data_filtered.wrench.force.z,304.9630134221409
1.088653795,1785795212.402179233,/loadcell_data_filtered.wrench.force.z,298.9275962707984
1.090508079,1785795212.404033517,/loadcell_data_filtered.wrench.force.z,294.8664509200173
1.090701445,1785795212.404226883,/loadcell_data_filtered.wrench.force.z,290.9489719090001
1.090836384,1785795212.404361822,/loadcell_data_filtered.wrench.force.z,281.0158457945962
1.090961485,1785795212.404486923,/loadcell_data_filtered.wrench.force.z,278.14760882828585
1.091343545,1785795212.404868983,/loadcell_data_filtered.wrench.force.z,276.303394428614
1.0916534310000001,1785795212.405178869,/loadcell_data_filtered.wrench.force.z,275.4904945512544
1.09208312,1785795212.405608558,/loadcell_data_filtered.wrench.force.z,275.5420666324193
1.09314052,1785795212.406665958,/loadcell_data_filtered.wrench.force.z,275.75263723664256
1.093780776,1785795212.407306214,/loadcell_data_filtered.wrench.force.z,275.66446176396107
1.094280641,1785795212.407806079,/loadcell_data_filtered.wrench.force.z,275.6987347135079
1.094716245,1785795212.408241683,/loadcell_data_filtered.wrench.force.z,275.6974633897573
1.095098851,1785795212.408624289,/loadcell_data_filtered.wrench.force.z,275.3129442165091
1.095572485,1785795212.409097923,/loadcell_data_filtered.wrench.force.z,275.45170456315003
1.096057321,1785795212.409582759,/loadcell_data_filtered.wrench.force.z,275.6987604532538
1.096460946,1785795212.409986384,/loadcell_data_filtered.wrench.force.z,275.47482796861476
1.096875023,1785795212.410400461,/loadcell_data_filtered.wrench.force.z,276.72864738474135
1.098294259,1785795212.411819697,/loadcell_data_filtered.wrench.force.z,282.4650685414203
1.098841614,1785795212.412367052,/loadcell_data_filtered.wrench.force.z,287.3675658986046
1.099293304,1785795212.412818742,/loadcell_data_filtered.wrench.force.z,291.7238032392806
1.099692716,1785795212.413218154,/loadcell_data_filtered.wrench.force.z,295.1836696588009
1.100167389,1785795212.413692827,/loadcell_data_filtered.wrench.force.z,297.8597806091118
1.100483664,1785795212.414009102,/loadcell_data_filtered.wrench.force.z,299.79683995379827
1.100859819,1785795212.414385257,/loadcell_data_filtered.wrench.force.z,300.920921523751
1.101134039,1785795212.414659477,/loadcell_data_filtered.wrench.force.z,301.96774521021644
1.101337944,1785795212.414863382,/loadcell_data_filtered.wrench.force.z,302.9982490810771
1.101688148,1785795212.415213586,/loadcell_data_filtered.wrench.force.z,303.94108467326555
1.102162722,1785795212.415688160,/loadcell_data_filtered.wrench.force.z,304.96451418185694
1.102903029,1785795212.416428467,/loadcell_data_filtered.wrench.force.z,305.84645076632427
1.103208668,1785795212.416734106,/loadcell_data_filtered.wrench.force.z,306.8342739519843
1.103621218,1785795212.417146656,/loadcell_data_filtered.wrench.force.z,308.0495639630104
1.104130962,1785795212.417656400,/loadcell_data_filtered.wrench.force.z,308.88294881993147
1.104582162,1785795212.418107600,/loadcell_data_filtered.wrench.force.z,309.4390159386905
1.106887521,1785795212.420412959,/loadcell_data_filtered.wrench.force.z,305.9535773028238
1.107250915,1785795212.420776353,/loadcell_data_filtered.wrench.force.z,303.54903002720545
1.10755727,1785795212.421082708,/loadcell_data_filtered.wrench.force.z,300.2462344634948
1.107809632,1785795212.421335070,/loadcell_data_filtered.wrench.force.z,290.89614661212306
1.108074856,1785795212.421600294,/loadcell_data_filtered.wrench.force.z,289.40704623843806
1.108311889,1785795212.421837327,/loadcell_data_filtered.wrench.force.z,287.35841382108896
1.108550454,1785795212.422075892,/loadcell_data_filtered.wrench.force.z,286.66053331094145
1.10881622,1785795212.422341658,/loadcell_data_filtered.wrench.force.z,287.7328143457663
1.109028548,1785795212.422553986,/loadcell_data_filtered.wrench.force.z,288.78934640330465
1.109746911,1785795212.423272349,/loadcell_data_filtered.wrench.force.z,290.1304790496922
1.111930374,1785795212.425455812,/loadcell_data_filtered.wrench.force.z,290.7276679052304
1.112444779,1785795212.425970217,/loadcell_data_filtered.wrench.force.z,290.9767334087886
1.113114737,1785795212.426640175,/loadcell_data_filtered.wrench.force.z,291.7876243412937
1.113593101,1785795212.427118539,/loadcell_data_filtered.wrench.force.z,291.9771059871065
1.11394349,1785795212.427468928,/loadcell_data_filtered.wrench.force.z,292.112985530594
1.114212323,1785795212.427737761,/loadcell_data_filtered.wrench.force.z,292.2806746811267
1.114425768,1785795212.427951206,/loadcell_data_filtered.wrench.force.z,292.666534923684
1.114654049,1785795212.428179487,/loadcell_data_filtered.wrench.force.z,299.14048012150874
1.115024589,1785795212.428550027,/loadcell_data_filtered.wrench.force.z,303.66523878257766
1.115359098,1785795212.428884536,/loadcell_data_filtered.wrench.force.z,308.51481623037984
1.1156750340000001,1785795212.429200472,/loadcell_data_filtered.wrench.force.z,312.0376096201619
1.11786016,1785795212.431385598,/loadcell_data_filtered.wrench.force.z,315.76895531045136
1.118202161,1785795212.431727599,/loadcell_data_filtered.wrench.force.z,318.4547918233609
1.118577832,1785795212.432103270,/loadcell_data_filtered.wrench.force.z,321.07140339239334
1.11881344,1785795212.432338878,/loadcell_data_filtered.wrench.force.z,322.22217932470653
1.11909249,1785795212.432617928,/loadcell_data_filtered.wrench.force.z,323.50345334225557
1.119379786,1785795212.432905224,/loadcell_data_filtered.wrench.force.z,324.6573078124706
1.119635686,1785795212.433161124,/loadcell_data_filtered.wrench.force.z,324.8814129257271
1.119872407,1785795212.433397845,/loadcell_data_filtered.wrench.force.z,325.29740534677717
1.120111911,1785795212.433637349,/loadcell_data_filtered.wrench.force.z,326.12537152487806
1.120331538,1785795212.433856976,/loadcell_data_filtered.wrench.force.z,327.4206380060595
1.120551887,1785795212.434077325,/loadcell_data_filtered.wrench.force.z,328.1550263920386
1.121179474,1785795212.434704912,/loadcell_data_filtered.wrench.force.z,328.84826852054243
1.121337685,1785795212.434863123,/loadcell_data_filtered.wrench.force.z,329.24014919983694
1.121985036,1785795212.435510474,/loadcell_data_filtered.wrench.force.z,324.63164722584503
1.126132843,1785795212.439658281,/loadcell_data_filtered.wrench.force.z,321.00947302392586
1.126373334,1785795212.439898772,/loadcell_data_filtered.wrench.force.z,318.19212197020966
1.126499845,1785795212.440025283,/loadcell_data_filtered.wrench.force.z,316.1246285845014
1.126622443,1785795212.440147881,/loadcell_data_filtered.wrench.force.z,307.0069540115251
1.126799581,1785795212.440325019,/loadcell_data_filtered.wrench.force.z,306.81789178607596
1.12695714,1785795212.440482578,/loadcell_data_filtered.wrench.force.z,306.0670078211818
1.127137007,1785795212.440662445,/loadcell_data_filtered.wrench.force.z,300.1400021065993
1.127356336,1785795212.440881774,/loadcell_data_filtered.wrench.force.z,301.1485383222595
1.128869424,1785795212.442394862,/loadcell_data_filtered.wrench.force.z,300.3863554253691
1.129099288,1785795212.442624726,/loadcell_data_filtered.wrench.force.z,300.7392385237253
1.129210209,1785795212.442735647,/loadcell_data_filtered.wrench.force.z,300.64384299351246
1.129319751,1785795212.442845189,/loadcell_data_filtered.wrench.force.z,300.30168048116684
1.129440466,1785795212.442965904,/loadcell_data_filtered.wrench.force.z,299.2905624088163
1.129568444,1785795212.443093882,/loadcell_data_filtered.wrench.force.z,292.77134148256727
1.131979943,1785795212.445505381,/loadcell_data_filtered.wrench.force.z,292.8121589483473
1.132175206,1785795212.445700644,/loadcell_data_filtered.wrench.force.z,293.9592064020003
1.132331353,1785795212.445856791,/loadcell_data_filtered.wrench.force.z,298.5806149761464
1.132480516,1785795212.446005954,/loadcell_data_filtered.wrench.force.z,303.065172512589
1.132613635,1785795212.446139073,/loadcell_data_filtered.wrench.force.z,300.08753489450913
1.133098646,1785795212.446624084,/loadcell_data_filtered.wrench.force.z,303.2587085217823
1.133704258,1785795212.447229696,/loadcell_data_filtered.wrench.force.z,305.25358970445944
1.133977791,1785795212.447503229,/loadcell_data_filtered.wrench.force.z,306.346259308893
1.134213839,1785795212.447739277,/loadcell_data_filtered.wrench.force.z,306.72810839047463
1.134617738,1785795212.448143176,/loadcell_data_filtered.wrench.force.z,306.5901455618429
1.134849336,1785795212.448374774,/loadcell_data_filtered.wrench.force.z,305.9942032510395
1.13520138,1785795212.448726818,/loadcell_data_filtered.wrench.force.z,305.875483204042
1.136584027,1785795212.450109465,/loadcell_data_filtered.wrench.force.z,305.72476478178874
1.136831252,1785795212.450356690,/loadcell_data_filtered.wrench.force.z,305.2878913428067
1.137006039,1785795212.450531477,/loadcell_data_filtered.wrench.force.z,298.4797648441355
1.137132359,1785795212.450657797,/loadcell_data_filtered.wrench.force.z,298.6787681120385
1.137411919,1785795212.450937357,/loadcell_data_filtered.wrench.force.z,298.0291145456737
1.139080077,1785795212.452605515,/loadcell_data_filtered.wrench.force.z,297.51307788693583
1.139194717,1785795212.452720155,/loadcell_data_filtered.wrench.force.z,291.4926024938348
1.139313797,1785795212.452839235,/loadcell_data_filtered.wrench.force.z,281.82434494341527
1.1394418800000001,1785795212.452967318,/loadcell_data_filtered.wrench.force.z,278.0545311330648
1.139869671,1785795212.453395109,/loadcell_data_filtered.wrench.force.z,274.15250022892985
1.141459772,1785795212.454985210,/loadcell_data_filtered.wrench.force.z,271.1743298157719
1.141572856,1785795212.455098294,/loadcell_data_filtered.wrench.force.z,269.0386098434358
1.141693665,1785795212.455219103,/loadcell_data_filtered.wrench.force.z,260.7471222877068
1.141892768,1785795212.455418206,/loadcell_data_filtered.wrench.force.z,260.86401769574474
1.142326521,1785795212.455851959,/loadcell_data_filtered.wrench.force.z,260.5373218563285
1.144166959,1785795212.457692397,/loadcell_data_filtered.wrench.force.z,260.7910874656209
1.144311875,1785795212.457837313,/loadcell_data_filtered.wrench.force.z,260.68368278477664
1.144421683,1785795212.457947121,/loadcell_data_filtered.wrench.force.z,256.5420515279025
1.144544736,1785795212.458070174,/loadcell_data_filtered.wrench.force.z,254.23991801262898
1.145122248,1785795212.458647686,/loadcell_data_filtered.wrench.force.z,253.45696818567703
1.1466390180000001,1785795212.460164456,/loadcell_data_filtered.wrench.force.z,253.03075077963175
1.146802481,1785795212.460327919,/loadcell_data_filtered.wrench.force.z,252.91591214992792
1.146963017,1785795212.460488455,/loadcell_data_filtered.wrench.force.z,248.49989694077624
1.14792233,1785795212.461447768,/loadcell_data_filtered.wrench.force.z,252.79125857270097
1.149775031,1785795212.463300469,/loadcell_data_filtered.wrench.force.z,256.4435199187964
1.150474405,1785795212.463999843,/loadcell_data_filtered.wrench.force.z,261.4394265446272
1.150766309,1785795212.464291747,/loadcell_data_filtered.wrench.force.z,265.1904039051619
1.151203049,1785795212.464728487,/loadcell_data_filtered.wrench.force.z,268.5156318105847
1.151617244,1785795212.465142682,/loadcell_data_filtered.wrench.force.z,271.18795551905464
1.152060841,1785795212.465586279,/loadcell_data_filtered.wrench.force.z,272.83455101339877
1.152318636,1785795212.465844074,/loadcell_data_filtered.wrench.force.z,272.99735521016356
1.152540207,1785795212.466065645,/loadcell_data_filtered.wrench.force.z,273.0737131337985
1.152762989,1785795212.466288427,/loadcell_data_filtered.wrench.force.z,266.89114981698674
1.1530081110000001,1785795212.466533549,/loadcell_data_filtered.wrench.force.z,267.7192458579564
1.153723197,1785795212.467248635,/loadcell_data_filtered.wrench.force.z,267.97374921376195
1.153978692,1785795212.467504130,/loadcell_data_filtered.wrench.force.z,268.73985063337756
1.154214177,1785795212.467739615,/loadcell_data_filtered.wrench.force.z,270.2349176080766
1.154455311,1785795212.467980749,/loadcell_data_filtered.wrench.force.z,271.0466598126317
1.154750341,1785795212.468275779,/loadcell_data_filtered.wrench.force.z,270.81632695014093
1.154969337,1785795212.468494775,/loadcell_data_filtered.wrench.force.z,271.1111444747867
1.155272613,1785795212.468798051,/loadcell_data_filtered.wrench.force.z,265.73575218276045
1.156577612,1785795212.470103050,/loadcell_data_filtered.wrench.force.z,261.9107999249867
1.156891192,1785795212.470416630,/loadcell_data_filtered.wrench.force.z,258.8975093202353
1.157167684,1785795212.470693122,/loadcell_data_filtered.wrench.force.z,256.44604968966644
1.157539585,1785795212.471065023,/loadcell_data_filtered.wrench.force.z,254.1455994584569
1.157964078,1785795212.471489516,/loadcell_data_filtered.wrench.force.z,253.19735388366115
1.158503125,1785795212.472028563,/loadcell_data_filtered.wrench.force.z,253.38431132329256
1.162103506,1785795212.475628944,/loadcell_data_filtered.wrench.force.z,253.96199127116836
1.162343424,1785795212.475868862,/loadcell_data_filtered.wrench.force.z,254.87345922849966
1.16245467,1785795212.475980108,/loadcell_data_filtered.wrench.force.z,255.72581128942494
1.162627987,1785795212.476153425,/loadcell_data_filtered.wrench.force.z,256.4021062574026
1.162756771,1785795212.476282209,/loadcell_data_filtered.wrench.force.z,256.98257099161754
1.162896856,1785795212.476422294,/loadcell_data_filtered.wrench.force.z,257.5638466641484
1.163061249,1785795212.476586687,/loadcell_data_filtered.wrench.force.z,257.9821720325176
1.16403759,1785795212.477563028,/loadcell_data_filtered.wrench.force.z,258.696759369734
1.164522235,1785795212.478047673,/loadcell_data_filtered.wrench.force.z,258.0140602599963
1.164871683,1785795212.478397121,/loadcell_data_filtered.wrench.force.z,261.38160842614616
1.165186163,1785795212.478711601,/loadcell_data_filtered.wrench.force.z,265.2756566218256
1.165549471,1785795212.479074909,/loadcell_data_filtered.wrench.force.z,270.0394205087877
1.165848586,1785795212.479374024,/loadcell_data_filtered.wrench.force.z,273.6931292460193
1.166122917,1785795212.479648355,/loadcell_data_filtered.wrench.force.z,276.80019599492726
1.166421041,1785795212.479946479,/loadcell_data_filtered.wrench.force.z,279.69671609092
1.166672428,1785795212.480197866,/loadcell_data_filtered.wrench.force.z,281.22962133185655
1.167191376,1785795212.480716814,/loadcell_data_filtered.wrench.force.z,281.7103767112915
1.169323686,1785795212.482849124,/loadcell_data_filtered.wrench.force.z,282.2479144601174
1.169595582,1785795212.483121020,/loadcell_data_filtered.wrench.force.z,283.52890786620696
1.169808302,1785795212.483333740,/loadcell_data_filtered.wrench.force.z,284.0346714582568
1.170061281,1785795212.483586719,/loadcell_data_filtered.wrench.force.z,280.10240754167137
1.170327369,1785795212.483852807,/loadcell_data_filtered.wrench.force.z,278.68155412775894
1.170563394,1785795212.484088832,/loadcell_data_filtered.wrench.force.z,279.0319116782772
1.170779374,1785795212.484304812,/loadcell_data_filtered.wrench.force.z,279.7679767833133
1.1710481320000001,1785795212.484573570,/loadcell_data_filtered.wrench.force.z,280.25588742539713
1.1712227290000001,1785795212.484748167,/loadcell_data_filtered.wrench.force.z,280.753399581103
1.171654347,1785795212.485179785,/loadcell_data_filtered.wrench.force.z,276.32301384962676
1.172140247,1785795212.485665685,/loadcell_data_filtered.wrench.force.z,273.6936497476752
1.172733298,1785795212.486258736,/loadcell_data_filtered.wrench.force.z,270.2778829502856
1.17326426,1785795212.486789698,/loadcell_data_filtered.wrench.force.z,267.82778354083445
1.174068614,1785795212.487594052,/loadcell_data_filtered.wrench.force.z,265.9222481157732
1.174257515,1785795212.487782953,/loadcell_data_filtered.wrench.force.z,264.3421339612717
1.174722488,1785795212.488247926,/loadcell_data_filtered.wrench.force.z,263.78157347679814
1.175216012,1785795212.488741450,/loadcell_data_filtered.wrench.force.z,264.513390469617
1.175766341,1785795212.489291779,/loadcell_data_filtered.wrench.force.z,265.4015910225785
1.176105176,1785795212.489630614,/loadcell_data_filtered.wrench.force.z,266.45648329900524
1.176634312,1785795212.490159750,/loadcell_data_filtered.wrench.force.z,267.23076512199617
1.177371144,1785795212.490896582,/loadcell_data_filtered.wrench.force.z,267.87124854048864
1.177985415,1785795212.491510853,/loadcell_data_filtered.wrench.force.z,268.15228639471513
1.178286767,1785795212.491812205,/loadcell_data_filtered.wrench.force.z,268.18297464536295
1.179112348,1785795212.492637786,/loadcell_data_filtered.wrench.force.z,268.61492987041464
1.18054785,1785795212.494073288,/loadcell_data_filtered.wrench.force.z,268.7775051528199
1.180751734,1785795212.494277172,/loadcell_data_filtered.wrench.force.z,268.87155612326546
1.180895394,1785795212.494420832,/loadcell_data_filtered.wrench.force.z,268.22184847136765
1.18110595,1785795212.494631388,/loadcell_data_filtered.wrench.force.z,273.07561082344074
1.183258833,1785795212.496784271,/loadcell_data_filtered.wrench.force.z,276.69389229867284
1.183430222,1785795212.496955660,/loadcell_data_filtered.wrench.force.z,280.18407946902204
1.183592727,1785795212.497118165,/loadcell_data_filtered.wrench.force.z,283.546284139973
1.183717328,1785795212.497242766,/loadcell_data_filtered.wrench.force.z,279.86187854967125
1.183853851,1785795212.497379289,/loadcell_data_filtered.wrench.force.z,279.127764891303
1.184057825,1785795212.497583263,/loadcell_data_filtered.wrench.force.z,278.1953362542221
1.184275053,1785795212.497800491,/loadcell_data_filtered.wrench.force.z,278.12742169894
1.184898212,1785795212.498423650,/loadcell_data_filtered.wrench.force.z,277.93729132843424
1.185691446,1785795212.499216884,/loadcell_data_filtered.wrench.force.z,277.80141584267545
1.186011004,1785795212.499536442,/loadcell_data_filtered.wrench.force.z,277.705302493671
1.186221186,1785795212.499746624,/loadcell_data_filtered.wrench.force.z,277.501936799567
1.186930119,1785795212.500455557,/loadcell_data_filtered.wrench.force.z,277.62457514055086
1.187164227,1785795212.500689665,/loadcell_data_filtered.wrench.force.z,277.42561549620046
1.187672011,1785795212.501197449,/loadcell_data_filtered.wrench.force.z,277.1367719632084
1.188074664,1785795212.501600102,/loadcell_data_filtered.wrench.force.z,276.24821515492187
1.188623884,1785795212.502149322,/loadcell_data_filtered.wrench.force.z,270.1590010977634
1.189182065,1785795212.502707503,/loadcell_data_filtered.wrench.force.z,265.5162679449215
1.189627734,1785795212.503153172,/loadcell_data_filtered.wrench.force.z,261.16755953591934
1.190467875,1785795212.503993313,/loadcell_data_filtered.wrench.force.z,257.79332733003633
1.190677059,1785795212.504202497,/loadcell_data_filtered.wrench.force.z,253.93722787717388
1.191241276,1785795212.504766714,/loadcell_data_filtered.wrench.force.z,251.6570148580397
1.191742134,1785795212.505267572,/loadcell_data_filtered.wrench.force.z,250.7036369866877
1.192216834,1785795212.505742272,/loadcell_data_filtered.wrench.force.z,250.2352547192821
1.198463937,1785795212.511989375,/loadcell_data_filtered.wrench.force.z,250.00755864098136
1.199561588,1785795212.513087026,/loadcell_data_filtered.wrench.force.z,249.35781647557786
1.200357395,1785795212.513882833,/loadcell_data_filtered.wrench.force.z,248.86695617267253
1.200833817,1785795212.514359255,/loadcell_data_filtered.wrench.force.z,248.6868801909731
1.201063685,1785795212.514589123,/loadcell_data_filtered.wrench.force.z,252.42317925472886
1.201246994,1785795212.514772432,/loadcell_data_filtered.wrench.force.z,256.4539931546415
1.201418088,1785795212.514943526,/loadcell_data_filtered.wrench.force.z,261.14488117582385
1.201604516,1785795212.515129954,/loadcell_data_filtered.wrench.force.z,264.8395562445459
1.2017797190000001,1785795212.515305157,/loadcell_data_filtered.wrench.force.z,267.3814258047324
1.201959201,1785795212.515484639,/loadcell_data_filtered.wrench.force.z,267.93767505988035
1.202171822,1785795212.515697260,/loadcell_data_filtered.wrench.force.z,269.03508891803256
1.202406301,1785795212.515931739,/loadcell_data_filtered.wrench.force.z,269.096069359141
1.202678532,1785795212.516203970,/loadcell_data_filtered.wrench.force.z,269.03691128788773
1.202883441,1785795212.516408879,/loadcell_data_filtered.wrench.force.z,269.184668895034
1.203078591,1785795212.516604029,/loadcell_data_filtered.wrench.force.z,269.06796621698476
1.203294778,1785795212.516820216,/loadcell_data_filtered.wrench.force.z,268.9040004650179
1.203545335,1785795212.517070773,/loadcell_data_filtered.wrench.force.z,268.73022756594276
1.203772003,1785795212.517297441,/loadcell_data_filtered.wrench.force.z,269.0347973808597
1.203962508,1785795212.517487946,/loadcell_data_filtered.wrench.force.z,269.2450611175995
1.20417977,1785795212.517705208,/loadcell_data_filtered.wrench.force.z,269.6213500016418
1.20465802,1785795212.518183458,/loadcell_data_filtered.wrench.force.z,269.96129875996655
1.205205418,1785795212.518730856,/loadcell_data_filtered.wrench.force.z,264.9789073723908
1.205625495,1785795212.519150933,/loadcell_data_filtered.wrench.force.z,261.912965247047
1.206601429,1785795212.520126867,/loadcell_data_filtered.wrench.force.z,258.40700728632163
1.206868179,1785795212.520393617,/loadcell_data_filtered.wrench.force.z,255.62902817310786
1.207539693,1785795212.521065131,/loadcell_data_filtered.wrench.force.z,252.86023412333807
1.207923228,1785795212.521448666,/loadcell_data_filtered.wrench.force.z,251.4273103764022
1.2083210690000001,1785795212.521846507,/loadcell_data_filtered.wrench.force.z,250.778741881538
1.208858705,1785795212.522384143,/loadcell_data_filtered.wrench.force.z,251.31692534195957
1.209356853,1785795212.522882291,/loadcell_data_filtered.wrench.force.z,252.37252710965487
1.209908121,1785795212.523433559,/loadcell_data_filtered.wrench.force.z,253.34624334856278
1.210581947,1785795212.524107385,/loadcell_data_filtered.wrench.force.z,254.68433908609052
1.211077188,1785795212.524602626,/loadcell_data_filtered.wrench.force.z,255.79891143697805
1.21139185,1785795212.524917288,/loadcell_data_filtered.wrench.force.z,256.20919606313083
1.211718709,1785795212.525244147,/loadcell_data_filtered.wrench.force.z,256.6657682962052
1.212257321,1785795212.525782759,/loadcell_data_filtered.wrench.force.z,257.35312703133866
1.212844279,1785795212.526369717,/loadcell_data_filtered.wrench.force.z,258.047273580329
1.213412005,1785795212.526937443,/loadcell_data_filtered.wrench.force.z,259.30784427561116
1.2158687750000001,1785795212.529394213,/loadcell_data_filtered.wrench.force.z,266.480747721616
1.215880908,1785795212.529406346,/loadcell_data_filtered.wrench.force.z,271.94494812430116
1.216225459,1785795212.529750897,/loadcell_data_filtered.wrench.force.z,276.92120795934517
1.216758621,1785795212.530284059,/loadcell_data_filtered.wrench.force.z,281.3628874096678
1.217131368,1785795212.530656806,/loadcell_data_filtered.wrench.force.z,285.68463146495577
1.217415882,1785795212.530941320,/loadcell_data_filtered.wrench.force.z,288.4773289188713
1.217702793,1785795212.531228231,/loadcell_data_filtered.wrench.force.z,290.54438735815785
1.217998374,1785795212.531523812,/loadcell_data_filtered.wrench.force.z,291.5719217049302
1.221604747,1785795212.535130185,/loadcell_data_filtered.wrench.force.z,292.5107733347398
1.221943808,1785795212.535469246,/loadcell_data_filtered.wrench.force.z,293.4368985898841
1.222232176,1785795212.535757614,/loadcell_data_filtered.wrench.force.z,294.1405317601074
1.222471836,1785795212.535997274,/loadcell_data_filtered.wrench.force.z,295.82011648945723
1.222706619,1785795212.536232057,/loadcell_data_filtered.wrench.force.z,297.0006769610169
1.222925778,1785795212.536451216,/loadcell_data_filtered.wrench.force.z,298.7110108535442
1.223130457,1785795212.536655895,/loadcell_data_filtered.wrench.force.z,297.61347921349585
1.225908953,1785795212.539434391,/loadcell_data_filtered.wrench.force.z,294.0645644818895
1.226291358,1785795212.539816796,/loadcell_data_filtered.wrench.force.z,293.7390830404794
1.226585474,1785795212.540110912,/loadcell_data_filtered.wrench.force.z,288.21067592158437
1.226849086,1785795212.540374524,/loadcell_data_filtered.wrench.force.z,279.7046833658668
1.227134462,1785795212.540659900,/loadcell_data_filtered.wrench.force.z,275.72907436894116
1.22750889,1785795212.541034328,/loadcell_data_filtered.wrench.force.z,273.73450987156383
1.227966436,1785795212.541491874,/loadcell_data_filtered.wrench.force.z,271.56555901055253
1.228342004,1785795212.541867442,/loadcell_data_filtered.wrench.force.z,271.02871436778315
1.2298445390000001,1785795212.543369977,/loadcell_data_filtered.wrench.force.z,271.76622906978156
1.230421642,1785795212.543947080,/loadcell_data_filtered.wrench.force.z,272.84226122624364
1.230928947,1785795212.544454385,/loadcell_data_filtered.wrench.force.z,273.2394823570387
1.231350788,1785795212.544876226,/loadcell_data_filtered.wrench.force.z,272.7726576963978
1.231743722,1785795212.545269160,/loadcell_data_filtered.wrench.force.z,273.25432933420194
1.23206233,1785795212.545587768,/loadcell_data_filtered.wrench.force.z,272.96753960048784
1.23227377,1785795212.545799208,/loadcell_data_filtered.wrench.force.z,272.79804686223497
1.232503623,1785795212.546029061,/loadcell_data_filtered.wrench.force.z,273.1598953974561
1.2328127420000001,1785795212.546338180,/loadcell_data_filtered.wrench.force.z,273.9299922164063
1.2331553720000001,1785795212.546680810,/loadcell_data_filtered.wrench.force.z,274.68047322245116
1.234488054,1785795212.548013492,/loadcell_data_filtered.wrench.force.z,279.98173580024167
1.234501382,1785795212.548026820,/loadcell_data_filtered.wrench.force.z,282.908327988116
1.234504202,1785795212.548029640,/loadcell_data_filtered.wrench.force.z,287.05919026402034
1.23450656,1785795212.548031998,/loadcell_data_filtered.wrench.force.z,290.70307618014596
1.2345089,1785795212.548034338,/loadcell_data_filtered.wrench.force.z,293.8052753796331
1.234783079,1785795212.548308517,/loadcell_data_filtered.wrench.force.z,296.38105654212995
1.23542281,1785795212.548948248,/loadcell_data_filtered.wrench.force.z,297.96883478838623
1.235754707,1785795212.549280145,/loadcell_data_filtered.wrench.force.z,299.123522758702
1.235990732,1785795212.549516170,/loadcell_data_filtered.wrench.force.z,299.3905771944012
1.236197936,1785795212.549723374,/loadcell_data_filtered.wrench.force.z,300.4413461435618
1.23637425,1785795212.549899688,/loadcell_data_filtered.wrench.force.z,301.25885751326547
1.236567021,1785795212.550092459,/loadcell_data_filtered.wrench.force.z,301.9916891394967
1.236736046,1785795212.550261484,/loadcell_data_filtered.wrench.force.z,302.32582146304384
1.236921842,1785795212.550447280,/loadcell_data_filtered.wrench.force.z,302.00515207009056
1.237084109,1785795212.550609547,/loadcell_data_filtered.wrench.force.z,302.5484499175787
1.237438404,1785795212.550963842,/loadcell_data_filtered.wrench.force.z,303.12702519967803
1.239048194,1785795212.552573632,/loadcell_data_filtered.wrench.force.z,303.346731943244
1.2392094120000001,1785795212.552734850,/loadcell_data_filtered.wrench.force.z,297.4930477531133
1.239366499,1785795212.552891937,/loadcell_data_filtered.wrench.force.z,288.96271941979415
1.2395760200000001,1785795212.553101458,/loadcell_data_filtered.wrench.force.z,285.72960582144356
1.239839427,1785795212.553364865,/loadcell_data_filtered.wrench.force.z,282.58911159347355
1.240586359,1785795212.554111797,/loadcell_data_filtered.wrench.force.z,278.8723225040537
1.2418449790000001,1785795212.555370417,/loadcell_data_filtered.wrench.force.z,276.9160336534259
1.242032262,1785795212.555557700,/loadcell_data_filtered.wrench.force.z,275.54041807518433
1.24216818,1785795212.555693618,/loadcell_data_filtered.wrench.force.z,275.6375989371546
1.244301422,1785795212.557826860,/loadcell_data_filtered.wrench.force.z,276.3446278743417
1.244524871,1785795212.558050309,/loadcell_data_filtered.wrench.force.z,276.8306859488507
1.244687339,1785795212.558212777,/loadcell_data_filtered.wrench.force.z,276.9615035238914
1.244836538,1785795212.558361976,/loadcell_data_filtered.wrench.force.z,269.85952837852494
1.24507986,1785795212.558605298,/loadcell_data_filtered.wrench.force.z,270.061320827765
1.2453301620000001,1785795212.558855600,/loadcell_data_filtered.wrench.force.z,268.893482092666
1.245649287,1785795212.559174725,/loadcell_data_filtered.wrench.force.z,268.4731909749479
1.245909846,1785795212.559435284,/loadcell_data_filtered.wrench.force.z,268.14952626701785
1.246415922,1785795212.559941360,/loadcell_data_filtered.wrench.force.z,267.8755379961107
1.246989407,1785795212.560514845,/loadcell_data_filtered.wrench.force.z,273.4777300118704
1.2473450050000001,1785795212.560870443,/loadcell_data_filtered.wrench.force.z,277.6081556117269
1.249631255,1785795212.563156693,/loadcell_data_filtered.wrench.force.z,281.06982492680527
1.249816201,1785795212.563341639,/loadcell_data_filtered.wrench.force.z,283.9514913883162
1.2500412029999999,1785795212.563566641,/loadcell_data_filtered.wrench.force.z,281.63418217566976
1.250314273,1785795212.563839711,/loadcell_data_filtered.wrench.force.z,281.79633642161417
1.250522914,1785795212.564048352,/loadcell_data_filtered.wrench.force.z,281.879513584931
1.251969557,1785795212.565494995,/loadcell_data_filtered.wrench.force.z,282.4642693416639
1.252326651,1785795212.565852089,/loadcell_data_filtered.wrench.force.z,282.4090649341454
1.2525717570000001,1785795212.566097195,/loadcell_data_filtered.wrench.force.z,282.3143126079292
1.252814067,1785795212.566339505,/loadcell_data_filtered.wrench.force.z,282.6493247770245
1.25305294,1785795212.566578378,/loadcell_data_filtered.wrench.force.z,283.0229237805514
1.253289314,1785795212.566814752,/loadcell_data_filtered.wrench.force.z,282.68914453541345
1.253535056,1785795212.567060494,/loadcell_data_filtered.wrench.force.z,282.8321444532512
1.25481247,1785795212.568337908,/loadcell_data_filtered.wrench.force.z,283.0362070042182
1.25511522,1785795212.568640658,/loadcell_data_filtered.wrench.force.z,283.14987639571837
1.25524676,1785795212.568772198,/loadcell_data_filtered.wrench.force.z,281.79145598474275
1.255372235,1785795212.568897673,/loadcell_data_filtered.wrench.force.z,278.17005160179815
1.2557778179999999,1785795212.569303256,/loadcell_data_filtered.wrench.force.z,273.6571950053378
1.256262296,1785795212.569787734,/loadcell_data_filtered.wrench.force.z,269.7986652388789
1.2572475810000001,1785795212.570773019,/loadcell_data_filtered.wrench.force.z,267.26026431196226
1.257403596,1785795212.570929034,/loadcell_data_filtered.wrench.force.z,264.8208166814292
1.257865512,1785795212.571390950,/loadcell_data_filtered.wrench.force.z,263.3665794087439
1.258301517,1785795212.571826955,/loadcell_data_filtered.wrench.force.z,263.3537960204037
1.258961828,1785795212.572487266,/loadcell_data_filtered.wrench.force.z,263.5907919903288
1.259762431,1785795212.573287869,/loadcell_data_filtered.wrench.force.z,264.4583019761554
1.260081495,1785795212.573606933,/loadcell_data_filtered.wrench.force.z,265.14737507946387
1.260380505,1785795212.573905943,/loadcell_data_filtered.wrench.force.z,265.8930689208946
1.260947538,1785795212.574472976,/loadcell_data_filtered.wrench.force.z,266.0315816520756
1.262155241,1785795212.575680679,/loadcell_data_filtered.wrench.force.z,266.0549665764704
1.262169461,1785795212.575694899,/loadcell_data_filtered.wrench.force.z,266.23322366862527
1.262619154,1785795212.576144592,/loadcell_data_filtered.wrench.force.z,266.86501196669343
1.263124408,1785795212.576649846,/loadcell_data_filtered.wrench.force.z,267.3307792874135
1.265520586,1785795212.579046024,/loadcell_data_filtered.wrench.force.z,272.46374737939993
1.267083505,1785795212.580608943,/loadcell_data_filtered.wrench.force.z,277.07895225048685
1.267213702,1785795212.580739140,/loadcell_data_filtered.wrench.force.z,282.4249569636054
1.267354457,1785795212.580879895,/loadcell_data_filtered.wrench.force.z,286.7333295602136
1.2675319090000001,1785795212.581057347,/loadcell_data_filtered.wrench.force.z,291.03025852640104
1.26765225,1785795212.581177688,/loadcell_data_filtered.wrench.force.z,293.93155626845515
1.267790961,1785795212.581316399,/loadcell_data_filtered.wrench.force.z,294.7910351912434
1.267972591,1785795212.581498029,/loadcell_data_filtered.wrench.force.z,290.34010638092155
1.268158275,1785795212.581683713,/loadcell_data_filtered.wrench.force.z,291.2132479418355
1.2683308960000002,1785795212.581856334,/loadcell_data_filtered.wrench.force.z,291.62350954906464
1.268502375,1785795212.582027813,/loadcell_data_filtered.wrench.force.z,292.99524648721854
1.270744533,1785795212.584269971,/loadcell_data_filtered.wrench.force.z,293.1787810713503
1.27087636,1785795212.584401798,/loadcell_data_filtered.wrench.force.z,293.85577169140197
1.270994549,1785795212.584519987,/loadcell_data_filtered.wrench.force.z,294.78728703271673
1.271125357,1785795212.584650795,/loadcell_data_filtered.wrench.force.z,290.1392061243416
1.271242224,1785795212.584767662,/loadcell_data_filtered.wrench.force.z,289.6468968854551
1.27135869,1785795212.584884128,/loadcell_data_filtered.wrench.force.z,289.16655440423256
1.271711141,1785795212.585236579,/loadcell_data_filtered.wrench.force.z,284.17991448350847
1.27228993,1785795212.585815368,/loadcell_data_filtered.wrench.force.z,281.4866259903198
1.27275993,1785795212.586285368,/loadcell_data_filtered.wrench.force.z,278.48460039608483
1.273332406,1785795212.586857844,/loadcell_data_filtered.wrench.force.z,275.80961260188747
1.273911371,1785795212.587436809,/loadcell_data_filtered.wrench.force.z,273.26118499689284
1.274393209,1785795212.587918647,/loadcell_data_filtered.wrench.force.z,272.1200264010384
1.274883271,1785795212.588408709,/loadcell_data_filtered.wrench.force.z,271.30647446730865
1.276688897,1785795212.590214335,/loadcell_data_filtered.wrench.force.z,271.5417977935969
1.276705303,1785795212.590230741,/loadcell_data_filtered.wrench.force.z,272.0850218918796
1.2768521910000001,1785795212.590377629,/loadcell_data_filtered.wrench.force.z,267.5718628296095
1.277260284,1785795212.590785722,/loadcell_data_filtered.wrench.force.z,266.4719612824519
1.278510311,1785795212.592035749,/loadcell_data_filtered.wrench.force.z,266.33081341719185
1.279306625,1785795212.592832063,/loadcell_data_filtered.wrench.force.z,266.6823877840635
1.279827312,1785795212.593352750,/loadcell_data_filtered.wrench.force.z,266.9579718918114
1.280250244,1785795212.593775682,/loadcell_data_filtered.wrench.force.z,267.2333214269026
1.280639511,1785795212.594164949,/loadcell_data_filtered.wrench.force.z,267.53306091024683
1.280994455,1785795212.594519893,/loadcell_data_filtered.wrench.force.z,267.962056121648
1.281158363,1785795212.594683801,/loadcell_data_filtered.wrench.force.z,273.9894824208164
1.2814831340000001,1785795212.595008572,/loadcell_data_filtered.wrench.force.z,279.5628354377465
1.281906046,1785795212.595431484,/loadcell_data_filtered.wrench.force.z,283.152637429573
1.282229996,1785795212.595755434,/loadcell_data_filtered.wrench.force.z,287.2654565680001
1.282583204,1785795212.596108642,/loadcell_data_filtered.wrench.force.z,290.74767147709673
1.283167605,1785795212.596693043,/loadcell_data_filtered.wrench.force.z,292.83024648309396
1.28361757,1785795212.597143008,/loadcell_data_filtered.wrench.force.z,294.1602132169664
1.284818328,1785795212.598343766,/loadcell_data_filtered.wrench.force.z,295.0377512964624
1.285318602,1785795212.598844040,/loadcell_data_filtered.wrench.force.z,295.6508978177635
1.285741802,1785795212.599267240,/loadcell_data_filtered.wrench.force.z,296.33850448709705
1.286047465,1785795212.599572903,/loadcell_data_filtered.wrench.force.z,296.9636263938532
1.286365453,1785795212.599890891,/loadcell_data_filtered.wrench.force.z,297.6451668970259
1.2867095530000001,1785795212.600234991,/loadcell_data_filtered.wrench.force.z,298.1058515219226
1.2870326840000001,1785795212.600558122,/loadcell_data_filtered.wrench.force.z,299.0696495418594
1.287324575,1785795212.600850013,/loadcell_data_filtered.wrench.force.z,299.624808692246
1.287874343,1785795212.601399781,/loadcell_data_filtered.wrench.force.z,299.7399850457094
1.288334945,1785795212.601860383,/loadcell_data_filtered.wrench.force.z,297.19551222693894
1.289910727,1785795212.603436165,/loadcell_data_filtered.wrench.force.z,293.38543395927917
1.290829486,1785795212.604354924,/loadcell_data_filtered.wrench.force.z,289.64708399966673
1.291221011,1785795212.604746449,/loadcell_data_filtered.wrench.force.z,286.53466108366143
1.292081756,1785795212.605607194,/loadcell_data_filtered.wrench.force.z,283.5790991305135
1.29237248,1785795212.605897918,/loadcell_data_filtered.wrench.force.z,281.0104820738425
1.292629891,1785795212.606155329,/loadcell_data_filtered.wrench.force.z,279.9217786853554
1.2928869010000001,1785795212.606412339,/loadcell_data_filtered.wrench.force.z,273.51757824510554
1.293149467,1785795212.606674905,/loadcell_data_filtered.wrench.force.z,273.1511762676783
1.29349941,1785795212.607024848,/loadcell_data_filtered.wrench.force.z,272.69915937079344
1.293965933,1785795212.607491371,/loadcell_data_filtered.wrench.force.z,272.4247124736181
1.294580559,1785795212.608105997,/loadcell_data_filtered.wrench.force.z,271.69070081295575
1.295190717,1785795212.608716155,/loadcell_data_filtered.wrench.force.z,270.9788049606664
1.295722054,1785795212.609247492,/loadcell_data_filtered.wrench.force.z,269.8950297843685
1.2962346,1785795212.609760038,/loadcell_data_filtered.wrench.force.z,268.7550799242005
1.2968653300000001,1785795212.610390768,/loadcell_data_filtered.wrench.force.z,267.57110350560566
1.300364742,1785795212.613890180,/loadcell_data_filtered.wrench.force.z,267.0905967309975
1.300758842,1785795212.614284280,/loadcell_data_filtered.wrench.force.z,271.5741961710697
1.301164936,1785795212.614690374,/loadcell_data_filtered.wrench.force.z,274.1113569173933
1.301598768,1785795212.615124206,/loadcell_data_filtered.wrench.force.z,277.62936243845456
1.302059619,1785795212.615585057,/loadcell_data_filtered.wrench.force.z,280.60486651601633
1.302510176,1785795212.616035614,/loadcell_data_filtered.wrench.force.z,282.9601970437854
1.302893526,1785795212.616418964,/loadcell_data_filtered.wrench.force.z,284.2609730811511
1.30322879,1785795212.616754228,/loadcell_data_filtered.wrench.force.z,285.21411387415174
1.303608721,1785795212.617134159,/loadcell_data_filtered.wrench.force.z,285.0222076966608
1.3040632269999999,1785795212.617588665,/loadcell_data_filtered.wrench.force.z,284.0105788395996
1.304536531,1785795212.618061969,/loadcell_data_filtered.wrench.force.z,282.5945135061868
1.305020319,1785795212.618545757,/loadcell_data_filtered.wrench.force.z,281.62351252173323
1.305477188,1785795212.619002626,/loadcell_data_filtered.wrench.force.z,281.0247365571144
1.305855322,1785795212.619380760,/loadcell_data_filtered.wrench.force.z,280.401798684316
1.3061571490000001,1785795212.619682587,/loadcell_data_filtered.wrench.force.z,279.8017165844747
1.306407454,1785795212.619932892,/loadcell_data_filtered.wrench.force.z,279.64839375351215
1.30667287,1785795212.620198308,/loadcell_data_filtered.wrench.force.z,279.600103716229
1.306923962,1785795212.620449400,/loadcell_data_filtered.wrench.force.z,279.3430891084329
1.3072331799999999,1785795212.620758618,/loadcell_data_filtered.wrench.force.z,273.8020679058913
1.307504167,1785795212.621029605,/loadcell_data_filtered.wrench.force.z,270.0185238844498
1.307743029,1785795212.621268467,/loadcell_data_filtered.wrench.force.z,266.52570291506214
1.30797155,1785795212.621496988,/loadcell_data_filtered.wrench.force.z,263.4854078967835
1.308279825,1785795212.621805263,/loadcell_data_filtered.wrench.force.z,260.92901897499166
1.3086494929999999,1785795212.622174931,/loadcell_data_filtered.wrench.force.z,259.7533654126049
1.308983594,1785795212.622509032,/loadcell_data_filtered.wrench.force.z,258.87915009072435
1.3093722269999999,1785795212.622897665,/loadcell_data_filtered.wrench.force.z,259.0701729137361
1.309752943,1785795212.623278381,/loadcell_data_filtered.wrench.force.z,259.64528668648313
1.313043678,1785795212.626569116,/loadcell_data_filtered.wrench.force.z,260.2307038775725
1.313438853,1785795212.626964291,/loadcell_data_filtered.wrench.force.z,260.7681885382308
1.313781842,1785795212.627307280,/loadcell_data_filtered.wrench.force.z,261.54535488672417
1.314057225,1785795212.627582663,/loadcell_data_filtered.wrench.force.z,260.542622597083
1.314333622,1785795212.627859060,/loadcell_data_filtered.wrench.force.z,255.54992370915417
1.3146122230000001,1785795212.628137661,/loadcell_data_filtered.wrench.force.z,256.3074725422061
1.314920985,1785795212.628446423,/loadcell_data_filtered.wrench.force.z,255.45160819285655
1.31518686,1785795212.628712298,/loadcell_data_filtered.wrench.force.z,256.41871201140214
1.315432973,1785795212.628958411,/loadcell_data_filtered.wrench.force.z,262.3930802895379
1.315700496,1785795212.629225934,/loadcell_data_filtered.wrench.force.z,267.42955624650386
1.315948548,1785795212.629473986,/loadcell_data_filtered.wrench.force.z,271.39698878072096
1.316202554,1785795212.629727992,/loadcell_data_filtered.wrench.force.z,274.65275541392947
1.316468973,1785795212.629994411,/loadcell_data_filtered.wrench.force.z,278.0933294144862
1.316741383,1785795212.630266821,/loadcell_data_filtered.wrench.force.z,279.5875474302936
1.31699549,1785795212.630520928,/loadcell_data_filtered.wrench.force.z,281.0211513388862
1.317655533,1785795212.631180971,/loadcell_data_filtered.wrench.force.z,281.1522824141316
1.318228886,1785795212.631754324,/loadcell_data_filtered.wrench.force.z,281.5985090595804
1.318621949,1785795212.632147387,/loadcell_data_filtered.wrench.force.z,283.050864363692
1.318766628,1785795212.632292066,/loadcell_data_filtered.wrench.force.z,283.0307108006486
1.319881036,1785795212.633406474,/loadcell_data_filtered.wrench.force.z,283.4741713397927
1.320584083,1785795212.634109521,/loadcell_data_filtered.wrench.force.z,284.0281071400055
1.321113251,1785795212.634638689,/loadcell_data_filtered.wrench.force.z,284.5560159414686
1.32274769,1785795212.636273128,/loadcell_data_filtered.wrench.force.z,285.24805134704786
1.323016022,1785795212.636541460,/loadcell_data_filtered.wrench.force.z,285.79886185341695
1.3231801,1785795212.636705538,/loadcell_data_filtered.wrench.force.z,282.90435521932585
1.3233296650000002,1785795212.636855103,/loadcell_data_filtered.wrench.force.z,280.75496676709565
1.3234917670000002,1785795212.637017205,/loadcell_data_filtered.wrench.force.z,277.9807472840548
1.323642709,1785795212.637168147,/loadcell_data_filtered.wrench.force.z,275.431005286964
1.323772948,1785795212.637298386,/loadcell_data_filtered.wrench.force.z,272.65967812931166
1.324203068,1785795212.637728506,/loadcell_data_filtered.wrench.force.z,271.07502097842035
1.324705069,1785795212.638230507,/loadcell_data_filtered.wrench.force.z,270.91208379014597
1.325199654,1785795212.638725092,/loadcell_data_filtered.wrench.force.z,271.3992653865196
1.325558176,1785795212.639083614,/loadcell_data_filtered.wrench.force.z,272.42073837974897
1.326045901,1785795212.639571339,/loadcell_data_filtered.wrench.force.z,274.1117043207063
1.3271183610000001,1785795212.640643799,/loadcell_data_filtered.wrench.force.z,274.60414686234634
1.32775603,1785795212.641281468,/loadcell_data_filtered.wrench.force.z,275.7992843665167
1.328234036,1785795212.641759474,/loadcell_data_filtered.wrench.force.z,276.93864593501024
1.328689882,1785795212.642215320,/loadcell_data_filtered.wrench.force.z,277.5983639685509
1.329217137,1785795212.642742575,/loadcell_data_filtered.wrench.force.z,278.3501724489412
1.32976862,1785795212.643294058,/loadcell_data_filtered.wrench.force.z,279.31979114430544
1.3311908030000001,1785795212.644716241,/loadcell_data_filtered.wrench.force.z,279.9572397076887
1.33180319,1785795212.645328628,/loadcell_data_filtered.wrench.force.z,286.2194041959143
1.332301219,1785795212.645826657,/loadcell_data_filtered.wrench.force.z,291.24230642595694
1.332756239,1785795212.646281677,/loadcell_data_filtered.wrench.force.z,296.31340781509175
1.3331084290000002,1785795212.646633867,/loadcell_data_filtered.wrench.force.z,300.1296235190699
1.333384665,1785795212.646910103,/loadcell_data_filtered.wrench.force.z,303.5187351148568
1.33368305,1785795212.647208488,/loadcell_data_filtered.wrench.force.z,306.0617652104163
1.3339628860000001,1785795212.647488324,/loadcell_data_filtered.wrench.force.z,308.25520238479055
1.334175787,1785795212.647701225,/loadcell_data_filtered.wrench.force.z,308.92282193519753
1.334402136,1785795212.647927574,/loadcell_data_filtered.wrench.force.z,309.5891740432313
1.334666422,1785795212.648191860,/loadcell_data_filtered.wrench.force.z,310.2575749531018
1.335641243,1785795212.649166681,/loadcell_data_filtered.wrench.force.z,310.7886341184302
1.336748517,1785795212.650273955,/loadcell_data_filtered.wrench.force.z,311.0168925427447
1.337039271,1785795212.650564709,/loadcell_data_filtered.wrench.force.z,311.91575728608467
1.337287149,1785795212.650812587,/loadcell_data_filtered.wrench.force.z,312.106308514391
1.339738469,1785795212.653263907,/loadcell_data_filtered.wrench.force.z,312.7195823436355
1.340066806,1785795212.653592244,/loadcell_data_filtered.wrench.force.z,311.4658598033049
1.3403367830000001,1785795212.653862221,/loadcell_data_filtered.wrench.force.z,311.81077033292155
1.3406642500000001,1785795212.654189688,/loadcell_data_filtered.wrench.force.z,306.0475134618186
1.341019481,1785795212.654544919,/loadcell_data_filtered.wrench.force.z,295.48559970067504
1.341250952,1785795212.654776390,/loadcell_data_filtered.wrench.force.z,291.70040666007105
1.341470094,1785795212.654995532,/loadcell_data_filtered.wrench.force.z,287.73180490716607
1.341736058,1785795212.655261496,/loadcell_data_filtered.wrench.force.z,284.94764491674505
1.34210482,1785795212.655630258,/loadcell_data_filtered.wrench.force.z,283.0691259731784
1.342297998,1785795212.655823436,/loadcell_data_filtered.wrench.force.z,281.59605038860013
1.342597184,1785795212.656122622,/loadcell_data_filtered.wrench.force.z,281.0226404961795
1.342864129,1785795212.656389567,/loadcell_data_filtered.wrench.force.z,281.19681179365205
1.34409368,1785795212.657619118,/loadcell_data_filtered.wrench.force.z,281.0441434411263
1.344375016,1785795212.657900454,/loadcell_data_filtered.wrench.force.z,280.6619504800993
1.344556884,1785795212.658082322,/loadcell_data_filtered.wrench.force.z,273.60036811913824
1.344717262,1785795212.658242700,/loadcell_data_filtered.wrench.force.z,273.6979082929219
1.3471400629999999,1785795212.660665501,/loadcell_data_filtered.wrench.force.z,272.71591884731686
1.347666178,1785795212.661191616,/loadcell_data_filtered.wrench.force.z,272.4137332084061
1.348005266,1785795212.661530704,/loadcell_data_filtered.wrench.force.z,272.1265104393528
1.348319852,1785795212.661845290,/loadcell_data_filtered.wrench.force.z,266.7817849615475
1.348919212,1785795212.662444650,/loadcell_data_filtered.wrench.force.z,272.56032045910604
1.349184753,1785795212.662710191,/loadcell_data_filtered.wrench.force.z,276.27284123797915
1.349554917,1785795212.663080355,/loadcell_data_filtered.wrench.force.z,279.43375220675733
1.349842564,1785795212.663368002,/loadcell_data_filtered.wrench.force.z,282.1979256541935
1.350105297,1785795212.663630735,/loadcell_data_filtered.wrench.force.z,284.7380554519801
1.350461254,1785795212.663986692,/loadcell_data_filtered.wrench.force.z,286.31940628728046
1.351527342,1785795212.665052780,/loadcell_data_filtered.wrench.force.z,286.77155945853303
1.351732083,1785795212.665257521,/loadcell_data_filtered.wrench.force.z,287.31257890611835
1.3518936830000001,1785795212.665419121,/loadcell_data_filtered.wrench.force.z,288.225683381707
1.353194972,1785795212.666720410,/loadcell_data_filtered.wrench.force.z,289.15143611397525
1.353397876,1785795212.666923314,/loadcell_data_filtered.wrench.force.z,290.03251930306624
1.353819166,1785795212.667344604,/loadcell_data_filtered.wrench.force.z,291.05901599822516
1.353944279,1785795212.667469717,/loadcell_data_filtered.wrench.force.z,291.8863948817704
1.354071928,1785795212.667597366,/loadcell_data_filtered.wrench.force.z,292.74452694126245
1.354195858,1785795212.667721296,/loadcell_data_filtered.wrench.force.z,292.87306078500876
1.354433603,1785795212.667959041,/loadcell_data_filtered.wrench.force.z,293.2416159480713
1.354822372,1785795212.668347810,/loadcell_data_filtered.wrench.force.z,288.53477089177005
1.35542495,1785795212.668950388,/loadcell_data_filtered.wrench.force.z,285.60105039732645
1.356321227,1785795212.669846665,/loadcell_data_filtered.wrench.force.z,282.08111391139414
1.356834,1785795212.670359438,/loadcell_data_filtered.wrench.force.z,279.1087442844935
1.358025641,1785795212.671551079,/loadcell_data_filtered.wrench.force.z,276.9239456980342
1.35838602,1785795212.671911458,/loadcell_data_filtered.wrench.force.z,275.1302548162751
1.3587209900000001,1785795212.672246428,/loadcell_data_filtered.wrench.force.z,274.31184990626514
1.360701174,1785795212.674226612,/loadcell_data_filtered.wrench.force.z,274.85384317630115
1.361095502,1785795212.674620940,/loadcell_data_filtered.wrench.force.z,274.73141247708236
1.361411506,1785795212.674936944,/loadcell_data_filtered.wrench.force.z,275.4518839371097
1.361754887,1785795212.675280325,/loadcell_data_filtered.wrench.force.z,271.1123112177486
1.3620410010000001,1785795212.675566439,/loadcell_data_filtered.wrench.force.z,269.03153548179813
1.3623589470000002,1785795212.675884385,/loadcell_data_filtered.wrench.force.z,269.01714761449745
1.362821007,1785795212.676346445,/loadcell_data_filtered.wrench.force.z,268.0518505863383
1.363139762,1785795212.676665200,/loadcell_data_filtered.wrench.force.z,268.1652876851053
1.363442931,1785795212.676968369,/loadcell_data_filtered.wrench.force.z,267.9731727723666
1.363788171,1785795212.677313609,/loadcell_data_filtered.wrench.force.z,268.0753073175688
1.3640927010000001,1785795212.677618139,/loadcell_data_filtered.wrench.force.z,273.91373776334564
1.364388073,1785795212.677913511,/loadcell_data_filtered.wrench.force.z,277.51890980500866
1.36479031,1785795212.678315748,/loadcell_data_filtered.wrench.force.z,281.67324211345044
1.365076997,1785795212.678602435,/loadcell_data_filtered.wrench.force.z,285.2642464765196
1.365534628,1785795212.679060066,/loadcell_data_filtered.wrench.force.z,287.8200026682498
1.366526243,1785795212.680051681,/loadcell_data_filtered.wrench.force.z,289.4819992246219
1.36678431,1785795212.680309748,/loadcell_data_filtered.wrench.force.z,290.81473600290525
1.36699942,1785795212.680524858,/loadcell_data_filtered.wrench.force.z,291.6252468490196
1.367374766,1785795212.680900204,/loadcell_data_filtered.wrench.force.z,291.8105774540326
1.370701278,1785795212.684226716,/loadcell_data_filtered.wrench.force.z,292.15325650254164
1.370918239,1785795212.684443677,/loadcell_data_filtered.wrench.force.z,292.56704417442734
1.371061289,1785795212.684586727,/loadcell_data_filtered.wrench.force.z,293.5857789778069
1.371207486,1785795212.684732924,/loadcell_data_filtered.wrench.force.z,294.749685678781
1.371337417,1785795212.684862855,/loadcell_data_filtered.wrench.force.z,295.7501105656078
1.371482847,1785795212.685008285,/loadcell_data_filtered.wrench.force.z,296.4763039343812
1.371607632,1785795212.685133070,/loadcell_data_filtered.wrench.force.z,297.2263929035708
1.371775616,1785795212.685301054,/loadcell_data_filtered.wrench.force.z,296.2904074181851
1.371908273,1785795212.685433711,/loadcell_data_filtered.wrench.force.z,290.1697215048529
1.372343772,1785795212.685869210,/loadcell_data_filtered.wrench.force.z,286.164075525349
1.372799777,1785795212.686325215,/loadcell_data_filtered.wrench.force.z,282.7894277902422
1.374284323,1785795212.687809761,/loadcell_data_filtered.wrench.force.z,280.63944922594123
1.3746771930000001,1785795212.688202631,/loadcell_data_filtered.wrench.force.z,278.332019502018
1.374931339,1785795212.688456777,/loadcell_data_filtered.wrench.force.z,277.79964699337137
1.375136073,1785795212.688661511,/loadcell_data_filtered.wrench.force.z,277.33584888897445
1.375341345,1785795212.688866783,/loadcell_data_filtered.wrench.force.z,278.410705054355
1.376059768,1785795212.689585206,/loadcell_data_filtered.wrench.force.z,279.4799703938955
1.376571985,1785795212.690097423,/loadcell_data_filtered.wrench.force.z,280.0957203582038
1.377090385,1785795212.690615823,/loadcell_data_filtered.wrench.force.z,280.1479127163308
1.377820069,1785795212.691345507,/loadcell_data_filtered.wrench.force.z,280.4974373348168
1.3780345760000001,1785795212.691560014,/loadcell_data_filtered.wrench.force.z,280.8068351482074
1.378380435,1785795212.691905873,/loadcell_data_filtered.wrench.force.z,281.6389056692821
1.378958269,1785795212.692483707,/loadcell_data_filtered.wrench.force.z,282.0396410395252
1.379482845,1785795212.693008283,/loadcell_data_filtered.wrench.force.z,282.4216055685722
1.380202546,1785795212.693727984,/loadcell_data_filtered.wrench.force.z,285.20025800028156
1.381893885,1785795212.695419323,/loadcell_data_filtered.wrench.force.z,291.15926638550656
1.382197219,1785795212.695722657,/loadcell_data_filtered.wrench.force.z,296.1937900075899
1.3824937130000001,1785795212.696019151,/loadcell_data_filtered.wrench.force.z,295.60798063253316
1.382755055,1785795212.696280493,/loadcell_data_filtered.wrench.force.z,297.933015033254
1.382957619,1785795212.696483057,/loadcell_data_filtered.wrench.force.z,300.8696811654524
1.383136025,1785795212.696661463,/loadcell_data_filtered.wrench.force.z,302.59007523717514
1.383430088,1785795212.696955526,/loadcell_data_filtered.wrench.force.z,303.52587788824906
1.383961668,1785795212.697487106,/loadcell_data_filtered.wrench.force.z,304.0989233606481
1.3843077560000001,1785795212.697833194,/loadcell_data_filtered.wrench.force.z,304.88115165846483
1.38490699,1785795212.698432428,/loadcell_data_filtered.wrench.force.z,305.5088702200443
1.385243485,1785795212.698768923,/loadcell_data_filtered.wrench.force.z,306.20273497560135
1.385708914,1785795212.699234352,/loadcell_data_filtered.wrench.force.z,306.5339349680586
1.386564613,1785795212.700090051,/loadcell_data_filtered.wrench.force.z,306.99676193196626
1.3869022069999999,1785795212.700427645,/loadcell_data_filtered.wrench.force.z,307.22242195274396
1.3873712120000001,1785795212.700896650,/loadcell_data_filtered.wrench.force.z,307.30056385259655
1.387904963,1785795212.701430401,/loadcell_data_filtered.wrench.force.z,307.4685452106038
1.388303376,1785795212.701828814,/loadcell_data_filtered.wrench.force.z,303.0822391241786
1.38906779,1785795212.702593228,/loadcell_data_filtered.wrench.force.z,299.6822603366177
1.389658925,1785795212.703184363,/loadcell_data_filtered.wrench.force.z,295.3818387307973
1.38985812,1785795212.703383558,/loadcell_data_filtered.wrench.force.z,292.0959165394693
1.390175786,1785795212.703701224,/loadcell_data_filtered.wrench.force.z,289.08098426009684
1.391511049,1785795212.705036487,/loadcell_data_filtered.wrench.force.z,286.7199684977049
1.391828275,1785795212.705353713,/loadcell_data_filtered.wrench.force.z,285.08692139097957
1.392048044,1785795212.705573482,/loadcell_data_filtered.wrench.force.z,285.24398231840286
1.392260808,1785795212.705786246,/loadcell_data_filtered.wrench.force.z,284.95341890138974
1.392803422,1785795212.706328860,/loadcell_data_filtered.wrench.force.z,284.8674738514063
1.393254298,1785795212.706779736,/loadcell_data_filtered.wrench.force.z,284.65264273962185
1.394129793,1785795212.707655231,/loadcell_data_filtered.wrench.force.z,284.4240358600505
1.394594126,1785795212.708119564,/loadcell_data_filtered.wrench.force.z,283.98797650380567
1.394876271,1785795212.708401709,/loadcell_data_filtered.wrench.force.z,283.73189048597584
1.395290995,1785795212.708816433,/loadcell_data_filtered.wrench.force.z,283.6875585079117
1.3960359310000001,1785795212.709561369,/loadcell_data_filtered.wrench.force.z,283.5752234778522
1.396635902,1785795212.710161340,/loadcell_data_filtered.wrench.force.z,283.7856228625977
1.397048968,1785795212.710574406,/loadcell_data_filtered.wrench.force.z,289.53988477430374
1.397608607,1785795212.711134045,/loadcell_data_filtered.wrench.force.z,293.3604128731819
1.399334711,1785795212.712860149,/loadcell_data_filtered.wrench.force.z,297.36021584857184
1.401869068,1785795212.715394506,/loadcell_data_filtered.wrench.force.z,300.6365917845366
1.402322059,1785795212.715847497,/loadcell_data_filtered.wrench.force.z,303.8638206451963
1.402684338,1785795212.716209776,/loadcell_data_filtered.wrench.force.z,305.79959827658035
1.403088777,1785795212.716614215,/loadcell_data_filtered.wrench.force.z,307.04416999403486
1.403496352,1785795212.717021790,/loadcell_data_filtered.wrench.force.z,307.835328643037
1.40390533,1785795212.717430768,/loadcell_data_filtered.wrench.force.z,308.60352560221025
1.4042951590000001,1785795212.717820597,/loadcell_data_filtered.wrench.force.z,309.51339666722157
1.404721213,1785795212.718246651,/loadcell_data_filtered.wrench.force.z,310.08128548107004
1.405150285,1785795212.718675723,/loadcell_data_filtered.wrench.force.z,309.6745090381983
1.405354883,1785795212.718880321,/loadcell_data_filtered.wrench.force.z,309.0780878879838
1.405536236,1785795212.719061674,/loadcell_data_filtered.wrench.force.z,309.35312946740726
1.405786178,1785795212.719311616,/loadcell_data_filtered.wrench.force.z,309.2335830540952
1.406353617,1785795212.719879055,/loadcell_data_filtered.wrench.force.z,309.25033484238696
1.406576474,1785795212.720101912,/loadcell_data_filtered.wrench.force.z,309.16283854226293
1.406758125,1785795212.720283563,/loadcell_data_filtered.wrench.force.z,303.6618124744713
1.4070265320000002,1785795212.720551970,/loadcell_data_filtered.wrench.force.z,299.9321815560494
1.4073446330000001,1785795212.720870071,/loadcell_data_filtered.wrench.force.z,296.51372409657677
1.407655826,1785795212.721181264,/loadcell_data_filtered.wrench.force.z,292.36720615013974
1.40791181,1785795212.721437248,/loadcell_data_filtered.wrench.force.z,289.2165526523852
1.4081912760000002,1785795212.721716714,/loadcell_data_filtered.wrench.force.z,287.58969347178567
1.408448987,1785795212.721974425,/loadcell_data_filtered.wrench.force.z,286.7213457754296
1.408870091,1785795212.722395529,/loadcell_data_filtered.wrench.force.z,285.9870914992333
1.409220254,1785795212.722745692,/loadcell_data_filtered.wrench.force.z,285.6372340240654
1.40996207,1785795212.723487508,/loadcell_data_filtered.wrench.force.z,285.37035136297044
1.410369795,1785795212.723895233,/loadcell_data_filtered.wrench.force.z,284.6493978442249
1.410856335,1785795212.724381773,/loadcell_data_filtered.wrench.force.z,283.6324488842853
1.411280589,1785795212.724806027,/loadcell_data_filtered.wrench.force.z,282.84313761561657
1.411978166,1785795212.725503604,/loadcell_data_filtered.wrench.force.z,281.89738606302666
1.412715643,1785795212.726241081,/loadcell_data_filtered.wrench.force.z,281.3402290402591
1.4130477510000001,1785795212.726573189,/loadcell_data_filtered.wrench.force.z,280.7806480586874
1.41334558,1785795212.726871018,/loadcell_data_filtered.wrench.force.z,283.8093016373737
1.413753751,1785795212.727279189,/loadcell_data_filtered.wrench.force.z,287.5235679255381
1.414235554,1785795212.727760992,/loadcell_data_filtered.wrench.force.z,291.57118693155013
1.415277699,1785795212.728803137,/loadcell_data_filtered.wrench.force.z,294.8167688799965
1.415595652,1785795212.729121090,/loadcell_data_filtered.wrench.force.z,297.8094252607843
1.4158235430000001,1785795212.729348981,/loadcell_data_filtered.wrench.force.z,299.9517559191987
1.416352141,1785795212.729877579,/loadcell_data_filtered.wrench.force.z,301.0484149502539
1.418647937,1785795212.732173375,/loadcell_data_filtered.wrench.force.z,301.69206928725714
1.41919788,1785795212.732723318,/loadcell_data_filtered.wrench.force.z,301.8010545825179
1.419650367,1785795212.733175805,/loadcell_data_filtered.wrench.force.z,302.4432836738224
1.420038786,1785795212.733564224,/loadcell_data_filtered.wrench.force.z,303.21660095139356
1.420493993,1785795212.734019431,/loadcell_data_filtered.wrench.force.z,304.2287424799862
1.420840765,1785795212.734366203,/loadcell_data_filtered.wrench.force.z,304.1539380616534
1.421114753,1785795212.734640191,/loadcell_data_filtered.wrench.force.z,304.6235335599051
1.421386881,1785795212.734912319,/loadcell_data_filtered.wrench.force.z,298.6665865145236
1.421657451,1785795212.735182889,/loadcell_data_filtered.wrench.force.z,299.217856678397
1.4218970610000001,1785795212.735422499,/loadcell_data_filtered.wrench.force.z,299.2736525180979
1.42208964,1785795212.735615078,/loadcell_data_filtered.wrench.force.z,294.67928106987847
1.4248547010000001,1785795212.738380139,/loadcell_data_filtered.wrench.force.z,292.3235304718368
1.425179063,1785795212.738704501,/loadcell_data_filtered.wrench.force.z,289.12366157293354
1.425415522,1785795212.738940960,/loadcell_data_filtered.wrench.force.z,287.22894255238504
1.425776874,1785795212.739302312,/loadcell_data_filtered.wrench.force.z,285.8603416245869
1.426044581,1785795212.739570019,/loadcell_data_filtered.wrench.force.z,285.44618893420466
1.427047945,1785795212.740573383,/loadcell_data_filtered.wrench.force.z,285.3085413339035
1.427438253,1785795212.740963691,/loadcell_data_filtered.wrench.force.z,286.41664716059705
1.427690862,1785795212.741216300,/loadcell_data_filtered.wrench.force.z,286.5204116842036
1.427868545,1785795212.741393983,/loadcell_data_filtered.wrench.force.z,285.5864224593108
1.428078083,1785795212.741603521,/loadcell_data_filtered.wrench.force.z,281.3862935345338
1.428298908,1785795212.741824346,/loadcell_data_filtered.wrench.force.z,282.0932973558486
1.428703456,1785795212.742228894,/loadcell_data_filtered.wrench.force.z,281.44616995300964
1.428960288,1785795212.742485726,/loadcell_data_filtered.wrench.force.z,281.5916104542601
1.429380089,1785795212.742905527,/loadcell_data_filtered.wrench.force.z,281.90489013226596
1.429801574,1785795212.743327012,/loadcell_data_filtered.wrench.force.z,282.5539672628209
1.430176376,1785795212.743701814,/loadcell_data_filtered.wrench.force.z,283.07309180132984
1.430695799,1785795212.744221237,/loadcell_data_filtered.wrench.force.z,289.29271272802316
1.431161934,1785795212.744687372,/loadcell_data_filtered.wrench.force.z,293.78674268569625
1.431601442,1785795212.745126880,/loadcell_data_filtered.wrench.force.z,298.20839217534643
1.431967271,1785795212.745492709,/loadcell_data_filtered.wrench.force.z,301.9060710603558
1.432333611,1785795212.745859049,/loadcell_data_filtered.wrench.force.z,305.35012702533095
1.43279175,1785795212.746317188,/loadcell_data_filtered.wrench.force.z,306.369076708291
1.433195986,1785795212.746721424,/loadcell_data_filtered.wrench.force.z,308.14050033995613
1.433679852,1785795212.747205290,/loadcell_data_filtered.wrench.force.z,309.3043772289162
1.434436659,1785795212.747962097,/loadcell_data_filtered.wrench.force.z,310.3513892585269
1.434649003,1785795212.748174441,/loadcell_data_filtered.wrench.force.z,311.0993377491053
1.435255739,1785795212.748781177,/loadcell_data_filtered.wrench.force.z,311.7244117348583
1.436040904,1785795212.749566342,/loadcell_data_filtered.wrench.force.z,312.6415224943739
1.436172519,1785795212.749697957,/loadcell_data_filtered.wrench.force.z,313.1455193767416
1.436442629,1785795212.749968067,/loadcell_data_filtered.wrench.force.z,314.117169452472
1.437953512,1785795212.751478950,/loadcell_data_filtered.wrench.force.z,314.6581511899325
1.439300234,1785795212.752825672,/loadcell_data_filtered.wrench.force.z,315.01492142311207
1.439423818,1785795212.752949256,/loadcell_data_filtered.wrench.force.z,315.3495806778447
1.4398873760000002,1785795212.753412814,/loadcell_data_filtered.wrench.force.z,311.1355225657235
1.442044034,1785795212.755569472,/loadcell_data_filtered.wrench.force.z,307.9739762434863
1.442390085,1785795212.755915523,/loadcell_data_filtered.wrench.force.z,305.46904850841406
1.442632023,1785795212.756157461,/loadcell_data_filtered.wrench.force.z,303.32316738588156
1.442875201,1785795212.756400639,/loadcell_data_filtered.wrench.force.z,301.8465731281002
1.443195782,1785795212.756721220,/loadcell_data_filtered.wrench.force.z,300.40113983678555
1.443592186,1785795212.757117624,/loadcell_data_filtered.wrench.force.z,294.31371691682756
1.444004447,1785795212.757529885,/loadcell_data_filtered.wrench.force.z,295.68728006118425
1.444561479,1785795212.758086917,/loadcell_data_filtered.wrench.force.z,296.2102604574637
1.445113085,1785795212.758638523,/loadcell_data_filtered.wrench.force.z,297.1436852536431
1.445687109,1785795212.759212547,/loadcell_data_filtered.wrench.force.z,297.8465811234481
1.446176147,1785795212.759701585,/loadcell_data_filtered.wrench.force.z,298.4335917399965
1.4466908090000001,1785795212.760216247,/loadcell_data_filtered.wrench.force.z,298.8477935109781
1.447113279,1785795212.760638717,/loadcell_data_filtered.wrench.force.z,299.0858199296351
1.447493749,1785795212.761019187,/loadcell_data_filtered.wrench.force.z,299.3628552275301
1.447913113,1785795212.761438551,/loadcell_data_filtered.wrench.force.z,299.7289394548645
1.448294805,1785795212.761820243,/loadcell_data_filtered.wrench.force.z,303.9227077395967
1.448596517,1785795212.762121955,/loadcell_data_filtered.wrench.force.z,308.2196830413205
1.449423801,1785795212.762949239,/loadcell_data_filtered.wrench.force.z,312.5806586824803
1.4499530520000001,1785795212.763478490,/loadcell_data_filtered.wrench.force.z,316.85801635017685
1.450318577,1785795212.763844015,/loadcell_data_filtered.wrench.force.z,319.9014280487369
1.450718859,1785795212.764244297,/loadcell_data_filtered.wrench.force.z,322.4126685082586
1.451100243,1785795212.764625681,/loadcell_data_filtered.wrench.force.z,324.24626216820127
1.45155901,1785795212.765084448,/loadcell_data_filtered.wrench.force.z,323.85897405094084
1.451996421,1785795212.765521859,/loadcell_data_filtered.wrench.force.z,323.9486997042515
1.4524131040000001,1785795212.765938542,/loadcell_data_filtered.wrench.force.z,324.1221113588439
1.45281338,1785795212.766338818,/loadcell_data_filtered.wrench.force.z,323.96361417015265
1.453249585,1785795212.766775023,/loadcell_data_filtered.wrench.force.z,323.81894219365597
1.453637085,1785795212.767162523,/loadcell_data_filtered.wrench.force.z,323.5497703211378
1.457770061,1785795212.771295499,/loadcell_data_filtered.wrench.force.z,323.32380452771685
1.458122041,1785795212.771647479,/loadcell_data_filtered.wrench.force.z,322.8262409373501
1.458353728,1785795212.771879166,/loadcell_data_filtered.wrench.force.z,323.1448616319107
1.458701144,1785795212.772226582,/loadcell_data_filtered.wrench.force.z,322.9335451634015
1.458907139,1785795212.772432577,/loadcell_data_filtered.wrench.force.z,317.89291941871676
1.4591022790000001,1785795212.772627717,/loadcell_data_filtered.wrench.force.z,315.0865665824742
1.45929544,1785795212.772820878,/loadcell_data_filtered.wrench.force.z,311.37634543900765
1.4594893820000001,1785795212.773014820,/loadcell_data_filtered.wrench.force.z,308.32753590668057
1.459682675,1785795212.773208113,/loadcell_data_filtered.wrench.force.z,298.1326600637095
1.459870147,1785795212.773395585,/loadcell_data_filtered.wrench.force.z,296.4526396792848
1.46005283,1785795212.773578268,/loadcell_data_filtered.wrench.force.z,293.38387319594153
1.460403238,1785795212.773928676,/loadcell_data_filtered.wrench.force.z,292.6996709662528
1.46041946,1785795212.773944898,/loadcell_data_filtered.wrench.force.z,292.50328778256534
1.4606372140000001,1785795212.774162652,/loadcell_data_filtered.wrench.force.z,292.99410268074837
1.4608195080000002,1785795212.774344946,/loadcell_data_filtered.wrench.force.z,293.40175370895696
1.460993013,1785795212.774518451,/loadcell_data_filtered.wrench.force.z,293.03238816428666
1.4611618480000002,1785795212.774687286,/loadcell_data_filtered.wrench.force.z,291.99113801208864
1.461660755,1785795212.775186193,/loadcell_data_filtered.wrench.force.z,291.5205755242877
1.462071945,1785795212.775597383,/loadcell_data_filtered.wrench.force.z,291.1438479088725
1.462646458,1785795212.776171896,/loadcell_data_filtered.wrench.force.z,290.18831484538856
1.463076078,1785795212.776601516,/loadcell_data_filtered.wrench.force.z,289.50992629305415
1.4634281260000002,1785795212.776953564,/loadcell_data_filtered.wrench.force.z,295.0715358014312
1.463993005,1785795212.777518443,/loadcell_data_filtered.wrench.force.z,299.3496899987862
1.464554352,1785795212.778079790,/loadcell_data_filtered.wrench.force.z,302.9224745118049
1.465015843,1785795212.778541281,/loadcell_data_filtered.wrench.force.z,306.0239382277831
1.466643095,1785795212.780168533,/loadcell_data_filtered.wrench.force.z,308.7653796161071
1.466797314,1785795212.780322752,/loadcell_data_filtered.wrench.force.z,309.9569217071627
1.466942645,1785795212.780468083,/loadcell_data_filtered.wrench.force.z,304.0201207859773
1.467085201,1785795212.780610639,/loadcell_data_filtered.wrench.force.z,304.74421912863625
1.4672924520000001,1785795212.780817890,/loadcell_data_filtered.wrench.force.z,304.6119214420928
1.4678444750000001,1785795212.781369913,/loadcell_data_filtered.wrench.force.z,304.8765959633914
1.469359455,1785795212.782884893,/loadcell_data_filtered.wrench.force.z,305.18056880291755
1.470200947,1785795212.783726385,/loadcell_data_filtered.wrench.force.z,305.56941964799023
1.470703206,1785795212.784228644,/loadcell_data_filtered.wrench.force.z,306.5730016177574
1.471045447,1785795212.784570885,/loadcell_data_filtered.wrench.force.z,307.206314720354
1.471309637,1785795212.784835075,/loadcell_data_filtered.wrench.force.z,308.092201681521
1.4715587490000002,1785795212.785084187,/loadcell_data_filtered.wrench.force.z,307.8467945229261
1.471800202,1785795212.785325640,/loadcell_data_filtered.wrench.force.z,306.19140472588333
1.47209454,1785795212.785619978,/loadcell_data_filtered.wrench.force.z,301.57791068096446
1.472546955,1785795212.786072393,/loadcell_data_filtered.wrench.force.z,297.84879664254083
1.4741400580000001,1785795212.787665496,/loadcell_data_filtered.wrench.force.z,294.90264439600514
1.474347402,1785795212.787872840,/loadcell_data_filtered.wrench.force.z,292.6521440259402
1.474492646,1785795212.788018084,/loadcell_data_filtered.wrench.force.z,284.16422008279443
1.474630859,1785795212.788156297,/loadcell_data_filtered.wrench.force.z,284.0180426275316
1.4748237130000001,1785795212.788349151,/loadcell_data_filtered.wrench.force.z,284.1050903844233
1.475396293,1785795212.788921731,/loadcell_data_filtered.wrench.force.z,285.1681656031856
1.476478825,1785795212.790004263,/loadcell_data_filtered.wrench.force.z,286.37265177458306
1.4767102570000001,1785795212.790235695,/loadcell_data_filtered.wrench.force.z,287.1599787872239
1.479436498,1785795212.792961936,/loadcell_data_filtered.wrench.force.z,288.45739994539326
1.47960604,1785795212.793131478,/loadcell_data_filtered.wrench.force.z,288.30386838668534
1.479760603,1785795212.793286041,/loadcell_data_filtered.wrench.force.z,288.84822114589855
1.47988789,1785795212.793413328,/loadcell_data_filtered.wrench.force.z,289.58107159366773
1.480026095,1785795212.793551533,/loadcell_data_filtered.wrench.force.z,284.9369018261964
1.48015236,1785795212.793677798,/loadcell_data_filtered.wrench.force.z,284.23853976121944
1.482014545,1785795212.795539983,/loadcell_data_filtered.wrench.force.z,288.8357647535533
1.4822979410000001,1785795212.795823379,/loadcell_data_filtered.wrench.force.z,292.7769792966379
1.482519546,1785795212.796044984,/loadcell_data_filtered.wrench.force.z,297.8593157711122
1.4827235170000002,1785795212.796248955,/loadcell_data_filtered.wrench.force.z,294.9029108872661
1.4829361030000001,1785795212.796461541,/loadcell_data_filtered.wrench.force.z,298.0858272500915
1.483184201,1785795212.796709639,/loadcell_data_filtered.wrench.force.z,299.5927465669818
1.484429891,1785795212.797955329,/loadcell_data_filtered.wrench.force.z,301.3291373192106
1.484904194,1785795212.798429632,/loadcell_data_filtered.wrench.force.z,301.6568968418829
1.485425797,1785795212.798951235,/loadcell_data_filtered.wrench.force.z,295.3461332525166
1.485742792,1785795212.799268230,/loadcell_data_filtered.wrench.force.z,296.15676554125207
1.485982084,1785795212.799507522,/loadcell_data_filtered.wrench.force.z,295.8965173282521
1.486250942,1785795212.799776380,/loadcell_data_filtered.wrench.force.z,296.34487111717897
1.486536632,1785795212.800062070,/loadcell_data_filtered.wrench.force.z,296.3667947830717
1.486826535,1785795212.800351973,/loadcell_data_filtered.wrench.force.z,296.6998417966023
1.487155969,1785795212.800681407,/loadcell_data_filtered.wrench.force.z,296.69966081986365
1.487855486,1785795212.801380924,/loadcell_data_filtered.wrench.force.z,296.45273990406224
1.488110709,1785795212.801636147,/loadcell_data_filtered.wrench.force.z,296.27056386091033
1.488415666,1785795212.801941104,/loadcell_data_filtered.wrench.force.z,291.0173465846858
1.488854448,1785795212.802379886,/loadcell_data_filtered.wrench.force.z,286.92879029917754
1.489315391,1785795212.802840829,/loadcell_data_filtered.wrench.force.z,282.9548051445598
1.489818474,1785795212.803343912,/loadcell_data_filtered.wrench.force.z,279.5674377777322
1.490666746,1785795212.804192184,/loadcell_data_filtered.wrench.force.z,276.70107497404746
1.49089656,1785795212.804421998,/loadcell_data_filtered.wrench.force.z,274.995339134367
1.492700178,1785795212.806225616,/loadcell_data_filtered.wrench.force.z,273.9827649734386
1.492839792,1785795212.806365230,/loadcell_data_filtered.wrench.force.z,274.27727934820524
1.492975621,1785795212.806501059,/loadcell_data_filtered.wrench.force.z,271.0274104530687
1.4931065110000001,1785795212.806631949,/loadcell_data_filtered.wrench.force.z,267.9445036809903
1.493664745,1785795212.807190183,/loadcell_data_filtered.wrench.force.z,267.95985856784813
1.493906634,1785795212.807432072,/loadcell_data_filtered.wrench.force.z,267.3898387798375
1.494694868,1785795212.808220306,/loadcell_data_filtered.wrench.force.z,267.2924462693403
1.494976324,1785795212.808501762,/loadcell_data_filtered.wrench.force.z,266.9595562322958
1.495288621,1785795212.808814059,/loadcell_data_filtered.wrench.force.z,266.9955126144515
1.495791321,1785795212.809316759,/loadcell_data_filtered.wrench.force.z,267.14574346578934
1.496184718,1785795212.809710156,/loadcell_data_filtered.wrench.force.z,267.35686059511943
1.49676207,1785795212.810287508,/loadcell_data_filtered.wrench.force.z,273.7185680183618
1.4986001340000001,1785795212.812125572,/loadcell_data_filtered.wrench.force.z,278.68534808664066
1.4990398200000001,1785795212.812565258,/loadcell_data_filtered.wrench.force.z,283.0849580496465
1.49925137,1785795212.812776808,/loadcell_data_filtered.wrench.force.z,287.17659795147
1.499431792,1785795212.812957230,/loadcell_data_filtered.wrench.force.z,290.75288408879396
1.499614587,1785795212.813140025,/loadcell_data_filtered.wrench.force.z,292.330899457053
1.4997854510000002,1785795212.813310889,/loadcell_data_filtered.wrench.force.z,292.70093631638963
1.5036052240000002,1785795212.817130662,/loadcell_data_filtered.wrench.force.z,293.1454095411385
1.50397814,1785795212.817503578,/loadcell_data_filtered.wrench.force.z,293.7535974175251
1.504334481,1785795212.817859919,/loadcell_data_filtered.wrench.force.z,294.97215908588527
1.504687841,1785795212.818213279,/loadcell_data_filtered.wrench.force.z,296.14565016566894
1.505041516,1785795212.818566954,/loadcell_data_filtered.wrench.force.z,297.35273932186215
1.5053822760000002,1785795212.818907714,/loadcell_data_filtered.wrench.force.z,298.1608088768814
1.5057492909999999,1785795212.819274729,/loadcell_data_filtered.wrench.force.z,299.0745164062115
1.506030519,1785795212.819555957,/loadcell_data_filtered.wrench.force.z,299.4506302180934
1.506280136,1785795212.819805574,/loadcell_data_filtered.wrench.force.z,298.49878014715745
1.506533959,1785795212.820059397,/loadcell_data_filtered.wrench.force.z,296.16491749180784
1.506785678,1785795212.820311116,/loadcell_data_filtered.wrench.force.z,291.80401051286475
1.507086023,1785795212.820611461,/loadcell_data_filtered.wrench.force.z,287.4009354159812
1.5073883430000001,1785795212.820913781,/loadcell_data_filtered.wrench.force.z,283.81035047546425
1.507645581,1785795212.821171019,/loadcell_data_filtered.wrench.force.z,280.8949278452105
1.50789269,1785795212.821418128,/loadcell_data_filtered.wrench.force.z,278.0993186462522
1.5081417620000002,1785795212.821667200,/loadcell_data_filtered.wrench.force.z,276.5422971154642
1.508615349,1785795212.822140787,/loadcell_data_filtered.wrench.force.z,275.8213559513351
1.5093734859999999,1785795212.822898924,/loadcell_data_filtered.wrench.force.z,275.8312451036023
1.509663931,1785795212.823189369,/loadcell_data_filtered.wrench.force.z,275.61218922395267
1.5098688980000001,1785795212.823394336,/loadcell_data_filtered.wrench.force.z,275.11107204285025
1.5102217580000001,1785795212.823747196,/loadcell_data_filtered.wrench.force.z,274.4075356500808
1.511328743,1785795212.824854181,/loadcell_data_filtered.wrench.force.z,273.7156609043664
1.511859735,1785795212.825385173,/loadcell_data_filtered.wrench.force.z,272.8178225652484
1.5121588570000002,1785795212.825684295,/loadcell_data_filtered.wrench.force.z,272.1540921770835
1.512430223,1785795212.825955661,/loadcell_data_filtered.wrench.force.z,271.3733860194977
1.512749109,1785795212.826274547,/loadcell_data_filtered.wrench.force.z,271.15250918513425
1.513445245,1785795212.826970683,/loadcell_data_filtered.wrench.force.z,275.94102894558335
1.514384551,1785795212.827909989,/loadcell_data_filtered.wrench.force.z,279.52740662604924
1.522412962,1785795212.835938400,/loadcell_data_filtered.wrench.force.z,283.5754091575902
1.522632803,1785795212.836158241,/loadcell_data_filtered.wrench.force.z,286.7832132334575
1.522776106,1785795212.836301544,/loadcell_data_filtered.wrench.force.z,290.0174405424007
1.52387556,1785795212.837400998,/loadcell_data_filtered.wrench.force.z,290.48973076297784
1.524325417,1785795212.837850855,/loadcell_data_filtered.wrench.force.z,291.17085405113005
1.524632856,1785795212.838158294,/loadcell_data_filtered.wrench.force.z,291.48355458784204
1.524927709,1785795212.838453147,/loadcell_data_filtered.wrench.force.z,291.7919766027551
1.525364486,1785795212.838889924,/loadcell_data_filtered.wrench.force.z,291.9861815741707
1.525705461,1785795212.839230899,/loadcell_data_filtered.wrench.force.z,286.62479009773773
1.525984957,1785795212.839510395,/loadcell_data_filtered.wrench.force.z,283.2776795218372
1.5261864840000001,1785795212.839711922,/loadcell_data_filtered.wrench.force.z,279.0578728018139
1.5263684149999999,1785795212.839893853,/loadcell_data_filtered.wrench.force.z,274.7482103734735
1.526543695,1785795212.840069133,/loadcell_data_filtered.wrench.force.z,269.7721793149153
1.526725514,1785795212.840250952,/loadcell_data_filtered.wrench.force.z,266.99325440573864
1.5269036630000001,1785795212.840429101,/loadcell_data_filtered.wrench.force.z,265.5499452423042
1.527096945,1785795212.840622383,/loadcell_data_filtered.wrench.force.z,265.49360847577407
1.52753632,1785795212.841061758,/loadcell_data_filtered.wrench.force.z,265.66026626141644
1.527749585,1785795212.841275023,/loadcell_data_filtered.wrench.force.z,266.3582400182482
1.528061095,1785795212.841586533,/loadcell_data_filtered.wrench.force.z,266.6809321029407
1.5296852680000002,1785795212.843210706,/loadcell_data_filtered.wrench.force.z,266.63020666798684
1.529954462,1785795212.843479900,/loadcell_data_filtered.wrench.force.z,266.50929434508055
1.53014222,1785795212.843667658,/loadcell_data_filtered.wrench.force.z,265.2352901303318
1.530357279,1785795212.843882717,/loadcell_data_filtered.wrench.force.z,265.49169374735055
1.530581584,1785795212.844107022,/loadcell_data_filtered.wrench.force.z,259.2995587731766
1.530797385,1785795212.844322823,/loadcell_data_filtered.wrench.force.z,260.0233892187728
1.531010356,1785795212.844535794,/loadcell_data_filtered.wrench.force.z,265.79153175500994
1.531209822,1785795212.844735260,/loadcell_data_filtered.wrench.force.z,270.86903975841363
1.53150437,1785795212.845029808,/loadcell_data_filtered.wrench.force.z,275.43832108221596
1.532018119,1785795212.845543557,/loadcell_data_filtered.wrench.force.z,278.6784683832496
1.532830935,1785795212.846356373,/loadcell_data_filtered.wrench.force.z,282.4350599083805
1.534288141,1785795212.847813579,/loadcell_data_filtered.wrench.force.z,284.76543506984046
1.536228087,1785795212.849753525,/loadcell_data_filtered.wrench.force.z,285.72710830342817
1.536343165,1785795212.849868603,/loadcell_data_filtered.wrench.force.z,287.3087222206861
1.53681894,1785795212.850344378,/loadcell_data_filtered.wrench.force.z,289.2198455970482
1.537187103,1785795212.850712541,/loadcell_data_filtered.wrench.force.z,290.4508906028703
1.537562457,1785795212.851087895,/loadcell_data_filtered.wrench.force.z,292.29734539100417
1.537923035,1785795212.851448473,/loadcell_data_filtered.wrench.force.z,294.2680959498339
1.539310198,1785795212.852835636,/loadcell_data_filtered.wrench.force.z,295.08730072960475
1.53975473,1785795212.853280168,/loadcell_data_filtered.wrench.force.z,295.930553074228
1.54011831,1785795212.853643748,/loadcell_data_filtered.wrench.force.z,296.87807926821
1.540429032,1785795212.853954470,/loadcell_data_filtered.wrench.force.z,298.0867994485894
1.5407297309999999,1785795212.854255169,/loadcell_data_filtered.wrench.force.z,296.026736436522
1.541043688,1785795212.854569126,/loadcell_data_filtered.wrench.force.z,293.36058982871805
1.541400255,1785795212.854925693,/loadcell_data_filtered.wrench.force.z,290.7617262927301
1.541728894,1785795212.855254332,/loadcell_data_filtered.wrench.force.z,288.3322228753272
1.5420191920000001,1785795212.855544630,/loadcell_data_filtered.wrench.force.z,286.0610570836262
1.5423683060000002,1785795212.855893744,/loadcell_data_filtered.wrench.force.z,284.90823162001647
1.542734775,1785795212.856260213,/loadcell_data_filtered.wrench.force.z,285.07958292239397
1.543103489,1785795212.856628927,/loadcell_data_filtered.wrench.force.z,285.8238673157933
1.543492453,1785795212.857017891,/loadcell_data_filtered.wrench.force.z,286.62150250853546
1.544716191,1785795212.858241629,/loadcell_data_filtered.wrench.force.z,288.1332469632152
1.545141943,1785795212.858667381,/loadcell_data_filtered.wrench.force.z,288.56134973124296
1.5455129950000002,1785795212.859038433,/loadcell_data_filtered.wrench.force.z,289.12384798533344
1.545818718,1785795212.859344156,/loadcell_data_filtered.wrench.force.z,283.19193568956644
1.546175681,1785795212.859701119,/loadcell_data_filtered.wrench.force.z,282.93552089350953
1.546503291,1785795212.860028729,/loadcell_data_filtered.wrench.force.z,282.36632908601
1.54679938,1785795212.860324818,/loadcell_data_filtered.wrench.force.z,282.6337362941297
1.547097911,1785795212.860623349,/loadcell_data_filtered.wrench.force.z,283.0756698845266
1.5473606389999999,1785795212.860886077,/loadcell_data_filtered.wrench.force.z,288.95674407547597
1.547662703,1785795212.861188141,/loadcell_data_filtered.wrench.force.z,292.8782017927262
1.547933718,1785795212.861459156,/loadcell_data_filtered.wrench.force.z,297.4048221473759
1.548250525,1785795212.861775963,/loadcell_data_filtered.wrench.force.z,300.6277478996961
1.5486715530000001,1785795212.862196991,/loadcell_data_filtered.wrench.force.z,303.9756805219517
1.549185014,1785795212.862710452,/loadcell_data_filtered.wrench.force.z,305.74893125985795
1.54987096,1785795212.863396398,/loadcell_data_filtered.wrench.force.z,307.37271589769745
1.550337601,1785795212.863863039,/loadcell_data_filtered.wrench.force.z,308.1436795160657
1.550773573,1785795212.864299011,/loadcell_data_filtered.wrench.force.z,308.7966711210259
1.5512341630000002,1785795212.864759601,/loadcell_data_filtered.wrench.force.z,309.32778268397686
1.551999716,1785795212.865525154,/loadcell_data_filtered.wrench.force.z,310.2295054581287
1.554656594,1785795212.868182032,/loadcell_data_filtered.wrench.force.z,311.32660187437153
1.5558774610000001,1785795212.869402899,/loadcell_data_filtered.wrench.force.z,311.96188680682735
1.556113194,1785795212.869638632,/loadcell_data_filtered.wrench.force.z,313.1281981924804
1.5562767050000001,1785795212.869802143,/loadcell_data_filtered.wrench.force.z,314.35786472206155
1.5564407789999999,1785795212.869966217,/loadcell_data_filtered.wrench.force.z,315.7378680746924
1.556607702,1785795212.870133140,/loadcell_data_filtered.wrench.force.z,317.0641787621932
1.556789251,1785795212.870314689,/loadcell_data_filtered.wrench.force.z,311.9392889559135
1.5570827760000001,1785795212.870608214,/loadcell_data_filtered.wrench.force.z,309.2904327922044
1.557391395,1785795212.870916833,/loadcell_data_filtered.wrench.force.z,306.51190978025426
1.558323544,1785795212.871848982,/loadcell_data_filtered.wrench.force.z,302.89348627893884
1.558769817,1785795212.872295255,/loadcell_data_filtered.wrench.force.z,301.00132996515504
1.559047658,1785795212.872573096,/loadcell_data_filtered.wrench.force.z,300.6826667399216
1.559330889,1785795212.872856327,/loadcell_data_filtered.wrench.force.z,301.2164360269852
1.559649066,1785795212.873174504,/loadcell_data_filtered.wrench.force.z,302.5650889660108
1.560023756,1785795212.873549194,/loadcell_data_filtered.wrench.force.z,303.2702328052984
1.560363967,1785795212.873889405,/loadcell_data_filtered.wrench.force.z,303.39143587944403
1.5619581980000001,1785795212.875483636,/loadcell_data_filtered.wrench.force.z,303.10829320275025
1.562239182,1785795212.875764620,/loadcell_data_filtered.wrench.force.z,303.2222277142926
1.5625457740000002,1785795212.876071212,/loadcell_data_filtered.wrench.force.z,301.6143752589079
1.562911519,1785795212.876436957,/loadcell_data_filtered.wrench.force.z,295.9547489118765
1.5633693210000001,1785795212.876894759,/loadcell_data_filtered.wrench.force.z,296.4933106268819
1.563727278,1785795212.877252716,/loadcell_data_filtered.wrench.force.z,295.77886203080976
1.5640506950000002,1785795212.877576133,/loadcell_data_filtered.wrench.force.z,297.347484851546
1.564366749,1785795212.877892187,/loadcell_data_filtered.wrench.force.z,302.6971791487899
1.564750278,1785795212.878275716,/loadcell_data_filtered.wrench.force.z,306.5376696123267
1.565154889,1785795212.878680327,/loadcell_data_filtered.wrench.force.z,309.71568411333584
1.5673045650000001,1785795212.880830003,/loadcell_data_filtered.wrench.force.z,312.210920508025
1.567736853,1785795212.881262291,/loadcell_data_filtered.wrench.force.z,314.68664371218784
1.568094345,1785795212.881619783,/loadcell_data_filtered.wrench.force.z,314.12414532479625
1.56839572,1785795212.881921158,/loadcell_data_filtered.wrench.force.z,308.8633892327477
1.568716034,1785795212.882241472,/loadcell_data_filtered.wrench.force.z,308.8099974008265
1.569090185,1785795212.882615623,/loadcell_data_filtered.wrench.force.z,307.6727265207358
1.569562698,1785795212.883088136,/loadcell_data_filtered.wrench.force.z,307.05391213762965
1.569812875,1785795212.883338313,/loadcell_data_filtered.wrench.force.z,306.45477524588875
1.570045737,1785795212.883571175,/loadcell_data_filtered.wrench.force.z,300.8789413309997
1.570249715,1785795212.883775153,/loadcell_data_filtered.wrench.force.z,299.69499327020486
1.57382902,1785795212.887354458,/loadcell_data_filtered.wrench.force.z,299.1309859274579
1.574037277,1785795212.887562715,/loadcell_data_filtered.wrench.force.z,298.6880620663488
1.5741906440000002,1785795212.887716082,/loadcell_data_filtered.wrench.force.z,297.90433941733954
1.5743303910000002,1785795212.887855829,/loadcell_data_filtered.wrench.force.z,286.9277268723357
1.574473814,1785795212.887999252,/loadcell_data_filtered.wrench.force.z,282.71698057780804
1.574598967,1785795212.888124405,/loadcell_data_filtered.wrench.force.z,277.33696570315357
1.574717127,1785795212.888242565,/loadcell_data_filtered.wrench.force.z,268.07977260873673
1.574844576,1785795212.888370014,/loadcell_data_filtered.wrench.force.z,263.63578809380255
1.575038136,1785795212.888563574,/loadcell_data_filtered.wrench.force.z,259.2992725915471
1.575297648,1785795212.888823086,/loadcell_data_filtered.wrench.force.z,257.8590196598185
1.575567541,1785795212.889092979,/loadcell_data_filtered.wrench.force.z,257.55138549914057
1.5758241110000002,1785795212.889349549,/loadcell_data_filtered.wrench.force.z,257.4046451809398
1.576173607,1785795212.889699045,/loadcell_data_filtered.wrench.force.z,257.341334355377
1.576985356,1785795212.890510794,/loadcell_data_filtered.wrench.force.z,257.4527031504186
1.577296875,1785795212.890822313,/loadcell_data_filtered.wrench.force.z,257.22597769994934
1.578128543,1785795212.891653981,/loadcell_data_filtered.wrench.force.z,257.05826712813706
1.5788895410000001,1785795212.892414979,/loadcell_data_filtered.wrench.force.z,256.54615952124425
1.579095691,1785795212.892621129,/loadcell_data_filtered.wrench.force.z,257.00456513501103
1.579307386,1785795212.892832824,/loadcell_data_filtered.wrench.force.z,256.92813552811964
1.579508895,1785795212.893034333,/loadcell_data_filtered.wrench.force.z,257.7343645248934
1.581819681,1785795212.895345119,/loadcell_data_filtered.wrench.force.z,262.7243732672041
1.5819815529999999,1785795212.895506991,/loadcell_data_filtered.wrench.force.z,266.6922411949896
1.582133351,1785795212.895658789,/loadcell_data_filtered.wrench.force.z,271.1863543190487
1.582281499,1785795212.895806937,/loadcell_data_filtered.wrench.force.z,268.082768698623
1.582407131,1785795212.895932569,/loadcell_data_filtered.wrench.force.z,271.753472715102
1.582828224,1785795212.896353662,/loadcell_data_filtered.wrench.force.z,273.0476971644042
1.583739371,1785795212.897264809,/loadcell_data_filtered.wrench.force.z,274.684150111072
1.5854741350000001,1785795212.898999573,/loadcell_data_filtered.wrench.force.z,275.6679920236568
1.585489412,1785795212.899014850,/loadcell_data_filtered.wrench.force.z,276.8389605713384
1.585819498,1785795212.899344936,/loadcell_data_filtered.wrench.force.z,277.39058715775076
1.58621743,1785795212.899742868,/loadcell_data_filtered.wrench.force.z,278.03567524551255
1.586457995,1785795212.899983433,/loadcell_data_filtered.wrench.force.z,278.7738836155406
1.586688549,1785795212.900213987,/loadcell_data_filtered.wrench.force.z,279.8369826730747
1.586905333,1785795212.900430771,/loadcell_data_filtered.wrench.force.z,280.5936334795444
1.587120917,1785795212.900646355,/loadcell_data_filtered.wrench.force.z,281.49044260985033
1.587415815,1785795212.900941253,/loadcell_data_filtered.wrench.force.z,282.2222545297669
1.5881706530000002,1785795212.901696091,/loadcell_data_filtered.wrench.force.z,282.7786577975333
1.588545217,1785795212.902070655,/loadcell_data_filtered.wrench.force.z,277.95309552010036
1.589052225,1785795212.902577663,/loadcell_data_filtered.wrench.force.z,274.81524577899114
1.589536021,1785795212.903061459,/loadcell_data_filtered.wrench.force.z,271.8758843116054
1.589916304,1785795212.903441742,/loadcell_data_filtered.wrench.force.z,269.32980304624795
1.591856977,1785795212.905382415,/loadcell_data_filtered.wrench.force.z,266.865001678148
1.5919873469999999,1785795212.905512785,/loadcell_data_filtered.wrench.force.z,266.18850209146217
1.592150318,1785795212.905675756,/loadcell_data_filtered.wrench.force.z,262.102356327104
1.5926311640000002,1785795212.906156602,/loadcell_data_filtered.wrench.force.z,260.6735892514646
1.593470841,1785795212.906996279,/loadcell_data_filtered.wrench.force.z,262.37098651005135
1.593609987,1785795212.907135425,/loadcell_data_filtered.wrench.force.z,263.1497612562541
1.593733125,1785795212.907258563,/loadcell_data_filtered.wrench.force.z,263.6070674806119
1.594146654,1785795212.907672092,/loadcell_data_filtered.wrench.force.z,264.3328630921335
1.594537134,1785795212.908062572,/loadcell_data_filtered.wrench.force.z,263.97696552425685
1.594896473,1785795212.908421911,/loadcell_data_filtered.wrench.force.z,263.55279485784314
1.596695058,1785795212.910220496,/loadcell_data_filtered.wrench.force.z,263.4994240515621
1.5968677850000002,1785795212.910393223,/loadcell_data_filtered.wrench.force.z,263.50410134105897
1.5970552279999999,1785795212.910580666,/loadcell_data_filtered.wrench.force.z,260.98401137112876
1.597231743,1785795212.910757181,/loadcell_data_filtered.wrench.force.z,264.7706875709334
1.597710877,1785795212.911236315,/loadcell_data_filtered.wrench.force.z,268.9639532987261
1.597899444,1785795212.911424882,/loadcell_data_filtered.wrench.force.z,272.6568056922513
1.598405721,1785795212.911931159,/loadcell_data_filtered.wrench.force.z,276.0418425902333
1.598906632,1785795212.912432070,/loadcell_data_filtered.wrench.force.z,278.3958211528931
1.599315495,1785795212.912840933,/loadcell_data_filtered.wrench.force.z,279.7675666793391
1.599789231,1785795212.913314669,/loadcell_data_filtered.wrench.force.z,280.19518941329113
1.6002989310000002,1785795212.913824369,/loadcell_data_filtered.wrench.force.z,279.9923319956211
1.600801299,1785795212.914326737,/loadcell_data_filtered.wrench.force.z,280.12636729735544
1.601524935,1785795212.915050373,/loadcell_data_filtered.wrench.force.z,280.23125410343704
1.602286096,1785795212.915811534,/loadcell_data_filtered.wrench.force.z,280.12605255977763
1.605711695,1785795212.919237133,/loadcell_data_filtered.wrench.force.z,280.2852830049614
1.605974628,1785795212.919500066,/loadcell_data_filtered.wrench.force.z,280.397154372104
1.6061593630000002,1785795212.919684801,/loadcell_data_filtered.wrench.force.z,280.8637548997315
1.606335439,1785795212.919860877,/loadcell_data_filtered.wrench.force.z,281.32923399190673
1.606509562,1785795212.920035000,/loadcell_data_filtered.wrench.force.z,282.1304947770148
1.606696115,1785795212.920221553,/loadcell_data_filtered.wrench.force.z,278.04157206425447
1.606971191,1785795212.920496629,/loadcell_data_filtered.wrench.force.z,275.40053173740813
1.607285508,1785795212.920810946,/loadcell_data_filtered.wrench.force.z,271.9867137825888
1.607575172,1785795212.921100610,/loadcell_data_filtered.wrench.force.z,268.2171177785253
1.607808836,1785795212.921334274,/loadcell_data_filtered.wrench.force.z,264.2452111883929
1.608034497,1785795212.921559935,/loadcell_data_filtered.wrench.force.z,262.3360318029601
1.608251633,1785795212.921777071,/loadcell_data_filtered.wrench.force.z,261.02735266655446
1.608464143,1785795212.921989581,/loadcell_data_filtered.wrench.force.z,261.1204540842512
1.60891169,1785795212.922437128,/loadcell_data_filtered.wrench.force.z,261.6367741513381
1.609390849,1785795212.922916287,/loadcell_data_filtered.wrench.force.z,262.13119386555775
1.609985686,1785795212.923511124,/loadcell_data_filtered.wrench.force.z,262.51196348427175
1.611116382,1785795212.924641820,/loadcell_data_filtered.wrench.force.z,262.4624185681002
1.611515381,1785795212.925040819,/loadcell_data_filtered.wrench.force.z,262.6726485413912
1.612019024,1785795212.925544462,/loadcell_data_filtered.wrench.force.z,262.50335999364984
1.615186247,1785795212.928711685,/loadcell_data_filtered.wrench.force.z,262.1428368478059
1.6157468320000001,1785795212.929272270,/loadcell_data_filtered.wrench.force.z,262.14825723799004
1.61613558,1785795212.929661018,/loadcell_data_filtered.wrench.force.z,260.93887780820717
1.616412628,1785795212.929938066,/loadcell_data_filtered.wrench.force.z,260.8059935924821
1.6168197640000002,1785795212.930345202,/loadcell_data_filtered.wrench.force.z,265.0106562727714
1.6173350000000002,1785795212.930860438,/loadcell_data_filtered.wrench.force.z,269.3492820530335
1.618011832,1785795212.931537270,/loadcell_data_filtered.wrench.force.z,272.82201773149893
1.618421232,1785795212.931946670,/loadcell_data_filtered.wrench.force.z,274.67716163760974
1.61885843,1785795212.932383868,/loadcell_data_filtered.wrench.force.z,275.83432777993704
1.6192127250000001,1785795212.932738163,/loadcell_data_filtered.wrench.force.z,276.7404083925232
1.6196351240000002,1785795212.933160562,/loadcell_data_filtered.wrench.force.z,276.73755710605053
1.6202255870000002,1785795212.933751025,/loadcell_data_filtered.wrench.force.z,276.2906368272688
1.6205012390000002,1785795212.934026677,/loadcell_data_filtered.wrench.force.z,276.2487105099663
1.620880846,1785795212.934406284,/loadcell_data_filtered.wrench.force.z,275.9327068084382
1.621194679,1785795212.934720117,/loadcell_data_filtered.wrench.force.z,275.5846850438502
1.621468078,1785795212.934993516,/loadcell_data_filtered.wrench.force.z,274.87602355695617
1.621755345,1785795212.935280783,/loadcell_data_filtered.wrench.force.z,274.4434038967259
1.6220661490000001,1785795212.935591587,/loadcell_data_filtered.wrench.force.z,274.0369887066078
1.622270018,1785795212.935795456,/loadcell_data_filtered.wrench.force.z,273.7612669834687
1.622436098,1785795212.935961536,/loadcell_data_filtered.wrench.force.z,273.25516170177417
1.622621733,1785795212.936147171,/loadcell_data_filtered.wrench.force.z,267.34651514121373
1.62278938,1785795212.936314818,/loadcell_data_filtered.wrench.force.z,262.86104929774496
1.622945356,1785795212.936470794,/loadcell_data_filtered.wrench.force.z,259.38814280109125
1.6232602310000002,1785795212.936785669,/loadcell_data_filtered.wrench.force.z,256.15719841514783
1.623858043,1785795212.937383481,/loadcell_data_filtered.wrench.force.z,253.32173693932992
1.6245435920000002,1785795212.938069030,/loadcell_data_filtered.wrench.force.z,252.14577175595227
1.6249829020000002,1785795212.938508340,/loadcell_data_filtered.wrench.force.z,251.8595967227473
1.625554465,1785795212.939079903,/loadcell_data_filtered.wrench.force.z,252.1301424486352
1.6258532950000002,1785795212.939378733,/loadcell_data_filtered.wrench.force.z,252.48475495068266
1.626252389,1785795212.939777827,/loadcell_data_filtered.wrench.force.z,252.78425802793734
1.6299594380000002,1785795212.943484876,/loadcell_data_filtered.wrench.force.z,252.93565810040002
1.630240697,1785795212.943766135,/loadcell_data_filtered.wrench.force.z,252.99251624356933
1.630483262,1785795212.944008700,/loadcell_data_filtered.wrench.force.z,253.5117784089294
1.630700446,1785795212.944225884,/loadcell_data_filtered.wrench.force.z,253.97180017068717
1.630894605,1785795212.944420043,/loadcell_data_filtered.wrench.force.z,254.55052775251156
1.631066718,1785795212.944592156,/loadcell_data_filtered.wrench.force.z,254.84268002787513
1.631246471,1785795212.944771909,/loadcell_data_filtered.wrench.force.z,258.8916313185418
1.63141804,1785795212.944943478,/loadcell_data_filtered.wrench.force.z,263.4197910960852
1.6328249220000002,1785795212.946350360,/loadcell_data_filtered.wrench.force.z,267.90412890151987
1.632992116,1785795212.946517554,/loadcell_data_filtered.wrench.force.z,272.6469972392642
1.635813904,1785795212.949339342,/loadcell_data_filtered.wrench.force.z,276.72774740006463
1.6363429580000002,1785795212.949868396,/loadcell_data_filtered.wrench.force.z,280.00697285596874
1.637101581,1785795212.950627019,/loadcell_data_filtered.wrench.force.z,282.410839650034
1.6377157119999999,1785795212.951241150,/loadcell_data_filtered.wrench.force.z,283.3056596261193
1.638216853,1785795212.951742291,/loadcell_data_filtered.wrench.force.z,283.57466025698784
1.63857957,1785795212.952105008,/loadcell_data_filtered.wrench.force.z,283.82879853817764
1.6388883870000002,1785795212.952413825,/loadcell_data_filtered.wrench.force.z,283.8371003577228
1.6390749310000001,1785795212.952600369,/loadcell_data_filtered.wrench.force.z,283.9357208251936
1.639237387,1785795212.952762825,/loadcell_data_filtered.wrench.force.z,284.1350341909631
1.639389946,1785795212.952915384,/loadcell_data_filtered.wrench.force.z,284.1934303847911
1.639559448,1785795212.953084886,/loadcell_data_filtered.wrench.force.z,284.4139080814847
1.6397195469999999,1785795212.953244985,/loadcell_data_filtered.wrench.force.z,284.464602979306
1.639899497,1785795212.953424935,/loadcell_data_filtered.wrench.force.z,284.68820434628003
1.640089992,1785795212.953615430,/loadcell_data_filtered.wrench.force.z,279.4698986265278
1.640337626,1785795212.953863064,/loadcell_data_filtered.wrench.force.z,276.48249242275455
1.640655309,1785795212.954180747,/loadcell_data_filtered.wrench.force.z,272.67903687151545
1.640967356,1785795212.954492794,/loadcell_data_filtered.wrench.force.z,269.66451689491805
1.6412523540000001,1785795212.954777792,/loadcell_data_filtered.wrench.force.z,266.5625490427158
1.641554588,1785795212.955080026,/loadcell_data_filtered.wrench.force.z,265.17479871476263
1.641878259,1785795212.955403697,/loadcell_data_filtered.wrench.force.z,263.5805643729576
1.6424055000000002,1785795212.955930938,/loadcell_data_filtered.wrench.force.z,263.39249813733016
1.6444628570000002,1785795212.957988295,/loadcell_data_filtered.wrench.force.z,264.36468139697814
1.645002815,1785795212.958528253,/loadcell_data_filtered.wrench.force.z,264.95759519586323
1.645303453,1785795212.958828891,/loadcell_data_filtered.wrench.force.z,266.22998531834685
1.645570625,1785795212.959096063,/loadcell_data_filtered.wrench.force.z,267.15074705193604
1.645815587,1785795212.959341025,/loadcell_data_filtered.wrench.force.z,268.2931559926532
1.646083023,1785795212.959608461,/loadcell_data_filtered.wrench.force.z,268.98660633688155
1.6462929700000002,1785795212.959818408,/loadcell_data_filtered.wrench.force.z,269.1813731735874
1.646538689,1785795212.960064127,/loadcell_data_filtered.wrench.force.z,269.1919204071647
1.646761323,1785795212.960286761,/loadcell_data_filtered.wrench.force.z,269.88378605367996
1.6469997470000002,1785795212.960525185,/loadcell_data_filtered.wrench.force.z,276.50591285452987
1.647279957,1785795212.960805395,/loadcell_data_filtered.wrench.force.z,281.6741356336823
1.648277174,1785795212.961802612,/loadcell_data_filtered.wrench.force.z,286.6994659872802
1.648853489,1785795212.962378927,/loadcell_data_filtered.wrench.force.z,291.48121257269275
1.6529965720000002,1785795212.966522010,/loadcell_data_filtered.wrench.force.z,296.0666925330989
1.65353848,1785795212.967063918,/loadcell_data_filtered.wrench.force.z,299.68867283592164
1.65394489,1785795212.967470328,/loadcell_data_filtered.wrench.force.z,302.2597533553423
1.65425124,1785795212.967776678,/loadcell_data_filtered.wrench.force.z,303.1180712983989
1.6545493850000002,1785795212.968074823,/loadcell_data_filtered.wrench.force.z,304.33835995721324
1.654790501,1785795212.968315939,/loadcell_data_filtered.wrench.force.z,305.66454377846026
1.655014607,1785795212.968540045,/loadcell_data_filtered.wrench.force.z,307.0676571723867
1.655249766,1785795212.968775204,/loadcell_data_filtered.wrench.force.z,308.75242057242815
1.655421534,1785795212.968946972,/loadcell_data_filtered.wrench.force.z,310.16745070824794
1.6556356600000002,1785795212.969161098,/loadcell_data_filtered.wrench.force.z,311.5257427100944
1.6558235030000001,1785795212.969348941,/loadcell_data_filtered.wrench.force.z,312.733864885542
1.6560031240000002,1785795212.969528562,/loadcell_data_filtered.wrench.force.z,314.036792206639
1.656216189,1785795212.969741627,/loadcell_data_filtered.wrench.force.z,314.4730794006714
1.656400803,1785795212.969926241,/loadcell_data_filtered.wrench.force.z,309.651357140179
1.656594104,1785795212.970119542,/loadcell_data_filtered.wrench.force.z,305.8501180210677
1.6568177880000001,1785795212.970343226,/loadcell_data_filtered.wrench.force.z,302.8301940739656
1.657137088,1785795212.970662526,/loadcell_data_filtered.wrench.force.z,300.3774638654063
1.657479208,1785795212.971004646,/loadcell_data_filtered.wrench.force.z,297.9255931904415
1.657892045,1785795212.971417483,/loadcell_data_filtered.wrench.force.z,297.03338376036186
1.659432113,1785795212.972957551,/loadcell_data_filtered.wrench.force.z,296.6506609362557
1.6607824820000001,1785795212.974307920,/loadcell_data_filtered.wrench.force.z,297.00642462231144
1.661007225,1785795212.974532663,/loadcell_data_filtered.wrench.force.z,298.2758596639857
1.661217691,1785795212.974743129,/loadcell_data_filtered.wrench.force.z,299.41682836894915
1.661409144,1785795212.974934582,/loadcell_data_filtered.wrench.force.z,299.46158695677406
1.6616581140000002,1785795212.975183552,/loadcell_data_filtered.wrench.force.z,299.81550447119236
1.6617892140000001,1785795212.975314652,/loadcell_data_filtered.wrench.force.z,299.87754579735287
1.661961447,1785795212.975486885,/loadcell_data_filtered.wrench.force.z,299.521973804507
1.662141997,1785795212.975667435,/loadcell_data_filtered.wrench.force.z,299.3393571524291
1.66411028,1785795212.977635718,/loadcell_data_filtered.wrench.force.z,298.7540775992803
1.6643690160000002,1785795212.977894454,/loadcell_data_filtered.wrench.force.z,302.88793027605277
1.664581722,1785795212.978107160,/loadcell_data_filtered.wrench.force.z,306.53503239989624
1.66500461,1785795212.978530048,/loadcell_data_filtered.wrench.force.z,311.2983084117588
1.665150327,1785795212.978675765,/loadcell_data_filtered.wrench.force.z,315.5954205331723
1.6652856169999999,1785795212.978811055,/loadcell_data_filtered.wrench.force.z,319.5786967021363
1.665621457,1785795212.979146895,/loadcell_data_filtered.wrench.force.z,321.77801767329174
1.6659462010000001,1785795212.979471639,/loadcell_data_filtered.wrench.force.z,323.42880191559146
1.666636534,1785795212.980161972,/loadcell_data_filtered.wrench.force.z,324.04038429037945
1.667497905,1785795212.981023343,/loadcell_data_filtered.wrench.force.z,324.16556764619685
1.669276859,1785795212.982802297,/loadcell_data_filtered.wrench.force.z,324.5600897500002
1.669400341,1785795212.982925779,/loadcell_data_filtered.wrench.force.z,325.3958437572819
1.66953622,1785795212.983061658,/loadcell_data_filtered.wrench.force.z,325.7804137249219
1.669678862,1785795212.983204300,/loadcell_data_filtered.wrench.force.z,319.92316621645625
1.6698165170000001,1785795212.983341955,/loadcell_data_filtered.wrench.force.z,320.03869720980384
1.670119675,1785795212.983645113,/loadcell_data_filtered.wrench.force.z,319.87840228929133
1.670667324,1785795212.984192762,/loadcell_data_filtered.wrench.force.z,320.14239444736035
1.671377739,1785795212.984903177,/loadcell_data_filtered.wrench.force.z,320.3130740831873
1.671631101,1785795212.985156539,/loadcell_data_filtered.wrench.force.z,314.9086938332179
1.671824664,1785795212.985350102,/loadcell_data_filtered.wrench.force.z,311.9741558654001
1.6726493640000002,1785795212.986174802,/loadcell_data_filtered.wrench.force.z,307.5960251826602
1.6732997090000001,1785795212.986825147,/loadcell_data_filtered.wrench.force.z,304.46279647255983
1.6745029530000002,1785795212.988028391,/loadcell_data_filtered.wrench.force.z,301.3173930736696
1.674955829,1785795212.988481267,/loadcell_data_filtered.wrench.force.z,299.02256340574064
1.6752607560000001,1785795212.988786194,/loadcell_data_filtered.wrench.force.z,297.68131356896214
1.675540833,1785795212.989066271,/loadcell_data_filtered.wrench.force.z,296.8963903135709
1.675774306,1785795212.989299744,/loadcell_data_filtered.wrench.force.z,296.7168027100135
1.6760863810000002,1785795212.989611819,/loadcell_data_filtered.wrench.force.z,295.6640755638978
1.676681429,1785795212.990206867,/loadcell_data_filtered.wrench.force.z,295.20233960047085
1.677616149,1785795212.991141587,/loadcell_data_filtered.wrench.force.z,294.46497165525267
1.6795783430000002,1785795212.993103781,/loadcell_data_filtered.wrench.force.z,294.03451181270464
1.6800103929999999,1785795212.993535831,/loadcell_data_filtered.wrench.force.z,293.06916476139975
1.68037738,1785795212.993902818,/loadcell_data_filtered.wrench.force.z,292.37161312224276
1.680657712,1785795212.994183150,/loadcell_data_filtered.wrench.force.z,285.37413130343253
1.680863545,1785795212.994388983,/loadcell_data_filtered.wrench.force.z,284.190842983218
1.681118463,1785795212.994643901,/loadcell_data_filtered.wrench.force.z,288.31879658580743
1.681391159,1785795212.994916597,/loadcell_data_filtered.wrench.force.z,291.8387957731445
1.68168012,1785795212.995205558,/loadcell_data_filtered.wrench.force.z,295.2696973192114
1.681916181,1785795212.995441619,/loadcell_data_filtered.wrench.force.z,298.0545404565029
1.682187522,1785795212.995712960,/loadcell_data_filtered.wrench.force.z,300.5323596617713
1.68467663,1785795212.998202068,/loadcell_data_filtered.wrench.force.z,301.2803486065433
1.6851610940000001,1785795212.998686532,/loadcell_data_filtered.wrench.force.z,301.8330336719187
1.685479842,1785795212.999005280,/loadcell_data_filtered.wrench.force.z,301.2202480916865
1.685698076,1785795212.999223514,/loadcell_data_filtered.wrench.force.z,294.58954887581496
1.6869220020000002,1785795213.000447440,/loadcell_data_filtered.wrench.force.z,295.4022089631425
1.6871257480000001,1785795213.000651186,/loadcell_data_filtered.wrench.force.z,294.5387350288742
1.687261339,1785795213.000786777,/loadcell_data_filtered.wrench.force.z,294.9704631897223
1.687404522,1785795213.000929960,/loadcell_data_filtered.wrench.force.z,294.54973339229826
1.6875385770000002,1785795213.001064015,/loadcell_data_filtered.wrench.force.z,287.92850146020817
1.6876685070000002,1785795213.001193945,/loadcell_data_filtered.wrench.force.z,288.18525350155323
1.687796394,1785795213.001321832,/loadcell_data_filtered.wrench.force.z,287.70138446750525
1.691712521,1785795213.005237959,/loadcell_data_filtered.wrench.force.z,286.86287763667843
1.691866792,1785795213.005392230,/loadcell_data_filtered.wrench.force.z,282.1458780301648
1.69201822,1785795213.005543658,/loadcell_data_filtered.wrench.force.z,271.76584053613647
1.692128375,1785795213.005653813,/loadcell_data_filtered.wrench.force.z,268.9260730201273
1.692249393,1785795213.005774831,/loadcell_data_filtered.wrench.force.z,267.1812141783975
1.692361381,1785795213.005886819,/loadcell_data_filtered.wrench.force.z,265.19452397099786
1.6924867090000002,1785795213.006012147,/loadcell_data_filtered.wrench.force.z,264.4441864309792
1.692596129,1785795213.006121567,/loadcell_data_filtered.wrench.force.z,265.4905075734732
1.692709012,1785795213.006234450,/loadcell_data_filtered.wrench.force.z,266.6433087782368
1.692827271,1785795213.006352709,/loadcell_data_filtered.wrench.force.z,267.2405610028014
1.694326339,1785795213.007851777,/loadcell_data_filtered.wrench.force.z,267.28025917048365
1.694519572,1785795213.008045010,/loadcell_data_filtered.wrench.force.z,267.8552176152624
1.694650816,1785795213.008176254,/loadcell_data_filtered.wrench.force.z,261.93602374028535
1.694768615,1785795213.008294053,/loadcell_data_filtered.wrench.force.z,262.7788212094878
1.6966662989999999,1785795213.010191737,/loadcell_data_filtered.wrench.force.z,263.12091399133084
1.696824252,1785795213.010349690,/loadcell_data_filtered.wrench.force.z,263.3951339734859
1.696889911,1785795213.010415349,/loadcell_data_filtered.wrench.force.z,263.77313369675323
1.697180619,1785795213.010706057,/loadcell_data_filtered.wrench.force.z,262.13896379385136
1.697369174,1785795213.010894612,/loadcell_data_filtered.wrench.force.z,266.36800214612293
1.6994069170000001,1785795213.012932355,/loadcell_data_filtered.wrench.force.z,270.84438098304224
1.699637127,1785795213.013162565,/loadcell_data_filtered.wrench.force.z,275.265958622195
1.6998334370000001,1785795213.013358875,/loadcell_data_filtered.wrench.force.z,278.36531367182334
1.700025987,1785795213.013551425,/loadcell_data_filtered.wrench.force.z,274.96418077137065
1.700175725,1785795213.013701163,/loadcell_data_filtered.wrench.force.z,277.6834119484421
1.700342582,1785795213.013868020,/loadcell_data_filtered.wrench.force.z,277.5291891858384
1.700513097,1785795213.014038535,/loadcell_data_filtered.wrench.force.z,278.2332656461899
1.701158908,1785795213.014684346,/loadcell_data_filtered.wrench.force.z,279.42068464746006
1.701545346,1785795213.015070784,/loadcell_data_filtered.wrench.force.z,279.8092097460839
1.7018627130000001,1785795213.015388151,/loadcell_data_filtered.wrench.force.z,280.46617987067356
1.7023285989999999,1785795213.015854037,/loadcell_data_filtered.wrench.force.z,281.16144939955706
1.702771066,1785795213.016296504,/loadcell_data_filtered.wrench.force.z,282.2072135074077
1.703351791,1785795213.016877229,/loadcell_data_filtered.wrench.force.z,283.1074886723541
1.703878849,1785795213.017404287,/loadcell_data_filtered.wrench.force.z,283.64366838001905
1.704406592,1785795213.017932030,/loadcell_data_filtered.wrench.force.z,284.20033685260006
1.7065242610000002,1785795213.020049699,/loadcell_data_filtered.wrench.force.z,279.2754528984351
1.708205361,1785795213.021730799,/loadcell_data_filtered.wrench.force.z,276.437534699282
1.708356754,1785795213.021882192,/loadcell_data_filtered.wrench.force.z,273.46512897359827
1.708479229,1785795213.022004667,/loadcell_data_filtered.wrench.force.z,271.4455382293086
1.708605654,1785795213.022131092,/loadcell_data_filtered.wrench.force.z,269.19642563856394
1.7087141300000002,1785795213.022239568,/loadcell_data_filtered.wrench.force.z,268.0819206615036
1.708825499,1785795213.022350937,/loadcell_data_filtered.wrench.force.z,267.60469834331985
1.7089413310000001,1785795213.022466769,/loadcell_data_filtered.wrench.force.z,268.4060568008845
1.7090542960000001,1785795213.022579734,/loadcell_data_filtered.wrench.force.z,268.47004019024126
1.7092716000000001,1785795213.022797038,/loadcell_data_filtered.wrench.force.z,268.7385128803816
1.7099458969999999,1785795213.023471335,/loadcell_data_filtered.wrench.force.z,268.75585085409324
1.7106137399999999,1785795213.024139178,/loadcell_data_filtered.wrench.force.z,269.0779382273584
1.710904291,1785795213.024429729,/loadcell_data_filtered.wrench.force.z,268.92227837662233
1.711597656,1785795213.025123094,/loadcell_data_filtered.wrench.force.z,268.90702987353313
1.7120642799999999,1785795213.025589718,/loadcell_data_filtered.wrench.force.z,268.8163198794211
1.7124190129999999,1785795213.025944451,/loadcell_data_filtered.wrench.force.z,268.98429292108204
1.712853981,1785795213.026379419,/loadcell_data_filtered.wrench.force.z,268.8862561478635
1.713370147,1785795213.026895585,/loadcell_data_filtered.wrench.force.z,275.0780577869307
1.713893449,1785795213.027418887,/loadcell_data_filtered.wrench.force.z,279.4178137915307
1.714397755,1785795213.027923193,/loadcell_data_filtered.wrench.force.z,283.43051563654853
1.7165062560000002,1785795213.030031694,/loadcell_data_filtered.wrench.force.z,286.8259969666751
1.716846818,1785795213.030372256,/loadcell_data_filtered.wrench.force.z,290.30130301505756
1.7170124800000002,1785795213.030537918,/loadcell_data_filtered.wrench.force.z,291.9013979277153
1.717296298,1785795213.030821736,/loadcell_data_filtered.wrench.force.z,292.612459601954
1.7174219910000001,1785795213.030947429,/loadcell_data_filtered.wrench.force.z,292.9492477507388
1.717627887,1785795213.031153325,/loadcell_data_filtered.wrench.force.z,292.9588350417721
1.71790042,1785795213.031425858,/loadcell_data_filtered.wrench.force.z,293.30571021339296
1.71894292,1785795213.032468358,/loadcell_data_filtered.wrench.force.z,293.07079166327253
1.719569235,1785795213.033094673,/loadcell_data_filtered.wrench.force.z,292.7861425804289
1.7207858759999999,1785795213.034311314,/loadcell_data_filtered.wrench.force.z,292.7887673812432
1.721145509,1785795213.034670947,/loadcell_data_filtered.wrench.force.z,292.8847876758083
1.721417514,1785795213.034942952,/loadcell_data_filtered.wrench.force.z,293.3822065314313
1.7216602189999999,1785795213.035185657,/loadcell_data_filtered.wrench.force.z,294.13342270345106
1.7243393550000001,1785795213.037864793,/loadcell_data_filtered.wrench.force.z,291.9674830394527
1.724714278,1785795213.038239716,/loadcell_data_filtered.wrench.force.z,287.5855198367868
1.724972405,1785795213.038497843,/loadcell_data_filtered.wrench.force.z,283.91457709111563
1.725219913,1785795213.038745351,/loadcell_data_filtered.wrench.force.z,280.709206574781
1.725476396,1785795213.039001834,/loadcell_data_filtered.wrench.force.z,277.82201968959055
1.725693901,1785795213.039219339,/loadcell_data_filtered.wrench.force.z,275.5889688846507
1.725937099,1785795213.039462537,/loadcell_data_filtered.wrench.force.z,274.3498041758779
1.7261791,1785795213.039704538,/loadcell_data_filtered.wrench.force.z,273.3492278332628
1.726455961,1785795213.039981399,/loadcell_data_filtered.wrench.force.z,272.0460698694461
1.726780242,1785795213.040305680,/loadcell_data_filtered.wrench.force.z,271.7387052555317
1.727390748,1785795213.040916186,/loadcell_data_filtered.wrench.force.z,271.38158505070083
1.7280371140000002,1785795213.041562552,/loadcell_data_filtered.wrench.force.z,270.8994288915148
1.728473046,1785795213.041998484,/loadcell_data_filtered.wrench.force.z,270.22827226920066
1.728866693,1785795213.042392131,/loadcell_data_filtered.wrench.force.z,269.56880473878437
1.729295036,1785795213.042820474,/loadcell_data_filtered.wrench.force.z,268.6031554261682
1.7321988570000002,1785795213.045724295,/loadcell_data_filtered.wrench.force.z,267.850703929588
1.733317456,1785795213.046842894,/loadcell_data_filtered.wrench.force.z,266.9921600913669
1.7335251820000002,1785795213.047050620,/loadcell_data_filtered.wrench.force.z,271.9142791769907
1.7336682350000001,1785795213.047193673,/loadcell_data_filtered.wrench.force.z,275.06330294137155
1.7338107950000001,1785795213.047336233,/loadcell_data_filtered.wrench.force.z,278.9344569148928
1.733942506,1785795213.047467944,/loadcell_data_filtered.wrench.force.z,282.21432418585556
1.734092124,1785795213.047617562,/loadcell_data_filtered.wrench.force.z,285.0185803449499
1.734266764,1785795213.047792202,/loadcell_data_filtered.wrench.force.z,286.6742531316104
1.7343831820000002,1785795213.047908620,/loadcell_data_filtered.wrench.force.z,287.19431639662946
1.7345317050000002,1785795213.048057143,/loadcell_data_filtered.wrench.force.z,287.75025410724515
1.7346745870000002,1785795213.048200025,/loadcell_data_filtered.wrench.force.z,286.69226874016397
1.734821654,1785795213.048347092,/loadcell_data_filtered.wrench.force.z,286.524041988465
1.734945275,1785795213.048470713,/loadcell_data_filtered.wrench.force.z,286.27041593565406
1.735412811,1785795213.048938249,/loadcell_data_filtered.wrench.force.z,285.5221868964994
1.736137475,1785795213.049662913,/loadcell_data_filtered.wrench.force.z,285.05493826243276
1.736621246,1785795213.050146684,/loadcell_data_filtered.wrench.force.z,284.85372395856575
1.736952497,1785795213.050477935,/loadcell_data_filtered.wrench.force.z,285.17618361548466
1.7371558070000002,1785795213.050681245,/loadcell_data_filtered.wrench.force.z,285.63064081071855
1.737607835,1785795213.051133273,/loadcell_data_filtered.wrench.force.z,286.0126374815769
1.738134679,1785795213.051660117,/loadcell_data_filtered.wrench.force.z,281.03245406960133
1.738590822,1785795213.052116260,/loadcell_data_filtered.wrench.force.z,278.0791189082569
1.739107663,1785795213.052633101,/loadcell_data_filtered.wrench.force.z,274.58635451251735
1.7397032000000001,1785795213.053228638,/loadcell_data_filtered.wrench.force.z,271.8707494154837
1.740254768,1785795213.053780206,/loadcell_data_filtered.wrench.force.z,269.75094142368124
1.740963711,1785795213.054489149,/loadcell_data_filtered.wrench.force.z,268.9506191016989
1.741522148,1785795213.055047586,/loadcell_data_filtered.wrench.force.z,268.7320659695703
1.7418744510000002,1785795213.055399889,/loadcell_data_filtered.wrench.force.z,269.5963302744032
1.74219063,1785795213.055716068,/loadcell_data_filtered.wrench.force.z,270.48380916563974
1.742848363,1785795213.056373801,/loadcell_data_filtered.wrench.force.z,271.25563330088676
1.743345783,1785795213.056871221,/loadcell_data_filtered.wrench.force.z,272.0363493000161
1.7438483,1785795213.057373738,/loadcell_data_filtered.wrench.force.z,272.8912042899944
1.744351712,1785795213.057877150,/loadcell_data_filtered.wrench.force.z,274.08112510716927
1.745920897,1785795213.059446335,/loadcell_data_filtered.wrench.force.z,274.71741293902954
1.746522963,1785795213.060048401,/loadcell_data_filtered.wrench.force.z,275.45993446321006
1.746874593,1785795213.060400031,/loadcell_data_filtered.wrench.force.z,276.8102617832583
1.748213403,1785795213.061738841,/loadcell_data_filtered.wrench.force.z,277.81765274417853
1.7486213460000002,1785795213.062146784,/loadcell_data_filtered.wrench.force.z,284.6812091916863
1.7510021130000002,1785795213.064527551,/loadcell_data_filtered.wrench.force.z,289.83047543796704
1.751506529,1785795213.065031967,/loadcell_data_filtered.wrench.force.z,294.809151746949
1.751934085,1785795213.065459523,/loadcell_data_filtered.wrench.force.z,298.87944662482823
1.75234441,1785795213.065869848,/loadcell_data_filtered.wrench.force.z,302.44820699068526
1.752630268,1785795213.066155706,/loadcell_data_filtered.wrench.force.z,305.0573762028904
1.752860744,1785795213.066386182,/loadcell_data_filtered.wrench.force.z,305.75231851032305
1.753089844,1785795213.066615282,/loadcell_data_filtered.wrench.force.z,306.05546132630906
1.753314706,1785795213.066840144,/loadcell_data_filtered.wrench.force.z,306.5085237147573
1.753509988,1785795213.067035426,/loadcell_data_filtered.wrench.force.z,307.10743550043696
1.753722087,1785795213.067247525,/loadcell_data_filtered.wrench.force.z,307.5366791433652
1.753916695,1785795213.067442133,/loadcell_data_filtered.wrench.force.z,307.97954850158334
1.754088479,1785795213.067613917,/loadcell_data_filtered.wrench.force.z,308.46133694305274
1.754268592,1785795213.067794030,/loadcell_data_filtered.wrench.force.z,308.9486517330772
1.7544388880000001,1785795213.067964326,/loadcell_data_filtered.wrench.force.z,309.5610103215645
1.7546392540000002,1785795213.068164692,/loadcell_data_filtered.wrench.force.z,310.0572493232066
1.754820342,1785795213.068345780,/loadcell_data_filtered.wrench.force.z,307.6012043912852
1.755108636,1785795213.068634074,/loadcell_data_filtered.wrench.force.z,304.436624781028
1.7555895760000002,1785795213.069115014,/loadcell_data_filtered.wrench.force.z,300.6832205792533
1.7561203810000001,1785795213.069645819,/loadcell_data_filtered.wrench.force.z,297.9393967810421
1.756599134,1785795213.070124572,/loadcell_data_filtered.wrench.force.z,295.61611323880265
1.75748142,1785795213.071006858,/loadcell_data_filtered.wrench.force.z,293.2646867323685
1.757778005,1785795213.071303443,/loadcell_data_filtered.wrench.force.z,291.9346898722707
1.758225596,1785795213.071751034,/loadcell_data_filtered.wrench.force.z,291.82833510252885
1.758845492,1785795213.072370930,/loadcell_data_filtered.wrench.force.z,292.198568926088
1.7591837080000001,1785795213.072709146,/loadcell_data_filtered.wrench.force.z,292.9584354823769
1.759947045,1785795213.073472483,/loadcell_data_filtered.wrench.force.z,293.2191010816264
1.760935138,1785795213.074460576,/loadcell_data_filtered.wrench.force.z,294.0057407876277
1.761362431,1785795213.074887869,/loadcell_data_filtered.wrench.force.z,294.59038882354434
1.7657013030000002,1785795213.079226741,/loadcell_data_filtered.wrench.force.z,295.0807884956168
1.766169214,1785795213.079694652,/loadcell_data_filtered.wrench.force.z,295.3053289154361
1.766583688,1785795213.080109126,/loadcell_data_filtered.wrench.force.z,296.6288509387936
1.7669661190000001,1785795213.080491557,/loadcell_data_filtered.wrench.force.z,297.7815333223135
1.767389053,1785795213.080914491,/loadcell_data_filtered.wrench.force.z,303.9383639795134
1.76776842,1785795213.081293858,/loadcell_data_filtered.wrench.force.z,308.243301582398
1.768066889,1785795213.081592327,/loadcell_data_filtered.wrench.force.z,313.70791205384506
1.768362865,1785795213.081888303,/loadcell_data_filtered.wrench.force.z,318.14923995859453
1.768682433,1785795213.082207871,/loadcell_data_filtered.wrench.force.z,321.0287989333739
1.7690476300000002,1785795213.082573068,/loadcell_data_filtered.wrench.force.z,323.4292558226959
1.769406384,1785795213.082931822,/loadcell_data_filtered.wrench.force.z,325.958343016634
1.7698076820000002,1785795213.083333120,/loadcell_data_filtered.wrench.force.z,327.7372200593772
1.770072509,1785795213.083597947,/loadcell_data_filtered.wrench.force.z,329.356358936246
1.770295852,1785795213.083821290,/loadcell_data_filtered.wrench.force.z,330.2070105647011
1.770524424,1785795213.084049862,/loadcell_data_filtered.wrench.force.z,330.38804010197015
1.770751253,1785795213.084276691,/loadcell_data_filtered.wrench.force.z,331.5213038870728
1.7709608669999999,1785795213.084486305,/loadcell_data_filtered.wrench.force.z,331.80475268140685
1.771201298,1785795213.084726736,/loadcell_data_filtered.wrench.force.z,332.25131036255846
1.771400291,1785795213.084925729,/loadcell_data_filtered.wrench.force.z,332.60072153223695
1.771607736,1785795213.085133174,/loadcell_data_filtered.wrench.force.z,333.11047398500557
1.771776703,1785795213.085302141,/loadcell_data_filtered.wrench.force.z,333.49385581955823
1.771957143,1785795213.085482581,/loadcell_data_filtered.wrench.force.z,328.76362180527275
1.772155155,1785795213.085680593,/loadcell_data_filtered.wrench.force.z,325.59219357003127
1.7727484530000002,1785795213.086273891,/loadcell_data_filtered.wrench.force.z,322.294380317474
1.7730678860000002,1785795213.086593324,/loadcell_data_filtered.wrench.force.z,319.6570755977226
1.7738727120000002,1785795213.087398150,/loadcell_data_filtered.wrench.force.z,316.83463459497824
1.774122717,1785795213.087648155,/loadcell_data_filtered.wrench.force.z,315.32096224681663
1.7745646910000001,1785795213.088090129,/loadcell_data_filtered.wrench.force.z,314.04188675107764
1.775095523,1785795213.088620961,/loadcell_data_filtered.wrench.force.z,313.74238023504955
1.775531784,1785795213.089057222,/loadcell_data_filtered.wrench.force.z,313.891347585159
1.776125591,1785795213.089651029,/loadcell_data_filtered.wrench.force.z,313.924792744788
1.776889619,1785795213.090415057,/loadcell_data_filtered.wrench.force.z,314.0196651061221
1.7771561,1785795213.090681538,/loadcell_data_filtered.wrench.force.z,313.8739126388314
1.7779303830000002,1785795213.091455821,/loadcell_data_filtered.wrench.force.z,314.0616121675252
1.7781770410000002,1785795213.091702479,/loadcell_data_filtered.wrench.force.z,313.7936634013694
1.7784860710000001,1785795213.092011509,/loadcell_data_filtered.wrench.force.z,313.3155389493352
1.77901405,1785795213.092539488,/loadcell_data_filtered.wrench.force.z,313.0096782721167
1.781722427,1785795213.095247865,/loadcell_data_filtered.wrench.force.z,313.3272944528891
1.781875069,1785795213.095400507,/loadcell_data_filtered.wrench.force.z,318.7843377782079
1.782092835,1785795213.095618273,/loadcell_data_filtered.wrench.force.z,323.69081534325767
1.7821995890000002,1785795213.095725027,/loadcell_data_filtered.wrench.force.z,326.73791751654977
1.78233811,1785795213.095863548,/loadcell_data_filtered.wrench.force.z,322.57772184385675
1.782496265,1785795213.096021703,/loadcell_data_filtered.wrench.force.z,325.8309612582874
1.782634956,1785795213.096160394,/loadcell_data_filtered.wrench.force.z,326.3693946262664
1.78345617,1785795213.096981608,/loadcell_data_filtered.wrench.force.z,326.4516365894012
1.783992182,1785795213.097517620,/loadcell_data_filtered.wrench.force.z,326.3556166629686
1.784395536,1785795213.097920974,/loadcell_data_filtered.wrench.force.z,326.3695146043559
1.784863058,1785795213.098388496,/loadcell_data_filtered.wrench.force.z,326.06727804765865
1.78680876,1785795213.100334198,/loadcell_data_filtered.wrench.force.z,325.78465012817867
1.787143435,1785795213.100668873,/loadcell_data_filtered.wrench.force.z,325.5801362045843
1.787363543,1785795213.100888981,/loadcell_data_filtered.wrench.force.z,324.27763269735885
1.787576075,1785795213.101101513,/loadcell_data_filtered.wrench.force.z,318.4998676713544
1.787809317,1785795213.101334755,/loadcell_data_filtered.wrench.force.z,318.60217255586576
1.78807047,1785795213.101595908,/loadcell_data_filtered.wrench.force.z,317.147885428641
1.788317826,1785795213.101843264,/loadcell_data_filtered.wrench.force.z,312.8745323258313
1.7885653760000002,1785795213.102090814,/loadcell_data_filtered.wrench.force.z,309.0135815606509
1.7892300040000002,1785795213.102755442,/loadcell_data_filtered.wrench.force.z,304.4193137591516
1.7896228390000002,1785795213.103148277,/loadcell_data_filtered.wrench.force.z,300.94249794320734
1.790389513,1785795213.103914951,/loadcell_data_filtered.wrench.force.z,297.7080956084305
1.790587377,1785795213.104112815,/loadcell_data_filtered.wrench.force.z,295.00559471004186
1.790944165,1785795213.104469603,/loadcell_data_filtered.wrench.force.z,293.449556203451
1.7941892620000002,1785795213.107714700,/loadcell_data_filtered.wrench.force.z,292.69076567003833
1.794444875,1785795213.107970313,/loadcell_data_filtered.wrench.force.z,292.5130643125634
1.794585395,1785795213.108110833,/loadcell_data_filtered.wrench.force.z,293.0298548342505
1.794717934,1785795213.108243372,/loadcell_data_filtered.wrench.force.z,293.24518108082924
1.7948471590000001,1785795213.108372597,/loadcell_data_filtered.wrench.force.z,293.88947908383665
1.794978446,1785795213.108503884,/loadcell_data_filtered.wrench.force.z,294.29649710087216
1.7952192290000002,1785795213.108744667,/loadcell_data_filtered.wrench.force.z,294.7312983457009
1.795365861,1785795213.108891299,/loadcell_data_filtered.wrench.force.z,293.89508253995643
1.796999763,1785795213.110525201,/loadcell_data_filtered.wrench.force.z,293.282201987377
1.797455769,1785795213.110981207,/loadcell_data_filtered.wrench.force.z,292.86361684210294
1.797792247,1785795213.111317685,/loadcell_data_filtered.wrench.force.z,292.92883082103396
1.7981673790000001,1785795213.111692817,/loadcell_data_filtered.wrench.force.z,295.24839495099735
1.799111267,1785795213.112636705,/loadcell_data_filtered.wrench.force.z,299.1273150600039
1.7992812009999999,1785795213.112806639,/loadcell_data_filtered.wrench.force.z,302.7592522070037
1.799407355,1785795213.112932793,/loadcell_data_filtered.wrench.force.z,305.50474113533306
1.799537633,1785795213.113063071,/loadcell_data_filtered.wrench.force.z,301.6684618466409
1.7996496180000001,1785795213.113175056,/loadcell_data_filtered.wrench.force.z,304.2867281290859
1.800271015,1785795213.113796453,/loadcell_data_filtered.wrench.force.z,304.39577783890843
1.800477675,1785795213.114003113,/loadcell_data_filtered.wrench.force.z,305.1198675205689
1.800975411,1785795213.114500849,/loadcell_data_filtered.wrench.force.z,306.2183511534562
1.8015205380000001,1785795213.115045976,/loadcell_data_filtered.wrench.force.z,307.2860605411388
1.8019032620000002,1785795213.115428700,/loadcell_data_filtered.wrench.force.z,308.133717961407
1.802363937,1785795213.115889375,/loadcell_data_filtered.wrench.force.z,308.8651761747886
1.802837943,1785795213.116363381,/loadcell_data_filtered.wrench.force.z,310.0711824448216
1.803372135,1785795213.116897573,/loadcell_data_filtered.wrench.force.z,310.7702603740417
1.803783679,1785795213.117309117,/loadcell_data_filtered.wrench.force.z,311.37535160962966
1.804570298,1785795213.118095736,/loadcell_data_filtered.wrench.force.z,311.9825720077208
1.804806047,1785795213.118331485,/loadcell_data_filtered.wrench.force.z,307.29025845330955
1.805475173,1785795213.119000611,/loadcell_data_filtered.wrench.force.z,304.2375987827328
1.805889319,1785795213.119414757,/loadcell_data_filtered.wrench.force.z,301.3586485696169
1.806356088,1785795213.119881526,/loadcell_data_filtered.wrench.force.z,299.468555850718
1.8069586700000002,1785795213.120484108,/loadcell_data_filtered.wrench.force.z,296.9988143176802
1.811928164,1785795213.125453602,/loadcell_data_filtered.wrench.force.z,296.62633129524767
1.812498507,1785795213.126023945,/loadcell_data_filtered.wrench.force.z,296.3654650457433
1.8126520780000002,1785795213.126177516,/loadcell_data_filtered.wrench.force.z,297.30705326414306
1.8127630190000001,1785795213.126288457,/loadcell_data_filtered.wrench.force.z,298.4115326316329
1.8128813240000001,1785795213.126406762,/loadcell_data_filtered.wrench.force.z,299.8002396530732
1.813027785,1785795213.126553223,/loadcell_data_filtered.wrench.force.z,300.9680530587581
1.813179548,1785795213.126704986,/loadcell_data_filtered.wrench.force.z,301.67588071530673
1.81333091,1785795213.126856348,/loadcell_data_filtered.wrench.force.z,302.92266619741315
1.813511207,1785795213.127036645,/loadcell_data_filtered.wrench.force.z,304.1385681269734
1.81366373,1785795213.127189168,/loadcell_data_filtered.wrench.force.z,305.1804353169435
1.813821769,1785795213.127347207,/loadcell_data_filtered.wrench.force.z,306.07750651293924
1.8139581210000002,1785795213.127483559,/loadcell_data_filtered.wrench.force.z,307.487851366475
1.814077115,1785795213.127602553,/loadcell_data_filtered.wrench.force.z,312.0369317317989
1.814193998,1785795213.127719436,/loadcell_data_filtered.wrench.force.z,316.7520840013071
1.8143070090000002,1785795213.127832447,/loadcell_data_filtered.wrench.force.z,320.390076439668
1.814671882,1785795213.128197320,/loadcell_data_filtered.wrench.force.z,323.5412155935496
1.815513895,1785795213.129039333,/loadcell_data_filtered.wrench.force.z,326.6122941665142
1.8161064740000001,1785795213.129631912,/loadcell_data_filtered.wrench.force.z,328.1741387413342
1.816495609,1785795213.130021047,/loadcell_data_filtered.wrench.force.z,329.7525496184342
1.8168486810000002,1785795213.130374119,/loadcell_data_filtered.wrench.force.z,330.3861309600819
1.8173032340000002,1785795213.130828672,/loadcell_data_filtered.wrench.force.z,331.1868499269061
1.817914358,1785795213.131439796,/loadcell_data_filtered.wrench.force.z,331.7567807080991
1.8197781050000001,1785795213.133303543,/loadcell_data_filtered.wrench.force.z,332.0472647774716
1.82049027,1785795213.134015708,/loadcell_data_filtered.wrench.force.z,332.2539646357382
1.820879213,1785795213.134404651,/loadcell_data_filtered.wrench.force.z,332.82589469927524
1.8217328130000001,1785795213.135258251,/loadcell_data_filtered.wrench.force.z,333.0737109285489
1.821933637,1785795213.135459075,/loadcell_data_filtered.wrench.force.z,333.58638024346806
1.8221050970000001,1785795213.135630535,/loadcell_data_filtered.wrench.force.z,334.4155889439701
1.822273676,1785795213.135799114,/loadcell_data_filtered.wrench.force.z,330.02537117710784
1.8224377330000001,1785795213.135963171,/loadcell_data_filtered.wrench.force.z,327.5779446175733
1.822673895,1785795213.136199333,/loadcell_data_filtered.wrench.force.z,323.2707633847993
1.82284931,1785795213.136374748,/loadcell_data_filtered.wrench.force.z,319.46507402840234
1.824197322,1785795213.137722760,/loadcell_data_filtered.wrench.force.z,316.152653056867
1.824536165,1785795213.138061603,/loadcell_data_filtered.wrench.force.z,313.482751344433
1.824764097,1785795213.138289535,/loadcell_data_filtered.wrench.force.z,312.0512546010203
1.824952563,1785795213.138478001,/loadcell_data_filtered.wrench.force.z,311.7204914817272
1.825271233,1785795213.138796671,/loadcell_data_filtered.wrench.force.z,311.24765319961784
1.825910265,1785795213.139435703,/loadcell_data_filtered.wrench.force.z,310.4316540184249
1.826552971,1785795213.140078409,/loadcell_data_filtered.wrench.force.z,309.85719870231486
1.827922112,1785795213.141447550,/loadcell_data_filtered.wrench.force.z,308.7574208274323
1.828939016,1785795213.142464454,/loadcell_data_filtered.wrench.force.z,307.831697183159
1.8294070370000002,1785795213.142932475,/loadcell_data_filtered.wrench.force.z,307.5868330676507
1.8297844630000002,1785795213.143309901,/loadcell_data_filtered.wrench.force.z,306.85615179950395
1.830078457,1785795213.143603895,/loadcell_data_filtered.wrench.force.z,307.08158766331997
1.834560652,1785795213.148086090,/loadcell_data_filtered.wrench.force.z,306.7130562967917
1.83514725,1785795213.148672688,/loadcell_data_filtered.wrench.force.z,310.05065959780666
1.835337192,1785795213.148862630,/loadcell_data_filtered.wrench.force.z,314.2439623348233
1.835484075,1785795213.149009513,/loadcell_data_filtered.wrench.force.z,317.2451873553407
1.835615222,1785795213.149140660,/loadcell_data_filtered.wrench.force.z,320.10865775657567
1.835747606,1785795213.149273044,/loadcell_data_filtered.wrench.force.z,321.6167658494917
1.835880288,1785795213.149405726,/loadcell_data_filtered.wrench.force.z,323.4095827111963
1.835996709,1785795213.149522147,/loadcell_data_filtered.wrench.force.z,323.94213273766985
1.8361214000000001,1785795213.149646838,/loadcell_data_filtered.wrench.force.z,324.234373128875
1.836239912,1785795213.149765350,/loadcell_data_filtered.wrench.force.z,324.7830454165922
1.836362363,1785795213.149887801,/loadcell_data_filtered.wrench.force.z,324.66533644556085
1.8364861870000002,1785795213.150011625,/loadcell_data_filtered.wrench.force.z,323.2540288568472
1.836606962,1785795213.150132400,/loadcell_data_filtered.wrench.force.z,321.9672324503485
1.836724797,1785795213.150250235,/loadcell_data_filtered.wrench.force.z,321.4616678906287
1.836840778,1785795213.150366216,/loadcell_data_filtered.wrench.force.z,321.2077578919059
1.837336716,1785795213.150862154,/loadcell_data_filtered.wrench.force.z,320.7492096052807
1.837743046,1785795213.151268484,/loadcell_data_filtered.wrench.force.z,319.7042301047122
1.838290195,1785795213.151815633,/loadcell_data_filtered.wrench.force.z,313.68637511924953
1.838826873,1785795213.152352311,/loadcell_data_filtered.wrench.force.z,309.2664944942588
1.839220036,1785795213.152745474,/loadcell_data_filtered.wrench.force.z,305.044210531708
1.839654031,1785795213.153179469,/loadcell_data_filtered.wrench.force.z,301.46485699195046
1.8402907700000002,1785795213.153816208,/loadcell_data_filtered.wrench.force.z,297.7161241933533
1.8415024940000002,1785795213.155027932,/loadcell_data_filtered.wrench.force.z,295.63197059263126
1.84188186,1785795213.155407298,/loadcell_data_filtered.wrench.force.z,294.3660299752399
1.842210071,1785795213.155735509,/loadcell_data_filtered.wrench.force.z,293.8092252059017
1.842488879,1785795213.156014317,/loadcell_data_filtered.wrench.force.z,292.5753355086497
1.8428177140000002,1785795213.156343152,/loadcell_data_filtered.wrench.force.z,292.06485207203053
1.843373195,1785795213.156898633,/loadcell_data_filtered.wrench.force.z,291.68087788592686
1.8445126630000002,1785795213.158038101,/loadcell_data_filtered.wrench.force.z,290.6877275725561
1.84547579,1785795213.159001228,/loadcell_data_filtered.wrench.force.z,290.0371280162925
1.846005649,1785795213.159531087,/loadcell_data_filtered.wrench.force.z,289.6389541034558
1.846472516,1785795213.159997954,/loadcell_data_filtered.wrench.force.z,289.19842458580956
1.847013096,1785795213.160538534,/loadcell_data_filtered.wrench.force.z,288.5541828568267
1.847482371,1785795213.161007809,/loadcell_data_filtered.wrench.force.z,290.59100536813366
1.847866299,1785795213.161391737,/loadcell_data_filtered.wrench.force.z,294.9594274708586
1.848232473,1785795213.161757911,/loadcell_data_filtered.wrench.force.z,299.4202554926074
1.848635544,1785795213.162160982,/loadcell_data_filtered.wrench.force.z,302.9333322259902
1.849709601,1785795213.163235039,/loadcell_data_filtered.wrench.force.z,305.6326501471232
1.8500783630000002,1785795213.163603801,/loadcell_data_filtered.wrench.force.z,308.24474645118516
1.850407384,1785795213.163932822,/loadcell_data_filtered.wrench.force.z,310.2706708053712
1.850764327,1785795213.164289765,/loadcell_data_filtered.wrench.force.z,311.7298697203084
1.8511520190000001,1785795213.164677457,/loadcell_data_filtered.wrench.force.z,312.37213897039226
1.851531582,1785795213.165057020,/loadcell_data_filtered.wrench.force.z,312.9989769395144
1.853231068,1785795213.166756506,/loadcell_data_filtered.wrench.force.z,314.2160881349883
1.853429103,1785795213.166954541,/loadcell_data_filtered.wrench.force.z,314.83230031424637
1.853576844,1785795213.167102282,/loadcell_data_filtered.wrench.force.z,315.6513896991903
1.8537125470000002,1785795213.167237985,/loadcell_data_filtered.wrench.force.z,311.18617907809795
1.853840637,1785795213.167366075,/loadcell_data_filtered.wrench.force.z,310.81434337700745
1.855214445,1785795213.168739883,/loadcell_data_filtered.wrench.force.z,310.88751674345565
1.855569192,1785795213.169094630,/loadcell_data_filtered.wrench.force.z,312.2978422780172
1.855714334,1785795213.169239772,/loadcell_data_filtered.wrench.force.z,308.867801910156
1.855834433,1785795213.169359871,/loadcell_data_filtered.wrench.force.z,307.60311784322613
1.855961426,1785795213.169486864,/loadcell_data_filtered.wrench.force.z,305.243104185592
1.85633113,1785795213.169856568,/loadcell_data_filtered.wrench.force.z,303.4972194511424
1.856647452,1785795213.170172890,/loadcell_data_filtered.wrench.force.z,300.8970951063705
1.8572823170000001,1785795213.170807755,/loadcell_data_filtered.wrench.force.z,300.0088229455379
1.857598448,1785795213.171123886,/loadcell_data_filtered.wrench.force.z,299.4054100606286
1.8584863880000002,1785795213.172011826,/loadcell_data_filtered.wrench.force.z,300.1981211211572
1.861113178,1785795213.174638616,/loadcell_data_filtered.wrench.force.z,301.5952357500063
1.8616446350000002,1785795213.175170073,/loadcell_data_filtered.wrench.force.z,302.89687238117557
1.86198152,1785795213.175506958,/loadcell_data_filtered.wrench.force.z,303.9412521961075
1.86235101,1785795213.175876448,/loadcell_data_filtered.wrench.force.z,300.31137759641615
1.862708076,1785795213.176233514,/loadcell_data_filtered.wrench.force.z,300.2345555765271
1.863012832,1785795213.176538270,/loadcell_data_filtered.wrench.force.z,300.74603644699386
1.863298087,1785795213.176823525,/loadcell_data_filtered.wrench.force.z,301.59320802155264
1.86375101,1785795213.177276448,/loadcell_data_filtered.wrench.force.z,302.5932275165386
1.86415023,1785795213.177675668,/loadcell_data_filtered.wrench.force.z,296.74649666580933
1.866475849,1785795213.180001287,/loadcell_data_filtered.wrench.force.z,303.9547834128288
1.8664819970000002,1785795213.180007435,/loadcell_data_filtered.wrench.force.z,308.0123074185635
1.866497214,1785795213.180022652,/loadcell_data_filtered.wrench.force.z,313.3317314266269
1.866499578,1785795213.180025016,/loadcell_data_filtered.wrench.force.z,317.2793547526389
1.866779905,1785795213.180305343,/loadcell_data_filtered.wrench.force.z,321.316141449235
1.867136409,1785795213.180661847,/loadcell_data_filtered.wrench.force.z,324.38113125943573
1.867440865,1785795213.180966303,/loadcell_data_filtered.wrench.force.z,326.24704605420317
1.867779604,1785795213.181305042,/loadcell_data_filtered.wrench.force.z,326.9224400737291
1.868112985,1785795213.181638423,/loadcell_data_filtered.wrench.force.z,327.72976291438323
1.868433972,1785795213.181959410,/loadcell_data_filtered.wrench.force.z,328.7634092563882
1.8695147040000002,1785795213.183040142,/loadcell_data_filtered.wrench.force.z,329.73481691414105
1.8698514300000002,1785795213.183376868,/loadcell_data_filtered.wrench.force.z,329.7764644886889
1.870099046,1785795213.183624484,/loadcell_data_filtered.wrench.force.z,330.6523382018548
1.870315265,1785795213.183840703,/loadcell_data_filtered.wrench.force.z,331.587953498971
1.87051131,1785795213.184036748,/loadcell_data_filtered.wrench.force.z,331.4181520278333
1.8707297710000002,1785795213.184255209,/loadcell_data_filtered.wrench.force.z,330.835263088577
1.871093032,1785795213.184618470,/loadcell_data_filtered.wrench.force.z,330.7023019998103
1.871636727,1785795213.185162165,/loadcell_data_filtered.wrench.force.z,324.90482859606163
1.872156104,1785795213.185681542,/loadcell_data_filtered.wrench.force.z,320.9824136894418
1.8739163360000002,1785795213.187441774,/loadcell_data_filtered.wrench.force.z,317.5937455717196
1.874114949,1785795213.187640387,/loadcell_data_filtered.wrench.force.z,314.83479887577056
1.874249792,1785795213.187775230,/loadcell_data_filtered.wrench.force.z,312.5610833933968
1.8743787680000001,1785795213.187904206,/loadcell_data_filtered.wrench.force.z,311.5568152126584
1.874558739,1785795213.188084177,/loadcell_data_filtered.wrench.force.z,310.8806025959243
1.875174194,1785795213.188699632,/loadcell_data_filtered.wrench.force.z,309.8829172239252
1.87583265,1785795213.189358088,/loadcell_data_filtered.wrench.force.z,309.76519616168207
1.8760572830000002,1785795213.189582721,/loadcell_data_filtered.wrench.force.z,309.17809654283633
1.8769147890000002,1785795213.190440227,/loadcell_data_filtered.wrench.force.z,308.71737161999664
1.8774756090000002,1785795213.191001047,/loadcell_data_filtered.wrench.force.z,308.257487066836
1.878232354,1785795213.191757792,/loadcell_data_filtered.wrench.force.z,307.9166307682455
1.878845969,1785795213.192371407,/loadcell_data_filtered.wrench.force.z,307.5656448403067
1.8793165150000002,1785795213.192841953,/loadcell_data_filtered.wrench.force.z,307.46984814328744
1.879660201,1785795213.193185639,/loadcell_data_filtered.wrench.force.z,306.99765586142746
1.880220113,1785795213.193745551,/loadcell_data_filtered.wrench.force.z,310.35402914972565
1.880798414,1785795213.194323852,/loadcell_data_filtered.wrench.force.z,314.66107762021954
1.8810789890000001,1785795213.194604427,/loadcell_data_filtered.wrench.force.z,319.8669955287442
1.881283698,1785795213.194809136,/loadcell_data_filtered.wrench.force.z,323.4834825985172
1.881656889,1785795213.195182327,/loadcell_data_filtered.wrench.force.z,326.21125463619575
1.882429633,1785795213.195955071,/loadcell_data_filtered.wrench.force.z,328.9303872734024
1.883342593,1785795213.196868031,/loadcell_data_filtered.wrench.force.z,330.25386690420464
1.8837375710000002,1785795213.197263009,/loadcell_data_filtered.wrench.force.z,330.8976463053749
1.88404034,1785795213.197565778,/loadcell_data_filtered.wrench.force.z,331.3683891202601
1.884398229,1785795213.197923667,/loadcell_data_filtered.wrench.force.z,332.50140535203894
1.885461919,1785795213.198987357,/loadcell_data_filtered.wrench.force.z,333.4374188264561
1.885838834,1785795213.199364272,/loadcell_data_filtered.wrench.force.z,334.24779928651424
1.88612642,1785795213.199651858,/loadcell_data_filtered.wrench.force.z,335.0731475869087
1.886405338,1785795213.199930776,/loadcell_data_filtered.wrench.force.z,335.6439908038384
1.886722743,1785795213.200248181,/loadcell_data_filtered.wrench.force.z,336.5925493409254
1.887088563,1785795213.200614001,/loadcell_data_filtered.wrench.force.z,336.8797773240398
1.8877872400000002,1785795213.201312678,/loadcell_data_filtered.wrench.force.z,337.60037091594256
1.888136499,1785795213.201661937,/loadcell_data_filtered.wrench.force.z,332.514478037252
1.888572697,1785795213.202098135,/loadcell_data_filtered.wrench.force.z,329.79869526593194
1.8890407470000001,1785795213.202566185,/loadcell_data_filtered.wrench.force.z,326.3969226798958
1.889599022,1785795213.203124460,/loadcell_data_filtered.wrench.force.z,323.7383574535839
1.890485065,1785795213.204010503,/loadcell_data_filtered.wrench.force.z,321.2251082392295
1.890904275,1785795213.204429713,/loadcell_data_filtered.wrench.force.z,319.8624599623999
1.8912229200000001,1785795213.204748358,/loadcell_data_filtered.wrench.force.z,318.6888319889407
1.8917609940000002,1785795213.205286432,/loadcell_data_filtered.wrench.force.z,318.65297439988
1.8920974190000002,1785795213.205622857,/loadcell_data_filtered.wrench.force.z,318.96442841016517
1.8941530320000002,1785795213.207678470,/loadcell_data_filtered.wrench.force.z,319.3542278777634
1.894687952,1785795213.208213390,/loadcell_data_filtered.wrench.force.z,317.138519749999
1.8951469730000001,1785795213.208672411,/loadcell_data_filtered.wrench.force.z,311.94212938450914
1.895617182,1785795213.209142620,/loadcell_data_filtered.wrench.force.z,312.0258490478011
1.89610557,1785795213.209631008,/loadcell_data_filtered.wrench.force.z,311.0233213715103
1.896562258,1785795213.210087696,/loadcell_data_filtered.wrench.force.z,310.6531367575513
1.896961525,1785795213.210486963,/loadcell_data_filtered.wrench.force.z,310.2120661146641
1.8974133590000002,1785795213.210938797,/loadcell_data_filtered.wrench.force.z,309.94021859784095
1.897868012,1785795213.211393450,/loadcell_data_filtered.wrench.force.z,315.57954079583453
1.898265861,1785795213.211791299,/loadcell_data_filtered.wrench.force.z,319.0203960899376
1.898640903,1785795213.212166341,/loadcell_data_filtered.wrench.force.z,322.4363987137651
1.899033602,1785795213.212559040,/loadcell_data_filtered.wrench.force.z,325.38466091864626
1.899526132,1785795213.213051570,/loadcell_data_filtered.wrench.force.z,327.6507369582035
1.900355215,1785795213.213880653,/loadcell_data_filtered.wrench.force.z,328.37779047441904
1.9008485830000001,1785795213.214374021,/loadcell_data_filtered.wrench.force.z,329.3513458620199
1.901307376,1785795213.214832814,/loadcell_data_filtered.wrench.force.z,329.3674877923646
1.901659891,1785795213.215185329,/loadcell_data_filtered.wrench.force.z,330.0053319710569
1.902057184,1785795213.215582622,/loadcell_data_filtered.wrench.force.z,329.6042313855377
1.902369779,1785795213.215895217,/loadcell_data_filtered.wrench.force.z,329.5974480061209
1.9026658840000001,1785795213.216191322,/loadcell_data_filtered.wrench.force.z,329.7590506328241
1.904243939,1785795213.217769377,/loadcell_data_filtered.wrench.force.z,329.7158542086753
1.904562394,1785795213.218087832,/loadcell_data_filtered.wrench.force.z,329.3469994673899
1.904767681,1785795213.218293119,/loadcell_data_filtered.wrench.force.z,328.7488047211949
1.905003039,1785795213.218528477,/loadcell_data_filtered.wrench.force.z,321.8012178986455
1.905239548,1785795213.218764986,/loadcell_data_filtered.wrench.force.z,321.43909581199114
1.905423568,1785795213.218949006,/loadcell_data_filtered.wrench.force.z,315.47871324862916
1.906871593,1785795213.220397031,/loadcell_data_filtered.wrench.force.z,311.2485203610184
1.907253584,1785795213.220779022,/loadcell_data_filtered.wrench.force.z,307.9249038361526
1.907588557,1785795213.221113995,/loadcell_data_filtered.wrench.force.z,300.01179900732825
1.907843307,1785795213.221368745,/loadcell_data_filtered.wrench.force.z,296.1745835450922
1.9094738900000001,1785795213.222999328,/loadcell_data_filtered.wrench.force.z,294.9161033664441
1.90980166,1785795213.223327098,/loadcell_data_filtered.wrench.force.z,295.1069911812755
1.9099473960000002,1785795213.223472834,/loadcell_data_filtered.wrench.force.z,295.5804387562154
1.910079985,1785795213.223605423,/loadcell_data_filtered.wrench.force.z,289.38052913363
1.910438413,1785795213.223963851,/loadcell_data_filtered.wrench.force.z,290.2116478392206
1.9128741630000001,1785795213.226399601,/loadcell_data_filtered.wrench.force.z,289.59800623425207
1.913029807,1785795213.226555245,/loadcell_data_filtered.wrench.force.z,290.4717376973824
1.913218037,1785795213.226743475,/loadcell_data_filtered.wrench.force.z,291.21884469466653
1.913348939,1785795213.226874377,/loadcell_data_filtered.wrench.force.z,291.67777631426435
1.913552416,1785795213.227077854,/loadcell_data_filtered.wrench.force.z,292.7091341650046
1.913605454,1785795213.227130892,/loadcell_data_filtered.wrench.force.z,293.8674582513141
1.913729524,1785795213.227254962,/loadcell_data_filtered.wrench.force.z,299.27838582236427
1.913855564,1785795213.227381002,/loadcell_data_filtered.wrench.force.z,303.7736127580899
1.914874384,1785795213.228399822,/loadcell_data_filtered.wrench.force.z,308.0064301143098
1.915714049,1785795213.229239487,/loadcell_data_filtered.wrench.force.z,311.9055606643515
1.916770649,1785795213.230296087,/loadcell_data_filtered.wrench.force.z,315.10980122269734
1.9170874750000002,1785795213.230612913,/loadcell_data_filtered.wrench.force.z,318.15140624530545
1.91726167,1785795213.230787108,/loadcell_data_filtered.wrench.force.z,319.8864593438341
1.917489088,1785795213.231014526,/loadcell_data_filtered.wrench.force.z,314.5247023893667
1.918118695,1785795213.231644133,/loadcell_data_filtered.wrench.force.z,315.9087150609242
1.919103092,1785795213.232628530,/loadcell_data_filtered.wrench.force.z,316.66317272793054
1.9192441370000002,1785795213.232769575,/loadcell_data_filtered.wrench.force.z,318.6194193038611
1.9193685880000002,1785795213.232894026,/loadcell_data_filtered.wrench.force.z,320.7118662155294
1.9195117590000002,1785795213.233037197,/loadcell_data_filtered.wrench.force.z,321.90514600601904
1.9196238550000002,1785795213.233149293,/loadcell_data_filtered.wrench.force.z,323.7122939080056
1.9216571930000002,1785795213.235182631,/loadcell_data_filtered.wrench.force.z,324.4599384068836
1.92183985,1785795213.235365288,/loadcell_data_filtered.wrench.force.z,324.70417843141075
1.921970697,1785795213.235496135,/loadcell_data_filtered.wrench.force.z,325.6397607687638
1.9220952690000002,1785795213.235620707,/loadcell_data_filtered.wrench.force.z,314.2941592221999
1.9222313240000002,1785795213.235756762,/loadcell_data_filtered.wrench.force.z,312.7163813292576
1.922352054,1785795213.235877492,/loadcell_data_filtered.wrench.force.z,309.2220420445899
1.922947745,1785795213.236473183,/loadcell_data_filtered.wrench.force.z,306.80457214996704
1.9234099420000002,1785795213.236935380,/loadcell_data_filtered.wrench.force.z,304.74584802634445
1.924236303,1785795213.237761741,/loadcell_data_filtered.wrench.force.z,304.10166574390286
1.92460663,1785795213.238132068,/loadcell_data_filtered.wrench.force.z,303.44787211452035
1.924947225,1785795213.238472663,/loadcell_data_filtered.wrench.force.z,303.87662592364984
1.925426913,1785795213.238952351,/loadcell_data_filtered.wrench.force.z,304.4442038934324
1.926016034,1785795213.239541472,/loadcell_data_filtered.wrench.force.z,304.91046471046116
1.926699458,1785795213.240224896,/loadcell_data_filtered.wrench.force.z,305.2827700721318
1.927322358,1785795213.240847796,/loadcell_data_filtered.wrench.force.z,304.8702850153732
1.928038392,1785795213.241563830,/loadcell_data_filtered.wrench.force.z,304.2615837903002
1.929010644,1785795213.242536082,/loadcell_data_filtered.wrench.force.z,303.840193435479
1.929504665,1785795213.243030103,/loadcell_data_filtered.wrench.force.z,303.85991811286766
1.930148698,1785795213.243674136,/loadcell_data_filtered.wrench.force.z,303.41405250357496
1.9304602860000002,1785795213.243985724,/loadcell_data_filtered.wrench.force.z,303.31995584430894
1.930739253,1785795213.244264691,/loadcell_data_filtered.wrench.force.z,308.7790802513498
1.93103877,1785795213.244564208,/loadcell_data_filtered.wrench.force.z,312.73874097467956
1.931435465,1785795213.244960903,/loadcell_data_filtered.wrench.force.z,315.8646638002811
1.932185067,1785795213.245710505,/loadcell_data_filtered.wrench.force.z,318.33266305368704
1.932776977,1785795213.246302415,/loadcell_data_filtered.wrench.force.z,320.38581845111
1.933232566,1785795213.246758004,/loadcell_data_filtered.wrench.force.z,320.95574656386475
1.9336394010000002,1785795213.247164839,/loadcell_data_filtered.wrench.force.z,321.09764504262785
1.933988726,1785795213.247514164,/loadcell_data_filtered.wrench.force.z,320.62389385424535
1.93511036,1785795213.248635798,/loadcell_data_filtered.wrench.force.z,320.1153601300055
1.935434491,1785795213.248959929,/loadcell_data_filtered.wrench.force.z,319.7828868955174
1.936494802,1785795213.250020240,/loadcell_data_filtered.wrench.force.z,319.2577798837684
1.936912254,1785795213.250437692,/loadcell_data_filtered.wrench.force.z,318.8124541970615
1.937051821,1785795213.250577259,/loadcell_data_filtered.wrench.force.z,319.01921260900195
1.937193132,1785795213.250718570,/loadcell_data_filtered.wrench.force.z,318.9320544198484
1.9373189590000002,1785795213.250844397,/loadcell_data_filtered.wrench.force.z,318.51226628699163
1.937441947,1785795213.250967385,/loadcell_data_filtered.wrench.force.z,317.70998626656086
1.937680415,1785795213.251205853,/loadcell_data_filtered.wrench.force.z,314.7327043929776
1.938285253,1785795213.251810691,/loadcell_data_filtered.wrench.force.z,309.1434470077025
1.938749063,1785795213.252274501,/loadcell_data_filtered.wrench.force.z,304.3341836184292
1.939398856,1785795213.252924294,/loadcell_data_filtered.wrench.force.z,300.2350986041155
1.93976517,1785795213.253290608,/loadcell_data_filtered.wrench.force.z,296.46917760212096
1.94079807,1785795213.254323508,/loadcell_data_filtered.wrench.force.z,293.34372643771934
1.9412139640000001,1785795213.254739402,/loadcell_data_filtered.wrench.force.z,291.13313457872033
1.941550512,1785795213.255075950,/loadcell_data_filtered.wrench.force.z,290.0577603821997
1.9419309990000002,1785795213.255456437,/loadcell_data_filtered.wrench.force.z,289.61414582014413
1.9427852900000002,1785795213.256310728,/loadcell_data_filtered.wrench.force.z,289.07150162618666
1.943088871,1785795213.256614309,/loadcell_data_filtered.wrench.force.z,288.3112877257289
1.9433899270000001,1785795213.256915365,/loadcell_data_filtered.wrench.force.z,287.77440545427606
1.94458397,1785795213.258109408,/loadcell_data_filtered.wrench.force.z,287.4103429352382
1.945217387,1785795213.258742825,/loadcell_data_filtered.wrench.force.z,286.610206040884
1.945699851,1785795213.259225289,/loadcell_data_filtered.wrench.force.z,285.93329342647155
1.946136306,1785795213.259661744,/loadcell_data_filtered.wrench.force.z,285.4154545772027
1.946730035,1785795213.260255473,/loadcell_data_filtered.wrench.force.z,285.17723445063825
1.947482806,1785795213.261008244,/loadcell_data_filtered.wrench.force.z,289.44313288641445
1.947691528,1785795213.261216966,/loadcell_data_filtered.wrench.force.z,292.4838860086813
1.948190139,1785795213.261715577,/loadcell_data_filtered.wrench.force.z,296.228192376536
1.948664349,1785795213.262189787,/loadcell_data_filtered.wrench.force.z,299.32852670836337
1.949076113,1785795213.262601551,/loadcell_data_filtered.wrench.force.z,301.55346863018815
1.9495737340000001,1785795213.263099172,/loadcell_data_filtered.wrench.force.z,303.3090873758706
1.9542280980000002,1785795213.267753536,/loadcell_data_filtered.wrench.force.z,304.3062772209539
1.954834794,1785795213.268360232,/loadcell_data_filtered.wrench.force.z,304.30661219882626
1.955048872,1785795213.268574310,/loadcell_data_filtered.wrench.force.z,304.7435764399007
1.9552230380000002,1785795213.268748476,/loadcell_data_filtered.wrench.force.z,305.81686758380886
1.955386072,1785795213.268911510,/loadcell_data_filtered.wrench.force.z,306.29051545737894
1.955586838,1785795213.269112276,/loadcell_data_filtered.wrench.force.z,307.1499094828054
1.9558043870000001,1785795213.269329825,/loadcell_data_filtered.wrench.force.z,307.6029957135847
1.955984058,1785795213.269509496,/loadcell_data_filtered.wrench.force.z,308.273956049818
1.956144692,1785795213.269670130,/loadcell_data_filtered.wrench.force.z,308.62114888302045
1.956297771,1785795213.269823209,/loadcell_data_filtered.wrench.force.z,308.8355536023515
1.956457995,1785795213.269983433,/loadcell_data_filtered.wrench.force.z,309.1066729590734
1.956620916,1785795213.270146354,/loadcell_data_filtered.wrench.force.z,303.59017151188766
1.956827737,1785795213.270353175,/loadcell_data_filtered.wrench.force.z,299.72265331531713
1.957156142,1785795213.270681580,/loadcell_data_filtered.wrench.force.z,294.7131943233352
1.9574317950000002,1785795213.270957233,/loadcell_data_filtered.wrench.force.z,288.54248101507915
1.957695105,1785795213.271220543,/loadcell_data_filtered.wrench.force.z,282.5583216671372
1.957900742,1785795213.271426180,/loadcell_data_filtered.wrench.force.z,281.0901305180302
1.958082015,1785795213.271607453,/loadcell_data_filtered.wrench.force.z,279.55368137749986
1.958313676,1785795213.271839114,/loadcell_data_filtered.wrench.force.z,279.7028604625821
1.958977306,1785795213.272502744,/loadcell_data_filtered.wrench.force.z,280.3628211132043
1.959267975,1785795213.272793413,/loadcell_data_filtered.wrench.force.z,280.9357086519762
1.959977022,1785795213.273502460,/loadcell_data_filtered.wrench.force.z,281.1966598510948
1.960436891,1785795213.273962329,/loadcell_data_filtered.wrench.force.z,281.46377710796935
1.960859624,1785795213.274385062,/loadcell_data_filtered.wrench.force.z,281.85982010037407
1.96155619,1785795213.275081628,/loadcell_data_filtered.wrench.force.z,282.1224799461004
1.961972518,1785795213.275497956,/loadcell_data_filtered.wrench.force.z,282.65314250622146
1.963856609,1785795213.277382047,/loadcell_data_filtered.wrench.force.z,283.16541253453295
1.9641051850000002,1785795213.277630623,/loadcell_data_filtered.wrench.force.z,283.9234447734719
1.964284475,1785795213.277809913,/loadcell_data_filtered.wrench.force.z,291.34722028880145
1.964485204,1785795213.278010642,/loadcell_data_filtered.wrench.force.z,296.4852289679513
1.964880924,1785795213.278406362,/loadcell_data_filtered.wrench.force.z,300.3722684738406
1.965142817,1785795213.278668255,/loadcell_data_filtered.wrench.force.z,304.4527350050128
1.965442388,1785795213.278967826,/loadcell_data_filtered.wrench.force.z,308.1178980902077
1.965712247,1785795213.279237685,/loadcell_data_filtered.wrench.force.z,310.69187892304103
1.966391174,1785795213.279916612,/loadcell_data_filtered.wrench.force.z,312.51709383624194
1.967703709,1785795213.281229147,/loadcell_data_filtered.wrench.force.z,313.6091583279075
1.967887822,1785795213.281413260,/loadcell_data_filtered.wrench.force.z,315.3286635161348
1.9682528700000002,1785795213.281778308,/loadcell_data_filtered.wrench.force.z,317.0202052709741
1.96839768,1785795213.281923118,/loadcell_data_filtered.wrench.force.z,319.406322062464
1.970530664,1785795213.284056102,/loadcell_data_filtered.wrench.force.z,320.97210152781565
1.97070092,1785795213.284226358,/loadcell_data_filtered.wrench.force.z,322.2314132016303
1.9708442910000001,1785795213.284369729,/loadcell_data_filtered.wrench.force.z,323.61288554754077
1.970975925,1785795213.284501363,/loadcell_data_filtered.wrench.force.z,318.2933403124702
1.9717828050000001,1785795213.285308243,/loadcell_data_filtered.wrench.force.z,319.89331621381575
1.972662506,1785795213.286187944,/loadcell_data_filtered.wrench.force.z,318.3988674772336
1.972926919,1785795213.286452357,/loadcell_data_filtered.wrench.force.z,316.0474543406631
1.9731117020000002,1785795213.286637140,/loadcell_data_filtered.wrench.force.z,313.82206501404977
1.973275705,1785795213.286801143,/loadcell_data_filtered.wrench.force.z,311.5366486686048
1.9734938510000002,1785795213.287019289,/loadcell_data_filtered.wrench.force.z,308.94754910998756
1.973778427,1785795213.287303865,/loadcell_data_filtered.wrench.force.z,307.65079431068295
1.974261479,1785795213.287786917,/loadcell_data_filtered.wrench.force.z,307.23318412824057
1.974632849,1785795213.288158287,/loadcell_data_filtered.wrench.force.z,307.9507873791105
1.975325636,1785795213.288851074,/loadcell_data_filtered.wrench.force.z,309.196496314706
1.975774638,1785795213.289300076,/loadcell_data_filtered.wrench.force.z,310.54747417455275
1.976035779,1785795213.289561217,/loadcell_data_filtered.wrench.force.z,311.4019171228095
1.9769638500000002,1785795213.290489288,/loadcell_data_filtered.wrench.force.z,312.06892939216783
1.9775948790000002,1785795213.291120317,/loadcell_data_filtered.wrench.force.z,312.2407923939743
1.977942496,1785795213.291467934,/loadcell_data_filtered.wrench.force.z,312.4805631103458
1.978382677,1785795213.291908115,/loadcell_data_filtered.wrench.force.z,312.5727971343652
1.978852719,1785795213.292378157,/loadcell_data_filtered.wrench.force.z,313.0371712746032
1.981713609,1785795213.295239047,/loadcell_data_filtered.wrench.force.z,312.79579387826374
1.981743996,1785795213.295269434,/loadcell_data_filtered.wrench.force.z,318.17939315126614
1.9817484150000002,1785795213.295273853,/loadcell_data_filtered.wrench.force.z,314.9480423387023
1.981752051,1785795213.295277489,/loadcell_data_filtered.wrench.force.z,319.891602734182
1.985579892,1785795213.299105330,/loadcell_data_filtered.wrench.force.z,322.7753924010109
1.986070243,1785795213.299595681,/loadcell_data_filtered.wrench.force.z,325.16048602163454
1.986381528,1785795213.299906966,/loadcell_data_filtered.wrench.force.z,327.0541176149828
1.986708915,1785795213.300234353,/loadcell_data_filtered.wrench.force.z,328.343646662276
1.986999215,1785795213.300524653,/loadcell_data_filtered.wrench.force.z,328.8825801093261
1.987258238,1785795213.300783676,/loadcell_data_filtered.wrench.force.z,328.4978813089213
1.987521437,1785795213.301046875,/loadcell_data_filtered.wrench.force.z,328.35309321589403
1.9878593210000002,1785795213.301384759,/loadcell_data_filtered.wrench.force.z,328.58475362166826
1.988214689,1785795213.301740127,/loadcell_data_filtered.wrench.force.z,328.4611949184302
1.9884982560000002,1785795213.302023694,/loadcell_data_filtered.wrench.force.z,327.94798035476987
1.98874568,1785795213.302271118,/loadcell_data_filtered.wrench.force.z,327.55695441918095
1.988980728,1785795213.302506166,/loadcell_data_filtered.wrench.force.z,327.46021637471944
1.989214717,1785795213.302740155,/loadcell_data_filtered.wrench.force.z,326.851657477111
1.989401592,1785795213.302927030,/loadcell_data_filtered.wrench.force.z,326.07623286609277
1.989575158,1785795213.303100596,/loadcell_data_filtered.wrench.force.z,319.6597451197457
1.989730201,1785795213.303255639,/loadcell_data_filtered.wrench.force.z,315.4839107645391
1.992213685,1785795213.305739123,/loadcell_data_filtered.wrench.force.z,311.01134481913715
1.9925744440000002,1785795213.306099882,/loadcell_data_filtered.wrench.force.z,308.0386620527681
1.992776191,1785795213.306301629,/loadcell_data_filtered.wrench.force.z,304.51316590963035
1.993069986,1785795213.306595424,/loadcell_data_filtered.wrench.force.z,303.09412981461696
1.993382924,1785795213.306908362,/loadcell_data_filtered.wrench.force.z,300.99065546660233
1.9937109100000001,1785795213.307236348,/loadcell_data_filtered.wrench.force.z,293.3099922929554
1.994012453,1785795213.307537891,/loadcell_data_filtered.wrench.force.z,293.10583417829406
1.994913472,1785795213.308438910,/loadcell_data_filtered.wrench.force.z,291.3638068297358
1.995473574,1785795213.308999012,/loadcell_data_filtered.wrench.force.z,290.7804678360556
1.9960890550000001,1785795213.309614493,/loadcell_data_filtered.wrench.force.z,290.5059538465846
1.9964822720000002,1785795213.310007710,/loadcell_data_filtered.wrench.force.z,289.4591481710182
1.9968517330000002,1785795213.310377171,/loadcell_data_filtered.wrench.force.z,288.59666189114887
1.997147696,1785795213.310673134,/loadcell_data_filtered.wrench.force.z,287.8645434967878
1.9974292070000002,1785795213.310954645,/loadcell_data_filtered.wrench.force.z,287.38429932635194
1.997950065,1785795213.311475503,/loadcell_data_filtered.wrench.force.z,287.3413688304342
1.998410736,1785795213.311936174,/loadcell_data_filtered.wrench.force.z,292.7578167728703
1.998755304,1785795213.312280742,/loadcell_data_filtered.wrench.force.z,297.4061885349546
2.000320539,1785795213.313845977,/loadcell_data_filtered.wrench.force.z,300.7475833315614
2.00032519,1785795213.313850628,/loadcell_data_filtered.wrench.force.z,304.47290542580146
2.000677823,1785795213.314203261,/loadcell_data_filtered.wrench.force.z,307.35799472494966
2.001097731,1785795213.314623169,/loadcell_data_filtered.wrench.force.z,308.6209255111658
2.001509244,1785795213.315034682,/loadcell_data_filtered.wrench.force.z,309.4306464833033
2.001956452,1785795213.315481890,/loadcell_data_filtered.wrench.force.z,309.70965780113085
2.002375573,1785795213.315901011,/loadcell_data_filtered.wrench.force.z,310.0702204237258
2.002720746,1785795213.316246184,/loadcell_data_filtered.wrench.force.z,310.16555148415557
2.003001593,1785795213.316527031,/loadcell_data_filtered.wrench.force.z,310.5896940558468
2.003245269,1785795213.316770707,/loadcell_data_filtered.wrench.force.z,311.0273497270726
2.003482239,1785795213.317007677,/loadcell_data_filtered.wrench.force.z,311.80777129806484
2.003710135,1785795213.317235573,/loadcell_data_filtered.wrench.force.z,312.5551703382117
2.003961801,1785795213.317487239,/loadcell_data_filtered.wrench.force.z,313.21751506279173
2.00419645,1785795213.317721888,/loadcell_data_filtered.wrench.force.z,313.47167943551005
2.004897927,1785795213.318423365,/loadcell_data_filtered.wrench.force.z,310.69139914645
2.005211552,1785795213.318736990,/loadcell_data_filtered.wrench.force.z,307.1363551839503
2.005462873,1785795213.318988311,/loadcell_data_filtered.wrench.force.z,303.1728576404368
2.005983054,1785795213.319508492,/loadcell_data_filtered.wrench.force.z,300.45060822763804
2.008282896,1785795213.321808334,/loadcell_data_filtered.wrench.force.z,298.1302959565307
2.009166572,1785795213.322692010,/loadcell_data_filtered.wrench.force.z,295.92146483898443
2.00952728,1785795213.323052718,/loadcell_data_filtered.wrench.force.z,295.54809377537356
2.009932183,1785795213.323457621,/loadcell_data_filtered.wrench.force.z,296.9533109884656
2.010466198,1785795213.323991636,/loadcell_data_filtered.wrench.force.z,298.2987285214674
2.010953417,1785795213.324478855,/loadcell_data_filtered.wrench.force.z,298.8690959040236
2.011399463,1785795213.324924901,/loadcell_data_filtered.wrench.force.z,299.992911005661
2.011840575,1785795213.325366013,/loadcell_data_filtered.wrench.force.z,299.7124803013886
2.012240469,1785795213.325765907,/loadcell_data_filtered.wrench.force.z,299.2322031710794
2.012632642,1785795213.326158080,/loadcell_data_filtered.wrench.force.z,299.1212921816844
2.012966559,1785795213.326491997,/loadcell_data_filtered.wrench.force.z,298.9998519227406
2.01335926,1785795213.326884698,/loadcell_data_filtered.wrench.force.z,299.4259015673123
2.014348977,1785795213.327874415,/loadcell_data_filtered.wrench.force.z,299.52927942647693
2.014750934,1785795213.328276372,/loadcell_data_filtered.wrench.force.z,305.7955504317456
2.015694015,1785795213.329219453,/loadcell_data_filtered.wrench.force.z,309.27133499802625
2.016037065,1785795213.329562503,/loadcell_data_filtered.wrench.force.z,314.37201279203924
2.016324602,1785795213.329850040,/loadcell_data_filtered.wrench.force.z,318.3939611178258
2.016589362,1785795213.330114800,/loadcell_data_filtered.wrench.force.z,321.15678842323865
2.018624618,1785795213.332150056,/loadcell_data_filtered.wrench.force.z,323.69625124721193
2.018638545,1785795213.332163983,/loadcell_data_filtered.wrench.force.z,326.3488037014076
2.018641866,1785795213.332167304,/loadcell_data_filtered.wrench.force.z,326.77251408803454
2.018679966,1785795213.332205404,/loadcell_data_filtered.wrench.force.z,326.8157670344967
2.018682884,1785795213.332208322,/loadcell_data_filtered.wrench.force.z,327.3887330878851
2.018804941,1785795213.332330379,/loadcell_data_filtered.wrench.force.z,328.1888605970677
2.019195306,1785795213.332720744,/loadcell_data_filtered.wrench.force.z,329.02383802617044
2.019610982,1785795213.333136420,/loadcell_data_filtered.wrench.force.z,329.742478278692
2.020023247,1785795213.333548685,/loadcell_data_filtered.wrench.force.z,330.55167723832994
2.021727529,1785795213.335252967,/loadcell_data_filtered.wrench.force.z,331.163088600669
2.021984754,1785795213.335510192,/loadcell_data_filtered.wrench.force.z,331.97403124435897
2.022163691,1785795213.335689129,/loadcell_data_filtered.wrench.force.z,331.925209123527
2.022323508,1785795213.335848946,/loadcell_data_filtered.wrench.force.z,320.6841730148215
2.022518726,1785795213.336044164,/loadcell_data_filtered.wrench.force.z,318.54490474083207
2.022706353,1785795213.336231791,/loadcell_data_filtered.wrench.force.z,314.8928347063636
2.022998154,1785795213.336523592,/loadcell_data_filtered.wrench.force.z,312.83517705647387
2.023408353,1785795213.336933791,/loadcell_data_filtered.wrench.force.z,310.8063236263175
2.024347159,1785795213.337872597,/loadcell_data_filtered.wrench.force.z,310.36565220753823
2.024733343,1785795213.338258781,/loadcell_data_filtered.wrench.force.z,310.2511661747745
2.027079651,1785795213.340605089,/loadcell_data_filtered.wrench.force.z,311.1133068944084
2.027497449,1785795213.341022887,/loadcell_data_filtered.wrench.force.z,312.24935452686225
2.027925538,1785795213.341450976,/loadcell_data_filtered.wrench.force.z,313.1364162644821
2.028383347,1785795213.341908785,/loadcell_data_filtered.wrench.force.z,308.5925117846379
2.028916436,1785795213.342441874,/loadcell_data_filtered.wrench.force.z,308.2880976144329
2.029368571,1785795213.342894009,/loadcell_data_filtered.wrench.force.z,308.48469530604143
2.029854488,1785795213.343379926,/loadcell_data_filtered.wrench.force.z,308.98861448405927
2.030336737,1785795213.343862175,/loadcell_data_filtered.wrench.force.z,309.53446956838803
2.030782109,1785795213.344307547,/loadcell_data_filtered.wrench.force.z,310.0328148042824
2.03125361,1785795213.344779048,/loadcell_data_filtered.wrench.force.z,311.3815757494682
2.031721826,1785795213.345247264,/loadcell_data_filtered.wrench.force.z,317.86020226588715
2.032059134,1785795213.345584572,/loadcell_data_filtered.wrench.force.z,322.9363256724893
2.032325584,1785795213.345851022,/loadcell_data_filtered.wrench.force.z,327.0334632797538
2.032650724,1785795213.346176162,/loadcell_data_filtered.wrench.force.z,330.65153117772536
2.032926749,1785795213.346452187,/loadcell_data_filtered.wrench.force.z,333.9514267755988
2.03315833,1785795213.346683768,/loadcell_data_filtered.wrench.force.z,335.9257506670654
2.035497516,1785795213.349022954,/loadcell_data_filtered.wrench.force.z,337.05235328222665
2.035744843,1785795213.349270281,/loadcell_data_filtered.wrench.force.z,337.16822621946676
2.035942292,1785795213.349467730,/loadcell_data_filtered.wrench.force.z,338.54233638740436
2.036125524,1785795213.349650962,/loadcell_data_filtered.wrench.force.z,339.6893414412029
2.036281843,1785795213.349807281,/loadcell_data_filtered.wrench.force.z,340.63678912171184
2.036438017,1785795213.349963455,/loadcell_data_filtered.wrench.force.z,341.7648004591916
2.03660726,1785795213.350132698,/loadcell_data_filtered.wrench.force.z,341.94374287392577
2.036802073,1785795213.350327511,/loadcell_data_filtered.wrench.force.z,341.62563868090444
2.036975454,1785795213.350500892,/loadcell_data_filtered.wrench.force.z,342.20675581487865
2.039105348,1785795213.352630786,/loadcell_data_filtered.wrench.force.z,342.07666335290145
2.039447425,1785795213.352972863,/loadcell_data_filtered.wrench.force.z,338.1046047755764
2.03962649,1785795213.353151928,/loadcell_data_filtered.wrench.force.z,335.9464570317165
2.039776011,1785795213.353301449,/loadcell_data_filtered.wrench.force.z,332.36474912588886
2.039930182,1785795213.353455620,/loadcell_data_filtered.wrench.force.z,329.3586605115193
2.040124273,1785795213.353649711,/loadcell_data_filtered.wrench.force.z,325.91391948801095
2.040517437,1785795213.354042875,/loadcell_data_filtered.wrench.force.z,322.09952971977157
2.040983531,1785795213.354508969,/loadcell_data_filtered.wrench.force.z,320.14816003819647
2.041380478,1785795213.354905916,/loadcell_data_filtered.wrench.force.z,319.0336741390044
2.041941944,1785795213.355467382,/loadcell_data_filtered.wrench.force.z,318.2715704967687
2.042664441,1785795213.356189879,/loadcell_data_filtered.wrench.force.z,317.62528431120234
2.042871056,1785795213.356396494,/loadcell_data_filtered.wrench.force.z,316.8943212500793
2.043970658,1785795213.357496096,/loadcell_data_filtered.wrench.force.z,316.2038669675391
2.04414317,1785795213.357668608,/loadcell_data_filtered.wrench.force.z,314.9603526468132
2.044558781,1785795213.358084219,/loadcell_data_filtered.wrench.force.z,313.60804604187666
2.044904113,1785795213.358429551,/loadcell_data_filtered.wrench.force.z,312.09017382969733
2.045433834,1785795213.358959272,/loadcell_data_filtered.wrench.force.z,310.41391819334854
2.045966792,1785795213.359492230,/loadcell_data_filtered.wrench.force.z,308.994699638544
2.046379016,1785795213.359904454,/loadcell_data_filtered.wrench.force.z,313.01028429411565
2.046917518,1785795213.360442956,/loadcell_data_filtered.wrench.force.z,315.07327856798986
2.047272303,1785795213.360797741,/loadcell_data_filtered.wrench.force.z,317.74757481564285
2.047759493,1785795213.361284931,/loadcell_data_filtered.wrench.force.z,319.8379222011484
2.048277428,1785795213.361802866,/loadcell_data_filtered.wrench.force.z,321.20877328361786
2.049016349,1785795213.362541787,/loadcell_data_filtered.wrench.force.z,321.42228421696586
2.049872918,1785795213.363398356,/loadcell_data_filtered.wrench.force.z,321.1811035042212
2.050302139,1785795213.363827577,/loadcell_data_filtered.wrench.force.z,320.2644371723078
2.050738358,1785795213.364263796,/loadcell_data_filtered.wrench.force.z,318.9450198823966
2.051110758,1785795213.364636196,/loadcell_data_filtered.wrench.force.z,317.821398810906
2.054443089,1785795213.367968527,/loadcell_data_filtered.wrench.force.z,316.6314858304791
2.054837554,1785795213.368362992,/loadcell_data_filtered.wrench.force.z,315.60473400455504
2.05500017,1785795213.368525608,/loadcell_data_filtered.wrench.force.z,315.3305919267777
2.055139905,1785795213.368665343,/loadcell_data_filtered.wrench.force.z,315.16432033037546
2.055276394,1785795213.368801832,/loadcell_data_filtered.wrench.force.z,315.1628959496097
2.055414514,1785795213.368939952,/loadcell_data_filtered.wrench.force.z,315.225767216087
2.055552933,1785795213.369078371,/loadcell_data_filtered.wrench.force.z,314.8306223173445
2.055674966,1785795213.369200404,/loadcell_data_filtered.wrench.force.z,309.31529133462715
2.056406031,1785795213.369931469,/loadcell_data_filtered.wrench.force.z,304.0743843851842
2.056531956,1785795213.370057394,/loadcell_data_filtered.wrench.force.z,298.8998349281358
2.056682282,1785795213.370207720,/loadcell_data_filtered.wrench.force.z,288.7355997523115
2.056839776,1785795213.370365214,/loadcell_data_filtered.wrench.force.z,285.74470056397956
2.057384215,1785795213.370909653,/loadcell_data_filtered.wrench.force.z,283.39949669616954
2.057763938,1785795213.371289376,/loadcell_data_filtered.wrench.force.z,282.24300214459646
2.059047741,1785795213.372573179,/loadcell_data_filtered.wrench.force.z,282.0858888324635
2.059269619,1785795213.372795057,/loadcell_data_filtered.wrench.force.z,281.9726597812496
2.059419099,1785795213.372944537,/loadcell_data_filtered.wrench.force.z,282.70646718897035
2.060067599,1785795213.373593037,/loadcell_data_filtered.wrench.force.z,282.46283066275987
2.060636354,1785795213.374161792,/loadcell_data_filtered.wrench.force.z,281.74421723221894
2.06089146,1785795213.374416898,/loadcell_data_filtered.wrench.force.z,281.4669850415041
2.06165464,1785795213.375180078,/loadcell_data_filtered.wrench.force.z,281.18650680734373
2.0619156690000002,1785795213.375441107,/loadcell_data_filtered.wrench.force.z,280.99234598001806
2.062380015,1785795213.375905453,/loadcell_data_filtered.wrench.force.z,280.8849132855792
2.06283055,1785795213.376355988,/loadcell_data_filtered.wrench.force.z,282.51519171112324
2.063596831,1785795213.377122269,/loadcell_data_filtered.wrench.force.z,287.8156040093099
2.064302204,1785795213.377827642,/loadcell_data_filtered.wrench.force.z,292.31618703500766
2.067882174,1785795213.381407612,/loadcell_data_filtered.wrench.force.z,296.16505270083405
2.068050796,1785795213.381576234,/loadcell_data_filtered.wrench.force.z,299.80679706929493
2.068187144,1785795213.381712582,/loadcell_data_filtered.wrench.force.z,303.012913945023
2.068314752,1785795213.381840190,/loadcell_data_filtered.wrench.force.z,305.1296595467857
2.068435738,1785795213.381961176,/loadcell_data_filtered.wrench.force.z,306.3521688646946
2.068567313,1785795213.382092751,/loadcell_data_filtered.wrench.force.z,307.07901919348024
2.068684477,1785795213.382209915,/loadcell_data_filtered.wrench.force.z,307.91184582452246
2.069317671,1785795213.382843109,/loadcell_data_filtered.wrench.force.z,308.5929600375096
2.069516086,1785795213.383041524,/loadcell_data_filtered.wrench.force.z,310.16327148985016
2.070345397,1785795213.383870835,/loadcell_data_filtered.wrench.force.z,311.1728907504557
2.070444714,1785795213.383970152,/loadcell_data_filtered.wrench.force.z,312.72777215256775
2.070686201,1785795213.384211639,/loadcell_data_filtered.wrench.force.z,313.879273631428
2.070794806,1785795213.384320244,/loadcell_data_filtered.wrench.force.z,314.59244051801966
2.070912501,1785795213.384437939,/loadcell_data_filtered.wrench.force.z,316.28776709011925
2.071564598,1785795213.385090036,/loadcell_data_filtered.wrench.force.z,312.8234111062163
2.071744379,1785795213.385269817,/loadcell_data_filtered.wrench.force.z,310.3916634605271
2.074194302,1785795213.387719740,/loadcell_data_filtered.wrench.force.z,307.4956344622897
2.074530396,1785795213.388055834,/loadcell_data_filtered.wrench.force.z,305.0697151449797
2.07466505,1785795213.388190488,/loadcell_data_filtered.wrench.force.z,303.9354611187482
2.07481861,1785795213.388344048,/loadcell_data_filtered.wrench.force.z,303.6185514033045
2.074969754,1785795213.388495192,/loadcell_data_filtered.wrench.force.z,303.74204177487997
2.07514691,1785795213.388672348,/loadcell_data_filtered.wrench.force.z,305.0954292466549
2.075460981,1785795213.388986419,/loadcell_data_filtered.wrench.force.z,305.63834336450424
2.075984585,1785795213.389510023,/loadcell_data_filtered.wrench.force.z,307.2206289149537
2.076499495,1785795213.390024933,/loadcell_data_filtered.wrench.force.z,308.46767081964606
2.076826929,1785795213.390352367,/loadcell_data_filtered.wrench.force.z,309.62301372556374
2.077390767,1785795213.390916205,/loadcell_data_filtered.wrench.force.z,310.94796405610106
2.07787167,1785795213.391397108,/loadcell_data_filtered.wrench.force.z,311.87002890238824
2.078408949,1785795213.391934387,/loadcell_data_filtered.wrench.force.z,313.07642710387034
2.079019562,1785795213.392545000,/loadcell_data_filtered.wrench.force.z,314.477298569262
2.079278287,1785795213.392803725,/loadcell_data_filtered.wrench.force.z,315.36064393655283
2.079884127,1785795213.393409565,/loadcell_data_filtered.wrench.force.z,322.31423289360464
2.080328712,1785795213.393854150,/loadcell_data_filtered.wrench.force.z,326.9670915354404
2.080696602,1785795213.394222040,/loadcell_data_filtered.wrench.force.z,331.9257939730356
2.081368548,1785795213.394893986,/loadcell_data_filtered.wrench.force.z,336.32846723853856
2.081807056,1785795213.395332494,/loadcell_data_filtered.wrench.force.z,340.48726036235445
2.083155333,1785795213.396680771,/loadcell_data_filtered.wrench.force.z,343.35477233013137
2.083328175,1785795213.396853613,/loadcell_data_filtered.wrench.force.z,345.69511580403923
2.083489523,1785795213.397014961,/loadcell_data_filtered.wrench.force.z,347.812210472564
2.083893175,1785795213.397418613,/loadcell_data_filtered.wrench.force.z,348.9959514328603
2.084117677,1785795213.397643115,/loadcell_data_filtered.wrench.force.z,350.0784713781068
2.08459532,1785795213.398120758,/loadcell_data_filtered.wrench.force.z,351.2716604125702
2.085173143,1785795213.398698581,/loadcell_data_filtered.wrench.force.z,352.37148242282706
2.085775484,1785795213.399300922,/loadcell_data_filtered.wrench.force.z,353.03835482518633
2.086223632,1785795213.399749070,/loadcell_data_filtered.wrench.force.z,353.8082683977196
2.087011527,1785795213.400536965,/loadcell_data_filtered.wrench.force.z,354.5017376458124
2.087372728,1785795213.400898166,/loadcell_data_filtered.wrench.force.z,355.48684426837605
2.08774332,1785795213.401268758,/loadcell_data_filtered.wrench.force.z,355.86553248369785
2.088073851,1785795213.401599289,/loadcell_data_filtered.wrench.force.z,350.80481721243615
2.088581327,1785795213.402106765,/loadcell_data_filtered.wrench.force.z,347.0116722658184
2.089224301,1785795213.402749739,/loadcell_data_filtered.wrench.force.z,343.8297342093535
2.089647284,1785795213.403172722,/loadcell_data_filtered.wrench.force.z,340.70991938574144
2.090172097,1785795213.403697535,/loadcell_data_filtered.wrench.force.z,337.90350092016115
2.090885321,1785795213.404410759,/loadcell_data_filtered.wrench.force.z,336.0457824092055
2.0912061140000002,1785795213.404731552,/loadcell_data_filtered.wrench.force.z,335.2609699058161
2.0916882980000002,1785795213.405213736,/loadcell_data_filtered.wrench.force.z,335.0489351048355
2.092346225,1785795213.405871663,/loadcell_data_filtered.wrench.force.z,334.3908523298685
2.093118391,1785795213.406643829,/loadcell_data_filtered.wrench.force.z,333.7476344729245
2.093876581,1785795213.407402019,/loadcell_data_filtered.wrench.force.z,332.7876349244062
2.094536454,1785795213.408061892,/loadcell_data_filtered.wrench.force.z,331.28527902412156
2.095025076,1785795213.408550514,/loadcell_data_filtered.wrench.force.z,330.36159508257435
2.095650678,1785795213.409176116,/loadcell_data_filtered.wrench.force.z,329.0494757082461
2.096237455,1785795213.409762893,/loadcell_data_filtered.wrench.force.z,327.7149249033376
2.097114949,1785795213.410640387,/loadcell_data_filtered.wrench.force.z,326.27868484735063
2.100360515,1785795213.413885953,/loadcell_data_filtered.wrench.force.z,327.58049855710607
2.100378998,1785795213.413904436,/loadcell_data_filtered.wrench.force.z,330.47466761381554
2.100383178,1785795213.413908616,/loadcell_data_filtered.wrench.force.z,333.7924403853146
2.100895348,1785795213.414420786,/loadcell_data_filtered.wrench.force.z,336.06386341520454
2.101916467,1785795213.415441905,/loadcell_data_filtered.wrench.force.z,337.4161222396381
2.102426517,1785795213.415951955,/loadcell_data_filtered.wrench.force.z,339.0975761398625
2.102852781,1785795213.416378219,/loadcell_data_filtered.wrench.force.z,339.8142864613941
2.103232287,1785795213.416757725,/loadcell_data_filtered.wrench.force.z,339.99708806329136
2.103619929,1785795213.417145367,/loadcell_data_filtered.wrench.force.z,339.5036731704469
2.103971076,1785795213.417496514,/loadcell_data_filtered.wrench.force.z,338.62487219238454
2.104309103,1785795213.417834541,/loadcell_data_filtered.wrench.force.z,337.4365712921257
2.104715283,1785795213.418240721,/loadcell_data_filtered.wrench.force.z,335.15633300540463
2.105013804,1785795213.418539242,/loadcell_data_filtered.wrench.force.z,333.7698941960218
2.105215265,1785795213.418740703,/loadcell_data_filtered.wrench.force.z,327.56601297472145
2.105500026,1785795213.419025464,/loadcell_data_filtered.wrench.force.z,324.82819295067935
2.105737589,1785795213.419263027,/loadcell_data_filtered.wrench.force.z,323.1839125157972
2.105940934,1785795213.419466372,/loadcell_data_filtered.wrench.force.z,322.07285448029296
2.106117564,1785795213.419643002,/loadcell_data_filtered.wrench.force.z,316.49395883210616
2.106275121,1785795213.419800559,/loadcell_data_filtered.wrench.force.z,312.9453480541399
2.106430567,1785795213.419956005,/loadcell_data_filtered.wrench.force.z,308.14441294216357
2.106620642,1785795213.420146080,/loadcell_data_filtered.wrench.force.z,304.99689342669643
2.106826802,1785795213.420352240,/loadcell_data_filtered.wrench.force.z,300.7535851360473
2.107792547,1785795213.421317985,/loadcell_data_filtered.wrench.force.z,298.0770433153464
2.108046609,1785795213.421572047,/loadcell_data_filtered.wrench.force.z,296.2918820714193
2.108287087,1785795213.421812525,/loadcell_data_filtered.wrench.force.z,296.3156492536233
2.108632867,1785795213.422158305,/loadcell_data_filtered.wrench.force.z,295.8960639219231
2.109041823,1785795213.422567261,/loadcell_data_filtered.wrench.force.z,295.899336651773
2.109608486,1785795213.423133924,/loadcell_data_filtered.wrench.force.z,296.1705100781319
2.111538674,1785795213.425064112,/loadcell_data_filtered.wrench.force.z,296.48445955586004
2.111565092,1785795213.425090530,/loadcell_data_filtered.wrench.force.z,296.8976184242776
2.111570812,1785795213.425096250,/loadcell_data_filtered.wrench.force.z,297.3175239078199
2.112074913,1785795213.425600351,/loadcell_data_filtered.wrench.force.z,297.6615485249294
2.112685161,1785795213.426210599,/loadcell_data_filtered.wrench.force.z,298.4483744401832
2.113196577,1785795213.426722015,/loadcell_data_filtered.wrench.force.z,299.0621091331159
2.113720682,1785795213.427246120,/loadcell_data_filtered.wrench.force.z,305.52796822474244
2.11434511,1785795213.427870548,/loadcell_data_filtered.wrench.force.z,310.27676988552776
2.115970705,1785795213.429496143,/loadcell_data_filtered.wrench.force.z,315.07776173445865
2.116312046,1785795213.429837484,/loadcell_data_filtered.wrench.force.z,319.73424022345455
2.116633942,1785795213.430159380,/loadcell_data_filtered.wrench.force.z,324.0250730487702
2.116880986,1785795213.430406424,/loadcell_data_filtered.wrench.force.z,327.3923367177447
2.11709732,1785795213.430622758,/loadcell_data_filtered.wrench.force.z,330.20333778580755
2.117968621,1785795213.431494059,/loadcell_data_filtered.wrench.force.z,331.62526057464436
2.118268298,1785795213.431793736,/loadcell_data_filtered.wrench.force.z,333.46635095772643
2.118549272,1785795213.432074710,/loadcell_data_filtered.wrench.force.z,335.00065469740406
2.11877846,1785795213.432303898,/loadcell_data_filtered.wrench.force.z,336.7032319395892
2.119147562,1785795213.432673000,/loadcell_data_filtered.wrench.force.z,337.74509983700915
2.121665275,1785795213.435190713,/loadcell_data_filtered.wrench.force.z,338.731383408615
2.121975921,1785795213.435501359,/loadcell_data_filtered.wrench.force.z,340.52325362600754
2.122271197,1785795213.435796635,/loadcell_data_filtered.wrench.force.z,341.90135972967335
2.12252771,1785795213.436053148,/loadcell_data_filtered.wrench.force.z,343.9451262282272
2.122762927,1785795213.436288365,/loadcell_data_filtered.wrench.force.z,345.3307934061696
2.123003158,1785795213.436528596,/loadcell_data_filtered.wrench.force.z,340.7574984322056
2.123236674,1785795213.436762112,/loadcell_data_filtered.wrench.force.z,338.10080318133834
2.123546596,1785795213.437072034,/loadcell_data_filtered.wrench.force.z,335.3285276923392
2.123715034,1785795213.437240472,/loadcell_data_filtered.wrench.force.z,332.46360160757945
2.123954709,1785795213.437480147,/loadcell_data_filtered.wrench.force.z,330.8265008386422
2.124173422,1785795213.437698860,/loadcell_data_filtered.wrench.force.z,330.5221940103053
2.126502699,1785795213.440028137,/loadcell_data_filtered.wrench.force.z,330.876915576487
2.12703741,1785795213.440562848,/loadcell_data_filtered.wrench.force.z,331.84888377649304
2.127267459,1785795213.440792897,/loadcell_data_filtered.wrench.force.z,333.08754615179504
2.131154337,1785795213.444679775,/loadcell_data_filtered.wrench.force.z,334.11624854157816
2.131262971,1785795213.444788409,/loadcell_data_filtered.wrench.force.z,334.90743647553404
2.131272666,1785795213.444798104,/loadcell_data_filtered.wrench.force.z,335.3997594315802
2.131275815,1785795213.444801253,/loadcell_data_filtered.wrench.force.z,329.2950461337966
2.131278637,1785795213.444804075,/loadcell_data_filtered.wrench.force.z,329.50811180374734
2.131281279,1785795213.444806717,/loadcell_data_filtered.wrench.force.z,329.68473452540206
2.131284099,1785795213.444809537,/loadcell_data_filtered.wrench.force.z,330.29766164974615
2.131286614,1785795213.444812052,/loadcell_data_filtered.wrench.force.z,334.5383646712171
2.131289786,1785795213.444815224,/loadcell_data_filtered.wrench.force.z,339.18556914820635
2.13129241,1785795213.444817848,/loadcell_data_filtered.wrench.force.z,344.4217048458875
2.131340844,1785795213.444866282,/loadcell_data_filtered.wrench.force.z,348.6294860332368
2.1320242719999998,1785795213.445549710,/loadcell_data_filtered.wrench.force.z,352.6007917580483
2.13226509,1785795213.445790528,/loadcell_data_filtered.wrench.force.z,356.13956826583035
2.132607099,1785795213.446132537,/loadcell_data_filtered.wrench.force.z,358.51664674684883
2.133112316,1785795213.446637754,/loadcell_data_filtered.wrench.force.z,359.71354974763864
2.133562527,1785795213.447087965,/loadcell_data_filtered.wrench.force.z,360.90720937496786
2.134010176,1785795213.447535614,/loadcell_data_filtered.wrench.force.z,362.0353534687244
2.135680502,1785795213.449205940,/loadcell_data_filtered.wrench.force.z,362.75989448477213
2.136009281,1785795213.449534719,/loadcell_data_filtered.wrench.force.z,363.32980634795695
2.13614278,1785795213.449668218,/loadcell_data_filtered.wrench.force.z,364.7236464767105
2.136291485,1785795213.449816923,/loadcell_data_filtered.wrench.force.z,366.16146584041013
2.136708077,1785795213.450233515,/loadcell_data_filtered.wrench.force.z,366.9653630792301
2.137781592,1785795213.451307030,/loadcell_data_filtered.wrench.force.z,367.0815709512874
2.138394674,1785795213.451920112,/loadcell_data_filtered.wrench.force.z,367.430663086059
2.13891958,1785795213.452445018,/loadcell_data_filtered.wrench.force.z,362.4806255570174
2.139445123,1785795213.452970561,/loadcell_data_filtered.wrench.force.z,359.67393527481977
2.139923836,1785795213.453449274,/loadcell_data_filtered.wrench.force.z,356.23915371592784
2.141575714,1785795213.455101152,/loadcell_data_filtered.wrench.force.z,353.125537501417
2.141918523,1785795213.455443961,/loadcell_data_filtered.wrench.force.z,350.274502810901
2.142130508,1785795213.455655946,/loadcell_data_filtered.wrench.force.z,348.6765475189478
2.142332383,1785795213.455857821,/loadcell_data_filtered.wrench.force.z,347.46693816433134
2.142556635,1785795213.456082073,/loadcell_data_filtered.wrench.force.z,347.5724610975738
2.142749287,1785795213.456274725,/loadcell_data_filtered.wrench.force.z,348.01307363733815
2.142969032,1785795213.456494470,/loadcell_data_filtered.wrench.force.z,346.7772519425302
2.14321556,1785795213.456740998,/loadcell_data_filtered.wrench.force.z,346.13136465509615
2.1434926770000002,1785795213.457018115,/loadcell_data_filtered.wrench.force.z,345.64896702266117
2.144233761,1785795213.457759199,/loadcell_data_filtered.wrench.force.z,345.0484396736281
2.144480122,1785795213.458005560,/loadcell_data_filtered.wrench.force.z,343.9347587247765
2.145438057,1785795213.458963495,/loadcell_data_filtered.wrench.force.z,342.94749476253287
2.145718543,1785795213.459243981,/loadcell_data_filtered.wrench.force.z,342.49463512986785
2.145923061,1785795213.459448499,/loadcell_data_filtered.wrench.force.z,342.4930919339613
2.1464787,1785795213.460004138,/loadcell_data_filtered.wrench.force.z,347.5659751553909
2.147032159,1785795213.460557597,/loadcell_data_filtered.wrench.force.z,350.89739283823457
2.147424461,1785795213.460949899,/loadcell_data_filtered.wrench.force.z,354.1666616912415
2.147959967,1785795213.461485405,/loadcell_data_filtered.wrench.force.z,356.73908704068566
2.148412587,1785795213.461938025,/loadcell_data_filtered.wrench.force.z,359.0183639324772
2.148993381,1785795213.462518819,/loadcell_data_filtered.wrench.force.z,360.0724520774173
2.149499573,1785795213.463025011,/loadcell_data_filtered.wrench.force.z,360.17915622746995
2.150421439,1785795213.463946877,/loadcell_data_filtered.wrench.force.z,359.765319733276
2.152156932,1785795213.465682370,/loadcell_data_filtered.wrench.force.z,359.4321197014092
2.152633656,1785795213.466159094,/loadcell_data_filtered.wrench.force.z,358.7729579232678
2.152960201,1785795213.466485639,/loadcell_data_filtered.wrench.force.z,353.8812398591314
2.153209796,1785795213.466735234,/loadcell_data_filtered.wrench.force.z,350.76236079841135
2.153478924,1785795213.467004362,/loadcell_data_filtered.wrench.force.z,350.0326729984753
2.153745939,1785795213.467271377,/loadcell_data_filtered.wrench.force.z,349.24325982470526
2.154011118,1785795213.467536556,/loadcell_data_filtered.wrench.force.z,348.780769706946
2.154211571,1785795213.467737009,/loadcell_data_filtered.wrench.force.z,348.10420862619134
2.155548514,1785795213.469073952,/loadcell_data_filtered.wrench.force.z,346.83575004332477
2.15645577,1785795213.469981208,/loadcell_data_filtered.wrench.force.z,340.95032670045856
2.156685679,1785795213.470211117,/loadcell_data_filtered.wrench.force.z,336.72205915499796
2.156960897,1785795213.470486335,/loadcell_data_filtered.wrench.force.z,333.1496005214616
2.157249589,1785795213.470775027,/loadcell_data_filtered.wrench.force.z,329.5119096068185
2.157521321,1785795213.471046759,/loadcell_data_filtered.wrench.force.z,326.2560281716044
2.157798371,1785795213.471323809,/loadcell_data_filtered.wrench.force.z,323.67456936938356
2.158088378,1785795213.471613816,/loadcell_data_filtered.wrench.force.z,321.88755806213
2.19571987,1785795213.509245308,/loadcell_data_filtered.wrench.force.z,315.2301101060573
2.196179831,1785795213.509705269,/loadcell_data_filtered.wrench.force.z,308.77147652766337
2.196493378,1785795213.510018816,/loadcell_data_filtered.wrench.force.z,303.1528563384263
2.19674896,1785795213.510274398,/loadcell_data_filtered.wrench.force.z,305.0079439229946
2.197170076,1785795213.510695514,/loadcell_data_filtered.wrench.force.z,305.3037475536223
2.197554843,1785795213.511080281,/loadcell_data_filtered.wrench.force.z,304.61050047138525
2.1978235760000002,1785795213.511349014,/loadcell_data_filtered.wrench.force.z,298.88233682565414
2.198101613,1785795213.511627051,/loadcell_data_filtered.wrench.force.z,299.45688121039393
2.198381332,1785795213.511906770,/loadcell_data_filtered.wrench.force.z,296.075723309532
2.198687823,1785795213.512213261,/loadcell_data_filtered.wrench.force.z,291.472883096673
2.19901707,1785795213.512542508,/loadcell_data_filtered.wrench.force.z,291.43007643479996
2.19932505,1785795213.512850488,/loadcell_data_filtered.wrench.force.z,289.15500885956374
2.199663356,1785795213.513188794,/loadcell_data_filtered.wrench.force.z,294.3993604337763
2.199999241,1785795213.513524679,/loadcell_data_filtered.wrench.force.z,298.90542047175137
2.200307842,1785795213.513833280,/loadcell_data_filtered.wrench.force.z,304.42418553151424
2.200685343,1785795213.514210781,/loadcell_data_filtered.wrench.force.z,308.19119956315126
2.201059507,1785795213.514584945,/loadcell_data_filtered.wrench.force.z,311.89607298393395
2.201392933,1785795213.514918371,/loadcell_data_filtered.wrench.force.z,314.71235831132685
2.2017211740000002,1785795213.515246612,/loadcell_data_filtered.wrench.force.z,316.72788794496125
2.202047244,1785795213.515572682,/loadcell_data_filtered.wrench.force.z,315.76640929622715
2.202330457,1785795213.515855895,/loadcell_data_filtered.wrench.force.z,314.88316441128717
2.202620625,1785795213.516146063,/loadcell_data_filtered.wrench.force.z,314.1396722862793
2.202954988,1785795213.516480426,/loadcell_data_filtered.wrench.force.z,313.4340008610755
2.203277776,1785795213.516803214,/loadcell_data_filtered.wrench.force.z,312.6297009700265
2.203654302,1785795213.517179740,/loadcell_data_filtered.wrench.force.z,312.21484108187576
2.203947028,1785795213.517472466,/loadcell_data_filtered.wrench.force.z,311.4766170253603
2.204117044,1785795213.517642482,/loadcell_data_filtered.wrench.force.z,310.81557057506615
2.204293511,1785795213.517818949,/loadcell_data_filtered.wrench.force.z,310.5467736825092
2.204481341,1785795213.518006779,/loadcell_data_filtered.wrench.force.z,309.26766148258747
2.204649236,1785795213.518174674,/loadcell_data_filtered.wrench.force.z,301.9347139799714
2.205205387,1785795213.518730825,/loadcell_data_filtered.wrench.force.z,296.80426232376874
2.205581015,1785795213.519106453,/loadcell_data_filtered.wrench.force.z,291.85268256202636
2.206058747,1785795213.519584185,/loadcell_data_filtered.wrench.force.z,287.53817324874416
2.206657153,1785795213.520182591,/loadcell_data_filtered.wrench.force.z,283.0946316406092
2.207354311,1785795213.520879749,/loadcell_data_filtered.wrench.force.z,280.2001659099034
2.207883938,1785795213.521409376,/loadcell_data_filtered.wrench.force.z,277.6757484739207
2.208254257,1785795213.521779695,/loadcell_data_filtered.wrench.force.z,276.59623038972774
2.208921372,1785795213.522446810,/loadcell_data_filtered.wrench.force.z,276.02776715246034
2.209243097,1785795213.522768535,/loadcell_data_filtered.wrench.force.z,275.20572390141444
2.209877585,1785795213.523403023,/loadcell_data_filtered.wrench.force.z,274.68567870536043
2.21065548,1785795213.524180918,/loadcell_data_filtered.wrench.force.z,273.68662058226903
2.211466603,1785795213.524992041,/loadcell_data_filtered.wrench.force.z,272.9551521076278
2.212056918,1785795213.525582356,/loadcell_data_filtered.wrench.force.z,271.8239385627751
2.212446058,1785795213.525971496,/loadcell_data_filtered.wrench.force.z,271.55204835593673
2.212845625,1785795213.526371063,/loadcell_data_filtered.wrench.force.z,270.525779391193
2.213213261,1785795213.526738699,/loadcell_data_filtered.wrench.force.z,268.80847968341436
2.213564269,1785795213.527089707,/loadcell_data_filtered.wrench.force.z,274.8187810489366
2.21382701,1785795213.527352448,/loadcell_data_filtered.wrench.force.z,279.26635947557577
2.21410915,1785795213.527634588,/loadcell_data_filtered.wrench.force.z,282.38247196617795
2.214726158,1785795213.528251596,/loadcell_data_filtered.wrench.force.z,285.0014098016112
2.215157137,1785795213.528682575,/loadcell_data_filtered.wrench.force.z,287.83986625917726
2.21583151,1785795213.529356948,/loadcell_data_filtered.wrench.force.z,288.0834172922694
2.216495078,1785795213.530020516,/loadcell_data_filtered.wrench.force.z,287.9229465324119
2.218356216,1785795213.531881654,/loadcell_data_filtered.wrench.force.z,287.7501077042879
2.220109318,1785795213.533634756,/loadcell_data_filtered.wrench.force.z,287.07727040368496
2.220624005,1785795213.534149443,/loadcell_data_filtered.wrench.force.z,286.6540540933446
2.220777564,1785795213.534303002,/loadcell_data_filtered.wrench.force.z,286.69067942250655
2.2209041210000002,1785795213.534429559,/loadcell_data_filtered.wrench.force.z,286.96619901819895
2.221028933,1785795213.534554371,/loadcell_data_filtered.wrench.force.z,287.11701029222485
2.221148665,1785795213.534674103,/loadcell_data_filtered.wrench.force.z,288.0056620864983
2.221268131,1785795213.534793569,/loadcell_data_filtered.wrench.force.z,287.7357970261883
2.221387464,1785795213.534912902,/loadcell_data_filtered.wrench.force.z,288.53173115516194
2.221532463,1785795213.535057901,/loadcell_data_filtered.wrench.force.z,285.9882517545391
2.221652735,1785795213.535178173,/loadcell_data_filtered.wrench.force.z,280.22409244950643
2.222072278,1785795213.535597716,/loadcell_data_filtered.wrench.force.z,274.81986386844073
2.222778335,1785795213.536303773,/loadcell_data_filtered.wrench.force.z,271.42843689235343
2.223154901,1785795213.536680339,/loadcell_data_filtered.wrench.force.z,268.6816163632584
2.22399268,1785795213.537518118,/loadcell_data_filtered.wrench.force.z,266.08258014275617
2.224325835,1785795213.537851273,/loadcell_data_filtered.wrench.force.z,265.5736455680153
2.22455965,1785795213.538085088,/loadcell_data_filtered.wrench.force.z,266.46726695230177
2.224938964,1785795213.538464402,/loadcell_data_filtered.wrench.force.z,267.9893027472066
2.225765082,1785795213.539290520,/loadcell_data_filtered.wrench.force.z,270.1731140696514
2.226521874,1785795213.540047312,/loadcell_data_filtered.wrench.force.z,271.9450904597703
2.227665987,1785795213.541191425,/loadcell_data_filtered.wrench.force.z,273.5254063726268
2.228176431,1785795213.541701869,/loadcell_data_filtered.wrench.force.z,276.0625258910241
2.228581468,1785795213.542106906,/loadcell_data_filtered.wrench.force.z,277.7022826167351
2.228923042,1785795213.542448480,/loadcell_data_filtered.wrench.force.z,279.26550035163746
2.229286283,1785795213.542811721,/loadcell_data_filtered.wrench.force.z,280.98265793339687
2.229683601,1785795213.543209039,/loadcell_data_filtered.wrench.force.z,282.7708688143398
2.230067595,1785795213.543593033,/loadcell_data_filtered.wrench.force.z,290.36938059468065
2.230669053,1785795213.544194491,/loadcell_data_filtered.wrench.force.z,296.32266695106273
2.232247755,1785795213.545773193,/loadcell_data_filtered.wrench.force.z,303.22211534088996
2.232626454,1785795213.546151892,/loadcell_data_filtered.wrench.force.z,309.1350347657163
2.23302423,1785795213.546549668,/loadcell_data_filtered.wrench.force.z,314.1996369544465
2.233370018,1785795213.546895456,/loadcell_data_filtered.wrench.force.z,318.6868212939316
2.234547687,1785795213.548073125,/loadcell_data_filtered.wrench.force.z,322.01344774953253
2.234878999,1785795213.548404437,/loadcell_data_filtered.wrench.force.z,323.71969661308185
2.23507492,1785795213.548600358,/loadcell_data_filtered.wrench.force.z,323.77439118226255
2.23525447,1785795213.548779908,/loadcell_data_filtered.wrench.force.z,318.9564475022697
2.235431228,1785795213.548956666,/loadcell_data_filtered.wrench.force.z,321.7724263144782
2.236762407,1785795213.550287845,/loadcell_data_filtered.wrench.force.z,322.64036091270077
2.237015076,1785795213.550540514,/loadcell_data_filtered.wrench.force.z,323.66814820568226
2.237213814,1785795213.550739252,/loadcell_data_filtered.wrench.force.z,325.2550214714759
2.23742069,1785795213.550946128,/loadcell_data_filtered.wrench.force.z,318.25761577822834
2.237655436,1785795213.551180874,/loadcell_data_filtered.wrench.force.z,319.1775122761611
2.239405071,1785795213.552930509,/loadcell_data_filtered.wrench.force.z,318.81064593888556
2.239612086,1785795213.553137524,/loadcell_data_filtered.wrench.force.z,312.82762068133667
2.239772606,1785795213.553298044,/loadcell_data_filtered.wrench.force.z,308.896116098174
2.239930498,1785795213.553455936,/loadcell_data_filtered.wrench.force.z,296.9289695440639
2.240082649,1785795213.553608087,/loadcell_data_filtered.wrench.force.z,293.7665313573863
2.240280463,1785795213.553805901,/loadcell_data_filtered.wrench.force.z,289.5034207308254
2.240515753,1785795213.554041191,/loadcell_data_filtered.wrench.force.z,287.67036752791864
2.241388542,1785795213.554913980,/loadcell_data_filtered.wrench.force.z,286.41861636917685
2.244413958,1785795213.557939396,/loadcell_data_filtered.wrench.force.z,286.3313236310889
2.244935361,1785795213.558460799,/loadcell_data_filtered.wrench.force.z,287.3507934171011
2.24546884,1785795213.558994278,/loadcell_data_filtered.wrench.force.z,287.7483654383103
2.246063262,1785795213.559588700,/loadcell_data_filtered.wrench.force.z,288.6765454745012
2.2464986,1785795213.560024038,/loadcell_data_filtered.wrench.force.z,288.9839398408172
2.246996114,1785795213.560521552,/loadcell_data_filtered.wrench.force.z,289.5495903282532
2.247351395,1785795213.560876833,/loadcell_data_filtered.wrench.force.z,289.2122136861174
2.247713813,1785795213.561239251,/loadcell_data_filtered.wrench.force.z,288.497286593875
2.248090206,1785795213.561615644,/loadcell_data_filtered.wrench.force.z,288.7761926376054
2.248421755,1785795213.561947193,/loadcell_data_filtered.wrench.force.z,289.50550343253286
2.249095658,1785795213.562621096,/loadcell_data_filtered.wrench.force.z,296.93941737644195
2.24955602,1785795213.563081458,/loadcell_data_filtered.wrench.force.z,302.5010244371706
2.249976646,1785795213.563502084,/loadcell_data_filtered.wrench.force.z,307.51691436928513
2.250416281,1785795213.563941719,/loadcell_data_filtered.wrench.force.z,311.7639537695703
2.250840268,1785795213.564365706,/loadcell_data_filtered.wrench.force.z,316.2479873500586
2.251195404,1785795213.564720842,/loadcell_data_filtered.wrench.force.z,311.656037014321
2.251673785,1785795213.565199223,/loadcell_data_filtered.wrench.force.z,313.0556856670987
2.252168471,1785795213.565693909,/loadcell_data_filtered.wrench.force.z,314.0179832288584
2.252647599,1785795213.566173037,/loadcell_data_filtered.wrench.force.z,315.18563118771806
2.253076871,1785795213.566602309,/loadcell_data_filtered.wrench.force.z,316.4518780393964
2.253456028,1785795213.566981466,/loadcell_data_filtered.wrench.force.z,317.2655727397967
2.253810529,1785795213.567335967,/loadcell_data_filtered.wrench.force.z,318.33364563003636
2.254147692,1785795213.567673130,/loadcell_data_filtered.wrench.force.z,319.3455630086746
2.254390669,1785795213.567916107,/loadcell_data_filtered.wrench.force.z,319.76031420642994
2.254621601,1785795213.568147039,/loadcell_data_filtered.wrench.force.z,320.5031293480531
2.254801643,1785795213.568327081,/loadcell_data_filtered.wrench.force.z,320.906300364118
2.254968014,1785795213.568493452,/loadcell_data_filtered.wrench.force.z,317.41981493779303
2.255128442,1785795213.568653880,/loadcell_data_filtered.wrench.force.z,313.14770744208727
2.256451896,1785795213.569977334,/loadcell_data_filtered.wrench.force.z,308.8435497869476
2.256652721,1785795213.570178159,/loadcell_data_filtered.wrench.force.z,304.91717039314716
2.256928996,1785795213.570454434,/loadcell_data_filtered.wrench.force.z,293.4469704155093
2.257201476,1785795213.570726914,/loadcell_data_filtered.wrench.force.z,290.8369456367646
2.257948119,1785795213.571473557,/loadcell_data_filtered.wrench.force.z,288.2954911148342
2.259448553,1785795213.572973991,/loadcell_data_filtered.wrench.force.z,287.5417576181468
2.261535035,1785795213.575060473,/loadcell_data_filtered.wrench.force.z,287.4294610351446
2.261560288,1785795213.575085726,/loadcell_data_filtered.wrench.force.z,286.8279407455781
2.261766075,1785795213.575291513,/loadcell_data_filtered.wrench.force.z,286.97615663574675
2.262098004,1785795213.575623442,/loadcell_data_filtered.wrench.force.z,286.6509600526204
2.262271352,1785795213.575796790,/loadcell_data_filtered.wrench.force.z,285.75414854425696
2.2625458160000003,1785795213.576071254,/loadcell_data_filtered.wrench.force.z,285.0659296693971
2.262735455,1785795213.576260893,/loadcell_data_filtered.wrench.force.z,283.7347373906566
2.2629598680000003,1785795213.576485306,/loadcell_data_filtered.wrench.force.z,282.5526816565134
2.263204059,1785795213.576729497,/loadcell_data_filtered.wrench.force.z,281.65572353668585
2.264298246,1785795213.577823684,/loadcell_data_filtered.wrench.force.z,287.10810992939116
2.264563572,1785795213.578089010,/loadcell_data_filtered.wrench.force.z,290.18561680214117
2.2659202240000003,1785795213.579445662,/loadcell_data_filtered.wrench.force.z,286.38821343886497
2.2659492820000002,1785795213.579474720,/loadcell_data_filtered.wrench.force.z,290.0135041691837
2.265953697,1785795213.579479135,/loadcell_data_filtered.wrench.force.z,292.4330505032833
2.2661310930000003,1785795213.579656531,/loadcell_data_filtered.wrench.force.z,293.5139711318056
2.266330259,1785795213.579855697,/loadcell_data_filtered.wrench.force.z,294.84861445261015
2.266544258,1785795213.580069696,/loadcell_data_filtered.wrench.force.z,295.33379833179504
2.266974468,1785795213.580499906,/loadcell_data_filtered.wrench.force.z,295.77403820162374
2.26763897,1785795213.581164408,/loadcell_data_filtered.wrench.force.z,296.0965159769118
2.26918771,1785795213.582713148,/loadcell_data_filtered.wrench.force.z,296.53447751877405
2.269209851,1785795213.582735289,/loadcell_data_filtered.wrench.force.z,296.8990205647021
2.269217173,1785795213.582742611,/loadcell_data_filtered.wrench.force.z,297.0429936200786
2.269525586,1785795213.583051024,/loadcell_data_filtered.wrench.force.z,297.3500924155887
2.270397912,1785795213.583923350,/loadcell_data_filtered.wrench.force.z,297.56084308076066
2.270810118,1785795213.584335556,/loadcell_data_filtered.wrench.force.z,298.0020527020719
2.270981512,1785795213.584506950,/loadcell_data_filtered.wrench.force.z,299.05228146802176
2.271533947,1785795213.585059385,/loadcell_data_filtered.wrench.force.z,292.5613960982118
2.271829434,1785795213.585354872,/loadcell_data_filtered.wrench.force.z,288.8842262308628
2.27282923,1785795213.586354668,/loadcell_data_filtered.wrench.force.z,285.1254186194827
2.274255598,1785795213.587781036,/loadcell_data_filtered.wrench.force.z,282.2532370863313
2.275379254,1785795213.588904692,/loadcell_data_filtered.wrench.force.z,279.85765430469775
2.275535078,1785795213.589060516,/loadcell_data_filtered.wrench.force.z,278.1441551638399
2.2756562320000002,1785795213.589181670,/loadcell_data_filtered.wrench.force.z,277.90107466312935
2.275785627,1785795213.589311065,/loadcell_data_filtered.wrench.force.z,278.7214588986602
2.275906853,1785795213.589432291,/loadcell_data_filtered.wrench.force.z,279.6643227681914
2.276030473,1785795213.589555911,/loadcell_data_filtered.wrench.force.z,280.5484001424682
2.27644701,1785795213.589972448,/loadcell_data_filtered.wrench.force.z,279.749326822913
2.279050502,1785795213.592575940,/loadcell_data_filtered.wrench.force.z,279.8484593581919
2.279381803,1785795213.592907241,/loadcell_data_filtered.wrench.force.z,279.94669533032004
2.279645519,1785795213.593170957,/loadcell_data_filtered.wrench.force.z,280.03757855692953
2.279855283,1785795213.593380721,/loadcell_data_filtered.wrench.force.z,272.62172015365945
2.280060045,1785795213.593585483,/loadcell_data_filtered.wrench.force.z,273.6491387215593
2.283213381,1785795213.596738819,/loadcell_data_filtered.wrench.force.z,274.409480930671
2.283479146,1785795213.597004584,/loadcell_data_filtered.wrench.force.z,281.80973395933006
2.2837276380000002,1785795213.597253076,/loadcell_data_filtered.wrench.force.z,288.20267788650045
2.283934453,1785795213.597459891,/loadcell_data_filtered.wrench.force.z,292.5153195489475
2.284127372,1785795213.597652810,/loadcell_data_filtered.wrench.force.z,296.97415136165546
2.284341491,1785795213.597866929,/loadcell_data_filtered.wrench.force.z,301.40101109365287
2.284755315,1785795213.598280753,/loadcell_data_filtered.wrench.force.z,303.8937376058464
2.285040851,1785795213.598566289,/loadcell_data_filtered.wrench.force.z,306.24975818848526
2.285219034,1785795213.598744472,/loadcell_data_filtered.wrench.force.z,308.41442376088577
2.285380927,1785795213.598906365,/loadcell_data_filtered.wrench.force.z,309.1259679510597
2.285568922,1785795213.599094360,/loadcell_data_filtered.wrench.force.z,309.54466879758104
2.285734991,1785795213.599260429,/loadcell_data_filtered.wrench.force.z,310.4063961779439
2.285899271,1785795213.599424709,/loadcell_data_filtered.wrench.force.z,311.62283524608404
2.286131473,1785795213.599656911,/loadcell_data_filtered.wrench.force.z,313.40530801860774
2.286369283,1785795213.599894721,/loadcell_data_filtered.wrench.force.z,313.69606492057244
2.28692496,1785795213.600450398,/loadcell_data_filtered.wrench.force.z,314.48405570049056
2.287290413,1785795213.600815851,/loadcell_data_filtered.wrench.force.z,315.3874872247544
2.28789372,1785795213.601419158,/loadcell_data_filtered.wrench.force.z,311.69302159804164
2.2884636,1785795213.601989038,/loadcell_data_filtered.wrench.force.z,309.46122079807833
2.290586997,1785795213.604112435,/loadcell_data_filtered.wrench.force.z,305.86542501264654
2.290797603,1785795213.604323041,/loadcell_data_filtered.wrench.force.z,303.07724359011814
2.2909562230000002,1785795213.604481661,/loadcell_data_filtered.wrench.force.z,299.3855495197406
2.291098593,1785795213.604624031,/loadcell_data_filtered.wrench.force.z,290.9591099947264
2.291220751,1785795213.604746189,/loadcell_data_filtered.wrench.force.z,290.4303012314315
2.291347871,1785795213.604873309,/loadcell_data_filtered.wrench.force.z,290.0239042861009
2.2916623400000002,1785795213.605187778,/loadcell_data_filtered.wrench.force.z,290.7394346521384
2.292258464,1785795213.605783902,/loadcell_data_filtered.wrench.force.z,291.1248822150834
2.292723962,1785795213.606249400,/loadcell_data_filtered.wrench.force.z,291.5447205076114
2.293667052,1785795213.607192490,/loadcell_data_filtered.wrench.force.z,291.8930567869002
2.29458832,1785795213.608113758,/loadcell_data_filtered.wrench.force.z,291.63677390271994
2.295583964,1785795213.609109402,/loadcell_data_filtered.wrench.force.z,291.1477311647437
2.296233739,1785795213.609759177,/loadcell_data_filtered.wrench.force.z,290.6987647087237
2.29677811,1785795213.610303548,/loadcell_data_filtered.wrench.force.z,290.25848916154894
2.297221749,1785795213.610747187,/loadcell_data_filtered.wrench.force.z,290.4148572861586
2.297649636,1785795213.611175074,/loadcell_data_filtered.wrench.force.z,296.27685426607724
2.298151118,1785795213.611676556,/loadcell_data_filtered.wrench.force.z,299.772893537082
2.298704254,1785795213.612229692,/loadcell_data_filtered.wrench.force.z,304.1142183455314
2.299125427,1785795213.612650865,/loadcell_data_filtered.wrench.force.z,307.73390287756234
2.299537893,1785795213.613063331,/loadcell_data_filtered.wrench.force.z,310.82036167873304
2.299952219,1785795213.613477657,/loadcell_data_filtered.wrench.force.z,312.54903359992124
2.3003051230000002,1785795213.613830561,/loadcell_data_filtered.wrench.force.z,313.87007629989165
2.300688038,1785795213.614213476,/loadcell_data_filtered.wrench.force.z,314.1879865564313
2.301208196,1785795213.614733634,/loadcell_data_filtered.wrench.force.z,314.41980047545053
2.301598459,1785795213.615123897,/loadcell_data_filtered.wrench.force.z,314.69743461631117
2.302084838,1785795213.615610276,/loadcell_data_filtered.wrench.force.z,314.765405395983
2.30260683,1785795213.616132268,/loadcell_data_filtered.wrench.force.z,315.4637091450955
2.303079784,1785795213.616605222,/loadcell_data_filtered.wrench.force.z,315.43322092671696
2.303446429,1785795213.616971867,/loadcell_data_filtered.wrench.force.z,315.63850494391176
2.30380802,1785795213.617333458,/loadcell_data_filtered.wrench.force.z,316.6391159598419
2.304221637,1785795213.617747075,/loadcell_data_filtered.wrench.force.z,316.44402060600527
2.30467025,1785795213.618195688,/loadcell_data_filtered.wrench.force.z,315.7784446745769
2.305089771,1785795213.618615209,/loadcell_data_filtered.wrench.force.z,309.7509040236417
2.305617049,1785795213.619142487,/loadcell_data_filtered.wrench.force.z,305.21992002888396
2.30616538,1785795213.619690818,/loadcell_data_filtered.wrench.force.z,301.46005937123385
2.306562196,1785795213.620087634,/loadcell_data_filtered.wrench.force.z,298.4228015171497
2.306893885,1785795213.620419323,/loadcell_data_filtered.wrench.force.z,295.1888065856604
2.307412237,1785795213.620937675,/loadcell_data_filtered.wrench.force.z,293.946523312149
2.307745893,1785795213.621271331,/loadcell_data_filtered.wrench.force.z,293.28835312390623
2.308247335,1785795213.621772773,/loadcell_data_filtered.wrench.force.z,293.1938140283164
2.308753496,1785795213.622278934,/loadcell_data_filtered.wrench.force.z,293.7994107225332
2.309255092,1785795213.622780530,/loadcell_data_filtered.wrench.force.z,293.63852097526245
2.309882204,1785795213.623407642,/loadcell_data_filtered.wrench.force.z,293.3396786977037
2.310741893,1785795213.624267331,/loadcell_data_filtered.wrench.force.z,292.5614022871336
2.31143563,1785795213.624961068,/loadcell_data_filtered.wrench.force.z,292.3496710009052
2.311955202,1785795213.625480640,/loadcell_data_filtered.wrench.force.z,292.05401226850614
2.312409826,1785795213.625935264,/loadcell_data_filtered.wrench.force.z,291.6362976218754
2.315182418,1785795213.628707856,/loadcell_data_filtered.wrench.force.z,291.30031471227164
2.315522468,1785795213.629047906,/loadcell_data_filtered.wrench.force.z,292.74015507086614
2.315676153,1785795213.629201591,/loadcell_data_filtered.wrench.force.z,298.1889979933848
2.315806953,1785795213.629332391,/loadcell_data_filtered.wrench.force.z,303.1643300515628
2.316687821,1785795213.630213259,/loadcell_data_filtered.wrench.force.z,307.0091378696453
2.31670088,1785795213.630226318,/loadcell_data_filtered.wrench.force.z,310.3391125437597
2.316704476,1785795213.630229914,/loadcell_data_filtered.wrench.force.z,312.9108728169476
2.316921996,1785795213.630447434,/loadcell_data_filtered.wrench.force.z,313.4413764107493
2.317658271,1785795213.631183709,/loadcell_data_filtered.wrench.force.z,312.28444565184776
2.317666953,1785795213.631192391,/loadcell_data_filtered.wrench.force.z,311.45899039773815
2.31767019,1785795213.631195628,/loadcell_data_filtered.wrench.force.z,310.6623284865
2.318788384,1785795213.632313822,/loadcell_data_filtered.wrench.force.z,309.67284032390506
2.318799015,1785795213.632324453,/loadcell_data_filtered.wrench.force.z,308.8957699712398
2.318857555,1785795213.632382993,/loadcell_data_filtered.wrench.force.z,307.9985042074654
2.324523973,1785795213.638049411,/loadcell_data_filtered.wrench.force.z,306.96227744667544
2.324665494,1785795213.638190932,/loadcell_data_filtered.wrench.force.z,305.8866814773716
2.324796259,1785795213.638321697,/loadcell_data_filtered.wrench.force.z,300.3192583587
2.324931855,1785795213.638457293,/loadcell_data_filtered.wrench.force.z,296.75092743077005
2.325059268,1785795213.638584706,/loadcell_data_filtered.wrench.force.z,291.1877877531019
2.3252200690000002,1785795213.638745507,/loadcell_data_filtered.wrench.force.z,287.2182362025839
2.3253144629999998,1785795213.638839901,/loadcell_data_filtered.wrench.force.z,282.87071200566515
2.325433683,1785795213.638959121,/loadcell_data_filtered.wrench.force.z,279.0052975262026
2.325560003,1785795213.639085441,/loadcell_data_filtered.wrench.force.z,275.47301299163803
2.325677013,1785795213.639202451,/loadcell_data_filtered.wrench.force.z,269.1845514480101
2.325791743,1785795213.639317181,/loadcell_data_filtered.wrench.force.z,263.3339414835867
2.325908713,1785795213.639434151,/loadcell_data_filtered.wrench.force.z,262.39428358058956
2.326069249,1785795213.639594687,/loadcell_data_filtered.wrench.force.z,260.7475821632414
2.326203424,1785795213.639728862,/loadcell_data_filtered.wrench.force.z,260.4566330821041
2.326364064,1785795213.639889502,/loadcell_data_filtered.wrench.force.z,259.4459244105695
2.326609044,1785795213.640134482,/loadcell_data_filtered.wrench.force.z,259.3026126752764
2.329358903,1785795213.642884341,/loadcell_data_filtered.wrench.force.z,259.19389843493593
2.330389536,1785795213.643914974,/loadcell_data_filtered.wrench.force.z,258.9833420585303
2.330667275,1785795213.644192713,/loadcell_data_filtered.wrench.force.z,259.9025110958417
2.330869147,1785795213.644394585,/loadcell_data_filtered.wrench.force.z,261.1119759736001
2.331065932,1785795213.644591370,/loadcell_data_filtered.wrench.force.z,262.13270305684244
2.331240232,1785795213.644765670,/loadcell_data_filtered.wrench.force.z,268.5538478441988
2.331426741,1785795213.644952179,/loadcell_data_filtered.wrench.force.z,272.4886551763281
2.331596619,1785795213.645122057,/loadcell_data_filtered.wrench.force.z,276.80795201675966
2.331758619,1785795213.645284057,/loadcell_data_filtered.wrench.force.z,280.4472195364201
2.331925424,1785795213.645450862,/loadcell_data_filtered.wrench.force.z,284.63746468095655
2.332221774,1785795213.645747212,/loadcell_data_filtered.wrench.force.z,286.5266412758759
2.332512926,1785795213.646038364,/loadcell_data_filtered.wrench.force.z,289.1520099303933
2.333198683,1785795213.646724121,/loadcell_data_filtered.wrench.force.z,290.7098496432779
2.33396538,1785795213.647490818,/loadcell_data_filtered.wrench.force.z,292.1883769291856
2.334462416,1785795213.647987854,/loadcell_data_filtered.wrench.force.z,293.8144846376041
2.334899716,1785795213.648425154,/loadcell_data_filtered.wrench.force.z,295.10452297344693
2.335660411,1785795213.649185849,/loadcell_data_filtered.wrench.force.z,296.7199255831834
2.336107324,1785795213.649632762,/loadcell_data_filtered.wrench.force.z,298.19567177349285
2.336476877,1785795213.650002315,/loadcell_data_filtered.wrench.force.z,299.4643191109504
2.336890862,1785795213.650416300,/loadcell_data_filtered.wrench.force.z,300.4548410111859
2.337236986,1785795213.650762424,/loadcell_data_filtered.wrench.force.z,301.2282718273296
2.339343554,1785795213.652868992,/loadcell_data_filtered.wrench.force.z,301.60805706229706
2.339671233,1785795213.653196671,/loadcell_data_filtered.wrench.force.z,296.3269383114806
2.33994176,1785795213.653467198,/loadcell_data_filtered.wrench.force.z,292.54883223770486
2.340224728,1785795213.653750166,/loadcell_data_filtered.wrench.force.z,282.8410622775545
2.3405531870000003,1785795213.654078625,/loadcell_data_filtered.wrench.force.z,281.101741033943
2.340892202,1785795213.654417640,/loadcell_data_filtered.wrench.force.z,278.32863009749406
2.3411187780000002,1785795213.654644216,/loadcell_data_filtered.wrench.force.z,277.8409400501085
2.341325703,1785795213.654851141,/loadcell_data_filtered.wrench.force.z,278.1252470747205
2.341666498,1785795213.655191936,/loadcell_data_filtered.wrench.force.z,279.0728531685962
2.342401813,1785795213.655927251,/loadcell_data_filtered.wrench.force.z,279.98971484268367
2.342603641,1785795213.656129079,/loadcell_data_filtered.wrench.force.z,280.7198571107757
2.34291743,1785795213.656442868,/loadcell_data_filtered.wrench.force.z,280.866810977859
2.344163964,1785795213.657689402,/loadcell_data_filtered.wrench.force.z,280.40210433178834
2.344814758,1785795213.658340196,/loadcell_data_filtered.wrench.force.z,280.26797053292375
2.346511149,1785795213.660036587,/loadcell_data_filtered.wrench.force.z,279.8908239363968
2.3468149240000002,1785795213.660340362,/loadcell_data_filtered.wrench.force.z,279.5665902585597
2.347063518,1785795213.660588956,/loadcell_data_filtered.wrench.force.z,280.14682146938594
2.347314032,1785795213.660839470,/loadcell_data_filtered.wrench.force.z,283.4579151749807
2.347577847,1785795213.661103285,/loadcell_data_filtered.wrench.force.z,288.93837664849747
2.347862222,1785795213.661387660,/loadcell_data_filtered.wrench.force.z,293.87029752408415
2.348152991,1785795213.661678429,/loadcell_data_filtered.wrench.force.z,296.9563664476473
2.348846209,1785795213.662371647,/loadcell_data_filtered.wrench.force.z,299.7732835464245
2.349987896,1785795213.663513334,/loadcell_data_filtered.wrench.force.z,302.9317563529692
2.350292455,1785795213.663817893,/loadcell_data_filtered.wrench.force.z,304.51907116494095
2.350533355,1785795213.664058793,/loadcell_data_filtered.wrench.force.z,304.6365386088241
2.350837404,1785795213.664362842,/loadcell_data_filtered.wrench.force.z,303.86379103392835
2.351134275,1785795213.664659713,/loadcell_data_filtered.wrench.force.z,303.99746247792007
2.351416901,1785795213.664942339,/loadcell_data_filtered.wrench.force.z,304.29526717433026
2.35175895,1785795213.665284388,/loadcell_data_filtered.wrench.force.z,304.94732684752915
2.352099246,1785795213.665624684,/loadcell_data_filtered.wrench.force.z,305.0787187297132
2.354237634,1785795213.667763072,/loadcell_data_filtered.wrench.force.z,305.6690974219671
2.354447266,1785795213.667972704,/loadcell_data_filtered.wrench.force.z,306.49333647228457
2.354623014,1785795213.668148452,/loadcell_data_filtered.wrench.force.z,304.8226309747752
2.354841147,1785795213.668366585,/loadcell_data_filtered.wrench.force.z,299.8202351760311
2.355082128,1785795213.668607566,/loadcell_data_filtered.wrench.force.z,295.2244230728997
2.35674793,1785795213.670273368,/loadcell_data_filtered.wrench.force.z,292.24228367089364
2.357022218,1785795213.670547656,/loadcell_data_filtered.wrench.force.z,287.47061850305164
2.357254761,1785795213.670780199,/loadcell_data_filtered.wrench.force.z,284.1145118677441
2.357442217,1785795213.670967655,/loadcell_data_filtered.wrench.force.z,276.2764325574071
2.3576422040000002,1785795213.671167642,/loadcell_data_filtered.wrench.force.z,273.3165652129968
2.359545977,1785795213.673071415,/loadcell_data_filtered.wrench.force.z,271.6822109041318
2.359776422,1785795213.673301860,/loadcell_data_filtered.wrench.force.z,272.0926732165451
2.36003629,1785795213.673561728,/loadcell_data_filtered.wrench.force.z,273.08601666593
2.360315015,1785795213.673840453,/loadcell_data_filtered.wrench.force.z,266.86984602708486
2.3606179000000003,1785795213.674143338,/loadcell_data_filtered.wrench.force.z,267.6646084998872
2.362104593,1785795213.675630031,/loadcell_data_filtered.wrench.force.z,268.0556371882076
2.362320687,1785795213.675846125,/loadcell_data_filtered.wrench.force.z,268.499560805888
2.364384377,1785795213.677909815,/loadcell_data_filtered.wrench.force.z,269.1872971108792
2.366100947,1785795213.679626385,/loadcell_data_filtered.wrench.force.z,269.7578943945015
2.366129171,1785795213.679654609,/loadcell_data_filtered.wrench.force.z,271.0853257913401
2.366351375,1785795213.679876813,/loadcell_data_filtered.wrench.force.z,271.4930114325813
2.366656567,1785795213.680182005,/loadcell_data_filtered.wrench.force.z,278.7216268046639
2.366813625,1785795213.680339063,/loadcell_data_filtered.wrench.force.z,284.2077008670917
2.367023305,1785795213.680548743,/loadcell_data_filtered.wrench.force.z,289.4627500730159
2.367209418,1785795213.680734856,/loadcell_data_filtered.wrench.force.z,294.23851251584665
2.367395326,1785795213.680920764,/loadcell_data_filtered.wrench.force.z,298.0056753846276
2.367584139,1785795213.681109577,/loadcell_data_filtered.wrench.force.z,299.52035572883733
2.367774031,1785795213.681299469,/loadcell_data_filtered.wrench.force.z,300.9798840255569
2.3679583170000003,1785795213.681483755,/loadcell_data_filtered.wrench.force.z,294.51312065306684
2.368137002,1785795213.681662440,/loadcell_data_filtered.wrench.force.z,296.0225860360568
2.368316108,1785795213.681841546,/loadcell_data_filtered.wrench.force.z,296.3835616811654
2.36849512,1785795213.682020558,/loadcell_data_filtered.wrench.force.z,297.3366890234751
2.368683282,1785795213.682208720,/loadcell_data_filtered.wrench.force.z,298.5617173388463
2.369335629,1785795213.682861067,/loadcell_data_filtered.wrench.force.z,299.51756078252834
2.369636761,1785795213.683162199,/loadcell_data_filtered.wrench.force.z,300.36753129610963
2.371694843,1785795213.685220281,/loadcell_data_filtered.wrench.force.z,300.73080145817335
2.371935191,1785795213.685460629,/loadcell_data_filtered.wrench.force.z,301.1524415621752
2.372130077,1785795213.685655515,/loadcell_data_filtered.wrench.force.z,301.08485543279585
2.372314008,1785795213.685839446,/loadcell_data_filtered.wrench.force.z,288.95909418897185
2.372517927,1785795213.686043365,/loadcell_data_filtered.wrench.force.z,284.8955529353212
2.372680452,1785795213.686205890,/loadcell_data_filtered.wrench.force.z,281.42422945615203
2.37301632,1785795213.686541758,/loadcell_data_filtered.wrench.force.z,278.9494054656106
2.37340687,1785795213.686932308,/loadcell_data_filtered.wrench.force.z,277.14782648965144
2.373823252,1785795213.687348690,/loadcell_data_filtered.wrench.force.z,275.8790727743192
2.374706853,1785795213.688232291,/loadcell_data_filtered.wrench.force.z,275.8688205656916
2.375589157,1785795213.689114595,/loadcell_data_filtered.wrench.force.z,276.50865680212394
2.375675602,1785795213.689201040,/loadcell_data_filtered.wrench.force.z,277.27649387061797
2.376836003,1785795213.690361441,/loadcell_data_filtered.wrench.force.z,278.913761488286
2.377788598,1785795213.691314036,/loadcell_data_filtered.wrench.force.z,279.61355624633603
2.377941669,1785795213.691467107,/loadcell_data_filtered.wrench.force.z,280.6890678744274
2.378803076,1785795213.692328514,/loadcell_data_filtered.wrench.force.z,281.7580609801356
2.378812636,1785795213.692338074,/loadcell_data_filtered.wrench.force.z,283.45196505217206
2.37881453,1785795213.692339968,/loadcell_data_filtered.wrench.force.z,285.4631163003634
2.37954196,1785795213.693067398,/loadcell_data_filtered.wrench.force.z,286.4187885551444
2.380242579,1785795213.693768017,/loadcell_data_filtered.wrench.force.z,291.57881029943167
2.38077119,1785795213.694296628,/loadcell_data_filtered.wrench.force.z,297.49400204278294
2.382038698,1785795213.695564136,/loadcell_data_filtered.wrench.force.z,303.5733645798168
2.382515979,1785795213.696041417,/loadcell_data_filtered.wrench.force.z,309.11289444435505
2.382899094,1785795213.696424532,/loadcell_data_filtered.wrench.force.z,314.6218508258427
2.383256449,1785795213.696781887,/loadcell_data_filtered.wrench.force.z,319.7581921804306
2.383620957,1785795213.697146395,/loadcell_data_filtered.wrench.force.z,323.1715331891643
2.383959846,1785795213.697485284,/loadcell_data_filtered.wrench.force.z,325.1755741697339
2.384325375,1785795213.697850813,/loadcell_data_filtered.wrench.force.z,327.2336818782079
2.384670253,1785795213.698195691,/loadcell_data_filtered.wrench.force.z,329.3392866339381
2.385013515,1785795213.698538953,/loadcell_data_filtered.wrench.force.z,331.67149813354666
2.385406315,1785795213.698931753,/loadcell_data_filtered.wrench.force.z,333.660687367038
2.385756268,1785795213.699281706,/loadcell_data_filtered.wrench.force.z,335.6085628490391
2.386194869,1785795213.699720307,/loadcell_data_filtered.wrench.force.z,337.68110877758636
2.3865800630000003,1785795213.700105501,/loadcell_data_filtered.wrench.force.z,339.285508701419
2.387055187,1785795213.700580625,/loadcell_data_filtered.wrench.force.z,340.70328621818965
2.387499281,1785795213.701024719,/loadcell_data_filtered.wrench.force.z,342.0661206859057
2.387930159,1785795213.701455597,/loadcell_data_filtered.wrench.force.z,337.86069630617305
2.388365035,1785795213.701890473,/loadcell_data_filtered.wrench.force.z,335.9521645773292
2.388855925,1785795213.702381363,/loadcell_data_filtered.wrench.force.z,333.1078327794097
2.389354485,1785795213.702879923,/loadcell_data_filtered.wrench.force.z,331.22711428538275
2.390420077,1785795213.703945515,/loadcell_data_filtered.wrench.force.z,329.600486648558
2.392199894,1785795213.705725332,/loadcell_data_filtered.wrench.force.z,328.93492037542796
2.392826205,1785795213.706351643,/loadcell_data_filtered.wrench.force.z,328.8393593984992
2.394222376,1785795213.707747814,/loadcell_data_filtered.wrench.force.z,328.69248625056
2.3946810960000002,1785795213.708206534,/loadcell_data_filtered.wrench.force.z,324.7060143376703
2.395042775,1785795213.708568213,/loadcell_data_filtered.wrench.force.z,326.46659828321026
2.395386955,1785795213.708912393,/loadcell_data_filtered.wrench.force.z,326.6294883892841
2.395906481,1785795213.709431919,/loadcell_data_filtered.wrench.force.z,328.25286762144725
2.396298084,1785795213.709823522,/loadcell_data_filtered.wrench.force.z,328.59905254258945
2.39676057,1785795213.710286008,/loadcell_data_filtered.wrench.force.z,329.2397293338481
2.397098516,1785795213.710623954,/loadcell_data_filtered.wrench.force.z,330.3017910639744
2.397466399,1785795213.710991837,/loadcell_data_filtered.wrench.force.z,331.7190608398878
2.397798333,1785795213.711323771,/loadcell_data_filtered.wrench.force.z,333.2154336448646
2.398203095,1785795213.711728533,/loadcell_data_filtered.wrench.force.z,340.6143269966957
2.398545018,1785795213.712070456,/loadcell_data_filtered.wrench.force.z,346.0946978442449
2.398870063,1785795213.712395501,/loadcell_data_filtered.wrench.force.z,351.1598862655617
2.3992007810000002,1785795213.712726219,/loadcell_data_filtered.wrench.force.z,355.4536852645516
2.399525507,1785795213.713050945,/loadcell_data_filtered.wrench.force.z,359.71647883679736
2.400491798,1785795213.714017236,/loadcell_data_filtered.wrench.force.z,362.12528889981434
2.40049955,1785795213.714024988,/loadcell_data_filtered.wrench.force.z,363.99581569431984
2.400503949,1785795213.714029387,/loadcell_data_filtered.wrench.force.z,365.1961726978742
2.400793847,1785795213.714319285,/loadcell_data_filtered.wrench.force.z,366.10452041250204
2.4017339460000002,1785795213.715259384,/loadcell_data_filtered.wrench.force.z,367.29367130480694
2.402169046,1785795213.715694484,/loadcell_data_filtered.wrench.force.z,368.48529080767713
2.405039425,1785795213.718564863,/loadcell_data_filtered.wrench.force.z,369.9647984424893
2.405476981,1785795213.719002419,/loadcell_data_filtered.wrench.force.z,371.04155767415256
2.40561814,1785795213.719143578,/loadcell_data_filtered.wrench.force.z,372.81475118441
2.405746491,1785795213.719271929,/loadcell_data_filtered.wrench.force.z,373.9842043362531
2.405873043,1785795213.719398481,/loadcell_data_filtered.wrench.force.z,375.1590747186428
2.406004751,1785795213.719530189,/loadcell_data_filtered.wrench.force.z,375.37394068821663
2.406121054,1785795213.719646492,/loadcell_data_filtered.wrench.force.z,370.93937113081046
2.406239557,1785795213.719764995,/loadcell_data_filtered.wrench.force.z,367.18604648326624
2.406361304,1785795213.719886742,/loadcell_data_filtered.wrench.force.z,363.71828558643654
2.406558531,1785795213.720083969,/loadcell_data_filtered.wrench.force.z,359.53518057149506
2.408397553,1785795213.721922991,/loadcell_data_filtered.wrench.force.z,356.9170424097241
2.408965912,1785795213.722491350,/loadcell_data_filtered.wrench.force.z,356.42406752666017
2.409696736,1785795213.723222174,/loadcell_data_filtered.wrench.force.z,356.0753020189008
2.410165926,1785795213.723691364,/loadcell_data_filtered.wrench.force.z,356.8938607943009
2.411274051,1785795213.724799489,/loadcell_data_filtered.wrench.force.z,357.05810976593386
2.411865139,1785795213.725390577,/loadcell_data_filtered.wrench.force.z,357.2479369187282
2.412396753,1785795213.725922191,/loadcell_data_filtered.wrench.force.z,356.3427008733294
2.412873961,1785795213.726399399,/loadcell_data_filtered.wrench.force.z,351.7241104952764
2.413284481,1785795213.726809919,/loadcell_data_filtered.wrench.force.z,348.02007507423053
2.413730732,1785795213.727256170,/loadcell_data_filtered.wrench.force.z,347.482807593787
2.414174427,1785795213.727699865,/loadcell_data_filtered.wrench.force.z,345.9434479267366
2.4145892460000002,1785795213.728114684,/loadcell_data_filtered.wrench.force.z,345.07533744019577
2.414987271,1785795213.728512709,/loadcell_data_filtered.wrench.force.z,349.0080105310584
2.415327814,1785795213.728853252,/loadcell_data_filtered.wrench.force.z,353.04262956985934
2.415798408,1785795213.729323846,/loadcell_data_filtered.wrench.force.z,357.02181937732087
2.416183299,1785795213.729708737,/loadcell_data_filtered.wrench.force.z,359.934114266257
2.416540689,1785795213.730066127,/loadcell_data_filtered.wrench.force.z,362.3950757217503
2.416943507,1785795213.730468945,/loadcell_data_filtered.wrench.force.z,364.4726670373465
2.417854734,1785795213.731380172,/loadcell_data_filtered.wrench.force.z,365.6907492442583
2.41841339,1785795213.731938828,/loadcell_data_filtered.wrench.force.z,365.93006818561133
2.4189320800000003,1785795213.732457518,/loadcell_data_filtered.wrench.force.z,365.9874109401752
2.419382649,1785795213.732908087,/loadcell_data_filtered.wrench.force.z,358.94255801555715
2.419756754,1785795213.733282192,/loadcell_data_filtered.wrench.force.z,359.4972977932345
2.4202029,1785795213.733728338,/loadcell_data_filtered.wrench.force.z,359.15528873723093
2.42063607,1785795213.734161508,/loadcell_data_filtered.wrench.force.z,359.398817802976
2.421043812,1785795213.734569250,/loadcell_data_filtered.wrench.force.z,359.6095178975067
2.421361242,1785795213.734886680,/loadcell_data_filtered.wrench.force.z,359.77965549689014
2.421801432,1785795213.735326870,/loadcell_data_filtered.wrench.force.z,359.9125953474105
2.422302042,1785795213.735827480,/loadcell_data_filtered.wrench.force.z,360.2601112553064
2.422693168,1785795213.736218606,/loadcell_data_filtered.wrench.force.z,354.55548062547155
2.4231351610000003,1785795213.736660599,/loadcell_data_filtered.wrench.force.z,350.82810038841626
2.425516363,1785795213.739041801,/loadcell_data_filtered.wrench.force.z,346.9442374596862
2.426353715,1785795213.739879153,/loadcell_data_filtered.wrench.force.z,343.9226613023067
2.427068298,1785795213.740593736,/loadcell_data_filtered.wrench.force.z,340.6735557879633
2.427646099,1785795213.741171537,/loadcell_data_filtered.wrench.force.z,339.0151801630201
2.428287766,1785795213.741813204,/loadcell_data_filtered.wrench.force.z,337.72269110251597
2.428919839,1785795213.742445277,/loadcell_data_filtered.wrench.force.z,337.6533141079104
2.429586264,1785795213.743111702,/loadcell_data_filtered.wrench.force.z,337.7614990660125
2.429996261,1785795213.743521699,/loadcell_data_filtered.wrench.force.z,336.3018953700489
2.430541214,1785795213.744066652,/loadcell_data_filtered.wrench.force.z,331.1669623777541
2.430911393,1785795213.744436831,/loadcell_data_filtered.wrench.force.z,326.6855109683173
2.431201273,1785795213.744726711,/loadcell_data_filtered.wrench.force.z,326.015644156215
2.431529154,1785795213.745054592,/loadcell_data_filtered.wrench.force.z,323.5149815096197
2.431854762,1785795213.745380200,/loadcell_data_filtered.wrench.force.z,321.98031515487526
2.432163449,1785795213.745688887,/loadcell_data_filtered.wrench.force.z,321.0290864374583
2.432468589,1785795213.745994027,/loadcell_data_filtered.wrench.force.z,320.14151631148786
2.432816714,1785795213.746342152,/loadcell_data_filtered.wrench.force.z,325.054654184626
2.433293058,1785795213.746818496,/loadcell_data_filtered.wrench.force.z,328.48559934251205
2.4334767470000003,1785795213.747002185,/loadcell_data_filtered.wrench.force.z,331.2900380330357
2.433811756,1785795213.747337194,/loadcell_data_filtered.wrench.force.z,333.51928991122776
2.434189388,1785795213.747714826,/loadcell_data_filtered.wrench.force.z,335.73342319558077
2.4346358,1785795213.748161238,/loadcell_data_filtered.wrench.force.z,336.85918261027666
2.435021181,1785795213.748546619,/loadcell_data_filtered.wrench.force.z,332.3071720513105
2.4354080380000003,1785795213.748933476,/loadcell_data_filtered.wrench.force.z,329.64553006977764
2.4357633180000002,1785795213.749288756,/loadcell_data_filtered.wrench.force.z,328.8945607623672
2.437150171,1785795213.750675609,/loadcell_data_filtered.wrench.force.z,328.6590984648452
2.437172702,1785795213.750698140,/loadcell_data_filtered.wrench.force.z,328.174236911964
2.437176294,1785795213.750701732,/loadcell_data_filtered.wrench.force.z,328.09620309315255
2.437250723,1785795213.750776161,/loadcell_data_filtered.wrench.force.z,328.54303339345705
2.437629643,1785795213.751155081,/loadcell_data_filtered.wrench.force.z,328.5402122247049
2.437942311,1785795213.751467749,/loadcell_data_filtered.wrench.force.z,328.59527775621245
2.438235668,1785795213.751761106,/loadcell_data_filtered.wrench.force.z,328.6753343701461
2.43864775,1785795213.752173188,/loadcell_data_filtered.wrench.force.z,327.1010501433039
2.439087712,1785795213.752613150,/loadcell_data_filtered.wrench.force.z,322.5976636019704
2.440906895,1785795213.754432333,/loadcell_data_filtered.wrench.force.z,318.45069329258405
2.441365608,1785795213.754891046,/loadcell_data_filtered.wrench.force.z,315.46619855282734
2.4417438430000002,1785795213.755269281,/loadcell_data_filtered.wrench.force.z,312.97975151938664
2.442026158,1785795213.755551596,/loadcell_data_filtered.wrench.force.z,303.1716696764899
2.442300331,1785795213.755825769,/loadcell_data_filtered.wrench.force.z,302.58610608463647
2.443816656,1785795213.757342094,/loadcell_data_filtered.wrench.force.z,301.8713853035599
2.444256974,1785795213.757782412,/loadcell_data_filtered.wrench.force.z,302.095392465251
2.444612929,1785795213.758138367,/loadcell_data_filtered.wrench.force.z,303.42535947702305
2.444906845,1785795213.758432283,/loadcell_data_filtered.wrench.force.z,303.78734787928346
2.445169587,1785795213.758695025,/loadcell_data_filtered.wrench.force.z,305.41060261606077
2.445959429,1785795213.759484867,/loadcell_data_filtered.wrench.force.z,306.173553755174
2.446161976,1785795213.759687414,/loadcell_data_filtered.wrench.force.z,307.26434742143266
2.446353847,1785795213.759879285,/loadcell_data_filtered.wrench.force.z,308.53725243316967
2.446592203,1785795213.760117641,/loadcell_data_filtered.wrench.force.z,308.9220614087137
2.4468209720000003,1785795213.760346410,/loadcell_data_filtered.wrench.force.z,310.4591014847044
2.44700115,1785795213.760526588,/loadcell_data_filtered.wrench.force.z,316.72717462799744
2.44716569,1785795213.760691128,/loadcell_data_filtered.wrench.force.z,320.3453830995297
2.449218337,1785795213.762743775,/loadcell_data_filtered.wrench.force.z,324.93166583748393
2.449692638,1785795213.763218076,/loadcell_data_filtered.wrench.force.z,328.86262697670105
2.450096959,1785795213.763622397,/loadcell_data_filtered.wrench.force.z,332.8326575838601
2.450480595,1785795213.764006033,/loadcell_data_filtered.wrench.force.z,336.17007414050704
2.45083868,1785795213.764364118,/loadcell_data_filtered.wrench.force.z,338.4568084281234
2.451364338,1785795213.764889776,/loadcell_data_filtered.wrench.force.z,339.22312701944804
2.451833052,1785795213.765358490,/loadcell_data_filtered.wrench.force.z,339.37307803738094
2.452146881,1785795213.765672319,/loadcell_data_filtered.wrench.force.z,340.35004606679786
2.452488398,1785795213.766013836,/loadcell_data_filtered.wrench.force.z,341.1729701180231
2.4527405,1785795213.766265938,/loadcell_data_filtered.wrench.force.z,342.1900488658428
2.452971475,1785795213.766496913,/loadcell_data_filtered.wrench.force.z,342.92925993724987
2.4532409250000002,1785795213.766766363,/loadcell_data_filtered.wrench.force.z,343.7726299390349
2.453539416,1785795213.767064854,/loadcell_data_filtered.wrench.force.z,344.7650264235723
2.453842226,1785795213.767367664,/loadcell_data_filtered.wrench.force.z,346.0274061779512
2.454161088,1785795213.767686526,/loadcell_data_filtered.wrench.force.z,346.84936991134003
2.454603497,1785795213.768128935,/loadcell_data_filtered.wrench.force.z,342.36617763057853
2.455805632,1785795213.769331070,/loadcell_data_filtered.wrench.force.z,340.0702541082084
2.45619303,1785795213.769718468,/loadcell_data_filtered.wrench.force.z,337.097400599636
2.456517431,1785795213.770042869,/loadcell_data_filtered.wrench.force.z,335.6878991499752
2.457336748,1785795213.770862186,/loadcell_data_filtered.wrench.force.z,333.61427328555015
2.457627608,1785795213.771153046,/loadcell_data_filtered.wrench.force.z,332.31632752610346
2.457832313,1785795213.771357751,/loadcell_data_filtered.wrench.force.z,331.76401778869706
2.458015094,1785795213.771540532,/loadcell_data_filtered.wrench.force.z,332.6329669372564
2.458501839,1785795213.772027277,/loadcell_data_filtered.wrench.force.z,333.7961466118683
2.458889749,1785795213.772415187,/loadcell_data_filtered.wrench.force.z,334.96784167175025
2.459989117,1785795213.773514555,/loadcell_data_filtered.wrench.force.z,336.0976484500717
2.462407536,1785795213.775932974,/loadcell_data_filtered.wrench.force.z,336.9652037605061
2.462420211,1785795213.775945649,/loadcell_data_filtered.wrench.force.z,337.975930790512
2.462422759,1785795213.775948197,/loadcell_data_filtered.wrench.force.z,338.6418623542677
2.462425046,1785795213.775950484,/loadcell_data_filtered.wrench.force.z,339.8325457893637
2.4640775660000003,1785795213.777603004,/loadcell_data_filtered.wrench.force.z,341.1069170629556
2.464408912,1785795213.777934350,/loadcell_data_filtered.wrench.force.z,341.97609754799015
2.46460676,1785795213.778132198,/loadcell_data_filtered.wrench.force.z,348.41698886432704
2.4647913580000003,1785795213.778316796,/loadcell_data_filtered.wrench.force.z,353.83693430234484
2.46499749,1785795213.778522928,/loadcell_data_filtered.wrench.force.z,358.5582740984169
2.465254107,1785795213.778779545,/loadcell_data_filtered.wrench.force.z,362.3410216809314
2.466848415,1785795213.780373853,/loadcell_data_filtered.wrench.force.z,364.42413260540195
2.467052732,1785795213.780578170,/loadcell_data_filtered.wrench.force.z,364.85969553509625
2.467192095,1785795213.780717533,/loadcell_data_filtered.wrench.force.z,364.80046549206173
2.467326769,1785795213.780852207,/loadcell_data_filtered.wrench.force.z,357.0132705273748
2.467455112,1785795213.780980550,/loadcell_data_filtered.wrench.force.z,357.1162132792361
2.4691391400000002,1785795213.782664578,/loadcell_data_filtered.wrench.force.z,356.43789264735915
2.469282083,1785795213.782807521,/loadcell_data_filtered.wrench.force.z,356.5812237459219
2.469405939,1785795213.782931377,/loadcell_data_filtered.wrench.force.z,356.6018911979648
2.469532968,1785795213.783058406,/loadcell_data_filtered.wrench.force.z,349.3533388643671
2.469650719,1785795213.783176157,/loadcell_data_filtered.wrench.force.z,349.59594418631366
2.4723597920000002,1785795213.785885230,/loadcell_data_filtered.wrench.force.z,348.15694153408134
2.472519318,1785795213.786044756,/loadcell_data_filtered.wrench.force.z,347.1964917641694
2.47265612,1785795213.786181558,/loadcell_data_filtered.wrench.force.z,343.2196794497985
2.472796966,1785795213.786322404,/loadcell_data_filtered.wrench.force.z,338.6934318003503
2.472936847,1785795213.786462285,/loadcell_data_filtered.wrench.force.z,328.4073043568213
2.473080999,1785795213.786606437,/loadcell_data_filtered.wrench.force.z,322.5704182522634
2.474213091,1785795213.787738529,/loadcell_data_filtered.wrench.force.z,318.1798420925584
2.474365711,1785795213.787891149,/loadcell_data_filtered.wrench.force.z,315.04626892137816
2.4745143,1785795213.788039738,/loadcell_data_filtered.wrench.force.z,306.71634476341546
2.474642708,1785795213.788168146,/loadcell_data_filtered.wrench.force.z,306.43533386678524
2.477150039,1785795213.790675477,/loadcell_data_filtered.wrench.force.z,306.8168604353087
2.477847016,1785795213.791372454,/loadcell_data_filtered.wrench.force.z,307.068233376029
2.4780834350000003,1785795213.791608873,/loadcell_data_filtered.wrench.force.z,307.05662505274404
2.478413785,1785795213.791939223,/loadcell_data_filtered.wrench.force.z,301.94498325237237
2.478779308,1785795213.792304746,/loadcell_data_filtered.wrench.force.z,299.50043634957376
2.47909897,1785795213.792624408,/loadcell_data_filtered.wrench.force.z,298.69041173071736
2.479347986,1785795213.792873424,/loadcell_data_filtered.wrench.force.z,298.2804863607289
2.479640554,1785795213.793165992,/loadcell_data_filtered.wrench.force.z,298.33903287580165
2.481318435,1785795213.794843873,/loadcell_data_filtered.wrench.force.z,299.0806472797804
2.481328943,1785795213.794854381,/loadcell_data_filtered.wrench.force.z,305.52650190078265
2.48133105,1785795213.794856488,/loadcell_data_filtered.wrench.force.z,309.6449079342321
2.481332611,1785795213.794858049,/loadcell_data_filtered.wrench.force.z,315.72555673927957
2.481334311,1785795213.794859749,/loadcell_data_filtered.wrench.force.z,320.45790603917584
2.481554189,1785795213.795079627,/loadcell_data_filtered.wrench.force.z,323.8833169525272
2.482118461,1785795213.795643899,/loadcell_data_filtered.wrench.force.z,326.52964807936246
2.483641321,1785795213.797166759,/loadcell_data_filtered.wrench.force.z,328.95532148880375
2.484319942,1785795213.797845380,/loadcell_data_filtered.wrench.force.z,329.873994121278
2.484855582,1785795213.798381020,/loadcell_data_filtered.wrench.force.z,331.59241212746605
2.485223437,1785795213.798748875,/loadcell_data_filtered.wrench.force.z,333.61633803334263
2.485558804,1785795213.799084242,/loadcell_data_filtered.wrench.force.z,334.8575404104237
2.485848358,1785795213.799373796,/loadcell_data_filtered.wrench.force.z,335.4272272618442
2.4869403180000003,1785795213.800465756,/loadcell_data_filtered.wrench.force.z,336.9840262133226
2.487174726,1785795213.800700164,/loadcell_data_filtered.wrench.force.z,338.3433717583939
2.487321965,1785795213.800847403,/loadcell_data_filtered.wrench.force.z,334.49185895960903
2.487494444,1785795213.801019882,/loadcell_data_filtered.wrench.force.z,333.40643163308056
2.48762746,1785795213.801152898,/loadcell_data_filtered.wrench.force.z,333.78418070492495
2.487959496,1785795213.801484934,/loadcell_data_filtered.wrench.force.z,329.07912960939905
2.4889048540000003,1785795213.802430292,/loadcell_data_filtered.wrench.force.z,326.2108456779252
2.48914101,1785795213.802666448,/loadcell_data_filtered.wrench.force.z,323.34430810674644
2.489326154,1785795213.802851592,/loadcell_data_filtered.wrench.force.z,321.9842248771737
2.492014756,1785795213.805540194,/loadcell_data_filtered.wrench.force.z,319.9877802755236
2.4927191300000002,1785795213.806244568,/loadcell_data_filtered.wrench.force.z,319.4813476367421
2.492938391,1785795213.806463829,/loadcell_data_filtered.wrench.force.z,319.75152587359037
2.493308795,1785795213.806834233,/loadcell_data_filtered.wrench.force.z,315.4146076825436
2.493611906,1785795213.807137344,/loadcell_data_filtered.wrench.force.z,315.6060419083959
2.494314481,1785795213.807839919,/loadcell_data_filtered.wrench.force.z,316.2637848224974
2.494602119,1785795213.808127557,/loadcell_data_filtered.wrench.force.z,317.46237849634673
2.494815672,1785795213.808341110,/loadcell_data_filtered.wrench.force.z,318.2243392877827
2.495005845,1785795213.808531283,/loadcell_data_filtered.wrench.force.z,312.7461486094779
2.4951968300000003,1785795213.808722268,/loadcell_data_filtered.wrench.force.z,312.69820899383046
2.495408692,1785795213.808934130,/loadcell_data_filtered.wrench.force.z,313.1852212973494
2.495589615,1785795213.809115053,/loadcell_data_filtered.wrench.force.z,314.2348134424173
2.4958771950000003,1785795213.809402633,/loadcell_data_filtered.wrench.force.z,315.9069502046582
2.496433174,1785795213.809958612,/loadcell_data_filtered.wrench.force.z,322.9127575571795
2.496720901,1785795213.810246339,/loadcell_data_filtered.wrench.force.z,328.405094944148
2.4975465850000003,1785795213.811072023,/loadcell_data_filtered.wrench.force.z,333.71505131039385
2.498263468,1785795213.811788906,/loadcell_data_filtered.wrench.force.z,337.62239851826484
2.498774319,1785795213.812299757,/loadcell_data_filtered.wrench.force.z,341.32545611410984
2.499179422,1785795213.812704860,/loadcell_data_filtered.wrench.force.z,343.6972739459329
2.4994803450000003,1785795213.813005783,/loadcell_data_filtered.wrench.force.z,345.0391413999153
2.499858061,1785795213.813383499,/loadcell_data_filtered.wrench.force.z,346.07951999523675
2.5004187570000003,1785795213.813944195,/loadcell_data_filtered.wrench.force.z,346.8500624179861
2.501560407,1785795213.815085845,/loadcell_data_filtered.wrench.force.z,347.91960535734347
2.50304581,1785795213.816571248,/loadcell_data_filtered.wrench.force.z,349.0340536301348
2.503422772,1785795213.816948210,/loadcell_data_filtered.wrench.force.z,350.8632221104416
2.5037727910000003,1785795213.817298229,/loadcell_data_filtered.wrench.force.z,352.0807263187513
2.504047045,1785795213.817572483,/loadcell_data_filtered.wrench.force.z,353.73473199859586
2.504323846,1785795213.817849284,/loadcell_data_filtered.wrench.force.z,355.1499056125703
2.506947466,1785795213.820472904,/loadcell_data_filtered.wrench.force.z,355.52686333961316
2.50993589,1785795213.823461328,/loadcell_data_filtered.wrench.force.z,353.17090346763916
2.5101539170000002,1785795213.823679355,/loadcell_data_filtered.wrench.force.z,349.937213066004
2.5102954889999998,1785795213.823820927,/loadcell_data_filtered.wrench.force.z,347.9523522712628
2.510439132,1785795213.823964570,/loadcell_data_filtered.wrench.force.z,346.2251368265648
2.510575238,1785795213.824100676,/loadcell_data_filtered.wrench.force.z,345.32979520312665
2.51069871,1785795213.824224148,/loadcell_data_filtered.wrench.force.z,344.5368592881092
2.510823521,1785795213.824348959,/loadcell_data_filtered.wrench.force.z,343.6050493597185
2.510941302,1785795213.824466740,/loadcell_data_filtered.wrench.force.z,344.00472187850755
2.511058394,1785795213.824583832,/loadcell_data_filtered.wrench.force.z,344.5989509582679
2.511176446,1785795213.824701884,/loadcell_data_filtered.wrench.force.z,345.2451963231786
2.511296788,1785795213.824822226,/loadcell_data_filtered.wrench.force.z,345.8802010816678
2.5114104409999998,1785795213.824935879,/loadcell_data_filtered.wrench.force.z,346.0172033252414
2.51153806,1785795213.825063498,/loadcell_data_filtered.wrench.force.z,345.79754422393586
2.511642502,1785795213.825167940,/loadcell_data_filtered.wrench.force.z,345.6470758215878
2.511794757,1785795213.825320195,/loadcell_data_filtered.wrench.force.z,345.6186533739379
2.512263974,1785795213.825789412,/loadcell_data_filtered.wrench.force.z,345.7164951517088
2.512769932,1785795213.826295370,/loadcell_data_filtered.wrench.force.z,351.09695707968444
2.513560956,1785795213.827086394,/loadcell_data_filtered.wrench.force.z,354.99194271703675
2.514236021,1785795213.827761459,/loadcell_data_filtered.wrench.force.z,358.89079272613617
2.514398438,1785795213.827923876,/loadcell_data_filtered.wrench.force.z,362.53786812089896
2.514764308,1785795213.828289746,/loadcell_data_filtered.wrench.force.z,365.3761826240722
2.515270255,1785795213.828795693,/loadcell_data_filtered.wrench.force.z,366.7737353840344
2.515707161,1785795213.829232599,/loadcell_data_filtered.wrench.force.z,367.53306837741036
2.516119791,1785795213.829645229,/loadcell_data_filtered.wrench.force.z,367.1797767046258
2.516713298,1785795213.830238736,/loadcell_data_filtered.wrench.force.z,366.55736846999963
2.517936721,1785795213.831462159,/loadcell_data_filtered.wrench.force.z,366.9027718472542
2.51883462,1785795213.832360058,/loadcell_data_filtered.wrench.force.z,366.63665508347293
2.520597459,1785795213.834122897,/loadcell_data_filtered.wrench.force.z,367.26121427422197
2.521183538,1785795213.834708976,/loadcell_data_filtered.wrench.force.z,367.01338270305143
2.521189488,1785795213.834714926,/loadcell_data_filtered.wrench.force.z,367.5833540686309
2.521191392,1785795213.834716830,/loadcell_data_filtered.wrench.force.z,365.8920176337217
2.521192983,1785795213.834718421,/loadcell_data_filtered.wrench.force.z,359.15430091440925
2.5212873250000003,1785795213.834812763,/loadcell_data_filtered.wrench.force.z,358.82922665717007
2.522919476,1785795213.836444914,/loadcell_data_filtered.wrench.force.z,352.061849264633
2.523059145,1785795213.836584583,/loadcell_data_filtered.wrench.force.z,346.9485277039704
2.523197732,1785795213.836723170,/loadcell_data_filtered.wrench.force.z,342.6424126878192
2.523309476,1785795213.836834914,/loadcell_data_filtered.wrench.force.z,332.52717994947875
2.523596832,1785795213.837122270,/loadcell_data_filtered.wrench.force.z,328.2837044407378
2.523690646,1785795213.837216084,/loadcell_data_filtered.wrench.force.z,324.9318061520417
2.525531762,1785795213.839057200,/loadcell_data_filtered.wrench.force.z,323.02301448768753
2.526774124,1785795213.840299562,/loadcell_data_filtered.wrench.force.z,322.24952143519715
2.527054055,1785795213.840579493,/loadcell_data_filtered.wrench.force.z,322.66292237338587
2.527261037,1785795213.840786475,/loadcell_data_filtered.wrench.force.z,322.74503432032583
2.5274468150000002,1785795213.840972253,/loadcell_data_filtered.wrench.force.z,322.0476735863852
2.527645092,1785795213.841170530,/loadcell_data_filtered.wrench.force.z,321.7177797621834
2.527846264,1785795213.841371702,/loadcell_data_filtered.wrench.force.z,320.5480403066842
2.528111493,1785795213.841636931,/loadcell_data_filtered.wrench.force.z,319.74324457303777
2.528331097,1785795213.841856535,/loadcell_data_filtered.wrench.force.z,319.16261008846215
2.528712666,1785795213.842238104,/loadcell_data_filtered.wrench.force.z,318.2885378423281
2.530746215,1785795213.844271653,/loadcell_data_filtered.wrench.force.z,318.7125513702064
2.531166584,1785795213.844692022,/loadcell_data_filtered.wrench.force.z,323.48466742441025
2.531500917,1785795213.845026355,/loadcell_data_filtered.wrench.force.z,320.3045644483446
2.531771321,1785795213.845296759,/loadcell_data_filtered.wrench.force.z,323.74124861384416
2.532002875,1785795213.845528313,/loadcell_data_filtered.wrench.force.z,325.61313954828296
2.5322232749999998,1785795213.845748713,/loadcell_data_filtered.wrench.force.z,327.7903064277032
2.532425668,1785795213.845951106,/loadcell_data_filtered.wrench.force.z,328.30453454709306
2.5327033830000003,1785795213.846228821,/loadcell_data_filtered.wrench.force.z,328.5809276229488
2.533226141,1785795213.846751579,/loadcell_data_filtered.wrench.force.z,328.20330501771497
2.533702602,1785795213.847228040,/loadcell_data_filtered.wrench.force.z,328.0417567513149
2.534269409,1785795213.847794847,/loadcell_data_filtered.wrench.force.z,327.9701531901053
2.535004204,1785795213.848529642,/loadcell_data_filtered.wrench.force.z,327.830515575734
2.535380874,1785795213.848906312,/loadcell_data_filtered.wrench.force.z,328.29071476430636
2.537814353,1785795213.851339791,/loadcell_data_filtered.wrench.force.z,328.27237709265034
2.5383088369999998,1785795213.851834275,/loadcell_data_filtered.wrench.force.z,328.5233700653646
2.5392155130000003,1785795213.852740951,/loadcell_data_filtered.wrench.force.z,328.852916165615
2.539610317,1785795213.853135755,/loadcell_data_filtered.wrench.force.z,329.1815780947311
2.539795503,1785795213.853320941,/loadcell_data_filtered.wrench.force.z,325.6729476051688
2.539970281,1785795213.853495719,/loadcell_data_filtered.wrench.force.z,322.8669603516533
2.540176338,1785795213.853701776,/loadcell_data_filtered.wrench.force.z,319.29102488827124
2.540444805,1785795213.853970243,/loadcell_data_filtered.wrench.force.z,316.10564480198354
2.5407218,1785795213.854247238,/loadcell_data_filtered.wrench.force.z,313.8627311469445
2.5409624969999998,1785795213.854487935,/loadcell_data_filtered.wrench.force.z,310.45391505568745
2.545533643,1785795213.859059081,/loadcell_data_filtered.wrench.force.z,309.10787796565626
2.545905789,1785795213.859431227,/loadcell_data_filtered.wrench.force.z,308.86943963713685
2.5462083680000003,1785795213.859733806,/loadcell_data_filtered.wrench.force.z,309.72607562869695
2.5465300280000003,1785795213.860055466,/loadcell_data_filtered.wrench.force.z,310.7388379661959
2.5467953210000003,1785795213.860320759,/loadcell_data_filtered.wrench.force.z,311.3910335270664
2.547129683,1785795213.860655121,/loadcell_data_filtered.wrench.force.z,312.19987950837447
2.547518056,1785795213.861043494,/loadcell_data_filtered.wrench.force.z,313.27642085790615
2.547953333,1785795213.861478771,/loadcell_data_filtered.wrench.force.z,314.42265931187984
2.548286611,1785795213.861812049,/loadcell_data_filtered.wrench.force.z,315.218849706422
2.548599497,1785795213.862124935,/loadcell_data_filtered.wrench.force.z,316.1498813498124
2.549158457,1785795213.862683895,/loadcell_data_filtered.wrench.force.z,317.2299096392821
2.550290029,1785795213.863815467,/loadcell_data_filtered.wrench.force.z,322.0927366559807
2.550312132,1785795213.863837570,/loadcell_data_filtered.wrench.force.z,325.0741910592061
2.550496623,1785795213.864022061,/loadcell_data_filtered.wrench.force.z,329.36699872845463
2.550873515,1785795213.864398953,/loadcell_data_filtered.wrench.force.z,332.98733367923353
2.551557985,1785795213.865083423,/loadcell_data_filtered.wrench.force.z,336.5223716524191
2.551945407,1785795213.865470845,/loadcell_data_filtered.wrench.force.z,338.60171131739986
2.552361736,1785795213.865887174,/loadcell_data_filtered.wrench.force.z,340.1787517680857
2.552867329,1785795213.866392767,/loadcell_data_filtered.wrench.force.z,340.9063788903858
2.553300049,1785795213.866825487,/loadcell_data_filtered.wrench.force.z,342.0232718890649
2.553677042,1785795213.867202480,/loadcell_data_filtered.wrench.force.z,343.54006903077277
2.554085969,1785795213.867611407,/loadcell_data_filtered.wrench.force.z,344.70953489339
2.554413568,1785795213.867939006,/loadcell_data_filtered.wrench.force.z,345.8484884120104
2.554713788,1785795213.868239226,/loadcell_data_filtered.wrench.force.z,345.0058394770411
2.554979844,1785795213.868505282,/loadcell_data_filtered.wrench.force.z,345.47255524029896
2.555247647,1785795213.868773085,/loadcell_data_filtered.wrench.force.z,345.88860370273414
2.555544324,1785795213.869069762,/loadcell_data_filtered.wrench.force.z,345.9274766018421
2.555847204,1785795213.869372642,/loadcell_data_filtered.wrench.force.z,346.1416020964291
2.556081811,1785795213.869607249,/loadcell_data_filtered.wrench.force.z,340.76178079799814
2.556306389,1785795213.869831827,/loadcell_data_filtered.wrench.force.z,336.8723204819382
2.556567602,1785795213.870093040,/loadcell_data_filtered.wrench.force.z,333.24826753358957
2.556836955,1785795213.870362393,/loadcell_data_filtered.wrench.force.z,330.34062571822324
2.5571303739999998,1785795213.870655812,/loadcell_data_filtered.wrench.force.z,326.9255707635958
2.557397252,1785795213.870922690,/loadcell_data_filtered.wrench.force.z,325.5102143493242
2.559497158,1785795213.873022596,/loadcell_data_filtered.wrench.force.z,324.6961769108706
2.559927138,1785795213.873452576,/loadcell_data_filtered.wrench.force.z,324.7296912558949
2.560251165,1785795213.873776603,/loadcell_data_filtered.wrench.force.z,322.6514773040519
2.560525294,1785795213.874050732,/loadcell_data_filtered.wrench.force.z,317.51183118845995
2.560788506,1785795213.874313944,/loadcell_data_filtered.wrench.force.z,318.0565772650166
2.561921242,1785795213.875446680,/loadcell_data_filtered.wrench.force.z,316.6105971791794
2.562286373,1785795213.875811811,/loadcell_data_filtered.wrench.force.z,316.18908211036296
2.562633878,1785795213.876159316,/loadcell_data_filtered.wrench.force.z,314.9080420696582
2.562999745,1785795213.876525183,/loadcell_data_filtered.wrench.force.z,308.0121852663835
2.563353299,1785795213.876878737,/loadcell_data_filtered.wrench.force.z,308.16171508919194
2.5637136480000002,1785795213.877239086,/loadcell_data_filtered.wrench.force.z,309.31841003392685
2.56406404,1785795213.877589478,/loadcell_data_filtered.wrench.force.z,314.0682138522085
2.564395883,1785795213.877921321,/loadcell_data_filtered.wrench.force.z,318.7269071548312
2.564717646,1785795213.878243084,/loadcell_data_filtered.wrench.force.z,322.22658393611044
2.5657712630000002,1785795213.879296701,/loadcell_data_filtered.wrench.force.z,325.29320896520323
2.566785723,1785795213.880311161,/loadcell_data_filtered.wrench.force.z,327.8776855843639
2.567034253,1785795213.880559691,/loadcell_data_filtered.wrench.force.z,329.98423424397197
2.56724907,1785795213.880774508,/loadcell_data_filtered.wrench.force.z,331.1730787573349
2.567515412,1785795213.881040850,/loadcell_data_filtered.wrench.force.z,331.4313420212754
2.56765642,1785795213.881181858,/loadcell_data_filtered.wrench.force.z,332.33406820543473
2.567820922,1785795213.881346360,/loadcell_data_filtered.wrench.force.z,332.2679914062517
2.569139925,1785795213.882665363,/loadcell_data_filtered.wrench.force.z,331.5601154528123
2.569270599,1785795213.882796037,/loadcell_data_filtered.wrench.force.z,331.52368102208067
2.569411864,1785795213.882937302,/loadcell_data_filtered.wrench.force.z,324.9580561984949
2.569552324,1785795213.883077762,/loadcell_data_filtered.wrench.force.z,325.8616166388422
2.570062986,1785795213.883588424,/loadcell_data_filtered.wrench.force.z,325.6742002870984
2.570323338,1785795213.883848776,/loadcell_data_filtered.wrench.force.z,325.28991947422753
2.570819637,1785795213.884345075,/loadcell_data_filtered.wrench.force.z,320.6708676536211
2.571369729,1785795213.884895167,/loadcell_data_filtered.wrench.force.z,317.5293068518448
2.571942189,1785795213.885467627,/loadcell_data_filtered.wrench.force.z,313.1213736429348
2.574012462,1785795213.887537900,/loadcell_data_filtered.wrench.force.z,309.7536066446463
2.5741549580000003,1785795213.887680396,/loadcell_data_filtered.wrench.force.z,306.4563946213224
2.574277357,1785795213.887802795,/loadcell_data_filtered.wrench.force.z,303.97842248181024
2.574388926,1785795213.887914364,/loadcell_data_filtered.wrench.force.z,294.3932003203647
2.5745081069999998,1785795213.888033545,/loadcell_data_filtered.wrench.force.z,293.99347549421464
2.575108319,1785795213.888633757,/loadcell_data_filtered.wrench.force.z,292.50589336305853
2.578016024,1785795213.891541462,/loadcell_data_filtered.wrench.force.z,291.8305319400122
2.578147473,1785795213.891672911,/loadcell_data_filtered.wrench.force.z,290.9061858191473
2.5782765430000003,1785795213.891801981,/loadcell_data_filtered.wrench.force.z,289.73580537880133
2.578384453,1785795213.891909891,/loadcell_data_filtered.wrench.force.z,282.3698915930182
2.5785104580000002,1785795213.892035896,/loadcell_data_filtered.wrench.force.z,280.66014049725385
2.5786227200000003,1785795213.892148158,/loadcell_data_filtered.wrench.force.z,279.58055756399364
2.578737093,1785795213.892262531,/loadcell_data_filtered.wrench.force.z,278.0289956517882
2.57899309,1785795213.892518528,/loadcell_data_filtered.wrench.force.z,275.97340918316524
2.579543093,1785795213.893068531,/loadcell_data_filtered.wrench.force.z,280.3049953985483
2.5818069550000002,1785795213.895332393,/loadcell_data_filtered.wrench.force.z,282.7405756978632
2.582651347,1785795213.896176785,/loadcell_data_filtered.wrench.force.z,285.47648347638426
2.583335328,1785795213.896860766,/loadcell_data_filtered.wrench.force.z,287.8997644578356
2.583348173,1785795213.896873611,/loadcell_data_filtered.wrench.force.z,290.4079565021868
2.58477399,1785795213.898299428,/loadcell_data_filtered.wrench.force.z,291.4395666720864
2.585188134,1785795213.898713572,/loadcell_data_filtered.wrench.force.z,292.08916048761915
2.585520353,1785795213.899045791,/loadcell_data_filtered.wrench.force.z,291.7675821481601
2.585859389,1785795213.899384827,/loadcell_data_filtered.wrench.force.z,290.146441736033
2.586268763,1785795213.899794201,/loadcell_data_filtered.wrench.force.z,282.53209975785313
2.586699918,1785795213.900225356,/loadcell_data_filtered.wrench.force.z,282.0590773374135
2.587104826,1785795213.900630264,/loadcell_data_filtered.wrench.force.z,280.8746109947125
2.587426319,1785795213.900951757,/loadcell_data_filtered.wrench.force.z,280.67421405574174
2.587756949,1785795213.901282387,/loadcell_data_filtered.wrench.force.z,281.44108460219434
2.587994808,1785795213.901520246,/loadcell_data_filtered.wrench.force.z,282.03129840939096
2.58824245,1785795213.901767888,/loadcell_data_filtered.wrench.force.z,282.45518195382436
2.588502101,1785795213.902027539,/loadcell_data_filtered.wrench.force.z,281.9544885387937
2.588701501,1785795213.902226939,/loadcell_data_filtered.wrench.force.z,276.67414136109136
2.588894631,1785795213.902420069,/loadcell_data_filtered.wrench.force.z,273.0505603840274
2.5890944559999998,1785795213.902619894,/loadcell_data_filtered.wrench.force.z,270.48660555494524
2.5893685680000003,1785795213.902894006,/loadcell_data_filtered.wrench.force.z,268.8118555261661
2.589905677,1785795213.903431115,/loadcell_data_filtered.wrench.force.z,266.9864509131374
2.5919036970000002,1785795213.905429135,/loadcell_data_filtered.wrench.force.z,266.7619563258999
2.592382722,1785795213.905908160,/loadcell_data_filtered.wrench.force.z,267.60881954762044
2.592731657,1785795213.906257095,/loadcell_data_filtered.wrench.force.z,262.96771559752625
2.592942342,1785795213.906467780,/loadcell_data_filtered.wrench.force.z,263.7026006336746
2.593128458,1785795213.906653896,/loadcell_data_filtered.wrench.force.z,265.03909763361855
2.5933045740000003,1785795213.906830012,/loadcell_data_filtered.wrench.force.z,266.9534515787741
2.593517713,1785795213.907043151,/loadcell_data_filtered.wrench.force.z,268.9355988366418
2.5939378790000003,1785795213.907463317,/loadcell_data_filtered.wrench.force.z,270.9473388612975
2.594375149,1785795213.907900587,/loadcell_data_filtered.wrench.force.z,272.72514472912303
2.595030097,1785795213.908555535,/loadcell_data_filtered.wrench.force.z,274.8378331869752
2.59546632,1785795213.908991758,/loadcell_data_filtered.wrench.force.z,276.83466449112365
2.595955631,1785795213.909481069,/loadcell_data_filtered.wrench.force.z,281.7217004643224
2.596312168,1785795213.909837606,/loadcell_data_filtered.wrench.force.z,287.6674232098218
2.596896549,1785795213.910421987,/loadcell_data_filtered.wrench.force.z,294.19667681253105
2.5973697749999998,1785795213.910895213,/loadcell_data_filtered.wrench.force.z,299.13860932360285
2.59781412,1785795213.911339558,/loadcell_data_filtered.wrench.force.z,303.25553431046654
2.598772103,1785795213.912297541,/loadcell_data_filtered.wrench.force.z,307.661984343765
2.599178159,1785795213.912703597,/loadcell_data_filtered.wrench.force.z,310.51741748455834
2.599798398,1785795213.913323836,/loadcell_data_filtered.wrench.force.z,312.38657798534484
2.600131129,1785795213.913656567,/loadcell_data_filtered.wrench.force.z,313.87280477131134
2.600438721,1785795213.913964159,/loadcell_data_filtered.wrench.force.z,315.85763678247577
2.6010295660000002,1785795213.914555004,/loadcell_data_filtered.wrench.force.z,317.54885121272434
2.603688982,1785795213.917214420,/loadcell_data_filtered.wrench.force.z,319.04372369005495
2.603965517,1785795213.917490955,/loadcell_data_filtered.wrench.force.z,319.9915950351765
2.604153211,1785795213.917678649,/loadcell_data_filtered.wrench.force.z,321.1132341720154
2.6043474470000003,1785795213.917872885,/loadcell_data_filtered.wrench.force.z,315.85618159267034
2.60457246,1785795213.918097898,/loadcell_data_filtered.wrench.force.z,315.7141582636192
2.604809576,1785795213.918335014,/loadcell_data_filtered.wrench.force.z,315.58312199369846
2.605058163,1785795213.918583601,/loadcell_data_filtered.wrench.force.z,310.95185012358314
2.605286841,1785795213.918812279,/loadcell_data_filtered.wrench.force.z,308.2910458310316
2.608281807,1785795213.921807245,/loadcell_data_filtered.wrench.force.z,305.0049897273059
2.6095921,1785795213.923117538,/loadcell_data_filtered.wrench.force.z,302.8881623573628
2.609839868,1785795213.923365306,/loadcell_data_filtered.wrench.force.z,301.6921350472041
2.610010387,1785795213.923535825,/loadcell_data_filtered.wrench.force.z,301.3179625691703
2.6101561120000003,1785795213.923681550,/loadcell_data_filtered.wrench.force.z,300.9695191487081
2.6102930410000003,1785795213.923818479,/loadcell_data_filtered.wrench.force.z,301.9641967054895
2.610420508,1785795213.923945946,/loadcell_data_filtered.wrench.force.z,303.8200576760733
2.610575701,1785795213.924101139,/loadcell_data_filtered.wrench.force.z,304.7487591323681
2.61070189,1785795213.924227328,/loadcell_data_filtered.wrench.force.z,306.1663985354448
2.610840803,1785795213.924366241,/loadcell_data_filtered.wrench.force.z,305.97058807843996
2.610998936,1785795213.924524374,/loadcell_data_filtered.wrench.force.z,306.3228161685879
2.611235454,1785795213.924760892,/loadcell_data_filtered.wrench.force.z,306.69240101996417
2.611564347,1785795213.925089785,/loadcell_data_filtered.wrench.force.z,307.1364381430094
2.6118897309999998,1785795213.925415169,/loadcell_data_filtered.wrench.force.z,307.2289938723878
2.61325514,1785795213.926780578,/loadcell_data_filtered.wrench.force.z,307.8153612015137
2.613684053,1785795213.927209491,/loadcell_data_filtered.wrench.force.z,314.2249787872898
2.613973323,1785795213.927498761,/loadcell_data_filtered.wrench.force.z,319.37722175990353
2.614198298,1785795213.927723736,/loadcell_data_filtered.wrench.force.z,323.6328345292064
2.614420363,1785795213.927945801,/loadcell_data_filtered.wrench.force.z,326.8349404832183
2.615071285,1785795213.928596723,/loadcell_data_filtered.wrench.force.z,330.4647402626451
2.615439331,1785795213.928964769,/loadcell_data_filtered.wrench.force.z,332.19050932850234
2.615869166,1785795213.929394604,/loadcell_data_filtered.wrench.force.z,333.37277698813335
2.61643104,1785795213.929956478,/loadcell_data_filtered.wrench.force.z,333.8617268981696
2.616740251,1785795213.930265689,/loadcell_data_filtered.wrench.force.z,334.5975659601862
2.61900131,1785795213.932526748,/loadcell_data_filtered.wrench.force.z,335.1912269991518
2.619344676,1785795213.932870114,/loadcell_data_filtered.wrench.force.z,335.4910808766993
2.61963033,1785795213.933155768,/loadcell_data_filtered.wrench.force.z,335.9867006921783
2.621161863,1785795213.934687301,/loadcell_data_filtered.wrench.force.z,336.7646790413544
2.621823545,1785795213.935348983,/loadcell_data_filtered.wrench.force.z,336.9857463948659
2.622211365,1785795213.935736803,/loadcell_data_filtered.wrench.force.z,337.34283287356124
2.622569429,1785795213.936094867,/loadcell_data_filtered.wrench.force.z,330.8297785827303
2.622858038,1785795213.936383476,/loadcell_data_filtered.wrench.force.z,330.35323032384116
2.623076661,1785795213.936602099,/loadcell_data_filtered.wrench.force.z,324.12114041918215
2.623312098,1785795213.936837536,/loadcell_data_filtered.wrench.force.z,319.9085665015445
2.623601716,1785795213.937127154,/loadcell_data_filtered.wrench.force.z,315.93614146256454
2.623923936,1785795213.937449374,/loadcell_data_filtered.wrench.force.z,312.514900285134
2.624272536,1785795213.937797974,/loadcell_data_filtered.wrench.force.z,309.18217116940247
2.624656094,1785795213.938181532,/loadcell_data_filtered.wrench.force.z,307.319474298999
2.625039176,1785795213.938564614,/loadcell_data_filtered.wrench.force.z,306.2581765183983
2.625599132,1785795213.939124570,/loadcell_data_filtered.wrench.force.z,306.0865551029035
2.626094335,1785795213.939619773,/loadcell_data_filtered.wrench.force.z,305.77950666101594
2.626550617,1785795213.940076055,/loadcell_data_filtered.wrench.force.z,305.4513973089505
2.626943967,1785795213.940469405,/loadcell_data_filtered.wrench.force.z,304.8876072037362
2.627425343,1785795213.940950781,/loadcell_data_filtered.wrench.force.z,304.1460262168283
2.628415614,1785795213.941941052,/loadcell_data_filtered.wrench.force.z,303.31969625255306
2.6291190220000002,1785795213.942644460,/loadcell_data_filtered.wrench.force.z,302.5094266101394
2.629763643,1785795213.943289081,/loadcell_data_filtered.wrench.force.z,302.43080382140045
2.63274896,1785795213.946274398,/loadcell_data_filtered.wrench.force.z,301.6255596935008
2.633253437,1785795213.946778875,/loadcell_data_filtered.wrench.force.z,305.2673169313439
2.634224563,1785795213.947750001,/loadcell_data_filtered.wrench.force.z,308.22954668783865
2.634359815,1785795213.947885253,/loadcell_data_filtered.wrench.force.z,312.73268385524125
2.6348462440000002,1785795213.948371682,/loadcell_data_filtered.wrench.force.z,316.1575516819487
2.635234475,1785795213.948759913,/loadcell_data_filtered.wrench.force.z,318.87118263481693
2.635683874,1785795213.949209312,/loadcell_data_filtered.wrench.force.z,321.12904627018827
2.63614316,1785795213.949668598,/loadcell_data_filtered.wrench.force.z,322.6276511802578
2.636584619,1785795213.950110057,/loadcell_data_filtered.wrench.force.z,322.37700333651657
2.637058509,1785795213.950583947,/loadcell_data_filtered.wrench.force.z,320.9744420960402
2.639312548,1785795213.952837986,/loadcell_data_filtered.wrench.force.z,320.7947077445015
2.6393243120000003,1785795213.952849750,/loadcell_data_filtered.wrench.force.z,320.70110363595467
2.639328115,1785795213.952853553,/loadcell_data_filtered.wrench.force.z,320.46451633180516
2.639331255,1785795213.952856693,/loadcell_data_filtered.wrench.force.z,320.40737407524296
2.639334174,1785795213.952859612,/loadcell_data_filtered.wrench.force.z,320.3072508472582
2.639590908,1785795213.953116346,/loadcell_data_filtered.wrench.force.z,320.3148309663957
2.640002778,1785795213.953528216,/loadcell_data_filtered.wrench.force.z,320.4296099344664
2.640512577,1785795213.954038015,/loadcell_data_filtered.wrench.force.z,320.1505913779086
2.641058718,1785795213.954584156,/loadcell_data_filtered.wrench.force.z,314.9474589706074
2.641643515,1785795213.955168953,/loadcell_data_filtered.wrench.force.z,311.76489028769583
2.642009745,1785795213.955535183,/loadcell_data_filtered.wrench.force.z,308.0801133535508
2.642352067,1785795213.955877505,/loadcell_data_filtered.wrench.force.z,305.07801758994566
2.642968653,1785795213.956494091,/loadcell_data_filtered.wrench.force.z,302.4967888688149
2.643196505,1785795213.956721943,/loadcell_data_filtered.wrench.force.z,300.52499598779497
2.643618782,1785795213.957144220,/loadcell_data_filtered.wrench.force.z,299.4158312094251
2.6439694730000003,1785795213.957494911,/loadcell_data_filtered.wrench.force.z,299.02756452068934
2.644365324,1785795213.957890762,/loadcell_data_filtered.wrench.force.z,299.53157321656056
2.64475535,1785795213.958280788,/loadcell_data_filtered.wrench.force.z,300.8578724897361
2.645089246,1785795213.958614684,/loadcell_data_filtered.wrench.force.z,302.0886257112915
2.6453595080000003,1785795213.958884946,/loadcell_data_filtered.wrench.force.z,302.68020960231956
2.646957434,1785795213.960482872,/loadcell_data_filtered.wrench.force.z,302.68722287097006
2.647310841,1785795213.960836279,/loadcell_data_filtered.wrench.force.z,302.01829398024705
2.647587143,1785795213.961112581,/loadcell_data_filtered.wrench.force.z,302.8821111911581
2.647858646,1785795213.961384084,/loadcell_data_filtered.wrench.force.z,303.99858120469395
2.648185009,1785795213.961710447,/loadcell_data_filtered.wrench.force.z,305.52454384717157
2.648547052,1785795213.962072490,/loadcell_data_filtered.wrench.force.z,312.61612938741297
2.6491106650000003,1785795213.962636103,/loadcell_data_filtered.wrench.force.z,317.9236187919901
2.649547277,1785795213.963072715,/loadcell_data_filtered.wrench.force.z,321.92615610376936
2.64984534,1785795213.963370778,/loadcell_data_filtered.wrench.force.z,324.3006706386045
2.650116462,1785795213.963641900,/loadcell_data_filtered.wrench.force.z,328.47408181329024
2.650480807,1785795213.964006245,/loadcell_data_filtered.wrench.force.z,330.9440213230395
2.650858296,1785795213.964383734,/loadcell_data_filtered.wrench.force.z,333.10878158922895
2.651248015,1785795213.964773453,/loadcell_data_filtered.wrench.force.z,334.00969399228376
2.6551898830000003,1785795213.968715321,/loadcell_data_filtered.wrench.force.z,334.6844617774388
2.655506231,1785795213.969031669,/loadcell_data_filtered.wrench.force.z,335.76429129577605
2.6557436990000003,1785795213.969269137,/loadcell_data_filtered.wrench.force.z,336.8468587894634
2.655966516,1785795213.969491954,/loadcell_data_filtered.wrench.force.z,338.65682210665494
2.656210383,1785795213.969735821,/loadcell_data_filtered.wrench.force.z,340.4708410210686
2.65652169,1785795213.970047128,/loadcell_data_filtered.wrench.force.z,342.063223351738
2.656809373,1785795213.970334811,/loadcell_data_filtered.wrench.force.z,343.4520479144448
2.6570996950000003,1785795213.970625133,/loadcell_data_filtered.wrench.force.z,344.87816694794304
2.65745954,1785795213.970984978,/loadcell_data_filtered.wrench.force.z,342.69805321954817
2.657774687,1785795213.971300125,/loadcell_data_filtered.wrench.force.z,333.0244210810419
2.658030213,1785795213.971555651,/loadcell_data_filtered.wrench.force.z,329.9312220789013
2.658315537,1785795213.971840975,/loadcell_data_filtered.wrench.force.z,325.1939820600201
2.658653113,1785795213.972178551,/loadcell_data_filtered.wrench.force.z,321.5022004280143
2.659030248,1785795213.972555686,/loadcell_data_filtered.wrench.force.z,314.246256522563
2.659364702,1785795213.972890140,/loadcell_data_filtered.wrench.force.z,313.83816347204885
2.659727445,1785795213.973252883,/loadcell_data_filtered.wrench.force.z,313.36642473767984
2.660138555,1785795213.973663993,/loadcell_data_filtered.wrench.force.z,313.7437430899508
2.660552708,1785795213.974078146,/loadcell_data_filtered.wrench.force.z,314.5676494210896
2.660927322,1785795213.974452760,/loadcell_data_filtered.wrench.force.z,314.96781794458127
2.661266168,1785795213.974791606,/loadcell_data_filtered.wrench.force.z,315.6070338379325
2.661606439,1785795213.975131877,/loadcell_data_filtered.wrench.force.z,315.5293969910202
2.661909675,1785795213.975435113,/loadcell_data_filtered.wrench.force.z,315.720294470077
2.662138621,1785795213.975664059,/loadcell_data_filtered.wrench.force.z,315.9860038844151
2.662338853,1785795213.975864291,/loadcell_data_filtered.wrench.force.z,315.2062998965067
2.662561572,1785795213.976087010,/loadcell_data_filtered.wrench.force.z,315.1401161135213
2.662871118,1785795213.976396556,/loadcell_data_filtered.wrench.force.z,320.01951644338754
2.663651842,1785795213.977177280,/loadcell_data_filtered.wrench.force.z,323.6020394040168
2.663849322,1785795213.977374760,/loadcell_data_filtered.wrench.force.z,328.21932085416006
2.664256306,1785795213.977781744,/loadcell_data_filtered.wrench.force.z,331.4793330096816
2.664676672,1785795213.978202110,/loadcell_data_filtered.wrench.force.z,334.12149121000374
2.665242858,1785795213.978768296,/loadcell_data_filtered.wrench.force.z,336.43313719252103
2.665495259,1785795213.979020697,/loadcell_data_filtered.wrench.force.z,337.9390627417198
2.669688286,1785795213.983213724,/loadcell_data_filtered.wrench.force.z,338.11093806015015
2.669848489,1785795213.983373927,/loadcell_data_filtered.wrench.force.z,337.89595956884136
2.670000471,1785795213.983525909,/loadcell_data_filtered.wrench.force.z,338.17512292306714
2.670123163,1785795213.983648601,/loadcell_data_filtered.wrench.force.z,338.7899179088924
2.670247092,1785795213.983772530,/loadcell_data_filtered.wrench.force.z,339.1319906184666
2.6704063170000003,1785795213.983931755,/loadcell_data_filtered.wrench.force.z,339.1368427129604
2.670525217,1785795213.984050655,/loadcell_data_filtered.wrench.force.z,331.5374247826331
2.670650574,1785795213.984176012,/loadcell_data_filtered.wrench.force.z,331.75266387250724
2.6707789809999998,1785795213.984304419,/loadcell_data_filtered.wrench.force.z,330.59346496454253
2.670908605,1785795213.984434043,/loadcell_data_filtered.wrench.force.z,330.10497189089847
2.6710327080000003,1785795213.984558146,/loadcell_data_filtered.wrench.force.z,324.51823057157725
2.6714122160000002,1785795213.984937654,/loadcell_data_filtered.wrench.force.z,320.8309606112495
2.672787527,1785795213.986312965,/loadcell_data_filtered.wrench.force.z,317.0715149702722
2.673123262,1785795213.986648700,/loadcell_data_filtered.wrench.force.z,313.86269149477846
2.673265401,1785795213.986790839,/loadcell_data_filtered.wrench.force.z,310.885169353226
2.673475198,1785795213.987000636,/loadcell_data_filtered.wrench.force.z,308.78944838621175
2.674045807,1785795213.987571245,/loadcell_data_filtered.wrench.force.z,306.70494002528824
2.6744688500000002,1785795213.987994288,/loadcell_data_filtered.wrench.force.z,305.97323272052734
2.675186144,1785795213.988711582,/loadcell_data_filtered.wrench.force.z,305.29638980679584
2.675431957,1785795213.988957395,/loadcell_data_filtered.wrench.force.z,304.9359371908989
2.676535971,1785795213.990061409,/loadcell_data_filtered.wrench.force.z,304.1108211555209
2.676998649,1785795213.990524087,/loadcell_data_filtered.wrench.force.z,303.27275717399203
2.6773192740000002,1785795213.990844712,/loadcell_data_filtered.wrench.force.z,302.7404807404067
2.678057493,1785795213.991582931,/loadcell_data_filtered.wrench.force.z,302.00180064056553
2.678288699,1785795213.991814137,/loadcell_data_filtered.wrench.force.z,301.6078649411182
2.678516191,1785795213.992041629,/loadcell_data_filtered.wrench.force.z,301.9878250346954
2.67899712,1785795213.992522558,/loadcell_data_filtered.wrench.force.z,301.4613922575386
2.679757012,1785795213.993282450,/loadcell_data_filtered.wrench.force.z,306.3541285747737
2.681586495,1785795213.995111933,/loadcell_data_filtered.wrench.force.z,310.62608053372304
2.681731307,1785795213.995256745,/loadcell_data_filtered.wrench.force.z,314.3858617591373
2.68186127,1785795213.995386708,/loadcell_data_filtered.wrench.force.z,316.4355559710861
2.6819950070000003,1785795213.995520445,/loadcell_data_filtered.wrench.force.z,313.1819746183941
2.6823511030000002,1785795213.995876541,/loadcell_data_filtered.wrench.force.z,314.74715454615716
2.684344101,1785795213.997869539,/loadcell_data_filtered.wrench.force.z,314.42013164558546
2.685416864,1785795213.998942302,/loadcell_data_filtered.wrench.force.z,314.4229537563029
2.685577373,1785795213.999102811,/loadcell_data_filtered.wrench.force.z,315.2022556852103
2.6868424600000003,1785795214.000367898,/loadcell_data_filtered.wrench.force.z,315.7654713827637
2.687010492,1785795214.000535930,/loadcell_data_filtered.wrench.force.z,316.01277292638775
2.687154177,1785795214.000679615,/loadcell_data_filtered.wrench.force.z,316.0664026018607
2.687304609,1785795214.000830047,/loadcell_data_filtered.wrench.force.z,316.331062241316
2.687470961,1785795214.000996399,/loadcell_data_filtered.wrench.force.z,315.5503472177363
2.687615912,1785795214.001141350,/loadcell_data_filtered.wrench.force.z,307.8255533614887
2.688602062,1785795214.002127500,/loadcell_data_filtered.wrench.force.z,307.4034898505541
2.6890158790000003,1785795214.002541317,/loadcell_data_filtered.wrench.force.z,303.37097285785234
2.6891434480000003,1785795214.002668886,/loadcell_data_filtered.wrench.force.z,298.5026907718128
2.689266507,1785795214.002791945,/loadcell_data_filtered.wrench.force.z,293.9969292418482
2.6893839980000003,1785795214.002909436,/loadcell_data_filtered.wrench.force.z,290.58686808101186
2.689606923,1785795214.003132361,/loadcell_data_filtered.wrench.force.z,286.9647789785442
2.690038002,1785795214.003563440,/loadcell_data_filtered.wrench.force.z,282.92316345717563
2.69044194,1785795214.003967378,/loadcell_data_filtered.wrench.force.z,280.90015246185465
2.690881103,1785795214.004406541,/loadcell_data_filtered.wrench.force.z,279.7573160557076
2.691564013,1785795214.005089451,/loadcell_data_filtered.wrench.force.z,278.69615786508194
2.691900057,1785795214.005425495,/loadcell_data_filtered.wrench.force.z,277.9512582328716
2.695216019,1785795214.008741457,/loadcell_data_filtered.wrench.force.z,277.190050610446
2.695568961,1785795214.009094399,/loadcell_data_filtered.wrench.force.z,276.1298823808719
2.695705272,1785795214.009230710,/loadcell_data_filtered.wrench.force.z,274.8674777245974
2.695899543,1785795214.009424981,/loadcell_data_filtered.wrench.force.z,274.4023092966113
2.696031808,1785795214.009557246,/loadcell_data_filtered.wrench.force.z,273.9343831886491
2.696214661,1785795214.009740099,/loadcell_data_filtered.wrench.force.z,266.7331683570904
2.696306532,1785795214.009831970,/loadcell_data_filtered.wrench.force.z,265.51636953058824
2.696454966,1785795214.009980404,/loadcell_data_filtered.wrench.force.z,268.7572492725634
2.696550957,1785795214.010076395,/loadcell_data_filtered.wrench.force.z,270.32123366836385
2.6975688570000003,1785795214.011094295,/loadcell_data_filtered.wrench.force.z,273.9737433309355
2.697934365,1785795214.011459803,/loadcell_data_filtered.wrench.force.z,277.1284106271237
2.698093987,1785795214.011619425,/loadcell_data_filtered.wrench.force.z,280.1744189255704
2.698379025,1785795214.011904463,/loadcell_data_filtered.wrench.force.z,282.05528964085556
2.6987926570000003,1785795214.012318095,/loadcell_data_filtered.wrench.force.z,283.1813309830006
2.699298191,1785795214.012823629,/loadcell_data_filtered.wrench.force.z,283.57221599843314
2.699825233,1785795214.013350671,/loadcell_data_filtered.wrench.force.z,283.93712030886996
2.701562619,1785795214.015088057,/loadcell_data_filtered.wrench.force.z,284.38735858809036
2.701731771,1785795214.015257209,/loadcell_data_filtered.wrench.force.z,284.2109834495191
2.701920078,1785795214.015445516,/loadcell_data_filtered.wrench.force.z,277.39698421281236
2.702737753,1785795214.016263191,/loadcell_data_filtered.wrench.force.z,277.89089409442767
2.702765347,1785795214.016290785,/loadcell_data_filtered.wrench.force.z,278.10595888786634
2.7028798160000003,1785795214.016405254,/loadcell_data_filtered.wrench.force.z,278.29914787390703
2.7033423990000003,1785795214.016867837,/loadcell_data_filtered.wrench.force.z,278.59894949083275
2.703833418,1785795214.017358856,/loadcell_data_filtered.wrench.force.z,279.0707232059592
2.704322402,1785795214.017847840,/loadcell_data_filtered.wrench.force.z,273.9370955853682
2.704987984,1785795214.018513422,/loadcell_data_filtered.wrench.force.z,271.2504261944699
2.706487785,1785795214.020013223,/loadcell_data_filtered.wrench.force.z,268.50739905946074
2.706654058,1785795214.020179496,/loadcell_data_filtered.wrench.force.z,266.09574879130946
2.706827296,1785795214.020352734,/loadcell_data_filtered.wrench.force.z,256.74616200352614
2.706974504,1785795214.020499942,/loadcell_data_filtered.wrench.force.z,256.60917970634205
2.7080883680000003,1785795214.021613806,/loadcell_data_filtered.wrench.force.z,255.84321376718597
2.708949142,1785795214.022474580,/loadcell_data_filtered.wrench.force.z,256.84003694044424
2.709100506,1785795214.022625944,/loadcell_data_filtered.wrench.force.z,259.0097069052081
2.709649259,1785795214.023174697,/loadcell_data_filtered.wrench.force.z,260.4399849345609
2.709817869,1785795214.023343307,/loadcell_data_filtered.wrench.force.z,262.04795095604464
2.709975656,1785795214.023501094,/loadcell_data_filtered.wrench.force.z,262.9196120837572
2.71165704,1785795214.025182478,/loadcell_data_filtered.wrench.force.z,263.34954615200286
2.7118683040000002,1785795214.025393742,/loadcell_data_filtered.wrench.force.z,264.2902496119264
2.711977213,1785795214.025502651,/loadcell_data_filtered.wrench.force.z,259.8523109701532
2.712106966,1785795214.025632404,/loadcell_data_filtered.wrench.force.z,260.0074031122047
2.7147996,1785795214.028325038,/loadcell_data_filtered.wrench.force.z,261.16610867378307
2.715193139,1785795214.028718577,/loadcell_data_filtered.wrench.force.z,268.44289873976743
2.71547886,1785795214.029004298,/loadcell_data_filtered.wrench.force.z,274.5398330752339
2.716269085,1785795214.029794523,/loadcell_data_filtered.wrench.force.z,273.7479867030924
2.716277658,1785795214.029803096,/loadcell_data_filtered.wrench.force.z,277.46556332144377
2.7163437420000003,1785795214.029869180,/loadcell_data_filtered.wrench.force.z,281.39921754989126
2.716684324,1785795214.030209762,/loadcell_data_filtered.wrench.force.z,284.5820620255365
2.718950325,1785795214.032475763,/loadcell_data_filtered.wrench.force.z,286.9718360155656
2.718972795,1785795214.032498233,/loadcell_data_filtered.wrench.force.z,289.2567850862533
2.719401591,1785795214.032927029,/loadcell_data_filtered.wrench.force.z,291.3377725065911
2.719699237,1785795214.033224675,/loadcell_data_filtered.wrench.force.z,293.8082452924117
2.71991855,1785795214.033443988,/loadcell_data_filtered.wrench.force.z,295.290494329895
2.720117035,1785795214.033642473,/loadcell_data_filtered.wrench.force.z,296.956326514058
2.720317105,1785795214.033842543,/loadcell_data_filtered.wrench.force.z,298.3614199977753
2.720537717,1785795214.034063155,/loadcell_data_filtered.wrench.force.z,299.60660712865325
2.7216310200000002,1785795214.035156458,/loadcell_data_filtered.wrench.force.z,301.4760223780354
2.72184447,1785795214.035369908,/loadcell_data_filtered.wrench.force.z,303.703382593831
2.722015544,1785795214.035540982,/loadcell_data_filtered.wrench.force.z,302.8350345865849
2.7221969010000002,1785795214.035722339,/loadcell_data_filtered.wrench.force.z,300.6763710252012
2.722377641,1785795214.035903079,/loadcell_data_filtered.wrench.force.z,298.782910418284
2.722550294,1785795214.036075732,/loadcell_data_filtered.wrench.force.z,296.8391555602077
2.7228090700000003,1785795214.036334508,/loadcell_data_filtered.wrench.force.z,294.90945453991105
2.723230408,1785795214.036755846,/loadcell_data_filtered.wrench.force.z,293.59183548105244
2.724098489,1785795214.037623927,/loadcell_data_filtered.wrench.force.z,292.3983827586723
2.724385621,1785795214.037911059,/loadcell_data_filtered.wrench.force.z,292.2374620630227
2.7250284650000003,1785795214.038553903,/loadcell_data_filtered.wrench.force.z,292.28829930095236
2.7252992430000003,1785795214.038824681,/loadcell_data_filtered.wrench.force.z,292.71816110962254
2.72566959,1785795214.039195028,/loadcell_data_filtered.wrench.force.z,292.8255130358455
2.726290251,1785795214.039815689,/loadcell_data_filtered.wrench.force.z,292.87872312015986
2.726742026,1785795214.040267464,/loadcell_data_filtered.wrench.force.z,292.7281830199118
2.72714427,1785795214.040669708,/loadcell_data_filtered.wrench.force.z,292.70322266633804
2.728302938,1785795214.041828376,/loadcell_data_filtered.wrench.force.z,292.5705387498206
2.729412524,1785795214.042937962,/loadcell_data_filtered.wrench.force.z,292.28507802575893
2.733325707,1785795214.046851145,/loadcell_data_filtered.wrench.force.z,291.7491408431697
2.733523094,1785795214.047048532,/loadcell_data_filtered.wrench.force.z,297.1622132377688
2.733753508,1785795214.047278946,/loadcell_data_filtered.wrench.force.z,300.3966150170911
2.733850111,1785795214.047375549,/loadcell_data_filtered.wrench.force.z,303.9512905886393
2.734114382,1785795214.047639820,/loadcell_data_filtered.wrench.force.z,306.95197217097416
2.734383976,1785795214.047909414,/loadcell_data_filtered.wrench.force.z,309.7324995534677
2.734588208,1785795214.048113646,/loadcell_data_filtered.wrench.force.z,311.5668905642269
2.734851669,1785795214.048377107,/loadcell_data_filtered.wrench.force.z,313.00795770231855
2.73508817,1785795214.048613608,/loadcell_data_filtered.wrench.force.z,313.73076505011204
2.7353334780000003,1785795214.048858916,/loadcell_data_filtered.wrench.force.z,314.0728666179543
2.73558849,1785795214.049113928,/loadcell_data_filtered.wrench.force.z,313.88476918608677
2.736805159,1785795214.050330597,/loadcell_data_filtered.wrench.force.z,312.2727083366116
2.737006215,1785795214.050531653,/loadcell_data_filtered.wrench.force.z,311.9124605708972
2.7371781310000003,1785795214.050703569,/loadcell_data_filtered.wrench.force.z,311.8892320423039
2.737341298,1785795214.050866736,/loadcell_data_filtered.wrench.force.z,312.2954827590001
2.737498924,1785795214.051024362,/loadcell_data_filtered.wrench.force.z,312.40396138060424
2.737651543,1785795214.051176981,/loadcell_data_filtered.wrench.force.z,312.1150351688
2.737827558,1785795214.051352996,/loadcell_data_filtered.wrench.force.z,304.62653346094834
2.738061149,1785795214.051586587,/loadcell_data_filtered.wrench.force.z,299.97834281322815
2.7382943280000003,1785795214.051819766,/loadcell_data_filtered.wrench.force.z,296.17231867470923
2.738932433,1785795214.052457871,/loadcell_data_filtered.wrench.force.z,293.01026248376047
2.73919077,1785795214.052716208,/loadcell_data_filtered.wrench.force.z,290.1653720482194
2.73961223,1785795214.053137668,/loadcell_data_filtered.wrench.force.z,287.6157396159607
2.740161186,1785795214.053686624,/loadcell_data_filtered.wrench.force.z,286.54800733368484
2.740839235,1785795214.054364673,/loadcell_data_filtered.wrench.force.z,285.69025063779196
2.741286738,1785795214.054812176,/loadcell_data_filtered.wrench.force.z,286.0400181997755
2.741676407,1785795214.055201845,/loadcell_data_filtered.wrench.force.z,286.84031531678175
2.742878704,1785795214.056404142,/loadcell_data_filtered.wrench.force.z,287.6531572924757
2.743202477,1785795214.056727915,/loadcell_data_filtered.wrench.force.z,287.8243769541384
2.743428416,1785795214.056953854,/loadcell_data_filtered.wrench.force.z,288.4607395971676
2.743796991,1785795214.057322429,/loadcell_data_filtered.wrench.force.z,288.3651165028536
2.744267825,1785795214.057793263,/loadcell_data_filtered.wrench.force.z,288.378214929926
2.744797494,1785795214.058322932,/loadcell_data_filtered.wrench.force.z,288.5555781803323
2.745839895,1785795214.059365333,/loadcell_data_filtered.wrench.force.z,288.68251450456626
2.746381919,1785795214.059907357,/loadcell_data_filtered.wrench.force.z,289.6681717693719
2.746862754,1785795214.060388192,/loadcell_data_filtered.wrench.force.z,295.52982320656076
2.747304069,1785795214.060829507,/loadcell_data_filtered.wrench.force.z,300.5222759874758
2.747796371,1785795214.061321809,/loadcell_data_filtered.wrench.force.z,304.35698942808983
2.748242162,1785795214.061767600,/loadcell_data_filtered.wrench.force.z,307.9379419902255
2.748945768,1785795214.062471206,/loadcell_data_filtered.wrench.force.z,310.8361337867683
2.749413837,1785795214.062939275,/loadcell_data_filtered.wrench.force.z,312.6090155033353
2.74981131,1785795214.063336748,/loadcell_data_filtered.wrench.force.z,314.00296599222753
2.750149756,1785795214.063675194,/loadcell_data_filtered.wrench.force.z,314.413827479519
2.750528025,1785795214.064053463,/loadcell_data_filtered.wrench.force.z,315.3786772121694
2.7509993230000003,1785795214.064524761,/loadcell_data_filtered.wrench.force.z,316.1843357506496
2.751616814,1785795214.065142252,/loadcell_data_filtered.wrench.force.z,316.6559414161261
2.752317913,1785795214.065843351,/loadcell_data_filtered.wrench.force.z,317.0298689451835
2.752755955,1785795214.066281393,/loadcell_data_filtered.wrench.force.z,317.5640016136397
2.753153524,1785795214.066678962,/loadcell_data_filtered.wrench.force.z,318.8019694887779
2.753502984,1785795214.067028422,/loadcell_data_filtered.wrench.force.z,318.5994356654557
2.753846224,1785795214.067371662,/loadcell_data_filtered.wrench.force.z,319.06281923818443
2.7560144710000003,1785795214.069539909,/loadcell_data_filtered.wrench.force.z,315.58512921308477
2.756295696,1785795214.069821134,/loadcell_data_filtered.wrench.force.z,313.02619128153117
2.756509261,1785795214.070034699,/loadcell_data_filtered.wrench.force.z,310.45756540056
2.756755574,1785795214.070281012,/loadcell_data_filtered.wrench.force.z,308.405332864512
2.757032892,1785795214.070558330,/loadcell_data_filtered.wrench.force.z,306.857611595274
2.757382217,1785795214.070907655,/loadcell_data_filtered.wrench.force.z,304.8727249101593
2.757740805,1785795214.071266243,/loadcell_data_filtered.wrench.force.z,303.12031331570626
2.758127569,1785795214.071653007,/loadcell_data_filtered.wrench.force.z,303.60424235837513
2.762300464,1785795214.075825902,/loadcell_data_filtered.wrench.force.z,304.1302204423386
2.762875236,1785795214.076400674,/loadcell_data_filtered.wrench.force.z,304.6910477316214
2.7631346,1785795214.076660038,/loadcell_data_filtered.wrench.force.z,305.55868425760667
2.763359616,1785795214.076885054,/loadcell_data_filtered.wrench.force.z,306.55365158824753
2.76358788,1785795214.077113318,/loadcell_data_filtered.wrench.force.z,307.6541498603827
2.763805081,1785795214.077330519,/loadcell_data_filtered.wrench.force.z,308.57379299571124
2.764046888,1785795214.077572326,/loadcell_data_filtered.wrench.force.z,309.8460585934699
2.7642351190000003,1785795214.077760557,/loadcell_data_filtered.wrench.force.z,310.96215879747547
2.764443097,1785795214.077968535,/loadcell_data_filtered.wrench.force.z,312.3053241955839
2.764683587,1785795214.078209025,/loadcell_data_filtered.wrench.force.z,318.8031407443011
2.764908402,1785795214.078433840,/loadcell_data_filtered.wrench.force.z,321.35975269772337
2.765100481,1785795214.078625919,/loadcell_data_filtered.wrench.force.z,325.8690903897
2.7652956790000003,1785795214.078821117,/loadcell_data_filtered.wrench.force.z,329.66947542175745
2.765489907,1785795214.079015345,/loadcell_data_filtered.wrench.force.z,333.2652367889472
2.765684061,1785795214.079209499,/loadcell_data_filtered.wrench.force.z,335.4312726155435
2.7658756540000002,1785795214.079401092,/loadcell_data_filtered.wrench.force.z,337.45625246968046
2.766070463,1785795214.079595901,/loadcell_data_filtered.wrench.force.z,338.1005892239978
2.766723513,1785795214.080248951,/loadcell_data_filtered.wrench.force.z,338.8182400587056
2.767437769,1785795214.080963207,/loadcell_data_filtered.wrench.force.z,339.79659554638937
2.767939676,1785795214.081465114,/loadcell_data_filtered.wrench.force.z,340.58227019286016
2.7683630790000002,1785795214.081888517,/loadcell_data_filtered.wrench.force.z,341.34962782294554
2.7718065110000003,1785795214.085331949,/loadcell_data_filtered.wrench.force.z,342.07895733860965
2.772353533,1785795214.085878971,/loadcell_data_filtered.wrench.force.z,342.61800389473063
2.7725409670000003,1785795214.086066405,/loadcell_data_filtered.wrench.force.z,343.89203597225753
2.772723629,1785795214.086249067,/loadcell_data_filtered.wrench.force.z,345.2934569301585
2.772903946,1785795214.086429384,/loadcell_data_filtered.wrench.force.z,346.5487480352188
2.773092437,1785795214.086617875,/loadcell_data_filtered.wrench.force.z,342.30850686325414
2.77324957,1785795214.086775008,/loadcell_data_filtered.wrench.force.z,339.7755309793843
2.773432151,1785795214.086957589,/loadcell_data_filtered.wrench.force.z,337.5161876367341
2.773748689,1785795214.087274127,/loadcell_data_filtered.wrench.force.z,335.4811550431063
2.774085533,1785795214.087610971,/loadcell_data_filtered.wrench.force.z,332.35941622752875
2.77433132,1785795214.087856758,/loadcell_data_filtered.wrench.force.z,331.50407688523
2.774611289,1785795214.088136727,/loadcell_data_filtered.wrench.force.z,331.2593806657696
2.775103971,1785795214.088629409,/loadcell_data_filtered.wrench.force.z,331.6514330000684
2.777422536,1785795214.090947974,/loadcell_data_filtered.wrench.force.z,332.1182337008319
2.777915765,1785795214.091441203,/loadcell_data_filtered.wrench.force.z,333.16455129528737
2.778318742,1785795214.091844180,/loadcell_data_filtered.wrench.force.z,333.5457189606646
2.778717868,1785795214.092243306,/loadcell_data_filtered.wrench.force.z,326.88153392360556
2.779135317,1785795214.092660755,/loadcell_data_filtered.wrench.force.z,326.51640222120517
2.779548129,1785795214.093073567,/loadcell_data_filtered.wrench.force.z,325.9323709234133
2.7798992670000002,1785795214.093424705,/loadcell_data_filtered.wrench.force.z,325.8970622087801
2.780182503,1785795214.093707941,/loadcell_data_filtered.wrench.force.z,325.52208902802863
2.780518919,1785795214.094044357,/loadcell_data_filtered.wrench.force.z,326.8187196293948
2.780850392,1785795214.094375830,/loadcell_data_filtered.wrench.force.z,331.5093629635336
2.781163919,1785795214.094689357,/loadcell_data_filtered.wrench.force.z,335.8120126039286
2.781496548,1785795214.095021986,/loadcell_data_filtered.wrench.force.z,339.2696229394047
2.7817838420000003,1785795214.095309280,/loadcell_data_filtered.wrench.force.z,341.6546265496751
2.782926879,1785795214.096452317,/loadcell_data_filtered.wrench.force.z,343.93163684161914
2.7833247080000003,1785795214.096850146,/loadcell_data_filtered.wrench.force.z,344.9583519698306
2.783657437,1785795214.097182875,/loadcell_data_filtered.wrench.force.z,344.5310894362006
2.783935281,1785795214.097460719,/loadcell_data_filtered.wrench.force.z,343.8352683532019
2.784520706,1785795214.098046144,/loadcell_data_filtered.wrench.force.z,343.0335759776933
2.7848085090000003,1785795214.098333947,/loadcell_data_filtered.wrench.force.z,341.95397158157374
2.785183419,1785795214.098708857,/loadcell_data_filtered.wrench.force.z,341.52743491924195
2.786101066,1785795214.099626504,/loadcell_data_filtered.wrench.force.z,340.6513556230601
2.786432589,1785795214.099958027,/loadcell_data_filtered.wrench.force.z,339.9512038197854
2.786997504,1785795214.100522942,/loadcell_data_filtered.wrench.force.z,339.749967380117
2.787228329,1785795214.100753767,/loadcell_data_filtered.wrench.force.z,338.59752207722397
2.787419035,1785795214.100944473,/loadcell_data_filtered.wrench.force.z,337.87629425097697
2.78941177,1785795214.102937208,/loadcell_data_filtered.wrench.force.z,332.32460411461375
2.789565893,1785795214.103091331,/loadcell_data_filtered.wrench.force.z,328.05665392053726
2.789709435,1785795214.103234873,/loadcell_data_filtered.wrench.force.z,323.213296416097
2.789828694,1785795214.103354132,/loadcell_data_filtered.wrench.force.z,317.5017646636147
2.789943742,1785795214.103469180,/loadcell_data_filtered.wrench.force.z,309.19521783534634
2.791030348,1785795214.104555786,/loadcell_data_filtered.wrench.force.z,306.55055947625704
2.791774662,1785795214.105300100,/loadcell_data_filtered.wrench.force.z,303.46707600537377
2.7922565610000003,1785795214.105781999,/loadcell_data_filtered.wrench.force.z,303.2701636918105
2.792713834,1785795214.106239272,/loadcell_data_filtered.wrench.force.z,303.4885611905868
2.793261624,1785795214.106787062,/loadcell_data_filtered.wrench.force.z,303.0910596471969
2.794901675,1785795214.108427113,/loadcell_data_filtered.wrench.force.z,301.9462922688968
2.7954039340000003,1785795214.108929372,/loadcell_data_filtered.wrench.force.z,301.3478192127909
2.7959638140000003,1785795214.109489252,/loadcell_data_filtered.wrench.force.z,299.6907444634386
2.796406207,1785795214.109931645,/loadcell_data_filtered.wrench.force.z,292.9660540444488
2.796809972,1785795214.110335410,/loadcell_data_filtered.wrench.force.z,292.8521524428451
2.797100971,1785795214.110626409,/loadcell_data_filtered.wrench.force.z,291.85428375226945
2.797396058,1785795214.110921496,/loadcell_data_filtered.wrench.force.z,292.3055317611437
2.79777041,1785795214.111295848,/loadcell_data_filtered.wrench.force.z,298.29503760401093
2.798185683,1785795214.111711121,/loadcell_data_filtered.wrench.force.z,301.8974332986248
2.798529418,1785795214.112054856,/loadcell_data_filtered.wrench.force.z,305.89811336712165
2.798873154,1785795214.112398592,/loadcell_data_filtered.wrench.force.z,309.3261043160733
2.799172238,1785795214.112697676,/loadcell_data_filtered.wrench.force.z,312.1359907874672
2.799991831,1785795214.113517269,/loadcell_data_filtered.wrench.force.z,314.01038408151396
2.800384891,1785795214.113910329,/loadcell_data_filtered.wrench.force.z,315.44125099810424
2.800785963,1785795214.114311401,/loadcell_data_filtered.wrench.force.z,316.88381732709183
2.801156176,1785795214.114681614,/loadcell_data_filtered.wrench.force.z,317.27164465018706
2.801549606,1785795214.115075044,/loadcell_data_filtered.wrench.force.z,318.4998315512059
2.801909313,1785795214.115434751,/loadcell_data_filtered.wrench.force.z,319.0672735241994
2.802201822,1785795214.115727260,/loadcell_data_filtered.wrench.force.z,319.5155801009442
2.802558059,1785795214.116083497,/loadcell_data_filtered.wrench.force.z,320.04176674975866
2.80287024,1785795214.116395678,/loadcell_data_filtered.wrench.force.z,319.62217078093477
2.803035554,1785795214.116560992,/loadcell_data_filtered.wrench.force.z,319.8511872240092
2.803366594,1785795214.116892032,/loadcell_data_filtered.wrench.force.z,319.97951384138634
2.80392845,1785795214.117453888,/loadcell_data_filtered.wrench.force.z,320.15045001711735
2.804529827,1785795214.118055265,/loadcell_data_filtered.wrench.force.z,314.3373749107184
2.806950458,1785795214.120475896,/loadcell_data_filtered.wrench.force.z,310.5495854206668
2.8072737070000002,1785795214.120799145,/loadcell_data_filtered.wrench.force.z,307.3232908692069
2.807558932,1785795214.121084370,/loadcell_data_filtered.wrench.force.z,304.64674939015765
2.807779677,1785795214.121305115,/loadcell_data_filtered.wrench.force.z,297.1257991354542
2.808042924,1785795214.121568362,/loadcell_data_filtered.wrench.force.z,294.30256584507094
2.80827645,1785795214.121801888,/loadcell_data_filtered.wrench.force.z,292.7911613953653
2.81060882,1785795214.124134258,/loadcell_data_filtered.wrench.force.z,293.0218489970578
2.810852267,1785795214.124377705,/loadcell_data_filtered.wrench.force.z,293.7854781198048
2.811086118,1785795214.124611556,/loadcell_data_filtered.wrench.force.z,291.55227781680156
2.811350284,1785795214.124875722,/loadcell_data_filtered.wrench.force.z,286.94322619293695
2.811593664,1785795214.125119102,/loadcell_data_filtered.wrench.force.z,286.8981075005131
2.811839771,1785795214.125365209,/loadcell_data_filtered.wrench.force.z,286.8497538560553
2.812092657,1785795214.125618095,/loadcell_data_filtered.wrench.force.z,286.3719359872765
2.812339729,1785795214.125865167,/loadcell_data_filtered.wrench.force.z,285.46191923816167
2.8125701750000003,1785795214.126095613,/loadcell_data_filtered.wrench.force.z,285.63478869676305
2.812797385,1785795214.126322823,/loadcell_data_filtered.wrench.force.z,287.8364024478687
2.813039745,1785795214.126565183,/loadcell_data_filtered.wrench.force.z,292.7970701714637
2.8135530539999998,1785795214.127078492,/loadcell_data_filtered.wrench.force.z,297.3657646551172
2.813973983,1785795214.127499421,/loadcell_data_filtered.wrench.force.z,300.97454778597216
2.814245187,1785795214.127770625,/loadcell_data_filtered.wrench.force.z,303.59984208410384
2.814843341,1785795214.128368779,/loadcell_data_filtered.wrench.force.z,305.76605909667745
2.8153365,1785795214.128861938,/loadcell_data_filtered.wrench.force.z,306.7615938691117
2.815948564,1785795214.129474002,/loadcell_data_filtered.wrench.force.z,306.65683748453046
2.816261235,1785795214.129786673,/loadcell_data_filtered.wrench.force.z,306.5844393252073
2.816803351,1785795214.130328789,/loadcell_data_filtered.wrench.force.z,306.9952745739373
2.81742471,1785795214.130950148,/loadcell_data_filtered.wrench.force.z,307.35529319010186
2.817871085,1785795214.131396523,/loadcell_data_filtered.wrench.force.z,307.7003714555016
2.8184183430000003,1785795214.131943781,/loadcell_data_filtered.wrench.force.z,307.8623447654927
2.818998861,1785795214.132524299,/loadcell_data_filtered.wrench.force.z,308.1170891865011
2.8197138930000003,1785795214.133239331,/loadcell_data_filtered.wrench.force.z,308.2712081364537
2.820705396,1785795214.134230834,/loadcell_data_filtered.wrench.force.z,308.53237717683584
2.8215790160000003,1785795214.135104454,/loadcell_data_filtered.wrench.force.z,308.77165192188977
2.821848889,1785795214.135374327,/loadcell_data_filtered.wrench.force.z,304.4834859433506
2.821981954,1785795214.135507392,/loadcell_data_filtered.wrench.force.z,301.2658965026419
2.822102136,1785795214.135627574,/loadcell_data_filtered.wrench.force.z,297.92140961724414
2.822272676,1785795214.135798114,/loadcell_data_filtered.wrench.force.z,295.12363054522086
2.822698599,1785795214.136224037,/loadcell_data_filtered.wrench.force.z,292.7352796741789
2.823430473,1785795214.136955911,/loadcell_data_filtered.wrench.force.z,291.0917534591086
2.823853871,1785795214.137379309,/loadcell_data_filtered.wrench.force.z,289.9240809327934
2.824433589,1785795214.137959027,/loadcell_data_filtered.wrench.force.z,290.12175811449794
2.8249878170000002,1785795214.138513255,/loadcell_data_filtered.wrench.force.z,291.0243814145684
2.826709722,1785795214.140235160,/loadcell_data_filtered.wrench.force.z,291.50294686197606
2.8268784890000003,1785795214.140403927,/loadcell_data_filtered.wrench.force.z,292.0988924998519
2.827025785,1785795214.140551223,/loadcell_data_filtered.wrench.force.z,288.4136740900649
2.828958757,1785795214.142484195,/loadcell_data_filtered.wrench.force.z,286.09185339015613
2.829633596,1785795214.143159034,/loadcell_data_filtered.wrench.force.z,285.9846189395226
2.829950974,1785795214.143476412,/loadcell_data_filtered.wrench.force.z,287.07824026207425
2.830246727,1785795214.143772165,/loadcell_data_filtered.wrench.force.z,288.1870579935671
2.830514617,1785795214.144040055,/loadcell_data_filtered.wrench.force.z,289.71982930953226
2.830770853,1785795214.144296291,/loadcell_data_filtered.wrench.force.z,296.2741807366092
2.83102306,1785795214.144548498,/loadcell_data_filtered.wrench.force.z,301.20345990764315
2.8318729840000003,1785795214.145398422,/loadcell_data_filtered.wrench.force.z,305.00704354450784
2.833515936,1785795214.147041374,/loadcell_data_filtered.wrench.force.z,309.68059441853825
2.83385043,1785795214.147375868,/loadcell_data_filtered.wrench.force.z,313.9199268063059
2.834117853,1785795214.147643291,/loadcell_data_filtered.wrench.force.z,316.96706324903676
2.835765913,1785795214.149291351,/loadcell_data_filtered.wrench.force.z,318.691988607915
2.835967728,1785795214.149493166,/loadcell_data_filtered.wrench.force.z,320.04490461525256
2.836152133,1785795214.149677571,/loadcell_data_filtered.wrench.force.z,321.54223313045964
2.836351872,1785795214.149877310,/loadcell_data_filtered.wrench.force.z,322.22096586720835
2.836501083,1785795214.150026521,/loadcell_data_filtered.wrench.force.z,323.7787621516733
2.836667507,1785795214.150192945,/loadcell_data_filtered.wrench.force.z,325.3908215229921
2.836827859,1785795214.150353297,/loadcell_data_filtered.wrench.force.z,326.7067652607127
2.8370940669999998,1785795214.150619505,/loadcell_data_filtered.wrench.force.z,327.7268810914335
2.837302378,1785795214.150827816,/loadcell_data_filtered.wrench.force.z,327.70724524267797
2.837582766,1785795214.151108204,/loadcell_data_filtered.wrench.force.z,326.9966776090817
2.837822065,1785795214.151347503,/loadcell_data_filtered.wrench.force.z,327.1935383794091
2.838027261,1785795214.151552699,/loadcell_data_filtered.wrench.force.z,321.856192832856
2.8386695150000003,1785795214.152194953,/loadcell_data_filtered.wrench.force.z,317.57378363032217
2.83897793,1785795214.152503368,/loadcell_data_filtered.wrench.force.z,314.1830516469357
2.842324875,1785795214.155850313,/loadcell_data_filtered.wrench.force.z,311.667956731299
2.842508815,1785795214.156034253,/loadcell_data_filtered.wrench.force.z,308.89614717806955
2.842649376,1785795214.156174814,/loadcell_data_filtered.wrench.force.z,308.10829401221343
2.842892221,1785795214.156417659,/loadcell_data_filtered.wrench.force.z,308.5135576906609
2.843009497,1785795214.156534935,/loadcell_data_filtered.wrench.force.z,308.6533112596479
2.843208783,1785795214.156734221,/loadcell_data_filtered.wrench.force.z,301.41699341126747
2.843471234,1785795214.156996672,/loadcell_data_filtered.wrench.force.z,301.8559375364525
2.843710891,1785795214.157236329,/loadcell_data_filtered.wrench.force.z,300.5795252944679
2.843925799,1785795214.157451237,/loadcell_data_filtered.wrench.force.z,299.89626551829616
2.844140825,1785795214.157666263,/loadcell_data_filtered.wrench.force.z,299.2716797337264
2.844325752,1785795214.157851190,/loadcell_data_filtered.wrench.force.z,298.6621274595795
2.8449533970000003,1785795214.158478835,/loadcell_data_filtered.wrench.force.z,298.3759587790525
2.845351128,1785795214.158876566,/loadcell_data_filtered.wrench.force.z,298.2979992863393
2.845766443,1785795214.159291881,/loadcell_data_filtered.wrench.force.z,301.98481669807137
2.846161527,1785795214.159686965,/loadcell_data_filtered.wrench.force.z,305.9621450510099
2.846767586,1785795214.160293024,/loadcell_data_filtered.wrench.force.z,310.98816620774465
2.847634628,1785795214.161160066,/loadcell_data_filtered.wrench.force.z,314.52718222665004
2.847957147,1785795214.161482585,/loadcell_data_filtered.wrench.force.z,317.8057324344505
2.848102202,1785795214.161627640,/loadcell_data_filtered.wrench.force.z,321.4538231978823
2.851309902,1785795214.164835340,/loadcell_data_filtered.wrench.force.z,322.1470849041081
2.8517218250000003,1785795214.165247263,/loadcell_data_filtered.wrench.force.z,322.31624549149905
2.85207526,1785795214.165600698,/loadcell_data_filtered.wrench.force.z,321.5941174559032
2.852373638,1785795214.165899076,/loadcell_data_filtered.wrench.force.z,315.0473233560196
2.8526851090000003,1785795214.166210547,/loadcell_data_filtered.wrench.force.z,315.9056035605576
2.853006075,1785795214.166531513,/loadcell_data_filtered.wrench.force.z,315.88556767142427
2.853219402,1785795214.166744840,/loadcell_data_filtered.wrench.force.z,316.4775839419135
2.854135788,1785795214.167661226,/loadcell_data_filtered.wrench.force.z,317.06475017733135
2.855525919,1785795214.169051357,/loadcell_data_filtered.wrench.force.z,317.93357187689827
2.855776889,1785795214.169302327,/loadcell_data_filtered.wrench.force.z,319.487892988938
2.855964002,1785795214.169489440,/loadcell_data_filtered.wrench.force.z,321.17564516132137
2.856146228,1785795214.169671666,/loadcell_data_filtered.wrench.force.z,317.445687542726
2.856309681,1785795214.169835119,/loadcell_data_filtered.wrench.force.z,315.2756535804043
2.856478576,1785795214.170004014,/loadcell_data_filtered.wrench.force.z,312.4652758855122
2.856639326,1785795214.170164764,/loadcell_data_filtered.wrench.force.z,310.2289719716966
2.856824183,1785795214.170349621,/loadcell_data_filtered.wrench.force.z,306.68674128000913
2.858420292,1785795214.171945730,/loadcell_data_filtered.wrench.force.z,304.9905585705219
2.859769536,1785795214.173294974,/loadcell_data_filtered.wrench.force.z,303.98784816325764
2.860203626,1785795214.173729064,/loadcell_data_filtered.wrench.force.z,304.8014281353582
2.8605159330000003,1785795214.174041371,/loadcell_data_filtered.wrench.force.z,306.09293718217083
2.860731572,1785795214.174257010,/loadcell_data_filtered.wrench.force.z,307.59693540528
2.8610183080000002,1785795214.174543746,/loadcell_data_filtered.wrench.force.z,308.1067615565873
2.861729132,1785795214.175254570,/loadcell_data_filtered.wrench.force.z,309.5068403446891
2.86382157,1785795214.177347008,/loadcell_data_filtered.wrench.force.z,309.6306224274711
2.864171166,1785795214.177696604,/loadcell_data_filtered.wrench.force.z,309.67997301302216
2.86439164,1785795214.177917078,/loadcell_data_filtered.wrench.force.z,310.60974211104593
2.864617045,1785795214.178142483,/loadcell_data_filtered.wrench.force.z,311.5116246515371
2.8648605910000002,1785795214.178386029,/loadcell_data_filtered.wrench.force.z,311.9073867989649
2.865120853,1785795214.178646291,/loadcell_data_filtered.wrench.force.z,318.98685233967683
2.865352424,1785795214.178877862,/loadcell_data_filtered.wrench.force.z,324.471860706131
2.865608321,1785795214.179133759,/loadcell_data_filtered.wrench.force.z,329.3458265004731
2.865844256,1785795214.179369694,/loadcell_data_filtered.wrench.force.z,332.926622655182
2.866118898,1785795214.179644336,/loadcell_data_filtered.wrench.force.z,336.08224436436245
2.866503379,1785795214.180028817,/loadcell_data_filtered.wrench.force.z,338.13686417075
2.866807161,1785795214.180332599,/loadcell_data_filtered.wrench.force.z,340.1629624028413
2.8671329080000003,1785795214.180658346,/loadcell_data_filtered.wrench.force.z,341.4731485208359
2.867486049,1785795214.181011487,/loadcell_data_filtered.wrench.force.z,342.4227145746891
2.867796789,1785795214.181322227,/loadcell_data_filtered.wrench.force.z,343.32821591231846
2.868050062,1785795214.181575500,/loadcell_data_filtered.wrench.force.z,344.10594522479664
2.868301602,1785795214.181827040,/loadcell_data_filtered.wrench.force.z,344.9546879438336
2.868704024,1785795214.182229462,/loadcell_data_filtered.wrench.force.z,345.55048415725764
2.8691908450000003,1785795214.182716283,/loadcell_data_filtered.wrench.force.z,346.3674469086255
2.869759614,1785795214.183285052,/loadcell_data_filtered.wrench.force.z,347.16814562647227
2.870206355,1785795214.183731793,/loadcell_data_filtered.wrench.force.z,347.48153756981174
2.870632724,1785795214.184158162,/loadcell_data_filtered.wrench.force.z,346.96293377751
2.872073474,1785795214.185598912,/loadcell_data_filtered.wrench.force.z,341.71143101301413
2.874738249,1785795214.188263687,/loadcell_data_filtered.wrench.force.z,337.5857078924087
2.87497403,1785795214.188499468,/loadcell_data_filtered.wrench.force.z,334.63776614218744
2.875114404,1785795214.188639842,/loadcell_data_filtered.wrench.force.z,331.99142320131165
2.8752597150000003,1785795214.188785153,/loadcell_data_filtered.wrench.force.z,329.54698331745004
2.875390919,1785795214.188916357,/loadcell_data_filtered.wrench.force.z,328.7026040483601
2.8755801940000003,1785795214.189105632,/loadcell_data_filtered.wrench.force.z,328.94743284844884
2.87569843,1785795214.189223868,/loadcell_data_filtered.wrench.force.z,329.7108662740941
2.875820192,1785795214.189345630,/loadcell_data_filtered.wrench.force.z,329.77486269086404
2.875979508,1785795214.189504946,/loadcell_data_filtered.wrench.force.z,329.12333079709595
2.876219237,1785795214.189744675,/loadcell_data_filtered.wrench.force.z,329.10943287644756
2.879146451,1785795214.192671889,/loadcell_data_filtered.wrench.force.z,328.6951509578708
2.879501061,1785795214.193026499,/loadcell_data_filtered.wrench.force.z,327.5941912382708
2.879667483,1785795214.193192921,/loadcell_data_filtered.wrench.force.z,327.6831970725971
2.879801515,1785795214.193326953,/loadcell_data_filtered.wrench.force.z,327.6398706462399
2.879937942,1785795214.193463380,/loadcell_data_filtered.wrench.force.z,327.29251305654765
2.880056648,1785795214.193582086,/loadcell_data_filtered.wrench.force.z,331.32185311236697
2.880177883,1785795214.193703321,/loadcell_data_filtered.wrench.force.z,334.92111829955485
2.880295404,1785795214.193820842,/loadcell_data_filtered.wrench.force.z,338.1896831848966
2.880413188,1785795214.193938626,/loadcell_data_filtered.wrench.force.z,341.07812725182373
2.880983322,1785795214.194508760,/loadcell_data_filtered.wrench.force.z,343.6479132454145
2.881832496,1785795214.195357934,/loadcell_data_filtered.wrench.force.z,346.1366844780472
2.882159677,1785795214.195685115,/loadcell_data_filtered.wrench.force.z,347.22645044836986
2.882730802,1785795214.196256240,/loadcell_data_filtered.wrench.force.z,347.3686444100674
2.88319903,1785795214.196724468,/loadcell_data_filtered.wrench.force.z,347.5899344542403
2.883903094,1785795214.197428532,/loadcell_data_filtered.wrench.force.z,347.77443982475637
2.884131539,1785795214.197656977,/loadcell_data_filtered.wrench.force.z,347.9377827555092
2.884938732,1785795214.198464170,/loadcell_data_filtered.wrench.force.z,348.135504975831
2.885535643,1785795214.199061081,/loadcell_data_filtered.wrench.force.z,348.45875035203295
2.886073087,1785795214.199598525,/loadcell_data_filtered.wrench.force.z,348.66271924755915
2.886565595,1785795214.200091033,/loadcell_data_filtered.wrench.force.z,348.83847369961074
2.886961206,1785795214.200486644,/loadcell_data_filtered.wrench.force.z,349.0196846475239
2.8881314490000003,1785795214.201656887,/loadcell_data_filtered.wrench.force.z,349.42690697677693
2.889323352,1785795214.202848790,/loadcell_data_filtered.wrench.force.z,343.98569577867283
2.889525663,1785795214.203051101,/loadcell_data_filtered.wrench.force.z,341.9108390976494
2.889723939,1785795214.203249377,/loadcell_data_filtered.wrench.force.z,339.2958380964706
2.889892292,1785795214.203417730,/loadcell_data_filtered.wrench.force.z,336.57494126311974
2.890084899,1785795214.203610337,/loadcell_data_filtered.wrench.force.z,334.41259136954665
2.8903773680000002,1785795214.203902806,/loadcell_data_filtered.wrench.force.z,332.7698289249853
2.890674821,1785795214.204200259,/loadcell_data_filtered.wrench.force.z,331.35147296043345
2.891006312,1785795214.204531750,/loadcell_data_filtered.wrench.force.z,331.4138798578489
2.891483996,1785795214.205009434,/loadcell_data_filtered.wrench.force.z,332.24836582044014
2.8923864200000002,1785795214.205911858,/loadcell_data_filtered.wrench.force.z,333.1533921842883
2.894646399,1785795214.208171837,/loadcell_data_filtered.wrench.force.z,333.3371136624521
2.895179914,1785795214.208705352,/loadcell_data_filtered.wrench.force.z,333.60316042239987
2.895656385,1785795214.209181823,/loadcell_data_filtered.wrench.force.z,334.6123414742458
2.896073594,1785795214.209599032,/loadcell_data_filtered.wrench.force.z,334.3251668065515
2.8964320040000002,1785795214.209957442,/loadcell_data_filtered.wrench.force.z,334.23816558826195
2.896770466,1785795214.210295904,/loadcell_data_filtered.wrench.force.z,334.0549334145016
2.897084313,1785795214.210609751,/loadcell_data_filtered.wrench.force.z,334.3332596759384
2.897395239,1785795214.210920677,/loadcell_data_filtered.wrench.force.z,340.1181620389381
2.897615191,1785795214.211140629,/loadcell_data_filtered.wrench.force.z,344.7436504866534
2.897797389,1785795214.211322827,/loadcell_data_filtered.wrench.force.z,348.69212158718926
2.897993295,1785795214.211518733,/loadcell_data_filtered.wrench.force.z,352.1391207586656
2.898221809,1785795214.211747247,/loadcell_data_filtered.wrench.force.z,355.6480632795761
2.898654089,1785795214.212179527,/loadcell_data_filtered.wrench.force.z,357.2289969830969
2.899054954,1785795214.212580392,/loadcell_data_filtered.wrench.force.z,357.8164556825986
2.899659465,1785795214.213184903,/loadcell_data_filtered.wrench.force.z,357.96542009023676
2.900404446,1785795214.213929884,/loadcell_data_filtered.wrench.force.z,358.17853935155813
2.900868618,1785795214.214394056,/loadcell_data_filtered.wrench.force.z,358.13351731850685
2.901175436,1785795214.214700874,/loadcell_data_filtered.wrench.force.z,357.84871090020425
2.901853026,1785795214.215378464,/loadcell_data_filtered.wrench.force.z,358.2052103825054
2.902110478,1785795214.215635916,/loadcell_data_filtered.wrench.force.z,358.1886594479638
2.902810295,1785795214.216335733,/loadcell_data_filtered.wrench.force.z,358.36802032248727
2.903161369,1785795214.216686807,/loadcell_data_filtered.wrench.force.z,358.5693200021745
2.903406466,1785795214.216931904,/loadcell_data_filtered.wrench.force.z,359.10535535675064
2.903966012,1785795214.217491450,/loadcell_data_filtered.wrench.force.z,357.438364643685
2.904334872,1785795214.217860310,/loadcell_data_filtered.wrench.force.z,352.40507668510065
2.906663533,1785795214.220188971,/loadcell_data_filtered.wrench.force.z,348.5375872497867
2.906834729,1785795214.220360167,/loadcell_data_filtered.wrench.force.z,345.0805580469979
2.906991131,1785795214.220516569,/loadcell_data_filtered.wrench.force.z,342.0309603642039
2.907150313,1785795214.220675751,/loadcell_data_filtered.wrench.force.z,332.4384004526096
2.9077439480000002,1785795214.221269386,/loadcell_data_filtered.wrench.force.z,331.2825506120295
2.907986447,1785795214.221511885,/loadcell_data_filtered.wrench.force.z,330.6865023803539
2.908125481,1785795214.221650919,/loadcell_data_filtered.wrench.force.z,331.7053087387904
2.910148398,1785795214.223673836,/loadcell_data_filtered.wrench.force.z,331.956553909609
2.910305498,1785795214.223830936,/loadcell_data_filtered.wrench.force.z,332.32197381110717
2.910679421,1785795214.224204859,/loadcell_data_filtered.wrench.force.z,325.4337456480897
2.912847503,1785795214.226372941,/loadcell_data_filtered.wrench.force.z,326.03970698501183
2.913360097,1785795214.226885535,/loadcell_data_filtered.wrench.force.z,326.3079278647118
2.913467853,1785795214.226993291,/loadcell_data_filtered.wrench.force.z,325.6169922035109
2.913584414,1785795214.227109852,/loadcell_data_filtered.wrench.force.z,325.5568450460289
2.9137073940000002,1785795214.227232832,/loadcell_data_filtered.wrench.force.z,325.8043718352554
2.913834991,1785795214.227360429,/loadcell_data_filtered.wrench.force.z,331.0892137533151
2.913952229,1785795214.227477667,/loadcell_data_filtered.wrench.force.z,335.00512388864325
2.914064116,1785795214.227589554,/loadcell_data_filtered.wrench.force.z,339.9800825153612
2.914191137,1785795214.227716575,/loadcell_data_filtered.wrench.force.z,342.18768347558387
2.914304441,1785795214.227829879,/loadcell_data_filtered.wrench.force.z,345.10644752668344
2.9148137480000003,1785795214.228339186,/loadcell_data_filtered.wrench.force.z,347.22578419246616
2.915532433,1785795214.229057871,/loadcell_data_filtered.wrench.force.z,348.9224893264712
2.916062951,1785795214.229588389,/loadcell_data_filtered.wrench.force.z,349.1853601359898
2.917566148,1785795214.231091586,/loadcell_data_filtered.wrench.force.z,349.18564146465843
2.9179566130000003,1785795214.231482051,/loadcell_data_filtered.wrench.force.z,349.2864697420191
2.918072043,1785795214.231597481,/loadcell_data_filtered.wrench.force.z,349.39440430460064
2.918369804,1785795214.231895242,/loadcell_data_filtered.wrench.force.z,350.0382494540214
2.918608873,1785795214.232134311,/loadcell_data_filtered.wrench.force.z,350.6056890129223
2.919002115,1785795214.232527553,/loadcell_data_filtered.wrench.force.z,351.4341902502684
2.919526567,1785795214.233052005,/loadcell_data_filtered.wrench.force.z,352.1560868017809
2.920236392,1785795214.233761830,/loadcell_data_filtered.wrench.force.z,353.3101353551286
2.920463656,1785795214.233989094,/loadcell_data_filtered.wrench.force.z,354.37586738699713
2.921332454,1785795214.234857892,/loadcell_data_filtered.wrench.force.z,349.4220124693963
2.921605764,1785795214.235131202,/loadcell_data_filtered.wrench.force.z,346.9914186645589
2.922273224,1785795214.235798662,/loadcell_data_filtered.wrench.force.z,344.4723414961301
2.922713018,1785795214.236238456,/loadcell_data_filtered.wrench.force.z,341.5358719600039
2.924314761,1785795214.237840199,/loadcell_data_filtered.wrench.force.z,339.2735804398027
2.924663441,1785795214.238188879,/loadcell_data_filtered.wrench.force.z,338.08460001896987
2.92492972,1785795214.238455158,/loadcell_data_filtered.wrench.force.z,330.36851863311375
2.925208755,1785795214.238734193,/loadcell_data_filtered.wrench.force.z,331.97204758023184
2.925500114,1785795214.239025552,/loadcell_data_filtered.wrench.force.z,332.77850662604965
2.925753113,1785795214.239278551,/loadcell_data_filtered.wrench.force.z,333.808834537337
2.926064455,1785795214.239589893,/loadcell_data_filtered.wrench.force.z,334.86576689313017
2.9264747470000003,1785795214.240000185,/loadcell_data_filtered.wrench.force.z,334.8048343186373
2.927405738,1785795214.240931176,/loadcell_data_filtered.wrench.force.z,335.1224532063373
2.928415018,1785795214.241940456,/loadcell_data_filtered.wrench.force.z,335.0893248014283
2.929201684,1785795214.242727122,/loadcell_data_filtered.wrench.force.z,335.1884508892798
2.92977433,1785795214.243299768,/loadcell_data_filtered.wrench.force.z,335.6557855025649
2.930251939,1785795214.243777377,/loadcell_data_filtered.wrench.force.z,335.90417766266876
2.930666351,1785795214.244191789,/loadcell_data_filtered.wrench.force.z,341.93735805834575
2.9310374990000003,1785795214.244562937,/loadcell_data_filtered.wrench.force.z,345.7306363264651
2.931458731,1785795214.244984169,/loadcell_data_filtered.wrench.force.z,349.3990975127812
2.932418816,1785795214.245944254,/loadcell_data_filtered.wrench.force.z,353.10330621133954
2.932914395,1785795214.246439833,/loadcell_data_filtered.wrench.force.z,355.47034132748314
2.933186609,1785795214.246712047,/loadcell_data_filtered.wrench.force.z,356.66310818928514
2.933495377,1785795214.247020815,/loadcell_data_filtered.wrench.force.z,356.9016490112053
2.933751152,1785795214.247276590,/loadcell_data_filtered.wrench.force.z,356.92511179044226
2.934042012,1785795214.247567450,/loadcell_data_filtered.wrench.force.z,357.0407297175813
2.9359089330000003,1785795214.249434371,/loadcell_data_filtered.wrench.force.z,356.50970562751723
2.937201078,1785795214.250726516,/loadcell_data_filtered.wrench.force.z,355.6996222931981
2.937458365,1785795214.250983803,/loadcell_data_filtered.wrench.force.z,355.9570217166024
2.9376724750000003,1785795214.251197913,/loadcell_data_filtered.wrench.force.z,356.30024677515456
2.937881178,1785795214.251406616,/loadcell_data_filtered.wrench.force.z,356.25236246650013
2.9397474690000003,1785795214.253272907,/loadcell_data_filtered.wrench.force.z,355.9006108030972
2.940099624,1785795214.253625062,/loadcell_data_filtered.wrench.force.z,356.2357388329682
2.940400265,1785795214.253925703,/loadcell_data_filtered.wrench.force.z,353.91930873018043
2.940669556,1785795214.254194994,/loadcell_data_filtered.wrench.force.z,348.59558446546185
2.940890297,1785795214.254415735,/loadcell_data_filtered.wrench.force.z,343.9417917735752
2.9410811470000002,1785795214.254606585,/loadcell_data_filtered.wrench.force.z,335.70132674044913
2.941308915,1785795214.254834353,/loadcell_data_filtered.wrench.force.z,330.2874687168765
2.942155227,1785795214.255680665,/loadcell_data_filtered.wrench.force.z,326.07098844566957
2.942538738,1785795214.256064176,/loadcell_data_filtered.wrench.force.z,324.3090214179101
2.942698739,1785795214.256224177,/loadcell_data_filtered.wrench.force.z,323.609308830232
2.942867836,1785795214.256393274,/loadcell_data_filtered.wrench.force.z,321.5155965102944
2.943081684,1785795214.256607122,/loadcell_data_filtered.wrench.force.z,317.1717298392173
2.943584443,1785795214.257109881,/loadcell_data_filtered.wrench.force.z,317.089405052613
2.943917565,1785795214.257443003,/loadcell_data_filtered.wrench.force.z,315.9195866013666
2.944225341,1785795214.257750779,/loadcell_data_filtered.wrench.force.z,316.17593858455166
2.944741068,1785795214.258266506,/loadcell_data_filtered.wrench.force.z,316.0917928302056
2.944975209,1785795214.258500647,/loadcell_data_filtered.wrench.force.z,314.3980305673882
2.945918638,1785795214.259444076,/loadcell_data_filtered.wrench.force.z,313.9235703732063
2.94608174,1785795214.259607178,/loadcell_data_filtered.wrench.force.z,313.4930154852317
2.946221867,1785795214.259747305,/loadcell_data_filtered.wrench.force.z,318.8874326010895
2.946356202,1785795214.259881640,/loadcell_data_filtered.wrench.force.z,321.80016050754534
2.946675285,1785795214.260200723,/loadcell_data_filtered.wrench.force.z,325.40171965324413
2.94905836,1785795214.262583798,/loadcell_data_filtered.wrench.force.z,328.44935177833503
2.949330913,1785795214.262856351,/loadcell_data_filtered.wrench.force.z,329.45605355944286
2.949710692,1785795214.263236130,/loadcell_data_filtered.wrench.force.z,324.97630372361687
2.949724719,1785795214.263250157,/loadcell_data_filtered.wrench.force.z,326.60458760664375
2.950007486,1785795214.263532924,/loadcell_data_filtered.wrench.force.z,326.8341968402272
2.950264931,1785795214.263790369,/loadcell_data_filtered.wrench.force.z,325.9619839350025
2.950432415,1785795214.263957853,/loadcell_data_filtered.wrench.force.z,325.67053740683184
2.951184655,1785795214.264710093,/loadcell_data_filtered.wrench.force.z,325.1472016578624
2.951601251,1785795214.265126689,/loadcell_data_filtered.wrench.force.z,325.11485442166673
2.952020427,1785795214.265545865,/loadcell_data_filtered.wrench.force.z,324.903734733757
2.952279828,1785795214.265805266,/loadcell_data_filtered.wrench.force.z,324.72864427995773
2.952715372,1785795214.266240810,/loadcell_data_filtered.wrench.force.z,324.214190418919
2.9533034540000003,1785795214.266828892,/loadcell_data_filtered.wrench.force.z,323.8148954829432
2.953887054,1785795214.267412492,/loadcell_data_filtered.wrench.force.z,323.2303815166995
2.95425863,1785795214.267784068,/loadcell_data_filtered.wrench.force.z,317.420088288149
2.954873768,1785795214.268399206,/loadcell_data_filtered.wrench.force.z,313.2156622883083
2.955259878,1785795214.268785316,/loadcell_data_filtered.wrench.force.z,308.91178649996795
2.956009211,1785795214.269534649,/loadcell_data_filtered.wrench.force.z,305.6167275494292
2.956367814,1785795214.269893252,/loadcell_data_filtered.wrench.force.z,302.30178212768294
2.95672014,1785795214.270245578,/loadcell_data_filtered.wrench.force.z,300.3654686015925
2.9573823150000003,1785795214.270907753,/loadcell_data_filtered.wrench.force.z,299.1864255358961
2.957848154,1785795214.271373592,/loadcell_data_filtered.wrench.force.z,298.8212094600551
2.958455953,1785795214.271981391,/loadcell_data_filtered.wrench.force.z,298.86175436026133
2.961067129,1785795214.274592567,/loadcell_data_filtered.wrench.force.z,299.11250501480094
2.961366171,1785795214.274891609,/loadcell_data_filtered.wrench.force.z,299.0199305112561
2.961706845,1785795214.275232283,/loadcell_data_filtered.wrench.force.z,299.22079358779365
2.961987739,1785795214.275513177,/loadcell_data_filtered.wrench.force.z,299.54332868813697
2.962259991,1785795214.275785429,/loadcell_data_filtered.wrench.force.z,299.9146216221127
2.9630446900000003,1785795214.276570128,/loadcell_data_filtered.wrench.force.z,299.30899432867676
2.963332798,1785795214.276858236,/loadcell_data_filtered.wrench.force.z,298.4648020197928
2.9635896180000003,1785795214.277115056,/loadcell_data_filtered.wrench.force.z,299.16479687431126
2.964010051,1785795214.277535489,/loadcell_data_filtered.wrench.force.z,298.51464697009413
2.964104206,1785795214.277629644,/loadcell_data_filtered.wrench.force.z,303.3242611121932
2.964385565,1785795214.277911003,/loadcell_data_filtered.wrench.force.z,306.8519390426185
2.964652982,1785795214.278178420,/loadcell_data_filtered.wrench.force.z,310.5094529130031
2.965113685,1785795214.278639123,/loadcell_data_filtered.wrench.force.z,314.23540477654115
2.965368723,1785795214.278894161,/loadcell_data_filtered.wrench.force.z,316.3699768463385
2.965959656,1785795214.279485094,/loadcell_data_filtered.wrench.force.z,317.7781191131041
2.968015106,1785795214.281540544,/loadcell_data_filtered.wrench.force.z,318.6435606535298
2.96819884,1785795214.281724278,/loadcell_data_filtered.wrench.force.z,319.6899223572036
2.968344476,1785795214.281869914,/loadcell_data_filtered.wrench.force.z,320.8344918022698
2.969234845,1785795214.282760283,/loadcell_data_filtered.wrench.force.z,322.3455664572943
2.969531822,1785795214.283057260,/loadcell_data_filtered.wrench.force.z,324.4547331035443
2.969851136,1785795214.283376574,/loadcell_data_filtered.wrench.force.z,325.9842507695518
2.970069975,1785795214.283595413,/loadcell_data_filtered.wrench.force.z,328.35902326350646
2.970282707,1785795214.283808145,/loadcell_data_filtered.wrench.force.z,329.99946399249274
2.970473763,1785795214.283999201,/loadcell_data_filtered.wrench.force.z,330.44970804587297
2.970675553,1785795214.284200991,/loadcell_data_filtered.wrench.force.z,327.61101079096244
2.975954127,1785795214.289479565,/loadcell_data_filtered.wrench.force.z,324.5522981011421
2.976161438,1785795214.289686876,/loadcell_data_filtered.wrench.force.z,321.2414786794473
2.976255427,1785795214.289780865,/loadcell_data_filtered.wrench.force.z,318.9095897662962
2.976378786,1785795214.289904224,/loadcell_data_filtered.wrench.force.z,311.5166481175044
2.976773098,1785795214.290298536,/loadcell_data_filtered.wrench.force.z,308.71902926461837
2.9772172660000003,1785795214.290742704,/loadcell_data_filtered.wrench.force.z,309.1749237572493
2.977393793,1785795214.290919231,/loadcell_data_filtered.wrench.force.z,310.89988474084583
2.9776954890000003,1785795214.291220927,/loadcell_data_filtered.wrench.force.z,312.9292820373889
2.977959825,1785795214.291485263,/loadcell_data_filtered.wrench.force.z,315.10887437677013
2.978232644,1785795214.291758082,/loadcell_data_filtered.wrench.force.z,316.46545563399513
2.978528277,1785795214.292053715,/loadcell_data_filtered.wrench.force.z,316.1311713428274
2.978776521,1785795214.292301959,/loadcell_data_filtered.wrench.force.z,316.49505321891604
2.979036471,1785795214.292561909,/loadcell_data_filtered.wrench.force.z,314.97666622139803
2.979298925,1785795214.292824363,/loadcell_data_filtered.wrench.force.z,314.26952663942035
2.979570481,1785795214.293095919,/loadcell_data_filtered.wrench.force.z,314.5187670764313
2.97981742,1785795214.293342858,/loadcell_data_filtered.wrench.force.z,314.2917165137317
2.980084526,1785795214.293609964,/loadcell_data_filtered.wrench.force.z,319.1625983044978
2.9803348620000003,1785795214.293860300,/loadcell_data_filtered.wrench.force.z,323.4058026927803
2.980599016,1785795214.294124454,/loadcell_data_filtered.wrench.force.z,327.9170952957133
2.98085669,1785795214.294382128,/loadcell_data_filtered.wrench.force.z,331.6187825078032
2.9814703590000002,1785795214.294995797,/loadcell_data_filtered.wrench.force.z,335.084792229603
2.9826354630000003,1785795214.296160901,/loadcell_data_filtered.wrench.force.z,337.6397157424355
2.9828756810000003,1785795214.296401119,/loadcell_data_filtered.wrench.force.z,339.3847712982854
2.98315552,1785795214.296680958,/loadcell_data_filtered.wrench.force.z,340.22281491291994
2.9836102270000002,1785795214.297135665,/loadcell_data_filtered.wrench.force.z,340.6638952041589
2.984553008,1785795214.298078446,/loadcell_data_filtered.wrench.force.z,340.7520815988442
2.986666691,1785795214.300192129,/loadcell_data_filtered.wrench.force.z,341.1856531868005
2.987168995,1785795214.300694433,/loadcell_data_filtered.wrench.force.z,341.8193801689281
2.987655723,1785795214.301181161,/loadcell_data_filtered.wrench.force.z,342.1577848635928
2.988165064,1785795214.301690502,/loadcell_data_filtered.wrench.force.z,340.2530423388874
2.988667308,1785795214.302192746,/loadcell_data_filtered.wrench.force.z,337.51094999043767
2.989135856,1785795214.302661294,/loadcell_data_filtered.wrench.force.z,338.2832822063055
2.989496624,1785795214.303022062,/loadcell_data_filtered.wrench.force.z,338.7244535932555
2.989883706,1785795214.303409144,/loadcell_data_filtered.wrench.force.z,334.19298186541533
2.990206945,1785795214.303732383,/loadcell_data_filtered.wrench.force.z,331.21136193918363
2.990618961,1785795214.304144399,/loadcell_data_filtered.wrench.force.z,328.25661029724967
2.991135722,1785795214.304661160,/loadcell_data_filtered.wrench.force.z,326.18679341442584
2.991627622,1785795214.305153060,/loadcell_data_filtered.wrench.force.z,324.1279097943317
2.992023528,1785795214.305548966,/loadcell_data_filtered.wrench.force.z,316.4855377082309
2.992371882,1785795214.305897320,/loadcell_data_filtered.wrench.force.z,316.5722600576018
2.993313282,1785795214.306838720,/loadcell_data_filtered.wrench.force.z,316.90210239931116
2.993848357,1785795214.307373795,/loadcell_data_filtered.wrench.force.z,317.9038552656586
2.994314652,1785795214.307840090,/loadcell_data_filtered.wrench.force.z,319.15416883462325
2.994802179,1785795214.308327617,/loadcell_data_filtered.wrench.force.z,319.2826673869002
2.99527974,1785795214.308805178,/loadcell_data_filtered.wrench.force.z,319.8866795453564
2.99576526,1785795214.309290698,/loadcell_data_filtered.wrench.force.z,319.7348602694391
2.996270725,1785795214.309796163,/loadcell_data_filtered.wrench.force.z,319.15407615584945
2.99670638,1785795214.310231818,/loadcell_data_filtered.wrench.force.z,318.7710697172287
2.997108373,1785795214.310633811,/loadcell_data_filtered.wrench.force.z,318.2492503747329
2.997482076,1785795214.311007514,/loadcell_data_filtered.wrench.force.z,319.5096379584758
2.9978177720000003,1785795214.311343210,/loadcell_data_filtered.wrench.force.z,325.53207687848516
2.998113662,1785795214.311639100,/loadcell_data_filtered.wrench.force.z,329.9271138880496
2.998395701,1785795214.311921139,/loadcell_data_filtered.wrench.force.z,332.5614888115081
2.998639353,1785795214.312164791,/loadcell_data_filtered.wrench.force.z,334.8013373174793
2.998870931,1785795214.312396369,/loadcell_data_filtered.wrench.force.z,336.97985076267895
2.9991011850000002,1785795214.312626623,/loadcell_data_filtered.wrench.force.z,337.93441853872275
2.99933831,1785795214.312863748,/loadcell_data_filtered.wrench.force.z,337.77894612055945
2.999690815,1785795214.313216253,/loadcell_data_filtered.wrench.force.z,336.60747793519084
3.000155618,1785795214.313681056,/loadcell_data_filtered.wrench.force.z,335.74953335020587
3.001025551,1785795214.314550989,/loadcell_data_filtered.wrench.force.z,335.0680415432316
3.002898323,1785795214.316423761,/loadcell_data_filtered.wrench.force.z,334.4415412257715
3.00290729,1785795214.316432728,/loadcell_data_filtered.wrench.force.z,334.10215276143714
3.003711078,1785795214.317236516,/loadcell_data_filtered.wrench.force.z,334.23893509472657
3.003719858,1785795214.317245296,/loadcell_data_filtered.wrench.force.z,333.5066738701356
3.003925307,1785795214.317450745,/loadcell_data_filtered.wrench.force.z,333.14368404295305
3.004094064,1785795214.317619502,/loadcell_data_filtered.wrench.force.z,332.1486101195528
3.004250437,1785795214.317775875,/loadcell_data_filtered.wrench.force.z,327.3812120151367
3.005946691,1785795214.319472129,/loadcell_data_filtered.wrench.force.z,323.5275604861032
3.006289826,1785795214.319815264,/loadcell_data_filtered.wrench.force.z,319.3552711993345
3.006428976,1785795214.319954414,/loadcell_data_filtered.wrench.force.z,316.3887590513378
3.006575872,1785795214.320101310,/loadcell_data_filtered.wrench.force.z,313.7208799637365
3.01081585,1785795214.324341288,/loadcell_data_filtered.wrench.force.z,311.98403855304076
3.01110051,1785795214.324625948,/loadcell_data_filtered.wrench.force.z,310.26457924977507
3.011362521,1785795214.324887959,/loadcell_data_filtered.wrench.force.z,310.558724638316
3.011699815,1785795214.325225253,/loadcell_data_filtered.wrench.force.z,311.8141746764958
3.012039852,1785795214.325565290,/loadcell_data_filtered.wrench.force.z,313.4609313438584
3.012392008,1785795214.325917446,/loadcell_data_filtered.wrench.force.z,314.7613287296158
3.012770155,1785795214.326295593,/loadcell_data_filtered.wrench.force.z,316.2561915860984
3.013128316,1785795214.326653754,/loadcell_data_filtered.wrench.force.z,317.065212406679
3.013423346,1785795214.326948784,/loadcell_data_filtered.wrench.force.z,317.86921480694673
3.013749903,1785795214.327275341,/loadcell_data_filtered.wrench.force.z,318.6467569051568
3.014100114,1785795214.327625552,/loadcell_data_filtered.wrench.force.z,317.85632598278954
3.014370306,1785795214.327895744,/loadcell_data_filtered.wrench.force.z,318.4801212497662
3.01464172,1785795214.328167158,/loadcell_data_filtered.wrench.force.z,324.8863124674054
3.014940872,1785795214.328466310,/loadcell_data_filtered.wrench.force.z,329.3173203771419
3.015140167,1785795214.328665605,/loadcell_data_filtered.wrench.force.z,334.3556659202473
3.015314856,1785795214.328840294,/loadcell_data_filtered.wrench.force.z,338.61235652550334
3.015533448,1785795214.329058886,/loadcell_data_filtered.wrench.force.z,342.54672272266794
3.015743925,1785795214.329269363,/loadcell_data_filtered.wrench.force.z,345.2255416796133
3.016057802,1785795214.329583240,/loadcell_data_filtered.wrench.force.z,347.5452628741396
3.017358196,1785795214.330883634,/loadcell_data_filtered.wrench.force.z,348.86305518553155
3.018961192,1785795214.332486630,/loadcell_data_filtered.wrench.force.z,349.89964513175187
3.019397384,1785795214.332922822,/loadcell_data_filtered.wrench.force.z,351.17324102857293
3.020250143,1785795214.333775581,/loadcell_data_filtered.wrench.force.z,353.28908995482317
3.020261911,1785795214.333787349,/loadcell_data_filtered.wrench.force.z,354.92472162355153
3.020264104,1785795214.333789542,/loadcell_data_filtered.wrench.force.z,355.9287346599331
3.02026573,1785795214.333791168,/loadcell_data_filtered.wrench.force.z,356.70871114839997
3.020877804,1785795214.334403242,/loadcell_data_filtered.wrench.force.z,357.81292078113734
3.021624204,1785795214.335149642,/loadcell_data_filtered.wrench.force.z,358.86097827696886
3.021727294,1785795214.335252732,/loadcell_data_filtered.wrench.force.z,359.3171778869354
3.021882734,1785795214.335408172,/loadcell_data_filtered.wrench.force.z,353.4842181249087
3.022013032,1785795214.335538470,/loadcell_data_filtered.wrench.force.z,343.91038603170153
3.02209788,1785795214.335623318,/loadcell_data_filtered.wrench.force.z,341.15644539988733
3.024408745,1785795214.337934183,/loadcell_data_filtered.wrench.force.z,338.35328888000845
3.024577692,1785795214.338103130,/loadcell_data_filtered.wrench.force.z,335.7087472156838
3.024691957,1785795214.338217395,/loadcell_data_filtered.wrench.force.z,334.69288607716214
3.024812257,1785795214.338337695,/loadcell_data_filtered.wrench.force.z,327.4054147095077
3.024931952,1785795214.338457390,/loadcell_data_filtered.wrench.force.z,328.8651319175112
3.025252469,1785795214.338777907,/loadcell_data_filtered.wrench.force.z,329.8569148490287
3.025466837,1785795214.338992275,/loadcell_data_filtered.wrench.force.z,330.48601163729336
3.025880662,1785795214.339406100,/loadcell_data_filtered.wrench.force.z,331.1349987673287
3.026435623,1785795214.339961061,/loadcell_data_filtered.wrench.force.z,331.18589284031043
3.026854407,1785795214.340379845,/loadcell_data_filtered.wrench.force.z,331.5082054435299
3.027787007,1785795214.341312445,/loadcell_data_filtered.wrench.force.z,332.0016928032284
3.02934724,1785795214.342872678,/loadcell_data_filtered.wrench.force.z,332.2367115424983
3.029547433,1785795214.343072871,/loadcell_data_filtered.wrench.force.z,331.688069760213
3.029756082,1785795214.343281520,/loadcell_data_filtered.wrench.force.z,327.11685273476894
3.029848557,1785795214.343373995,/loadcell_data_filtered.wrench.force.z,332.6432557616809
3.031776911,1785795214.345302349,/loadcell_data_filtered.wrench.force.z,337.19349474437354
3.035433457,1785795214.348958895,/loadcell_data_filtered.wrench.force.z,341.0172925235162
3.03544374,1785795214.348969178,/loadcell_data_filtered.wrench.force.z,344.0396809202709
3.035446798,1785795214.348972236,/loadcell_data_filtered.wrench.force.z,339.764308696475
3.035458994,1785795214.348984432,/loadcell_data_filtered.wrench.force.z,341.5591769313955
3.035462346,1785795214.348987784,/loadcell_data_filtered.wrench.force.z,341.33634875885696
3.03548066,1785795214.349006098,/loadcell_data_filtered.wrench.force.z,341.6117909945317
3.035713827,1785795214.349239265,/loadcell_data_filtered.wrench.force.z,341.29947456906365
3.035812212,1785795214.349337650,/loadcell_data_filtered.wrench.force.z,334.3287073634014
3.035958506,1785795214.349483944,/loadcell_data_filtered.wrench.force.z,334.4161441700914
3.036117456,1785795214.349642894,/loadcell_data_filtered.wrench.force.z,333.84475066938205
3.03626582,1785795214.349791258,/loadcell_data_filtered.wrench.force.z,333.79342758162494
3.036407129,1785795214.349932567,/loadcell_data_filtered.wrench.force.z,333.5950665362606
3.036557696,1785795214.350083134,/loadcell_data_filtered.wrench.force.z,333.03262537949837
3.036937226,1785795214.350462664,/loadcell_data_filtered.wrench.force.z,332.76765281814266
3.039262194,1785795214.352787632,/loadcell_data_filtered.wrench.force.z,327.83615307686017
3.039886745,1785795214.353412183,/loadcell_data_filtered.wrench.force.z,324.4405221498148
3.040087191,1785795214.353612629,/loadcell_data_filtered.wrench.force.z,320.71124055057544
3.040222997,1785795214.353748435,/loadcell_data_filtered.wrench.force.z,317.68251332713635
3.040358196,1785795214.353883634,/loadcell_data_filtered.wrench.force.z,314.8881217774808
3.040505137,1785795214.354030575,/loadcell_data_filtered.wrench.force.z,312.1342867870694
3.040645403,1785795214.354170841,/loadcell_data_filtered.wrench.force.z,309.48529747772034
3.041376201,1785795214.354901639,/loadcell_data_filtered.wrench.force.z,308.96966100202866
3.041865441,1785795214.355390879,/loadcell_data_filtered.wrench.force.z,308.2008217380201
3.042298243,1785795214.355823681,/loadcell_data_filtered.wrench.force.z,308.1128112545049
3.04310651,1785795214.356631948,/loadcell_data_filtered.wrench.force.z,307.85347604899454
3.043334361,1785795214.356859799,/loadcell_data_filtered.wrench.force.z,307.36914626078374
3.043677101,1785795214.357202539,/loadcell_data_filtered.wrench.force.z,306.8930767122444
3.04414299,1785795214.357668428,/loadcell_data_filtered.wrench.force.z,306.1531038837365
3.044518429,1785795214.358043867,/loadcell_data_filtered.wrench.force.z,305.35733051800275
3.045510136,1785795214.359035574,/loadcell_data_filtered.wrench.force.z,304.57375877455166
3.045823259,1785795214.359348697,/loadcell_data_filtered.wrench.force.z,303.7381234847842
3.046210586,1785795214.359736024,/loadcell_data_filtered.wrench.force.z,308.6080082957199
3.046372393,1785795214.359897831,/loadcell_data_filtered.wrench.force.z,311.5453951187984
3.047972228,1785795214.361497666,/loadcell_data_filtered.wrench.force.z,315.16406695965685
3.049859987,1785795214.363385425,/loadcell_data_filtered.wrench.force.z,318.21483144854767
3.050116919,1785795214.363642357,/loadcell_data_filtered.wrench.force.z,321.40670766847114
3.050297588,1785795214.363823026,/loadcell_data_filtered.wrench.force.z,323.2517663899407
3.050713591,1785795214.364239029,/loadcell_data_filtered.wrench.force.z,323.9670833422578
3.050733932,1785795214.364259370,/loadcell_data_filtered.wrench.force.z,324.3054952486934
3.051018966,1785795214.364544404,/loadcell_data_filtered.wrench.force.z,323.71359109922975
3.051119834,1785795214.364645272,/loadcell_data_filtered.wrench.force.z,323.7413255113632
3.051281629,1785795214.364807067,/loadcell_data_filtered.wrench.force.z,323.8906922425529
3.051472383,1785795214.364997821,/loadcell_data_filtered.wrench.force.z,324.05752301996773
3.051955235,1785795214.365480673,/loadcell_data_filtered.wrench.force.z,323.68415537932475
3.052331922,1785795214.365857360,/loadcell_data_filtered.wrench.force.z,323.7798714285256
3.052816824,1785795214.366342262,/loadcell_data_filtered.wrench.force.z,323.789664727761
3.053337943,1785795214.366863381,/loadcell_data_filtered.wrench.force.z,323.99598981088735
3.053905125,1785795214.367430563,/loadcell_data_filtered.wrench.force.z,323.7049522637824
3.054130262,1785795214.367655700,/loadcell_data_filtered.wrench.force.z,318.2860514857483
3.054826215,1785795214.368351653,/loadcell_data_filtered.wrench.force.z,314.1821838443763
3.055304379,1785795214.368829817,/loadcell_data_filtered.wrench.force.z,310.57214204061654
3.055754914,1785795214.369280352,/loadcell_data_filtered.wrench.force.z,307.50473373654006
3.056282305,1785795214.369807743,/loadcell_data_filtered.wrench.force.z,304.3932100141648
3.057060384,1785795214.370585822,/loadcell_data_filtered.wrench.force.z,302.83188389421144
3.057841991,1785795214.371367429,/loadcell_data_filtered.wrench.force.z,302.12480604191586
3.058244798,1785795214.371770236,/loadcell_data_filtered.wrench.force.z,302.20555275887034
3.058728537,1785795214.372253975,/loadcell_data_filtered.wrench.force.z,302.44325279726155
3.059253775,1785795214.372779213,/loadcell_data_filtered.wrench.force.z,302.79882172566784
3.059699935,1785795214.373225373,/loadcell_data_filtered.wrench.force.z,302.4712870075327
3.060080382,1785795214.373605820,/loadcell_data_filtered.wrench.force.z,302.01256450464155
3.061072627,1785795214.374598065,/loadcell_data_filtered.wrench.force.z,301.639631044815
3.063490158,1785795214.377015596,/loadcell_data_filtered.wrench.force.z,301.439211944964
3.063997313,1785795214.377522751,/loadcell_data_filtered.wrench.force.z,301.22476868302283
3.064517641,1785795214.378043079,/loadcell_data_filtered.wrench.force.z,301.3652867443908
3.064973388,1785795214.378498826,/loadcell_data_filtered.wrench.force.z,304.11579220870954
3.065269903,1785795214.378795341,/loadcell_data_filtered.wrench.force.z,308.4599574998455
3.065621893,1785795214.379147331,/loadcell_data_filtered.wrench.force.z,312.8714225387025
3.065877854,1785795214.379403292,/loadcell_data_filtered.wrench.force.z,316.2737515332387
3.066072362,1785795214.379597800,/loadcell_data_filtered.wrench.force.z,317.92860790092186
3.066284477,1785795214.379809915,/loadcell_data_filtered.wrench.force.z,320.12045630715875
3.066542005,1785795214.380067443,/loadcell_data_filtered.wrench.force.z,321.2283713921993
3.0668619010000002,1785795214.380387339,/loadcell_data_filtered.wrench.force.z,321.70846600724155
3.067152666,1785795214.380678104,/loadcell_data_filtered.wrench.force.z,321.0183039850777
3.067492354,1785795214.381017792,/loadcell_data_filtered.wrench.force.z,319.91452046936297
3.067859634,1785795214.381385072,/loadcell_data_filtered.wrench.force.z,319.3634788546507
3.068245008,1785795214.381770446,/loadcell_data_filtered.wrench.force.z,318.64890063258196
3.068599418,1785795214.382124856,/loadcell_data_filtered.wrench.force.z,317.5744242316186
3.070595809,1785795214.384121247,/loadcell_data_filtered.wrench.force.z,317.0239358842577
3.070960347,1785795214.384485785,/loadcell_data_filtered.wrench.force.z,316.7248435564537
3.071187132,1785795214.384712570,/loadcell_data_filtered.wrench.force.z,316.4799165357264
3.07138366,1785795214.384909098,/loadcell_data_filtered.wrench.force.z,309.14072272068466
3.071615093,1785795214.385140531,/loadcell_data_filtered.wrench.force.z,303.88472818945553
3.071861992,1785795214.385387430,/loadcell_data_filtered.wrench.force.z,299.82217309299716
3.072655567,1785795214.386181005,/loadcell_data_filtered.wrench.force.z,295.6166911454213
3.074340145,1785795214.387865583,/loadcell_data_filtered.wrench.force.z,292.34904141625736
3.074685235,1785795214.388210673,/loadcell_data_filtered.wrench.force.z,289.8517686083107
3.074919251,1785795214.388444689,/loadcell_data_filtered.wrench.force.z,288.2254745853129
3.075165667,1785795214.388691105,/loadcell_data_filtered.wrench.force.z,286.59004256265735
3.075537525,1785795214.389062963,/loadcell_data_filtered.wrench.force.z,287.2730222740795
3.075832226,1785795214.389357664,/loadcell_data_filtered.wrench.force.z,287.5770817664026
3.076199506,1785795214.389724944,/loadcell_data_filtered.wrench.force.z,287.5938074010641
3.113434415,1785795214.426959853,/loadcell_data_filtered.wrench.force.z,284.46726092772013
3.113824196,1785795214.427349634,/loadcell_data_filtered.wrench.force.z,283.34494411296697
3.114084723,1785795214.427610161,/loadcell_data_filtered.wrench.force.z,273.49464657086196
3.114336698,1785795214.427862136,/loadcell_data_filtered.wrench.force.z,273.8087956918915
3.114628654,1785795214.428154092,/loadcell_data_filtered.wrench.force.z,274.0550321115735
3.114981525,1785795214.428506963,/loadcell_data_filtered.wrench.force.z,273.59868583608477
3.115310753,1785795214.428836191,/loadcell_data_filtered.wrench.force.z,265.3894431646151
3.115650247,1785795214.429175685,/loadcell_data_filtered.wrench.force.z,264.96268368983425
3.115962971,1785795214.429488409,/loadcell_data_filtered.wrench.force.z,271.4139293000386
3.116301779,1785795214.429827217,/loadcell_data_filtered.wrench.force.z,274.7617024980598
3.116738543,1785795214.430263981,/loadcell_data_filtered.wrench.force.z,279.0035084811141
3.117078481,1785795214.430603919,/loadcell_data_filtered.wrench.force.z,282.8981063771727
3.117347996,1785795214.430873434,/loadcell_data_filtered.wrench.force.z,286.65291416402175
3.118052871,1785795214.431578309,/loadcell_data_filtered.wrench.force.z,288.20660782197393
3.118070137,1785795214.431595575,/loadcell_data_filtered.wrench.force.z,289.52279295634446
3.118362064,1785795214.431887502,/loadcell_data_filtered.wrench.force.z,290.4059707047345
3.118570536,1785795214.432095974,/loadcell_data_filtered.wrench.force.z,291.00617944821795
3.118748236,1785795214.432273674,/loadcell_data_filtered.wrench.force.z,291.5502651882965
3.118926534,1785795214.432451972,/loadcell_data_filtered.wrench.force.z,292.3104091151108
3.119110011,1785795214.432635449,/loadcell_data_filtered.wrench.force.z,294.142204579404
3.119277408,1785795214.432802846,/loadcell_data_filtered.wrench.force.z,294.9249380774729
3.119456444,1785795214.432981882,/loadcell_data_filtered.wrench.force.z,295.4743888112477
3.119636899,1785795214.433162337,/loadcell_data_filtered.wrench.force.z,296.9341925400664
3.120393799,1785795214.433919237,/loadcell_data_filtered.wrench.force.z,297.1325051884784
3.121247475,1785795214.434772913,/loadcell_data_filtered.wrench.force.z,296.92337631706704
3.122990697,1785795214.436516135,/loadcell_data_filtered.wrench.force.z,292.41051599856445
3.123250232,1785795214.436775670,/loadcell_data_filtered.wrench.force.z,287.90076897424507
3.12351788,1785795214.437043318,/loadcell_data_filtered.wrench.force.z,284.27936313689486
3.123844998,1785795214.437370436,/loadcell_data_filtered.wrench.force.z,275.5716767026839
3.124154263,1785795214.437679701,/loadcell_data_filtered.wrench.force.z,269.91809179872047
3.125583056,1785795214.439108494,/loadcell_data_filtered.wrench.force.z,268.2214430514637
3.126335042,1785795214.439860480,/loadcell_data_filtered.wrench.force.z,268.3810967249802
3.1267537340000002,1785795214.440279172,/loadcell_data_filtered.wrench.force.z,270.2590140575552
3.127197891,1785795214.440723329,/loadcell_data_filtered.wrench.force.z,271.2534077744917
3.127648121,1785795214.441173559,/loadcell_data_filtered.wrench.force.z,272.48323802340025
3.128233977,1785795214.441759415,/loadcell_data_filtered.wrench.force.z,273.6372664077415
3.128667751,1785795214.442193189,/loadcell_data_filtered.wrench.force.z,274.8131268209302
3.129003072,1785795214.442528510,/loadcell_data_filtered.wrench.force.z,275.92433075406973
3.129354824,1785795214.442880262,/loadcell_data_filtered.wrench.force.z,276.56446893020177
3.129974569,1785795214.443500007,/loadcell_data_filtered.wrench.force.z,277.3722363782285
3.130386268,1785795214.443911706,/loadcell_data_filtered.wrench.force.z,278.325519956613
3.130754744,1785795214.444280182,/loadcell_data_filtered.wrench.force.z,284.74336669882905
3.131130742,1785795214.444656180,/loadcell_data_filtered.wrench.force.z,289.71169556858547
3.131662636,1785795214.445188074,/loadcell_data_filtered.wrench.force.z,295.82783390325983
3.132073566,1785795214.445599004,/loadcell_data_filtered.wrench.force.z,301.38434415317613
3.132409856,1785795214.445935294,/loadcell_data_filtered.wrench.force.z,306.04979409915313
3.132746151,1785795214.446271589,/loadcell_data_filtered.wrench.force.z,310.0620666935771
3.13305128,1785795214.446576718,/loadcell_data_filtered.wrench.force.z,313.33735004740885
3.133378804,1785795214.446904242,/loadcell_data_filtered.wrench.force.z,315.09995580078976
3.133894898,1785795214.447420336,/loadcell_data_filtered.wrench.force.z,316.1647875879685
3.134382544,1785795214.447907982,/loadcell_data_filtered.wrench.force.z,317.8610227313591
3.134692662,1785795214.448218100,/loadcell_data_filtered.wrench.force.z,318.51126306872374
3.135119655,1785795214.448645093,/loadcell_data_filtered.wrench.force.z,319.48267718751976
3.136773342,1785795214.450298780,/loadcell_data_filtered.wrench.force.z,320.4637643530239
3.136785883,1785795214.450311321,/loadcell_data_filtered.wrench.force.z,321.5318182307992
3.137171648,1785795214.450697086,/loadcell_data_filtered.wrench.force.z,322.16186590763914
3.137544409,1785795214.451069847,/loadcell_data_filtered.wrench.force.z,323.2280582351333
3.138209041,1785795214.451734479,/loadcell_data_filtered.wrench.force.z,323.83126901048
3.138688139,1785795214.452213577,/loadcell_data_filtered.wrench.force.z,318.107160245578
3.138971452,1785795214.452496890,/loadcell_data_filtered.wrench.force.z,315.6781014781521
3.139177994,1785795214.452703432,/loadcell_data_filtered.wrench.force.z,311.95480872806075
3.142374267,1785795214.455899705,/loadcell_data_filtered.wrench.force.z,309.06595534738597
3.14261365,1785795214.456139088,/loadcell_data_filtered.wrench.force.z,305.84433540909157
3.142758797,1785795214.456284235,/loadcell_data_filtered.wrench.force.z,305.18958474477023
3.143028193,1785795214.456553631,/loadcell_data_filtered.wrench.force.z,304.8444565541413
3.143146012,1785795214.456671450,/loadcell_data_filtered.wrench.force.z,306.05365063091966
3.143429031,1785795214.456954469,/loadcell_data_filtered.wrench.force.z,307.23318811764824
3.14365654,1785795214.457181978,/loadcell_data_filtered.wrench.force.z,308.74973372892606
3.1438844120000002,1785795214.457409850,/loadcell_data_filtered.wrench.force.z,309.4651808432342
3.144119398,1785795214.457644836,/loadcell_data_filtered.wrench.force.z,308.4810093540895
3.144368555,1785795214.457893993,/loadcell_data_filtered.wrench.force.z,309.08133604963626
3.144620083,1785795214.458145521,/loadcell_data_filtered.wrench.force.z,309.1445191644187
3.144833255,1785795214.458358693,/loadcell_data_filtered.wrench.force.z,309.3221134089348
3.145054453,1785795214.458579891,/loadcell_data_filtered.wrench.force.z,309.2658639756361
3.145495038,1785795214.459020476,/loadcell_data_filtered.wrench.force.z,309.6208487744806
3.145878701,1785795214.459404139,/loadcell_data_filtered.wrench.force.z,316.63450320707295
3.146431926,1785795214.459957364,/loadcell_data_filtered.wrench.force.z,321.67071575323644
3.147901086,1785795214.461426524,/loadcell_data_filtered.wrench.force.z,326.0266987468343
3.149337515,1785795214.462862953,/loadcell_data_filtered.wrench.force.z,329.43949766719766
3.149511109,1785795214.463036547,/loadcell_data_filtered.wrench.force.z,333.15298314667126
3.149655734,1785795214.463181172,/loadcell_data_filtered.wrench.force.z,333.8685969941447
3.149793387,1785795214.463318825,/loadcell_data_filtered.wrench.force.z,326.5530616938441
3.14997512,1785795214.463500558,/loadcell_data_filtered.wrench.force.z,327.0859253140205
3.150716038,1785795214.464241476,/loadcell_data_filtered.wrench.force.z,326.39255411470174
3.150963362,1785795214.464488800,/loadcell_data_filtered.wrench.force.z,326.44117209444636
3.151196606,1785795214.464722044,/loadcell_data_filtered.wrench.force.z,326.85128522930574
3.151386696,1785795214.464912134,/loadcell_data_filtered.wrench.force.z,326.4116282397043
3.151890866,1785795214.465416304,/loadcell_data_filtered.wrench.force.z,326.3428824789367
3.154369961,1785795214.467895399,/loadcell_data_filtered.wrench.force.z,325.9219804899425
3.154828333,1785795214.468353771,/loadcell_data_filtered.wrench.force.z,325.48134756136693
3.15507714,1785795214.468602578,/loadcell_data_filtered.wrench.force.z,324.8079196786481
3.155259031,1785795214.468784469,/loadcell_data_filtered.wrench.force.z,314.58129441420493
3.155432987,1785795214.468958425,/loadcell_data_filtered.wrench.force.z,309.00249604971543
3.156506671,1785795214.470032109,/loadcell_data_filtered.wrench.force.z,302.40963206042727
3.156699027,1785795214.470224465,/loadcell_data_filtered.wrench.force.z,297.9039828124937
3.156949265,1785795214.470474703,/loadcell_data_filtered.wrench.force.z,293.4211205668768
3.157284645,1785795214.470810083,/loadcell_data_filtered.wrench.force.z,281.0403737348014
3.157549498,1785795214.471074936,/loadcell_data_filtered.wrench.force.z,278.6711701846286
3.157743481,1785795214.471268919,/loadcell_data_filtered.wrench.force.z,276.7711326661268
3.158027357,1785795214.471552795,/loadcell_data_filtered.wrench.force.z,275.89259586428824
3.160229977,1785795214.473755415,/loadcell_data_filtered.wrench.force.z,275.4112334669078
3.160448902,1785795214.473974340,/loadcell_data_filtered.wrench.force.z,274.8570791959269
3.160602503,1785795214.474127941,/loadcell_data_filtered.wrench.force.z,272.93495048235656
3.161121634,1785795214.474647072,/loadcell_data_filtered.wrench.force.z,264.25322812705724
3.162231878,1785795214.475757316,/loadcell_data_filtered.wrench.force.z,263.6782938518904
3.162965876,1785795214.476491314,/loadcell_data_filtered.wrench.force.z,261.7760917705945
3.163333879,1785795214.476859317,/loadcell_data_filtered.wrench.force.z,260.59261739872915
3.1636439,1785795214.477169338,/loadcell_data_filtered.wrench.force.z,259.7247419892464
3.163862736,1785795214.477388174,/loadcell_data_filtered.wrench.force.z,263.5490935932095
3.164091831,1785795214.477617269,/loadcell_data_filtered.wrench.force.z,267.0180074310809
3.164325959,1785795214.477851397,/loadcell_data_filtered.wrench.force.z,271.6140835855717
3.165557787,1785795214.479083225,/loadcell_data_filtered.wrench.force.z,274.07317976755445
3.165974435,1785795214.479499873,/loadcell_data_filtered.wrench.force.z,276.12071350000684
3.166105911,1785795214.479631349,/loadcell_data_filtered.wrench.force.z,278.71789166627696
3.166230296,1785795214.479755734,/loadcell_data_filtered.wrench.force.z,280.23676899674444
3.166351253,1785795214.479876691,/loadcell_data_filtered.wrench.force.z,280.8621868208839
3.166592333,1785795214.480117771,/loadcell_data_filtered.wrench.force.z,280.6335724569326
3.166808162,1785795214.480333600,/loadcell_data_filtered.wrench.force.z,280.295993253586
3.167326602,1785795214.480852040,/loadcell_data_filtered.wrench.force.z,280.3378392609468
3.168671651,1785795214.482197089,/loadcell_data_filtered.wrench.force.z,280.59353464856906
3.169088323,1785795214.482613761,/loadcell_data_filtered.wrench.force.z,280.90015374570686
3.16942478,1785795214.482950218,/loadcell_data_filtered.wrench.force.z,282.01815907388607
3.169776115,1785795214.483301553,/loadcell_data_filtered.wrench.force.z,281.7029622865085
3.170096558,1785795214.483621996,/loadcell_data_filtered.wrench.force.z,282.2982712896449
3.170400281,1785795214.483925719,/loadcell_data_filtered.wrench.force.z,282.81708197106116
3.170828255,1785795214.484353693,/loadcell_data_filtered.wrench.force.z,277.68661509750035
3.171934664,1785795214.485460102,/loadcell_data_filtered.wrench.force.z,274.8868898945711
3.172353691,1785795214.485879129,/loadcell_data_filtered.wrench.force.z,271.5128579008151
3.172609641,1785795214.486135079,/loadcell_data_filtered.wrench.force.z,270.1557069102834
3.176198347,1785795214.489723785,/loadcell_data_filtered.wrench.force.z,267.742258639477
3.176749229,1785795214.490274667,/loadcell_data_filtered.wrench.force.z,267.0027715371966
3.177186857,1785795214.490712295,/loadcell_data_filtered.wrench.force.z,266.61166970877866
3.177626076,1785795214.491151514,/loadcell_data_filtered.wrench.force.z,268.70008767263
3.178063042,1785795214.491588480,/loadcell_data_filtered.wrench.force.z,269.89528474617333
3.178647555,1785795214.492172993,/loadcell_data_filtered.wrench.force.z,264.1913120440667
3.179202629,1785795214.492728067,/loadcell_data_filtered.wrench.force.z,265.78515496876906
3.179733551,1785795214.493258989,/loadcell_data_filtered.wrench.force.z,265.86565443042565
3.180201281,1785795214.493726719,/loadcell_data_filtered.wrench.force.z,266.7804476805942
3.180756736,1785795214.494282174,/loadcell_data_filtered.wrench.force.z,267.6952057570293
3.181326604,1785795214.494852042,/loadcell_data_filtered.wrench.force.z,268.71084986581883
3.181839194,1785795214.495364632,/loadcell_data_filtered.wrench.force.z,269.3957658776456
3.182383271,1785795214.495908709,/loadcell_data_filtered.wrench.force.z,270.25220621734843
3.182847355,1785795214.496372793,/loadcell_data_filtered.wrench.force.z,277.42035757508046
3.183239497,1785795214.496764935,/loadcell_data_filtered.wrench.force.z,282.9861661892112
3.183624079,1785795214.497149517,/loadcell_data_filtered.wrench.force.z,285.5725913957643
3.184077014,1785795214.497602452,/loadcell_data_filtered.wrench.force.z,283.94353705366694
3.184512991,1785795214.498038429,/loadcell_data_filtered.wrench.force.z,287.8911342427459
3.184971549,1785795214.498496987,/loadcell_data_filtered.wrench.force.z,289.0209663533159
3.185418104,1785795214.498943542,/loadcell_data_filtered.wrench.force.z,290.3815199800912
3.185894506,1785795214.499419944,/loadcell_data_filtered.wrench.force.z,291.1944576682515
3.186334259,1785795214.499859697,/loadcell_data_filtered.wrench.force.z,291.72332227974215
3.186820057,1785795214.500345495,/loadcell_data_filtered.wrench.force.z,292.92281948628204
3.187321615,1785795214.500847053,/loadcell_data_filtered.wrench.force.z,294.5967267121099
3.187827845,1785795214.501353283,/loadcell_data_filtered.wrench.force.z,296.01695569200007
3.189730598,1785795214.503256036,/loadcell_data_filtered.wrench.force.z,297.3687718688312
3.19095323,1785795214.504478668,/loadcell_data_filtered.wrench.force.z,298.29523119752656
3.191484667,1785795214.505010105,/loadcell_data_filtered.wrench.force.z,298.28882552133024
3.1920500130000002,1785795214.505575451,/loadcell_data_filtered.wrench.force.z,299.56099193626216
3.192715372,1785795214.506240810,/loadcell_data_filtered.wrench.force.z,298.0533038936479
3.193552597,1785795214.507078035,/loadcell_data_filtered.wrench.force.z,294.9522020417005
3.193826363,1785795214.507351801,/loadcell_data_filtered.wrench.force.z,291.17562056755264
3.195561518,1785795214.509086956,/loadcell_data_filtered.wrench.force.z,289.0064099215187
3.19557396,1785795214.509099398,/loadcell_data_filtered.wrench.force.z,285.2068624689501
3.195617372,1785795214.509142810,/loadcell_data_filtered.wrench.force.z,277.74311478821465
3.196089102,1785795214.509614540,/loadcell_data_filtered.wrench.force.z,278.817342114263
3.196625368,1785795214.510150806,/loadcell_data_filtered.wrench.force.z,280.0360554986032
3.197181335,1785795214.510706773,/loadcell_data_filtered.wrench.force.z,280.91904541276995
3.197711735,1785795214.511237173,/loadcell_data_filtered.wrench.force.z,280.8273005511169
3.198378364,1785795214.511903802,/loadcell_data_filtered.wrench.force.z,274.8218911884238
3.198576715,1785795214.512102153,/loadcell_data_filtered.wrench.force.z,273.9569931562124
3.198979371,1785795214.512504809,/loadcell_data_filtered.wrench.force.z,273.76407211516903
3.199327452,1785795214.512852890,/loadcell_data_filtered.wrench.force.z,274.13795202974075
3.199785277,1785795214.513310715,/loadcell_data_filtered.wrench.force.z,274.2471086841973
3.200171588,1785795214.513697026,/loadcell_data_filtered.wrench.force.z,274.3566418352019
3.200555814,1785795214.514081252,/loadcell_data_filtered.wrench.force.z,281.0551877937805
3.202477548,1785795214.516002986,/loadcell_data_filtered.wrench.force.z,285.6760603643263
3.202557236,1785795214.516082674,/loadcell_data_filtered.wrench.force.z,291.17162446685467
3.202583355,1785795214.516108793,/loadcell_data_filtered.wrench.force.z,295.86028828030317
3.202608714,1785795214.516134152,/loadcell_data_filtered.wrench.force.z,298.91373815102224
3.202617643,1785795214.516143081,/loadcell_data_filtered.wrench.force.z,300.22649598004483
3.202847839,1785795214.516373277,/loadcell_data_filtered.wrench.force.z,301.57924654832385
3.203204774,1785795214.516730212,/loadcell_data_filtered.wrench.force.z,301.6900531537995
3.203532977,1785795214.517058415,/loadcell_data_filtered.wrench.force.z,301.87580117068904
3.203854164,1785795214.517379602,/loadcell_data_filtered.wrench.force.z,302.3782186784579
3.204153666,1785795214.517679104,/loadcell_data_filtered.wrench.force.z,303.1370397038479
3.204427405,1785795214.517952843,/loadcell_data_filtered.wrench.force.z,303.92930076355054
3.204754515,1785795214.518279953,/loadcell_data_filtered.wrench.force.z,303.84444550839885
3.205043935,1785795214.518569373,/loadcell_data_filtered.wrench.force.z,302.9883523379676
3.205333657,1785795214.518859095,/loadcell_data_filtered.wrench.force.z,302.70812085142836
3.205648653,1785795214.519174091,/loadcell_data_filtered.wrench.force.z,301.85556491201265
3.205926583,1785795214.519452021,/loadcell_data_filtered.wrench.force.z,301.40821642800574
3.206186681,1785795214.519712119,/loadcell_data_filtered.wrench.force.z,295.2057751150096
3.206436327,1785795214.519961765,/loadcell_data_filtered.wrench.force.z,290.82753236725654
3.206696049,1785795214.520221487,/loadcell_data_filtered.wrench.force.z,286.63499819059746
3.207079256,1785795214.520604694,/loadcell_data_filtered.wrench.force.z,283.3289702710712
3.207446931,1785795214.520972369,/loadcell_data_filtered.wrench.force.z,279.8159531163667
3.207952716,1785795214.521478154,/loadcell_data_filtered.wrench.force.z,278.0481455156611
3.209062973,1785795214.522588411,/loadcell_data_filtered.wrench.force.z,276.4866963854404
3.209823785,1785795214.523349223,/loadcell_data_filtered.wrench.force.z,276.2359876562103
3.210126748,1785795214.523652186,/loadcell_data_filtered.wrench.force.z,277.2638933791045
3.21071102,1785795214.524236458,/loadcell_data_filtered.wrench.force.z,278.0099088489402
3.211158965,1785795214.524684403,/loadcell_data_filtered.wrench.force.z,278.1134400030922
3.211996143,1785795214.525521581,/loadcell_data_filtered.wrench.force.z,277.3567560243758
3.212466767,1785795214.525992205,/loadcell_data_filtered.wrench.force.z,277.48944979322715
3.212817089,1785795214.526342527,/loadcell_data_filtered.wrench.force.z,277.44173767264823
3.213106269,1785795214.526631707,/loadcell_data_filtered.wrench.force.z,277.08339462628817
3.213381535,1785795214.526906973,/loadcell_data_filtered.wrench.force.z,277.1816477077089
3.213722254,1785795214.527247692,/loadcell_data_filtered.wrench.force.z,277.35760597786333
3.214040523,1785795214.527565961,/loadcell_data_filtered.wrench.force.z,284.01652540398186
3.214344588,1785795214.527870026,/loadcell_data_filtered.wrench.force.z,288.7129383697268
3.214668963,1785795214.528194401,/loadcell_data_filtered.wrench.force.z,292.53253212949056
3.215037033,1785795214.528562471,/loadcell_data_filtered.wrench.force.z,295.1456262416241
3.215370208,1785795214.528895646,/loadcell_data_filtered.wrench.force.z,298.2362157381647
3.215807229,1785795214.529332667,/loadcell_data_filtered.wrench.force.z,299.6429355166169
3.216208039,1785795214.529733477,/loadcell_data_filtered.wrench.force.z,299.8711875980023
3.217151443,1785795214.530676881,/loadcell_data_filtered.wrench.force.z,299.8528703969683
3.217538841,1785795214.531064279,/loadcell_data_filtered.wrench.force.z,299.85409138013
3.218046034,1785795214.531571472,/loadcell_data_filtered.wrench.force.z,299.83568604661696
3.218300929,1785795214.531826367,/loadcell_data_filtered.wrench.force.z,299.50205670727877
3.218857959,1785795214.532383397,/loadcell_data_filtered.wrench.force.z,299.3286390493327
3.21917971,1785795214.532705148,/loadcell_data_filtered.wrench.force.z,299.40130852470924
3.219416101,1785795214.532941539,/loadcell_data_filtered.wrench.force.z,299.5591354413083
3.219692948,1785795214.533218386,/loadcell_data_filtered.wrench.force.z,299.19947602902147
3.220387488,1785795214.533912926,/loadcell_data_filtered.wrench.force.z,298.67733072634945
3.220605839,1785795214.534131277,/loadcell_data_filtered.wrench.force.z,294.8031439530027
3.221087794,1785795214.534613232,/loadcell_data_filtered.wrench.force.z,291.03590203253015
3.221616124,1785795214.535141562,/loadcell_data_filtered.wrench.force.z,286.4712772987658
3.221985822,1785795214.535511260,/loadcell_data_filtered.wrench.force.z,282.8421158194724
3.222873675,1785795214.536399113,/loadcell_data_filtered.wrench.force.z,280.3166803661897
3.223155999,1785795214.536681437,/loadcell_data_filtered.wrench.force.z,277.93662938541553
3.223437976,1785795214.536963414,/loadcell_data_filtered.wrench.force.z,277.30826048471226
3.224151447,1785795214.537676885,/loadcell_data_filtered.wrench.force.z,276.40924694073243
3.224475842,1785795214.538001280,/loadcell_data_filtered.wrench.force.z,276.65483159288686
3.2254398650000002,1785795214.538965303,/loadcell_data_filtered.wrench.force.z,277.41162718348073
3.225649951,1785795214.539175389,/loadcell_data_filtered.wrench.force.z,278.06164280865755
3.22611062,1785795214.539636058,/loadcell_data_filtered.wrench.force.z,278.2928936186876
3.226464743,1785795214.539990181,/loadcell_data_filtered.wrench.force.z,278.4025633748417
3.227261425,1785795214.540786863,/loadcell_data_filtered.wrench.force.z,278.9728377328238
3.227788403,1785795214.541313841,/loadcell_data_filtered.wrench.force.z,279.4174305374218
3.228850885,1785795214.542376323,/loadcell_data_filtered.wrench.force.z,280.1668035560323
3.229044818,1785795214.542570256,/loadcell_data_filtered.wrench.force.z,280.4200661133271
3.2296397580000002,1785795214.543165196,/loadcell_data_filtered.wrench.force.z,286.70513438313174
3.229835092,1785795214.543360530,/loadcell_data_filtered.wrench.force.z,291.08149169810656
3.233821201,1785795214.547346639,/loadcell_data_filtered.wrench.force.z,296.614511225859
3.234352037,1785795214.547877475,/loadcell_data_filtered.wrench.force.z,300.22632967504404
3.234730602,1785795214.548256040,/loadcell_data_filtered.wrench.force.z,301.19876218646294
3.236046705,1785795214.549572143,/loadcell_data_filtered.wrench.force.z,298.1654133488545
3.23624988,1785795214.549775318,/loadcell_data_filtered.wrench.force.z,301.0268589977984
3.236391438,1785795214.549916876,/loadcell_data_filtered.wrench.force.z,302.3542245380346
3.236528424,1785795214.550053862,/loadcell_data_filtered.wrench.force.z,303.6781312569054
3.23665738,1785795214.550182818,/loadcell_data_filtered.wrench.force.z,305.54056965283627
3.236797664,1785795214.550323102,/loadcell_data_filtered.wrench.force.z,306.31884624344616
3.236943374,1785795214.550468812,/loadcell_data_filtered.wrench.force.z,306.7227060481593
3.237088208,1785795214.550613646,/loadcell_data_filtered.wrench.force.z,305.1334098184238
3.237231624,1785795214.550757062,/loadcell_data_filtered.wrench.force.z,301.81767183172917
3.237376866,1785795214.550902304,/loadcell_data_filtered.wrench.force.z,303.18941154377995
3.237533684,1785795214.551059122,/loadcell_data_filtered.wrench.force.z,302.5525415819533
3.237667636,1785795214.551193074,/loadcell_data_filtered.wrench.force.z,302.7605462951006
3.239205793,1785795214.552731231,/loadcell_data_filtered.wrench.force.z,297.70825960318473
3.239345155,1785795214.552870593,/loadcell_data_filtered.wrench.force.z,294.8129122383567
3.239469786,1785795214.552995224,/loadcell_data_filtered.wrench.force.z,292.27699139182
3.239585707,1785795214.553111145,/loadcell_data_filtered.wrench.force.z,282.4852851387815
3.239703506,1785795214.553228944,/loadcell_data_filtered.wrench.force.z,280.9948892717783
3.242292638,1785795214.555818076,/loadcell_data_filtered.wrench.force.z,279.7067784698409
3.242741091,1785795214.556266529,/loadcell_data_filtered.wrench.force.z,279.825372293081
3.243079504,1785795214.556604942,/loadcell_data_filtered.wrench.force.z,280.7374841473805
3.243314216,1785795214.556839654,/loadcell_data_filtered.wrench.force.z,274.54826122485173
3.24428059,1785795214.557806028,/loadcell_data_filtered.wrench.force.z,276.2843212053066
