elapsed time,timestamp,topic,value
0.000089064,1785795366.122099533,/loadcell_data_filtered.wrench.force.z,6646.7535379599285
0.000245436,1785795366.122255905,/loadcell_data_filtered.wrench.force.z,6645.97727763594
0.00041878600000000004,1785795366.122429255,/loadcell_data_filtered.wrench.force.z,6646.3373260685585
0.000796093,1785795366.122806562,/loadcell_data_filtered.wrench.force.z,6646.2636801180015
0.001218546,1785795366.123229015,/loadcell_data_filtered.wrench.force.z,6640.776318515351
0.0018022460000000002,1785795366.123812715,/loadcell_data_filtered.wrench.force.z,6637.274033149786
0.0025683810000000002,1785795366.124578850,/loadcell_data_filtered.wrench.force.z,6634.05871905532
0.002859251,1785795366.124869720,/loadcell_data_filtered.wrench.force.z,6631.4093294780205
0.003262811,1785795366.125273280,/loadcell_data_filtered.wrench.force.z,6628.567505322903
0.003828034,1785795366.125838503,/loadcell_data_filtered.wrench.force.z,6627.388729771062
0.004177503,1785795366.126187972,/loadcell_data_filtered.wrench.force.z,6626.80921389729
0.004956937000000001,1785795366.126967406,/loadcell_data_filtered.wrench.force.z,6626.975352583758
0.007425274000000001,1785795366.129435743,/loadcell_data_filtered.wrench.force.z,6627.372338424847
0.007873133000000001,1785795366.129883602,/loadcell_data_filtered.wrench.force.z,6627.515306749052
0.008050777,1785795366.130061246,/loadcell_data_filtered.wrench.force.z,6628.630595935405
0.008189502000000001,1785795366.130199971,/loadcell_data_filtered.wrench.force.z,6629.262634770236
0.008324617000000001,1785795366.130335086,/loadcell_data_filtered.wrench.force.z,6629.673799818243
0.008457131,1785795366.130467600,/loadcell_data_filtered.wrench.force.z,6629.983723213876
0.008589904,1785795366.130600373,/loadcell_data_filtered.wrench.force.z,6629.741640784236
0.008732598000000001,1785795366.130743067,/loadcell_data_filtered.wrench.force.z,6628.6928790513475
0.009577786000000001,1785795366.131588255,/loadcell_data_filtered.wrench.force.z,6630.307162502138
0.012633468,1785795366.134643937,/loadcell_data_filtered.wrench.force.z,6635.739491228709
0.013214913,1785795366.135225382,/loadcell_data_filtered.wrench.force.z,6641.193456276367
0.013613209000000001,1785795366.135623678,/loadcell_data_filtered.wrench.force.z,6644.802759686082
0.013759421,1785795366.135769890,/loadcell_data_filtered.wrench.force.z,6648.917371222815
0.013891428,1785795366.135901897,/loadcell_data_filtered.wrench.force.z,6652.606901316692
0.014046442000000001,1785795366.136056911,/loadcell_data_filtered.wrench.force.z,6654.820221956944
0.014163486000000001,1785795366.136173955,/loadcell_data_filtered.wrench.force.z,6656.107124577486
0.014398688000000001,1785795366.136409157,/loadcell_data_filtered.wrench.force.z,6656.648123818227
0.014650660000000001,1785795366.136661129,/loadcell_data_filtered.wrench.force.z,6655.857439429764
0.014893422000000002,1785795366.136903891,/loadcell_data_filtered.wrench.force.z,6657.093427835223
0.015138576,1785795366.137149045,/loadcell_data_filtered.wrench.force.z,6657.598599875406
0.01537902,1785795366.137389489,/loadcell_data_filtered.wrench.force.z,6657.779690134836
0.015792589000000003,1785795366.137803058,/loadcell_data_filtered.wrench.force.z,6658.331587217814
0.017080276000000002,1785795366.139090745,/loadcell_data_filtered.wrench.force.z,6658.399787136721
0.017748379,1785795366.139758848,/loadcell_data_filtered.wrench.force.z,6658.679331266047
0.018436613,1785795366.140447082,/loadcell_data_filtered.wrench.force.z,6658.96216513517
0.018746208,1785795366.140756677,/loadcell_data_filtered.wrench.force.z,6654.467814891297
0.019076146000000002,1785795366.141086615,/loadcell_data_filtered.wrench.force.z,6652.487660331296
0.019478912,1785795366.141489381,/loadcell_data_filtered.wrench.force.z,6649.550701796528
0.019859987000000003,1785795366.141870456,/loadcell_data_filtered.wrench.force.z,6645.695944219771
0.020211749,1785795366.142222218,/loadcell_data_filtered.wrench.force.z,6643.322176070549
0.020484766,1785795366.142495235,/loadcell_data_filtered.wrench.force.z,6641.209005884853
0.022547175000000003,1785795366.144557644,/loadcell_data_filtered.wrench.force.z,6639.85623829392
0.026092667,1785795366.148103136,/loadcell_data_filtered.wrench.force.z,6639.745126850894
0.026355753000000003,1785795366.148366222,/loadcell_data_filtered.wrench.force.z,6640.46854845212
0.026598989,1785795366.148609458,/loadcell_data_filtered.wrench.force.z,6641.304785167667
0.026822385,1785795366.148832854,/loadcell_data_filtered.wrench.force.z,6641.7988390658265
0.027083087000000002,1785795366.149093556,/loadcell_data_filtered.wrench.force.z,6641.406064512566
0.027263117000000003,1785795366.149273586,/loadcell_data_filtered.wrench.force.z,6642.029402591772
0.027384064000000003,1785795366.149394533,/loadcell_data_filtered.wrench.force.z,6642.2069038749105
0.027527393,1785795366.149537862,/loadcell_data_filtered.wrench.force.z,6642.243308752341
0.027639338000000003,1785795366.149649807,/loadcell_data_filtered.wrench.force.z,6642.053770272327
0.027756734,1785795366.149767203,/loadcell_data_filtered.wrench.force.z,6641.457544014232
0.027881723,1785795366.149892192,/loadcell_data_filtered.wrench.force.z,6645.522625703582
0.028012341000000003,1785795366.150022810,/loadcell_data_filtered.wrench.force.z,6647.192296271462
0.028135051,1785795366.150145520,/loadcell_data_filtered.wrench.force.z,6650.17605260524
0.02829103,1785795366.150301499,/loadcell_data_filtered.wrench.force.z,6652.557797583717
0.028484225000000002,1785795366.150494694,/loadcell_data_filtered.wrench.force.z,6654.686785514465
0.028784665,1785795366.150795134,/loadcell_data_filtered.wrench.force.z,6655.228190132478
0.029064747000000002,1785795366.151075216,/loadcell_data_filtered.wrench.force.z,6655.587286807519
0.030075721000000003,1785795366.152086190,/loadcell_data_filtered.wrench.force.z,6654.732745430303
0.03074218,1785795366.152752649,/loadcell_data_filtered.wrench.force.z,6654.094400162148
0.031303965,1785795366.153314434,/loadcell_data_filtered.wrench.force.z,6653.568279098559
0.031738140000000005,1785795366.153748609,/loadcell_data_filtered.wrench.force.z,6652.4592431328165
0.032168762000000004,1785795366.154179231,/loadcell_data_filtered.wrench.force.z,6651.315554346259
0.032623772,1785795366.154634241,/loadcell_data_filtered.wrench.force.z,6650.370054245229
0.033259910000000004,1785795366.155270379,/loadcell_data_filtered.wrench.force.z,6649.289813808627
0.03390635,1785795366.155916819,/loadcell_data_filtered.wrench.force.z,6648.311546918179
0.034267266000000005,1785795366.156277735,/loadcell_data_filtered.wrench.force.z,6647.320488510302
0.034664794,1785795366.156675263,/loadcell_data_filtered.wrench.force.z,6646.471947839824
0.035058410000000005,1785795366.157068879,/loadcell_data_filtered.wrench.force.z,6639.890681835094
0.035423221000000005,1785795366.157433690,/loadcell_data_filtered.wrench.force.z,6635.198589971354
0.03577844,1785795366.157788909,/loadcell_data_filtered.wrench.force.z,6631.066165315159
0.036100916000000004,1785795366.158111385,/loadcell_data_filtered.wrench.force.z,6627.466296702189
0.037054868000000005,1785795366.159065337,/loadcell_data_filtered.wrench.force.z,6623.626943408112
0.037401985000000006,1785795366.159412454,/loadcell_data_filtered.wrench.force.z,6621.555312661969
0.039904557,1785795366.161915026,/loadcell_data_filtered.wrench.force.z,6620.941503513044
0.040226373,1785795366.162236842,/loadcell_data_filtered.wrench.force.z,6620.14112941801
0.040418111,1785795366.162428580,/loadcell_data_filtered.wrench.force.z,6620.851694073838
0.040630937000000006,1785795366.162641406,/loadcell_data_filtered.wrench.force.z,6621.353588759366
0.040894531000000005,1785795366.162905000,/loadcell_data_filtered.wrench.force.z,6621.663132353044
0.041194811000000005,1785795366.163205280,/loadcell_data_filtered.wrench.force.z,6622.111798006743
0.041463359000000005,1785795366.163473828,/loadcell_data_filtered.wrench.force.z,6622.095062432504
0.041746412000000004,1785795366.163756881,/loadcell_data_filtered.wrench.force.z,6621.285642763434
0.042013821,1785795366.164024290,/loadcell_data_filtered.wrench.force.z,6621.223728803967
0.042344374000000004,1785795366.164354843,/loadcell_data_filtered.wrench.force.z,6620.929562996932
0.042571557,1785795366.164582026,/loadcell_data_filtered.wrench.force.z,6623.756256710642
0.044959557000000004,1785795366.166970026,/loadcell_data_filtered.wrench.force.z,6628.953182140758
0.046474653000000005,1785795366.168485122,/loadcell_data_filtered.wrench.force.z,6633.82346272798
0.04687504,1785795366.168885509,/loadcell_data_filtered.wrench.force.z,6638.602382012681
0.047230563,1785795366.169241032,/loadcell_data_filtered.wrench.force.z,6642.506214542394
0.047623726000000005,1785795366.169634195,/loadcell_data_filtered.wrench.force.z,6646.431516043467
0.0480545,1785795366.170064969,/loadcell_data_filtered.wrench.force.z,6648.199000610092
0.048400787,1785795366.170411256,/loadcell_data_filtered.wrench.force.z,6649.661067872291
0.048736966,1785795366.170747435,/loadcell_data_filtered.wrench.force.z,6651.031812886166
0.049122409000000006,1785795366.171132878,/loadcell_data_filtered.wrench.force.z,6651.465098755658
0.049403861,1785795366.171414330,/loadcell_data_filtered.wrench.force.z,6651.404455671193
0.049646655000000005,1785795366.171657124,/loadcell_data_filtered.wrench.force.z,6651.962007690446
0.049923834,1785795366.171934303,/loadcell_data_filtered.wrench.force.z,6652.87522080836
0.050257651,1785795366.172268120,/loadcell_data_filtered.wrench.force.z,6653.948421201634
0.050630129,1785795366.172640598,/loadcell_data_filtered.wrench.force.z,6654.202987819604
0.050991852000000004,1785795366.173002321,/loadcell_data_filtered.wrench.force.z,6654.791688642516
0.051326019,1785795366.173336488,/loadcell_data_filtered.wrench.force.z,6655.456374015672
0.051614329,1785795366.173624798,/loadcell_data_filtered.wrench.force.z,6650.958438111302
0.051887465,1785795366.173897934,/loadcell_data_filtered.wrench.force.z,6647.976699656509
0.052184916000000005,1785795366.174195385,/loadcell_data_filtered.wrench.force.z,6644.284242536171
0.052658281,1785795366.174668750,/loadcell_data_filtered.wrench.force.z,6641.50721163542
0.053059941000000006,1785795366.175070410,/loadcell_data_filtered.wrench.force.z,6639.025855161417
0.054010739,1785795366.176021208,/loadcell_data_filtered.wrench.force.z,6637.398207450224
0.055448257,1785795366.177458726,/loadcell_data_filtered.wrench.force.z,6636.200042660061
0.056421914000000004,1785795366.178432383,/loadcell_data_filtered.wrench.force.z,6636.311830298106
0.056445845,1785795366.178456314,/loadcell_data_filtered.wrench.force.z,6636.588801584216
0.056862468000000006,1785795366.178872937,/loadcell_data_filtered.wrench.force.z,6637.236118149939
0.057414167,1785795366.179424636,/loadcell_data_filtered.wrench.force.z,6637.617816944548
0.057875927,1785795366.179886396,/loadcell_data_filtered.wrench.force.z,6637.976524865878
0.058285408000000004,1785795366.180295877,/loadcell_data_filtered.wrench.force.z,6637.9971367873195
0.058626143000000006,1785795366.180636612,/loadcell_data_filtered.wrench.force.z,6637.848871763152
0.058990473,1785795366.181000942,/loadcell_data_filtered.wrench.force.z,6637.767000407359
0.059347898,1785795366.181358367,/loadcell_data_filtered.wrench.force.z,6637.894478626842
0.05957578,1785795366.181586249,/loadcell_data_filtered.wrench.force.z,6638.076538944917
0.05978576100000001,1785795366.181796230,/loadcell_data_filtered.wrench.force.z,6644.113277604533
0.060082248000000005,1785795366.182092717,/loadcell_data_filtered.wrench.force.z,6648.179073193322
0.060534327000000006,1785795366.182544796,/loadcell_data_filtered.wrench.force.z,6651.990978726941
0.061275657000000004,1785795366.183286126,/loadcell_data_filtered.wrench.force.z,6655.164561933144
0.061526269,1785795366.183536738,/loadcell_data_filtered.wrench.force.z,6657.961342656742
0.062023418000000004,1785795366.184033887,/loadcell_data_filtered.wrench.force.z,6659.392282138116
0.062698563,1785795366.184709032,/loadcell_data_filtered.wrench.force.z,6660.461130843468
0.062948759,1785795366.184959228,/loadcell_data_filtered.wrench.force.z,6660.827735609399
0.063547687,1785795366.185558156,/loadcell_data_filtered.wrench.force.z,6660.966389759423
0.064479504,1785795366.186489973,/loadcell_data_filtered.wrench.force.z,6661.23651393291
0.06540385700000001,1785795366.187414326,/loadcell_data_filtered.wrench.force.z,6661.451285537012
0.06584298200000001,1785795366.187853451,/loadcell_data_filtered.wrench.force.z,6661.720326879207
0.068038605,1785795366.190049074,/loadcell_data_filtered.wrench.force.z,6661.703335177212
0.068045706,1785795366.190056175,/loadcell_data_filtered.wrench.force.z,6661.389589175867
0.068242497,1785795366.190252966,/loadcell_data_filtered.wrench.force.z,6661.281495230495
0.068673225,1785795366.190683694,/loadcell_data_filtered.wrench.force.z,6661.6531096055605
0.069092179,1785795366.191102648,/loadcell_data_filtered.wrench.force.z,6661.595710883177
0.06948297,1785795366.191493439,/loadcell_data_filtered.wrench.force.z,6656.101944804225
0.069794571,1785795366.191805040,/loadcell_data_filtered.wrench.force.z,6650.274857752148
0.070188005,1785795366.192198474,/loadcell_data_filtered.wrench.force.z,6646.377487178313
0.070476759,1785795366.192487228,/loadcell_data_filtered.wrench.force.z,6642.95638740534
0.07076934800000001,1785795366.192779817,/loadcell_data_filtered.wrench.force.z,6639.271224251272
0.071019628,1785795366.193030097,/loadcell_data_filtered.wrench.force.z,6637.079227780555
0.07128630100000001,1785795366.193296770,/loadcell_data_filtered.wrench.force.z,6636.076750592088
0.071590552,1785795366.193601021,/loadcell_data_filtered.wrench.force.z,6635.8079339293245
0.07229867200000001,1785795366.194309141,/loadcell_data_filtered.wrench.force.z,6635.360750417216
0.07311721,1785795366.195127679,/loadcell_data_filtered.wrench.force.z,6634.7715232909095
0.073547495,1785795366.195557964,/loadcell_data_filtered.wrench.force.z,6634.403351437977
0.075121929,1785795366.197132398,/loadcell_data_filtered.wrench.force.z,6633.790552007579
0.075441493,1785795366.197451962,/loadcell_data_filtered.wrench.force.z,6633.563037394498
0.075639673,1785795366.197650142,/loadcell_data_filtered.wrench.force.z,6633.219363028277
0.075847258,1785795366.197857727,/loadcell_data_filtered.wrench.force.z,6633.5489327248515
0.07604954600000001,1785795366.198060015,/loadcell_data_filtered.wrench.force.z,6633.698132883376
0.076253475,1785795366.198263944,/loadcell_data_filtered.wrench.force.z,6636.782426601768
0.076464609,1785795366.198475078,/loadcell_data_filtered.wrench.force.z,6639.79835388788
0.07684358300000001,1785795366.198854052,/loadcell_data_filtered.wrench.force.z,6643.655792134231
0.077392125,1785795366.199402594,/loadcell_data_filtered.wrench.force.z,6647.136725761709
0.07821828800000001,1785795366.200228757,/loadcell_data_filtered.wrench.force.z,6649.781477817497
0.078578375,1785795366.200588844,/loadcell_data_filtered.wrench.force.z,6652.004596999955
0.07956982500000001,1785795366.201580294,/loadcell_data_filtered.wrench.force.z,6653.061960518585
0.08014550000000001,1785795366.202155969,/loadcell_data_filtered.wrench.force.z,6652.9485790121935
0.080565251,1785795366.202575720,/loadcell_data_filtered.wrench.force.z,6653.072802892383
0.080889952,1785795366.202900421,/loadcell_data_filtered.wrench.force.z,6652.634490997371
0.08114555000000001,1785795366.203156019,/loadcell_data_filtered.wrench.force.z,6652.6570337937
0.081477254,1785795366.203487723,/loadcell_data_filtered.wrench.force.z,6652.57730245884
0.08181004700000001,1785795366.203820516,/loadcell_data_filtered.wrench.force.z,6652.596305390739
0.082558614,1785795366.204569083,/loadcell_data_filtered.wrench.force.z,6652.461958060284
0.08363484800000001,1785795366.205645317,/loadcell_data_filtered.wrench.force.z,6652.200160550682
0.084214154,1785795366.206224623,/loadcell_data_filtered.wrench.force.z,6652.073885185575
0.08864538500000001,1785795366.210655854,/loadcell_data_filtered.wrench.force.z,6651.739906551766
0.08898997800000001,1785795366.211000447,/loadcell_data_filtered.wrench.force.z,6646.510912720204
0.08916025000000001,1785795366.211170719,/loadcell_data_filtered.wrench.force.z,6643.331384484803
0.08942151500000001,1785795366.211431984,/loadcell_data_filtered.wrench.force.z,6639.432427894117
0.089694784,1785795366.211705253,/loadcell_data_filtered.wrench.force.z,6636.401793598932
0.08994798400000001,1785795366.211958453,/loadcell_data_filtered.wrench.force.z,6633.796451930564
0.09021269200000001,1785795366.212223161,/loadcell_data_filtered.wrench.force.z,6632.5854582530455
0.09046338100000001,1785795366.212473850,/loadcell_data_filtered.wrench.force.z,6631.442809377207
0.090688868,1785795366.212699337,/loadcell_data_filtered.wrench.force.z,6631.738484486835
0.09095797700000001,1785795366.212968446,/loadcell_data_filtered.wrench.force.z,6632.408954900962
0.09119523900000001,1785795366.213205708,/loadcell_data_filtered.wrench.force.z,6632.998179476136
0.09142742200000001,1785795366.213437891,/loadcell_data_filtered.wrench.force.z,6631.86991802324
0.091656547,1785795366.213667016,/loadcell_data_filtered.wrench.force.z,6630.521519980887
0.091888178,1785795366.213898647,/loadcell_data_filtered.wrench.force.z,6630.111957914139
0.092130692,1785795366.214141161,/loadcell_data_filtered.wrench.force.z,6630.2323491377665
0.09236405900000001,1785795366.214374528,/loadcell_data_filtered.wrench.force.z,6630.843843474048
0.092600392,1785795366.214610861,/loadcell_data_filtered.wrench.force.z,6630.681762111396
0.09283627800000001,1785795366.214846747,/loadcell_data_filtered.wrench.force.z,6630.5020576506
0.093074657,1785795366.215085126,/loadcell_data_filtered.wrench.force.z,6636.426630798754
0.09425800100000001,1785795366.216268470,/loadcell_data_filtered.wrench.force.z,6640.715607396839
0.09465694300000001,1785795366.216667412,/loadcell_data_filtered.wrench.force.z,6644.806645920104
0.094755744,1785795366.216766213,/loadcell_data_filtered.wrench.force.z,6648.904294632397
0.09487055200000001,1785795366.216881021,/loadcell_data_filtered.wrench.force.z,6652.942903854638
0.09552701300000001,1785795366.217537482,/loadcell_data_filtered.wrench.force.z,6653.974191793682
0.095943911,1785795366.217954380,/loadcell_data_filtered.wrench.force.z,6655.214415744586
0.096295169,1785795366.218305638,/loadcell_data_filtered.wrench.force.z,6655.811708646707
0.096990251,1785795366.219000720,/loadcell_data_filtered.wrench.force.z,6656.473298205756
0.09743004200000001,1785795366.219440511,/loadcell_data_filtered.wrench.force.z,6657.52297701142
0.097950489,1785795366.219960958,/loadcell_data_filtered.wrench.force.z,6658.104889760224
0.09842426300000001,1785795366.220434732,/loadcell_data_filtered.wrench.force.z,6658.663793562652
0.098866014,1785795366.220876483,/loadcell_data_filtered.wrench.force.z,6659.549003011248
0.099392482,1785795366.221402951,/loadcell_data_filtered.wrench.force.z,6660.203035854202
0.09972836600000001,1785795366.221738835,/loadcell_data_filtered.wrench.force.z,6660.7542306215055
0.100641425,1785795366.222651894,/loadcell_data_filtered.wrench.force.z,6661.286070883698
0.10088453600000001,1785795366.222895005,/loadcell_data_filtered.wrench.force.z,6661.314837361029
0.101599537,1785795366.223610006,/loadcell_data_filtered.wrench.force.z,6655.936575922451
0.102150981,1785795366.224161450,/loadcell_data_filtered.wrench.force.z,6651.775790130195
0.102630567,1785795366.224641036,/loadcell_data_filtered.wrench.force.z,6649.081046174538
0.10302649200000001,1785795366.225036961,/loadcell_data_filtered.wrench.force.z,6646.286209439507
0.103398739,1785795366.225409208,/loadcell_data_filtered.wrench.force.z,6643.424083945022
0.103785344,1785795366.225795813,/loadcell_data_filtered.wrench.force.z,6642.217725578208
0.10429297100000001,1785795366.226303440,/loadcell_data_filtered.wrench.force.z,6642.078563266724
0.10493893100000001,1785795366.226949400,/loadcell_data_filtered.wrench.force.z,6642.488455959078
0.105400186,1785795366.227410655,/loadcell_data_filtered.wrench.force.z,6643.540448356493
0.105717269,1785795366.227727738,/loadcell_data_filtered.wrench.force.z,6643.846043071344
0.106764407,1785795366.228774876,/loadcell_data_filtered.wrench.force.z,6644.150800101011
0.10734167500000001,1785795366.229352144,/loadcell_data_filtered.wrench.force.z,6644.059254111758
0.107784341,1785795366.229794810,/loadcell_data_filtered.wrench.force.z,6644.2075055861405
0.10830368700000001,1785795366.230314156,/loadcell_data_filtered.wrench.force.z,6644.4462432011715
0.11005977,1785795366.232070239,/loadcell_data_filtered.wrench.force.z,6644.4702419454115
0.11024779300000001,1785795366.232258262,/loadcell_data_filtered.wrench.force.z,6644.8864680068355
0.110392531,1785795366.232403000,/loadcell_data_filtered.wrench.force.z,6650.254731944992
0.110507595,1785795366.232518064,/loadcell_data_filtered.wrench.force.z,6654.74838816431
0.11063106900000001,1785795366.232641538,/loadcell_data_filtered.wrench.force.z,6659.985146378288
0.11079233100000001,1785795366.232802800,/loadcell_data_filtered.wrench.force.z,6663.806813722839
0.111455232,1785795366.233465701,/loadcell_data_filtered.wrench.force.z,6665.852985410365
0.11428392300000001,1785795366.236294392,/loadcell_data_filtered.wrench.force.z,6668.744231756406
0.115073086,1785795366.237083555,/loadcell_data_filtered.wrench.force.z,6670.574118843243
0.115617443,1785795366.237627912,/loadcell_data_filtered.wrench.force.z,6671.979137633212
0.11597641600000001,1785795366.237986885,/loadcell_data_filtered.wrench.force.z,6673.290542540428
0.116291088,1785795366.238301557,/loadcell_data_filtered.wrench.force.z,6674.46567646632
0.116510287,1785795366.238520756,/loadcell_data_filtered.wrench.force.z,6675.5944207292705
0.116749713,1785795366.238760182,/loadcell_data_filtered.wrench.force.z,6676.507034209451
0.11694764,1785795366.238958109,/loadcell_data_filtered.wrench.force.z,6676.540115198805
0.11715246400000001,1785795366.239162933,/loadcell_data_filtered.wrench.force.z,6675.913127344558
0.11733791,1785795366.239348379,/loadcell_data_filtered.wrench.force.z,6675.97889573388
0.117514612,1785795366.239525081,/loadcell_data_filtered.wrench.force.z,6676.277558498406
0.11776246300000001,1785795366.239772932,/loadcell_data_filtered.wrench.force.z,6676.194071201102
0.11800071300000001,1785795366.240011182,/loadcell_data_filtered.wrench.force.z,6670.915078992904
0.11854835700000001,1785795366.240558826,/loadcell_data_filtered.wrench.force.z,6667.9084456401215
0.118912979,1785795366.240923448,/loadcell_data_filtered.wrench.force.z,6663.780128313728
0.11990637300000001,1785795366.241916842,/loadcell_data_filtered.wrench.force.z,6660.39549478281
0.123603525,1785795366.245613994,/loadcell_data_filtered.wrench.force.z,6657.554016155687
0.12397137600000001,1785795366.245981845,/loadcell_data_filtered.wrench.force.z,6656.330943889323
0.12436298700000001,1785795366.246373456,/loadcell_data_filtered.wrench.force.z,6654.385338065775
0.12468045300000001,1785795366.246690922,/loadcell_data_filtered.wrench.force.z,6654.89703738892
0.12499164300000001,1785795366.247002112,/loadcell_data_filtered.wrench.force.z,6655.302670066008
0.125259632,1785795366.247270101,/loadcell_data_filtered.wrench.force.z,6655.740087548262
0.125418573,1785795366.247429042,/loadcell_data_filtered.wrench.force.z,6648.350182226715
0.125599972,1785795366.247610441,/loadcell_data_filtered.wrench.force.z,6647.9091268027605
0.12608597400000002,1785795366.248096443,/loadcell_data_filtered.wrench.force.z,6646.483357347144
0.126535708,1785795366.248546177,/loadcell_data_filtered.wrench.force.z,6645.944503712489
0.126723733,1785795366.248734202,/loadcell_data_filtered.wrench.force.z,6645.982610818999
0.126906464,1785795366.248916933,/loadcell_data_filtered.wrench.force.z,6645.8974558386535
0.12709441800000001,1785795366.249104887,/loadcell_data_filtered.wrench.force.z,6646.084095186222
0.127276166,1785795366.249286635,/loadcell_data_filtered.wrench.force.z,6651.959858907181
0.127484652,1785795366.249495121,/loadcell_data_filtered.wrench.force.z,6656.386783276779
0.127725635,1785795366.249736104,/loadcell_data_filtered.wrench.force.z,6658.839053272935
0.127972242,1785795366.249982711,/loadcell_data_filtered.wrench.force.z,6661.326147903774
0.12821645,1785795366.250226919,/loadcell_data_filtered.wrench.force.z,6663.743573982292
0.128703424,1785795366.250713893,/loadcell_data_filtered.wrench.force.z,6664.9251434868675
0.12921490000000002,1785795366.251225369,/loadcell_data_filtered.wrench.force.z,6665.663062429725
0.131706127,1785795366.253716596,/loadcell_data_filtered.wrench.force.z,6665.639005723358
0.131990944,1785795366.254001413,/loadcell_data_filtered.wrench.force.z,6665.593541893082
0.132218001,1785795366.254228470,/loadcell_data_filtered.wrench.force.z,6665.497348767918
0.13242788800000002,1785795366.254438357,/loadcell_data_filtered.wrench.force.z,6658.2464423693145
0.13263629700000001,1785795366.254646766,/loadcell_data_filtered.wrench.force.z,6658.670315380772
0.132828947,1785795366.254839416,/loadcell_data_filtered.wrench.force.z,6658.167239040579
0.13300436300000001,1785795366.255014832,/loadcell_data_filtered.wrench.force.z,6658.037450959592
0.133341083,1785795366.255351552,/loadcell_data_filtered.wrench.force.z,6657.846667190239
0.13383608,1785795366.255846549,/loadcell_data_filtered.wrench.force.z,6657.786283811504
0.134393769,1785795366.256404238,/loadcell_data_filtered.wrench.force.z,6655.776226180872
0.134602984,1785795366.256613453,/loadcell_data_filtered.wrench.force.z,6650.261151300119
0.13514378300000002,1785795366.257154252,/loadcell_data_filtered.wrench.force.z,6645.7729926674465
0.135888807,1785795366.257899276,/loadcell_data_filtered.wrench.force.z,6642.255722395859
0.136381355,1785795366.258391824,/loadcell_data_filtered.wrench.force.z,6639.243839758813
0.13680276700000002,1785795366.258813236,/loadcell_data_filtered.wrench.force.z,6636.401112664037
0.13738096400000002,1785795366.259391433,/loadcell_data_filtered.wrench.force.z,6634.478126136863
0.137774706,1785795366.259785175,/loadcell_data_filtered.wrench.force.z,6634.0165765785005
0.13830853,1785795366.260318999,/loadcell_data_filtered.wrench.force.z,6633.754258643446
0.141170706,1785795366.263181175,/loadcell_data_filtered.wrench.force.z,6633.785956232715
0.142364074,1785795366.264374543,/loadcell_data_filtered.wrench.force.z,6633.249324817551
0.14259459100000002,1785795366.264605060,/loadcell_data_filtered.wrench.force.z,6633.49533511577
0.14279038400000002,1785795366.264800853,/loadcell_data_filtered.wrench.force.z,6633.259686108188
0.142971494,1785795366.264981963,/loadcell_data_filtered.wrench.force.z,6632.56918871518
0.143146775,1785795366.265157244,/loadcell_data_filtered.wrench.force.z,6632.657427734582
0.14331607200000002,1785795366.265326541,/loadcell_data_filtered.wrench.force.z,6632.586085181402
0.143481452,1785795366.265491921,/loadcell_data_filtered.wrench.force.z,6632.768217046853
0.143644073,1785795366.265654542,/loadcell_data_filtered.wrench.force.z,6637.437773459403
0.143819139,1785795366.265829608,/loadcell_data_filtered.wrench.force.z,6639.236688586274
0.144069296,1785795366.266079765,/loadcell_data_filtered.wrench.force.z,6642.575306467917
0.144327342,1785795366.266337811,/loadcell_data_filtered.wrench.force.z,6645.74492616139
0.145487996,1785795366.267498465,/loadcell_data_filtered.wrench.force.z,6647.9005980757465
0.148919465,1785795366.270929934,/loadcell_data_filtered.wrench.force.z,6649.293592524003
0.149360561,1785795366.271371030,/loadcell_data_filtered.wrench.force.z,6650.6153301744225
0.14967032300000002,1785795366.271680792,/loadcell_data_filtered.wrench.force.z,6650.547607203426
0.14991941,1785795366.271929879,/loadcell_data_filtered.wrench.force.z,6650.978415280696
0.150214504,1785795366.272224973,/loadcell_data_filtered.wrench.force.z,6651.570920144794
0.15047449200000002,1785795366.272484961,/loadcell_data_filtered.wrench.force.z,6652.176751674143
0.150783254,1785795366.272793723,/loadcell_data_filtered.wrench.force.z,6652.723653735748
0.151149005,1785795366.273159474,/loadcell_data_filtered.wrench.force.z,6653.338086867701
0.15155521200000002,1785795366.273565681,/loadcell_data_filtered.wrench.force.z,6652.933252135353
0.151903017,1785795366.273913486,/loadcell_data_filtered.wrench.force.z,6651.872013326344
0.152294019,1785795366.274304488,/loadcell_data_filtered.wrench.force.z,6651.773111555208
0.152659667,1785795366.274670136,/loadcell_data_filtered.wrench.force.z,6652.143684601947
0.152948583,1785795366.274959052,/loadcell_data_filtered.wrench.force.z,6646.82109151316
0.15324498,1785795366.275255449,/loadcell_data_filtered.wrench.force.z,6643.583918574891
0.153530195,1785795366.275540664,/loadcell_data_filtered.wrench.force.z,6639.869489763192
0.153784572,1785795366.275795041,/loadcell_data_filtered.wrench.force.z,6636.638210912855
0.154035945,1785795366.276046414,/loadcell_data_filtered.wrench.force.z,6634.246917841387
0.154259268,1785795366.276269737,/loadcell_data_filtered.wrench.force.z,6633.097643390595
0.154501401,1785795366.276511870,/loadcell_data_filtered.wrench.force.z,6632.07019306039
0.15483654900000002,1785795366.276847018,/loadcell_data_filtered.wrench.force.z,6632.722266921402
0.155298338,1785795366.277308807,/loadcell_data_filtered.wrench.force.z,6633.654720786778
0.15855195700000002,1785795366.280562426,/loadcell_data_filtered.wrench.force.z,6634.137971232408
0.158896733,1785795366.280907202,/loadcell_data_filtered.wrench.force.z,6634.602383456094
0.15903312,1785795366.281043589,/loadcell_data_filtered.wrench.force.z,6635.470263201571
0.15926758400000002,1785795366.281278053,/loadcell_data_filtered.wrench.force.z,6636.556213192194
0.159540174,1785795366.281550643,/loadcell_data_filtered.wrench.force.z,6637.734051123001
0.159794992,1785795366.281805461,/loadcell_data_filtered.wrench.force.z,6639.010664801184
0.160064315,1785795366.282074784,/loadcell_data_filtered.wrench.force.z,6640.504992930839
0.16025023800000002,1785795366.282260707,/loadcell_data_filtered.wrench.force.z,6640.788199342479
0.160370172,1785795366.282380641,/loadcell_data_filtered.wrench.force.z,6646.65369290587
0.161700276,1785795366.283710745,/loadcell_data_filtered.wrench.force.z,6651.433402402281
0.16183808900000002,1785795366.283848558,/loadcell_data_filtered.wrench.force.z,6655.569410737146
0.16198164,1785795366.283992109,/loadcell_data_filtered.wrench.force.z,6659.023584118996
0.162105312,1785795366.284115781,/loadcell_data_filtered.wrench.force.z,6655.768318028871
0.162226384,1785795366.284236853,/loadcell_data_filtered.wrench.force.z,6658.504160370329
0.16276257200000002,1785795366.284773041,/loadcell_data_filtered.wrench.force.z,6659.089721166148
0.163521797,1785795366.285532266,/loadcell_data_filtered.wrench.force.z,6659.894023560042
0.163884934,1785795366.285895403,/loadcell_data_filtered.wrench.force.z,6660.89503940925
0.164311491,1785795366.286321960,/loadcell_data_filtered.wrench.force.z,6662.0744955722
0.16473826400000002,1785795366.286748733,/loadcell_data_filtered.wrench.force.z,6662.689244762452
0.16522683400000002,1785795366.287237303,/loadcell_data_filtered.wrench.force.z,6663.277702387768
0.165685611,1785795366.287696080,/loadcell_data_filtered.wrench.force.z,6663.9009155301555
0.166104935,1785795366.288115404,/loadcell_data_filtered.wrench.force.z,6664.533871918774
0.166580906,1785795366.288591375,/loadcell_data_filtered.wrench.force.z,6665.064807081784
0.167388018,1785795366.289398487,/loadcell_data_filtered.wrench.force.z,6665.453906967803
0.167863798,1785795366.289874267,/loadcell_data_filtered.wrench.force.z,6663.9685514795665
0.168239257,1785795366.290249726,/loadcell_data_filtered.wrench.force.z,6659.6863460074765
0.168649091,1785795366.290659560,/loadcell_data_filtered.wrench.force.z,6656.021035207164
0.169327789,1785795366.291338258,/loadcell_data_filtered.wrench.force.z,6652.967867059903
0.169835132,1785795366.291845601,/loadcell_data_filtered.wrench.force.z,6650.075327051064
0.17017072800000002,1785795366.292181197,/loadcell_data_filtered.wrench.force.z,6647.195364500956
0.170672338,1785795366.292682807,/loadcell_data_filtered.wrench.force.z,6645.923951575495
0.171138316,1785795366.293148785,/loadcell_data_filtered.wrench.force.z,6645.86507489043
0.17145048000000002,1785795366.293460949,/loadcell_data_filtered.wrench.force.z,6645.770410019644
0.172052287,1785795366.294062756,/loadcell_data_filtered.wrench.force.z,6645.9424305106
0.17243634900000002,1785795366.294446818,/loadcell_data_filtered.wrench.force.z,6646.106972973705
0.173024105,1785795366.295034574,/loadcell_data_filtered.wrench.force.z,6645.662560330069
0.17367104600000002,1785795366.295681515,/loadcell_data_filtered.wrench.force.z,6645.121696542191
0.174307294,1785795366.296317763,/loadcell_data_filtered.wrench.force.z,6644.275874798665
0.17474618900000002,1785795366.296756658,/loadcell_data_filtered.wrench.force.z,6643.359595853119
0.175185944,1785795366.297196413,/loadcell_data_filtered.wrench.force.z,6642.830298007792
0.17744573700000002,1785795366.299456206,/loadcell_data_filtered.wrench.force.z,6642.11477629781
0.177913974,1785795366.299924443,/loadcell_data_filtered.wrench.force.z,6646.286445175835
0.17835317,1785795366.300363639,/loadcell_data_filtered.wrench.force.z,6649.84905906207
0.178799055,1785795366.300809524,/loadcell_data_filtered.wrench.force.z,6654.258187633022
0.179226994,1785795366.301237463,/loadcell_data_filtered.wrench.force.z,6657.798558193336
0.179740014,1785795366.301750483,/loadcell_data_filtered.wrench.force.z,6659.665841840859
0.180202157,1785795366.302212626,/loadcell_data_filtered.wrench.force.z,6660.424514887428
0.18088774600000002,1785795366.302898215,/loadcell_data_filtered.wrench.force.z,6661.109643934031
0.181386926,1785795366.303397395,/loadcell_data_filtered.wrench.force.z,6660.713803951733
0.181842743,1785795366.303853212,/loadcell_data_filtered.wrench.force.z,6660.422973964097
0.182252497,1785795366.304262966,/loadcell_data_filtered.wrench.force.z,6660.366688130116
0.182743136,1785795366.304753605,/loadcell_data_filtered.wrench.force.z,6659.162569479738
0.183238703,1785795366.305249172,/loadcell_data_filtered.wrench.force.z,6658.759153825539
0.183868636,1785795366.305879105,/loadcell_data_filtered.wrench.force.z,6658.0184935172665
0.184468703,1785795366.306479172,/loadcell_data_filtered.wrench.force.z,6657.588503400758
0.185097181,1785795366.307107650,/loadcell_data_filtered.wrench.force.z,6657.443715754558
0.18572686600000002,1785795366.307737335,/loadcell_data_filtered.wrench.force.z,6656.914054989237
0.186292475,1785795366.308302944,/loadcell_data_filtered.wrench.force.z,6656.457424566296
0.186668896,1785795366.308679365,/loadcell_data_filtered.wrench.force.z,6650.655427531685
0.187008149,1785795366.309018618,/loadcell_data_filtered.wrench.force.z,6646.74928722174
0.18733488,1785795366.309345349,/loadcell_data_filtered.wrench.force.z,6642.782246842225
0.18765809900000002,1785795366.309668568,/loadcell_data_filtered.wrench.force.z,6639.405133023317
0.18972209,1785795366.311732559,/loadcell_data_filtered.wrench.force.z,6635.998577623366
0.19114608700000002,1785795366.313156556,/loadcell_data_filtered.wrench.force.z,6633.89965878291
0.19115231600000002,1785795366.313162785,/loadcell_data_filtered.wrench.force.z,6632.734207586803
0.191261286,1785795366.313271755,/loadcell_data_filtered.wrench.force.z,6632.778581372593
0.1917354,1785795366.313745869,/loadcell_data_filtered.wrench.force.z,6633.171789655442
0.192184666,1785795366.314195135,/loadcell_data_filtered.wrench.force.z,6634.12901450404
0.19263917400000002,1785795366.314649643,/loadcell_data_filtered.wrench.force.z,6634.624363699346
0.193120328,1785795366.315130797,/loadcell_data_filtered.wrench.force.z,6634.30909173159
0.193475063,1785795366.315485532,/loadcell_data_filtered.wrench.force.z,6632.783107332447
0.19381352200000002,1785795366.315823991,/loadcell_data_filtered.wrench.force.z,6632.238171978268
0.19424349500000002,1785795366.316253964,/loadcell_data_filtered.wrench.force.z,6631.395803686829
0.19468021700000002,1785795366.316690686,/loadcell_data_filtered.wrench.force.z,6631.004577582388
0.195095276,1785795366.317105745,/loadcell_data_filtered.wrench.force.z,6630.90875095295
0.195564388,1785795366.317574857,/loadcell_data_filtered.wrench.force.z,6636.813721662514
0.19599817600000002,1785795366.318008645,/loadcell_data_filtered.wrench.force.z,6635.5572554893515
0.19819282600000002,1785795366.320203295,/loadcell_data_filtered.wrench.force.z,6637.901241062984
0.198813561,1785795366.320824030,/loadcell_data_filtered.wrench.force.z,6640.252351853325
0.199311132,1785795366.321321601,/loadcell_data_filtered.wrench.force.z,6643.367983658995
0.19982470400000002,1785795366.321835173,/loadcell_data_filtered.wrench.force.z,6645.115722398554
0.200305699,1785795366.322316168,/loadcell_data_filtered.wrench.force.z,6646.252638204167
0.201055232,1785795366.323065701,/loadcell_data_filtered.wrench.force.z,6646.762094254338
0.201805015,1785795366.323815484,/loadcell_data_filtered.wrench.force.z,6647.619217067056
0.202606645,1785795366.324617114,/loadcell_data_filtered.wrench.force.z,6648.061463987266
0.20331585300000002,1785795366.325326322,/loadcell_data_filtered.wrench.force.z,6647.3852191234555
0.203874526,1785795366.325884995,/loadcell_data_filtered.wrench.force.z,6647.950086114055
0.20445495500000002,1785795366.326465424,/loadcell_data_filtered.wrench.force.z,6647.862636406586
0.20517263800000002,1785795366.327183107,/loadcell_data_filtered.wrench.force.z,6648.06082350534
0.20581586600000001,1785795366.327826335,/loadcell_data_filtered.wrench.force.z,6645.277384554019
0.20693024200000001,1785795366.328940711,/loadcell_data_filtered.wrench.force.z,6641.634443406481
0.20721133900000002,1785795366.329221808,/loadcell_data_filtered.wrench.force.z,6637.904292403157
0.207685693,1785795366.329696162,/loadcell_data_filtered.wrench.force.z,6635.100253407217
0.20830176800000003,1785795366.330312237,/loadcell_data_filtered.wrench.force.z,6632.880649829981
0.20847316600000002,1785795366.330483635,/loadcell_data_filtered.wrench.force.z,6630.741252556541
0.20888273200000002,1785795366.330893201,/loadcell_data_filtered.wrench.force.z,6630.552066995078
0.209485379,1785795366.331495848,/loadcell_data_filtered.wrench.force.z,6631.152079270643
0.210042356,1785795366.332052825,/loadcell_data_filtered.wrench.force.z,6631.806535332134
0.21044626800000002,1785795366.332456737,/loadcell_data_filtered.wrench.force.z,6632.304630433654
0.210808038,1785795366.332818507,/loadcell_data_filtered.wrench.force.z,6632.9620083144955
0.211274593,1785795366.333285062,/loadcell_data_filtered.wrench.force.z,6633.214730965824
0.211713901,1785795366.333724370,/loadcell_data_filtered.wrench.force.z,6633.445837707525
0.212266153,1785795366.334276622,/loadcell_data_filtered.wrench.force.z,6633.907381859673
0.212817415,1785795366.334827884,/loadcell_data_filtered.wrench.force.z,6634.275941164706
0.213325238,1785795366.335335707,/loadcell_data_filtered.wrench.force.z,6634.403189701759
0.214147891,1785795366.336158360,/loadcell_data_filtered.wrench.force.z,6639.779949797264
0.21460367800000002,1785795366.336614147,/loadcell_data_filtered.wrench.force.z,6643.477910306292
0.21542965400000003,1785795366.337440123,/loadcell_data_filtered.wrench.force.z,6648.100800933732
0.21643251400000002,1785795366.338442983,/loadcell_data_filtered.wrench.force.z,6652.1019297511975
0.21695051,1785795366.338960979,/loadcell_data_filtered.wrench.force.z,6654.418834747205
0.21743328,1785795366.339443749,/loadcell_data_filtered.wrench.force.z,6655.744497874506
0.21791169000000002,1785795366.339922159,/loadcell_data_filtered.wrench.force.z,6656.995230816404
0.218398099,1785795366.340408568,/loadcell_data_filtered.wrench.force.z,6658.331298227751
0.218868056,1785795366.340878525,/loadcell_data_filtered.wrench.force.z,6659.607663988587
0.21937683200000002,1785795366.341387301,/loadcell_data_filtered.wrench.force.z,6660.93365832757
0.219825807,1785795366.341836276,/loadcell_data_filtered.wrench.force.z,6662.5013029405645
0.220353561,1785795366.342364030,/loadcell_data_filtered.wrench.force.z,6662.986441404317
0.22071015100000002,1785795366.342720620,/loadcell_data_filtered.wrench.force.z,6662.443370533621
0.22107579700000002,1785795366.343086266,/loadcell_data_filtered.wrench.force.z,6662.0698692115075
0.22139076900000002,1785795366.343401238,/loadcell_data_filtered.wrench.force.z,6662.229737982074
0.22171874800000002,1785795366.343729217,/loadcell_data_filtered.wrench.force.z,6656.6459282446485
0.22207073400000002,1785795366.344081203,/loadcell_data_filtered.wrench.force.z,6653.021431645087
0.22250033700000002,1785795366.344510806,/loadcell_data_filtered.wrench.force.z,6649.425846381302
0.22296135600000003,1785795366.344971825,/loadcell_data_filtered.wrench.force.z,6646.807638239219
0.223446624,1785795366.345457093,/loadcell_data_filtered.wrench.force.z,6643.94665089909
0.223894216,1785795366.345904685,/loadcell_data_filtered.wrench.force.z,6643.250474852796
0.224312005,1785795366.346322474,/loadcell_data_filtered.wrench.force.z,6642.293047529443
0.22469760800000002,1785795366.346708077,/loadcell_data_filtered.wrench.force.z,6641.640086434044
0.22500545300000002,1785795366.347015922,/loadcell_data_filtered.wrench.force.z,6642.691583723084
0.22532569200000002,1785795366.347336161,/loadcell_data_filtered.wrench.force.z,6643.161066775219
0.225633561,1785795366.347644030,/loadcell_data_filtered.wrench.force.z,6642.988110703578
0.22593458300000002,1785795366.347945052,/loadcell_data_filtered.wrench.force.z,6642.676992255219
0.22622413600000002,1785795366.348234605,/loadcell_data_filtered.wrench.force.z,6642.829396071214
0.22646806100000003,1785795366.348478530,/loadcell_data_filtered.wrench.force.z,6642.212461624776
0.226688628,1785795366.348699097,/loadcell_data_filtered.wrench.force.z,6641.8662885455715
0.230136586,1785795366.352147055,/loadcell_data_filtered.wrench.force.z,6642.005938677568
0.230481866,1785795366.352492335,/loadcell_data_filtered.wrench.force.z,6642.199604557158
0.230832003,1785795366.352842472,/loadcell_data_filtered.wrench.force.z,6648.346416069403
0.231633251,1785795366.353643720,/loadcell_data_filtered.wrench.force.z,6652.983886085065
0.231931503,1785795366.353941972,/loadcell_data_filtered.wrench.force.z,6656.905570153508
0.23226986000000002,1785795366.354280329,/loadcell_data_filtered.wrench.force.z,6660.3897419021
0.23253520100000002,1785795366.354545670,/loadcell_data_filtered.wrench.force.z,6663.71408993302
0.232803949,1785795366.354814418,/loadcell_data_filtered.wrench.force.z,6665.429505796517
0.23308612,1785795366.355096589,/loadcell_data_filtered.wrench.force.z,6666.679310813096
0.233359752,1785795366.355370221,/loadcell_data_filtered.wrench.force.z,6667.2926331121025
0.23426788,1785795366.356278349,/loadcell_data_filtered.wrench.force.z,6666.911472287251
0.234551485,1785795366.356561954,/loadcell_data_filtered.wrench.force.z,6667.728046255198
0.234866401,1785795366.356876870,/loadcell_data_filtered.wrench.force.z,6668.084275885552
0.23515186300000002,1785795366.357162332,/loadcell_data_filtered.wrench.force.z,6668.567612864876
0.235318614,1785795366.357329083,/loadcell_data_filtered.wrench.force.z,6666.9278601082215
0.238264104,1785795366.360274573,/loadcell_data_filtered.wrench.force.z,6666.426682482458
0.239502437,1785795366.361512906,/loadcell_data_filtered.wrench.force.z,6663.6314265759975
0.24006875600000002,1785795366.362079225,/loadcell_data_filtered.wrench.force.z,6659.633383779734
0.24046045300000002,1785795366.362470922,/loadcell_data_filtered.wrench.force.z,6656.57358764049
0.240729823,1785795366.362740292,/loadcell_data_filtered.wrench.force.z,6654.04577806299
0.24099056700000002,1785795366.363001036,/loadcell_data_filtered.wrench.force.z,6652.188454327381
0.241224667,1785795366.363235136,/loadcell_data_filtered.wrench.force.z,6651.132516971587
0.24145046,1785795366.363460929,/loadcell_data_filtered.wrench.force.z,6651.218065055504
0.241705089,1785795366.363715558,/loadcell_data_filtered.wrench.force.z,6651.634197029717
0.241988683,1785795366.363999152,/loadcell_data_filtered.wrench.force.z,6651.990702124315
0.242288889,1785795366.364299358,/loadcell_data_filtered.wrench.force.z,6652.563240506825
0.24253071,1785795366.364541179,/loadcell_data_filtered.wrench.force.z,6650.114835542734
0.242702089,1785795366.364712558,/loadcell_data_filtered.wrench.force.z,6649.588810360755
0.24286232900000002,1785795366.364872798,/loadcell_data_filtered.wrench.force.z,6648.968344036466
0.24303249300000002,1785795366.365042962,/loadcell_data_filtered.wrench.force.z,6648.793486690467
0.243196451,1785795366.365206920,/loadcell_data_filtered.wrench.force.z,6648.339950701165
0.244973395,1785795366.366983864,/loadcell_data_filtered.wrench.force.z,6647.7734261785445
0.245698823,1785795366.367709292,/loadcell_data_filtered.wrench.force.z,6653.085648307926
0.24615581500000003,1785795366.368166284,/loadcell_data_filtered.wrench.force.z,6656.926201706951
0.246533573,1785795366.368544042,/loadcell_data_filtered.wrench.force.z,6660.854404961046
0.247031887,1785795366.369042356,/loadcell_data_filtered.wrench.force.z,6664.539978610535
0.247438339,1785795366.369448808,/loadcell_data_filtered.wrench.force.z,6667.685604698721
0.24784498200000002,1785795366.369855451,/loadcell_data_filtered.wrench.force.z,6669.728573078739
0.24834793200000002,1785795366.370358401,/loadcell_data_filtered.wrench.force.z,6670.750566171027
0.24870186100000002,1785795366.370712330,/loadcell_data_filtered.wrench.force.z,6670.256177443119
0.24909123900000002,1785795366.371101708,/loadcell_data_filtered.wrench.force.z,6670.741483736694
0.24938546700000003,1785795366.371395936,/loadcell_data_filtered.wrench.force.z,6670.994258776735
0.251259549,1785795366.373270018,/loadcell_data_filtered.wrench.force.z,6670.777605966211
0.251457612,1785795366.373468081,/loadcell_data_filtered.wrench.force.z,6670.92086466016
0.25162975600000004,1785795366.373640225,/loadcell_data_filtered.wrench.force.z,6671.1476611247745
0.251748866,1785795366.373759335,/loadcell_data_filtered.wrench.force.z,6671.759216046483
0.251878816,1785795366.373889285,/loadcell_data_filtered.wrench.force.z,6672.258986578772
0.252034285,1785795366.374044754,/loadcell_data_filtered.wrench.force.z,6672.904989789906
0.252168532,1785795366.374179001,/loadcell_data_filtered.wrench.force.z,6673.589305223641
0.25229474900000004,1785795366.374305218,/loadcell_data_filtered.wrench.force.z,6668.376980478706
0.25242369400000003,1785795366.374434163,/loadcell_data_filtered.wrench.force.z,6664.256052703067
0.252566359,1785795366.374576828,/loadcell_data_filtered.wrench.force.z,6659.520277055088
0.25270758800000004,1785795366.374718057,/loadcell_data_filtered.wrench.force.z,6656.442256919953
0.25328098200000004,1785795366.375291451,/loadcell_data_filtered.wrench.force.z,6653.0810296714335
0.25891564100000003,1785795366.380926110,/loadcell_data_filtered.wrench.force.z,6651.509939411985
0.258939764,1785795366.380950233,/loadcell_data_filtered.wrench.force.z,6650.443604912805
0.258942597,1785795366.380953066,/loadcell_data_filtered.wrench.force.z,6650.232485748977
0.25894482,1785795366.380955289,/loadcell_data_filtered.wrench.force.z,6650.164556455146
0.25894685900000003,1785795366.380957328,/loadcell_data_filtered.wrench.force.z,6650.294436034259
0.259422472,1785795366.381432941,/loadcell_data_filtered.wrench.force.z,6650.281312722927
0.259627671,1785795366.381638140,/loadcell_data_filtered.wrench.force.z,6649.971771643351
0.259763221,1785795366.381773690,/loadcell_data_filtered.wrench.force.z,6649.940969361694
0.25991547200000004,1785795366.381925941,/loadcell_data_filtered.wrench.force.z,6649.010089474501
0.260048924,1785795366.382059393,/loadcell_data_filtered.wrench.force.z,6645.381166848706
0.26017465500000003,1785795366.382185124,/loadcell_data_filtered.wrench.force.z,6642.055687835149
0.260294066,1785795366.382304535,/loadcell_data_filtered.wrench.force.z,6643.532254091992
0.260412066,1785795366.382422535,/loadcell_data_filtered.wrench.force.z,6648.370631399618
0.260554661,1785795366.382565130,/loadcell_data_filtered.wrench.force.z,6652.515693447191
0.260675583,1785795366.382686052,/loadcell_data_filtered.wrench.force.z,6656.253894169602
0.261557075,1785795366.383567544,/loadcell_data_filtered.wrench.force.z,6659.008337786508
0.26192181000000003,1785795366.383932279,/loadcell_data_filtered.wrench.force.z,6661.673419451
0.262325804,1785795366.384336273,/loadcell_data_filtered.wrench.force.z,6663.093816420944
0.264112697,1785795366.386123166,/loadcell_data_filtered.wrench.force.z,6663.407539365837
0.264721138,1785795366.386731607,/loadcell_data_filtered.wrench.force.z,6663.914261682099
0.26520160600000003,1785795366.387212075,/loadcell_data_filtered.wrench.force.z,6664.277367920413
0.265565839,1785795366.387576308,/loadcell_data_filtered.wrench.force.z,6664.694770167818
0.266951885,1785795366.388962354,/loadcell_data_filtered.wrench.force.z,6665.008656079525
0.266970993,1785795366.388981462,/loadcell_data_filtered.wrench.force.z,6665.461111404794
0.26931666200000004,1785795366.391327131,/loadcell_data_filtered.wrench.force.z,6666.040063833209
0.269541544,1785795366.391552013,/loadcell_data_filtered.wrench.force.z,6666.059409750528
0.269710606,1785795366.391721075,/loadcell_data_filtered.wrench.force.z,6666.180560680057
0.26987213800000004,1785795366.391882607,/loadcell_data_filtered.wrench.force.z,6666.144558405417
0.270019497,1785795366.392029966,/loadcell_data_filtered.wrench.force.z,6661.569693335686
0.270164719,1785795366.392175188,/loadcell_data_filtered.wrench.force.z,6658.486438730782
0.27030948400000004,1785795366.392319953,/loadcell_data_filtered.wrench.force.z,6654.412351968558
0.270456105,1785795366.392466574,/loadcell_data_filtered.wrench.force.z,6650.777094954338
0.270588771,1785795366.392599240,/loadcell_data_filtered.wrench.force.z,6647.769493672223
0.270719949,1785795366.392730418,/loadcell_data_filtered.wrench.force.z,6645.5962839652675
0.270873126,1785795366.392883595,/loadcell_data_filtered.wrench.force.z,6644.467630118063
0.27099251900000004,1785795366.393002988,/loadcell_data_filtered.wrench.force.z,6644.749467194816
0.27145742300000003,1785795366.393467892,/loadcell_data_filtered.wrench.force.z,6644.750030593831
0.272064693,1785795366.394075162,/loadcell_data_filtered.wrench.force.z,6644.95473720178
0.272547658,1785795366.394558127,/loadcell_data_filtered.wrench.force.z,6644.900209992623
0.27333112400000004,1785795366.395341593,/loadcell_data_filtered.wrench.force.z,6644.79832364145
0.27440630600000004,1785795366.396416775,/loadcell_data_filtered.wrench.force.z,6644.4157677823905
0.274428434,1785795366.396438903,/loadcell_data_filtered.wrench.force.z,6643.98297069204
0.27601389200000004,1785795366.398024361,/loadcell_data_filtered.wrench.force.z,6643.886481805006
0.27603256200000004,1785795366.398043031,/loadcell_data_filtered.wrench.force.z,6643.925219728655
0.276035431,1785795366.398045900,/loadcell_data_filtered.wrench.force.z,6644.488996917252
0.276043192,1785795366.398053661,/loadcell_data_filtered.wrench.force.z,6650.034995092583
0.276556768,1785795366.398567237,/loadcell_data_filtered.wrench.force.z,6653.7256276298285
0.279097881,1785795366.401108350,/loadcell_data_filtered.wrench.force.z,6657.686195648879
0.279728951,1785795366.401739420,/loadcell_data_filtered.wrench.force.z,6660.603910579023
0.28010942,1785795366.402119889,/loadcell_data_filtered.wrench.force.z,6663.737658220776
0.280467422,1785795366.402477891,/loadcell_data_filtered.wrench.force.z,6658.525020296463
0.280832595,1785795366.402843064,/loadcell_data_filtered.wrench.force.z,6660.321494544646
0.28121231,1785795366.403222779,/loadcell_data_filtered.wrench.force.z,6659.8630656055875
0.281537757,1785795366.403548226,/loadcell_data_filtered.wrench.force.z,6659.970212189072
0.281924277,1785795366.403934746,/loadcell_data_filtered.wrench.force.z,6660.018715965885
0.282289516,1785795366.404299985,/loadcell_data_filtered.wrench.force.z,6660.646214092763
0.282653301,1785795366.404663770,/loadcell_data_filtered.wrench.force.z,6660.999779073145
0.284842219,1785795366.406852688,/loadcell_data_filtered.wrench.force.z,6661.166157735461
0.28517943900000003,1785795366.407189908,/loadcell_data_filtered.wrench.force.z,6661.299542849556
0.285443369,1785795366.407453838,/loadcell_data_filtered.wrench.force.z,6662.1173059760395
0.28571910300000003,1785795366.407729572,/loadcell_data_filtered.wrench.force.z,6662.816855189111
0.28597371800000004,1785795366.407984187,/loadcell_data_filtered.wrench.force.z,6662.954488110988
0.286253519,1785795366.408263988,/loadcell_data_filtered.wrench.force.z,6657.708388489402
0.28656289100000004,1785795366.408573360,/loadcell_data_filtered.wrench.force.z,6653.910108248357
0.286878611,1785795366.408889080,/loadcell_data_filtered.wrench.force.z,6649.551490775163
0.287208789,1785795366.409219258,/loadcell_data_filtered.wrench.force.z,6645.001212078852
0.287657669,1785795366.409668138,/loadcell_data_filtered.wrench.force.z,6641.678590278855
0.28809322000000004,1785795366.410103689,/loadcell_data_filtered.wrench.force.z,6640.404096042217
0.288568745,1785795366.410579214,/loadcell_data_filtered.wrench.force.z,6639.226238225899
0.289400197,1785795366.411410666,/loadcell_data_filtered.wrench.force.z,6639.411433681997
0.292174935,1785795366.414185404,/loadcell_data_filtered.wrench.force.z,6639.2105618233845
0.29255348400000003,1785795366.414563953,/loadcell_data_filtered.wrench.force.z,6638.431876767607
0.292831112,1785795366.414841581,/loadcell_data_filtered.wrench.force.z,6638.586154564589
0.29312941400000003,1785795366.415139883,/loadcell_data_filtered.wrench.force.z,6637.9288703938755
0.293398851,1785795366.415409320,/loadcell_data_filtered.wrench.force.z,6637.854785562819
0.29361655600000003,1785795366.415627025,/loadcell_data_filtered.wrench.force.z,6637.431794111821
0.29383453800000003,1785795366.415845007,/loadcell_data_filtered.wrench.force.z,6637.293338417941
0.294071804,1785795366.416082273,/loadcell_data_filtered.wrench.force.z,6636.91501549085
0.295292296,1785795366.417302765,/loadcell_data_filtered.wrench.force.z,6638.253380270045
0.29568029900000004,1785795366.417690768,/loadcell_data_filtered.wrench.force.z,6641.326401124389
0.295942539,1785795366.417953008,/loadcell_data_filtered.wrench.force.z,6646.250959673551
0.296175316,1785795366.418185785,/loadcell_data_filtered.wrench.force.z,6649.904743424654
0.296417994,1785795366.418428463,/loadcell_data_filtered.wrench.force.z,6653.0282055810285
0.296675165,1785795366.418685634,/loadcell_data_filtered.wrench.force.z,6656.022103577488
0.296933946,1785795366.418944415,/loadcell_data_filtered.wrench.force.z,6657.694923104139
0.297210362,1785795366.419220831,/loadcell_data_filtered.wrench.force.z,6657.958588008871
0.29752057600000004,1785795366.419531045,/loadcell_data_filtered.wrench.force.z,6656.950283567649
0.297873443,1785795366.419883912,/loadcell_data_filtered.wrench.force.z,6656.753912499864
0.298207001,1785795366.420217470,/loadcell_data_filtered.wrench.force.z,6656.470805930981
0.299688357,1785795366.421698826,/loadcell_data_filtered.wrench.force.z,6656.293349271468
0.301650064,1785795366.423660533,/loadcell_data_filtered.wrench.force.z,6656.189002303693
0.301829626,1785795366.423840095,/loadcell_data_filtered.wrench.force.z,6656.919957500372
0.30198078,1785795366.423991249,/loadcell_data_filtered.wrench.force.z,6657.591400407603
0.302233227,1785795366.424243696,/loadcell_data_filtered.wrench.force.z,6657.764303473206
0.30236729,1785795366.424377759,/loadcell_data_filtered.wrench.force.z,6657.27969985729
0.30250295600000005,1785795366.424513425,/loadcell_data_filtered.wrench.force.z,6646.602333905119
0.302617789,1785795366.424628258,/loadcell_data_filtered.wrench.force.z,6642.631672543471
0.30273878400000004,1785795366.424749253,/loadcell_data_filtered.wrench.force.z,6637.572806194302
0.30288934,1785795366.424899809,/loadcell_data_filtered.wrench.force.z,6634.370932739926
0.304504139,1785795366.426514608,/loadcell_data_filtered.wrench.force.z,6631.462591583173
0.30486444700000004,1785795366.426874916,/loadcell_data_filtered.wrench.force.z,6629.361014101612
0.30501604000000004,1785795366.427026509,/loadcell_data_filtered.wrench.force.z,6628.352970434241
0.30514457300000003,1785795366.427155042,/loadcell_data_filtered.wrench.force.z,6629.040886036786
0.305278088,1785795366.427288557,/loadcell_data_filtered.wrench.force.z,6630.003179392953
0.30539238,1785795366.427402849,/loadcell_data_filtered.wrench.force.z,6630.284967541625
0.305871897,1785795366.427882366,/loadcell_data_filtered.wrench.force.z,6630.011875645599
0.306509784,1785795366.428520253,/loadcell_data_filtered.wrench.force.z,6630.362869779562
0.307379646,1785795366.429390115,/loadcell_data_filtered.wrench.force.z,6630.484690983957
0.307703345,1785795366.429713814,/loadcell_data_filtered.wrench.force.z,6630.5993759044495
0.309702385,1785795366.431712854,/loadcell_data_filtered.wrench.force.z,6630.786427576111
0.309944577,1785795366.431955046,/loadcell_data_filtered.wrench.force.z,6631.3322287483725
0.310138397,1785795366.432148866,/loadcell_data_filtered.wrench.force.z,6632.330187307831
0.310309956,1785795366.432320425,/loadcell_data_filtered.wrench.force.z,6638.887823248999
0.31046866,1785795366.432479129,/loadcell_data_filtered.wrench.force.z,6643.355400978901
0.310626014,1785795366.432636483,/loadcell_data_filtered.wrench.force.z,6647.901970151393
0.31114988200000004,1785795366.433160351,/loadcell_data_filtered.wrench.force.z,6650.6417470268625
0.31143001000000003,1785795366.433440479,/loadcell_data_filtered.wrench.force.z,6653.825644683812
0.311780836,1785795366.433791305,/loadcell_data_filtered.wrench.force.z,6655.655043321561
0.312672695,1785795366.434683164,/loadcell_data_filtered.wrench.force.z,6657.0498381946345
0.31502275900000004,1785795366.437033228,/loadcell_data_filtered.wrench.force.z,6657.4633027456675
0.31537660100000003,1785795366.437387070,/loadcell_data_filtered.wrench.force.z,6657.752926077875
0.315705571,1785795366.437716040,/loadcell_data_filtered.wrench.force.z,6658.954951125923
0.315947821,1785795366.437958290,/loadcell_data_filtered.wrench.force.z,6659.991529999284
0.316191163,1785795366.438201632,/loadcell_data_filtered.wrench.force.z,6661.4463717642575
0.316502809,1785795366.438513278,/loadcell_data_filtered.wrench.force.z,6661.906187893886
0.31677509000000004,1785795366.438785559,/loadcell_data_filtered.wrench.force.z,6661.759774144175
0.317060251,1785795366.439070720,/loadcell_data_filtered.wrench.force.z,6662.454077238291
0.32276702500000004,1785795366.444777494,/loadcell_data_filtered.wrench.force.z,6657.886290351866
0.323067942,1785795366.445078411,/loadcell_data_filtered.wrench.force.z,6654.711722167744
0.323318526,1785795366.445328995,/loadcell_data_filtered.wrench.force.z,6652.05035361423
0.323943046,1785795366.445953515,/loadcell_data_filtered.wrench.force.z,6649.667670888602
0.32394948700000004,1785795366.445959956,/loadcell_data_filtered.wrench.force.z,6647.687118606006
0.324004587,1785795366.446015056,/loadcell_data_filtered.wrench.force.z,6646.672838237327
0.324208479,1785795366.446218948,/loadcell_data_filtered.wrench.force.z,6645.204992444748
0.32441132500000003,1785795366.446421794,/loadcell_data_filtered.wrench.force.z,6645.7521007741425
0.32460798900000004,1785795366.446618458,/loadcell_data_filtered.wrench.force.z,6646.396583588501
0.32482183000000003,1785795366.446832299,/loadcell_data_filtered.wrench.force.z,6646.081309551384
0.325022582,1785795366.447033051,/loadcell_data_filtered.wrench.force.z,6645.974385295745
0.325215542,1785795366.447226011,/loadcell_data_filtered.wrench.force.z,6645.470502843911
0.32540589000000003,1785795366.447416359,/loadcell_data_filtered.wrench.force.z,6644.931230774487
0.325596525,1785795366.447606994,/loadcell_data_filtered.wrench.force.z,6644.837501621456
0.32578787400000003,1785795366.447798343,/loadcell_data_filtered.wrench.force.z,6644.405032767616
0.32629713800000004,1785795366.448307607,/loadcell_data_filtered.wrench.force.z,6643.973658614366
0.32656482200000003,1785795366.448575291,/loadcell_data_filtered.wrench.force.z,6646.63883976043
0.32676635000000004,1785795366.448776819,/loadcell_data_filtered.wrench.force.z,6650.996025058026
0.32696214700000004,1785795366.448972616,/loadcell_data_filtered.wrench.force.z,6656.327850423541
0.327322186,1785795366.449332655,/loadcell_data_filtered.wrench.force.z,6659.173397971081
0.33011975600000004,1785795366.452130225,/loadcell_data_filtered.wrench.force.z,6662.002215140739
0.330833405,1785795366.452843874,/loadcell_data_filtered.wrench.force.z,6664.526986877018
0.33100476900000003,1785795366.453015238,/loadcell_data_filtered.wrench.force.z,6666.438975228047
0.331161849,1785795366.453172318,/loadcell_data_filtered.wrench.force.z,6667.327698202597
0.33138968900000004,1785795366.453400158,/loadcell_data_filtered.wrench.force.z,6668.105871093331
0.33234867100000004,1785795366.454359140,/loadcell_data_filtered.wrench.force.z,6669.384386654783
0.33263219600000005,1785795366.454642665,/loadcell_data_filtered.wrench.force.z,6669.678229270712
0.332912771,1785795366.454923240,/loadcell_data_filtered.wrench.force.z,6669.385334985826
0.33316643500000004,1785795366.455176904,/loadcell_data_filtered.wrench.force.z,6669.456669362776
0.333458171,1785795366.455468640,/loadcell_data_filtered.wrench.force.z,6669.688085841581
0.333683914,1785795366.455694383,/loadcell_data_filtered.wrench.force.z,6669.929638371821
0.333894766,1785795366.455905235,/loadcell_data_filtered.wrench.force.z,6670.036483219846
0.334134737,1785795366.456145206,/loadcell_data_filtered.wrench.force.z,6670.1025783657815
0.335156989,1785795366.457167458,/loadcell_data_filtered.wrench.force.z,6665.291830756897
0.335830018,1785795366.457840487,/loadcell_data_filtered.wrench.force.z,6662.504883105117
0.336380065,1785795366.458390534,/loadcell_data_filtered.wrench.force.z,6658.930729759604
0.336805629,1785795366.458816098,/loadcell_data_filtered.wrench.force.z,6655.668698943164
0.337227747,1785795366.459238216,/loadcell_data_filtered.wrench.force.z,6652.583965029976
0.33756526200000003,1785795366.459575731,/loadcell_data_filtered.wrench.force.z,6650.53768325936
0.33789186000000004,1785795366.459902329,/loadcell_data_filtered.wrench.force.z,6648.782511070925
0.338243691,1785795366.460254160,/loadcell_data_filtered.wrench.force.z,6648.481089972622
0.33856223300000005,1785795366.460572702,/loadcell_data_filtered.wrench.force.z,6648.39465985812
0.339250781,1785795366.461261250,/loadcell_data_filtered.wrench.force.z,6648.428353540424
0.339609394,1785795366.461619863,/loadcell_data_filtered.wrench.force.z,6647.978607246718
0.33991895,1785795366.461929419,/loadcell_data_filtered.wrench.force.z,6647.30097511296
0.340459416,1785795366.462469885,/loadcell_data_filtered.wrench.force.z,6646.6862630668375
0.34081891400000003,1785795366.462829383,/loadcell_data_filtered.wrench.force.z,6645.952907553797
0.341281216,1785795366.463291685,/loadcell_data_filtered.wrench.force.z,6645.159314672623
0.341773735,1785795366.463784204,/loadcell_data_filtered.wrench.force.z,6644.828570284526
0.34225228700000004,1785795366.464262756,/loadcell_data_filtered.wrench.force.z,6644.040805834169
0.342773029,1785795366.464783498,/loadcell_data_filtered.wrench.force.z,6649.468768385077
0.343368104,1785795366.465378573,/loadcell_data_filtered.wrench.force.z,6653.306506280582
0.34419776,1785795366.466208229,/loadcell_data_filtered.wrench.force.z,6656.668457550812
0.34460044100000004,1785795366.466610910,/loadcell_data_filtered.wrench.force.z,6659.210550193597
0.34504032900000003,1785795366.467050798,/loadcell_data_filtered.wrench.force.z,6662.368368341393
0.347321839,1785795366.469332308,/loadcell_data_filtered.wrench.force.z,6663.117145194278
0.347509869,1785795366.469520338,/loadcell_data_filtered.wrench.force.z,6663.787453276466
0.347659473,1785795366.469669942,/loadcell_data_filtered.wrench.force.z,6664.4131585959885
0.34777365800000004,1785795366.469784127,/loadcell_data_filtered.wrench.force.z,6665.019560241243
0.34790249300000003,1785795366.469912962,/loadcell_data_filtered.wrench.force.z,6665.261766778379
0.34812807,1785795366.470138539,/loadcell_data_filtered.wrench.force.z,6665.111821053843
0.349046415,1785795366.471056884,/loadcell_data_filtered.wrench.force.z,6664.31579483151
0.34954049000000004,1785795366.471550959,/loadcell_data_filtered.wrench.force.z,6664.167611121177
0.354139986,1785795366.476150455,/loadcell_data_filtered.wrench.force.z,6663.823409350424
0.35552519000000005,1785795366.477535659,/loadcell_data_filtered.wrench.force.z,6657.233090101146
0.35574070700000004,1785795366.477751176,/loadcell_data_filtered.wrench.force.z,6650.976838143249
0.355885065,1785795366.477895534,/loadcell_data_filtered.wrench.force.z,6647.125839117909
0.356022728,1785795366.478033197,/loadcell_data_filtered.wrench.force.z,6644.192128083131
0.356224867,1785795366.478235336,/loadcell_data_filtered.wrench.force.z,6641.983668990491
0.356455984,1785795366.478466453,/loadcell_data_filtered.wrench.force.z,6639.326751237086
0.356692265,1785795366.478702734,/loadcell_data_filtered.wrench.force.z,6638.427872706723
0.35692687900000003,1785795366.478937348,/loadcell_data_filtered.wrench.force.z,6637.479319219524
0.357167975,1785795366.479178444,/loadcell_data_filtered.wrench.force.z,6637.1024618089095
0.357400347,1785795366.479410816,/loadcell_data_filtered.wrench.force.z,6637.459815969835
0.35763178500000004,1785795366.479642254,/loadcell_data_filtered.wrench.force.z,6637.441826359086
0.357858813,1785795366.479869282,/loadcell_data_filtered.wrench.force.z,6637.316633203271
0.35809753600000005,1785795366.480108005,/loadcell_data_filtered.wrench.force.z,6637.189320020432
0.35826588400000003,1785795366.480276353,/loadcell_data_filtered.wrench.force.z,6637.225374776005
0.359616626,1785795366.481627095,/loadcell_data_filtered.wrench.force.z,6637.338967284082
0.359731943,1785795366.481742412,/loadcell_data_filtered.wrench.force.z,6637.27270941555
0.359842361,1785795366.481852830,/loadcell_data_filtered.wrench.force.z,6637.711142538342
0.35995920400000003,1785795366.481969673,/loadcell_data_filtered.wrench.force.z,6639.566805437608
0.360078137,1785795366.482088606,/loadcell_data_filtered.wrench.force.z,6637.837674305746
0.360196779,1785795366.482207248,/loadcell_data_filtered.wrench.force.z,6642.548683275539
0.36066082600000005,1785795366.482671295,/loadcell_data_filtered.wrench.force.z,6645.299617628666
0.361443397,1785795366.483453866,/loadcell_data_filtered.wrench.force.z,6648.501235247519
0.361714238,1785795366.483724707,/loadcell_data_filtered.wrench.force.z,6651.328090895581
0.36255861500000003,1785795366.484569084,/loadcell_data_filtered.wrench.force.z,6653.084906586925
0.362983848,1785795366.484994317,/loadcell_data_filtered.wrench.force.z,6653.252393195545
0.364426511,1785795366.486436980,/loadcell_data_filtered.wrench.force.z,6653.10601411593
0.364627376,1785795366.486637845,/loadcell_data_filtered.wrench.force.z,6653.091222135195
0.36474841,1785795366.486758879,/loadcell_data_filtered.wrench.force.z,6653.5975358403675
0.36487314400000004,1785795366.486883613,/loadcell_data_filtered.wrench.force.z,6653.37042226519
0.36636553200000005,1785795366.488376001,/loadcell_data_filtered.wrench.force.z,6653.274946906729
0.366542703,1785795366.488553172,/loadcell_data_filtered.wrench.force.z,6653.573038431617
0.36675019600000003,1785795366.488760665,/loadcell_data_filtered.wrench.force.z,6654.267674791885
0.36689522900000004,1785795366.488905698,/loadcell_data_filtered.wrench.force.z,6654.920852399673
0.367246842,1785795366.489257311,/loadcell_data_filtered.wrench.force.z,6654.789773293023
0.367933607,1785795366.489944076,/loadcell_data_filtered.wrench.force.z,6648.907717111845
0.36823217,1785795366.490242639,/loadcell_data_filtered.wrench.force.z,6645.550208970426
0.368648898,1785795366.490659367,/loadcell_data_filtered.wrench.force.z,6641.4963804802355
0.369231403,1785795366.491241872,/loadcell_data_filtered.wrench.force.z,6638.4046201169085
0.369673613,1785795366.491684082,/loadcell_data_filtered.wrench.force.z,6635.577230534704
0.37018397200000003,1785795366.492194441,/loadcell_data_filtered.wrench.force.z,6633.6760816942515
0.370605302,1785795366.492615771,/loadcell_data_filtered.wrench.force.z,6632.052401432895
0.37112845800000005,1785795366.493138927,/loadcell_data_filtered.wrench.force.z,6631.93874025055
0.371494186,1785795366.493504655,/loadcell_data_filtered.wrench.force.z,6632.437078907395
0.372102712,1785795366.494113181,/loadcell_data_filtered.wrench.force.z,6632.802962999357
0.372551795,1785795366.494562264,/loadcell_data_filtered.wrench.force.z,6632.837552387106
0.373259002,1785795366.495269471,/loadcell_data_filtered.wrench.force.z,6632.278377331929
0.37363138900000004,1785795366.495641858,/loadcell_data_filtered.wrench.force.z,6632.037545065466
0.374282622,1785795366.496293091,/loadcell_data_filtered.wrench.force.z,6631.920398105816
0.374503283,1785795366.496513752,/loadcell_data_filtered.wrench.force.z,6631.8875376214455
0.37507084900000004,1785795366.497081318,/loadcell_data_filtered.wrench.force.z,6631.723581462976
0.379619215,1785795366.501629684,/loadcell_data_filtered.wrench.force.z,6631.9749666716825
0.38147483200000004,1785795366.503485301,/loadcell_data_filtered.wrench.force.z,6637.03323017318
0.381820174,1785795366.503830643,/loadcell_data_filtered.wrench.force.z,6642.023400205544
0.382095915,1785795366.504106384,/loadcell_data_filtered.wrench.force.z,6645.602610843863
0.382339449,1785795366.504349918,/loadcell_data_filtered.wrench.force.z,6649.470256965004
0.38259237300000004,1785795366.504602842,/loadcell_data_filtered.wrench.force.z,6651.900160345485
0.382813579,1785795366.504824048,/loadcell_data_filtered.wrench.force.z,6653.424277171691
0.38304775700000004,1785795366.505058226,/loadcell_data_filtered.wrench.force.z,6654.31430972323
0.38327517600000005,1785795366.505285645,/loadcell_data_filtered.wrench.force.z,6654.94011258934
0.38349290500000005,1785795366.505503374,/loadcell_data_filtered.wrench.force.z,6653.886917650626
0.383710104,1785795366.505720573,/loadcell_data_filtered.wrench.force.z,6654.006441114173
0.38393008100000003,1785795366.505940550,/loadcell_data_filtered.wrench.force.z,6654.501160850223
0.38414653200000004,1785795366.506157001,/loadcell_data_filtered.wrench.force.z,6654.626878255737
0.384322898,1785795366.506333367,/loadcell_data_filtered.wrench.force.z,6654.719304936431
0.38444144900000005,1785795366.506451918,/loadcell_data_filtered.wrench.force.z,6654.520031722091
0.38458515600000004,1785795366.506595625,/loadcell_data_filtered.wrench.force.z,6654.455985143684
0.384730055,1785795366.506740524,/loadcell_data_filtered.wrench.force.z,6653.932736403687
0.38488160600000004,1785795366.506892075,/loadcell_data_filtered.wrench.force.z,6649.037431971367
0.385138917,1785795366.507149386,/loadcell_data_filtered.wrench.force.z,6644.384999362324
0.38577149000000005,1785795366.507781959,/loadcell_data_filtered.wrench.force.z,6640.878420416732
0.38867636600000005,1785795366.510686835,/loadcell_data_filtered.wrench.force.z,6637.4696567989895
0.39009039100000004,1785795366.512100860,/loadcell_data_filtered.wrench.force.z,6634.2790663058895
0.39009696400000005,1785795366.512107433,/loadcell_data_filtered.wrench.force.z,6633.4628510031
0.390383454,1785795366.512393923,/loadcell_data_filtered.wrench.force.z,6633.627574830164
0.39068536600000003,1785795366.512695835,/loadcell_data_filtered.wrench.force.z,6634.313003563437
0.390972303,1785795366.512982772,/loadcell_data_filtered.wrench.force.z,6635.521474922288
0.39128401,1785795366.513294479,/loadcell_data_filtered.wrench.force.z,6636.2068793290055
0.391529094,1785795366.513539563,/loadcell_data_filtered.wrench.force.z,6635.631254201602
0.39173540300000004,1785795366.513745872,/loadcell_data_filtered.wrench.force.z,6635.075055540893
0.391936045,1785795366.513946514,/loadcell_data_filtered.wrench.force.z,6635.21149508735
0.392196929,1785795366.514207398,/loadcell_data_filtered.wrench.force.z,6634.5030881554885
0.39243059500000005,1785795366.514441064,/loadcell_data_filtered.wrench.force.z,6634.4189693036105
0.39265268200000003,1785795366.514663151,/loadcell_data_filtered.wrench.force.z,6634.171292619592
0.39577750700000003,1785795366.517787976,/loadcell_data_filtered.wrench.force.z,6638.381625946515
0.396949315,1785795366.518959784,/loadcell_data_filtered.wrench.force.z,6642.17642672253
0.39720462,1785795366.519215089,/loadcell_data_filtered.wrench.force.z,6647.03752530294
0.39741994700000005,1785795366.519430416,/loadcell_data_filtered.wrench.force.z,6651.270382441308
0.39771434800000005,1785795366.519724817,/loadcell_data_filtered.wrench.force.z,6654.771032016077
0.39794315700000005,1785795366.519953626,/loadcell_data_filtered.wrench.force.z,6657.730150582008
0.39819924,1785795366.520209709,/loadcell_data_filtered.wrench.force.z,6660.156010029175
0.39842477200000004,1785795366.520435241,/loadcell_data_filtered.wrench.force.z,6660.413544433916
0.398702904,1785795366.520713373,/loadcell_data_filtered.wrench.force.z,6660.942778600845
0.398926586,1785795366.520937055,/loadcell_data_filtered.wrench.force.z,6661.863894691969
0.39916647600000005,1785795366.521176945,/loadcell_data_filtered.wrench.force.z,6660.950668159873
0.399389007,1785795366.521399476,/loadcell_data_filtered.wrench.force.z,6660.69004761728
0.40109313300000005,1785795366.523103602,/loadcell_data_filtered.wrench.force.z,6660.4079028024025
0.401787386,1785795366.523797855,/loadcell_data_filtered.wrench.force.z,6660.820747449199
0.402343159,1785795366.524353628,/loadcell_data_filtered.wrench.force.z,6660.644007450562
0.402582694,1785795366.524593163,/loadcell_data_filtered.wrench.force.z,6660.688704342128
0.402955206,1785795366.524965675,/loadcell_data_filtered.wrench.force.z,6660.835598953556
0.40329563900000004,1785795366.525306108,/loadcell_data_filtered.wrench.force.z,6655.116738563587
0.40356703200000005,1785795366.525577501,/loadcell_data_filtered.wrench.force.z,6651.814519626285
0.403823861,1785795366.525834330,/loadcell_data_filtered.wrench.force.z,6647.668492508467
0.40410143800000004,1785795366.526111907,/loadcell_data_filtered.wrench.force.z,6644.344253539825
0.40431979,1785795366.526330259,/loadcell_data_filtered.wrench.force.z,6641.364419514465
0.40451331500000004,1785795366.526523784,/loadcell_data_filtered.wrench.force.z,6639.64712642796
0.404688319,1785795366.526698788,/loadcell_data_filtered.wrench.force.z,6638.209314706398
0.40486039700000004,1785795366.526870866,/loadcell_data_filtered.wrench.force.z,6637.92187569492
0.405389667,1785795366.527400136,/loadcell_data_filtered.wrench.force.z,6638.154531446241
0.40566807400000005,1785795366.527678543,/loadcell_data_filtered.wrench.force.z,6638.383013567019
0.40600964300000003,1785795366.528020112,/loadcell_data_filtered.wrench.force.z,6639.086808034885
0.40649865700000004,1785795366.528509126,/loadcell_data_filtered.wrench.force.z,6638.224300934132
0.40692103500000004,1785795366.528931504,/loadcell_data_filtered.wrench.force.z,6637.948278447531
0.407647174,1785795366.529657643,/loadcell_data_filtered.wrench.force.z,6637.763320592927
0.407923209,1785795366.529933678,/loadcell_data_filtered.wrench.force.z,6637.920278445711
0.408600887,1785795366.530611356,/loadcell_data_filtered.wrench.force.z,6637.622913731664
0.409104051,1785795366.531114520,/loadcell_data_filtered.wrench.force.z,6637.380731753342
0.410640506,1785795366.532650975,/loadcell_data_filtered.wrench.force.z,6643.192436602282
0.41089368400000004,1785795366.532904153,/loadcell_data_filtered.wrench.force.z,6647.5523602032345
0.41113389,1785795366.533144359,/loadcell_data_filtered.wrench.force.z,6651.969136753977
0.411335946,1785795366.533346415,/loadcell_data_filtered.wrench.force.z,6655.825835497349
0.41153483100000005,1785795366.533545300,/loadcell_data_filtered.wrench.force.z,6658.438046203231
0.412284768,1785795366.534295237,/loadcell_data_filtered.wrench.force.z,6659.648475152501
0.41301752700000005,1785795366.535027996,/loadcell_data_filtered.wrench.force.z,6660.185761774208
0.41389379800000003,1785795366.535904267,/loadcell_data_filtered.wrench.force.z,6660.148504193238
0.41548646,1785795366.537496929,/loadcell_data_filtered.wrench.force.z,6660.2055570547545
0.417895493,1785795366.539905962,/loadcell_data_filtered.wrench.force.z,6660.233670669804
0.418422571,1785795366.540433040,/loadcell_data_filtered.wrench.force.z,6660.787131736333
0.41880743800000003,1785795366.540817907,/loadcell_data_filtered.wrench.force.z,6661.292563133175
0.41911831000000005,1785795366.541128779,/loadcell_data_filtered.wrench.force.z,6662.069048509753
0.41940111500000005,1785795366.541411584,/loadcell_data_filtered.wrench.force.z,6662.057296985831
0.419679324,1785795366.541689793,/loadcell_data_filtered.wrench.force.z,6662.081532684586
0.419962047,1785795366.541972516,/loadcell_data_filtered.wrench.force.z,6662.486393853327
0.420228333,1785795366.542238802,/loadcell_data_filtered.wrench.force.z,6660.944207169131
0.420481223,1785795366.542491692,/loadcell_data_filtered.wrench.force.z,6655.511887364539
0.42074895900000003,1785795366.542759428,/loadcell_data_filtered.wrench.force.z,6650.510194790242
0.42099675000000003,1785795366.543007219,/loadcell_data_filtered.wrench.force.z,6646.938815876776
0.421253003,1785795366.543263472,/loadcell_data_filtered.wrench.force.z,6644.081220616215
0.421545151,1785795366.543555620,/loadcell_data_filtered.wrench.force.z,6641.348429434478
0.421829787,1785795366.543840256,/loadcell_data_filtered.wrench.force.z,6640.124852166801
0.42323727800000005,1785795366.545247747,/loadcell_data_filtered.wrench.force.z,6639.950426729261
0.423572296,1785795366.545582765,/loadcell_data_filtered.wrench.force.z,6640.240379760355
0.423802618,1785795366.545813087,/loadcell_data_filtered.wrench.force.z,6641.308535877215
0.423970037,1785795366.545980506,/loadcell_data_filtered.wrench.force.z,6641.892906273034
0.42414487900000003,1785795366.546155348,/loadcell_data_filtered.wrench.force.z,6642.925303939268
0.42431998200000004,1785795366.546330451,/loadcell_data_filtered.wrench.force.z,6643.455855269979
0.424491373,1785795366.546501842,/loadcell_data_filtered.wrench.force.z,6643.547211116393
0.42465243700000005,1785795366.546662906,/loadcell_data_filtered.wrench.force.z,6642.885315837052
0.42492161500000003,1785795366.546932084,/loadcell_data_filtered.wrench.force.z,6642.677217982398
0.425340739,1785795366.547351208,/loadcell_data_filtered.wrench.force.z,6642.991100414934
0.42582866,1785795366.547839129,/loadcell_data_filtered.wrench.force.z,6648.076253896988
0.42628186900000004,1785795366.548292338,/loadcell_data_filtered.wrench.force.z,6651.765090359589
0.426979559,1785795366.548990028,/loadcell_data_filtered.wrench.force.z,6656.48958897914
0.42728417500000004,1785795366.549294644,/loadcell_data_filtered.wrench.force.z,6660.357818015683
0.427987343,1785795366.549997812,/loadcell_data_filtered.wrench.force.z,6663.567412605758
0.42842964,1785795366.550440109,/loadcell_data_filtered.wrench.force.z,6666.162229380951
0.430034738,1785795366.552045207,/loadcell_data_filtered.wrench.force.z,6667.811849410879
0.43097506700000004,1785795366.552985536,/loadcell_data_filtered.wrench.force.z,6668.37208622641
0.43154799400000005,1785795366.553558463,/loadcell_data_filtered.wrench.force.z,6669.2565328241235
0.431930888,1785795366.553941357,/loadcell_data_filtered.wrench.force.z,6670.168573575028
0.432420389,1785795366.554430858,/loadcell_data_filtered.wrench.force.z,6670.586888830116
0.43512413200000005,1785795366.557134601,/loadcell_data_filtered.wrench.force.z,6670.935536242689
0.43631699900000004,1785795366.558327468,/loadcell_data_filtered.wrench.force.z,6671.623227970817
0.436484456,1785795366.558494925,/loadcell_data_filtered.wrench.force.z,6671.604273342949
0.43661986300000005,1785795366.558630332,/loadcell_data_filtered.wrench.force.z,6672.420958346368
0.436753492,1785795366.558763961,/loadcell_data_filtered.wrench.force.z,6673.2504085807695
0.43688193200000003,1785795366.558892401,/loadcell_data_filtered.wrench.force.z,6673.6477235550055
0.43701313700000005,1785795366.559023606,/loadcell_data_filtered.wrench.force.z,6669.013762162851
0.43713584400000005,1785795366.559146313,/loadcell_data_filtered.wrench.force.z,6666.196842877067
0.440887299,1785795366.562897768,/loadcell_data_filtered.wrench.force.z,6663.1485981388905
0.44106169700000003,1785795366.563072166,/loadcell_data_filtered.wrench.force.z,6660.542782239608
0.441216957,1785795366.563227426,/loadcell_data_filtered.wrench.force.z,6658.065537166983
0.441341651,1785795366.563352120,/loadcell_data_filtered.wrench.force.z,6656.659570666427
0.44146587600000003,1785795366.563476345,/loadcell_data_filtered.wrench.force.z,6657.2117956091615
0.44158494400000003,1785795366.563595413,/loadcell_data_filtered.wrench.force.z,6657.9080844007085
0.44170311,1785795366.563713579,/loadcell_data_filtered.wrench.force.z,6658.370765885078
0.441828539,1785795366.563839008,/loadcell_data_filtered.wrench.force.z,6658.625922617106
0.44194565300000005,1785795366.563956122,/loadcell_data_filtered.wrench.force.z,6658.942225179128
0.44208297900000004,1785795366.564093448,/loadcell_data_filtered.wrench.force.z,6651.71446923371
0.44220477100000005,1785795366.564215240,/loadcell_data_filtered.wrench.force.z,6651.960042700018
0.44231554,1785795366.564326009,/loadcell_data_filtered.wrench.force.z,6649.724814363535
0.44259191000000003,1785795366.564602379,/loadcell_data_filtered.wrench.force.z,6650.260491224768
0.44271961400000004,1785795366.564730083,/loadcell_data_filtered.wrench.force.z,6650.508696778642
0.444759911,1785795366.566770380,/loadcell_data_filtered.wrench.force.z,6656.90862172972
0.44486817900000003,1785795366.566878648,/loadcell_data_filtered.wrench.force.z,6661.534797522965
0.444992031,1785795366.567002500,/loadcell_data_filtered.wrench.force.z,6664.752276125365
0.44511687800000005,1785795366.567127347,/loadcell_data_filtered.wrench.force.z,6665.416078340317
0.445233193,1785795366.567243662,/loadcell_data_filtered.wrench.force.z,6664.015655335694
0.445344569,1785795366.567355038,/loadcell_data_filtered.wrench.force.z,6665.325504714041
0.445663089,1785795366.567673558,/loadcell_data_filtered.wrench.force.z,6665.498498966713
0.446457476,1785795366.568467945,/loadcell_data_filtered.wrench.force.z,6665.558786211358
0.45066953400000004,1785795366.572680003,/loadcell_data_filtered.wrench.force.z,6665.441212906201
0.451174246,1785795366.573184715,/loadcell_data_filtered.wrench.force.z,6665.541467317613
0.45157610000000004,1785795366.573586569,/loadcell_data_filtered.wrench.force.z,6665.967069758887
0.451932396,1785795366.573942865,/loadcell_data_filtered.wrench.force.z,6666.830571890932
0.45246012,1785795366.574470589,/loadcell_data_filtered.wrench.force.z,6667.539886654192
0.452883996,1785795366.574894465,/loadcell_data_filtered.wrench.force.z,6668.2083685678335
0.45331232400000004,1785795366.575322793,/loadcell_data_filtered.wrench.force.z,6668.418928583845
0.45372957100000005,1785795366.575740040,/loadcell_data_filtered.wrench.force.z,6668.654949567419
0.454172499,1785795366.576182968,/loadcell_data_filtered.wrench.force.z,6664.779517054566
0.454596547,1785795366.576607016,/loadcell_data_filtered.wrench.force.z,6660.4730856580845
0.456451814,1785795366.578462283,/loadcell_data_filtered.wrench.force.z,6656.037533630567
0.457950248,1785795366.579960717,/loadcell_data_filtered.wrench.force.z,6652.084736120553
0.458314718,1785795366.580325187,/loadcell_data_filtered.wrench.force.z,6649.261926639934
0.458523612,1785795366.580534081,/loadcell_data_filtered.wrench.force.z,6646.824605672452
0.45873243300000005,1785795366.580742902,/loadcell_data_filtered.wrench.force.z,6645.662601213333
0.45893794800000004,1785795366.580948417,/loadcell_data_filtered.wrench.force.z,6645.588656564311
0.45918391000000003,1785795366.581194379,/loadcell_data_filtered.wrench.force.z,6645.855161377757
0.459408036,1785795366.581418505,/loadcell_data_filtered.wrench.force.z,6646.363613527268
0.459604002,1785795366.581614471,/loadcell_data_filtered.wrench.force.z,6646.769875336697
0.459790266,1785795366.581800735,/loadcell_data_filtered.wrench.force.z,6646.617987412123
0.462900837,1785795366.584911306,/loadcell_data_filtered.wrench.force.z,6646.303542725839
0.463176421,1785795366.585186890,/loadcell_data_filtered.wrench.force.z,6645.222653792595
0.46329907200000003,1785795366.585309541,/loadcell_data_filtered.wrench.force.z,6645.3126426343115
0.46366138900000003,1785795366.585671858,/loadcell_data_filtered.wrench.force.z,6643.184403266821
0.463770039,1785795366.585780508,/loadcell_data_filtered.wrench.force.z,6643.184044027823
0.463893967,1785795366.585904436,/loadcell_data_filtered.wrench.force.z,6648.754560513747
0.46401919300000005,1785795366.586029662,/loadcell_data_filtered.wrench.force.z,6652.422607146565
0.464157874,1785795366.586168343,/loadcell_data_filtered.wrench.force.z,6656.944513140818
0.46432215600000004,1785795366.586332625,/loadcell_data_filtered.wrench.force.z,6660.539166501859
0.464485028,1785795366.586495497,/loadcell_data_filtered.wrench.force.z,6663.530352528617
0.464634323,1785795366.586644792,/loadcell_data_filtered.wrench.force.z,6666.078055095945
0.46479532900000003,1785795366.586805798,/loadcell_data_filtered.wrench.force.z,6668.078486448375
0.464948544,1785795366.586959013,/loadcell_data_filtered.wrench.force.z,6669.091813468176
0.465104057,1785795366.587114526,/loadcell_data_filtered.wrench.force.z,6669.448999035824
0.46525894300000004,1785795366.587269412,/loadcell_data_filtered.wrench.force.z,6669.931148243272
0.465413122,1785795366.587423591,/loadcell_data_filtered.wrench.force.z,6668.486134991512
0.46556663600000003,1785795366.587577105,/loadcell_data_filtered.wrench.force.z,6668.727697324242
0.46570106200000005,1785795366.587711531,/loadcell_data_filtered.wrench.force.z,6668.449160461676
0.465847618,1785795366.587858087,/loadcell_data_filtered.wrench.force.z,6668.936154069293
0.466704977,1785795366.588715446,/loadcell_data_filtered.wrench.force.z,6669.155495273557
0.46687631300000004,1785795366.588886782,/loadcell_data_filtered.wrench.force.z,6669.489640741529
0.467271058,1785795366.589281527,/loadcell_data_filtered.wrench.force.z,6669.4730446119365
0.46763104200000005,1785795366.589641511,/loadcell_data_filtered.wrench.force.z,6664.291748764742
0.468128806,1785795366.590139275,/loadcell_data_filtered.wrench.force.z,6661.100759112514
0.46880613400000004,1785795366.590816603,/loadcell_data_filtered.wrench.force.z,6657.417056715429
0.4692372,1785795366.591247669,/loadcell_data_filtered.wrench.force.z,6654.484685174232
0.469818426,1785795366.591828895,/loadcell_data_filtered.wrench.force.z,6651.868517666517
0.470219215,1785795366.592229684,/loadcell_data_filtered.wrench.force.z,6650.550703381739
0.470826713,1785795366.592837182,/loadcell_data_filtered.wrench.force.z,6649.387052176754
0.473136439,1785795366.595146908,/loadcell_data_filtered.wrench.force.z,6649.443088789954
0.47329875600000004,1785795366.595309225,/loadcell_data_filtered.wrench.force.z,6649.748257180119
0.473406631,1785795366.595417100,/loadcell_data_filtered.wrench.force.z,6650.0889555797385
0.47354672000000003,1785795366.595557189,/loadcell_data_filtered.wrench.force.z,6646.177947878047
0.473681342,1785795366.595691811,/loadcell_data_filtered.wrench.force.z,6643.552282807606
0.473798056,1785795366.595808525,/loadcell_data_filtered.wrench.force.z,6642.998333004051
0.47455235300000004,1785795366.596562822,/loadcell_data_filtered.wrench.force.z,6642.54597118651
0.475488128,1785795366.597498597,/loadcell_data_filtered.wrench.force.z,6642.408910538574
0.47574825200000004,1785795366.597758721,/loadcell_data_filtered.wrench.force.z,6642.311659514887
0.47588078600000006,1785795366.597891255,/loadcell_data_filtered.wrench.force.z,6643.254608491425
0.47619817400000003,1785795366.598208643,/loadcell_data_filtered.wrench.force.z,6649.279308759489
0.47662967900000003,1785795366.598640148,/loadcell_data_filtered.wrench.force.z,6653.6862873643695
0.47720225000000005,1785795366.599212719,/loadcell_data_filtered.wrench.force.z,6657.17502270538
0.47810810800000003,1785795366.600118577,/loadcell_data_filtered.wrench.force.z,6659.855760609776
0.480445147,1785795366.602455616,/loadcell_data_filtered.wrench.force.z,6662.188474959166
0.48156322900000004,1785795366.603573698,/loadcell_data_filtered.wrench.force.z,6663.36540015817
0.48228768000000005,1785795366.604298149,/loadcell_data_filtered.wrench.force.z,6664.446093632754
0.48288981500000006,1785795366.604900284,/loadcell_data_filtered.wrench.force.z,6664.8750068040445
0.48348927,1785795366.605499739,/loadcell_data_filtered.wrench.force.z,6665.37538815906
0.484026414,1785795366.606036883,/loadcell_data_filtered.wrench.force.z,6665.080965029151
0.484590314,1785795366.606600783,/loadcell_data_filtered.wrench.force.z,6665.147861411851
0.48494785500000004,1785795366.606958324,/loadcell_data_filtered.wrench.force.z,6664.225752790603
0.48548128,1785795366.607491749,/loadcell_data_filtered.wrench.force.z,6664.113756073609
0.485897475,1785795366.607907944,/loadcell_data_filtered.wrench.force.z,6664.091868258582
0.48638243800000003,1785795366.608392907,/loadcell_data_filtered.wrench.force.z,6664.3011492654805
0.486729089,1785795366.608739558,/loadcell_data_filtered.wrench.force.z,6664.549548507821
0.48709716700000005,1785795366.609107636,/loadcell_data_filtered.wrench.force.z,6661.024188476366
0.48746194600000003,1785795366.609472415,/loadcell_data_filtered.wrench.force.z,6657.368080404116
0.48814205600000005,1785795366.610152525,/loadcell_data_filtered.wrench.force.z,6653.026354171
0.488769924,1785795366.610780393,/loadcell_data_filtered.wrench.force.z,6649.497092384006
0.489261306,1785795366.611271775,/loadcell_data_filtered.wrench.force.z,6646.638114767736
0.48971926000000005,1785795366.611729729,/loadcell_data_filtered.wrench.force.z,6644.022628085822
0.490185234,1785795366.612195703,/loadcell_data_filtered.wrench.force.z,6642.681573443578
0.49065886200000003,1785795366.612669331,/loadcell_data_filtered.wrench.force.z,6642.45001166332
0.491061436,1785795366.613071905,/loadcell_data_filtered.wrench.force.z,6642.778084108152
0.49132936600000005,1785795366.613339835,/loadcell_data_filtered.wrench.force.z,6643.433514402025
0.49159252600000003,1785795366.613602995,/loadcell_data_filtered.wrench.force.z,6643.438862923057
0.491893199,1785795366.613903668,/loadcell_data_filtered.wrench.force.z,6643.440384491481
0.49219783600000006,1785795366.614208305,/loadcell_data_filtered.wrench.force.z,6643.683698679085
0.49248257100000004,1785795366.614493040,/loadcell_data_filtered.wrench.force.z,6643.288364020309
0.492753718,1785795366.614764187,/loadcell_data_filtered.wrench.force.z,6643.012983732844
0.493049096,1785795366.615059565,/loadcell_data_filtered.wrench.force.z,6643.094656627049
0.493274323,1785795366.615284792,/loadcell_data_filtered.wrench.force.z,6642.531031365617
0.49348797400000005,1785795366.615498443,/loadcell_data_filtered.wrench.force.z,6647.836996148975
0.49369398700000006,1785795366.615704456,/loadcell_data_filtered.wrench.force.z,6651.085627103176
0.49703685400000003,1785795366.619047323,/loadcell_data_filtered.wrench.force.z,6655.3661644599715
0.49735039200000003,1785795366.619360861,/loadcell_data_filtered.wrench.force.z,6658.831411545476
0.49756644200000005,1785795366.619576911,/loadcell_data_filtered.wrench.force.z,6662.206959721586
0.497762817,1785795366.619773286,/loadcell_data_filtered.wrench.force.z,6663.933219004175
0.498012041,1785795366.620022510,/loadcell_data_filtered.wrench.force.z,6665.504535189901
0.49840911200000004,1785795366.620419581,/loadcell_data_filtered.wrench.force.z,6666.002978811578
0.49885727300000005,1785795366.620867742,/loadcell_data_filtered.wrench.force.z,6666.464209181166
0.49946097800000006,1785795366.621471447,/loadcell_data_filtered.wrench.force.z,6667.000409989571
0.499946498,1785795366.621956967,/loadcell_data_filtered.wrench.force.z,6666.537716281137
0.500393249,1785795366.622403718,/loadcell_data_filtered.wrench.force.z,6665.693388478661
0.502696765,1785795366.624707234,/loadcell_data_filtered.wrench.force.z,6665.787818315589
0.503175876,1785795366.625186345,/loadcell_data_filtered.wrench.force.z,6665.553760972099
0.503724992,1785795366.625735461,/loadcell_data_filtered.wrench.force.z,6665.053954804131
0.504162636,1785795366.626173105,/loadcell_data_filtered.wrench.force.z,6664.8536904003795
0.504525658,1785795366.626536127,/loadcell_data_filtered.wrench.force.z,6664.596352979306
0.504807023,1785795366.626817492,/loadcell_data_filtered.wrench.force.z,6658.4248967081985
0.505117693,1785795366.627128162,/loadcell_data_filtered.wrench.force.z,6654.642191366641
0.5053289750000001,1785795366.627339444,/loadcell_data_filtered.wrench.force.z,6650.7117006387
0.5054985200000001,1785795366.627508989,/loadcell_data_filtered.wrench.force.z,6647.807854800893
0.5056615050000001,1785795366.627671974,/loadcell_data_filtered.wrench.force.z,6644.865936153465
0.505824162,1785795366.627834631,/loadcell_data_filtered.wrench.force.z,6642.765455497529
0.506033957,1785795366.628044426,/loadcell_data_filtered.wrench.force.z,6641.824261708934
0.50621658,1785795366.628227049,/loadcell_data_filtered.wrench.force.z,6641.817911912536
0.506388662,1785795366.628399131,/loadcell_data_filtered.wrench.force.z,6641.955199256569
0.506540419,1785795366.628550888,/loadcell_data_filtered.wrench.force.z,6642.128621294269
0.506731606,1785795366.628742075,/loadcell_data_filtered.wrench.force.z,6642.359147200255
0.506937568,1785795366.628948037,/loadcell_data_filtered.wrench.force.z,6642.431001648846
0.5071582330000001,1785795366.629168702,/loadcell_data_filtered.wrench.force.z,6642.578251444999
0.507472426,1785795366.629482895,/loadcell_data_filtered.wrench.force.z,6642.664124197865
0.508619542,1785795366.630630011,/loadcell_data_filtered.wrench.force.z,6642.368226692179
0.5090483100000001,1785795366.631058779,/loadcell_data_filtered.wrench.force.z,6642.3357806712675
0.5094043380000001,1785795366.631414807,/loadcell_data_filtered.wrench.force.z,6644.211031999077
0.50963572,1785795366.631646189,/loadcell_data_filtered.wrench.force.z,6649.826130270336
0.510471637,1785795366.632482106,/loadcell_data_filtered.wrench.force.z,6654.732573969148
0.511005084,1785795366.633015553,/loadcell_data_filtered.wrench.force.z,6658.384711898219
0.5114407160000001,1785795366.633451185,/loadcell_data_filtered.wrench.force.z,6661.464856071443
0.511769439,1785795366.633779908,/loadcell_data_filtered.wrench.force.z,6664.161456916313
0.512175259,1785795366.634185728,/loadcell_data_filtered.wrench.force.z,6665.697753003518
0.512926185,1785795366.634936654,/loadcell_data_filtered.wrench.force.z,6666.180663599076
0.514052656,1785795366.636063125,/loadcell_data_filtered.wrench.force.z,6666.36006553445
0.5143272870000001,1785795366.636337756,/loadcell_data_filtered.wrench.force.z,6666.503472116963
0.5145417840000001,1785795366.636552253,/loadcell_data_filtered.wrench.force.z,6666.847692003135
0.514749684,1785795366.636760153,/loadcell_data_filtered.wrench.force.z,6666.820957115158
0.515694147,1785795366.637704616,/loadcell_data_filtered.wrench.force.z,6666.805439516322
0.515936943,1785795366.637947412,/loadcell_data_filtered.wrench.force.z,6666.896779624633
0.516158824,1785795366.638169293,/loadcell_data_filtered.wrench.force.z,6666.502697953999
0.5165205780000001,1785795366.638531047,/loadcell_data_filtered.wrench.force.z,6666.483084620188
0.520615047,1785795366.642625516,/loadcell_data_filtered.wrench.force.z,6666.179595610288
0.520785441,1785795366.642795910,/loadcell_data_filtered.wrench.force.z,6661.689747561328
0.520914122,1785795366.642924591,/loadcell_data_filtered.wrench.force.z,6658.236777507655
0.5210585440000001,1785795366.643069013,/loadcell_data_filtered.wrench.force.z,6647.164949163628
0.521201334,1785795366.643211803,/loadcell_data_filtered.wrench.force.z,6644.267340987729
0.521389459,1785795366.643399928,/loadcell_data_filtered.wrench.force.z,6641.849886325035
0.521574328,1785795366.643584797,/loadcell_data_filtered.wrench.force.z,6640.120361781801
0.521759349,1785795366.643769818,/loadcell_data_filtered.wrench.force.z,6638.886640248523
0.5219500410000001,1785795366.643960510,/loadcell_data_filtered.wrench.force.z,6638.370420341194
0.522141435,1785795366.644151904,/loadcell_data_filtered.wrench.force.z,6637.679342379915
0.522325426,1785795366.644335895,/loadcell_data_filtered.wrench.force.z,6637.3426521969195
0.524117242,1785795366.646127711,/loadcell_data_filtered.wrench.force.z,6637.218326725713
0.524253002,1785795366.646263471,/loadcell_data_filtered.wrench.force.z,6636.936067067575
0.5244043300000001,1785795366.646414799,/loadcell_data_filtered.wrench.force.z,6637.031753827361
0.524500194,1785795366.646510663,/loadcell_data_filtered.wrench.force.z,6630.238512158525
0.52461473,1785795366.646625199,/loadcell_data_filtered.wrench.force.z,6630.655765954779
0.524878433,1785795366.646888902,/loadcell_data_filtered.wrench.force.z,6630.546722667543
0.525348408,1785795366.647358877,/loadcell_data_filtered.wrench.force.z,6630.66206604476
0.5259497040000001,1785795366.647960173,/loadcell_data_filtered.wrench.force.z,6636.449849260774
0.52652644,1785795366.648536909,/loadcell_data_filtered.wrench.force.z,6640.368166026952
0.526865512,1785795366.648875981,/loadcell_data_filtered.wrench.force.z,6644.498667704616
0.527288702,1785795366.649299171,/loadcell_data_filtered.wrench.force.z,6648.024884819905
0.528007109,1785795366.650017578,/loadcell_data_filtered.wrench.force.z,6650.868810887911
0.5283993330000001,1785795366.650409802,/loadcell_data_filtered.wrench.force.z,6652.816054750296
0.528934456,1785795366.650944925,/loadcell_data_filtered.wrench.force.z,6654.227664394967
0.529468138,1785795366.651478607,/loadcell_data_filtered.wrench.force.z,6654.677108769694
0.5305631040000001,1785795366.652573573,/loadcell_data_filtered.wrench.force.z,6655.143564937056
0.531145445,1785795366.653155914,/loadcell_data_filtered.wrench.force.z,6656.072914635297
0.531751643,1785795366.653762112,/loadcell_data_filtered.wrench.force.z,6656.450524352431
0.532280619,1785795366.654291088,/loadcell_data_filtered.wrench.force.z,6656.6083452882185
0.5327551730000001,1785795366.654765642,/loadcell_data_filtered.wrench.force.z,6656.834029995923
0.533147055,1785795366.655157524,/loadcell_data_filtered.wrench.force.z,6657.249891600258
0.536426533,1785795366.658437002,/loadcell_data_filtered.wrench.force.z,6657.459989959459
0.536791985,1785795366.658802454,/loadcell_data_filtered.wrench.force.z,6657.4505555867345
0.537082221,1785795366.659092690,/loadcell_data_filtered.wrench.force.z,6657.997982521738
0.537384552,1785795366.659395021,/loadcell_data_filtered.wrench.force.z,6653.320294696861
0.537722111,1785795366.659732580,/loadcell_data_filtered.wrench.force.z,6649.82962939005
0.5379944950000001,1785795366.660004964,/loadcell_data_filtered.wrench.force.z,6646.74424591248
0.5382307660000001,1785795366.660241235,/loadcell_data_filtered.wrench.force.z,6644.620180204059
0.5384234720000001,1785795366.660433941,/loadcell_data_filtered.wrench.force.z,6642.503596848868
0.538604196,1785795366.660614665,/loadcell_data_filtered.wrench.force.z,6640.839882769759
0.5387877,1785795366.660798169,/loadcell_data_filtered.wrench.force.z,6638.654543504309
0.539002386,1785795366.661012855,/loadcell_data_filtered.wrench.force.z,6638.708427604933
0.53923381,1785795366.661244279,/loadcell_data_filtered.wrench.force.z,6639.261012838837
0.5394374550000001,1785795366.661447924,/loadcell_data_filtered.wrench.force.z,6639.622502986335
0.5396314320000001,1785795366.661641901,/loadcell_data_filtered.wrench.force.z,6639.674242368333
0.54284359,1785795366.664854059,/loadcell_data_filtered.wrench.force.z,6639.3383113854725
0.543235872,1785795366.665246341,/loadcell_data_filtered.wrench.force.z,6639.519766504698
0.5434125870000001,1785795366.665423056,/loadcell_data_filtered.wrench.force.z,6640.074960114609
0.543571362,1785795366.665581831,/loadcell_data_filtered.wrench.force.z,6640.772569174249
0.543752307,1785795366.665762776,/loadcell_data_filtered.wrench.force.z,6641.85320565406
0.543913657,1785795366.665924126,/loadcell_data_filtered.wrench.force.z,6644.2678358038365
0.544099019,1785795366.666109488,/loadcell_data_filtered.wrench.force.z,6650.003454482629
0.5443858220000001,1785795366.666396291,/loadcell_data_filtered.wrench.force.z,6654.60463715518
0.5446975700000001,1785795366.666708039,/loadcell_data_filtered.wrench.force.z,6657.312085487777
0.544970684,1785795366.666981153,/loadcell_data_filtered.wrench.force.z,6660.617736445521
0.545298403,1785795366.667308872,/loadcell_data_filtered.wrench.force.z,6663.393285944035
0.5455324500000001,1785795366.667542919,/loadcell_data_filtered.wrench.force.z,6664.432455506627
0.546100577,1785795366.668111046,/loadcell_data_filtered.wrench.force.z,6664.773701958039
0.546358122,1785795366.668368591,/loadcell_data_filtered.wrench.force.z,6664.769024515408
0.54687575,1785795366.668886219,/loadcell_data_filtered.wrench.force.z,6665.393217759676
0.5475377140000001,1785795366.669548183,/loadcell_data_filtered.wrench.force.z,6665.900677514825
0.548245352,1785795366.670255821,/loadcell_data_filtered.wrench.force.z,6666.041624271675
0.548868193,1785795366.670878662,/loadcell_data_filtered.wrench.force.z,6666.407874431547
0.5518618860000001,1785795366.673872355,/loadcell_data_filtered.wrench.force.z,6666.68418699941
0.5528530300000001,1785795366.674863499,/loadcell_data_filtered.wrench.force.z,6667.084996040589
0.553014479,1785795366.675024948,/loadcell_data_filtered.wrench.force.z,6667.144370489617
0.553149562,1785795366.675160031,/loadcell_data_filtered.wrench.force.z,6667.630592126952
0.553402224,1785795366.675412693,/loadcell_data_filtered.wrench.force.z,6663.431592390876
0.5536753560000001,1785795366.675685825,/loadcell_data_filtered.wrench.force.z,6660.765800199874
0.553938133,1785795366.675948602,/loadcell_data_filtered.wrench.force.z,6656.791096025434
0.554217364,1785795366.676227833,/loadcell_data_filtered.wrench.force.z,6652.884642369875
0.5550677470000001,1785795366.677078216,/loadcell_data_filtered.wrench.force.z,6648.382169510995
0.55855254,1785795366.680563009,/loadcell_data_filtered.wrench.force.z,6645.901820472507
0.558907562,1785795366.680918031,/loadcell_data_filtered.wrench.force.z,6645.916999880126
0.5591670830000001,1785795366.681177552,/loadcell_data_filtered.wrench.force.z,6646.360579920394
0.5594186520000001,1785795366.681429121,/loadcell_data_filtered.wrench.force.z,6646.983386697468
0.5596746530000001,1785795366.681685122,/loadcell_data_filtered.wrench.force.z,6646.427441956386
0.5599174490000001,1785795366.681927918,/loadcell_data_filtered.wrench.force.z,6646.592850947813
0.5601649200000001,1785795366.682175389,/loadcell_data_filtered.wrench.force.z,6646.52741977319
0.5604097600000001,1785795366.682420229,/loadcell_data_filtered.wrench.force.z,6646.447740818371
0.5606957730000001,1785795366.682706242,/loadcell_data_filtered.wrench.force.z,6646.407816934357
0.561046778,1785795366.683057247,/loadcell_data_filtered.wrench.force.z,6646.360859520964
0.561337995,1785795366.683348464,/loadcell_data_filtered.wrench.force.z,6645.056967658172
0.5616505740000001,1785795366.683661043,/loadcell_data_filtered.wrench.force.z,6648.951730711182
0.5619363460000001,1785795366.683946815,/loadcell_data_filtered.wrench.force.z,6651.996712850541
0.5622075790000001,1785795366.684218048,/loadcell_data_filtered.wrench.force.z,6655.467899162328
0.562492266,1785795366.684502735,/loadcell_data_filtered.wrench.force.z,6657.942504328164
0.562814263,1785795366.684824732,/loadcell_data_filtered.wrench.force.z,6660.927477211596
0.563993062,1785795366.686003531,/loadcell_data_filtered.wrench.force.z,6661.937774966844
0.5640008160000001,1785795366.686011285,/loadcell_data_filtered.wrench.force.z,6662.337531935814
0.564018498,1785795366.686028967,/loadcell_data_filtered.wrench.force.z,6662.261430230199
0.5642750980000001,1785795366.686285567,/loadcell_data_filtered.wrench.force.z,6662.23237984962
0.5644981370000001,1785795366.686508606,/loadcell_data_filtered.wrench.force.z,6662.383171168603
0.564776658,1785795366.686787127,/loadcell_data_filtered.wrench.force.z,6661.9146866214
0.565061958,1785795366.687072427,/loadcell_data_filtered.wrench.force.z,6662.047949832694
0.565506244,1785795366.687516713,/loadcell_data_filtered.wrench.force.z,6661.774427956787
0.566256749,1785795366.688267218,/loadcell_data_filtered.wrench.force.z,6661.753196175283
0.566707631,1785795366.688718100,/loadcell_data_filtered.wrench.force.z,6661.5088854755095
0.567149985,1785795366.689160454,/loadcell_data_filtered.wrench.force.z,6661.131909789566
0.56781731,1785795366.689827779,/loadcell_data_filtered.wrench.force.z,6660.53228031616
0.5682357880000001,1785795366.690246257,/loadcell_data_filtered.wrench.force.z,6654.626310429387
0.568526653,1785795366.690537122,/loadcell_data_filtered.wrench.force.z,6650.246058206171
0.5689051940000001,1785795366.690915663,/loadcell_data_filtered.wrench.force.z,6646.510705268743
0.5693531110000001,1785795366.691363580,/loadcell_data_filtered.wrench.force.z,6643.077465681741
0.5698460860000001,1785795366.691856555,/loadcell_data_filtered.wrench.force.z,6639.747624685605
0.571911978,1785795366.693922447,/loadcell_data_filtered.wrench.force.z,6637.949705051018
0.572234205,1785795366.694244674,/loadcell_data_filtered.wrench.force.z,6636.910242010909
0.5724526710000001,1785795366.694463140,/loadcell_data_filtered.wrench.force.z,6636.866149852031
0.5726361710000001,1785795366.694646640,/loadcell_data_filtered.wrench.force.z,6637.347030908655
0.5732132480000001,1785795366.695223717,/loadcell_data_filtered.wrench.force.z,6637.9243517623645
0.5735965190000001,1785795366.695606988,/loadcell_data_filtered.wrench.force.z,6636.9751242538205
0.573803685,1785795366.695814154,/loadcell_data_filtered.wrench.force.z,6637.1865915990375
0.5739985630000001,1785795366.696009032,/loadcell_data_filtered.wrench.force.z,6637.465483692077
0.5741859140000001,1785795366.696196383,/loadcell_data_filtered.wrench.force.z,6636.938251843551
0.57505381,1785795366.697064279,/loadcell_data_filtered.wrench.force.z,6636.887293078479
0.575299538,1785795366.697310007,/loadcell_data_filtered.wrench.force.z,6637.026568408139
0.575855028,1785795366.697865497,/loadcell_data_filtered.wrench.force.z,6639.949713877661
0.5762032,1785795366.698213669,/loadcell_data_filtered.wrench.force.z,6644.719398789022
0.576903377,1785795366.698913846,/loadcell_data_filtered.wrench.force.z,6649.444475584752
0.577269307,1785795366.699279776,/loadcell_data_filtered.wrench.force.z,6653.585411788832
0.577765496,1785795366.699775965,/loadcell_data_filtered.wrench.force.z,6657.0930775715515
0.578416581,1785795366.700427050,/loadcell_data_filtered.wrench.force.z,6660.367562992152
0.579030563,1785795366.701041032,/loadcell_data_filtered.wrench.force.z,6662.15455855591
0.579351724,1785795366.701362193,/loadcell_data_filtered.wrench.force.z,6663.348527978401
0.580766632,1785795366.702777101,/loadcell_data_filtered.wrench.force.z,6664.249159491507
0.581295752,1785795366.703306221,/loadcell_data_filtered.wrench.force.z,6665.050683982512
0.581748449,1785795366.703758918,/loadcell_data_filtered.wrench.force.z,6666.091982820926
0.582168314,1785795366.704178783,/loadcell_data_filtered.wrench.force.z,6666.864898543087
0.582492144,1785795366.704502613,/loadcell_data_filtered.wrench.force.z,6667.891759159633
0.58281339,1785795366.704823859,/loadcell_data_filtered.wrench.force.z,6668.654110079727
0.583138582,1785795366.705149051,/loadcell_data_filtered.wrench.force.z,6669.20301786922
0.5834039870000001,1785795366.705414456,/loadcell_data_filtered.wrench.force.z,6670.178718790088
0.5837677410000001,1785795366.705778210,/loadcell_data_filtered.wrench.force.z,6670.6060291996555
0.584294588,1785795366.706305057,/loadcell_data_filtered.wrench.force.z,6666.050394528445
0.584750914,1785795366.706761383,/loadcell_data_filtered.wrench.force.z,6663.45851402226
0.585960212,1785795366.707970681,/loadcell_data_filtered.wrench.force.z,6659.994333351843
0.58717839,1785795366.709188859,/loadcell_data_filtered.wrench.force.z,6657.240786922833
0.587382057,1785795366.709392526,/loadcell_data_filtered.wrench.force.z,6654.851836901493
0.5875467790000001,1785795366.709557248,/loadcell_data_filtered.wrench.force.z,6652.938110420047
0.587698158,1785795366.709708627,/loadcell_data_filtered.wrench.force.z,6651.243539234048
0.587856672,1785795366.709867141,/loadcell_data_filtered.wrench.force.z,6650.799270208491
0.588196814,1785795366.710207283,/loadcell_data_filtered.wrench.force.z,6650.6324717824855
0.588703081,1785795366.710713550,/loadcell_data_filtered.wrench.force.z,6650.6673250009135
0.594330962,1785795366.716341431,/loadcell_data_filtered.wrench.force.z,6649.9689405198105
0.594476835,1785795366.716487304,/loadcell_data_filtered.wrench.force.z,6648.955626927956
0.594600121,1785795366.716610590,/loadcell_data_filtered.wrench.force.z,6648.684498581651
0.594720154,1785795366.716730623,/loadcell_data_filtered.wrench.force.z,6648.464127899222
0.5948543070000001,1785795366.716864776,/loadcell_data_filtered.wrench.force.z,6647.618885424301
0.594976383,1785795366.716986852,/loadcell_data_filtered.wrench.force.z,6647.249641380018
0.59509239,1785795366.717102859,/loadcell_data_filtered.wrench.force.z,6647.243909548371
0.595245064,1785795366.717255533,/loadcell_data_filtered.wrench.force.z,6652.667209222909
0.595429314,1785795366.717439783,/loadcell_data_filtered.wrench.force.z,6651.444505425426
0.6002284870000001,1785795366.722238956,/loadcell_data_filtered.wrench.force.z,6652.598893412065
0.600676571,1785795366.722687040,/loadcell_data_filtered.wrench.force.z,6655.680524793477
0.600956569,1785795366.722967038,/loadcell_data_filtered.wrench.force.z,6656.949480896436
0.6013133660000001,1785795366.723323835,/loadcell_data_filtered.wrench.force.z,6658.339317243581
0.6017166310000001,1785795366.723727100,/loadcell_data_filtered.wrench.force.z,6659.23628994578
0.60214537,1785795366.724155839,/loadcell_data_filtered.wrench.force.z,6659.814253892132
0.6025486160000001,1785795366.724559085,/loadcell_data_filtered.wrench.force.z,6660.385377325112
0.602864221,1785795366.724874690,/loadcell_data_filtered.wrench.force.z,6661.129542817295
0.603143343,1785795366.725153812,/loadcell_data_filtered.wrench.force.z,6661.868615717083
0.603416554,1785795366.725427023,/loadcell_data_filtered.wrench.force.z,6662.584789510156
0.603732087,1785795366.725742556,/loadcell_data_filtered.wrench.force.z,6663.628492315132
0.604030009,1785795366.726040478,/loadcell_data_filtered.wrench.force.z,6664.706387757221
0.6042776480000001,1785795366.726288117,/loadcell_data_filtered.wrench.force.z,6664.701283422604
0.604513905,1785795366.726524374,/loadcell_data_filtered.wrench.force.z,6657.603803438471
0.604815434,1785795366.726825903,/loadcell_data_filtered.wrench.force.z,6654.172244749351
0.605164857,1785795366.727175326,/loadcell_data_filtered.wrench.force.z,6651.419785548653
0.60545644,1785795366.727466909,/loadcell_data_filtered.wrench.force.z,6647.851593068062
0.6057173680000001,1785795366.727727837,/loadcell_data_filtered.wrench.force.z,6645.190493252491
0.60596048,1785795366.727970949,/loadcell_data_filtered.wrench.force.z,6644.078281428479
0.606168291,1785795366.728178760,/loadcell_data_filtered.wrench.force.z,6644.092681284956
0.606357538,1785795366.728368007,/loadcell_data_filtered.wrench.force.z,6644.898631878419
0.606542943,1785795366.728553412,/loadcell_data_filtered.wrench.force.z,6646.028447460162
0.6067249640000001,1785795366.728735433,/loadcell_data_filtered.wrench.force.z,6647.022375184633
0.606925438,1785795366.728935907,/loadcell_data_filtered.wrench.force.z,6647.4469603240095
0.607159604,1785795366.729170073,/loadcell_data_filtered.wrench.force.z,6646.721369730729
0.6073517780000001,1785795366.729362247,/loadcell_data_filtered.wrench.force.z,6646.828572741574
0.6076373820000001,1785795366.729647851,/loadcell_data_filtered.wrench.force.z,6646.458318449721
0.6080334860000001,1785795366.730043955,/loadcell_data_filtered.wrench.force.z,6645.601001451549
0.608573574,1785795366.730584043,/loadcell_data_filtered.wrench.force.z,6645.204294496115
0.609254646,1785795366.731265115,/loadcell_data_filtered.wrench.force.z,6648.797763604751
0.609540378,1785795366.731550847,/loadcell_data_filtered.wrench.force.z,6652.402539846414
0.609998186,1785795366.732008655,/loadcell_data_filtered.wrench.force.z,6656.387084364304
0.610479147,1785795366.732489616,/loadcell_data_filtered.wrench.force.z,6659.48626030107
0.611256432,1785795366.733266901,/loadcell_data_filtered.wrench.force.z,6661.795397361384
0.611695035,1785795366.733705504,/loadcell_data_filtered.wrench.force.z,6663.695907730626
0.612237299,1785795366.734247768,/loadcell_data_filtered.wrench.force.z,6664.645999043296
0.6126947500000001,1785795366.734705219,/loadcell_data_filtered.wrench.force.z,6664.698576332781
0.61586653,1785795366.737876999,/loadcell_data_filtered.wrench.force.z,6664.411508170824
0.616363596,1785795366.738374065,/loadcell_data_filtered.wrench.force.z,6664.355807770204
0.616750825,1785795366.738761294,/loadcell_data_filtered.wrench.force.z,6664.900002106554
0.6170064670000001,1785795366.739016936,/loadcell_data_filtered.wrench.force.z,6665.016915891579
0.6172326370000001,1785795366.739243106,/loadcell_data_filtered.wrench.force.z,6665.512730917284
0.6174489230000001,1785795366.739459392,/loadcell_data_filtered.wrench.force.z,6665.888398232865
0.617674048,1785795366.739684517,/loadcell_data_filtered.wrench.force.z,6666.118971937126
0.617904259,1785795366.739914728,/loadcell_data_filtered.wrench.force.z,6664.439021662383
0.618133668,1785795366.740144137,/loadcell_data_filtered.wrench.force.z,6664.311129129677
0.618348643,1785795366.740359112,/loadcell_data_filtered.wrench.force.z,6658.868066717901
0.61853879,1785795366.740549259,/loadcell_data_filtered.wrench.force.z,6655.727740947338
0.6187441300000001,1785795366.740754599,/loadcell_data_filtered.wrench.force.z,6651.853190576994
0.6190326740000001,1785795366.741043143,/loadcell_data_filtered.wrench.force.z,6648.455606412673
0.6196280750000001,1785795366.741638544,/loadcell_data_filtered.wrench.force.z,6645.836991467896
0.6221300700000001,1785795366.744140539,/loadcell_data_filtered.wrench.force.z,6643.829648981764
0.622332137,1785795366.744342606,/loadcell_data_filtered.wrench.force.z,6642.234203474909
0.6224675270000001,1785795366.744477996,/loadcell_data_filtered.wrench.force.z,6642.926503947282
0.6226175930000001,1785795366.744628062,/loadcell_data_filtered.wrench.force.z,6643.8990585648635
0.62274417,1785795366.744754639,/loadcell_data_filtered.wrench.force.z,6644.638728861188
0.622864006,1785795366.744874475,/loadcell_data_filtered.wrench.force.z,6644.5864665103045
0.623177759,1785795366.745188228,/loadcell_data_filtered.wrench.force.z,6644.101558117838
0.623394854,1785795366.745405323,/loadcell_data_filtered.wrench.force.z,6644.357503422181
0.624020902,1785795366.746031371,/loadcell_data_filtered.wrench.force.z,6643.728782217276
0.6244906020000001,1785795366.746501071,/loadcell_data_filtered.wrench.force.z,6643.545050457043
0.625035014,1785795366.747045483,/loadcell_data_filtered.wrench.force.z,6643.4844350718195
0.6282460320000001,1785795366.750256501,/loadcell_data_filtered.wrench.force.z,6643.49242180867
0.6286851370000001,1785795366.750695606,/loadcell_data_filtered.wrench.force.z,6649.208321156811
0.629015418,1785795366.751025887,/loadcell_data_filtered.wrench.force.z,6653.9249356531145
0.629375679,1785795366.751386148,/loadcell_data_filtered.wrench.force.z,6658.441464218322
0.629720406,1785795366.751730875,/loadcell_data_filtered.wrench.force.z,6662.109172008494
0.630111512,1785795366.752121981,/loadcell_data_filtered.wrench.force.z,6665.874307054916
0.630426991,1785795366.752437460,/loadcell_data_filtered.wrench.force.z,6667.970014807617
0.630688486,1785795366.752698955,/loadcell_data_filtered.wrench.force.z,6667.648290894342
0.630934132,1785795366.752944601,/loadcell_data_filtered.wrench.force.z,6667.485719264946
0.631239242,1785795366.753249711,/loadcell_data_filtered.wrench.force.z,6667.940219979129
0.6316171380000001,1785795366.753627607,/loadcell_data_filtered.wrench.force.z,6668.343679872604
0.6320420290000001,1785795366.754052498,/loadcell_data_filtered.wrench.force.z,6668.413960759958
0.6324796370000001,1785795366.754490106,/loadcell_data_filtered.wrench.force.z,6669.151522475537
0.632868308,1785795366.754878777,/loadcell_data_filtered.wrench.force.z,6669.393484835119
0.6332190050000001,1785795366.755229474,/loadcell_data_filtered.wrench.force.z,6669.862498326171
0.633582517,1785795366.755592986,/loadcell_data_filtered.wrench.force.z,6670.409474496276
0.633980517,1785795366.755990986,/loadcell_data_filtered.wrench.force.z,6670.47966798855
0.6342773030000001,1785795366.756287772,/loadcell_data_filtered.wrench.force.z,6669.370564537569
0.634555187,1785795366.756565656,/loadcell_data_filtered.wrench.force.z,6664.106324317628
0.6348939840000001,1785795366.756904453,/loadcell_data_filtered.wrench.force.z,6660.221855285257
0.6376369900000001,1785795366.759647459,/loadcell_data_filtered.wrench.force.z,6656.9899935232215
0.638106626,1785795366.760117095,/loadcell_data_filtered.wrench.force.z,6654.3589897461015
0.6383865710000001,1785795366.760397040,/loadcell_data_filtered.wrench.force.z,6652.5295705643575
0.638662238,1785795366.760672707,/loadcell_data_filtered.wrench.force.z,6651.781360363733
0.6389851320000001,1785795366.760995601,/loadcell_data_filtered.wrench.force.z,6652.40786960207
0.639246037,1785795366.761256506,/loadcell_data_filtered.wrench.force.z,6653.256724046802
0.6395087060000001,1785795366.761519175,/loadcell_data_filtered.wrench.force.z,6654.186878069218
0.6397039870000001,1785795366.761714456,/loadcell_data_filtered.wrench.force.z,6654.199821248234
0.6400310410000001,1785795366.762041510,/loadcell_data_filtered.wrench.force.z,6654.328089164326
0.640289954,1785795366.762300423,/loadcell_data_filtered.wrench.force.z,6654.196601616657
0.6404953600000001,1785795366.762505829,/loadcell_data_filtered.wrench.force.z,6654.310445913862
0.6409067820000001,1785795366.762917251,/loadcell_data_filtered.wrench.force.z,6654.287086900225
0.641389631,1785795366.763400100,/loadcell_data_filtered.wrench.force.z,6654.4440032227785
0.641969855,1785795366.763980324,/loadcell_data_filtered.wrench.force.z,6654.438419076854
0.6424173750000001,1785795366.764427844,/loadcell_data_filtered.wrench.force.z,6658.558617943868
0.64286082,1785795366.764871289,/loadcell_data_filtered.wrench.force.z,6662.0223894183055
0.6434873720000001,1785795366.765497841,/loadcell_data_filtered.wrench.force.z,6666.36983688074
0.643888412,1785795366.765898881,/loadcell_data_filtered.wrench.force.z,6669.545394137245
0.644647658,1785795366.766658127,/loadcell_data_filtered.wrench.force.z,6672.250418199606
0.6450825410000001,1785795366.767093010,/loadcell_data_filtered.wrench.force.z,6675.039950367152
0.6455289430000001,1785795366.767539412,/loadcell_data_filtered.wrench.force.z,6676.283048421344
0.6482268950000001,1785795366.770237364,/loadcell_data_filtered.wrench.force.z,6676.611704933305
0.648436847,1785795366.770447316,/loadcell_data_filtered.wrench.force.z,6676.824832214598
0.648593068,1785795366.770603537,/loadcell_data_filtered.wrench.force.z,6677.231914542787
0.648743751,1785795366.770754220,/loadcell_data_filtered.wrench.force.z,6677.998357750359
0.6488845200000001,1785795366.770894989,/loadcell_data_filtered.wrench.force.z,6670.9762365104
0.649006427,1785795366.771016896,/loadcell_data_filtered.wrench.force.z,6671.346811626133
0.6491350640000001,1785795366.771145533,/loadcell_data_filtered.wrench.force.z,6670.484989821378
0.6496184460000001,1785795366.771628915,/loadcell_data_filtered.wrench.force.z,6670.561321579029
0.649907048,1785795366.771917517,/loadcell_data_filtered.wrench.force.z,6670.539660630705
0.650366415,1785795366.772376884,/loadcell_data_filtered.wrench.force.z,6670.432054994984
0.650825655,1785795366.772836124,/loadcell_data_filtered.wrench.force.z,6665.488010482012
0.652185114,1785795366.774195583,/loadcell_data_filtered.wrench.force.z,6662.501615824316
0.654143598,1785795366.776154067,/loadcell_data_filtered.wrench.force.z,6658.955094900452
0.654252409,1785795366.776262878,/loadcell_data_filtered.wrench.force.z,6656.4810317090805
0.654441715,1785795366.776452184,/loadcell_data_filtered.wrench.force.z,6654.166342195697
0.654560035,1785795366.776570504,/loadcell_data_filtered.wrench.force.z,6652.871240566608
0.654740859,1785795366.776751328,/loadcell_data_filtered.wrench.force.z,6652.197788106297
0.6547898870000001,1785795366.776800356,/loadcell_data_filtered.wrench.force.z,6653.0376380449625
0.654903605,1785795366.776914074,/loadcell_data_filtered.wrench.force.z,6653.364732563013
0.6554336620000001,1785795366.777444131,/loadcell_data_filtered.wrench.force.z,6653.309635465122
0.656419557,1785795366.778430026,/loadcell_data_filtered.wrench.force.z,6653.506621865615
0.656913068,1785795366.778923537,/loadcell_data_filtered.wrench.force.z,6653.490867164967
0.657296045,1785795366.779306514,/loadcell_data_filtered.wrench.force.z,6653.741504178156
0.660659746,1785795366.782670215,/loadcell_data_filtered.wrench.force.z,6653.804505025752
0.661111809,1785795366.783122278,/loadcell_data_filtered.wrench.force.z,6653.813404340324
0.661469604,1785795366.783480073,/loadcell_data_filtered.wrench.force.z,6654.822827592042
0.6617813880000001,1785795366.783791857,/loadcell_data_filtered.wrench.force.z,6655.6432527598645
0.662099266,1785795366.784109735,/loadcell_data_filtered.wrench.force.z,6661.921595563512
0.662375577,1785795366.784386046,/loadcell_data_filtered.wrench.force.z,6666.892917458225
0.662629177,1785795366.784639646,/loadcell_data_filtered.wrench.force.z,6671.271887746471
0.6629345990000001,1785795366.784945068,/loadcell_data_filtered.wrench.force.z,6675.085082108392
0.663232354,1785795366.785242823,/loadcell_data_filtered.wrench.force.z,6676.962692094288
0.663592578,1785795366.785603047,/loadcell_data_filtered.wrench.force.z,6676.979395541013
0.6639504390000001,1785795366.785960908,/loadcell_data_filtered.wrench.force.z,6677.7159902453
0.6644157260000001,1785795366.786426195,/loadcell_data_filtered.wrench.force.z,6677.651839219292
0.664845729,1785795366.786856198,/loadcell_data_filtered.wrench.force.z,6677.4375589828505
0.665296878,1785795366.787307347,/loadcell_data_filtered.wrench.force.z,6677.589729747833
0.665736995,1785795366.787747464,/loadcell_data_filtered.wrench.force.z,6677.234766874139
0.6662340840000001,1785795366.788244553,/loadcell_data_filtered.wrench.force.z,6676.60646780176
0.666721988,1785795366.788732457,/loadcell_data_filtered.wrench.force.z,6675.7063338402395
0.6671278930000001,1785795366.789138362,/loadcell_data_filtered.wrench.force.z,6675.213913407653
0.6674882000000001,1785795366.789498669,/loadcell_data_filtered.wrench.force.z,6674.967557348131
0.66773525,1785795366.789745719,/loadcell_data_filtered.wrench.force.z,6674.246222299671
0.66799366,1785795366.790004129,/loadcell_data_filtered.wrench.force.z,6671.752975611035
0.66841543,1785795366.790425899,/loadcell_data_filtered.wrench.force.z,6666.3541585537105
0.6688609600000001,1785795366.790871429,/loadcell_data_filtered.wrench.force.z,6661.303407990185
0.6692679020000001,1785795366.791278371,/loadcell_data_filtered.wrench.force.z,6657.858985929152
0.6704015280000001,1785795366.792411997,/loadcell_data_filtered.wrench.force.z,6653.953348838512
0.671498691,1785795366.793509160,/loadcell_data_filtered.wrench.force.z,6649.957755608787
0.67170965,1785795366.793720119,/loadcell_data_filtered.wrench.force.z,6648.274923935489
0.6718480490000001,1785795366.793858518,/loadcell_data_filtered.wrench.force.z,6647.9618028445975
0.672002839,1785795366.794013308,/loadcell_data_filtered.wrench.force.z,6647.649162847035
0.6721322900000001,1785795366.794142759,/loadcell_data_filtered.wrench.force.z,6647.4270603154655
0.6732323210000001,1785795366.795242790,/loadcell_data_filtered.wrench.force.z,6646.6553370237225
0.674670828,1785795366.796681297,/loadcell_data_filtered.wrench.force.z,6646.104315946657
0.674833769,1785795366.796844238,/loadcell_data_filtered.wrench.force.z,6645.561588001603
0.674967627,1785795366.796978096,/loadcell_data_filtered.wrench.force.z,6645.458441289376
0.675111334,1785795366.797121803,/loadcell_data_filtered.wrench.force.z,6644.55011255507
0.675236108,1785795366.797246577,/loadcell_data_filtered.wrench.force.z,6644.2801022021995
0.67550314,1785795366.797513609,/loadcell_data_filtered.wrench.force.z,6643.740575737595
0.6759589970000001,1785795366.797969466,/loadcell_data_filtered.wrench.force.z,6647.599439365955
0.67624973,1785795366.798260199,/loadcell_data_filtered.wrench.force.z,6651.048526592881
0.677119679,1785795366.799130148,/loadcell_data_filtered.wrench.force.z,6654.944339142432
0.677295281,1785795366.799305750,/loadcell_data_filtered.wrench.force.z,6657.901726975729
0.6780843820000001,1785795366.800094851,/loadcell_data_filtered.wrench.force.z,6660.850056129076
0.681035397,1785795366.803045866,/loadcell_data_filtered.wrench.force.z,6662.32991553277
0.681244289,1785795366.803254758,/loadcell_data_filtered.wrench.force.z,6663.580417654084
0.681691915,1785795366.803702384,/loadcell_data_filtered.wrench.force.z,6664.42972964798
0.6821040140000001,1785795366.804114483,/loadcell_data_filtered.wrench.force.z,6664.597939871701
0.682643795,1785795366.804654264,/loadcell_data_filtered.wrench.force.z,6665.035494185816
0.6831009140000001,1785795366.805111383,/loadcell_data_filtered.wrench.force.z,6665.641181779042
0.6834805500000001,1785795366.805491019,/loadcell_data_filtered.wrench.force.z,6665.296945249867
0.6838004320000001,1785795366.805810901,/loadcell_data_filtered.wrench.force.z,6664.424739168827
0.684127045,1785795366.806137514,/loadcell_data_filtered.wrench.force.z,6664.197684957967
0.684310384,1785795366.806320853,/loadcell_data_filtered.wrench.force.z,6663.841345984949
0.684504019,1785795366.806514488,/loadcell_data_filtered.wrench.force.z,6663.618881097491
0.684808025,1785795366.806818494,/loadcell_data_filtered.wrench.force.z,6663.324680123227
0.685419094,1785795366.807429563,/loadcell_data_filtered.wrench.force.z,6657.8419046692625
0.6857108110000001,1785795366.807721280,/loadcell_data_filtered.wrench.force.z,6654.367195005409
0.686095346,1785795366.808105815,/loadcell_data_filtered.wrench.force.z,6650.6939857216985
0.6864385540000001,1785795366.808449023,/loadcell_data_filtered.wrench.force.z,6647.530730260077
0.68750933,1785795366.809519799,/loadcell_data_filtered.wrench.force.z,6644.283327465938
0.6881086700000001,1785795366.810119139,/loadcell_data_filtered.wrench.force.z,6642.565502552212
0.688593722,1785795366.810604191,/loadcell_data_filtered.wrench.force.z,6641.051833380335
0.6898676460000001,1785795366.811878115,/loadcell_data_filtered.wrench.force.z,6641.07551545237
0.690332025,1785795366.812342494,/loadcell_data_filtered.wrench.force.z,6641.792279747128
0.6906429860000001,1785795366.812653455,/loadcell_data_filtered.wrench.force.z,6642.170343947885
0.690953142,1785795366.812963611,/loadcell_data_filtered.wrench.force.z,6642.407746635253
0.6912893090000001,1785795366.813299778,/loadcell_data_filtered.wrench.force.z,6642.461278769379
0.69154052,1785795366.813550989,/loadcell_data_filtered.wrench.force.z,6642.777004594357
0.691791766,1785795366.813802235,/loadcell_data_filtered.wrench.force.z,6643.146261032346
0.69205083,1785795366.814061299,/loadcell_data_filtered.wrench.force.z,6643.457096961476
0.692297182,1785795366.814307651,/loadcell_data_filtered.wrench.force.z,6644.148489315722
0.6925074880000001,1785795366.814517957,/loadcell_data_filtered.wrench.force.z,6644.989214111063
0.6927927340000001,1785795366.814803203,/loadcell_data_filtered.wrench.force.z,6651.198685571623
0.693408876,1785795366.815419345,/loadcell_data_filtered.wrench.force.z,6656.527542097051
0.693769583,1785795366.815780052,/loadcell_data_filtered.wrench.force.z,6660.84794350314
0.694477011,1785795366.816487480,/loadcell_data_filtered.wrench.force.z,6664.758392518528
0.694669211,1785795366.816679680,/loadcell_data_filtered.wrench.force.z,6668.388181591303
0.6951811210000001,1785795366.817191590,/loadcell_data_filtered.wrench.force.z,6670.585824656333
0.695613318,1785795366.817623787,/loadcell_data_filtered.wrench.force.z,6672.089653773258
0.6961039450000001,1785795366.818114414,/loadcell_data_filtered.wrench.force.z,6672.775772879373
0.697196114,1785795366.819206583,/loadcell_data_filtered.wrench.force.z,6673.675281346567
0.6976288270000001,1785795366.819639296,/loadcell_data_filtered.wrench.force.z,6674.441064505496
0.698056291,1785795366.820066760,/loadcell_data_filtered.wrench.force.z,6674.9641114580845
0.70219454,1785795366.824205009,/loadcell_data_filtered.wrench.force.z,6675.867318557046
0.702639122,1785795366.824649591,/loadcell_data_filtered.wrench.force.z,6676.251153948528
0.702950967,1785795366.824961436,/loadcell_data_filtered.wrench.force.z,6677.1229658172015
0.7031516600000001,1785795366.825162129,/loadcell_data_filtered.wrench.force.z,6678.143842912453
0.703345168,1785795366.825355637,/loadcell_data_filtered.wrench.force.z,6679.030474550335
0.70355402,1785795366.825564489,/loadcell_data_filtered.wrench.force.z,6676.980879351716
0.7037600260000001,1785795366.825770495,/loadcell_data_filtered.wrench.force.z,6673.46356286925
0.7039423210000001,1785795366.825952790,/loadcell_data_filtered.wrench.force.z,6669.714937474516
0.704163356,1785795366.826173825,/loadcell_data_filtered.wrench.force.z,6666.598510625176
0.7043427990000001,1785795366.826353268,/loadcell_data_filtered.wrench.force.z,6662.830364326216
0.704862214,1785795366.826872683,/loadcell_data_filtered.wrench.force.z,6659.345506567662
0.7050839720000001,1785795366.827094441,/loadcell_data_filtered.wrench.force.z,6657.532966784054
0.705293825,1785795366.827304294,/loadcell_data_filtered.wrench.force.z,6657.2172421119185
0.7055057760000001,1785795366.827516245,/loadcell_data_filtered.wrench.force.z,6657.663071410532
0.7056825760000001,1785795366.827693045,/loadcell_data_filtered.wrench.force.z,6657.33629791424
0.705851816,1785795366.827862285,/loadcell_data_filtered.wrench.force.z,6655.857758273327
0.706117691,1785795366.828128160,/loadcell_data_filtered.wrench.force.z,6655.35473093213
0.706649627,1785795366.828660096,/loadcell_data_filtered.wrench.force.z,6654.3967530684395
0.707309433,1785795366.829319902,/loadcell_data_filtered.wrench.force.z,6653.483560321591
0.709660134,1785795366.831670603,/loadcell_data_filtered.wrench.force.z,6652.923859733717
0.7100564840000001,1785795366.832066953,/loadcell_data_filtered.wrench.force.z,6652.347194095735
0.710319142,1785795366.832329611,/loadcell_data_filtered.wrench.force.z,6651.900813215849
0.71060387,1785795366.832614339,/loadcell_data_filtered.wrench.force.z,6651.049659032755
0.7108331800000001,1785795366.832843649,/loadcell_data_filtered.wrench.force.z,6653.319179726591
0.711119218,1785795366.833129687,/loadcell_data_filtered.wrench.force.z,6656.41026144766
0.711421497,1785795366.833431966,/loadcell_data_filtered.wrench.force.z,6659.1220735744755
0.711696866,1785795366.833707335,/loadcell_data_filtered.wrench.force.z,6661.412669705189
0.7119384430000001,1785795366.833948912,/loadcell_data_filtered.wrench.force.z,6662.715690824307
0.712437655,1785795366.834448124,/loadcell_data_filtered.wrench.force.z,6663.76881883987
0.712798723,1785795366.834809192,/loadcell_data_filtered.wrench.force.z,6664.058938562886
0.713723212,1785795366.835733681,/loadcell_data_filtered.wrench.force.z,6664.140667085674
0.7140603640000001,1785795366.836070833,/loadcell_data_filtered.wrench.force.z,6664.311724712826
0.7173188380000001,1785795366.839329307,/loadcell_data_filtered.wrench.force.z,6664.2742658325915
0.717639573,1785795366.839650042,/loadcell_data_filtered.wrench.force.z,6664.222630181315
0.717906879,1785795366.839917348,/loadcell_data_filtered.wrench.force.z,6664.780870758608
0.7181615050000001,1785795366.840171974,/loadcell_data_filtered.wrench.force.z,6665.31304248343
0.718396753,1785795366.840407222,/loadcell_data_filtered.wrench.force.z,6665.607507459086
0.7186636590000001,1785795366.840674128,/loadcell_data_filtered.wrench.force.z,6665.736146374676
0.7190440650000001,1785795366.841054534,/loadcell_data_filtered.wrench.force.z,6665.965140934154
0.7194708320000001,1785795366.841481301,/loadcell_data_filtered.wrench.force.z,6659.552264021558
0.7198298280000001,1785795366.841840297,/loadcell_data_filtered.wrench.force.z,6654.876786758035
0.72016022,1785795366.842170689,/loadcell_data_filtered.wrench.force.z,6650.9022075389385
0.720485327,1785795366.842495796,/loadcell_data_filtered.wrench.force.z,6647.304629479175
0.720765981,1785795366.842776450,/loadcell_data_filtered.wrench.force.z,6643.974666588097
0.7209997220000001,1785795366.843010191,/loadcell_data_filtered.wrench.force.z,6641.9106360395535
0.721213761,1785795366.843224230,/loadcell_data_filtered.wrench.force.z,6640.51115023039
0.721392314,1785795366.843402783,/loadcell_data_filtered.wrench.force.z,6639.856727548437
0.72174698,1785795366.843757449,/loadcell_data_filtered.wrench.force.z,6639.529698046846
0.7220705580000001,1785795366.844081027,/loadcell_data_filtered.wrench.force.z,6639.181727381797
0.7247260130000001,1785795366.846736482,/loadcell_data_filtered.wrench.force.z,6638.526381364844
0.725048531,1785795366.847059000,/loadcell_data_filtered.wrench.force.z,6638.008082591718
0.725228105,1785795366.847238574,/loadcell_data_filtered.wrench.force.z,6637.731657883034
0.7253907540000001,1785795366.847401223,/loadcell_data_filtered.wrench.force.z,6637.476774386453
0.725556239,1785795366.847566708,/loadcell_data_filtered.wrench.force.z,6637.330136926952
0.7257205760000001,1785795366.847731045,/loadcell_data_filtered.wrench.force.z,6636.49849777986
0.7258771260000001,1785795366.847887595,/loadcell_data_filtered.wrench.force.z,6635.941556472369
0.726147364,1785795366.848157833,/loadcell_data_filtered.wrench.force.z,6641.135161791014
0.7265829410000001,1785795366.848593410,/loadcell_data_filtered.wrench.force.z,6645.548301776181
0.727044205,1785795366.849054674,/loadcell_data_filtered.wrench.force.z,6648.97053306775
0.727746514,1785795366.849756983,/loadcell_data_filtered.wrench.force.z,6651.597546472448
0.728173191,1785795366.850183660,/loadcell_data_filtered.wrench.force.z,6654.546144136284
0.7286975950000001,1785795366.850708064,/loadcell_data_filtered.wrench.force.z,6655.8862350447325
0.7290743120000001,1785795366.851084781,/loadcell_data_filtered.wrench.force.z,6656.56032216936
0.7303679070000001,1785795366.852378376,/loadcell_data_filtered.wrench.force.z,6656.655799311015
0.7307731030000001,1785795366.852783572,/loadcell_data_filtered.wrench.force.z,6656.887378991939
0.7311177870000001,1785795366.853128256,/loadcell_data_filtered.wrench.force.z,6657.556081923623
0.731523895,1785795366.853534364,/loadcell_data_filtered.wrench.force.z,6657.294640302985
0.7330126450000001,1785795366.855023114,/loadcell_data_filtered.wrench.force.z,6657.844200717875
0.733040593,1785795366.855051062,/loadcell_data_filtered.wrench.force.z,6658.374758923458
0.733045128,1785795366.855055597,/loadcell_data_filtered.wrench.force.z,6658.639098600906
0.733770472,1785795366.855780941,/loadcell_data_filtered.wrench.force.z,6658.949416550832
0.735613901,1785795366.857624370,/loadcell_data_filtered.wrench.force.z,6659.621417744485
0.7360576200000001,1785795366.858068089,/loadcell_data_filtered.wrench.force.z,6656.6094629138615
0.736549035,1785795366.858559504,/loadcell_data_filtered.wrench.force.z,6653.2802417502935
0.7370195340000001,1785795366.859030003,/loadcell_data_filtered.wrench.force.z,6642.7676939074845
0.7374431140000001,1785795366.859453583,/loadcell_data_filtered.wrench.force.z,6640.245252116183
0.737801848,1785795366.859812317,/loadcell_data_filtered.wrench.force.z,6637.042579963891
0.738156578,1785795366.860167047,/loadcell_data_filtered.wrench.force.z,6634.878270265278
0.738327681,1785795366.860338150,/loadcell_data_filtered.wrench.force.z,6633.66809639067
0.741538036,1785795366.863548505,/loadcell_data_filtered.wrench.force.z,6633.622340517711
0.7418120250000001,1785795366.863822494,/loadcell_data_filtered.wrench.force.z,6634.207471369484
0.741970466,1785795366.863980935,/loadcell_data_filtered.wrench.force.z,6635.261474485748
0.742100968,1785795366.864111437,/loadcell_data_filtered.wrench.force.z,6636.467633438003
0.7422726300000001,1785795366.864283099,/loadcell_data_filtered.wrench.force.z,6637.205522394939
0.742439327,1785795366.864449796,/loadcell_data_filtered.wrench.force.z,6637.576388575151
0.7426069740000001,1785795366.864617443,/loadcell_data_filtered.wrench.force.z,6638.039850411697
0.7427641730000001,1785795366.864774642,/loadcell_data_filtered.wrench.force.z,6638.671129167169
0.74292365,1785795366.864934119,/loadcell_data_filtered.wrench.force.z,6638.906960434136
0.743686268,1785795366.865696737,/loadcell_data_filtered.wrench.force.z,6638.816024199553
0.7437863600000001,1785795366.865796829,/loadcell_data_filtered.wrench.force.z,6643.109653902801
0.743918662,1785795366.865929131,/loadcell_data_filtered.wrench.force.z,6646.736102572592
0.744058667,1785795366.866069136,/loadcell_data_filtered.wrench.force.z,6644.6346887371865
0.744193991,1785795366.866204460,/loadcell_data_filtered.wrench.force.z,6648.774338132819
0.744673817,1785795366.866684286,/loadcell_data_filtered.wrench.force.z,6651.558700429392
0.7450389260000001,1785795366.867049395,/loadcell_data_filtered.wrench.force.z,6654.05849503851
0.745541403,1785795366.867551872,/loadcell_data_filtered.wrench.force.z,6656.155803694773
0.7460546330000001,1785795366.868065102,/loadcell_data_filtered.wrench.force.z,6656.991166832914
0.746537124,1785795366.868547593,/loadcell_data_filtered.wrench.force.z,6657.82866883107
0.74758915,1785795366.869599619,/loadcell_data_filtered.wrench.force.z,6659.083901013309
0.748376649,1785795366.870387118,/loadcell_data_filtered.wrench.force.z,6659.777693131057
0.748931823,1785795366.870942292,/loadcell_data_filtered.wrench.force.z,6660.509601992083
0.749465098,1785795366.871475567,/loadcell_data_filtered.wrench.force.z,6661.139819040002
0.749985687,1785795366.871996156,/loadcell_data_filtered.wrench.force.z,6661.962439414395
0.750465567,1785795366.872476036,/loadcell_data_filtered.wrench.force.z,6662.669022452914
0.7508751140000001,1785795366.872885583,/loadcell_data_filtered.wrench.force.z,6664.223347865666
0.753424104,1785795366.875434573,/loadcell_data_filtered.wrench.force.z,6664.398953882515
0.7538342720000001,1785795366.875844741,/loadcell_data_filtered.wrench.force.z,6659.516887076787
0.7541692280000001,1785795366.876179697,/loadcell_data_filtered.wrench.force.z,6657.593346387012
0.7545381840000001,1785795366.876548653,/loadcell_data_filtered.wrench.force.z,6655.117841172938
0.754854839,1785795366.876865308,/loadcell_data_filtered.wrench.force.z,6653.524828141926
0.755232773,1785795366.877243242,/loadcell_data_filtered.wrench.force.z,6651.895284804109
0.7579891120000001,1785795366.879999581,/loadcell_data_filtered.wrench.force.z,6651.55525165685
0.7580017050000001,1785795366.880012174,/loadcell_data_filtered.wrench.force.z,6651.212207838872
0.75800482,1785795366.880015289,/loadcell_data_filtered.wrench.force.z,6651.02037398777
0.7583990700000001,1785795366.880409539,/loadcell_data_filtered.wrench.force.z,6652.545387461327
0.758845477,1785795366.880855946,/loadcell_data_filtered.wrench.force.z,6653.31510164362
0.7593200360000001,1785795366.881330505,/loadcell_data_filtered.wrench.force.z,6654.244666975388
0.7597047210000001,1785795366.881715190,/loadcell_data_filtered.wrench.force.z,6654.674459811827
0.7600280060000001,1785795366.882038475,/loadcell_data_filtered.wrench.force.z,6655.4009172912765
0.7603377960000001,1785795366.882348265,/loadcell_data_filtered.wrench.force.z,6655.137051704596
0.760616218,1785795366.882626687,/loadcell_data_filtered.wrench.force.z,6653.644551895302
0.7611238090000001,1785795366.883134278,/loadcell_data_filtered.wrench.force.z,6652.94669333824
0.7612783980000001,1785795366.883288867,/loadcell_data_filtered.wrench.force.z,6653.142308443376
0.7633040910000001,1785795366.885314560,/loadcell_data_filtered.wrench.force.z,6658.225058275479
0.7637749020000001,1785795366.885785371,/loadcell_data_filtered.wrench.force.z,6662.316999488695
0.764164587,1785795366.886175056,/loadcell_data_filtered.wrench.force.z,6665.981758675452
0.764756591,1785795366.886767060,/loadcell_data_filtered.wrench.force.z,6669.012876226878
0.765198174,1785795366.887208643,/loadcell_data_filtered.wrench.force.z,6671.80929013224
0.7655738940000001,1785795366.887584363,/loadcell_data_filtered.wrench.force.z,6673.0455743282155
0.7659196020000001,1785795366.887930071,/loadcell_data_filtered.wrench.force.z,6673.910751311982
0.766276158,1785795366.888286627,/loadcell_data_filtered.wrench.force.z,6674.200775867396
0.7666332730000001,1785795366.888643742,/loadcell_data_filtered.wrench.force.z,6674.376001871702
0.767033995,1785795366.889044464,/loadcell_data_filtered.wrench.force.z,6673.40082803346
0.7673864340000001,1785795366.889396903,/loadcell_data_filtered.wrench.force.z,6671.9826061839885
0.7676266110000001,1785795366.889637080,/loadcell_data_filtered.wrench.force.z,6671.513111218279
0.7678505790000001,1785795366.889861048,/loadcell_data_filtered.wrench.force.z,6671.394780069581
0.7680852,1785795366.890095669,/loadcell_data_filtered.wrench.force.z,6671.187661424974
0.768319072,1785795366.890329541,/loadcell_data_filtered.wrench.force.z,6671.1883470985085
0.768543957,1785795366.890554426,/loadcell_data_filtered.wrench.force.z,6671.013856896035
0.7687917750000001,1785795366.890802244,/loadcell_data_filtered.wrench.force.z,6666.597565109385
0.769109555,1785795366.891120024,/loadcell_data_filtered.wrench.force.z,6663.224869329584
0.7707042660000001,1785795366.892714735,/loadcell_data_filtered.wrench.force.z,6659.241928947461
0.7710545470000001,1785795366.893065016,/loadcell_data_filtered.wrench.force.z,6655.534956191585
0.771316856,1785795366.893327325,/loadcell_data_filtered.wrench.force.z,6653.425188463496
0.7715817110000001,1785795366.893592180,/loadcell_data_filtered.wrench.force.z,6651.476840481879
0.7719720400000001,1785795366.893982509,/loadcell_data_filtered.wrench.force.z,6650.524272268491
0.772304465,1785795366.894314934,/loadcell_data_filtered.wrench.force.z,6651.092249342426
0.7725788130000001,1785795366.894589282,/loadcell_data_filtered.wrench.force.z,6651.5123168062
0.7728380960000001,1785795366.894848565,/loadcell_data_filtered.wrench.force.z,6650.674380718113
0.7730997770000001,1785795366.895110246,/loadcell_data_filtered.wrench.force.z,6650.496984600797
0.7733041820000001,1785795366.895314651,/loadcell_data_filtered.wrench.force.z,6650.183952684925
0.773480594,1785795366.895491063,/loadcell_data_filtered.wrench.force.z,6649.763907443693
0.774072493,1785795366.896082962,/loadcell_data_filtered.wrench.force.z,6649.341156329179
0.774301044,1785795366.896311513,/loadcell_data_filtered.wrench.force.z,6648.854599514372
0.7748378560000001,1785795366.896848325,/loadcell_data_filtered.wrench.force.z,6648.41562396758
0.7781601090000001,1785795366.900170578,/loadcell_data_filtered.wrench.force.z,6647.816148394805
0.778890858,1785795366.900901327,/loadcell_data_filtered.wrench.force.z,6652.966497540065
0.779269847,1785795366.901280316,/loadcell_data_filtered.wrench.force.z,6656.714227324578
0.7796419960000001,1785795366.901652465,/loadcell_data_filtered.wrench.force.z,6660.98522053556
0.779999007,1785795366.902009476,/loadcell_data_filtered.wrench.force.z,6664.2958021145305
0.7804965110000001,1785795366.902506980,/loadcell_data_filtered.wrench.force.z,6667.292309548968
0.7809590630000001,1785795366.902969532,/loadcell_data_filtered.wrench.force.z,6668.8722566345
0.781462929,1785795366.903473398,/loadcell_data_filtered.wrench.force.z,6669.450370170108
0.7819743020000001,1785795366.903984771,/loadcell_data_filtered.wrench.force.z,6668.2437558377615
0.7825388360000001,1785795366.904549305,/loadcell_data_filtered.wrench.force.z,6667.497324435633
0.783067127,1785795366.905077596,/loadcell_data_filtered.wrench.force.z,6667.461643736069
0.7836054960000001,1785795366.905615965,/loadcell_data_filtered.wrench.force.z,6666.387416314583
0.784159896,1785795366.906170365,/loadcell_data_filtered.wrench.force.z,6665.554683860505
0.784637385,1785795366.906647854,/loadcell_data_filtered.wrench.force.z,6664.788204892552
0.7851395640000001,1785795366.907150033,/loadcell_data_filtered.wrench.force.z,6664.359565103962
0.7855012170000001,1785795366.907511686,/loadcell_data_filtered.wrench.force.z,6663.602335092199
0.785808448,1785795366.907818917,/loadcell_data_filtered.wrench.force.z,6663.3225757487435
0.7861365690000001,1785795366.908147038,/loadcell_data_filtered.wrench.force.z,6662.45995446154
0.7864409360000001,1785795366.908451405,/loadcell_data_filtered.wrench.force.z,6656.5346266300485
0.786661424,1785795366.908671893,/loadcell_data_filtered.wrench.force.z,6651.776914100454
0.7868655920000001,1785795366.908876061,/loadcell_data_filtered.wrench.force.z,6647.371592541063
0.7870870160000001,1785795366.909097485,/loadcell_data_filtered.wrench.force.z,6643.973339761219
0.787335868,1785795366.909346337,/loadcell_data_filtered.wrench.force.z,6640.903537241267
0.787610284,1785795366.909620753,/loadcell_data_filtered.wrench.force.z,6638.36577981111
0.7878759620000001,1785795366.909886431,/loadcell_data_filtered.wrench.force.z,6637.601621846007
0.788145705,1785795366.910156174,/loadcell_data_filtered.wrench.force.z,6636.896196210939
0.788399674,1785795366.910410143,/loadcell_data_filtered.wrench.force.z,6636.7470576890855
0.789208071,1785795366.911218540,/loadcell_data_filtered.wrench.force.z,6636.79518525291
0.7932218240000001,1785795366.915232293,/loadcell_data_filtered.wrench.force.z,6636.470757521388
0.7932476430000001,1785795366.915258112,/loadcell_data_filtered.wrench.force.z,6636.193845250365
0.793252202,1785795366.915262671,/loadcell_data_filtered.wrench.force.z,6635.945875684099
0.7932585820000001,1785795366.915269051,/loadcell_data_filtered.wrench.force.z,6635.942090322019
0.7940134040000001,1785795366.916023873,/loadcell_data_filtered.wrench.force.z,6636.317901613505
0.794027671,1785795366.916038140,/loadcell_data_filtered.wrench.force.z,6636.796855129714
0.795095004,1785795366.917105473,/loadcell_data_filtered.wrench.force.z,6638.646185174058
0.795416945,1785795366.917427414,/loadcell_data_filtered.wrench.force.z,6643.352932209718
0.7956792800000001,1785795366.917689749,/loadcell_data_filtered.wrench.force.z,6648.538468737668
0.7959037360000001,1785795366.917914205,/loadcell_data_filtered.wrench.force.z,6653.098596764452
0.796138738,1785795366.918149207,/loadcell_data_filtered.wrench.force.z,6656.243596536839
0.7963528230000001,1785795366.918363292,/loadcell_data_filtered.wrench.force.z,6659.186082117056
0.7975120010000001,1785795366.919522470,/loadcell_data_filtered.wrench.force.z,6661.199316261777
0.797749008,1785795366.919759477,/loadcell_data_filtered.wrench.force.z,6662.06690957067
0.79794684,1785795366.919957309,/loadcell_data_filtered.wrench.force.z,6662.6822036755
0.798173451,1785795366.920183920,/loadcell_data_filtered.wrench.force.z,6658.033507029776
0.7983716930000001,1785795366.920382162,/loadcell_data_filtered.wrench.force.z,6657.732391547627
0.798570945,1785795366.920581414,/loadcell_data_filtered.wrench.force.z,6657.646543845209
0.798768653,1785795366.920779122,/loadcell_data_filtered.wrench.force.z,6658.291258658377
0.798962978,1785795366.920973447,/loadcell_data_filtered.wrench.force.z,6659.160282669272
0.7992904860000001,1785795366.921300955,/loadcell_data_filtered.wrench.force.z,6659.952596777863
0.7997744760000001,1785795366.921784945,/loadcell_data_filtered.wrench.force.z,6660.503509432896
0.800201534,1785795366.922212003,/loadcell_data_filtered.wrench.force.z,6660.845907649457
0.8036206610000001,1785795366.925631130,/loadcell_data_filtered.wrench.force.z,6656.905893066503
0.804092793,1785795366.926103262,/loadcell_data_filtered.wrench.force.z,6654.820261581794
0.8042125280000001,1785795366.926222997,/loadcell_data_filtered.wrench.force.z,6652.416230389606
0.80433211,1785795366.926342579,/loadcell_data_filtered.wrench.force.z,6650.775483568316
0.8044420910000001,1785795366.926452560,/loadcell_data_filtered.wrench.force.z,6649.592329399328
0.804561991,1785795366.926572460,/loadcell_data_filtered.wrench.force.z,6648.880292030042
0.804672868,1785795366.926683337,/loadcell_data_filtered.wrench.force.z,6648.656379153272
0.8047856290000001,1785795366.926796098,/loadcell_data_filtered.wrench.force.z,6649.997184806104
0.8050099890000001,1785795366.927020458,/loadcell_data_filtered.wrench.force.z,6650.100549968235
0.805410398,1785795366.927420867,/loadcell_data_filtered.wrench.force.z,6650.984205364557
0.805635125,1785795366.927645594,/loadcell_data_filtered.wrench.force.z,6652.052539823415
0.8093960520000001,1785795366.931406521,/loadcell_data_filtered.wrench.force.z,6652.632034051125
0.811809179,1785795366.933819648,/loadcell_data_filtered.wrench.force.z,6652.913362864105
0.8119431330000001,1785795366.933953602,/loadcell_data_filtered.wrench.force.z,6653.752604351463
0.812071137,1785795366.934081606,/loadcell_data_filtered.wrench.force.z,6654.8731015478825
0.8121843440000001,1785795366.934194813,/loadcell_data_filtered.wrench.force.z,6655.869867508719
0.812296627,1785795366.934307096,/loadcell_data_filtered.wrench.force.z,6656.9722208588655
0.8124129090000001,1785795366.934423378,/loadcell_data_filtered.wrench.force.z,6663.670762071068
0.8125288340000001,1785795366.934539303,/loadcell_data_filtered.wrench.force.z,6668.739348355053
0.8126683370000001,1785795366.934678806,/loadcell_data_filtered.wrench.force.z,6673.154484000544
0.812775118,1785795366.934785587,/loadcell_data_filtered.wrench.force.z,6675.1602864103725
0.8128799940000001,1785795366.934890463,/loadcell_data_filtered.wrench.force.z,6672.082625763576
0.813022157,1785795366.935032626,/loadcell_data_filtered.wrench.force.z,6673.345234458228
0.8133397170000001,1785795366.935350186,/loadcell_data_filtered.wrench.force.z,6673.027441435323
0.81334644,1785795366.935356909,/loadcell_data_filtered.wrench.force.z,6672.870695874659
0.8149032380000001,1785795366.936913707,/loadcell_data_filtered.wrench.force.z,6672.732270554369
0.8152597300000001,1785795366.937270199,/loadcell_data_filtered.wrench.force.z,6672.977084154562
0.815475487,1785795366.937485956,/loadcell_data_filtered.wrench.force.z,6672.730844675828
0.8156828960000001,1785795366.937693365,/loadcell_data_filtered.wrench.force.z,6672.771588954113
0.815895624,1785795366.937906093,/loadcell_data_filtered.wrench.force.z,6672.429281753805
0.8178949010000001,1785795366.939905370,/loadcell_data_filtered.wrench.force.z,6672.165834077076
0.81814268,1785795366.940153149,/loadcell_data_filtered.wrench.force.z,6671.720761156609
0.8183398150000001,1785795366.940350284,/loadcell_data_filtered.wrench.force.z,6671.6624980302695
0.818568093,1785795366.940578562,/loadcell_data_filtered.wrench.force.z,6670.856769575754
0.818932192,1785795366.940942661,/loadcell_data_filtered.wrench.force.z,6657.858037824963
0.8192740070000001,1785795366.941284476,/loadcell_data_filtered.wrench.force.z,6653.347331756635
0.819570731,1785795366.941581200,/loadcell_data_filtered.wrench.force.z,6648.3758915960325
0.8198580320000001,1785795366.941868501,/loadcell_data_filtered.wrench.force.z,6644.977391351508
0.8201637270000001,1785795366.942174196,/loadcell_data_filtered.wrench.force.z,6641.459968640794
0.820468446,1785795366.942478915,/loadcell_data_filtered.wrench.force.z,6639.090489776231
0.820864437,1785795366.942874906,/loadcell_data_filtered.wrench.force.z,6637.197738155598
0.821225474,1785795366.943235943,/loadcell_data_filtered.wrench.force.z,6636.407236552267
0.8218944290000001,1785795366.943904898,/loadcell_data_filtered.wrench.force.z,6635.822007974223
0.8224198500000001,1785795366.944430319,/loadcell_data_filtered.wrench.force.z,6634.814451366706
0.8227137040000001,1785795366.944724173,/loadcell_data_filtered.wrench.force.z,6633.843134410908
0.8231556600000001,1785795366.945166129,/loadcell_data_filtered.wrench.force.z,6632.851558493016
0.8236096190000001,1785795366.945620088,/loadcell_data_filtered.wrench.force.z,6632.065861845703
0.824567738,1785795366.946578207,/loadcell_data_filtered.wrench.force.z,6631.048285885477
0.827352496,1785795366.949362965,/loadcell_data_filtered.wrench.force.z,6630.251857286054
0.8273601890000001,1785795366.949370658,/loadcell_data_filtered.wrench.force.z,6629.752834611765
0.8274056830000001,1785795366.949416152,/loadcell_data_filtered.wrench.force.z,6631.599887123214
0.827642003,1785795366.949652472,/loadcell_data_filtered.wrench.force.z,6636.106023500574
0.8277848000000001,1785795366.949795269,/loadcell_data_filtered.wrench.force.z,6640.360376091446
0.827947932,1785795366.949958401,/loadcell_data_filtered.wrench.force.z,6643.286406174457
0.8281369040000001,1785795366.950147373,/loadcell_data_filtered.wrench.force.z,6645.270110515911
0.828290281,1785795366.950300750,/loadcell_data_filtered.wrench.force.z,6646.695453978784
0.828622148,1785795366.950632617,/loadcell_data_filtered.wrench.force.z,6647.180714171815
0.829186643,1785795366.951197112,/loadcell_data_filtered.wrench.force.z,6646.942382371026
0.8296376230000001,1785795366.951648092,/loadcell_data_filtered.wrench.force.z,6646.414323866379
0.8302792840000001,1785795366.952289753,/loadcell_data_filtered.wrench.force.z,6646.034204163808
0.8308098460000001,1785795366.952820315,/loadcell_data_filtered.wrench.force.z,6645.744110025423
0.831135468,1785795366.953145937,/loadcell_data_filtered.wrench.force.z,6645.522769362567
0.8315346250000001,1785795366.953545094,/loadcell_data_filtered.wrench.force.z,6645.505547604132
0.83213155,1785795366.954142019,/loadcell_data_filtered.wrench.force.z,6645.277475128428
0.8345439830000001,1785795366.956554452,/loadcell_data_filtered.wrench.force.z,6644.874341155368
0.8347198210000001,1785795366.956730290,/loadcell_data_filtered.wrench.force.z,6644.586565968939
0.8348624990000001,1785795366.956872968,/loadcell_data_filtered.wrench.force.z,6644.553468254113
0.8350109840000001,1785795366.957021453,/loadcell_data_filtered.wrench.force.z,6640.158477968531
0.835150264,1785795366.957160733,/loadcell_data_filtered.wrench.force.z,6637.660661395988
0.8362461790000001,1785795366.958256648,/loadcell_data_filtered.wrench.force.z,6633.435386434391
0.8364466690000001,1785795366.958457138,/loadcell_data_filtered.wrench.force.z,6629.422046004764
0.8365795850000001,1785795366.958590054,/loadcell_data_filtered.wrench.force.z,6627.044136373372
0.8367028000000001,1785795366.958713269,/loadcell_data_filtered.wrench.force.z,6626.087555482656
0.8372760690000001,1785795366.959286538,/loadcell_data_filtered.wrench.force.z,6624.677409558162
0.837446169,1785795366.959456638,/loadcell_data_filtered.wrench.force.z,6623.800493578837
0.83800238,1785795366.960012849,/loadcell_data_filtered.wrench.force.z,6623.89029307335
0.8385442040000001,1785795366.960554673,/loadcell_data_filtered.wrench.force.z,6624.214301489142
0.8391120580000001,1785795366.961122527,/loadcell_data_filtered.wrench.force.z,6624.250302594628
0.8394817840000001,1785795366.961492253,/loadcell_data_filtered.wrench.force.z,6624.197300103692
0.8428781700000001,1785795366.964888639,/loadcell_data_filtered.wrench.force.z,6624.147959248393
0.843364526,1785795366.965374995,/loadcell_data_filtered.wrench.force.z,6624.2097207863335
0.843533999,1785795366.965544468,/loadcell_data_filtered.wrench.force.z,6625.087556270797
0.843673031,1785795366.965683500,/loadcell_data_filtered.wrench.force.z,6625.931390764574
0.8438076510000001,1785795366.965818120,/loadcell_data_filtered.wrench.force.z,6627.042145003669
0.8439451520000001,1785795366.965955621,/loadcell_data_filtered.wrench.force.z,6633.936571369415
0.8440757720000001,1785795366.966086241,/loadcell_data_filtered.wrench.force.z,6638.79707554942
0.8442107090000001,1785795366.966221178,/loadcell_data_filtered.wrench.force.z,6643.280189907797
0.844328394,1785795366.966338863,/loadcell_data_filtered.wrench.force.z,6646.295963891141
0.844505402,1785795366.966515871,/loadcell_data_filtered.wrench.force.z,6649.524508546074
0.845121395,1785795366.967131864,/loadcell_data_filtered.wrench.force.z,6651.544956114572
0.845630179,1785795366.967640648,/loadcell_data_filtered.wrench.force.z,6653.64407039967
0.846140749,1785795366.968151218,/loadcell_data_filtered.wrench.force.z,6654.809169745874
0.846836278,1785795366.968846747,/loadcell_data_filtered.wrench.force.z,6655.421202378945
0.8476229590000001,1785795366.969633428,/loadcell_data_filtered.wrench.force.z,6656.497224534407
0.848198153,1785795366.970208622,/loadcell_data_filtered.wrench.force.z,6657.521205061982
0.848501354,1785795366.970511823,/loadcell_data_filtered.wrench.force.z,6658.446769839955
0.848805044,1785795366.970815513,/loadcell_data_filtered.wrench.force.z,6659.57812415411
0.849051144,1785795366.971061613,/loadcell_data_filtered.wrench.force.z,6660.564398747311
0.849548485,1785795366.971558954,/loadcell_data_filtered.wrench.force.z,6661.248269783772
0.849949205,1785795366.971959674,/loadcell_data_filtered.wrench.force.z,6661.369181630856
0.8509023490000001,1785795366.972912818,/loadcell_data_filtered.wrench.force.z,6661.836915446192
0.851249196,1785795366.973259665,/loadcell_data_filtered.wrench.force.z,6656.908642732218
0.8515860970000001,1785795366.973596566,/loadcell_data_filtered.wrench.force.z,6653.3129349323735
0.85206985,1785795366.974080319,/loadcell_data_filtered.wrench.force.z,6650.474983949226
0.8526694330000001,1785795366.974679902,/loadcell_data_filtered.wrench.force.z,6648.16452028154
0.853276895,1785795366.975287364,/loadcell_data_filtered.wrench.force.z,6645.929680931194
0.8535396890000001,1785795366.975550158,/loadcell_data_filtered.wrench.force.z,6645.208572335034
0.8540591540000001,1785795366.976069623,/loadcell_data_filtered.wrench.force.z,6645.351137577649
0.8548611220000001,1785795366.976871591,/loadcell_data_filtered.wrench.force.z,6645.78673091431
0.8554016240000001,1785795366.977412093,/loadcell_data_filtered.wrench.force.z,6646.711820914288
0.855835215,1785795366.977845684,/loadcell_data_filtered.wrench.force.z,6647.352583027946
0.856415102,1785795366.978425571,/loadcell_data_filtered.wrench.force.z,6648.106687837436
0.859317882,1785795366.981328351,/loadcell_data_filtered.wrench.force.z,6648.279880026249
0.859652144,1785795366.981662613,/loadcell_data_filtered.wrench.force.z,6648.631666238787
0.8598856680000001,1785795366.981896137,/loadcell_data_filtered.wrench.force.z,6649.430031144155
0.860148521,1785795366.982158990,/loadcell_data_filtered.wrench.force.z,6650.319933584907
0.8603957000000001,1785795366.982406169,/loadcell_data_filtered.wrench.force.z,6651.4372202264885
0.860623338,1785795366.982633807,/loadcell_data_filtered.wrench.force.z,6655.729146761693
0.860863951,1785795366.982874420,/loadcell_data_filtered.wrench.force.z,6661.2046712165065
0.8612031720000001,1785795366.983213641,/loadcell_data_filtered.wrench.force.z,6665.017898813787
0.861537988,1785795366.983548457,/loadcell_data_filtered.wrench.force.z,6668.917542310543
0.861821379,1785795366.983831848,/loadcell_data_filtered.wrench.force.z,6672.630173989454
0.8620679920000001,1785795366.984078461,/loadcell_data_filtered.wrench.force.z,6675.7253004697395
0.8623555100000001,1785795366.984365979,/loadcell_data_filtered.wrench.force.z,6677.4439092070115
0.865774433,1785795366.987784902,/loadcell_data_filtered.wrench.force.z,6678.129965074789
0.8661131620000001,1785795366.988123631,/loadcell_data_filtered.wrench.force.z,6678.917548171356
0.866329872,1785795366.988340341,/loadcell_data_filtered.wrench.force.z,6679.990364713591
0.8665849680000001,1785795366.988595437,/loadcell_data_filtered.wrench.force.z,6681.00016480307
0.866840783,1785795366.988851252,/loadcell_data_filtered.wrench.force.z,6682.286863924211
0.868005456,1785795366.990015925,/loadcell_data_filtered.wrench.force.z,6683.582418400531
0.8680205000000001,1785795366.990030969,/loadcell_data_filtered.wrench.force.z,6684.449660343632
0.8680230350000001,1785795366.990033504,/loadcell_data_filtered.wrench.force.z,6684.86128555673
0.8680256390000001,1785795366.990036108,/loadcell_data_filtered.wrench.force.z,6684.285060965214
0.8680940960000001,1785795366.990104565,/loadcell_data_filtered.wrench.force.z,6684.217089479066
0.8693474120000001,1785795366.991357881,/loadcell_data_filtered.wrench.force.z,6679.233725473798
0.8695666790000001,1785795366.991577148,/loadcell_data_filtered.wrench.force.z,6676.0187729750105
0.8697090660000001,1785795366.991719535,/loadcell_data_filtered.wrench.force.z,6671.855241960657
0.8709538290000001,1785795366.992964298,/loadcell_data_filtered.wrench.force.z,6668.35014925948
0.871141405,1785795366.993151874,/loadcell_data_filtered.wrench.force.z,6665.613215012082
0.8712415630000001,1785795366.993252032,/loadcell_data_filtered.wrench.force.z,6663.943456442727
0.8713666330000001,1785795366.993377102,/loadcell_data_filtered.wrench.force.z,6662.062341542355
0.8714902510000001,1785795366.993500720,/loadcell_data_filtered.wrench.force.z,6661.747391250649
0.8716465200000001,1785795366.993656989,/loadcell_data_filtered.wrench.force.z,6660.928802628792
0.874683277,1785795366.996693746,/loadcell_data_filtered.wrench.force.z,6660.133046054147
0.874934756,1785795366.996945225,/loadcell_data_filtered.wrench.force.z,6659.431656960264
0.875057878,1785795366.997068347,/loadcell_data_filtered.wrench.force.z,6658.978423017457
0.8751712410000001,1785795366.997181710,/loadcell_data_filtered.wrench.force.z,6658.40074346134
0.875289096,1785795366.997299565,/loadcell_data_filtered.wrench.force.z,6657.9565047060505
0.8754040380000001,1785795366.997414507,/loadcell_data_filtered.wrench.force.z,6657.459315159479
0.8755202230000001,1785795366.997530692,/loadcell_data_filtered.wrench.force.z,6656.941594826188
0.8756358540000001,1785795366.997646323,/loadcell_data_filtered.wrench.force.z,6656.006285709436
0.87578935,1785795366.997799819,/loadcell_data_filtered.wrench.force.z,6659.790632771019
0.8762846390000001,1785795366.998295108,/loadcell_data_filtered.wrench.force.z,6662.741913454404
0.892819444,1785795367.014829913,/loadcell_data_filtered.wrench.force.z,6656.484194865047
0.8930055280000001,1785795367.015015997,/loadcell_data_filtered.wrench.force.z,6657.046863968793
0.893140865,1785795367.015151334,/loadcell_data_filtered.wrench.force.z,6654.503430149801
0.8932668250000001,1785795367.015277294,/loadcell_data_filtered.wrench.force.z,6654.173120765004
0.8933887880000001,1785795367.015399257,/loadcell_data_filtered.wrench.force.z,6647.757630740942
0.893501812,1785795367.015512281,/loadcell_data_filtered.wrench.force.z,6646.077664143565
0.893616022,1785795367.015626491,/loadcell_data_filtered.wrench.force.z,6644.942775096586
0.893726443,1785795367.015736912,/loadcell_data_filtered.wrench.force.z,6642.640892173331
0.893837493,1785795367.015847962,/loadcell_data_filtered.wrench.force.z,6637.561476076555
0.8939520740000001,1785795367.015962543,/loadcell_data_filtered.wrench.force.z,6641.789072389263
0.894100753,1785795367.016111222,/loadcell_data_filtered.wrench.force.z,6643.599805370387
0.8954328380000001,1785795367.017443307,/loadcell_data_filtered.wrench.force.z,6648.109626419302
0.895869054,1785795367.017879523,/loadcell_data_filtered.wrench.force.z,6651.263393977674
0.896027157,1785795367.018037626,/loadcell_data_filtered.wrench.force.z,6654.825790579617
0.8961362960000001,1785795367.018146765,/loadcell_data_filtered.wrench.force.z,6658.059935100921
0.896316744,1785795367.018327213,/loadcell_data_filtered.wrench.force.z,6660.04626878716
0.896493227,1785795367.018503696,/loadcell_data_filtered.wrench.force.z,6660.830214876772
0.8971129360000001,1785795367.019123405,/loadcell_data_filtered.wrench.force.z,6660.858118807581
0.8974476410000001,1785795367.019458110,/loadcell_data_filtered.wrench.force.z,6660.704785635267
0.8977514560000001,1785795367.019761925,/loadcell_data_filtered.wrench.force.z,6660.89434250104
0.8980684640000001,1785795367.020078933,/loadcell_data_filtered.wrench.force.z,6661.406497185427
0.8983792920000001,1785795367.020389761,/loadcell_data_filtered.wrench.force.z,6661.652038249184
0.8995466320000001,1785795367.021557101,/loadcell_data_filtered.wrench.force.z,6662.054665610537
0.8999965110000001,1785795367.022006980,/loadcell_data_filtered.wrench.force.z,6662.517695522988
0.9003701140000001,1785795367.022380583,/loadcell_data_filtered.wrench.force.z,6662.8721000174155
0.9007406250000001,1785795367.022751094,/loadcell_data_filtered.wrench.force.z,6663.314115051933
0.9011088730000001,1785795367.023119342,/loadcell_data_filtered.wrench.force.z,6658.291193974469
0.90147111,1785795367.023481579,/loadcell_data_filtered.wrench.force.z,6655.452677868388
0.9019905720000001,1785795367.024001041,/loadcell_data_filtered.wrench.force.z,6651.883979402411
0.902307484,1785795367.024317953,/loadcell_data_filtered.wrench.force.z,6649.631860648246
0.9061597210000001,1785795367.028170190,/loadcell_data_filtered.wrench.force.z,6647.009148045276
0.906671764,1785795367.028682233,/loadcell_data_filtered.wrench.force.z,6645.79977106156
0.9068705300000001,1785795367.028880999,/loadcell_data_filtered.wrench.force.z,6645.202748927912
0.9070378680000001,1785795367.029048337,/loadcell_data_filtered.wrench.force.z,6646.274034283214
0.907191995,1785795367.029202464,/loadcell_data_filtered.wrench.force.z,6647.699071736457
0.9073391740000001,1785795367.029349643,/loadcell_data_filtered.wrench.force.z,6648.898719045837
0.907484548,1785795367.029495017,/loadcell_data_filtered.wrench.force.z,6650.367405083757
0.907631783,1785795367.029642252,/loadcell_data_filtered.wrench.force.z,6651.2623707348885
0.9077843560000001,1785795367.029794825,/loadcell_data_filtered.wrench.force.z,6652.032790580349
0.907921257,1785795367.029931726,/loadcell_data_filtered.wrench.force.z,6650.903701244583
0.9089789570000001,1785795367.030989426,/loadcell_data_filtered.wrench.force.z,6651.311223090543
0.9096509570000001,1785795367.031661426,/loadcell_data_filtered.wrench.force.z,6651.580013594018
0.9097865190000001,1785795367.031796988,/loadcell_data_filtered.wrench.force.z,6652.165586140633
0.909925512,1785795367.031935981,/loadcell_data_filtered.wrench.force.z,6658.974967647405
0.9100516860000001,1785795367.032062155,/loadcell_data_filtered.wrench.force.z,6663.8356612967245
0.910421766,1785795367.032432235,/loadcell_data_filtered.wrench.force.z,6668.719247074549
0.9107749500000001,1785795367.032785419,/loadcell_data_filtered.wrench.force.z,6671.801131482491
0.9116265050000001,1785795367.033636974,/loadcell_data_filtered.wrench.force.z,6675.001103772366
0.9132132380000001,1785795367.035223707,/loadcell_data_filtered.wrench.force.z,6676.987929708216
0.9144590480000001,1785795367.036469517,/loadcell_data_filtered.wrench.force.z,6678.576842686465
0.9151028120000001,1785795367.037113281,/loadcell_data_filtered.wrench.force.z,6679.624718204785
0.915522707,1785795367.037533176,/loadcell_data_filtered.wrench.force.z,6680.200795629707
0.9158796050000001,1785795367.037890074,/loadcell_data_filtered.wrench.force.z,6680.843816402441
0.9161957310000001,1785795367.038206200,/loadcell_data_filtered.wrench.force.z,6681.291373464592
0.916319442,1785795367.038329911,/loadcell_data_filtered.wrench.force.z,6681.596655732314
0.9164413910000001,1785795367.038451860,/loadcell_data_filtered.wrench.force.z,6681.817453147244
0.9165689210000001,1785795367.038579390,/loadcell_data_filtered.wrench.force.z,6682.227901405293
0.916688452,1785795367.038698921,/loadcell_data_filtered.wrench.force.z,6683.105649524004
0.916808712,1785795367.038819181,/loadcell_data_filtered.wrench.force.z,6683.927904766913
0.91810654,1785795367.040117009,/loadcell_data_filtered.wrench.force.z,6683.363414965565
0.918822958,1785795367.040833427,/loadcell_data_filtered.wrench.force.z,6678.782490777497
0.919350191,1785795367.041360660,/loadcell_data_filtered.wrench.force.z,6674.89994346405
0.9197933530000001,1785795367.041803822,/loadcell_data_filtered.wrench.force.z,6671.939337215803
0.9215466710000001,1785795367.043557140,/loadcell_data_filtered.wrench.force.z,6669.2476134872495
0.9217872420000001,1785795367.043797711,/loadcell_data_filtered.wrench.force.z,6666.763394120166
0.9219816430000001,1785795367.043992112,/loadcell_data_filtered.wrench.force.z,6666.127750220285
0.92222862,1785795367.044239089,/loadcell_data_filtered.wrench.force.z,6666.275897030674
0.9224767960000001,1785795367.044487265,/loadcell_data_filtered.wrench.force.z,6666.571907068239
0.922758068,1785795367.044768537,/loadcell_data_filtered.wrench.force.z,6667.303756166676
0.9255271450000001,1785795367.047537614,/loadcell_data_filtered.wrench.force.z,6667.555723045527
0.9255513230000001,1785795367.047561792,/loadcell_data_filtered.wrench.force.z,6667.829717962742
0.9258481630000001,1785795367.047858632,/loadcell_data_filtered.wrench.force.z,6667.439342511283
0.926339682,1785795367.048350151,/loadcell_data_filtered.wrench.force.z,6666.985284019821
0.92676325,1785795367.048773719,/loadcell_data_filtered.wrench.force.z,6666.623264862208
0.927200384,1785795367.049210853,/loadcell_data_filtered.wrench.force.z,6666.057399230043
0.9275696870000001,1785795367.049580156,/loadcell_data_filtered.wrench.force.z,6666.030451475346
0.927916465,1785795367.049926934,/loadcell_data_filtered.wrench.force.z,6670.554642559695
0.928269611,1785795367.050280080,/loadcell_data_filtered.wrench.force.z,6673.432048103393
0.9286242800000001,1785795367.050634749,/loadcell_data_filtered.wrench.force.z,6677.302998969061
0.9298374060000001,1785795367.051847875,/loadcell_data_filtered.wrench.force.z,6680.176546695582
0.930575942,1785795367.052586411,/loadcell_data_filtered.wrench.force.z,6682.715096093517
0.9312250970000001,1785795367.053235566,/loadcell_data_filtered.wrench.force.z,6684.780252459691
0.93174782,1785795367.053758289,/loadcell_data_filtered.wrench.force.z,6686.108045113024
0.9321620690000001,1785795367.054172538,/loadcell_data_filtered.wrench.force.z,6685.9728837071225
0.93254024,1785795367.054550709,/loadcell_data_filtered.wrench.force.z,6685.5352821874485
0.932920414,1785795367.054930883,/loadcell_data_filtered.wrench.force.z,6684.474903467097
0.933331664,1785795367.055342133,/loadcell_data_filtered.wrench.force.z,6682.618615399883
0.9340155710000001,1785795367.056026040,/loadcell_data_filtered.wrench.force.z,6681.514825777993
0.934648142,1785795367.056658611,/loadcell_data_filtered.wrench.force.z,6680.345283480781
0.9351585640000001,1785795367.057169033,/loadcell_data_filtered.wrench.force.z,6679.511380212101
0.935695362,1785795367.057705831,/loadcell_data_filtered.wrench.force.z,6678.17989818785
0.9363759650000001,1785795367.058386434,/loadcell_data_filtered.wrench.force.z,6676.851913011767
0.9369928270000001,1785795367.059003296,/loadcell_data_filtered.wrench.force.z,6675.6437798061215
0.937681886,1785795367.059692355,/loadcell_data_filtered.wrench.force.z,6668.9398923803055
0.9383649270000001,1785795367.060375396,/loadcell_data_filtered.wrench.force.z,6664.533645849161
0.938886094,1785795367.060896563,/loadcell_data_filtered.wrench.force.z,6659.345133892621
0.939473972,1785795367.061484441,/loadcell_data_filtered.wrench.force.z,6654.711165621613
0.9399085540000001,1785795367.061919023,/loadcell_data_filtered.wrench.force.z,6650.739796106246
0.9405552130000001,1785795367.062565682,/loadcell_data_filtered.wrench.force.z,6647.810195060532
0.941119743,1785795367.063130212,/loadcell_data_filtered.wrench.force.z,6645.192354995285
0.941528204,1785795367.063538673,/loadcell_data_filtered.wrench.force.z,6644.15141952576
0.941889054,1785795367.063899523,/loadcell_data_filtered.wrench.force.z,6644.013000574567
0.942280914,1785795367.064291383,/loadcell_data_filtered.wrench.force.z,6643.581619544336
0.9426475900000001,1785795367.064658059,/loadcell_data_filtered.wrench.force.z,6643.015204373309
0.943024386,1785795367.065034855,/loadcell_data_filtered.wrench.force.z,6642.277207883538
0.94343299,1785795367.065443459,/loadcell_data_filtered.wrench.force.z,6641.838147342679
0.9437980840000001,1785795367.065808553,/loadcell_data_filtered.wrench.force.z,6641.591934673636
0.944129345,1785795367.066139814,/loadcell_data_filtered.wrench.force.z,6641.274573416599
0.9444358740000001,1785795367.066446343,/loadcell_data_filtered.wrench.force.z,6641.338414652916
0.944963159,1785795367.066973628,/loadcell_data_filtered.wrench.force.z,6641.172493459094
0.9460840800000001,1785795367.068094549,/loadcell_data_filtered.wrench.force.z,6646.840839014878
0.9464687190000001,1785795367.068479188,/loadcell_data_filtered.wrench.force.z,6652.034539133249
0.946763883,1785795367.068774352,/loadcell_data_filtered.wrench.force.z,6656.607934685409
0.9470194810000001,1785795367.069029950,/loadcell_data_filtered.wrench.force.z,6660.840627004065
0.9472993110000001,1785795367.069309780,/loadcell_data_filtered.wrench.force.z,6664.898673475722
0.947631074,1785795367.069641543,/loadcell_data_filtered.wrench.force.z,6667.299478402875
0.9480746950000001,1785795367.070085164,/loadcell_data_filtered.wrench.force.z,6668.448761167861
0.948558604,1785795367.070569073,/loadcell_data_filtered.wrench.force.z,6669.689024823513
0.948949707,1785795367.070960176,/loadcell_data_filtered.wrench.force.z,6669.403445605248
0.9493126580000001,1785795367.071323127,/loadcell_data_filtered.wrench.force.z,6669.73013118558
0.949650729,1785795367.071661198,/loadcell_data_filtered.wrench.force.z,6670.066261620245
0.950049479,1785795367.072059948,/loadcell_data_filtered.wrench.force.z,6670.398608592246
0.950508514,1785795367.072518983,/loadcell_data_filtered.wrench.force.z,6670.93248461717
0.9509311420000001,1785795367.072941611,/loadcell_data_filtered.wrench.force.z,6671.236606498643
0.9513594780000001,1785795367.073369947,/loadcell_data_filtered.wrench.force.z,6671.389899182976
0.9517137330000001,1785795367.073724202,/loadcell_data_filtered.wrench.force.z,6671.910266658549
0.9519864680000001,1785795367.073996937,/loadcell_data_filtered.wrench.force.z,6670.226727931323
0.95227236,1785795367.074282829,/loadcell_data_filtered.wrench.force.z,6666.258590841126
0.9525263610000001,1785795367.074536830,/loadcell_data_filtered.wrench.force.z,6662.752024886304
0.9527423300000001,1785795367.074752799,/loadcell_data_filtered.wrench.force.z,6660.3988253095
0.9529513850000001,1785795367.074961854,/loadcell_data_filtered.wrench.force.z,6657.94211625509
0.9533351600000001,1785795367.075345629,/loadcell_data_filtered.wrench.force.z,6655.741515701172
0.9537389690000001,1785795367.075749438,/loadcell_data_filtered.wrench.force.z,6654.555826154085
0.9544312,1785795367.076441669,/loadcell_data_filtered.wrench.force.z,6654.708108391759
0.9550196540000001,1785795367.077030123,/loadcell_data_filtered.wrench.force.z,6655.450901560399
0.956526337,1785795367.078536806,/loadcell_data_filtered.wrench.force.z,6656.053747241994
0.956906605,1785795367.078917074,/loadcell_data_filtered.wrench.force.z,6656.715125107811
0.957258111,1785795367.079268580,/loadcell_data_filtered.wrench.force.z,6657.300262550597
0.9575558930000001,1785795367.079566362,/loadcell_data_filtered.wrench.force.z,6657.6375134913305
0.9578122320000001,1785795367.079822701,/loadcell_data_filtered.wrench.force.z,6658.231814948431
0.9600150590000001,1785795367.082025528,/loadcell_data_filtered.wrench.force.z,6658.668005895913
0.96218632,1785795367.084196789,/loadcell_data_filtered.wrench.force.z,6659.020994258725
0.962593546,1785795367.084604015,/loadcell_data_filtered.wrench.force.z,6660.13850849515
0.962874356,1785795367.084884825,/loadcell_data_filtered.wrench.force.z,6666.494343271289
0.963154786,1785795367.085165255,/loadcell_data_filtered.wrench.force.z,6671.045197261691
0.963426717,1785795367.085437186,/loadcell_data_filtered.wrench.force.z,6676.541288558933
0.9636722320000001,1785795367.085682701,/loadcell_data_filtered.wrench.force.z,6680.574370863629
0.9640074510000001,1785795367.086017920,/loadcell_data_filtered.wrench.force.z,6684.632165385623
0.964180597,1785795367.086191066,/loadcell_data_filtered.wrench.force.z,6687.7223812525135
0.9645336200000001,1785795367.086544089,/loadcell_data_filtered.wrench.force.z,6690.616132232288
0.965142801,1785795367.087153270,/loadcell_data_filtered.wrench.force.z,6690.943097667072
0.9655759290000001,1785795367.087586398,/loadcell_data_filtered.wrench.force.z,6691.324182576184
0.96608638,1785795367.088096849,/loadcell_data_filtered.wrench.force.z,6691.958341679025
0.96644931,1785795367.088459779,/loadcell_data_filtered.wrench.force.z,6692.419416244291
0.9667975750000001,1785795367.088808044,/loadcell_data_filtered.wrench.force.z,6692.876059027602
0.968064786,1785795367.090075255,/loadcell_data_filtered.wrench.force.z,6693.151964553837
0.968350503,1785795367.090360972,/loadcell_data_filtered.wrench.force.z,6693.398943675195
0.968516165,1785795367.090526634,/loadcell_data_filtered.wrench.force.z,6694.57435766815
0.968666604,1785795367.090677073,/loadcell_data_filtered.wrench.force.z,6695.9407549489715
0.9688756030000001,1785795367.090886072,/loadcell_data_filtered.wrench.force.z,6696.802889542058
0.9691637780000001,1785795367.091174247,/loadcell_data_filtered.wrench.force.z,6691.984989668948
0.9694324820000001,1785795367.091442951,/loadcell_data_filtered.wrench.force.z,6689.104571948916
0.9696932760000001,1785795367.091703745,/loadcell_data_filtered.wrench.force.z,6685.549409866306
0.969912627,1785795367.091923096,/loadcell_data_filtered.wrench.force.z,6681.681930164415
0.9701868060000001,1785795367.092197275,/loadcell_data_filtered.wrench.force.z,6679.502955383148
0.9704196770000001,1785795367.092430146,/loadcell_data_filtered.wrench.force.z,6678.158152983007
0.973361099,1785795367.095371568,/loadcell_data_filtered.wrench.force.z,6676.220858268972
0.9735675030000001,1785795367.095577972,/loadcell_data_filtered.wrench.force.z,6676.0821135453425
0.9736954860000001,1785795367.095705955,/loadcell_data_filtered.wrench.force.z,6676.775865742049
0.9738312280000001,1785795367.095841697,/loadcell_data_filtered.wrench.force.z,6677.356648831239
0.973959082,1785795367.095969551,/loadcell_data_filtered.wrench.force.z,6677.732039469886
0.9740842940000001,1785795367.096094763,/loadcell_data_filtered.wrench.force.z,6678.058456170827
0.974245369,1785795367.096255838,/loadcell_data_filtered.wrench.force.z,6678.524885358877
0.9744754210000001,1785795367.096485890,/loadcell_data_filtered.wrench.force.z,6677.725240500098
0.974722493,1785795367.096732962,/loadcell_data_filtered.wrench.force.z,6676.140090123317
0.9749503730000001,1785795367.096960842,/loadcell_data_filtered.wrench.force.z,6675.778785110164
0.9754050780000001,1785795367.097415547,/loadcell_data_filtered.wrench.force.z,6675.662964198913
0.9759353220000001,1785795367.097945791,/loadcell_data_filtered.wrench.force.z,6681.463184721802
0.976348497,1785795367.098358966,/loadcell_data_filtered.wrench.force.z,6685.504041923707
0.977064531,1785795367.099075000,/loadcell_data_filtered.wrench.force.z,6689.1029907805405
0.9776088700000001,1785795367.099619339,/loadcell_data_filtered.wrench.force.z,6691.970814230987
0.978053707,1785795367.100064176,/loadcell_data_filtered.wrench.force.z,6694.362544680632
0.9790591620000001,1785795367.101069631,/loadcell_data_filtered.wrench.force.z,6694.9699761953025
0.979440331,1785795367.101450800,/loadcell_data_filtered.wrench.force.z,6695.0795700967
0.979762914,1785795367.101773383,/loadcell_data_filtered.wrench.force.z,6694.803983692597
0.9801070150000001,1785795367.102117484,/loadcell_data_filtered.wrench.force.z,6694.3026956939975
0.9810729020000001,1785795367.103083371,/loadcell_data_filtered.wrench.force.z,6693.616972352147
0.981618835,1785795367.103629304,/loadcell_data_filtered.wrench.force.z,6692.699964845767
0.982063502,1785795367.104073971,/loadcell_data_filtered.wrench.force.z,6691.983727956817
0.982380435,1785795367.104390904,/loadcell_data_filtered.wrench.force.z,6690.82932482734
0.9826228090000001,1785795367.104633278,/loadcell_data_filtered.wrench.force.z,6689.909929315469
0.983077488,1785795367.105087957,/loadcell_data_filtered.wrench.force.z,6689.059622395851
0.983438176,1785795367.105448645,/loadcell_data_filtered.wrench.force.z,6687.925339505714
0.98403189,1785795367.106042359,/loadcell_data_filtered.wrench.force.z,6684.0053299948495
0.9844986950000001,1785795367.106509164,/loadcell_data_filtered.wrench.force.z,6678.747203569146
0.984962996,1785795367.106973465,/loadcell_data_filtered.wrench.force.z,6673.862620309236
0.98535307,1785795367.107363539,/loadcell_data_filtered.wrench.force.z,6669.350129351624
0.986837289,1785795367.108847758,/loadcell_data_filtered.wrench.force.z,6665.468279418115
0.987051769,1785795367.109062238,/loadcell_data_filtered.wrench.force.z,6662.122913297162
0.987364871,1785795367.109375340,/loadcell_data_filtered.wrench.force.z,6660.535885362759
0.9876830670000001,1785795367.109693536,/loadcell_data_filtered.wrench.force.z,6659.872044374345
0.9884693470000001,1785795367.110479816,/loadcell_data_filtered.wrench.force.z,6659.150478056882
0.9889224870000001,1785795367.110932956,/loadcell_data_filtered.wrench.force.z,6658.334404115688
0.9892847410000001,1785795367.111295210,/loadcell_data_filtered.wrench.force.z,6657.601242640032
0.989616962,1785795367.111627431,/loadcell_data_filtered.wrench.force.z,6657.375424144147
0.9900569060000001,1785795367.112067375,/loadcell_data_filtered.wrench.force.z,6656.637009421158
0.990668458,1785795367.112678927,/loadcell_data_filtered.wrench.force.z,6655.663900886235
0.991046748,1785795367.113057217,/loadcell_data_filtered.wrench.force.z,6654.93276692602
0.9922738820000001,1785795367.114284351,/loadcell_data_filtered.wrench.force.z,6654.44656522162
0.992705452,1785795367.114715921,/loadcell_data_filtered.wrench.force.z,6653.968825589417
0.993007606,1785795367.115018075,/loadcell_data_filtered.wrench.force.z,6660.0127243397
0.9932809870000001,1785795367.115291456,/loadcell_data_filtered.wrench.force.z,6663.433346402236
0.993523777,1785795367.115534246,/loadcell_data_filtered.wrench.force.z,6667.514139984133
0.9938378370000001,1785795367.115848306,/loadcell_data_filtered.wrench.force.z,6670.631544648471
0.994670963,1785795367.116681432,/loadcell_data_filtered.wrench.force.z,6673.406907957834
0.995181685,1785795367.117192154,/loadcell_data_filtered.wrench.force.z,6675.148745890077
0.9955720330000001,1785795367.117582502,/loadcell_data_filtered.wrench.force.z,6676.576807971725
0.9960364660000001,1785795367.118046935,/loadcell_data_filtered.wrench.force.z,6676.731466351862
0.9966059730000001,1785795367.118616442,/loadcell_data_filtered.wrench.force.z,6677.297737698805
0.997210892,1785795367.119221361,/loadcell_data_filtered.wrench.force.z,6677.944200547233
0.9975596980000001,1785795367.119570167,/loadcell_data_filtered.wrench.force.z,6678.655281157003
0.99804588,1785795367.120056349,/loadcell_data_filtered.wrench.force.z,6679.173586820382
0.9988472820000001,1785795367.120857751,/loadcell_data_filtered.wrench.force.z,6679.024377220409
0.99924299,1785795367.121253459,/loadcell_data_filtered.wrench.force.z,6679.766236799345
0.99952171,1785795367.121532179,/loadcell_data_filtered.wrench.force.z,6679.928564808432
0.9999734010000001,1785795367.121983870,/loadcell_data_filtered.wrench.force.z,6679.707959539228
1.000358704,1785795367.122369173,/loadcell_data_filtered.wrench.force.z,6679.49114352523
1.001486129,1785795367.123496598,/loadcell_data_filtered.wrench.force.z,6673.613741420517
1.00197267,1785795367.123983139,/loadcell_data_filtered.wrench.force.z,6669.568832664771
1.002538462,1785795367.124548931,/loadcell_data_filtered.wrench.force.z,6665.834077957601
1.002940431,1785795367.124950900,/loadcell_data_filtered.wrench.force.z,6662.871567956622
1.003331466,1785795367.125341935,/loadcell_data_filtered.wrench.force.z,6659.834311598289
1.003722659,1785795367.125733128,/loadcell_data_filtered.wrench.force.z,6657.986907262152
1.00407255,1785795367.126083019,/loadcell_data_filtered.wrench.force.z,6656.815885621908
1.004507077,1785795367.126517546,/loadcell_data_filtered.wrench.force.z,6656.47773710789
1.005260866,1785795367.127271335,/loadcell_data_filtered.wrench.force.z,6656.456317614211
1.005701432,1785795367.127711901,/loadcell_data_filtered.wrench.force.z,6656.067628845941
1.006305639,1785795367.128316108,/loadcell_data_filtered.wrench.force.z,6655.624599488529
1.009573994,1785795367.131584463,/loadcell_data_filtered.wrench.force.z,6655.031878664464
1.011049948,1785795367.133060417,/loadcell_data_filtered.wrench.force.z,6654.708474173113
1.011297849,1785795367.133308318,/loadcell_data_filtered.wrench.force.z,6654.705221870178
1.011366092,1785795367.133376561,/loadcell_data_filtered.wrench.force.z,6655.414126011809
1.011500643,1785795367.133511112,/loadcell_data_filtered.wrench.force.z,6656.279390433278
1.011626308,1785795367.133636777,/loadcell_data_filtered.wrench.force.z,6657.242019511
1.011747117,1785795367.133757586,/loadcell_data_filtered.wrench.force.z,6663.46094224638
1.011867669,1785795367.133878138,/loadcell_data_filtered.wrench.force.z,6668.207552539314
1.011998728,1785795367.134009197,/loadcell_data_filtered.wrench.force.z,6672.5253952856665
1.012116162,1785795367.134126631,/loadcell_data_filtered.wrench.force.z,6675.990860935952
1.01232545,1785795367.134335919,/loadcell_data_filtered.wrench.force.z,6678.206254759919
1.012570196,1785795367.134580665,/loadcell_data_filtered.wrench.force.z,6679.22182903915
1.012793185,1785795367.134803654,/loadcell_data_filtered.wrench.force.z,6679.446483461235
1.013035368,1785795367.135045837,/loadcell_data_filtered.wrench.force.z,6679.725605798101
1.013358085,1785795367.135368554,/loadcell_data_filtered.wrench.force.z,6680.228206526829
1.01379389,1785795367.135804359,/loadcell_data_filtered.wrench.force.z,6680.817088625877
1.014574316,1785795367.136584785,/loadcell_data_filtered.wrench.force.z,6680.969395687309
1.015088105,1785795367.137098574,/loadcell_data_filtered.wrench.force.z,6681.622460431178
1.015370392,1785795367.137380861,/loadcell_data_filtered.wrench.force.z,6681.93771358618
1.015804187,1785795367.137814656,/loadcell_data_filtered.wrench.force.z,6682.453415873492
1.017161461,1785795367.139171930,/loadcell_data_filtered.wrench.force.z,6682.9534351160555
1.01752009,1785795367.139530559,/loadcell_data_filtered.wrench.force.z,6683.074927195663
1.01769149,1785795367.139701959,/loadcell_data_filtered.wrench.force.z,6679.875140091993
1.017933268,1785795367.139943737,/loadcell_data_filtered.wrench.force.z,6677.066733603197
1.018899739,1785795367.140910208,/loadcell_data_filtered.wrench.force.z,6672.433244342046
1.019388488,1785795367.141398957,/loadcell_data_filtered.wrench.force.z,6669.280267170815
1.019595694,1785795367.141606163,/loadcell_data_filtered.wrench.force.z,6666.957410095078
1.019805876,1785795367.141816345,/loadcell_data_filtered.wrench.force.z,6664.950037099046
1.020635928,1785795367.142646397,/loadcell_data_filtered.wrench.force.z,6663.890859210824
1.02142351,1785795367.143433979,/loadcell_data_filtered.wrench.force.z,6663.660483540325
1.021973627,1785795367.143984096,/loadcell_data_filtered.wrench.force.z,6664.10750075361
1.024571467,1785795367.146581936,/loadcell_data_filtered.wrench.force.z,6664.209444782931
1.024770524,1785795367.146780993,/loadcell_data_filtered.wrench.force.z,6664.658575632991
1.024907368,1785795367.146917837,/loadcell_data_filtered.wrench.force.z,6664.810829386516
1.025047085,1785795367.147057554,/loadcell_data_filtered.wrench.force.z,6664.374046918815
1.025183554,1785795367.147194023,/loadcell_data_filtered.wrench.force.z,6664.088000972499
1.025302812,1785795367.147313281,/loadcell_data_filtered.wrench.force.z,6663.49559755296
1.025428414,1785795367.147438883,/loadcell_data_filtered.wrench.force.z,6663.434218564895
1.025551268,1785795367.147561737,/loadcell_data_filtered.wrench.force.z,6663.303524078623
1.025815217,1785795367.147825686,/loadcell_data_filtered.wrench.force.z,6668.430733772873
1.028003168,1785795367.150013637,/loadcell_data_filtered.wrench.force.z,6671.692009167832
1.028169017,1785795367.150179486,/loadcell_data_filtered.wrench.force.z,6675.83438489863
1.028311461,1785795367.150321930,/loadcell_data_filtered.wrench.force.z,6678.998178071861
1.028445671,1785795367.150456140,/loadcell_data_filtered.wrench.force.z,6675.236087587885
1.028569849,1785795367.150580318,/loadcell_data_filtered.wrench.force.z,6677.014660735392
1.028744753,1785795367.150755222,/loadcell_data_filtered.wrench.force.z,6677.552490239312
1.029214824,1785795367.151225293,/loadcell_data_filtered.wrench.force.z,6677.631676464106
1.031562306,1785795367.153572775,/loadcell_data_filtered.wrench.force.z,6677.696856605747
1.031708756,1785795367.153719225,/loadcell_data_filtered.wrench.force.z,6677.900299101052
1.031832432,1785795367.153842901,/loadcell_data_filtered.wrench.force.z,6678.292981910275
1.031951673,1785795367.153962142,/loadcell_data_filtered.wrench.force.z,6679.257757870283
1.0320782,1785795367.154088669,/loadcell_data_filtered.wrench.force.z,6680.165815728561
1.032247121,1785795367.154257590,/loadcell_data_filtered.wrench.force.z,6680.255271690185
1.032707402,1785795367.154717871,/loadcell_data_filtered.wrench.force.z,6679.993753690666
1.035124008,1785795367.157134477,/loadcell_data_filtered.wrench.force.z,6679.911762509637
1.035816078,1785795367.157826547,/loadcell_data_filtered.wrench.force.z,6679.464856055131
1.036009256,1785795367.158019725,/loadcell_data_filtered.wrench.force.z,6674.231275991433
1.036161754,1785795367.158172223,/loadcell_data_filtered.wrench.force.z,6670.907628038889
1.036343721,1785795367.158354190,/loadcell_data_filtered.wrench.force.z,6667.6417122332
1.036525442,1785795367.158535911,/loadcell_data_filtered.wrench.force.z,6664.538981408197
1.036692294,1785795367.158702763,/loadcell_data_filtered.wrench.force.z,6661.438713834654
1.036865947,1785795367.158876416,/loadcell_data_filtered.wrench.force.z,6658.432052068847
1.03727555,1785795367.159286019,/loadcell_data_filtered.wrench.force.z,6657.260672726121
1.037779542,1785795367.159790011,/loadcell_data_filtered.wrench.force.z,6657.115393108457
1.038174196,1785795367.160184665,/loadcell_data_filtered.wrench.force.z,6657.251054623433
1.038602879,1785795367.160613348,/loadcell_data_filtered.wrench.force.z,6656.883622320187
1.039172468,1785795367.161182937,/loadcell_data_filtered.wrench.force.z,6656.211060428701
1.039667969,1785795367.161678438,/loadcell_data_filtered.wrench.force.z,6655.190166453102
1.0401645,1785795367.162174969,/loadcell_data_filtered.wrench.force.z,6654.105803846237
1.040605617,1785795367.162616086,/loadcell_data_filtered.wrench.force.z,6652.987146101477
1.04104587,1785795367.163056339,/loadcell_data_filtered.wrench.force.z,6652.049215120463
1.041669236,1785795367.163679705,/loadcell_data_filtered.wrench.force.z,6651.00025893957
1.042152866,1785795367.164163335,/loadcell_data_filtered.wrench.force.z,6650.841604429235
1.042670122,1785795367.164680591,/loadcell_data_filtered.wrench.force.z,6655.422032736093
1.043034408,1785795367.165044877,/loadcell_data_filtered.wrench.force.z,6659.189173998534
1.04356759,1785795367.165578059,/loadcell_data_filtered.wrench.force.z,6661.83176048602
1.044075366,1785795367.166085835,/loadcell_data_filtered.wrench.force.z,6663.799663399923
1.047681331,1785795367.169691800,/loadcell_data_filtered.wrench.force.z,6665.701818837406
1.047883369,1785795367.169893838,/loadcell_data_filtered.wrench.force.z,6665.879481395852
1.048027192,1785795367.170037661,/loadcell_data_filtered.wrench.force.z,6665.940340105866
1.048152922,1785795367.170163391,/loadcell_data_filtered.wrench.force.z,6665.69208945195
1.048276687,1785795367.170287156,/loadcell_data_filtered.wrench.force.z,6665.575082960844
1.048387339,1785795367.170397808,/loadcell_data_filtered.wrench.force.z,6665.214703879778
1.048502948,1785795367.170513417,/loadcell_data_filtered.wrench.force.z,6664.964083851572
1.048635232,1785795367.170645701,/loadcell_data_filtered.wrench.force.z,6664.234109919265
1.048759005,1785795367.170769474,/loadcell_data_filtered.wrench.force.z,6662.898504200516
1.049480221,1785795367.171490690,/loadcell_data_filtered.wrench.force.z,6662.20517626864
1.049852951,1785795367.171863420,/loadcell_data_filtered.wrench.force.z,6661.5895341206215
1.051656448,1785795367.173666917,/loadcell_data_filtered.wrench.force.z,6660.811581937101
1.051935732,1785795367.173946201,/loadcell_data_filtered.wrench.force.z,6655.649313409907
1.052229221,1785795367.174239690,/loadcell_data_filtered.wrench.force.z,6652.597253373849
1.052476703,1785795367.174487172,/loadcell_data_filtered.wrench.force.z,6648.712095366475
1.05273864,1785795367.174749109,/loadcell_data_filtered.wrench.force.z,6645.342699665838
1.052997449,1785795367.175007918,/loadcell_data_filtered.wrench.force.z,6641.4386528491605
1.055930188,1785795367.177940657,/loadcell_data_filtered.wrench.force.z,6639.210011329243
1.056948892,1785795367.178959361,/loadcell_data_filtered.wrench.force.z,6637.752155389694
1.05736012,1785795367.179370589,/loadcell_data_filtered.wrench.force.z,6638.42498217175
1.057670964,1785795367.179681433,/loadcell_data_filtered.wrench.force.z,6639.485039001138
1.058002316,1785795367.180012785,/loadcell_data_filtered.wrench.force.z,6640.386617736504
1.058407151,1785795367.180417620,/loadcell_data_filtered.wrench.force.z,6641.076424211221
1.05880452,1785795367.180814989,/loadcell_data_filtered.wrench.force.z,6641.368881305196
1.059064342,1785795367.181074811,/loadcell_data_filtered.wrench.force.z,6640.9312924498245
1.059266699,1785795367.181277168,/loadcell_data_filtered.wrench.force.z,6640.138865458606
1.059424406,1785795367.181434875,/loadcell_data_filtered.wrench.force.z,6639.617089122752
1.059598891,1785795367.181609360,/loadcell_data_filtered.wrench.force.z,6639.926969307995
1.0597606370000001,1785795367.181771106,/loadcell_data_filtered.wrench.force.z,6639.986101254098
1.059914402,1785795367.181924871,/loadcell_data_filtered.wrench.force.z,6646.147184493415
1.06009103,1785795367.182101499,/loadcell_data_filtered.wrench.force.z,6650.420865341602
1.060247871,1785795367.182258340,/loadcell_data_filtered.wrench.force.z,6655.244845531536
1.060609513,1785795367.182619982,/loadcell_data_filtered.wrench.force.z,6659.12371428749
1.064099429,1785795367.186109898,/loadcell_data_filtered.wrench.force.z,6662.65410886093
1.064811731,1785795367.186822200,/loadcell_data_filtered.wrench.force.z,6664.792381172485
1.065318444,1785795367.187328913,/loadcell_data_filtered.wrench.force.z,6667.002602784111
1.065802689,1785795367.187813158,/loadcell_data_filtered.wrench.force.z,6668.483343570513
1.066305321,1785795367.188315790,/loadcell_data_filtered.wrench.force.z,6669.685757116243
1.066753759,1785795367.188764228,/loadcell_data_filtered.wrench.force.z,6671.172189154567
1.067212142,1785795367.189222611,/loadcell_data_filtered.wrench.force.z,6672.876666898226
1.067668769,1785795367.189679238,/loadcell_data_filtered.wrench.force.z,6673.447208673264
1.068122408,1785795367.190132877,/loadcell_data_filtered.wrench.force.z,6673.64328875212
1.068538849,1785795367.190549318,/loadcell_data_filtered.wrench.force.z,6673.867890229057
1.068882296,1785795367.190892765,/loadcell_data_filtered.wrench.force.z,6674.675276953187
1.069255406,1785795367.191265875,/loadcell_data_filtered.wrench.force.z,6669.887140320947
1.069456107,1785795367.191466576,/loadcell_data_filtered.wrench.force.z,6668.995613059352
1.069632458,1785795367.191642927,/loadcell_data_filtered.wrench.force.z,6663.363663781764
1.070102713,1785795367.192113182,/loadcell_data_filtered.wrench.force.z,6659.865315814875
1.070337335,1785795367.192347804,/loadcell_data_filtered.wrench.force.z,6656.58392828627
1.070567446,1785795367.192577915,/loadcell_data_filtered.wrench.force.z,6654.7864346626575
1.070902559,1785795367.192913028,/loadcell_data_filtered.wrench.force.z,6653.180777765668
1.071266191,1785795367.193276660,/loadcell_data_filtered.wrench.force.z,6653.1822875730495
1.072335182,1785795367.194345651,/loadcell_data_filtered.wrench.force.z,6653.122114622437
1.075727331,1785795367.197737800,/loadcell_data_filtered.wrench.force.z,6652.5589224407695
1.076049769,1785795367.198060238,/loadcell_data_filtered.wrench.force.z,6654.201755220224
1.076266475,1785795367.198276944,/loadcell_data_filtered.wrench.force.z,6655.062938984807
1.076450232,1785795367.198460701,/loadcell_data_filtered.wrench.force.z,6655.448302787007
1.076632834,1785795367.198643303,/loadcell_data_filtered.wrench.force.z,6654.989722823138
1.076803745,1785795367.198814214,/loadcell_data_filtered.wrench.force.z,6655.501890600409
1.076968004,1785795367.198978473,/loadcell_data_filtered.wrench.force.z,6656.233877130603
1.077136065,1785795367.199146534,/loadcell_data_filtered.wrench.force.z,6656.005556577049
1.077294589,1785795367.199305058,/loadcell_data_filtered.wrench.force.z,6649.9745410606965
1.077489141,1785795367.199499610,/loadcell_data_filtered.wrench.force.z,6652.351727817502
1.077750121,1785795367.199760590,/loadcell_data_filtered.wrench.force.z,6655.509319852363
1.078066935,1785795367.200077404,/loadcell_data_filtered.wrench.force.z,6660.104459089857
1.078332726,1785795367.200343195,/loadcell_data_filtered.wrench.force.z,6663.782689814759
1.078609501,1785795367.200619970,/loadcell_data_filtered.wrench.force.z,6666.889608630153
1.078893394,1785795367.200903863,/loadcell_data_filtered.wrench.force.z,6669.770045199833
1.081497679,1785795367.203508148,/loadcell_data_filtered.wrench.force.z,6671.288770449012
1.08233358,1785795367.204344049,/loadcell_data_filtered.wrench.force.z,6671.625937365511
1.082802482,1785795367.204812951,/loadcell_data_filtered.wrench.force.z,6672.338056958946
1.083207532,1785795367.205218001,/loadcell_data_filtered.wrench.force.z,6673.269601695205
1.08370291,1785795367.205713379,/loadcell_data_filtered.wrench.force.z,6674.079877368308
1.084105909,1785795367.206116378,/loadcell_data_filtered.wrench.force.z,6674.863404210031
1.084432055,1785795367.206442524,/loadcell_data_filtered.wrench.force.z,6675.840576911504
1.084767312,1785795367.206777781,/loadcell_data_filtered.wrench.force.z,6676.320628277533
1.086571262,1785795367.208581731,/loadcell_data_filtered.wrench.force.z,6676.452943789838
1.0865930910000001,1785795367.208603560,/loadcell_data_filtered.wrench.force.z,6676.042551402546
1.086597845,1785795367.208608314,/loadcell_data_filtered.wrench.force.z,6676.073856792074
1.0869925,1785795367.209002969,/loadcell_data_filtered.wrench.force.z,6671.3104269797295
1.0874847970000001,1785795367.209495266,/loadcell_data_filtered.wrench.force.z,6667.6581091224725
1.087946606,1785795367.209957075,/loadcell_data_filtered.wrench.force.z,6663.05496401871
1.090250452,1785795367.212260921,/loadcell_data_filtered.wrench.force.z,6659.504881016638
1.090290773,1785795367.212301242,/loadcell_data_filtered.wrench.force.z,6656.163916057878
1.090296418,1785795367.212306887,/loadcell_data_filtered.wrench.force.z,6653.696061993677
1.090300875,1785795367.212311344,/loadcell_data_filtered.wrench.force.z,6651.897781193247
1.09030473,1785795367.212315199,/loadcell_data_filtered.wrench.force.z,6651.326866690064
1.090767351,1785795367.212777820,/loadcell_data_filtered.wrench.force.z,6650.634684983088
1.091605266,1785795367.213615735,/loadcell_data_filtered.wrench.force.z,6650.369564421782
1.092154819,1785795367.214165288,/loadcell_data_filtered.wrench.force.z,6649.765895465643
1.092590751,1785795367.214601220,/loadcell_data_filtered.wrench.force.z,6648.614435049953
1.09311126,1785795367.215121729,/loadcell_data_filtered.wrench.force.z,6648.487059849395
1.093481857,1785795367.215492326,/loadcell_data_filtered.wrench.force.z,6647.081568664334
1.09376456,1785795367.215775029,/loadcell_data_filtered.wrench.force.z,6646.0511686155605
1.0940629450000001,1785795367.216073414,/loadcell_data_filtered.wrench.force.z,6645.358275679151
1.094373591,1785795367.216384060,/loadcell_data_filtered.wrench.force.z,6644.634039093967
1.094734889,1785795367.216745358,/loadcell_data_filtered.wrench.force.z,6650.241786433154
1.09522532,1785795367.217235789,/loadcell_data_filtered.wrench.force.z,6653.788868589475
1.095762346,1785795367.217772815,/loadcell_data_filtered.wrench.force.z,6657.848887206049
1.096205478,1785795367.218215947,/loadcell_data_filtered.wrench.force.z,6660.201705230068
1.09652253,1785795367.218532999,/loadcell_data_filtered.wrench.force.z,6661.806805592489
1.096987851,1785795367.218998320,/loadcell_data_filtered.wrench.force.z,6662.672850161736
1.097495889,1785795367.219506358,/loadcell_data_filtered.wrench.force.z,6663.18008739756
1.097922449,1785795367.219932918,/loadcell_data_filtered.wrench.force.z,6662.676283696417
1.0983448550000001,1785795367.220355324,/loadcell_data_filtered.wrench.force.z,6661.928113706218
1.098743914,1785795367.220754383,/loadcell_data_filtered.wrench.force.z,6661.653904463759
1.09916381,1785795367.221174279,/loadcell_data_filtered.wrench.force.z,6660.749005527105
1.099532768,1785795367.221543237,/loadcell_data_filtered.wrench.force.z,6660.476968899624
1.100492654,1785795367.222503123,/loadcell_data_filtered.wrench.force.z,6659.841215326845
1.101092648,1785795367.223103117,/loadcell_data_filtered.wrench.force.z,6659.6718532195
1.101443576,1785795367.223454045,/loadcell_data_filtered.wrench.force.z,6659.365769012799
1.101767095,1785795367.223777564,/loadcell_data_filtered.wrench.force.z,6652.083566733581
1.102552936,1785795367.224563405,/loadcell_data_filtered.wrench.force.z,6651.993311435323
1.10275604,1785795367.224766509,/loadcell_data_filtered.wrench.force.z,6645.1073941432205
1.102907367,1785795367.224917836,/loadcell_data_filtered.wrench.force.z,6641.2342919912935
1.103057314,1785795367.225067783,/loadcell_data_filtered.wrench.force.z,6637.5123534049035
1.103265299,1785795367.225275768,/loadcell_data_filtered.wrench.force.z,6634.738435035204
1.103539496,1785795367.225549965,/loadcell_data_filtered.wrench.force.z,6631.43278386518
1.103768405,1785795367.225778874,/loadcell_data_filtered.wrench.force.z,6629.110181211403
1.104214622,1785795367.226225091,/loadcell_data_filtered.wrench.force.z,6628.316634582109
1.104786435,1785795367.226796904,/loadcell_data_filtered.wrench.force.z,6628.392731766498
1.105203451,1785795367.227213920,/loadcell_data_filtered.wrench.force.z,6628.866050425961
1.10552617,1785795367.227536639,/loadcell_data_filtered.wrench.force.z,6629.438693174168
1.106260559,1785795367.228271028,/loadcell_data_filtered.wrench.force.z,6629.621644613298
1.106554788,1785795367.228565257,/loadcell_data_filtered.wrench.force.z,6629.537089316169
1.106938172,1785795367.228948641,/loadcell_data_filtered.wrench.force.z,6629.7487430467345
1.107365278,1785795367.229375747,/loadcell_data_filtered.wrench.force.z,6629.812173235522
1.111150765,1785795367.233161234,/loadcell_data_filtered.wrench.force.z,6629.764533402724
1.111698689,1785795367.233709158,/loadcell_data_filtered.wrench.force.z,6629.528920058941
1.111872529,1785795367.233882998,/loadcell_data_filtered.wrench.force.z,6633.667053782474
1.112015999,1785795367.234026468,/loadcell_data_filtered.wrench.force.z,6638.697747471255
1.112149708,1785795367.234160177,/loadcell_data_filtered.wrench.force.z,6644.111548662463
1.112286289,1785795367.234296758,/loadcell_data_filtered.wrench.force.z,6649.104603739573
1.1124241320000001,1785795367.234434601,/loadcell_data_filtered.wrench.force.z,6653.335683938589
1.1125545510000001,1785795367.234565020,/loadcell_data_filtered.wrench.force.z,6657.418416219004
1.112694581,1785795367.234705050,/loadcell_data_filtered.wrench.force.z,6659.30786696981
1.1128583810000001,1785795367.234868850,/loadcell_data_filtered.wrench.force.z,6659.332293398727
1.113733181,1785795367.235743650,/loadcell_data_filtered.wrench.force.z,6659.8355333387335
1.114286438,1785795367.236296907,/loadcell_data_filtered.wrench.force.z,6660.975021075745
1.114483372,1785795367.236493841,/loadcell_data_filtered.wrench.force.z,6661.223176159434
1.11463764,1785795367.236648109,/loadcell_data_filtered.wrench.force.z,6662.20522077187
1.11485377,1785795367.236864239,/loadcell_data_filtered.wrench.force.z,6662.487182947209
1.11546152,1785795367.237471989,/loadcell_data_filtered.wrench.force.z,6662.4805381498145
1.11581561,1785795367.237826079,/loadcell_data_filtered.wrench.force.z,6662.9381927392715
1.11645229,1785795367.238462759,/loadcell_data_filtered.wrench.force.z,6663.452548563375
1.117101233,1785795367.239111702,/loadcell_data_filtered.wrench.force.z,6663.649285175811
1.117330781,1785795367.239341250,/loadcell_data_filtered.wrench.force.z,6658.857771659378
1.1178221050000001,1785795367.239832574,/loadcell_data_filtered.wrench.force.z,6656.122856079012
1.1189430200000001,1785795367.240953489,/loadcell_data_filtered.wrench.force.z,6652.34943234117
1.119280547,1785795367.241291016,/loadcell_data_filtered.wrench.force.z,6649.399968833432
1.119409611,1785795367.241420080,/loadcell_data_filtered.wrench.force.z,6647.211768386949
1.119754518,1785795367.241764987,/loadcell_data_filtered.wrench.force.z,6645.26853211282
1.120219142,1785795367.242229611,/loadcell_data_filtered.wrench.force.z,6643.699738085392
1.120902739,1785795367.242913208,/loadcell_data_filtered.wrench.force.z,6643.925256681292
1.121420189,1785795367.243430658,/loadcell_data_filtered.wrench.force.z,6644.067876498816
1.122475301,1785795367.244485770,/loadcell_data_filtered.wrench.force.z,6644.537457513705
1.12309677,1785795367.245107239,/loadcell_data_filtered.wrench.force.z,6644.49194093413
1.123595334,1785795367.245605803,/loadcell_data_filtered.wrench.force.z,6644.266556046611
1.124050881,1785795367.246061350,/loadcell_data_filtered.wrench.force.z,6644.340317542451
1.124553903,1785795367.246564372,/loadcell_data_filtered.wrench.force.z,6643.838548225123
1.125085612,1785795367.247096081,/loadcell_data_filtered.wrench.force.z,6643.963521492902
1.125454514,1785795367.247464983,/loadcell_data_filtered.wrench.force.z,6643.84725917375
1.12569274,1785795367.247703209,/loadcell_data_filtered.wrench.force.z,6643.850087447289
1.125961885,1785795367.247972354,/loadcell_data_filtered.wrench.force.z,6649.627680373939
1.126470247,1785795367.248480716,/loadcell_data_filtered.wrench.force.z,6653.532036536316
1.12697216,1785795367.248982629,/loadcell_data_filtered.wrench.force.z,6657.224183878234
1.127389601,1785795367.249400070,/loadcell_data_filtered.wrench.force.z,6660.60024306361
1.128023823,1785795367.250034292,/loadcell_data_filtered.wrench.force.z,6663.419949446826
1.12838196,1785795367.250392429,/loadcell_data_filtered.wrench.force.z,6664.7137002305035
1.129238507,1785795367.251248976,/loadcell_data_filtered.wrench.force.z,6665.810902267575
1.1295814100000001,1785795367.251591879,/loadcell_data_filtered.wrench.force.z,6666.136935792521
1.129825353,1785795367.251835822,/loadcell_data_filtered.wrench.force.z,6666.422451564801
1.13058033,1785795367.252590799,/loadcell_data_filtered.wrench.force.z,6666.380560089336
1.131003399,1785795367.253013868,/loadcell_data_filtered.wrench.force.z,6666.288270431752
1.131643998,1785795367.253654467,/loadcell_data_filtered.wrench.force.z,6666.120785175861
1.131905535,1785795367.253916004,/loadcell_data_filtered.wrench.force.z,6666.054090880926
1.133993699,1785795367.256004168,/loadcell_data_filtered.wrench.force.z,6665.9265068875775
1.134683509,1785795367.256693978,/loadcell_data_filtered.wrench.force.z,6665.716364975356
1.134699739,1785795367.256710208,/loadcell_data_filtered.wrench.force.z,6666.00979267527
1.134902698,1785795367.256913167,/loadcell_data_filtered.wrench.force.z,6665.785175400188
1.135093251,1785795367.257103720,/loadcell_data_filtered.wrench.force.z,6660.724644162307
1.135108136,1785795367.257118605,/loadcell_data_filtered.wrench.force.z,6656.3416484113295
1.137217714,1785795367.259228183,/loadcell_data_filtered.wrench.force.z,6652.2004646321575
1.137405764,1785795367.259416233,/loadcell_data_filtered.wrench.force.z,6648.713733739664
1.137549937,1785795367.259560406,/loadcell_data_filtered.wrench.force.z,6645.545708152754
1.137681533,1785795367.259692002,/loadcell_data_filtered.wrench.force.z,6643.87138336843
1.137805026,1785795367.259815495,/loadcell_data_filtered.wrench.force.z,6643.169764911981
1.137934149,1785795367.259944618,/loadcell_data_filtered.wrench.force.z,6643.144932156374
1.138106997,1785795367.260117466,/loadcell_data_filtered.wrench.force.z,6643.59798847924
1.141642781,1785795367.263653250,/loadcell_data_filtered.wrench.force.z,6643.71250643025
1.141654793,1785795367.263665262,/loadcell_data_filtered.wrench.force.z,6643.478565780996
1.141657144,1785795367.263667613,/loadcell_data_filtered.wrench.force.z,6643.8700964985355
1.1423555730000001,1785795367.264366042,/loadcell_data_filtered.wrench.force.z,6644.289620897649
1.142756441,1785795367.264766910,/loadcell_data_filtered.wrench.force.z,6643.21056105826
1.143046048,1785795367.265056517,/loadcell_data_filtered.wrench.force.z,6643.09990952465
1.146907954,1785795367.268918423,/loadcell_data_filtered.wrench.force.z,6642.960728076345
1.147528921,1785795367.269539390,/loadcell_data_filtered.wrench.force.z,6646.620990777462
1.147850714,1785795367.269861183,/loadcell_data_filtered.wrench.force.z,6651.064520021424
1.1480904920000001,1785795367.270100961,/loadcell_data_filtered.wrench.force.z,6655.880380123546
1.148417854,1785795367.270428323,/loadcell_data_filtered.wrench.force.z,6660.24933187782
1.148717515,1785795367.270727984,/loadcell_data_filtered.wrench.force.z,6663.856170877651
1.148997853,1785795367.271008322,/loadcell_data_filtered.wrench.force.z,6667.323506123908
1.149301823,1785795367.271312292,/loadcell_data_filtered.wrench.force.z,6669.5351531337565
1.149562363,1785795367.271572832,/loadcell_data_filtered.wrench.force.z,6670.4213110366545
1.149813696,1785795367.271824165,/loadcell_data_filtered.wrench.force.z,6671.2413369670785
1.150110471,1785795367.272120940,/loadcell_data_filtered.wrench.force.z,6672.052884450452
1.150414608,1785795367.272425077,/loadcell_data_filtered.wrench.force.z,6672.090884795133
1.150761768,1785795367.272772237,/loadcell_data_filtered.wrench.force.z,6670.125963905453
1.151187671,1785795367.273198140,/loadcell_data_filtered.wrench.force.z,6669.987737442047
1.151552471,1785795367.273562940,/loadcell_data_filtered.wrench.force.z,6670.639373387425
1.151854281,1785795367.273864750,/loadcell_data_filtered.wrench.force.z,6671.06013688594
1.152190741,1785795367.274201210,/loadcell_data_filtered.wrench.force.z,6671.548362165107
1.152568337,1785795367.274578806,/loadcell_data_filtered.wrench.force.z,6671.9889929598985
1.152900171,1785795367.274910640,/loadcell_data_filtered.wrench.force.z,6666.414057640112
1.15354842,1785795367.275558889,/loadcell_data_filtered.wrench.force.z,6662.385226826742
1.153915604,1785795367.275926073,/loadcell_data_filtered.wrench.force.z,6658.0408518407085
1.154312535,1785795367.276323004,/loadcell_data_filtered.wrench.force.z,6654.375497514985
1.154663612,1785795367.276674081,/loadcell_data_filtered.wrench.force.z,6650.788798144168
1.155014584,1785795367.277025053,/loadcell_data_filtered.wrench.force.z,6648.324408109398
1.155414813,1785795367.277425282,/loadcell_data_filtered.wrench.force.z,6646.234539944817
1.155828731,1785795367.277839200,/loadcell_data_filtered.wrench.force.z,6645.33576202368
1.156212644,1785795367.278223113,/loadcell_data_filtered.wrench.force.z,6645.073966768569
1.156503996,1785795367.278514465,/loadcell_data_filtered.wrench.force.z,6644.493336106183
1.156719672,1785795367.278730141,/loadcell_data_filtered.wrench.force.z,6643.594458448956
1.158078311,1785795367.280088780,/loadcell_data_filtered.wrench.force.z,6642.385273711769
1.158778318,1785795367.280788787,/loadcell_data_filtered.wrench.force.z,6641.443779538993
1.159047322,1785795367.281057791,/loadcell_data_filtered.wrench.force.z,6641.3829687173775
1.159252856,1785795367.281263325,/loadcell_data_filtered.wrench.force.z,6640.9385528161765
1.159495298,1785795367.281505767,/loadcell_data_filtered.wrench.force.z,6640.936161581693
1.1625402120000001,1785795367.284550681,/loadcell_data_filtered.wrench.force.z,6640.56065017331
1.163287814,1785795367.285298283,/loadcell_data_filtered.wrench.force.z,6646.359121799095
1.163683545,1785795367.285694014,/loadcell_data_filtered.wrench.force.z,6649.726064209248
1.164113418,1785795367.286123887,/loadcell_data_filtered.wrench.force.z,6653.620990119663
1.164527114,1785795367.286537583,/loadcell_data_filtered.wrench.force.z,6657.225556242302
1.164880663,1785795367.286891132,/loadcell_data_filtered.wrench.force.z,6660.776819623085
1.1652097430000001,1785795367.287220212,/loadcell_data_filtered.wrench.force.z,6662.76143960964
1.165505521,1785795367.287515990,/loadcell_data_filtered.wrench.force.z,6664.272678837312
1.16576879,1785795367.287779259,/loadcell_data_filtered.wrench.force.z,6665.2502308635385
1.166048725,1785795367.288059194,/loadcell_data_filtered.wrench.force.z,6666.007485146264
1.166492756,1785795367.288503225,/loadcell_data_filtered.wrench.force.z,6665.680195373827
1.166830871,1785795367.288841340,/loadcell_data_filtered.wrench.force.z,6666.052687101355
1.1672441390000001,1785795367.289254608,/loadcell_data_filtered.wrench.force.z,6667.403412857052
1.16759473,1785795367.289605199,/loadcell_data_filtered.wrench.force.z,6668.421741005884
1.167982232,1785795367.289992701,/loadcell_data_filtered.wrench.force.z,6669.735762381215
1.168418063,1785795367.290428532,/loadcell_data_filtered.wrench.force.z,6670.739169847902
1.168907404,1785795367.290917873,/loadcell_data_filtered.wrench.force.z,6671.088078026159
1.169359014,1785795367.291369483,/loadcell_data_filtered.wrench.force.z,6669.658092086257
1.169714351,1785795367.291724820,/loadcell_data_filtered.wrench.force.z,6664.594833634798
1.170021969,1785795367.292032438,/loadcell_data_filtered.wrench.force.z,6660.83898026942
1.170374798,1785795367.292385267,/loadcell_data_filtered.wrench.force.z,6657.914516082994
1.170724103,1785795367.292734572,/loadcell_data_filtered.wrench.force.z,6656.182055938801
1.172778169,1785795367.294788638,/loadcell_data_filtered.wrench.force.z,6652.9004186924985
1.17305992,1785795367.295070389,/loadcell_data_filtered.wrench.force.z,6652.155816949587
1.173318012,1785795367.295328481,/loadcell_data_filtered.wrench.force.z,6652.10076289264
1.173535538,1785795367.295546007,/loadcell_data_filtered.wrench.force.z,6653.113990537548
1.173834416,1785795367.295844885,/loadcell_data_filtered.wrench.force.z,6654.422984105688
1.1740918,1785795367.296102269,/loadcell_data_filtered.wrench.force.z,6655.614834615571
1.1742757,1785795367.296286169,/loadcell_data_filtered.wrench.force.z,6656.37078549779
1.174458451,1785795367.296468920,/loadcell_data_filtered.wrench.force.z,6655.956909192306
1.174625642,1785795367.296636111,/loadcell_data_filtered.wrench.force.z,6655.185349823504
1.174787446,1785795367.296797915,/loadcell_data_filtered.wrench.force.z,6655.874094613692
1.175007874,1785795367.297018343,/loadcell_data_filtered.wrench.force.z,6655.63680624671
1.175217887,1785795367.297228356,/loadcell_data_filtered.wrench.force.z,6655.919637604872
1.175488194,1785795367.297498663,/loadcell_data_filtered.wrench.force.z,6660.395016377252
1.176175565,1785795367.298186034,/loadcell_data_filtered.wrench.force.z,6663.683038125057
1.178829587,1785795367.300840056,/loadcell_data_filtered.wrench.force.z,6667.939993118318
1.179176357,1785795367.301186826,/loadcell_data_filtered.wrench.force.z,6671.400578600508
1.1793194869999999,1785795367.301329956,/loadcell_data_filtered.wrench.force.z,6673.106337750659
1.179470265,1785795367.301480734,/loadcell_data_filtered.wrench.force.z,6669.50883313261
1.1796028760000001,1785795367.301613345,/loadcell_data_filtered.wrench.force.z,6671.5437001858645
1.179729757,1785795367.301740226,/loadcell_data_filtered.wrench.force.z,6672.4460507593585
1.179877518,1785795367.301887987,/loadcell_data_filtered.wrench.force.z,6671.741951952155
1.180006725,1785795367.302017194,/loadcell_data_filtered.wrench.force.z,6672.242348917248
1.180744928,1785795367.302755397,/loadcell_data_filtered.wrench.force.z,6672.426920301517
1.180989679,1785795367.303000148,/loadcell_data_filtered.wrench.force.z,6672.642912170029
1.18213599,1785795367.304146459,/loadcell_data_filtered.wrench.force.z,6673.020347982058
1.182681386,1785795367.304691855,/loadcell_data_filtered.wrench.force.z,6673.192222985605
1.183180623,1785795367.305191092,/loadcell_data_filtered.wrench.force.z,6673.510989129494
1.183602592,1785795367.305613061,/loadcell_data_filtered.wrench.force.z,6673.6711773447405
1.1839224289999999,1785795367.305932898,/loadcell_data_filtered.wrench.force.z,6674.25060999707
1.184314147,1785795367.306324616,/loadcell_data_filtered.wrench.force.z,6669.143254391943
1.184651946,1785795367.306662415,/loadcell_data_filtered.wrench.force.z,6666.083824634922
1.186437906,1785795367.308448375,/loadcell_data_filtered.wrench.force.z,6662.413598712331
1.186823771,1785795367.308834240,/loadcell_data_filtered.wrench.force.z,6659.1082911323665
1.187227153,1785795367.309237622,/loadcell_data_filtered.wrench.force.z,6649.988227559398
1.187543542,1785795367.309554011,/loadcell_data_filtered.wrench.force.z,6649.409803991914
1.188824008,1785795367.310834477,/loadcell_data_filtered.wrench.force.z,6647.77951792939
1.189346657,1785795367.311357126,/loadcell_data_filtered.wrench.force.z,6647.721209771903
1.189571753,1785795367.311582222,/loadcell_data_filtered.wrench.force.z,6646.169207337234
1.189785454,1785795367.311795923,/loadcell_data_filtered.wrench.force.z,6641.259937202125
1.189993448,1785795367.312003917,/loadcell_data_filtered.wrench.force.z,6641.621322597115
1.190230437,1785795367.312240906,/loadcell_data_filtered.wrench.force.z,6640.263398247673
1.190505541,1785795367.312516010,/loadcell_data_filtered.wrench.force.z,6639.928635316959
1.190782471,1785795367.312792940,/loadcell_data_filtered.wrench.force.z,6639.301139563455
1.19129824,1785795367.313308709,/loadcell_data_filtered.wrench.force.z,6638.774562534498
1.191573714,1785795367.313584183,/loadcell_data_filtered.wrench.force.z,6638.342695865001
1.192090347,1785795367.314100816,/loadcell_data_filtered.wrench.force.z,6638.655663004442
1.192560467,1785795367.314570936,/loadcell_data_filtered.wrench.force.z,6643.58544869591
1.194242059,1785795367.316252528,/loadcell_data_filtered.wrench.force.z,6647.617637189532
1.194651956,1785795367.316662425,/loadcell_data_filtered.wrench.force.z,6651.213158433337
1.194944164,1785795367.316954633,/loadcell_data_filtered.wrench.force.z,6654.504643059792
1.195274906,1785795367.317285375,/loadcell_data_filtered.wrench.force.z,6657.729238057637
1.195553672,1785795367.317564141,/loadcell_data_filtered.wrench.force.z,6658.670582184506
1.196123322,1785795367.318133791,/loadcell_data_filtered.wrench.force.z,6658.095505981697
1.196469943,1785795367.318480412,/loadcell_data_filtered.wrench.force.z,6658.040703281907
1.196714474,1785795367.318724943,/loadcell_data_filtered.wrench.force.z,6658.036143257339
1.198073097,1785795367.320083566,/loadcell_data_filtered.wrench.force.z,6657.795257116326
1.19839407,1785795367.320404539,/loadcell_data_filtered.wrench.force.z,6657.508247892866
1.198647513,1785795367.320657982,/loadcell_data_filtered.wrench.force.z,6658.052470723427
1.198881019,1785795367.320891488,/loadcell_data_filtered.wrench.force.z,6657.6146425020925
1.199115476,1785795367.321125945,/loadcell_data_filtered.wrench.force.z,6657.338726024048
1.199507522,1785795367.321517991,/loadcell_data_filtered.wrench.force.z,6656.823447801353
1.19998702,1785795367.321997489,/loadcell_data_filtered.wrench.force.z,6656.036973798195
1.200409021,1785795367.322419490,/loadcell_data_filtered.wrench.force.z,6653.898661139765
1.200928959,1785795367.322939428,/loadcell_data_filtered.wrench.force.z,6648.38077599808
1.201406917,1785795367.323417386,/loadcell_data_filtered.wrench.force.z,6643.6966265484825
1.202036039,1785795367.324046508,/loadcell_data_filtered.wrench.force.z,6639.85497908779
1.202515037,1785795367.324525506,/loadcell_data_filtered.wrench.force.z,6636.646733068642
1.203086371,1785795367.325096840,/loadcell_data_filtered.wrench.force.z,6633.577360339327
1.203807624,1785795367.325818093,/loadcell_data_filtered.wrench.force.z,6631.773436238616
1.204273763,1785795367.326284232,/loadcell_data_filtered.wrench.force.z,6630.8460413372495
1.206093323,1785795367.328103792,/loadcell_data_filtered.wrench.force.z,6630.772707139449
1.206119134,1785795367.328129603,/loadcell_data_filtered.wrench.force.z,6630.820819274937
1.20686449,1785795367.328874959,/loadcell_data_filtered.wrench.force.z,6629.9668732184755
1.207229114,1785795367.329239583,/loadcell_data_filtered.wrench.force.z,6629.370281236606
1.207874337,1785795367.329884806,/loadcell_data_filtered.wrench.force.z,6629.013690214108
1.207889418,1785795367.329899887,/loadcell_data_filtered.wrench.force.z,6628.1780736305
1.208851453,1785795367.330861922,/loadcell_data_filtered.wrench.force.z,6627.673048471451
1.209215351,1785795367.331225820,/loadcell_data_filtered.wrench.force.z,6627.344970197921
1.20953722,1785795367.331547689,/loadcell_data_filtered.wrench.force.z,6627.099692407095
1.209775928,1785795367.331786397,/loadcell_data_filtered.wrench.force.z,6631.514621253337
1.210009566,1785795367.332020035,/loadcell_data_filtered.wrench.force.z,6634.860058132326
1.210485699,1785795367.332496168,/loadcell_data_filtered.wrench.force.z,6638.743143956823
1.213731568,1785795367.335742037,/loadcell_data_filtered.wrench.force.z,6642.7475097846
1.214007984,1785795367.336018453,/loadcell_data_filtered.wrench.force.z,6645.481375550875
1.2142377500000001,1785795367.336248219,/loadcell_data_filtered.wrench.force.z,6647.648597399708
1.21455378,1785795367.336564249,/loadcell_data_filtered.wrench.force.z,6649.611440280816
1.214856604,1785795367.336867073,/loadcell_data_filtered.wrench.force.z,6650.300111450489
1.215297869,1785795367.337308338,/loadcell_data_filtered.wrench.force.z,6650.697674752108
1.215760982,1785795367.337771451,/loadcell_data_filtered.wrench.force.z,6651.545544593342
1.216258028,1785795367.338268497,/loadcell_data_filtered.wrench.force.z,6652.58152894574
1.216748219,1785795367.338758688,/loadcell_data_filtered.wrench.force.z,6651.969317542401
1.217339042,1785795367.339349511,/loadcell_data_filtered.wrench.force.z,6651.873610955866
1.217647411,1785795367.339657880,/loadcell_data_filtered.wrench.force.z,6652.13617010387
1.217931386,1785795367.339941855,/loadcell_data_filtered.wrench.force.z,6652.348029663467
1.218192426,1785795367.340202895,/loadcell_data_filtered.wrench.force.z,6652.5344216592275
1.218366357,1785795367.340376826,/loadcell_data_filtered.wrench.force.z,6653.167789223236
1.218550111,1785795367.340560580,/loadcell_data_filtered.wrench.force.z,6647.870394995107
1.21875057,1785795367.340761039,/loadcell_data_filtered.wrench.force.z,6644.6403186840325
1.218991144,1785795367.341001613,/loadcell_data_filtered.wrench.force.z,6641.566546176488
1.219238395,1785795367.341248864,/loadcell_data_filtered.wrench.force.z,6638.712862020419
1.220412075,1785795367.342422544,/loadcell_data_filtered.wrench.force.z,6636.322395148799
1.220754804,1785795367.342765273,/loadcell_data_filtered.wrench.force.z,6635.295996751811
1.221973963,1785795367.343984432,/loadcell_data_filtered.wrench.force.z,6634.490121755324
1.222327935,1785795367.344338404,/loadcell_data_filtered.wrench.force.z,6634.712669641493
1.22254782,1785795367.344558289,/loadcell_data_filtered.wrench.force.z,6636.10159568297
1.22276348,1785795367.344773949,/loadcell_data_filtered.wrench.force.z,6637.627178310291
1.222981478,1785795367.344991947,/loadcell_data_filtered.wrench.force.z,6637.84055999132
1.223225515,1785795367.345235984,/loadcell_data_filtered.wrench.force.z,6638.04281905157
1.223504477,1785795367.345514946,/loadcell_data_filtered.wrench.force.z,6638.502666560603
1.223938608,1785795367.345949077,/loadcell_data_filtered.wrench.force.z,6638.611023810354
1.224322087,1785795367.346332556,/loadcell_data_filtered.wrench.force.z,6638.411470579867
1.224899732,1785795367.346910201,/loadcell_data_filtered.wrench.force.z,6638.57032674794
1.225404833,1785795367.347415302,/loadcell_data_filtered.wrench.force.z,6638.975313644378
1.225843593,1785795367.347854062,/loadcell_data_filtered.wrench.force.z,6644.567995197665
1.226449649,1785795367.348460118,/loadcell_data_filtered.wrench.force.z,6649.846456470918
1.226799566,1785795367.348810035,/loadcell_data_filtered.wrench.force.z,6653.630584619087
1.227390533,1785795367.349401002,/loadcell_data_filtered.wrench.force.z,6656.910601866051
1.228440768,1785795367.350451237,/loadcell_data_filtered.wrench.force.z,6660.027251750867
1.228891455,1785795367.350901924,/loadcell_data_filtered.wrench.force.z,6661.288643070419
1.229287376,1785795367.351297845,/loadcell_data_filtered.wrench.force.z,6662.179218880357
1.229655352,1785795367.351665821,/loadcell_data_filtered.wrench.force.z,6662.406381935883
1.230036482,1785795367.352046951,/loadcell_data_filtered.wrench.force.z,6662.314677764066
1.235046679,1785795367.357057148,/loadcell_data_filtered.wrench.force.z,6661.865118866593
1.235776757,1785795367.357787226,/loadcell_data_filtered.wrench.force.z,6662.00326346888
1.236222651,1785795367.358233120,/loadcell_data_filtered.wrench.force.z,6662.438096873979
1.236662071,1785795367.358672540,/loadcell_data_filtered.wrench.force.z,6657.115882251809
1.237043002,1785795367.359053471,/loadcell_data_filtered.wrench.force.z,6656.9584148826525
1.237376442,1785795367.359386911,/loadcell_data_filtered.wrench.force.z,6656.21810632388
1.237627903,1785795367.359638372,/loadcell_data_filtered.wrench.force.z,6656.49870151595
1.237812155,1785795367.359822624,/loadcell_data_filtered.wrench.force.z,6647.38472407006
1.237986068,1785795367.359996537,/loadcell_data_filtered.wrench.force.z,6644.182400456168
1.23814946,1785795367.360159929,/loadcell_data_filtered.wrench.force.z,6639.504880067971
1.238309059,1785795367.360319528,/loadcell_data_filtered.wrench.force.z,6636.825212886107
1.238469545,1785795367.360480014,/loadcell_data_filtered.wrench.force.z,6634.493596305262
1.2386301180000001,1785795367.360640587,/loadcell_data_filtered.wrench.force.z,6632.438301973372
1.238826191,1785795367.360836660,/loadcell_data_filtered.wrench.force.z,6631.437170583194
1.239038436,1785795367.361048905,/loadcell_data_filtered.wrench.force.z,6630.546482774987
1.241324196,1785795367.363334665,/loadcell_data_filtered.wrench.force.z,6630.78122065763
1.241645687,1785795367.363656156,/loadcell_data_filtered.wrench.force.z,6631.411935916562
1.241885343,1785795367.363895812,/loadcell_data_filtered.wrench.force.z,6632.3173776217345
1.242105145,1785795367.364115614,/loadcell_data_filtered.wrench.force.z,6633.138886555375
1.242339487,1785795367.364349956,/loadcell_data_filtered.wrench.force.z,6633.801511536519
1.2425957460000001,1785795367.364606215,/loadcell_data_filtered.wrench.force.z,6634.201585948763
1.242821779,1785795367.364832248,/loadcell_data_filtered.wrench.force.z,6634.673021655164
1.243055459,1785795367.365065928,/loadcell_data_filtered.wrench.force.z,6634.921448241693
1.243316302,1785795367.365326771,/loadcell_data_filtered.wrench.force.z,6634.336309997896
1.243519384,1785795367.365529853,/loadcell_data_filtered.wrench.force.z,6638.173324476749
1.243687987,1785795367.365698456,/loadcell_data_filtered.wrench.force.z,6641.3345832050045
1.243845645,1785795367.365856114,/loadcell_data_filtered.wrench.force.z,6645.15556856198
1.244006582,1785795367.366017051,/loadcell_data_filtered.wrench.force.z,6648.250774689929
1.244526036,1785795367.366536505,/loadcell_data_filtered.wrench.force.z,6650.936261506566
1.244872917,1785795367.366883386,/loadcell_data_filtered.wrench.force.z,6651.74269351361
1.245312683,1785795367.367323152,/loadcell_data_filtered.wrench.force.z,6652.5977747839825
1.2457782640000001,1785795367.367788733,/loadcell_data_filtered.wrench.force.z,6652.349709082582
1.246431886,1785795367.368442355,/loadcell_data_filtered.wrench.force.z,6652.080615758973
1.2468839090000001,1785795367.368894378,/loadcell_data_filtered.wrench.force.z,6651.972922199532
1.247522314,1785795367.369532783,/loadcell_data_filtered.wrench.force.z,6651.833304349042
1.247882774,1785795367.369893243,/loadcell_data_filtered.wrench.force.z,6651.626013105405
1.248795319,1785795367.370805788,/loadcell_data_filtered.wrench.force.z,6650.921911302441
1.2493236140000001,1785795367.371334083,/loadcell_data_filtered.wrench.force.z,6650.598246417905
1.249716914,1785795367.371727383,/loadcell_data_filtered.wrench.force.z,6649.99259054523
1.253815083,1785795367.375825552,/loadcell_data_filtered.wrench.force.z,6649.273665446943
1.253834554,1785795367.375845023,/loadcell_data_filtered.wrench.force.z,6648.877866139655
1.253837239,1785795367.375847708,/loadcell_data_filtered.wrench.force.z,6643.2076945401905
1.2541324440000001,1785795367.376142913,/loadcell_data_filtered.wrench.force.z,6639.757812210013
1.254557745,1785795367.376568214,/loadcell_data_filtered.wrench.force.z,6635.996091372552
1.254926311,1785795367.376936780,/loadcell_data_filtered.wrench.force.z,6633.163675056812
1.255223831,1785795367.377234300,/loadcell_data_filtered.wrench.force.z,6630.272113530088
1.255430073,1785795367.377440542,/loadcell_data_filtered.wrench.force.z,6628.261496610133
1.255681243,1785795367.377691712,/loadcell_data_filtered.wrench.force.z,6625.983915838704
1.255969917,1785795367.377980386,/loadcell_data_filtered.wrench.force.z,6625.848321414211
1.256359993,1785795367.378370462,/loadcell_data_filtered.wrench.force.z,6626.314409808906
1.256583869,1785795367.378594338,/loadcell_data_filtered.wrench.force.z,6626.095950443243
1.256785002,1785795367.378795471,/loadcell_data_filtered.wrench.force.z,6626.014616675465
1.257047085,1785795367.379057554,/loadcell_data_filtered.wrench.force.z,6625.789835200474
1.257296889,1785795367.379307358,/loadcell_data_filtered.wrench.force.z,6625.91666092727
1.2575212709999999,1785795367.379531740,/loadcell_data_filtered.wrench.force.z,6625.849495383631
1.257688417,1785795367.379698886,/loadcell_data_filtered.wrench.force.z,6625.91181989522
1.25812229,1785795367.380132759,/loadcell_data_filtered.wrench.force.z,6625.598623644104
1.258761806,1785795367.380772275,/loadcell_data_filtered.wrench.force.z,6626.2374481233755
1.25916419,1785795367.381174659,/loadcell_data_filtered.wrench.force.z,6632.460619035906
1.259858398,1785795367.381868867,/loadcell_data_filtered.wrench.force.z,6637.546927506363
1.260246664,1785795367.382257133,/loadcell_data_filtered.wrench.force.z,6642.065828307627
1.260663055,1785795367.382673524,/loadcell_data_filtered.wrench.force.z,6645.053408577443
1.261500821,1785795367.383511290,/loadcell_data_filtered.wrench.force.z,6648.0284021320385
1.261915517,1785795367.383925986,/loadcell_data_filtered.wrench.force.z,6649.814447387296
1.262183792,1785795367.384194261,/loadcell_data_filtered.wrench.force.z,6650.377804756446
1.263635276,1785795367.385645745,/loadcell_data_filtered.wrench.force.z,6650.439650137922
1.26383869,1785795367.385849159,/loadcell_data_filtered.wrench.force.z,6651.044813518459
1.264081629,1785795367.386092098,/loadcell_data_filtered.wrench.force.z,6651.899336878482
1.266102571,1785795367.388113040,/loadcell_data_filtered.wrench.force.z,6651.9476398263305
1.267314601,1785795367.389325070,/loadcell_data_filtered.wrench.force.z,6651.702691433275
1.267873312,1785795367.389883781,/loadcell_data_filtered.wrench.force.z,6652.0518031232195
1.268362714,1785795367.390373183,/loadcell_data_filtered.wrench.force.z,6652.811535284372
1.26892329,1785795367.390933759,/loadcell_data_filtered.wrench.force.z,6652.926191535067
1.26938985,1785795367.391400319,/loadcell_data_filtered.wrench.force.z,6652.2325076664265
1.269689329,1785795367.391699798,/loadcell_data_filtered.wrench.force.z,6649.248098114839
1.269991184,1785795367.392001653,/loadcell_data_filtered.wrench.force.z,6646.4762999867535
1.270312108,1785795367.392322577,/loadcell_data_filtered.wrench.force.z,6642.668912143038
1.270500341,1785795367.392510810,/loadcell_data_filtered.wrench.force.z,6639.755228600131
1.2706688000000002,1785795367.392679269,/loadcell_data_filtered.wrench.force.z,6637.340424416629
1.270861194,1785795367.392871663,/loadcell_data_filtered.wrench.force.z,6634.064123485527
1.271040426,1785795367.393050895,/loadcell_data_filtered.wrench.force.z,6631.909936647043
1.27124666,1785795367.393257129,/loadcell_data_filtered.wrench.force.z,6631.787034055567
1.2714218160000001,1785795367.393432285,/loadcell_data_filtered.wrench.force.z,6631.757479383964
1.271694432,1785795367.393704901,/loadcell_data_filtered.wrench.force.z,6632.225004092032
1.27534666,1785795367.397357129,/loadcell_data_filtered.wrench.force.z,6632.46648863051
1.27567037,1785795367.397680839,/loadcell_data_filtered.wrench.force.z,6632.4359321399
1.276001932,1785795367.398012401,/loadcell_data_filtered.wrench.force.z,6633.159829456718
1.276302608,1785795367.398313077,/loadcell_data_filtered.wrench.force.z,6633.653583471624
1.276528727,1785795367.398539196,/loadcell_data_filtered.wrench.force.z,6634.579346481923
1.276773002,1785795367.398783471,/loadcell_data_filtered.wrench.force.z,6635.303601136292
1.2770330460000001,1785795367.399043515,/loadcell_data_filtered.wrench.force.z,6636.183216780055
1.277212485,1785795367.399222954,/loadcell_data_filtered.wrench.force.z,6641.703230595471
1.27739289,1785795367.399403359,/loadcell_data_filtered.wrench.force.z,6644.534610687046
1.277629652,1785795367.399640121,/loadcell_data_filtered.wrench.force.z,6648.949347642888
1.277924965,1785795367.399935434,/loadcell_data_filtered.wrench.force.z,6652.422486547636
1.2782006,1785795367.400211069,/loadcell_data_filtered.wrench.force.z,6655.6462522989605
1.278428112,1785795367.400438581,/loadcell_data_filtered.wrench.force.z,6658.270809911844
1.278787198,1785795367.400797667,/loadcell_data_filtered.wrench.force.z,6660.085941770118
1.279129478,1785795367.401139947,/loadcell_data_filtered.wrench.force.z,6660.843133245453
1.279711441,1785795367.401721910,/loadcell_data_filtered.wrench.force.z,6661.423622708339
1.280153854,1785795367.402164323,/loadcell_data_filtered.wrench.force.z,6662.074609958705
1.281000792,1785795367.403011261,/loadcell_data_filtered.wrench.force.z,6662.763675375639
1.281284418,1785795367.403294887,/loadcell_data_filtered.wrench.force.z,6663.426540548252
1.281692868,1785795367.403703337,/loadcell_data_filtered.wrench.force.z,6663.823668689222
1.282322098,1785795367.404332567,/loadcell_data_filtered.wrench.force.z,6664.480909687403
1.282653603,1785795367.404664072,/loadcell_data_filtered.wrench.force.z,6665.229934967633
1.283255949,1785795367.405266418,/loadcell_data_filtered.wrench.force.z,6665.516488083495
1.283691583,1785795367.405702052,/loadcell_data_filtered.wrench.force.z,6665.85938095949
1.284470016,1785795367.406480485,/loadcell_data_filtered.wrench.force.z,6660.820615393011
1.28472013,1785795367.406730599,/loadcell_data_filtered.wrench.force.z,6657.31048348663
1.284969775,1785795367.406980244,/loadcell_data_filtered.wrench.force.z,6654.61470050206
1.285583293,1785795367.407593762,/loadcell_data_filtered.wrench.force.z,6651.162123494949
1.286195092,1785795367.408205561,/loadcell_data_filtered.wrench.force.z,6648.252165099442
1.287059304,1785795367.409069773,/loadcell_data_filtered.wrench.force.z,6646.816874300184
1.2879615370000002,1785795367.409972006,/loadcell_data_filtered.wrench.force.z,6645.945514631285
1.288272747,1785795367.410283216,/loadcell_data_filtered.wrench.force.z,6646.187806782317
1.288704401,1785795367.410714870,/loadcell_data_filtered.wrench.force.z,6645.760924002007
1.288990435,1785795367.411000904,/loadcell_data_filtered.wrench.force.z,6645.792651328319
1.289295846,1785795367.411306315,/loadcell_data_filtered.wrench.force.z,6645.638298288695
1.289756912,1785795367.411767381,/loadcell_data_filtered.wrench.force.z,6645.377181479752
1.290158905,1785795367.412169374,/loadcell_data_filtered.wrench.force.z,6645.15930424811
1.291059344,1785795367.413069813,/loadcell_data_filtered.wrench.force.z,6644.913240874609
1.291495532,1785795367.413506001,/loadcell_data_filtered.wrench.force.z,6644.771404802853
1.291680987,1785795367.413691456,/loadcell_data_filtered.wrench.force.z,6645.30209038898
1.292156004,1785795367.414166473,/loadcell_data_filtered.wrench.force.z,6646.006805910654
1.2929132,1785795367.414923669,/loadcell_data_filtered.wrench.force.z,6651.494398904843
1.293639567,1785795367.415650036,/loadcell_data_filtered.wrench.force.z,6656.442963492408
1.293912216,1785795367.415922685,/loadcell_data_filtered.wrench.force.z,6660.141945583995
1.294132812,1785795367.416143281,/loadcell_data_filtered.wrench.force.z,6663.87006237659
1.297516664,1785795367.419527133,/loadcell_data_filtered.wrench.force.z,6666.873000762057
1.2980095440000001,1785795367.420020013,/loadcell_data_filtered.wrench.force.z,6667.993114741824
1.298445392,1785795367.420455861,/loadcell_data_filtered.wrench.force.z,6669.111361118052
1.298942244,1785795367.420952713,/loadcell_data_filtered.wrench.force.z,6670.295431528464
1.2994286449999999,1785795367.421439114,/loadcell_data_filtered.wrench.force.z,6671.359337780678
1.299778997,1785795367.421789466,/loadcell_data_filtered.wrench.force.z,6672.464247947677
1.300174229,1785795367.422184698,/loadcell_data_filtered.wrench.force.z,6673.14943779934
1.3004588670000001,1785795367.422469336,/loadcell_data_filtered.wrench.force.z,6672.7848235346655
1.3007413620000001,1785795367.422751831,/loadcell_data_filtered.wrench.force.z,6672.843095673653
1.301014355,1785795367.423024824,/loadcell_data_filtered.wrench.force.z,6672.639945581938
1.301252777,1785795367.423263246,/loadcell_data_filtered.wrench.force.z,6672.773377386337
1.3015469610000001,1785795367.423557430,/loadcell_data_filtered.wrench.force.z,6672.795742484553
1.301817178,1785795367.423827647,/loadcell_data_filtered.wrench.force.z,6668.516768348713
1.30217473,1785795367.424185199,/loadcell_data_filtered.wrench.force.z,6665.021309358467
1.302517675,1785795367.424528144,/loadcell_data_filtered.wrench.force.z,6660.727618981652
1.302847823,1785795367.424858292,/loadcell_data_filtered.wrench.force.z,6657.210279388499
1.303167668,1785795367.425178137,/loadcell_data_filtered.wrench.force.z,6654.013891367537
1.303528745,1785795367.425539214,/loadcell_data_filtered.wrench.force.z,6651.688395324656
1.303931876,1785795367.425942345,/loadcell_data_filtered.wrench.force.z,6649.703231923771
1.304282702,1785795367.426293171,/loadcell_data_filtered.wrench.force.z,6649.208879955009
1.304465217,1785795367.426475686,/loadcell_data_filtered.wrench.force.z,6649.20528048273
1.304948228,1785795367.426958697,/loadcell_data_filtered.wrench.force.z,6649.051461400738
1.305440308,1785795367.427450777,/loadcell_data_filtered.wrench.force.z,6648.604890574935
1.306148979,1785795367.428159448,/loadcell_data_filtered.wrench.force.z,6647.819371427737
1.306442778,1785795367.428453247,/loadcell_data_filtered.wrench.force.z,6647.060410660103
1.307073616,1785795367.429084085,/loadcell_data_filtered.wrench.force.z,6645.952406122031
1.30744394,1785795367.429454409,/loadcell_data_filtered.wrench.force.z,6644.799971232741
1.308065642,1785795367.430076111,/loadcell_data_filtered.wrench.force.z,6643.738976684131
1.308844498,1785795367.430854967,/loadcell_data_filtered.wrench.force.z,6642.962266975049
1.30919484,1785795367.431205309,/loadcell_data_filtered.wrench.force.z,6647.489208987497
1.309479907,1785795367.431490376,/loadcell_data_filtered.wrench.force.z,6650.341995895976
1.309950805,1785795367.431961274,/loadcell_data_filtered.wrench.force.z,6653.6330553956495
1.310460014,1785795367.432470483,/loadcell_data_filtered.wrench.force.z,6656.14597362636
1.311149941,1785795367.433160410,/loadcell_data_filtered.wrench.force.z,6658.5828713234405
1.31153351,1785795367.433543979,/loadcell_data_filtered.wrench.force.z,6659.417171338438
1.311948216,1785795367.433958685,/loadcell_data_filtered.wrench.force.z,6660.1178276203045
1.312440666,1785795367.434451135,/loadcell_data_filtered.wrench.force.z,6659.437037683288
1.317254802,1785795367.439265271,/loadcell_data_filtered.wrench.force.z,6658.575181768143
1.317749261,1785795367.439759730,/loadcell_data_filtered.wrench.force.z,6658.294015130989
1.318144997,1785795367.440155466,/loadcell_data_filtered.wrench.force.z,6658.6747394597105
1.318542525,1785795367.440552994,/loadcell_data_filtered.wrench.force.z,6659.269307574497
1.3193194830000001,1785795367.441329952,/loadcell_data_filtered.wrench.force.z,6659.37660809685
1.319344557,1785795367.441355026,/loadcell_data_filtered.wrench.force.z,6659.841153221416
1.319672834,1785795367.441683303,/loadcell_data_filtered.wrench.force.z,6660.451490940904
1.319974309,1785795367.441984778,/loadcell_data_filtered.wrench.force.z,6660.524419060681
1.322029214,1785795367.444039683,/loadcell_data_filtered.wrench.force.z,6659.031271327001
1.322058632,1785795367.444069101,/loadcell_data_filtered.wrench.force.z,6653.103873356321
1.32580031,1785795367.447810779,/loadcell_data_filtered.wrench.force.z,6650.408365780864
1.3264583220000001,1785795367.448468791,/loadcell_data_filtered.wrench.force.z,6650.196368131535
1.326847314,1785795367.448857783,/loadcell_data_filtered.wrench.force.z,6650.074318866982
1.3271743790000001,1785795367.449184848,/loadcell_data_filtered.wrench.force.z,6649.642174824642
1.327568822,1785795367.449579291,/loadcell_data_filtered.wrench.force.z,6649.554068504233
1.327843627,1785795367.449854096,/loadcell_data_filtered.wrench.force.z,6649.4004987174885
1.328182663,1785795367.450193132,/loadcell_data_filtered.wrench.force.z,6649.225259304411
1.3285163739999999,1785795367.450526843,/loadcell_data_filtered.wrench.force.z,6649.254881917714
1.3288420840000001,1785795367.450852553,/loadcell_data_filtered.wrench.force.z,6649.81018589134
1.329397782,1785795367.451408251,/loadcell_data_filtered.wrench.force.z,6652.003283612261
1.329944795,1785795367.451955264,/loadcell_data_filtered.wrench.force.z,6657.736236127352
1.330240374,1785795367.452250843,/loadcell_data_filtered.wrench.force.z,6662.771968165914
1.330558138,1785795367.452568607,/loadcell_data_filtered.wrench.force.z,6666.798039580988
1.330867378,1785795367.452877847,/loadcell_data_filtered.wrench.force.z,6669.980522376156
1.331626766,1785795367.453637235,/loadcell_data_filtered.wrench.force.z,6673.24068456129
1.3319550260000002,1785795367.453965495,/loadcell_data_filtered.wrench.force.z,6674.976887525098
1.332280069,1785795367.454290538,/loadcell_data_filtered.wrench.force.z,6676.450419320634
1.33258147,1785795367.454591939,/loadcell_data_filtered.wrench.force.z,6677.133209381417
1.332878717,1785795367.454889186,/loadcell_data_filtered.wrench.force.z,6678.306985499185
1.333175083,1785795367.455185552,/loadcell_data_filtered.wrench.force.z,6678.887430532919
1.333472181,1785795367.455482650,/loadcell_data_filtered.wrench.force.z,6679.962694626051
1.333756165,1785795367.455766634,/loadcell_data_filtered.wrench.force.z,6680.777050729174
1.334057407,1785795367.456067876,/loadcell_data_filtered.wrench.force.z,6681.972265592403
1.3343634450000001,1785795367.456373914,/loadcell_data_filtered.wrench.force.z,6683.511876358828
1.335298449,1785795367.457308918,/loadcell_data_filtered.wrench.force.z,6684.906574972293
1.33579457,1785795367.457805039,/loadcell_data_filtered.wrench.force.z,6685.131264935777
1.33618269,1785795367.458193159,/loadcell_data_filtered.wrench.force.z,6681.855779292041
1.3366846510000001,1785795367.458695120,/loadcell_data_filtered.wrench.force.z,6680.445345328853
1.336854458,1785795367.458864927,/loadcell_data_filtered.wrench.force.z,6678.067887538836
1.337200986,1785795367.459211455,/loadcell_data_filtered.wrench.force.z,6675.954833881077
1.338555069,1785795367.460565538,/loadcell_data_filtered.wrench.force.z,6673.39303904273
1.338910321,1785795367.460920790,/loadcell_data_filtered.wrench.force.z,6671.386343010309
1.33921598,1785795367.461226449,/loadcell_data_filtered.wrench.force.z,6670.472938346185
1.340654862,1785795367.462665331,/loadcell_data_filtered.wrench.force.z,6670.541643838733
1.341556428,1785795367.463566897,/loadcell_data_filtered.wrench.force.z,6671.56474484642
1.342264672,1785795367.464275141,/loadcell_data_filtered.wrench.force.z,6672.425515638337
1.342740515,1785795367.464750984,/loadcell_data_filtered.wrench.force.z,6673.138983307711
1.343293132,1785795367.465303601,/loadcell_data_filtered.wrench.force.z,6673.11646004204
1.343800856,1785795367.465811325,/loadcell_data_filtered.wrench.force.z,6673.557318661807
1.344354124,1785795367.466364593,/loadcell_data_filtered.wrench.force.z,6673.7904279384475
1.344954473,1785795367.466964942,/loadcell_data_filtered.wrench.force.z,6672.244456148718
1.345767749,1785795367.467778218,/loadcell_data_filtered.wrench.force.z,6671.537510965699
1.346224763,1785795367.468235232,/loadcell_data_filtered.wrench.force.z,6670.881066440372
1.346869276,1785795367.468879745,/loadcell_data_filtered.wrench.force.z,6676.136885641593
1.347519842,1785795367.469530311,/loadcell_data_filtered.wrench.force.z,6679.6019603602535
1.348192504,1785795367.470202973,/loadcell_data_filtered.wrench.force.z,6682.69689951658
1.348758849,1785795367.470769318,/loadcell_data_filtered.wrench.force.z,6685.676135770046
1.349449414,1785795367.471459883,/loadcell_data_filtered.wrench.force.z,6688.383800997308
1.350073993,1785795367.472084462,/loadcell_data_filtered.wrench.force.z,6689.319825170802
1.350613321,1785795367.472623790,/loadcell_data_filtered.wrench.force.z,6688.672754694874
1.351181377,1785795367.473191846,/loadcell_data_filtered.wrench.force.z,6688.377910979515
1.3517380509999999,1785795367.473748520,/loadcell_data_filtered.wrench.force.z,6688.630851641333
1.352228545,1785795367.474239014,/loadcell_data_filtered.wrench.force.z,6687.638492920965
1.352676995,1785795367.474687464,/loadcell_data_filtered.wrench.force.z,6688.352867636408
1.353242907,1785795367.475253376,/loadcell_data_filtered.wrench.force.z,6687.196575950221
1.353842047,1785795367.475852516,/loadcell_data_filtered.wrench.force.z,6687.257561151813
1.354342104,1785795367.476352573,/loadcell_data_filtered.wrench.force.z,6686.913701192173
1.354830674,1785795367.476841143,/loadcell_data_filtered.wrench.force.z,6686.460596426442
1.355347653,1785795367.477358122,/loadcell_data_filtered.wrench.force.z,6685.997653611017
1.356017054,1785795367.478027523,/loadcell_data_filtered.wrench.force.z,6680.298577309549
1.356665888,1785795367.478676357,/loadcell_data_filtered.wrench.force.z,6676.393519847411
1.357249106,1785795367.479259575,/loadcell_data_filtered.wrench.force.z,6673.647609377326
1.357755549,1785795367.479766018,/loadcell_data_filtered.wrench.force.z,6670.888766814724
1.358212259,1785795367.480222728,/loadcell_data_filtered.wrench.force.z,6669.5962434305975
1.358470761,1785795367.480481230,/loadcell_data_filtered.wrench.force.z,6669.086077937354
1.358704551,1785795367.480715020,/loadcell_data_filtered.wrench.force.z,6669.078178866498
1.358922164,1785795367.480932633,/loadcell_data_filtered.wrench.force.z,6669.743660408816
1.3591460450000001,1785795367.481156514,/loadcell_data_filtered.wrench.force.z,6670.052939497498
1.359398863,1785795367.481409332,/loadcell_data_filtered.wrench.force.z,6669.509015866827
1.3596439120000001,1785795367.481654381,/loadcell_data_filtered.wrench.force.z,6667.227835864541
1.359907032,1785795367.481917501,/loadcell_data_filtered.wrench.force.z,6666.286731201315
1.360182282,1785795367.482192751,/loadcell_data_filtered.wrench.force.z,6665.380237090351
1.360438124,1785795367.482448593,/loadcell_data_filtered.wrench.force.z,6664.599859811246
1.360985948,1785795367.482996417,/loadcell_data_filtered.wrench.force.z,6663.747937883257
1.361384525,1785795367.483394994,/loadcell_data_filtered.wrench.force.z,6665.651519791282
1.3617392320000001,1785795367.483749701,/loadcell_data_filtered.wrench.force.z,6669.9797341633775
1.362164639,1785795367.484175108,/loadcell_data_filtered.wrench.force.z,6674.730911573106
1.362548566,1785795367.484559035,/loadcell_data_filtered.wrench.force.z,6678.785500369288
1.3628969930000001,1785795367.484907462,/loadcell_data_filtered.wrench.force.z,6682.001707906743
1.363276449,1785795367.485286918,/loadcell_data_filtered.wrench.force.z,6684.4298683656
1.363666501,1785795367.485676970,/loadcell_data_filtered.wrench.force.z,6683.657739785545
1.364107655,1785795367.486118124,/loadcell_data_filtered.wrench.force.z,6683.271210051083
1.364573312,1785795367.486583781,/loadcell_data_filtered.wrench.force.z,6683.115334651738
1.36496945,1785795367.486979919,/loadcell_data_filtered.wrench.force.z,6683.094904920261
1.365465749,1785795367.487476218,/loadcell_data_filtered.wrench.force.z,6683.05625866909
1.3658190810000002,1785795367.487829550,/loadcell_data_filtered.wrench.force.z,6682.593938786339
1.367074067,1785795367.489084536,/loadcell_data_filtered.wrench.force.z,6682.617654371834
1.367078001,1785795367.489088470,/loadcell_data_filtered.wrench.force.z,6682.653194227141
1.367080628,1785795367.489091097,/loadcell_data_filtered.wrench.force.z,6682.768233670262
1.369059923,1785795367.491070392,/loadcell_data_filtered.wrench.force.z,6683.0990173440805
1.369553783,1785795367.491564252,/loadcell_data_filtered.wrench.force.z,6683.4687029537645
1.369863718,1785795367.491874187,/loadcell_data_filtered.wrench.force.z,6678.53173041559
1.371146736,1785795367.493157205,/loadcell_data_filtered.wrench.force.z,6675.389716108663
1.373258134,1785795367.495268603,/loadcell_data_filtered.wrench.force.z,6671.487194926348
1.373436759,1785795367.495447228,/loadcell_data_filtered.wrench.force.z,6668.402635741196
1.373587364,1785795367.495597833,/loadcell_data_filtered.wrench.force.z,6666.2660754448725
1.373732792,1785795367.495743261,/loadcell_data_filtered.wrench.force.z,6665.075485941269
1.373847443,1785795367.495857912,/loadcell_data_filtered.wrench.force.z,6664.653652481939
1.373985009,1785795367.495995478,/loadcell_data_filtered.wrench.force.z,6665.666916922793
1.374096373,1785795367.496106842,/loadcell_data_filtered.wrench.force.z,6666.678300092717
1.374216708,1785795367.496227177,/loadcell_data_filtered.wrench.force.z,6667.32994018047
1.374335187,1785795367.496345656,/loadcell_data_filtered.wrench.force.z,6666.656000571509
1.374447956,1785795367.496458425,/loadcell_data_filtered.wrench.force.z,6659.747682645937
1.374562073,1785795367.496572542,/loadcell_data_filtered.wrench.force.z,6660.707603044217
1.374675865,1785795367.496686334,/loadcell_data_filtered.wrench.force.z,6658.758248932697
1.377268071,1785795367.499278540,/loadcell_data_filtered.wrench.force.z,6658.523430150769
1.3778923,1785795367.499902769,/loadcell_data_filtered.wrench.force.z,6658.551659125669
1.378135797,1785795367.500146266,/loadcell_data_filtered.wrench.force.z,6659.1560654737
1.3782808100000001,1785795367.500291279,/loadcell_data_filtered.wrench.force.z,6665.477379768441
1.378421612,1785795367.500432081,/loadcell_data_filtered.wrench.force.z,6670.185344463684
1.378575425,1785795367.500585894,/loadcell_data_filtered.wrench.force.z,6674.888102283013
1.378742055,1785795367.500752524,/loadcell_data_filtered.wrench.force.z,6678.866954387964
1.37888319,1785795367.500893659,/loadcell_data_filtered.wrench.force.z,6682.443993848755
1.379097856,1785795367.501108325,/loadcell_data_filtered.wrench.force.z,6684.068013475155
1.379361452,1785795367.501371921,/loadcell_data_filtered.wrench.force.z,6683.811663031097
1.379416333,1785795367.501426802,/loadcell_data_filtered.wrench.force.z,6683.679826534506
1.379710281,1785795367.501720750,/loadcell_data_filtered.wrench.force.z,6683.904416585425
1.380390651,1785795367.502401120,/loadcell_data_filtered.wrench.force.z,6684.157915294836
1.380754344,1785795367.502764813,/loadcell_data_filtered.wrench.force.z,6684.527439568793
1.381716749,1785795367.503727218,/loadcell_data_filtered.wrench.force.z,6684.7761177636285
1.381949061,1785795367.503959530,/loadcell_data_filtered.wrench.force.z,6684.76939811655
1.382191465,1785795367.504201934,/loadcell_data_filtered.wrench.force.z,6685.228332473599
1.38365603,1785795367.505666499,/loadcell_data_filtered.wrench.force.z,6685.4611241915545
1.383859801,1785795367.505870270,/loadcell_data_filtered.wrench.force.z,6684.982836286991
1.38403689,1785795367.506047359,/loadcell_data_filtered.wrench.force.z,6685.120810314647
1.38427773,1785795367.506288199,/loadcell_data_filtered.wrench.force.z,6679.526338771693
1.3849342500000001,1785795367.506944719,/loadcell_data_filtered.wrench.force.z,6675.410240939928
1.385210697,1785795367.507221166,/loadcell_data_filtered.wrench.force.z,6671.9938857611605
1.385535068,1785795367.507545537,/loadcell_data_filtered.wrench.force.z,6669.443413187802
1.386104998,1785795367.508115467,/loadcell_data_filtered.wrench.force.z,6667.174396954008
1.386680561,1785795367.508691030,/loadcell_data_filtered.wrench.force.z,6665.976462693133
1.387193986,1785795367.509204455,/loadcell_data_filtered.wrench.force.z,6665.7781300628185
1.388054682,1785795367.510065151,/loadcell_data_filtered.wrench.force.z,6666.064352894231
1.388196561,1785795367.510207030,/loadcell_data_filtered.wrench.force.z,6666.954338351879
1.388633616,1785795367.510644085,/loadcell_data_filtered.wrench.force.z,6667.387243111255
1.3892790910000001,1785795367.511289560,/loadcell_data_filtered.wrench.force.z,6667.310149344011
1.389697109,1785795367.511707578,/loadcell_data_filtered.wrench.force.z,6667.040143213412
1.390051599,1785795367.512062068,/loadcell_data_filtered.wrench.force.z,6666.836214623985
1.390656641,1785795367.512667110,/loadcell_data_filtered.wrench.force.z,6667.043718849121
1.391949891,1785795367.513960360,/loadcell_data_filtered.wrench.force.z,6667.068899386994
1.392321155,1785795367.514331624,/loadcell_data_filtered.wrench.force.z,6667.443250513303
1.39307424,1785795367.515084709,/loadcell_data_filtered.wrench.force.z,6671.443092301573
1.393760345,1785795367.515770814,/loadcell_data_filtered.wrench.force.z,6675.6610947241925
1.3942081960000001,1785795367.516218665,/loadcell_data_filtered.wrench.force.z,6680.208408058294
1.394509811,1785795367.516520280,/loadcell_data_filtered.wrench.force.z,6683.878750569336
1.394863498,1785795367.516873967,/loadcell_data_filtered.wrench.force.z,6686.752187316942
1.3952226410000002,1785795367.517233110,/loadcell_data_filtered.wrench.force.z,6689.042169655541
1.395530316,1785795367.517540785,/loadcell_data_filtered.wrench.force.z,6690.3564527423505
1.39583598,1785795367.517846449,/loadcell_data_filtered.wrench.force.z,6690.588596505431
1.39629643,1785795367.518306899,/loadcell_data_filtered.wrench.force.z,6690.638440403821
1.396851832,1785795367.518862301,/loadcell_data_filtered.wrench.force.z,6690.619699454999
1.398458061,1785795367.520468530,/loadcell_data_filtered.wrench.force.z,6690.538437959239
1.398776932,1785795367.520787401,/loadcell_data_filtered.wrench.force.z,6690.399747467834
1.39909569,1785795367.521106159,/loadcell_data_filtered.wrench.force.z,6690.86703450868
1.399338367,1785795367.521348836,/loadcell_data_filtered.wrench.force.z,6690.933813542081
1.399612764,1785795367.521623233,/loadcell_data_filtered.wrench.force.z,6690.6665250479
1.400082662,1785795367.522093131,/loadcell_data_filtered.wrench.force.z,6690.1998164216875
1.4003640050000001,1785795367.522374474,/loadcell_data_filtered.wrench.force.z,6689.816939292681
1.401485211,1785795367.523495680,/loadcell_data_filtered.wrench.force.z,6684.0152590697135
1.402027798,1785795367.524038267,/loadcell_data_filtered.wrench.force.z,6680.701564455279
1.402315158,1785795367.524325627,/loadcell_data_filtered.wrench.force.z,6676.312189895192
1.402533902,1785795367.524544371,/loadcell_data_filtered.wrench.force.z,6672.762482791579
1.402714747,1785795367.524725216,/loadcell_data_filtered.wrench.force.z,6669.517713708532
1.40343623,1785795367.525446699,/loadcell_data_filtered.wrench.force.z,6667.223138190834
1.403665331,1785795367.525675800,/loadcell_data_filtered.wrench.force.z,6665.419712948649
1.404546778,1785795367.526557247,/loadcell_data_filtered.wrench.force.z,6665.148230723189
1.405497829,1785795367.527508298,/loadcell_data_filtered.wrench.force.z,6665.385669995966
1.405685176,1785795367.527695645,/loadcell_data_filtered.wrench.force.z,6664.990875750925
1.405824397,1785795367.527834866,/loadcell_data_filtered.wrench.force.z,6665.123207729728
1.406525486,1785795367.528535955,/loadcell_data_filtered.wrench.force.z,6664.910491864932
1.406926053,1785795367.528936522,/loadcell_data_filtered.wrench.force.z,6664.0193527276015
1.4083090710000001,1785795367.530319540,/loadcell_data_filtered.wrench.force.z,6663.507346076552
1.408688468,1785795367.530698937,/loadcell_data_filtered.wrench.force.z,6662.833012686354
1.408861363,1785795367.530871832,/loadcell_data_filtered.wrench.force.z,6662.954696207528
1.409051939,1785795367.531062408,/loadcell_data_filtered.wrench.force.z,6663.388249305355
1.409226201,1785795367.531236670,/loadcell_data_filtered.wrench.force.z,6669.154820223346
1.409634679,1785795367.531645148,/loadcell_data_filtered.wrench.force.z,6672.936863257553
1.410070668,1785795367.532081137,/loadcell_data_filtered.wrench.force.z,6676.613364777517
1.4119807180000001,1785795367.533991187,/loadcell_data_filtered.wrench.force.z,6679.54997226446
1.4119944370000002,1785795367.534004906,/loadcell_data_filtered.wrench.force.z,6682.216151011884
1.41242328,1785795367.534433749,/loadcell_data_filtered.wrench.force.z,6683.382787346973
1.4128267540000001,1785795367.534837223,/loadcell_data_filtered.wrench.force.z,6684.195212213691
1.413226561,1785795367.535237030,/loadcell_data_filtered.wrench.force.z,6683.997566410945
1.413750875,1785795367.535761344,/loadcell_data_filtered.wrench.force.z,6684.014451439392
1.414282977,1785795367.536293446,/loadcell_data_filtered.wrench.force.z,6684.056531613477
1.414806714,1785795367.536817183,/loadcell_data_filtered.wrench.force.z,6683.6921644292825
1.415371467,1785795367.537381936,/loadcell_data_filtered.wrench.force.z,6683.343174855383
1.415919243,1785795367.537929712,/loadcell_data_filtered.wrench.force.z,6682.929278614626
1.416412911,1785795367.538423380,/loadcell_data_filtered.wrench.force.z,6682.26248919436
1.418465316,1785795367.540475785,/loadcell_data_filtered.wrench.force.z,6681.799840583636
1.418908937,1785795367.540919406,/loadcell_data_filtered.wrench.force.z,6681.044679303901
1.419294679,1785795367.541305148,/loadcell_data_filtered.wrench.force.z,6680.109165040335
1.419609254,1785795367.541619723,/loadcell_data_filtered.wrench.force.z,6675.051093825702
1.419834823,1785795367.541845292,/loadcell_data_filtered.wrench.force.z,6670.738247896357
1.420141307,1785795367.542151776,/loadcell_data_filtered.wrench.force.z,6667.205527457451
1.422024973,1785795367.544035442,/loadcell_data_filtered.wrench.force.z,6663.607095904473
1.422424102,1785795367.544434571,/loadcell_data_filtered.wrench.force.z,6658.921093665797
1.422699258,1785795367.544709727,/loadcell_data_filtered.wrench.force.z,6657.428991091749
1.42295985,1785795367.544970319,/loadcell_data_filtered.wrench.force.z,6656.783912272534
1.423262564,1785795367.545273033,/loadcell_data_filtered.wrench.force.z,6656.708863400064
1.423532375,1785795367.545542844,/loadcell_data_filtered.wrench.force.z,6657.257075108092
1.423769531,1785795367.545780000,/loadcell_data_filtered.wrench.force.z,6657.170320096996
1.424044354,1785795367.546054823,/loadcell_data_filtered.wrench.force.z,6656.822958895357
1.424268702,1785795367.546279171,/loadcell_data_filtered.wrench.force.z,6655.070814423661
1.4244897600000002,1785795367.546500229,/loadcell_data_filtered.wrench.force.z,6654.216762561779
1.424700701,1785795367.546711170,/loadcell_data_filtered.wrench.force.z,6653.588829965628
1.4249237670000001,1785795367.546934236,/loadcell_data_filtered.wrench.force.z,6653.110587219485
1.42627442,1785795367.548284889,/loadcell_data_filtered.wrench.force.z,6652.640548674601
1.426472154,1785795367.548482623,/loadcell_data_filtered.wrench.force.z,6656.538183493255
1.42661834,1785795367.548628809,/loadcell_data_filtered.wrench.force.z,6652.6802569466545
1.426752658,1785795367.548763127,/loadcell_data_filtered.wrench.force.z,6657.14578305064
1.429493472,1785795367.551503941,/loadcell_data_filtered.wrench.force.z,6660.2054571638555
1.429846946,1785795367.551857415,/loadcell_data_filtered.wrench.force.z,6662.357947951513
1.430119315,1785795367.552129784,/loadcell_data_filtered.wrench.force.z,6664.502688926643
1.430360309,1785795367.552370778,/loadcell_data_filtered.wrench.force.z,6665.640825299326
1.430792254,1785795367.552802723,/loadcell_data_filtered.wrench.force.z,6665.864545200347
1.431075369,1785795367.553085838,/loadcell_data_filtered.wrench.force.z,6666.6380100130245
1.431322146,1785795367.553332615,/loadcell_data_filtered.wrench.force.z,6667.185589375114
1.431545153,1785795367.553555622,/loadcell_data_filtered.wrench.force.z,6667.717738686827
1.431784809,1785795367.553795278,/loadcell_data_filtered.wrench.force.z,6668.096667258593
1.432000442,1785795367.554010911,/loadcell_data_filtered.wrench.force.z,6668.286998770311
1.4322049140000002,1785795367.554215383,/loadcell_data_filtered.wrench.force.z,6668.961467704831
1.432500238,1785795367.554510707,/loadcell_data_filtered.wrench.force.z,6669.179041340582
1.432972703,1785795367.554983172,/loadcell_data_filtered.wrench.force.z,6669.34528433807
1.43339126,1785795367.555401729,/loadcell_data_filtered.wrench.force.z,6669.949056594681
1.434110106,1785795367.556120575,/loadcell_data_filtered.wrench.force.z,6664.930347631822
1.434976479,1785795367.556986948,/loadcell_data_filtered.wrench.force.z,6662.384350389971
1.435718998,1785795367.557729467,/loadcell_data_filtered.wrench.force.z,6659.3621230643475
1.436236842,1785795367.558247311,/loadcell_data_filtered.wrench.force.z,6656.902611872326
1.43672434,1785795367.558734809,/loadcell_data_filtered.wrench.force.z,6654.585219097477
1.436997806,1785795367.559008275,/loadcell_data_filtered.wrench.force.z,6653.552217187825
1.437244174,1785795367.559254643,/loadcell_data_filtered.wrench.force.z,6652.944153894265
1.437466116,1785795367.559476585,/loadcell_data_filtered.wrench.force.z,6652.963097431989
1.43822462,1785795367.560235089,/loadcell_data_filtered.wrench.force.z,6654.005520348245
1.438433113,1785795367.560443582,/loadcell_data_filtered.wrench.force.z,6654.919157659532
1.438840431,1785795367.560850900,/loadcell_data_filtered.wrench.force.z,6655.664851056428
1.441311887,1785795367.563322356,/loadcell_data_filtered.wrench.force.z,6656.448843732152
1.441492608,1785795367.563503077,/loadcell_data_filtered.wrench.force.z,6656.833735739017
1.4416446440000001,1785795367.563655113,/loadcell_data_filtered.wrench.force.z,6657.445675128543
1.4417818690000002,1785795367.563792338,/loadcell_data_filtered.wrench.force.z,6657.962488726138
1.44192967,1785795367.563940139,/loadcell_data_filtered.wrench.force.z,6658.861374891613
1.4420693180000002,1785795367.564079787,/loadcell_data_filtered.wrench.force.z,6659.733377034664
1.4425276710000001,1785795367.564538140,/loadcell_data_filtered.wrench.force.z,6665.587364107345
1.442900117,1785795367.564910586,/loadcell_data_filtered.wrench.force.z,6670.754254907226
1.4438775160000001,1785795367.565887985,/loadcell_data_filtered.wrench.force.z,6675.098835956386
1.444553423,1785795367.566563892,/loadcell_data_filtered.wrench.force.z,6678.607184988058
1.444744022,1785795367.566754491,/loadcell_data_filtered.wrench.force.z,6681.95379746952
1.445249736,1785795367.567260205,/loadcell_data_filtered.wrench.force.z,6683.794320707333
1.445955452,1785795367.567965921,/loadcell_data_filtered.wrench.force.z,6684.703417993188
1.446228783,1785795367.568239252,/loadcell_data_filtered.wrench.force.z,6684.847616223535
1.446476987,1785795367.568487456,/loadcell_data_filtered.wrench.force.z,6685.028624788631
1.446793852,1785795367.568804321,/loadcell_data_filtered.wrench.force.z,6685.392575358293
1.447986687,1785795367.569997156,/loadcell_data_filtered.wrench.force.z,6685.860858600822
1.448543569,1785795367.570554038,/loadcell_data_filtered.wrench.force.z,6686.458394723269
1.44902115,1785795367.571031619,/loadcell_data_filtered.wrench.force.z,6686.729406649922
1.4493911910000001,1785795367.571401660,/loadcell_data_filtered.wrench.force.z,6687.036035353788
1.4496867930000001,1785795367.571697262,/loadcell_data_filtered.wrench.force.z,6687.186535171857
1.450003291,1785795367.572013760,/loadcell_data_filtered.wrench.force.z,6687.463622617087
1.4505363390000001,1785795367.572546808,/loadcell_data_filtered.wrench.force.z,6685.86546822932
1.450893459,1785795367.572903928,/loadcell_data_filtered.wrench.force.z,6680.731781693004
1.451377613,1785795367.573388082,/loadcell_data_filtered.wrench.force.z,6675.849727213084
1.451844503,1785795367.573854972,/loadcell_data_filtered.wrench.force.z,6671.569003717525
1.452543473,1785795367.574553942,/loadcell_data_filtered.wrench.force.z,6668.1193347306835
1.4529500340000001,1785795367.574960503,/loadcell_data_filtered.wrench.force.z,6664.5749684505145
1.453560494,1785795367.575570963,/loadcell_data_filtered.wrench.force.z,6662.416258301993
1.454058982,1785795367.576069451,/loadcell_data_filtered.wrench.force.z,6661.214564161258
1.4548025020000002,1785795367.576812971,/loadcell_data_filtered.wrench.force.z,6660.7622989365445
1.457365516,1785795367.579375985,/loadcell_data_filtered.wrench.force.z,6660.538262007131
1.457950321,1785795367.579960790,/loadcell_data_filtered.wrench.force.z,6660.231614393296
1.458220976,1785795367.580231445,/loadcell_data_filtered.wrench.force.z,6659.514172230471
1.458516927,1785795367.580527396,/loadcell_data_filtered.wrench.force.z,6659.285253671532
1.458798341,1785795367.580808810,/loadcell_data_filtered.wrench.force.z,6658.5551710388645
1.459136965,1785795367.581147434,/loadcell_data_filtered.wrench.force.z,6657.898663261808
1.4595165,1785795367.581526969,/loadcell_data_filtered.wrench.force.z,6656.2835006706955
1.459860192,1785795367.581870661,/loadcell_data_filtered.wrench.force.z,6655.324576331001
1.460229293,1785795367.582239762,/loadcell_data_filtered.wrench.force.z,6657.993320207532
1.460540435,1785795367.582550904,/loadcell_data_filtered.wrench.force.z,6659.643421548464
1.460859788,1785795367.582870257,/loadcell_data_filtered.wrench.force.z,6662.9318503593
1.461287067,1785795367.583297536,/loadcell_data_filtered.wrench.force.z,6665.157037857863
1.461801642,1785795367.583812111,/loadcell_data_filtered.wrench.force.z,6667.017491190923
1.462105834,1785795367.584116303,/loadcell_data_filtered.wrench.force.z,6668.228578423251
1.462317801,1785795367.584328270,/loadcell_data_filtered.wrench.force.z,6669.066070187327
1.462523537,1785795367.584534006,/loadcell_data_filtered.wrench.force.z,6668.603289033807
1.462917751,1785795367.584928220,/loadcell_data_filtered.wrench.force.z,6668.412077426039
1.463511687,1785795367.585522156,/loadcell_data_filtered.wrench.force.z,6667.910854280173
1.463901198,1785795367.585911667,/loadcell_data_filtered.wrench.force.z,6667.500864851997
1.46442616,1785795367.586436629,/loadcell_data_filtered.wrench.force.z,6667.012145415088
1.465071834,1785795367.587082303,/loadcell_data_filtered.wrench.force.z,6666.823790373914
1.465411615,1785795367.587422084,/loadcell_data_filtered.wrench.force.z,6666.545472900292
1.466096474,1785795367.588106943,/loadcell_data_filtered.wrench.force.z,6666.292989368046
1.466515279,1785795367.588525748,/loadcell_data_filtered.wrench.force.z,6666.019247254506
1.466801803,1785795367.588812272,/loadcell_data_filtered.wrench.force.z,6665.908338220032
1.467678164,1785795367.589688633,/loadcell_data_filtered.wrench.force.z,6660.50884590817
1.467987804,1785795367.589998273,/loadcell_data_filtered.wrench.force.z,6656.802866380127
1.468388093,1785795367.590398562,/loadcell_data_filtered.wrench.force.z,6652.736319771254
1.46893715,1785795367.590947619,/loadcell_data_filtered.wrench.force.z,6649.102670231941
1.46935986,1785795367.591370329,/loadcell_data_filtered.wrench.force.z,6645.645249962361
1.469759984,1785795367.591770453,/loadcell_data_filtered.wrench.force.z,6643.524187193848
1.470429936,1785795367.592440405,/loadcell_data_filtered.wrench.force.z,6642.502938044109
1.4735179390000002,1785795367.595528408,/loadcell_data_filtered.wrench.force.z,6642.283759680531
1.473835941,1785795367.595846410,/loadcell_data_filtered.wrench.force.z,6642.555316464963
1.473902426,1785795367.595912895,/loadcell_data_filtered.wrench.force.z,6643.52925668356
1.474052799,1785795367.596063268,/loadcell_data_filtered.wrench.force.z,6644.32808644957
1.474277185,1785795367.596287654,/loadcell_data_filtered.wrench.force.z,6644.516634387008
1.474507639,1785795367.596518108,/loadcell_data_filtered.wrench.force.z,6644.719353806008
1.4747372570000001,1785795367.596747726,/loadcell_data_filtered.wrench.force.z,6644.7197394619125
1.47495603,1785795367.596966499,/loadcell_data_filtered.wrench.force.z,6643.732868181195
1.476366334,1785795367.598376803,/loadcell_data_filtered.wrench.force.z,6642.748468552226
1.4766882730000002,1785795367.598698742,/loadcell_data_filtered.wrench.force.z,6642.774463853198
1.476976436,1785795367.598986905,/loadcell_data_filtered.wrench.force.z,6648.622061576113
1.477212862,1785795367.599223331,/loadcell_data_filtered.wrench.force.z,6653.11154082228
1.47879563,1785795367.600806099,/loadcell_data_filtered.wrench.force.z,6657.001884593304
1.479881443,1785795367.601891912,/loadcell_data_filtered.wrench.force.z,6660.0277717493245
1.481045689,1785795367.603056158,/loadcell_data_filtered.wrench.force.z,6663.937655156188
1.481265196,1785795367.603275665,/loadcell_data_filtered.wrench.force.z,6665.628784786893
1.481528597,1785795367.603539066,/loadcell_data_filtered.wrench.force.z,6666.844877088678
1.48176547,1785795367.603775939,/loadcell_data_filtered.wrench.force.z,6668.015535055102
1.482009225,1785795367.604019694,/loadcell_data_filtered.wrench.force.z,6669.011077225798
1.4822302920000001,1785795367.604240761,/loadcell_data_filtered.wrench.force.z,6669.486421110798
1.482450111,1785795367.604460580,/loadcell_data_filtered.wrench.force.z,6669.0458354118055
1.482675165,1785795367.604685634,/loadcell_data_filtered.wrench.force.z,6669.621642924881
1.482880283,1785795367.604890752,/loadcell_data_filtered.wrench.force.z,6669.908221101462
1.483098942,1785795367.605109411,/loadcell_data_filtered.wrench.force.z,6670.111518390629
1.48324933,1785795367.605259799,/loadcell_data_filtered.wrench.force.z,6670.339481240223
1.483399618,1785795367.605410087,/loadcell_data_filtered.wrench.force.z,6670.361968535356
1.483711886,1785795367.605722355,/loadcell_data_filtered.wrench.force.z,6668.53372198035
1.484223596,1785795367.606234065,/loadcell_data_filtered.wrench.force.z,6664.826015366628
1.484668592,1785795367.606679061,/loadcell_data_filtered.wrench.force.z,6661.168417399978
1.485436844,1785795367.607447313,/loadcell_data_filtered.wrench.force.z,6658.061144770372
1.486088032,1785795367.608098501,/loadcell_data_filtered.wrench.force.z,6655.708444173025
1.486289985,1785795367.608300454,/loadcell_data_filtered.wrench.force.z,6653.892801467942
1.486694103,1785795367.608704572,/loadcell_data_filtered.wrench.force.z,6652.872476353575
1.487216758,1785795367.609227227,/loadcell_data_filtered.wrench.force.z,6653.027435250008
1.487681003,1785795367.609691472,/loadcell_data_filtered.wrench.force.z,6653.671558705405
1.488253404,1785795367.610263873,/loadcell_data_filtered.wrench.force.z,6654.573609474584
1.48869787,1785795367.610708339,/loadcell_data_filtered.wrench.force.z,6655.171832203014
1.489486326,1785795367.611496795,/loadcell_data_filtered.wrench.force.z,6655.51696320181
1.489706365,1785795367.611716834,/loadcell_data_filtered.wrench.force.z,6655.685214722478
1.490533911,1785795367.612544380,/loadcell_data_filtered.wrench.force.z,6655.871086198555
1.490849759,1785795367.612860228,/loadcell_data_filtered.wrench.force.z,6656.1321810366335
1.491089659,1785795367.613100128,/loadcell_data_filtered.wrench.force.z,6656.123026633621
1.492249439,1785795367.614259908,/loadcell_data_filtered.wrench.force.z,6656.225375327454
1.492829817,1785795367.614840286,/loadcell_data_filtered.wrench.force.z,6661.454740746949
1.493281002,1785795367.615291471,/loadcell_data_filtered.wrench.force.z,6665.008501844279
1.4937026,1785795367.615713069,/loadcell_data_filtered.wrench.force.z,6669.232089112054
1.494019483,1785795367.616029952,/loadcell_data_filtered.wrench.force.z,6673.170865636812
1.494330591,1785795367.616341060,/loadcell_data_filtered.wrench.force.z,6676.2424254227135
1.494947785,1785795367.616958254,/loadcell_data_filtered.wrench.force.z,6678.437745630134
1.495338364,1785795367.617348833,/loadcell_data_filtered.wrench.force.z,6679.790873248324
1.497043309,1785795367.619053778,/loadcell_data_filtered.wrench.force.z,6679.939807306017
1.497596857,1785795367.619607326,/loadcell_data_filtered.wrench.force.z,6680.361978450433
1.497843901,1785795367.619854370,/loadcell_data_filtered.wrench.force.z,6681.239818211306
1.498058186,1785795367.620068655,/loadcell_data_filtered.wrench.force.z,6681.878875772944
1.498554638,1785795367.620565107,/loadcell_data_filtered.wrench.force.z,6681.941314815834
1.499055303,1785795367.621065772,/loadcell_data_filtered.wrench.force.z,6681.819932817388
1.4995474770000001,1785795367.621557946,/loadcell_data_filtered.wrench.force.z,6682.57246246555
1.4995783550000001,1785795367.621588824,/loadcell_data_filtered.wrench.force.z,6682.845622395867
1.499925115,1785795367.621935584,/loadcell_data_filtered.wrench.force.z,6682.305488212999
1.500146309,1785795367.622156778,/loadcell_data_filtered.wrench.force.z,6682.3700405802065
1.500679243,1785795367.622689712,/loadcell_data_filtered.wrench.force.z,6676.961850429476
1.50117974,1785795367.623190209,/loadcell_data_filtered.wrench.force.z,6673.235449157295
1.501595713,1785795367.623606182,/loadcell_data_filtered.wrench.force.z,6669.825151021734
1.502044801,1785795367.624055270,/loadcell_data_filtered.wrench.force.z,6666.809458996136
1.5025937790000001,1785795367.624604248,/loadcell_data_filtered.wrench.force.z,6663.982728740432
1.503080736,1785795367.625091205,/loadcell_data_filtered.wrench.force.z,6662.333212538975
1.5036829489999999,1785795367.625693418,/loadcell_data_filtered.wrench.force.z,6661.13614061829
1.504035831,1785795367.626046300,/loadcell_data_filtered.wrench.force.z,6660.811281377
1.504699645,1785795367.626710114,/loadcell_data_filtered.wrench.force.z,6660.7242869623
1.505042102,1785795367.627052571,/loadcell_data_filtered.wrench.force.z,6660.666210655928
1.5055826890000001,1785795367.627593158,/loadcell_data_filtered.wrench.force.z,6660.259583607499
1.508710449,1785795367.630720918,/loadcell_data_filtered.wrench.force.z,6659.738638570039
1.5090594890000002,1785795367.631069958,/loadcell_data_filtered.wrench.force.z,6659.772251876993
1.509285554,1785795367.631296023,/loadcell_data_filtered.wrench.force.z,6659.960360280754
1.509384228,1785795367.631394697,/loadcell_data_filtered.wrench.force.z,6660.036684258436
1.5095692710000002,1785795367.631579740,/loadcell_data_filtered.wrench.force.z,6659.642015361449
1.509846149,1785795367.631856618,/loadcell_data_filtered.wrench.force.z,6658.8528086773895
1.509950012,1785795367.631960481,/loadcell_data_filtered.wrench.force.z,6663.808268389998
1.510198342,1785795367.632208811,/loadcell_data_filtered.wrench.force.z,6667.316721964825
1.5107297530000001,1785795367.632740222,/loadcell_data_filtered.wrench.force.z,6670.373518505237
1.511932349,1785795367.633942818,/loadcell_data_filtered.wrench.force.z,6672.514869016667
1.512414195,1785795367.634424664,/loadcell_data_filtered.wrench.force.z,6675.288905977374
1.512722046,1785795367.634732515,/loadcell_data_filtered.wrench.force.z,6675.926663716852
1.512980964,1785795367.634991433,/loadcell_data_filtered.wrench.force.z,6675.869542299634
1.5132403120000002,1785795367.635250781,/loadcell_data_filtered.wrench.force.z,6675.338481498778
1.5134886220000001,1785795367.635499091,/loadcell_data_filtered.wrench.force.z,6674.869194838607
1.513806003,1785795367.635816472,/loadcell_data_filtered.wrench.force.z,6674.354119397474
1.514294642,1785795367.636305111,/loadcell_data_filtered.wrench.force.z,6673.649410926898
1.514712966,1785795367.636723435,/loadcell_data_filtered.wrench.force.z,6672.996544336632
1.515207927,1785795367.637218396,/loadcell_data_filtered.wrench.force.z,6672.8295291711065
1.51576472,1785795367.637775189,/loadcell_data_filtered.wrench.force.z,6672.465434229987
1.5161538170000002,1785795367.638164286,/loadcell_data_filtered.wrench.force.z,6671.889808128041
1.516515476,1785795367.638525945,/loadcell_data_filtered.wrench.force.z,6671.423192128184
1.517167099,1785795367.639177568,/loadcell_data_filtered.wrench.force.z,6667.789016762202
1.520743578,1785795367.642754047,/loadcell_data_filtered.wrench.force.z,6663.597592530363
1.521086446,1785795367.643096915,/loadcell_data_filtered.wrench.force.z,6659.040362700255
1.52133029,1785795367.643340759,/loadcell_data_filtered.wrench.force.z,6655.967730808435
1.5215365310000002,1785795367.643547000,/loadcell_data_filtered.wrench.force.z,6653.180964042256
1.521734108,1785795367.643744577,/loadcell_data_filtered.wrench.force.z,6651.01343468021
1.52192618,1785795367.643936649,/loadcell_data_filtered.wrench.force.z,6649.851982844291
1.5221353610000001,1785795367.644145830,/loadcell_data_filtered.wrench.force.z,6649.978471387773
1.522373431,1785795367.644383900,/loadcell_data_filtered.wrench.force.z,6650.0505193606095
1.522590732,1785795367.644601201,/loadcell_data_filtered.wrench.force.z,6649.200057565368
1.5245693980000001,1785795367.646579867,/loadcell_data_filtered.wrench.force.z,6649.299147792305
1.524922581,1785795367.646933050,/loadcell_data_filtered.wrench.force.z,6649.455505219865
1.526684726,1785795367.648695195,/loadcell_data_filtered.wrench.force.z,6649.0261083567875
1.5267060570000002,1785795367.648716526,/loadcell_data_filtered.wrench.force.z,6649.29435074751
1.527108524,1785795367.649118993,/loadcell_data_filtered.wrench.force.z,6649.307236416345
1.527395747,1785795367.649406216,/loadcell_data_filtered.wrench.force.z,6649.7616578009965
1.5280007640000002,1785795367.650011233,/loadcell_data_filtered.wrench.force.z,6649.249230300259
1.5280441439999999,1785795367.650054613,/loadcell_data_filtered.wrench.force.z,6653.930044517203
1.5284416040000002,1785795367.650452073,/loadcell_data_filtered.wrench.force.z,6656.753161458749
1.528653617,1785795367.650664086,/loadcell_data_filtered.wrench.force.z,6660.407619471911
1.5288449100000001,1785795367.650855379,/loadcell_data_filtered.wrench.force.z,6663.240343290986
1.529101156,1785795367.651111625,/loadcell_data_filtered.wrench.force.z,6665.66579017137
1.52935839,1785795367.651368859,/loadcell_data_filtered.wrench.force.z,6667.332838450483
1.52964736,1785795367.651657829,/loadcell_data_filtered.wrench.force.z,6668.454806719332
1.529961953,1785795367.651972422,/loadcell_data_filtered.wrench.force.z,6668.185344621239
1.530296302,1785795367.652306771,/loadcell_data_filtered.wrench.force.z,6667.94866623159
1.530614188,1785795367.652624657,/loadcell_data_filtered.wrench.force.z,6668.06421274273
1.530898727,1785795367.652909196,/loadcell_data_filtered.wrench.force.z,6667.734459949626
1.53121998,1785795367.653230449,/loadcell_data_filtered.wrench.force.z,6667.742598229811
1.531738791,1785795367.653749260,/loadcell_data_filtered.wrench.force.z,6667.614391881625
1.532296611,1785795367.654307080,/loadcell_data_filtered.wrench.force.z,6667.586922897283
1.5326638510000001,1785795367.654674320,/loadcell_data_filtered.wrench.force.z,6667.397885278544
1.533318753,1785795367.655329222,/loadcell_data_filtered.wrench.force.z,6666.710355379457
1.533632043,1785795367.655642512,/loadcell_data_filtered.wrench.force.z,6666.282399636647
1.534128994,1785795367.656139463,/loadcell_data_filtered.wrench.force.z,6660.794751779168
1.534519756,1785795367.656530225,/loadcell_data_filtered.wrench.force.z,6656.882070793531
1.53490568,1785795367.656916149,/loadcell_data_filtered.wrench.force.z,6653.593557050997
1.537835082,1785795367.659845551,/loadcell_data_filtered.wrench.force.z,6650.483653277328
1.538983568,1785795367.660994037,/loadcell_data_filtered.wrench.force.z,6647.486829074656
1.5392794730000001,1785795367.661289942,/loadcell_data_filtered.wrench.force.z,6647.176551610761
1.539514322,1785795367.661524791,/loadcell_data_filtered.wrench.force.z,6646.84874155826
1.5397728210000001,1785795367.661783290,/loadcell_data_filtered.wrench.force.z,6647.551527854677
1.540050181,1785795367.662060650,/loadcell_data_filtered.wrench.force.z,6648.098352398835
1.540305697,1785795367.662316166,/loadcell_data_filtered.wrench.force.z,6648.863799064965
1.5405961110000002,1785795367.662606580,/loadcell_data_filtered.wrench.force.z,6649.641497324542
1.540975084,1785795367.662985553,/loadcell_data_filtered.wrench.force.z,6648.957829435721
1.5413262950000002,1785795367.663336764,/loadcell_data_filtered.wrench.force.z,6648.7812811089225
1.541667154,1785795367.663677623,/loadcell_data_filtered.wrench.force.z,6648.677268278538
1.542165245,1785795367.664175714,/loadcell_data_filtered.wrench.force.z,6649.014469575282
1.543705637,1785795367.665716106,/loadcell_data_filtered.wrench.force.z,6649.089319836438
1.5441342690000002,1785795367.666144738,/loadcell_data_filtered.wrench.force.z,6649.798787455218
1.544520112,1785795367.666530581,/loadcell_data_filtered.wrench.force.z,6656.358572683902
1.5448016770000002,1785795367.666812146,/loadcell_data_filtered.wrench.force.z,6661.543062639092
1.545201369,1785795367.667211838,/loadcell_data_filtered.wrench.force.z,6666.022034517333
1.545705221,1785795367.667715690,/loadcell_data_filtered.wrench.force.z,6669.6176962897935
1.545955922,1785795367.667966391,/loadcell_data_filtered.wrench.force.z,6671.879405318665
1.5461970059999999,1785795367.668207475,/loadcell_data_filtered.wrench.force.z,6673.268847512705
1.5464219300000002,1785795367.668432399,/loadcell_data_filtered.wrench.force.z,6667.736106501277
1.546699153,1785795367.668709622,/loadcell_data_filtered.wrench.force.z,6668.146455074977
1.546990472,1785795367.669000941,/loadcell_data_filtered.wrench.force.z,6667.93190958496
1.547376523,1785795367.669386992,/loadcell_data_filtered.wrench.force.z,6668.241440338785
1.54773501,1785795367.669745479,/loadcell_data_filtered.wrench.force.z,6668.363798134182
1.548368354,1785795367.670378823,/loadcell_data_filtered.wrench.force.z,6668.378433315027
1.548698479,1785795367.670708948,/loadcell_data_filtered.wrench.force.z,6668.740773040059
1.548948221,1785795367.670958690,/loadcell_data_filtered.wrench.force.z,6669.188667548204
1.54999844,1785795367.672008909,/loadcell_data_filtered.wrench.force.z,6668.936267235879
1.5503032860000001,1785795367.672313755,/loadcell_data_filtered.wrench.force.z,6669.243707773215
1.55065001,1785795367.672660479,/loadcell_data_filtered.wrench.force.z,6665.41202060506
1.5508319130000001,1785795367.672842382,/loadcell_data_filtered.wrench.force.z,6662.709810465703
1.5514660290000002,1785795367.673476498,/loadcell_data_filtered.wrench.force.z,6658.298308647426
1.552581087,1785795367.674591556,/loadcell_data_filtered.wrench.force.z,6654.959865087625
1.5530464080000002,1785795367.675056877,/loadcell_data_filtered.wrench.force.z,6652.585158418426
1.553372043,1785795367.675382512,/loadcell_data_filtered.wrench.force.z,6650.336465091998
1.5536802440000002,1785795367.675690713,/loadcell_data_filtered.wrench.force.z,6648.909887944468
1.5541686920000002,1785795367.676179161,/loadcell_data_filtered.wrench.force.z,6648.862604676931
1.554804592,1785795367.676815061,/loadcell_data_filtered.wrench.force.z,6649.39639343406
1.556777914,1785795367.678788383,/loadcell_data_filtered.wrench.force.z,6650.079894772972
1.557193517,1785795367.679203986,/loadcell_data_filtered.wrench.force.z,6650.403391056189
1.557535026,1785795367.679545495,/loadcell_data_filtered.wrench.force.z,6650.160230942852
1.557823458,1785795367.679833927,/loadcell_data_filtered.wrench.force.z,6643.4386641359715
1.560235531,1785795367.682246000,/loadcell_data_filtered.wrench.force.z,6643.742000270946
1.560581717,1785795367.682592186,/loadcell_data_filtered.wrench.force.z,6643.224110843503
1.560879666,1785795367.682890135,/loadcell_data_filtered.wrench.force.z,6643.671350241519
1.561234768,1785795367.683245237,/loadcell_data_filtered.wrench.force.z,6644.462498853933
1.5615344210000002,1785795367.683544890,/loadcell_data_filtered.wrench.force.z,6650.658242356433
1.5617595579999999,1785795367.683770027,/loadcell_data_filtered.wrench.force.z,6654.971461718721
1.561994054,1785795367.684004523,/loadcell_data_filtered.wrench.force.z,6659.409453851924
1.562225221,1785795367.684235690,/loadcell_data_filtered.wrench.force.z,6662.935999389592
1.5624323910000002,1785795367.684442860,/loadcell_data_filtered.wrench.force.z,6664.767729198466
1.562658442,1785795367.684668911,/loadcell_data_filtered.wrench.force.z,6666.3485863939
1.564911568,1785795367.686922037,/loadcell_data_filtered.wrench.force.z,6667.697348086218
1.565200154,1785795367.687210623,/loadcell_data_filtered.wrench.force.z,6668.132876265187
1.5653166870000002,1785795367.687327156,/loadcell_data_filtered.wrench.force.z,6668.617919911311
1.565444792,1785795367.687455261,/loadcell_data_filtered.wrench.force.z,6669.051820443998
1.565611395,1785795367.687621864,/loadcell_data_filtered.wrench.force.z,6669.205373472481
1.565704934,1785795367.687715403,/loadcell_data_filtered.wrench.force.z,6669.688268378906
1.565996555,1785795367.688007024,/loadcell_data_filtered.wrench.force.z,6669.923058826095
1.566006059,1785795367.688016528,/loadcell_data_filtered.wrench.force.z,6669.462014696841
1.566069636,1785795367.688080105,/loadcell_data_filtered.wrench.force.z,6667.729433237869
1.566303905,1785795367.688314374,/loadcell_data_filtered.wrench.force.z,6667.0965772530835
1.566785006,1785795367.688795475,/loadcell_data_filtered.wrench.force.z,6666.31454181903
1.567350814,1785795367.689361283,/loadcell_data_filtered.wrench.force.z,6659.58059923588
1.5678155710000001,1785795367.689826040,/loadcell_data_filtered.wrench.force.z,6654.718948454655
1.568367273,1785795367.690377742,/loadcell_data_filtered.wrench.force.z,6650.027674789803
1.569013026,1785795367.691023495,/loadcell_data_filtered.wrench.force.z,6645.742454031503
1.5698181400000002,1785795367.691828609,/loadcell_data_filtered.wrench.force.z,6641.687721769745
1.5703032380000002,1785795367.692313707,/loadcell_data_filtered.wrench.force.z,6638.901476946478
1.5706362249999999,1785795367.692646694,/loadcell_data_filtered.wrench.force.z,6637.048867551937
1.571448969,1785795367.693459438,/loadcell_data_filtered.wrench.force.z,6636.009151021252
1.572017489,1785795367.694027958,/loadcell_data_filtered.wrench.force.z,6635.251183489256
1.572456076,1785795367.694466545,/loadcell_data_filtered.wrench.force.z,6634.318979238364
1.572745203,1785795367.694755672,/loadcell_data_filtered.wrench.force.z,6633.331716573544
1.5740499460000001,1785795367.696060415,/loadcell_data_filtered.wrench.force.z,6631.958617754598
1.5750233200000001,1785795367.697033789,/loadcell_data_filtered.wrench.force.z,6630.664214224297
1.575548117,1785795367.697558586,/loadcell_data_filtered.wrench.force.z,6630.274045031499
1.579032169,1785795367.701042638,/loadcell_data_filtered.wrench.force.z,6629.355575519425
1.57937845,1785795367.701388919,/loadcell_data_filtered.wrench.force.z,6629.143863162429
1.582664048,1785795367.704674517,/loadcell_data_filtered.wrench.force.z,6630.359492632076
1.5829913850000001,1785795367.705001854,/loadcell_data_filtered.wrench.force.z,6632.0802927419245
1.5831842200000001,1785795367.705194689,/loadcell_data_filtered.wrench.force.z,6633.360711938887
1.583371973,1785795367.705382442,/loadcell_data_filtered.wrench.force.z,6633.606491636811
1.583548411,1785795367.705558880,/loadcell_data_filtered.wrench.force.z,6635.026208890124
1.583710009,1785795367.705720478,/loadcell_data_filtered.wrench.force.z,6635.900627290572
1.5838643239999999,1785795367.705874793,/loadcell_data_filtered.wrench.force.z,6637.137321232257
1.584023512,1785795367.706033981,/loadcell_data_filtered.wrench.force.z,6638.382870454887
1.5841808620000002,1785795367.706191331,/loadcell_data_filtered.wrench.force.z,6639.943006101945
1.584333831,1785795367.706344300,/loadcell_data_filtered.wrench.force.z,6641.711871971631
1.584481241,1785795367.706491710,/loadcell_data_filtered.wrench.force.z,6641.173471469443
1.584627621,1785795367.706638090,/loadcell_data_filtered.wrench.force.z,6640.556043598451
1.584785975,1785795367.706796444,/loadcell_data_filtered.wrench.force.z,6636.237582162258
1.584943352,1785795367.706953821,/loadcell_data_filtered.wrench.force.z,6633.100949783137
1.5851079060000002,1785795367.707118375,/loadcell_data_filtered.wrench.force.z,6629.066535881792
1.585263416,1785795367.707273885,/loadcell_data_filtered.wrench.force.z,6625.943968626227
1.5859743640000001,1785795367.707984833,/loadcell_data_filtered.wrench.force.z,6623.453949343465
1.586441841,1785795367.708452310,/loadcell_data_filtered.wrench.force.z,6621.610004298395
1.5868072,1785795367.708817669,/loadcell_data_filtered.wrench.force.z,6620.177421843639
1.587227793,1785795367.709238262,/loadcell_data_filtered.wrench.force.z,6620.0446871993445
1.5881068260000002,1785795367.710117295,/loadcell_data_filtered.wrench.force.z,6620.713862572641
1.588423471,1785795367.710433940,/loadcell_data_filtered.wrench.force.z,6621.356220641656
1.589204591,1785795367.711215060,/loadcell_data_filtered.wrench.force.z,6621.425198327484
1.589623722,1785795367.711634191,/loadcell_data_filtered.wrench.force.z,6621.23994990364
1.591432817,1785795367.713443286,/loadcell_data_filtered.wrench.force.z,6620.861657222662
1.5917501139999999,1785795367.713760583,/loadcell_data_filtered.wrench.force.z,6620.84546405188
1.592005038,1785795367.714015507,/loadcell_data_filtered.wrench.force.z,6620.64657645622
1.592288342,1785795367.714298811,/loadcell_data_filtered.wrench.force.z,6620.68898695995
1.592608866,1785795367.714619335,/loadcell_data_filtered.wrench.force.z,6620.942133130502
1.592982803,1785795367.714993272,/loadcell_data_filtered.wrench.force.z,6626.745698352927
1.5932510240000002,1785795367.715261493,/loadcell_data_filtered.wrench.force.z,6630.361311756796
1.593554246,1785795367.715564715,/loadcell_data_filtered.wrench.force.z,6634.79268901929
1.593852975,1785795367.715863444,/loadcell_data_filtered.wrench.force.z,6638.466007554887
1.594872705,1785795367.716883174,/loadcell_data_filtered.wrench.force.z,6642.0883667993385
1.5952036600000001,1785795367.717214129,/loadcell_data_filtered.wrench.force.z,6643.852422800913
1.5955100880000002,1785795367.717520557,/loadcell_data_filtered.wrench.force.z,6646.260697311437
1.595853542,1785795367.717864011,/loadcell_data_filtered.wrench.force.z,6646.212230018236
1.596470612,1785795367.718481081,/loadcell_data_filtered.wrench.force.z,6646.93876065494
1.597125942,1785795367.719136411,/loadcell_data_filtered.wrench.force.z,6647.853061925957
1.597601874,1785795367.719612343,/loadcell_data_filtered.wrench.force.z,6648.492932056443
1.598282224,1785795367.720292693,/loadcell_data_filtered.wrench.force.z,6649.364209975381
1.598713065,1785795367.720723534,/loadcell_data_filtered.wrench.force.z,6650.015781222268
1.5995335590000002,1785795367.721544028,/loadcell_data_filtered.wrench.force.z,6650.800571048837
1.601523776,1785795367.723534245,/loadcell_data_filtered.wrench.force.z,6651.220413804636
1.60179064,1785795367.723801109,/loadcell_data_filtered.wrench.force.z,6652.319097477983
1.6020531500000001,1785795367.724063619,/loadcell_data_filtered.wrench.force.z,6652.49252638167
1.602396119,1785795367.724406588,/loadcell_data_filtered.wrench.force.z,6647.816313715511
1.602686375,1785795367.724696844,/loadcell_data_filtered.wrench.force.z,6644.9704306580925
1.602981776,1785795367.724992245,/loadcell_data_filtered.wrench.force.z,6642.660475182379
1.6032686790000001,1785795367.725279148,/loadcell_data_filtered.wrench.force.z,6639.816952908392
1.603561289,1785795367.725571758,/loadcell_data_filtered.wrench.force.z,6636.695569722814
1.603873466,1785795367.725883935,/loadcell_data_filtered.wrench.force.z,6635.550124131346
1.604193151,1785795367.726203620,/loadcell_data_filtered.wrench.force.z,6635.111537497829
1.6044749170000001,1785795367.726485386,/loadcell_data_filtered.wrench.force.z,6636.14922202748
1.604819396,1785795367.726829865,/loadcell_data_filtered.wrench.force.z,6636.2402324370105
1.605297755,1785795367.727308224,/loadcell_data_filtered.wrench.force.z,6636.01468584571
1.605703084,1785795367.727713553,/loadcell_data_filtered.wrench.force.z,6635.877534351094
1.606273878,1785795367.728284347,/loadcell_data_filtered.wrench.force.z,6635.562251618032
1.606942179,1785795367.728952648,/loadcell_data_filtered.wrench.force.z,6635.3751692797
1.6086479100000002,1785795367.730658379,/loadcell_data_filtered.wrench.force.z,6635.271642108221
1.6093321230000002,1785795367.731342592,/loadcell_data_filtered.wrench.force.z,6634.841868138101
1.609341413,1785795367.731351882,/loadcell_data_filtered.wrench.force.z,6634.87375634891
1.609533586,1785795367.731544055,/loadcell_data_filtered.wrench.force.z,6636.826914369843
1.609711188,1785795367.731721657,/loadcell_data_filtered.wrench.force.z,6641.397540483653
1.60995168,1785795367.731962149,/loadcell_data_filtered.wrench.force.z,6645.843663551988
1.6103711660000002,1785795367.732381635,/loadcell_data_filtered.wrench.force.z,6649.413521881134
1.6110212970000002,1785795367.733031766,/loadcell_data_filtered.wrench.force.z,6651.967237255163
1.611450863,1785795367.733461332,/loadcell_data_filtered.wrench.force.z,6654.686814852351
1.611840973,1785795367.733851442,/loadcell_data_filtered.wrench.force.z,6656.123504049247
1.612335569,1785795367.734346038,/loadcell_data_filtered.wrench.force.z,6656.766262323742
1.612778217,1785795367.734788686,/loadcell_data_filtered.wrench.force.z,6656.994039974796
1.61352595,1785795367.735536419,/loadcell_data_filtered.wrench.force.z,6657.003664105223
1.613977178,1785795367.735987647,/loadcell_data_filtered.wrench.force.z,6657.053182525781
1.614521881,1785795367.736532350,/loadcell_data_filtered.wrench.force.z,6657.186061661199
1.615005304,1785795367.737015773,/loadcell_data_filtered.wrench.force.z,6657.046574416653
1.615446675,1785795367.737457144,/loadcell_data_filtered.wrench.force.z,6657.487833982605
1.61579162,1785795367.737802089,/loadcell_data_filtered.wrench.force.z,6657.594496744683
1.616411613,1785795367.738422082,/loadcell_data_filtered.wrench.force.z,6657.708212581523
1.616857875,1785795367.738868344,/loadcell_data_filtered.wrench.force.z,6657.422712109625
1.61729308,1785795367.739303549,/loadcell_data_filtered.wrench.force.z,6652.096141142736
1.617608513,1785795367.739618982,/loadcell_data_filtered.wrench.force.z,6648.973940537583
1.618307534,1785795367.740318003,/loadcell_data_filtered.wrench.force.z,6644.182304610971
1.618694239,1785795367.740704708,/loadcell_data_filtered.wrench.force.z,6640.523992563521
1.6192420470000002,1785795367.741252516,/loadcell_data_filtered.wrench.force.z,6637.307677655165
1.623444531,1785795367.745455000,/loadcell_data_filtered.wrench.force.z,6634.826770287801
1.624818713,1785795367.746829182,/loadcell_data_filtered.wrench.force.z,6632.774359264696
1.625272202,1785795367.747282671,/loadcell_data_filtered.wrench.force.z,6632.90555953787
1.625614137,1785795367.747624606,/loadcell_data_filtered.wrench.force.z,6633.5795879927155
1.6259127549999999,1785795367.747923224,/loadcell_data_filtered.wrench.force.z,6633.771043524425
1.626162769,1785795367.748173238,/loadcell_data_filtered.wrench.force.z,6633.783832702412
1.6263766880000001,1785795367.748387157,/loadcell_data_filtered.wrench.force.z,6633.547254336461
1.626644711,1785795367.748655180,/loadcell_data_filtered.wrench.force.z,6633.259688085239
1.626873551,1785795367.748884020,/loadcell_data_filtered.wrench.force.z,6632.208745492627
1.62710021,1785795367.749110679,/loadcell_data_filtered.wrench.force.z,6631.916921909888
1.627327174,1785795367.749337643,/loadcell_data_filtered.wrench.force.z,6632.046347428835
1.62762841,1785795367.749638879,/loadcell_data_filtered.wrench.force.z,6630.070109139385
1.6280811769999999,1785795367.750091646,/loadcell_data_filtered.wrench.force.z,6634.833147363954
1.628305294,1785795367.750315763,/loadcell_data_filtered.wrench.force.z,6632.624037967232
1.628601624,1785795367.750612093,/loadcell_data_filtered.wrench.force.z,6634.940410313022
1.628923225,1785795367.750933694,/loadcell_data_filtered.wrench.force.z,6636.665792172066
1.629207379,1785795367.751217848,/loadcell_data_filtered.wrench.force.z,6639.441928268066
1.62947463,1785795367.751485099,/loadcell_data_filtered.wrench.force.z,6640.59755235655
1.62973949,1785795367.751749959,/loadcell_data_filtered.wrench.force.z,6641.199984941803
1.6300486360000002,1785795367.752059105,/loadcell_data_filtered.wrench.force.z,6641.026600619771
1.6303074020000001,1785795367.752317871,/loadcell_data_filtered.wrench.force.z,6640.542201090569
1.630510522,1785795367.752520991,/loadcell_data_filtered.wrench.force.z,6640.572712708996
1.630755033,1785795367.752765502,/loadcell_data_filtered.wrench.force.z,6640.179771751554
1.631099386,1785795367.753109855,/loadcell_data_filtered.wrench.force.z,6640.243926814761
1.634697577,1785795367.756708046,/loadcell_data_filtered.wrench.force.z,6640.166803463409
1.635071537,1785795367.757082006,/loadcell_data_filtered.wrench.force.z,6640.336064432737
1.635379042,1785795367.757389511,/loadcell_data_filtered.wrench.force.z,6641.015435722273
1.635709654,1785795367.757720123,/loadcell_data_filtered.wrench.force.z,6641.907086554083
1.635991495,1785795367.758001964,/loadcell_data_filtered.wrench.force.z,6642.782614365895
1.636225507,1785795367.758235976,/loadcell_data_filtered.wrench.force.z,6638.19455063945
1.636463349,1785795367.758473818,/loadcell_data_filtered.wrench.force.z,6634.9363511420925
1.636778614,1785795367.758789083,/loadcell_data_filtered.wrench.force.z,6631.87268259062
1.6370673770000002,1785795367.759077846,/loadcell_data_filtered.wrench.force.z,6628.372851407979
1.637327482,1785795367.759337951,/loadcell_data_filtered.wrench.force.z,6625.857523910905
1.63756483,1785795367.759575299,/loadcell_data_filtered.wrench.force.z,6624.942420599463
1.637776018,1785795367.759786487,/loadcell_data_filtered.wrench.force.z,6624.420040690109
1.6379853020000001,1785795367.759995771,/loadcell_data_filtered.wrench.force.z,6625.071041162346
1.638227921,1785795367.760238390,/loadcell_data_filtered.wrench.force.z,6625.746444409838
1.638867839,1785795367.760878308,/loadcell_data_filtered.wrench.force.z,6626.004294564997
1.639202176,1785795367.761212645,/loadcell_data_filtered.wrench.force.z,6626.337827932089
1.640411271,1785795367.762421740,/loadcell_data_filtered.wrench.force.z,6626.558787960521
1.641949654,1785795367.763960123,/loadcell_data_filtered.wrench.force.z,6626.826132304329
1.642475783,1785795367.764486252,/loadcell_data_filtered.wrench.force.z,6626.731779134079
1.642903369,1785795367.764913838,/loadcell_data_filtered.wrench.force.z,6626.753118771076
1.643367665,1785795367.765378134,/loadcell_data_filtered.wrench.force.z,6627.450818123175
1.643683825,1785795367.765694294,/loadcell_data_filtered.wrench.force.z,6631.033381823332
1.643899909,1785795367.765910378,/loadcell_data_filtered.wrench.force.z,6635.3613305431845
1.644159511,1785795367.766169980,/loadcell_data_filtered.wrench.force.z,6640.650337656245
1.6461476400000001,1785795367.768158109,/loadcell_data_filtered.wrench.force.z,6645.282101343688
1.646572186,1785795367.768582655,/loadcell_data_filtered.wrench.force.z,6648.003132103602
1.646884303,1785795367.768894772,/loadcell_data_filtered.wrench.force.z,6650.29992243083
1.647316536,1785795367.769327005,/loadcell_data_filtered.wrench.force.z,6652.299458521272
1.647718898,1785795367.769729367,/loadcell_data_filtered.wrench.force.z,6653.048064795679
1.648023577,1785795367.770034046,/loadcell_data_filtered.wrench.force.z,6653.957921659857
1.648314913,1785795367.770325382,/loadcell_data_filtered.wrench.force.z,6654.175636962331
1.648538339,1785795367.770548808,/loadcell_data_filtered.wrench.force.z,6653.8037889385805
1.648714886,1785795367.770725355,/loadcell_data_filtered.wrench.force.z,6654.014617388445
1.648878164,1785795367.770888633,/loadcell_data_filtered.wrench.force.z,6654.362412902381
1.6490742059999999,1785795367.771084675,/loadcell_data_filtered.wrench.force.z,6654.673367861726
1.649262341,1785795367.771272810,/loadcell_data_filtered.wrench.force.z,6654.806673836837
1.6494810260000001,1785795367.771491495,/loadcell_data_filtered.wrench.force.z,6655.066189841993
1.6499133700000002,1785795367.771923839,/loadcell_data_filtered.wrench.force.z,6655.2782566645765
1.6503443670000002,1785795367.772354836,/loadcell_data_filtered.wrench.force.z,6650.138824371608
1.651009696,1785795367.773020165,/loadcell_data_filtered.wrench.force.z,6647.050332871626
1.6515438100000002,1785795367.773554279,/loadcell_data_filtered.wrench.force.z,6643.176674838327
1.652156763,1785795367.774167232,/loadcell_data_filtered.wrench.force.z,6639.812467886536
1.652621972,1785795367.774632441,/loadcell_data_filtered.wrench.force.z,6636.909675837052
1.653220653,1785795367.775231122,/loadcell_data_filtered.wrench.force.z,6634.687861897808
1.6534154,1785795367.775425869,/loadcell_data_filtered.wrench.force.z,6633.48921210843
1.6539938410000001,1785795367.776004310,/loadcell_data_filtered.wrench.force.z,6633.3179463617935
1.6546008890000001,1785795367.776611358,/loadcell_data_filtered.wrench.force.z,6633.949660769669
1.65492443,1785795367.776934899,/loadcell_data_filtered.wrench.force.z,6634.002092688614
1.655366842,1785795367.777377311,/loadcell_data_filtered.wrench.force.z,6634.083382942638
1.657265796,1785795367.779276265,/loadcell_data_filtered.wrench.force.z,6633.33778456853
1.657488415,1785795367.779498884,/loadcell_data_filtered.wrench.force.z,6633.015824941664
1.657628113,1785795367.779638582,/loadcell_data_filtered.wrench.force.z,6633.658939475204
1.657760203,1785795367.779770672,/loadcell_data_filtered.wrench.force.z,6633.889218739726
1.65805185,1785795367.780062319,/loadcell_data_filtered.wrench.force.z,6633.537619998121
1.658484306,1785795367.780494775,/loadcell_data_filtered.wrench.force.z,6632.87657550438
1.6590826060000001,1785795367.781093075,/loadcell_data_filtered.wrench.force.z,6638.422503498487
1.6621251400000001,1785795367.784135609,/loadcell_data_filtered.wrench.force.z,6642.2395333905615
1.662819352,1785795367.784829821,/loadcell_data_filtered.wrench.force.z,6646.074892329574
1.6631362140000001,1785795367.785146683,/loadcell_data_filtered.wrench.force.z,6650.1702092512005
1.663280995,1785795367.785291464,/loadcell_data_filtered.wrench.force.z,6653.806590142491
1.663415542,1785795367.785426011,/loadcell_data_filtered.wrench.force.z,6655.988884361928
1.6635432680000002,1785795367.785553737,/loadcell_data_filtered.wrench.force.z,6657.420013292206
1.663669663,1785795367.785680132,/loadcell_data_filtered.wrench.force.z,6658.256584735855
1.664618183,1785795367.786628652,/loadcell_data_filtered.wrench.force.z,6658.312150656642
1.6650129,1785795367.787023369,/loadcell_data_filtered.wrench.force.z,6657.432952718145
1.665219982,1785795367.787230451,/loadcell_data_filtered.wrench.force.z,6657.829115078229
1.6654205750000002,1785795367.787431044,/loadcell_data_filtered.wrench.force.z,6658.531245602834
1.66560176,1785795367.787612229,/loadcell_data_filtered.wrench.force.z,6659.358342350712
1.665981618,1785795367.787992087,/loadcell_data_filtered.wrench.force.z,6658.8742474209575
1.666556705,1785795367.788567174,/loadcell_data_filtered.wrench.force.z,6658.939407711871
1.666863038,1785795367.788873507,/loadcell_data_filtered.wrench.force.z,6659.476946235742
1.666945327,1785795367.788955796,/loadcell_data_filtered.wrench.force.z,6658.906063225434
1.66745413,1785795367.789464599,/loadcell_data_filtered.wrench.force.z,6653.015530007554
1.6686865100000001,1785795367.790696979,/loadcell_data_filtered.wrench.force.z,6648.586034842007
1.66901735,1785795367.791027819,/loadcell_data_filtered.wrench.force.z,6645.304731130726
1.669250956,1785795367.791261425,/loadcell_data_filtered.wrench.force.z,6642.830294739082
1.669511124,1785795367.791521593,/loadcell_data_filtered.wrench.force.z,6640.165542947609
1.669922463,1785795367.791932932,/loadcell_data_filtered.wrench.force.z,6639.132593551623
1.6704122510000001,1785795367.792422720,/loadcell_data_filtered.wrench.force.z,6638.80462570331
1.6710684260000002,1785795367.793078895,/loadcell_data_filtered.wrench.force.z,6639.076170088419
1.671860893,1785795367.793871362,/loadcell_data_filtered.wrench.force.z,6639.733032590275
1.6725985190000001,1785795367.794608988,/loadcell_data_filtered.wrench.force.z,6639.905429740496
1.673385354,1785795367.795395823,/loadcell_data_filtered.wrench.force.z,6640.290390250291
1.673646771,1785795367.795657240,/loadcell_data_filtered.wrench.force.z,6640.011212980297
1.675073844,1785795367.797084313,/loadcell_data_filtered.wrench.force.z,6639.999397757588
1.675078598,1785795367.797089067,/loadcell_data_filtered.wrench.force.z,6640.023650013204
1.676313452,1785795367.798323921,/loadcell_data_filtered.wrench.force.z,6639.550400174889
1.676643142,1785795367.798653611,/loadcell_data_filtered.wrench.force.z,6639.179070724675
1.678369649,1785795367.800380118,/loadcell_data_filtered.wrench.force.z,6642.694481195423
1.6786392509999999,1785795367.800649720,/loadcell_data_filtered.wrench.force.z,6645.745594971501
1.678866072,1785795367.800876541,/loadcell_data_filtered.wrench.force.z,6650.40208910563
1.679128022,1785795367.801138491,/loadcell_data_filtered.wrench.force.z,6654.073158022923
1.679499765,1785795367.801510234,/loadcell_data_filtered.wrench.force.z,6656.922884818891
1.6800375029999999,1785795367.802047972,/loadcell_data_filtered.wrench.force.z,6658.981563421379
1.680651442,1785795367.802661911,/loadcell_data_filtered.wrench.force.z,6660.441851454722
1.681023214,1785795367.803033683,/loadcell_data_filtered.wrench.force.z,6659.924526195781
1.681360763,1785795367.803371232,/loadcell_data_filtered.wrench.force.z,6658.334385301572
1.6816495040000001,1785795367.803659973,/loadcell_data_filtered.wrench.force.z,6657.489394347608
1.681983905,1785795367.803994374,/loadcell_data_filtered.wrench.force.z,6657.103640187064
1.682230295,1785795367.804240764,/loadcell_data_filtered.wrench.force.z,6656.012371033787
1.684902337,1785795367.806912806,/loadcell_data_filtered.wrench.force.z,6654.894292112093
1.685295874,1785795367.807306343,/loadcell_data_filtered.wrench.force.z,6653.897207307084
1.6855836910000002,1785795367.807594160,/loadcell_data_filtered.wrench.force.z,6654.098053150071
1.685802054,1785795367.807812523,/loadcell_data_filtered.wrench.force.z,6654.37057057358
1.6860358610000001,1785795367.808046330,/loadcell_data_filtered.wrench.force.z,6654.239122097229
1.6862772650000002,1785795367.808287734,/loadcell_data_filtered.wrench.force.z,6648.938878490369
1.686500216,1785795367.808510685,/loadcell_data_filtered.wrench.force.z,6645.928473400422
1.686743892,1785795367.808754361,/loadcell_data_filtered.wrench.force.z,6642.131485901728
1.6870157940000001,1785795367.809026263,/loadcell_data_filtered.wrench.force.z,6638.704924740047
1.6872440750000002,1785795367.809254544,/loadcell_data_filtered.wrench.force.z,6634.229709684319
1.68742655,1785795367.809437019,/loadcell_data_filtered.wrench.force.z,6631.812058956651
1.687789173,1785795367.809799642,/loadcell_data_filtered.wrench.force.z,6629.8998296967775
1.688094785,1785795367.810105254,/loadcell_data_filtered.wrench.force.z,6630.346533268804
1.68846717,1785795367.810477639,/loadcell_data_filtered.wrench.force.z,6631.33605387634
1.688800852,1785795367.810811321,/loadcell_data_filtered.wrench.force.z,6631.394371167517
1.689001582,1785795367.811012051,/loadcell_data_filtered.wrench.force.z,6630.956234070674
1.6900375140000001,1785795367.812047983,/loadcell_data_filtered.wrench.force.z,6631.195661697024
1.690415562,1785795367.812426031,/loadcell_data_filtered.wrench.force.z,6631.157969135104
1.69072678,1785795367.812737249,/loadcell_data_filtered.wrench.force.z,6632.066657246171
1.691043582,1785795367.813054051,/loadcell_data_filtered.wrench.force.z,6632.1997687430685
1.6913329400000001,1785795367.813343409,/loadcell_data_filtered.wrench.force.z,6632.408386739499
1.6919227330000002,1785795367.813933202,/loadcell_data_filtered.wrench.force.z,6633.10644416443
1.692387717,1785795367.814398186,/loadcell_data_filtered.wrench.force.z,6639.354307676561
1.6928668660000001,1785795367.814877335,/loadcell_data_filtered.wrench.force.z,6644.172195139318
1.6932836450000002,1785795367.815294114,/loadcell_data_filtered.wrench.force.z,6648.506037860533
1.693729003,1785795367.815739472,/loadcell_data_filtered.wrench.force.z,6652.158759922282
1.69438508,1785795367.816395549,/loadcell_data_filtered.wrench.force.z,6656.243840423113
1.694827902,1785795367.816838371,/loadcell_data_filtered.wrench.force.z,6658.453360223676
1.695596916,1785795367.817607385,/loadcell_data_filtered.wrench.force.z,6660.1188824151695
1.6960016370000002,1785795367.818012106,/loadcell_data_filtered.wrench.force.z,6660.827598603598
1.696337062,1785795367.818347531,/loadcell_data_filtered.wrench.force.z,6661.344272189961
1.6968791630000002,1785795367.818889632,/loadcell_data_filtered.wrench.force.z,6661.889062394525
1.697684142,1785795367.819694611,/loadcell_data_filtered.wrench.force.z,6662.090312000112
1.6982335100000001,1785795367.820243979,/loadcell_data_filtered.wrench.force.z,6662.489326988583
1.698590768,1785795367.820601237,/loadcell_data_filtered.wrench.force.z,6663.211446205724
1.698888929,1785795367.820899398,/loadcell_data_filtered.wrench.force.z,6663.637183237036
1.6997380579999999,1785795367.821748527,/loadcell_data_filtered.wrench.force.z,6664.1772776174175
1.700098026,1785795367.822108495,/loadcell_data_filtered.wrench.force.z,6664.298947540258
1.7004714380000001,1785795367.822481907,/loadcell_data_filtered.wrench.force.z,6663.29070695821
1.700881709,1785795367.822892178,/loadcell_data_filtered.wrench.force.z,6658.758443062833
1.701339688,1785795367.823350157,/loadcell_data_filtered.wrench.force.z,6654.349747927863
1.70195406,1785795367.823964529,/loadcell_data_filtered.wrench.force.z,6650.7765732527805
1.7026471029999999,1785795367.824657572,/loadcell_data_filtered.wrench.force.z,6648.1993461366965
1.702816544,1785795367.824827013,/loadcell_data_filtered.wrench.force.z,6645.3643222896935
1.705174853,1785795367.827185322,/loadcell_data_filtered.wrench.force.z,6644.055970727393
1.705332409,1785795367.827342878,/loadcell_data_filtered.wrench.force.z,6644.124252887022
1.705464444,1785795367.827474913,/loadcell_data_filtered.wrench.force.z,6644.39026513796
1.705595205,1785795367.827605674,/loadcell_data_filtered.wrench.force.z,6641.66352399776
1.705751795,1785795367.827762264,/loadcell_data_filtered.wrench.force.z,6638.553095804785
1.705873653,1785795367.827884122,/loadcell_data_filtered.wrench.force.z,6638.037518105918
1.7063677990000001,1785795367.828378268,/loadcell_data_filtered.wrench.force.z,6638.07417048792
1.706783047,1785795367.828793516,/loadcell_data_filtered.wrench.force.z,6638.142601982839
1.707460481,1785795367.829470950,/loadcell_data_filtered.wrench.force.z,6638.189716876411
1.70785779,1785795367.829868259,/loadcell_data_filtered.wrench.force.z,6637.812182765544
1.708354439,1785795367.830364908,/loadcell_data_filtered.wrench.force.z,6637.928202715738
1.708769399,1785795367.830779868,/loadcell_data_filtered.wrench.force.z,6642.750740180067
1.709834495,1785795367.831844964,/loadcell_data_filtered.wrench.force.z,6646.564884405844
1.7103179700000002,1785795367.832328439,/loadcell_data_filtered.wrench.force.z,6650.803491894849
1.7113084139999999,1785795367.833318883,/loadcell_data_filtered.wrench.force.z,6654.922904206374
1.711450906,1785795367.833461375,/loadcell_data_filtered.wrench.force.z,6658.444967175946
1.711587862,1785795367.833598331,/loadcell_data_filtered.wrench.force.z,6660.89663770905
1.711845816,1785795367.833856285,/loadcell_data_filtered.wrench.force.z,6661.898460185923
1.712203922,1785795367.834214391,/loadcell_data_filtered.wrench.force.z,6662.355102337179
1.712703618,1785795367.834714087,/loadcell_data_filtered.wrench.force.z,6662.879400800092
1.713209009,1785795367.835219478,/loadcell_data_filtered.wrench.force.z,6663.1403492921645
1.713759799,1785795367.835770268,/loadcell_data_filtered.wrench.force.z,6663.55535784851
1.714730222,1785795367.836740691,/loadcell_data_filtered.wrench.force.z,6663.649728096811
1.714955349,1785795367.836965818,/loadcell_data_filtered.wrench.force.z,6663.614319921186
1.71520269,1785795367.837213159,/loadcell_data_filtered.wrench.force.z,6664.380460651937
1.715591563,1785795367.837602032,/loadcell_data_filtered.wrench.force.z,6664.016985487352
1.716225888,1785795367.838236357,/loadcell_data_filtered.wrench.force.z,6663.412878251354
1.7168084239999999,1785795367.838818893,/loadcell_data_filtered.wrench.force.z,6663.1299300181145
1.7171781940000002,1785795367.839188663,/loadcell_data_filtered.wrench.force.z,6657.744103166518
1.717635918,1785795367.839646387,/loadcell_data_filtered.wrench.force.z,6654.075268314744
1.7181190000000002,1785795367.840129469,/loadcell_data_filtered.wrench.force.z,6649.701668876814
1.7187475,1785795367.840757969,/loadcell_data_filtered.wrench.force.z,6646.295520252255
1.719215196,1785795367.841225665,/loadcell_data_filtered.wrench.force.z,6642.971307546947
1.7197697600000001,1785795367.841780229,/loadcell_data_filtered.wrench.force.z,6641.119172994019
1.7201040170000002,1785795367.842114486,/loadcell_data_filtered.wrench.force.z,6639.277650903282
1.721245518,1785795367.843255987,/loadcell_data_filtered.wrench.force.z,6638.657741096475
1.721730568,1785795367.843741037,/loadcell_data_filtered.wrench.force.z,6638.466591881245
1.722137128,1785795367.844147597,/loadcell_data_filtered.wrench.force.z,6638.1644077212395
1.725679192,1785795367.847689661,/loadcell_data_filtered.wrench.force.z,6637.80180887649
1.7261075890000002,1785795367.848118058,/loadcell_data_filtered.wrench.force.z,6637.3784340638485
1.726374597,1785795367.848385066,/loadcell_data_filtered.wrench.force.z,6637.790081044235
1.726595496,1785795367.848605965,/loadcell_data_filtered.wrench.force.z,6637.852311136951
1.7268161960000001,1785795367.848826665,/loadcell_data_filtered.wrench.force.z,6638.427961610179
1.7270405819999999,1785795367.849051051,/loadcell_data_filtered.wrench.force.z,6639.027862824876
1.727303795,1785795367.849314264,/loadcell_data_filtered.wrench.force.z,6639.863839815505
1.727646971,1785795367.849657440,/loadcell_data_filtered.wrench.force.z,6645.719995564751
1.7279614460000001,1785795367.849971915,/loadcell_data_filtered.wrench.force.z,6650.049616070505
1.729282459,1785795367.851292928,/loadcell_data_filtered.wrench.force.z,6652.837607188776
1.729640223,1785795367.851650692,/loadcell_data_filtered.wrench.force.z,6655.836027762615
1.7298626920000002,1785795367.851873161,/loadcell_data_filtered.wrench.force.z,6659.5579397313195
1.730108554,1785795367.852119023,/loadcell_data_filtered.wrench.force.z,6661.958431810742
1.730373269,1785795367.852383738,/loadcell_data_filtered.wrench.force.z,6663.514134636772
1.7306080860000002,1785795367.852618555,/loadcell_data_filtered.wrench.force.z,6664.298399745399
1.7308630630000001,1785795367.852873532,/loadcell_data_filtered.wrench.force.z,6665.103002589942
1.731147411,1785795367.853157880,/loadcell_data_filtered.wrench.force.z,6664.569812533289
1.73144848,1785795367.853458949,/loadcell_data_filtered.wrench.force.z,6664.45418915105
1.731785844,1785795367.853796313,/loadcell_data_filtered.wrench.force.z,6664.683527035002
1.732117346,1785795367.854127815,/loadcell_data_filtered.wrench.force.z,6665.1710041908855
1.732422273,1785795367.854432742,/loadcell_data_filtered.wrench.force.z,6665.6144654717145
1.732824378,1785795367.854834847,/loadcell_data_filtered.wrench.force.z,6665.9993577306905
1.7332122600000002,1785795367.855222729,/loadcell_data_filtered.wrench.force.z,6665.931468075596
1.7337094560000001,1785795367.855719925,/loadcell_data_filtered.wrench.force.z,6663.712682280071
1.734258794,1785795367.856269263,/loadcell_data_filtered.wrench.force.z,6659.153281585674
1.734632474,1785795367.856642943,/loadcell_data_filtered.wrench.force.z,6654.763885100709
1.7351207770000001,1785795367.857131246,/loadcell_data_filtered.wrench.force.z,6650.967709482891
1.735781878,1785795367.857792347,/loadcell_data_filtered.wrench.force.z,6647.6597142373785
1.7384864580000001,1785795367.860496927,/loadcell_data_filtered.wrench.force.z,6644.694963235717
1.738950253,1785795367.860960722,/loadcell_data_filtered.wrench.force.z,6642.791266739591
1.7394337260000001,1785795367.861444195,/loadcell_data_filtered.wrench.force.z,6642.014827598735
1.739832416,1785795367.861842885,/loadcell_data_filtered.wrench.force.z,6638.149323686416
1.740382203,1785795367.862392672,/loadcell_data_filtered.wrench.force.z,6634.961382670376
1.740797044,1785795367.862807513,/loadcell_data_filtered.wrench.force.z,6634.368156572938
1.741149246,1785795367.863159715,/loadcell_data_filtered.wrench.force.z,6633.441871294436
1.741434409,1785795367.863444878,/loadcell_data_filtered.wrench.force.z,6632.647327555358
1.7417104710000002,1785795367.863720940,/loadcell_data_filtered.wrench.force.z,6631.8570627832105
1.743774491,1785795367.865784960,/loadcell_data_filtered.wrench.force.z,6631.36702581111
1.7440103850000002,1785795367.866020854,/loadcell_data_filtered.wrench.force.z,6631.250527662683
1.744226462,1785795367.866236931,/loadcell_data_filtered.wrench.force.z,6630.833055999041
1.744490378,1785795367.866500847,/loadcell_data_filtered.wrench.force.z,6630.66064532709
1.744758875,1785795367.866769344,/loadcell_data_filtered.wrench.force.z,6631.9312448210285
1.745007932,1785795367.867018401,/loadcell_data_filtered.wrench.force.z,6630.1635254675175
1.745253017,1785795367.867263486,/loadcell_data_filtered.wrench.force.z,6632.765829920268
1.745464093,1785795367.867474562,/loadcell_data_filtered.wrench.force.z,6634.521122008464
1.74566638,1785795367.867676849,/loadcell_data_filtered.wrench.force.z,6636.401921691201
1.745910188,1785795367.867920657,/loadcell_data_filtered.wrench.force.z,6637.68782210928
1.7461669720000002,1785795367.868177441,/loadcell_data_filtered.wrench.force.z,6639.122252413872
1.7464656710000002,1785795367.868476140,/loadcell_data_filtered.wrench.force.z,6639.534543460977
1.748528789,1785795367.870539258,/loadcell_data_filtered.wrench.force.z,6640.13975402114
1.748749984,1785795367.870760453,/loadcell_data_filtered.wrench.force.z,6640.29187439219
1.748909624,1785795367.870920093,/loadcell_data_filtered.wrench.force.z,6641.143656447906
1.749079781,1785795367.871090250,/loadcell_data_filtered.wrench.force.z,6641.771120093885
1.74923672,1785795367.871247189,/loadcell_data_filtered.wrench.force.z,6642.691616278736
1.749394295,1785795367.871404764,/loadcell_data_filtered.wrench.force.z,6642.990004700683
1.7495519160000002,1785795367.871562385,/loadcell_data_filtered.wrench.force.z,6642.997431450164
1.74997167,1785795367.871982139,/loadcell_data_filtered.wrench.force.z,6643.374065950556
1.750586033,1785795367.872596502,/loadcell_data_filtered.wrench.force.z,6638.777925428751
1.751521018,1785795367.873531487,/loadcell_data_filtered.wrench.force.z,6636.058843308189
1.751954059,1785795367.873964528,/loadcell_data_filtered.wrench.force.z,6633.054794180063
1.752315049,1785795367.874325518,/loadcell_data_filtered.wrench.force.z,6630.288710774434
1.752848158,1785795367.874858627,/loadcell_data_filtered.wrench.force.z,6627.611011035148
1.753293528,1785795367.875303997,/loadcell_data_filtered.wrench.force.z,6626.121344553055
1.753543991,1785795367.875554460,/loadcell_data_filtered.wrench.force.z,6625.417071693589
1.754067677,1785795367.876078146,/loadcell_data_filtered.wrench.force.z,6625.581977206654
1.758279592,1785795367.880290061,/loadcell_data_filtered.wrench.force.z,6626.159563025063
1.7588910640000002,1785795367.880901533,/loadcell_data_filtered.wrench.force.z,6626.617061230881
1.759453077,1785795367.881463546,/loadcell_data_filtered.wrench.force.z,6626.24247164585
1.759964213,1785795367.881974682,/loadcell_data_filtered.wrench.force.z,6619.541046978588
1.760302671,1785795367.882313140,/loadcell_data_filtered.wrench.force.z,6620.133245913488
1.7605180260000002,1785795367.882528495,/loadcell_data_filtered.wrench.force.z,6620.6238101386325
1.760780454,1785795367.882790923,/loadcell_data_filtered.wrench.force.z,6621.009683626614
1.761129054,1785795367.883139523,/loadcell_data_filtered.wrench.force.z,6621.312571018672
1.761441277,1785795367.883451746,/loadcell_data_filtered.wrench.force.z,6620.710521636812
1.7617698750000002,1785795367.883780344,/loadcell_data_filtered.wrench.force.z,6625.799031683457
1.762043424,1785795367.884053893,/loadcell_data_filtered.wrench.force.z,6630.235305529449
1.762299029,1785795367.884309498,/loadcell_data_filtered.wrench.force.z,6633.8645419642935
1.7625302340000002,1785795367.884540703,/loadcell_data_filtered.wrench.force.z,6636.676134815029
1.762761046,1785795367.884771515,/loadcell_data_filtered.wrench.force.z,6639.475950393432
1.762962103,1785795367.884972572,/loadcell_data_filtered.wrench.force.z,6640.731956960963
1.7632618130000002,1785795367.885272282,/loadcell_data_filtered.wrench.force.z,6640.791563942433
1.7646942170000002,1785795367.886704686,/loadcell_data_filtered.wrench.force.z,6640.654189199106
1.768064944,1785795367.890075413,/loadcell_data_filtered.wrench.force.z,6640.6888616854585
1.768493398,1785795367.890503867,/loadcell_data_filtered.wrench.force.z,6641.100415939295
1.7687551840000002,1785795367.890765653,/loadcell_data_filtered.wrench.force.z,6641.636547920556
1.768988827,1785795367.890999296,/loadcell_data_filtered.wrench.force.z,6642.415489613158
1.769210384,1785795367.891220853,/loadcell_data_filtered.wrench.force.z,6642.830843811444
1.769449527,1785795367.891459996,/loadcell_data_filtered.wrench.force.z,6643.39255453422
1.769683858,1785795367.891694327,/loadcell_data_filtered.wrench.force.z,6643.867437113574
1.769923493,1785795367.891933962,/loadcell_data_filtered.wrench.force.z,6644.394998788438
1.770188544,1785795367.892199013,/loadcell_data_filtered.wrench.force.z,6641.942286028822
1.770429745,1785795367.892440214,/loadcell_data_filtered.wrench.force.z,6638.612092529455
1.77067396,1785795367.892684429,/loadcell_data_filtered.wrench.force.z,6633.695842132223
1.7709994820000001,1785795367.893009951,/loadcell_data_filtered.wrench.force.z,6628.885578694342
1.7713366810000002,1785795367.893347150,/loadcell_data_filtered.wrench.force.z,6625.730143294505
1.7716935610000002,1785795367.893704030,/loadcell_data_filtered.wrench.force.z,6623.0100627360525
1.77202631,1785795367.894036779,/loadcell_data_filtered.wrench.force.z,6621.4929209919155
1.772370809,1785795367.894381278,/loadcell_data_filtered.wrench.force.z,6620.885074537434
1.77274471,1785795367.894755179,/loadcell_data_filtered.wrench.force.z,6620.7058030460275
1.773182961,1785795367.895193430,/loadcell_data_filtered.wrench.force.z,6621.00307395779
1.7735380520000001,1785795367.895548521,/loadcell_data_filtered.wrench.force.z,6620.834212375496
1.773917881,1785795367.895928350,/loadcell_data_filtered.wrench.force.z,6620.740813696391
1.77422939,1785795367.896239859,/loadcell_data_filtered.wrench.force.z,6620.071118536775
1.774479654,1785795367.896490123,/loadcell_data_filtered.wrench.force.z,6619.3303769113045
1.7747052,1785795367.896715669,/loadcell_data_filtered.wrench.force.z,6618.939116337258
1.774891988,1785795367.896902457,/loadcell_data_filtered.wrench.force.z,6618.261562657972
1.775101649,1785795367.897112118,/loadcell_data_filtered.wrench.force.z,6618.037326399912
1.7770585360000002,1785795367.899069005,/loadcell_data_filtered.wrench.force.z,6622.985724327415
1.7774848570000001,1785795367.899495326,/loadcell_data_filtered.wrench.force.z,6626.670775548827
1.777843447,1785795367.899853916,/loadcell_data_filtered.wrench.force.z,6631.244881699989
1.77820248,1785795367.900212949,/loadcell_data_filtered.wrench.force.z,6634.707227780263
1.778498537,1785795367.900509006,/loadcell_data_filtered.wrench.force.z,6638.034071057591
1.7817519430000002,1785795367.903762412,/loadcell_data_filtered.wrench.force.z,6639.13279318759
1.7823711260000001,1785795367.904381595,/loadcell_data_filtered.wrench.force.z,6639.602188865718
1.7827354340000001,1785795367.904745903,/loadcell_data_filtered.wrench.force.z,6640.1073078635745
1.7830642110000001,1785795367.905074680,/loadcell_data_filtered.wrench.force.z,6640.826304869307
1.783316556,1785795367.905327025,/loadcell_data_filtered.wrench.force.z,6641.808983504716
1.783535614,1785795367.905546083,/loadcell_data_filtered.wrench.force.z,6642.664687630393
1.7837847980000001,1785795367.905795267,/loadcell_data_filtered.wrench.force.z,6643.669160086575
1.7841495850000002,1785795367.906160054,/loadcell_data_filtered.wrench.force.z,6643.9194147397975
1.784557302,1785795367.906567771,/loadcell_data_filtered.wrench.force.z,6643.466730666652
1.784961432,1785795367.906971901,/loadcell_data_filtered.wrench.force.z,6643.79988475886
1.7853665040000002,1785795367.907376973,/loadcell_data_filtered.wrench.force.z,6643.716600442021
1.785731994,1785795367.907742463,/loadcell_data_filtered.wrench.force.z,6643.888082173512
1.786060087,1785795367.908070556,/loadcell_data_filtered.wrench.force.z,6638.8918240708335
1.787111571,1785795367.909122040,/loadcell_data_filtered.wrench.force.z,6635.3455331425
1.787314601,1785795367.909325070,/loadcell_data_filtered.wrench.force.z,6632.730014533169
1.7874986060000002,1785795367.909509075,/loadcell_data_filtered.wrench.force.z,6630.506272835525
1.787728841,1785795367.909739310,/loadcell_data_filtered.wrench.force.z,6627.97471675427
1.788101388,1785795367.910111857,/loadcell_data_filtered.wrench.force.z,6627.418834911707
1.788581807,1785795367.910592276,/loadcell_data_filtered.wrench.force.z,6627.078936129177
1.789026003,1785795367.911036472,/loadcell_data_filtered.wrench.force.z,6627.743019124541
1.789403278,1785795367.911413747,/loadcell_data_filtered.wrench.force.z,6628.276360021107
1.789745827,1785795367.911756296,/loadcell_data_filtered.wrench.force.z,6627.2613821769755
1.790878195,1785795367.912888664,/loadcell_data_filtered.wrench.force.z,6627.337760976466
1.791371384,1785795367.913381853,/loadcell_data_filtered.wrench.force.z,6627.1918578468885
1.791804075,1785795367.913814544,/loadcell_data_filtered.wrench.force.z,6626.7057648631235
1.7922171,1785795367.914227569,/loadcell_data_filtered.wrench.force.z,6620.094804023374
1.793100933,1785795367.915111402,/loadcell_data_filtered.wrench.force.z,6619.484941401939
1.793388809,1785795367.915399278,/loadcell_data_filtered.wrench.force.z,6618.629377086797
1.793602874,1785795367.915613343,/loadcell_data_filtered.wrench.force.z,6618.954936065129
1.793830862,1785795367.915841331,/loadcell_data_filtered.wrench.force.z,6624.402736216181
1.79406967,1785795367.916080139,/loadcell_data_filtered.wrench.force.z,6628.8660463788
1.794323997,1785795367.916334466,/loadcell_data_filtered.wrench.force.z,6632.218199187495
1.794650817,1785795367.916661286,/loadcell_data_filtered.wrench.force.z,6635.059136389622
1.794949875,1785795367.916960344,/loadcell_data_filtered.wrench.force.z,6636.755452234191
1.795299865,1785795367.917310334,/loadcell_data_filtered.wrench.force.z,6637.818680148467
1.7956097500000001,1785795367.917620219,/loadcell_data_filtered.wrench.force.z,6638.009173652705
1.796128354,1785795367.918138823,/loadcell_data_filtered.wrench.force.z,6637.726986223449
1.796630413,1785795367.918640882,/loadcell_data_filtered.wrench.force.z,6637.588156296854
1.79881886,1785795367.920829329,/loadcell_data_filtered.wrench.force.z,6637.421307534281
1.798833384,1785795367.920843853,/loadcell_data_filtered.wrench.force.z,6637.104134526157
1.798837211,1785795367.920847680,/loadcell_data_filtered.wrench.force.z,6637.3788605149275
1.8001630849999999,1785795367.922173554,/loadcell_data_filtered.wrench.force.z,6637.398551187204
1.8005061260000002,1785795367.922516595,/loadcell_data_filtered.wrench.force.z,6637.095967247812
1.8008095270000002,1785795367.922819996,/loadcell_data_filtered.wrench.force.z,6636.901424164685
1.801083597,1785795367.923094066,/loadcell_data_filtered.wrench.force.z,6636.71104103588
1.801330706,1785795367.923341175,/loadcell_data_filtered.wrench.force.z,6632.938885746559
1.801598339,1785795367.923608808,/loadcell_data_filtered.wrench.force.z,6629.4713674674485
1.801884193,1785795367.923894662,/loadcell_data_filtered.wrench.force.z,6625.673138273675
1.802149538,1785795367.924160007,/loadcell_data_filtered.wrench.force.z,6622.727462584679
1.802299812,1785795367.924310281,/loadcell_data_filtered.wrench.force.z,6620.8648402254985
1.802799027,1785795367.924809496,/loadcell_data_filtered.wrench.force.z,6618.572858542987
1.803384933,1785795367.925395402,/loadcell_data_filtered.wrench.force.z,6617.358873197527
1.8039067640000002,1785795367.925917233,/loadcell_data_filtered.wrench.force.z,6617.727034953168
1.805513853,1785795367.927524322,/loadcell_data_filtered.wrench.force.z,6618.499104034304
1.8058478070000001,1785795367.927858276,/loadcell_data_filtered.wrench.force.z,6619.130315224687
1.805978383,1785795367.927988852,/loadcell_data_filtered.wrench.force.z,6620.30155376996
1.806113816,1785795367.928124285,/loadcell_data_filtered.wrench.force.z,6621.377523431127
1.807405803,1785795367.929416272,/loadcell_data_filtered.wrench.force.z,6621.7493428719245
1.807825644,1785795367.929836113,/loadcell_data_filtered.wrench.force.z,6621.469011705073
1.8082010099999999,1785795367.930211479,/loadcell_data_filtered.wrench.force.z,6621.941394718926
1.808412783,1785795367.930423252,/loadcell_data_filtered.wrench.force.z,6621.861338820584
1.8085856869999999,1785795367.930596156,/loadcell_data_filtered.wrench.force.z,6621.749283599273
1.809003978,1785795367.931014447,/loadcell_data_filtered.wrench.force.z,6627.442453120322
1.809356822,1785795367.931367291,/loadcell_data_filtered.wrench.force.z,6631.492501679116
1.810039277,1785795367.932049746,/loadcell_data_filtered.wrench.force.z,6636.165365927931
1.810287635,1785795367.932298104,/loadcell_data_filtered.wrench.force.z,6639.608738414191
1.810748265,1785795367.932758734,/loadcell_data_filtered.wrench.force.z,6642.83831450415
1.811723711,1785795367.933734180,/loadcell_data_filtered.wrench.force.z,6644.54026695278
1.811893155,1785795367.933903624,/loadcell_data_filtered.wrench.force.z,6646.3465852074805
1.812255993,1785795367.934266462,/loadcell_data_filtered.wrench.force.z,6646.753154340526
1.812864506,1785795367.934874975,/loadcell_data_filtered.wrench.force.z,6646.933404156181
1.81380563,1785795367.935816099,/loadcell_data_filtered.wrench.force.z,6647.575255898547
1.814426901,1785795367.936437370,/loadcell_data_filtered.wrench.force.z,6648.061970929088
1.814799995,1785795367.936810464,/loadcell_data_filtered.wrench.force.z,6648.4833634393235
1.815126679,1785795367.937137148,/loadcell_data_filtered.wrench.force.z,6648.810903733333
1.815363958,1785795367.937374427,/loadcell_data_filtered.wrench.force.z,6649.220196433154
1.815976449,1785795367.937986918,/loadcell_data_filtered.wrench.force.z,6649.438984500701
1.8164074010000002,1785795367.938417870,/loadcell_data_filtered.wrench.force.z,6649.739725460895
1.816998729,1785795367.939009198,/loadcell_data_filtered.wrench.force.z,6649.785721973108
1.8174253710000001,1785795367.939435840,/loadcell_data_filtered.wrench.force.z,6644.403910956368
1.8179330130000002,1785795367.939943482,/loadcell_data_filtered.wrench.force.z,6640.5747884691855
1.8184629490000002,1785795367.940473418,/loadcell_data_filtered.wrench.force.z,6637.143108743892
1.819137472,1785795367.941147941,/loadcell_data_filtered.wrench.force.z,6634.4154313060435
1.819539485,1785795367.941549954,/loadcell_data_filtered.wrench.force.z,6631.62871971539
1.8198880800000001,1785795367.941898549,/loadcell_data_filtered.wrench.force.z,6630.418340553931
1.82070213,1785795367.942712599,/loadcell_data_filtered.wrench.force.z,6629.6007589571045
1.82120515,1785795367.943215619,/loadcell_data_filtered.wrench.force.z,6630.12697632782
1.823630394,1785795367.945640863,/loadcell_data_filtered.wrench.force.z,6630.878341380721
1.8241035490000002,1785795367.946114018,/loadcell_data_filtered.wrench.force.z,6631.09430631959
1.8245358760000001,1785795367.946546345,/loadcell_data_filtered.wrench.force.z,6631.295990347909
1.824738091,1785795367.946748560,/loadcell_data_filtered.wrench.force.z,6630.899454700973
1.8249610569999999,1785795367.946971526,/loadcell_data_filtered.wrench.force.z,6630.969199028223
1.825228016,1785795367.947238485,/loadcell_data_filtered.wrench.force.z,6631.02782488097
1.825531914,1785795367.947542383,/loadcell_data_filtered.wrench.force.z,6630.549929677686
1.8282262519999999,1785795367.950236721,/loadcell_data_filtered.wrench.force.z,6630.297971103594
1.828680613,1785795367.950691082,/loadcell_data_filtered.wrench.force.z,6631.872491337653
1.829062412,1785795367.951072881,/loadcell_data_filtered.wrench.force.z,6637.972366598426
1.8293820740000002,1785795367.951392543,/loadcell_data_filtered.wrench.force.z,6643.023235097871
1.829634386,1785795367.951644855,/loadcell_data_filtered.wrench.force.z,6647.001772026271
1.829971602,1785795367.951982071,/loadcell_data_filtered.wrench.force.z,6650.489939109289
1.830354596,1785795367.952365065,/loadcell_data_filtered.wrench.force.z,6653.842982871158
1.830673616,1785795367.952684085,/loadcell_data_filtered.wrench.force.z,6655.747340743353
1.8310808660000002,1785795367.953091335,/loadcell_data_filtered.wrench.force.z,6655.690408685075
1.831421066,1785795367.953431535,/loadcell_data_filtered.wrench.force.z,6654.634793643587
1.831664799,1785795367.953675268,/loadcell_data_filtered.wrench.force.z,6655.231165866576
1.831911039,1785795367.953921508,/loadcell_data_filtered.wrench.force.z,6655.718995565939
1.832164895,1785795367.954175364,/loadcell_data_filtered.wrench.force.z,6655.636994939756
1.832437211,1785795367.954447680,/loadcell_data_filtered.wrench.force.z,6656.002314788961
1.833044225,1785795367.955054694,/loadcell_data_filtered.wrench.force.z,6655.547410262279
1.8334182120000002,1785795367.955428681,/loadcell_data_filtered.wrench.force.z,6655.082655772872
1.833847755,1785795367.955858224,/loadcell_data_filtered.wrench.force.z,6654.894147012475
1.8341534350000002,1785795367.956163904,/loadcell_data_filtered.wrench.force.z,6654.655944037512
1.8344689920000001,1785795367.956479461,/loadcell_data_filtered.wrench.force.z,6650.39867983849
1.834876436,1785795367.956886905,/loadcell_data_filtered.wrench.force.z,6646.940054075703
1.835250392,1785795367.957260861,/loadcell_data_filtered.wrench.force.z,6642.900743287964
1.835554276,1785795367.957564745,/loadcell_data_filtered.wrench.force.z,6638.922399167787
1.835984929,1785795367.957995398,/loadcell_data_filtered.wrench.force.z,6635.80664399906
1.8362931320000002,1785795367.958303601,/loadcell_data_filtered.wrench.force.z,6633.433942287306
1.8371287230000002,1785795367.959139192,/loadcell_data_filtered.wrench.force.z,6631.6380385902285
1.8375862230000002,1785795367.959596692,/loadcell_data_filtered.wrench.force.z,6631.0372683809655
1.8406672940000002,1785795367.962677763,/loadcell_data_filtered.wrench.force.z,6631.02809802595
1.841256741,1785795367.963267210,/loadcell_data_filtered.wrench.force.z,6631.10143568965
1.841687973,1785795367.963698442,/loadcell_data_filtered.wrench.force.z,6631.063749294573
1.8419286320000001,1785795367.963939101,/loadcell_data_filtered.wrench.force.z,6631.588058635186
1.8428719720000002,1785795367.964882441,/loadcell_data_filtered.wrench.force.z,6630.801450108924
1.842893016,1785795367.964903485,/loadcell_data_filtered.wrench.force.z,6630.621249676212
1.8429542300000001,1785795367.964964699,/loadcell_data_filtered.wrench.force.z,6630.273225307237
1.843342109,1785795367.965352578,/loadcell_data_filtered.wrench.force.z,6630.344724173271
1.843622866,1785795367.965633335,/loadcell_data_filtered.wrench.force.z,6630.730889197249
1.8438529190000001,1785795367.965863388,/loadcell_data_filtered.wrench.force.z,6636.330618583794
1.844102672,1785795367.966113141,/loadcell_data_filtered.wrench.force.z,6640.173979020377
1.844374871,1785795367.966385340,/loadcell_data_filtered.wrench.force.z,6644.124922959874
1.8446700040000001,1785795367.966680473,/loadcell_data_filtered.wrench.force.z,6647.188413554857
1.844956956,1785795367.966967425,/loadcell_data_filtered.wrench.force.z,6650.1927354978
1.845241147,1785795367.967251616,/loadcell_data_filtered.wrench.force.z,6651.566966684204
1.845477156,1785795367.967487625,/loadcell_data_filtered.wrench.force.z,6652.827733465045
1.845817978,1785795367.967828447,/loadcell_data_filtered.wrench.force.z,6653.481524839641
1.846485938,1785795367.968496407,/loadcell_data_filtered.wrench.force.z,6653.719220154056
1.846978851,1785795367.968989320,/loadcell_data_filtered.wrench.force.z,6653.848704689486
1.8478043,1785795367.969814769,/loadcell_data_filtered.wrench.force.z,6654.335886790139
1.848243164,1785795367.970253633,/loadcell_data_filtered.wrench.force.z,6654.750563153044
1.8486659840000002,1785795367.970676453,/loadcell_data_filtered.wrench.force.z,6654.978544996866
1.850850086,1785795367.972860555,/loadcell_data_filtered.wrench.force.z,6655.027075094294
1.851265109,1785795367.973275578,/loadcell_data_filtered.wrench.force.z,6655.318925016444
1.8515606670000002,1785795367.973571136,/loadcell_data_filtered.wrench.force.z,6656.408001959971
1.8520151880000002,1785795367.974025657,/loadcell_data_filtered.wrench.force.z,6656.890520149626
1.8523703880000002,1785795367.974380857,/loadcell_data_filtered.wrench.force.z,6651.650561569267
1.8527594870000001,1785795367.974769956,/loadcell_data_filtered.wrench.force.z,6648.362955184392
1.853206946,1785795367.975217415,/loadcell_data_filtered.wrench.force.z,6644.755541043773
1.853557283,1785795367.975567752,/loadcell_data_filtered.wrench.force.z,6641.007712621535
1.853866203,1785795367.975876672,/loadcell_data_filtered.wrench.force.z,6637.971779668377
1.854314359,1785795367.976324828,/loadcell_data_filtered.wrench.force.z,6636.240080211082
1.854621923,1785795367.976632392,/loadcell_data_filtered.wrench.force.z,6635.610280806587
1.854924207,1785795367.976934676,/loadcell_data_filtered.wrench.force.z,6636.058690350279
1.855294367,1785795367.977304836,/loadcell_data_filtered.wrench.force.z,6637.143275669469
1.855711715,1785795367.977722184,/loadcell_data_filtered.wrench.force.z,6636.858629728073
1.8578015140000002,1785795367.979811983,/loadcell_data_filtered.wrench.force.z,6636.82916046098
1.858236145,1785795367.980246614,/loadcell_data_filtered.wrench.force.z,6636.266173154799
1.858575824,1785795367.980586293,/loadcell_data_filtered.wrench.force.z,6636.148320122418
1.8589168169999999,1785795367.980927286,/loadcell_data_filtered.wrench.force.z,6636.219730762221
1.8591865140000001,1785795367.981196983,/loadcell_data_filtered.wrench.force.z,6636.227427717901
1.85935613,1785795367.981366599,/loadcell_data_filtered.wrench.force.z,6636.095237659846
1.8595227570000001,1785795367.981533226,/loadcell_data_filtered.wrench.force.z,6638.224548779097
1.859687257,1785795367.981697726,/loadcell_data_filtered.wrench.force.z,6642.883197636683
1.8598597730000002,1785795367.981870242,/loadcell_data_filtered.wrench.force.z,6647.665960351135
1.860119235,1785795367.982129704,/loadcell_data_filtered.wrench.force.z,6651.144919156913
1.8611088370000002,1785795367.983119306,/loadcell_data_filtered.wrench.force.z,6654.241975727782
1.861522264,1785795367.983532733,/loadcell_data_filtered.wrench.force.z,6657.007848520244
1.861822058,1785795367.983832527,/loadcell_data_filtered.wrench.force.z,6658.352148140516
1.862379216,1785795367.984389685,/loadcell_data_filtered.wrench.force.z,6658.9743643539105
1.862809041,1785795367.984819510,/loadcell_data_filtered.wrench.force.z,6659.309217448203
1.863340094,1785795367.985350563,/loadcell_data_filtered.wrench.force.z,6659.9085202287515
1.8643903270000002,1785795367.986400796,/loadcell_data_filtered.wrench.force.z,6659.883925964584
1.8671563990000002,1785795367.989166868,/loadcell_data_filtered.wrench.force.z,6659.863089029621
1.867587477,1785795367.989597946,/loadcell_data_filtered.wrench.force.z,6659.963847843035
1.8678704160000001,1785795367.989880885,/loadcell_data_filtered.wrench.force.z,6660.522230429939
1.868187271,1785795367.990197740,/loadcell_data_filtered.wrench.force.z,6661.272897128405
1.868574045,1785795367.990584514,/loadcell_data_filtered.wrench.force.z,6662.018443535886
1.868893163,1785795367.990903632,/loadcell_data_filtered.wrench.force.z,6662.662642454133
1.869242183,1785795367.991252652,/loadcell_data_filtered.wrench.force.z,6658.4972328171025
1.8695797600000001,1785795367.991590229,/loadcell_data_filtered.wrench.force.z,6655.409118414378
1.869853495,1785795367.991863964,/loadcell_data_filtered.wrench.force.z,6650.573472697337
1.870130724,1785795367.992141193,/loadcell_data_filtered.wrench.force.z,6647.098756953962
1.870352884,1785795367.992363353,/loadcell_data_filtered.wrench.force.z,6643.938006311508
1.870583359,1785795367.992593828,/loadcell_data_filtered.wrench.force.z,6641.63075235082
1.870776496,1785795367.992786965,/loadcell_data_filtered.wrench.force.z,6639.749740097342
1.870963132,1785795367.992973601,/loadcell_data_filtered.wrench.force.z,6639.360438041215
1.8711927410000002,1785795367.993203210,/loadcell_data_filtered.wrench.force.z,6639.422710119119
1.871494088,1785795367.993504557,/loadcell_data_filtered.wrench.force.z,6639.745835287952
1.87206797,1785795367.994078439,/loadcell_data_filtered.wrench.force.z,6639.4103221410305
1.8725335470000002,1785795367.994544016,/loadcell_data_filtered.wrench.force.z,6639.161139338984
1.873253198,1785795367.995263667,/loadcell_data_filtered.wrench.force.z,6638.830309578121
1.873534185,1785795367.995544654,/loadcell_data_filtered.wrench.force.z,6638.446275333423
1.8741372360000002,1785795367.996147705,/loadcell_data_filtered.wrench.force.z,6637.45144702318
1.874501892,1785795367.996512361,/loadcell_data_filtered.wrench.force.z,6637.334696135857
1.8749282520000001,1785795367.996938721,/loadcell_data_filtered.wrench.force.z,6636.631750161802
1.875515358,1785795367.997525827,/loadcell_data_filtered.wrench.force.z,6641.946814229622
1.875839352,1785795367.997849821,/loadcell_data_filtered.wrench.force.z,6645.62126546432
1.876512101,1785795367.998522570,/loadcell_data_filtered.wrench.force.z,6649.364213518337
1.87691505,1785795367.998925519,/loadcell_data_filtered.wrench.force.z,6652.420705964506
1.8777035780000002,1785795367.999714047,/loadcell_data_filtered.wrench.force.z,6655.400245136595
1.8779637550000001,1785795367.999974224,/loadcell_data_filtered.wrench.force.z,6656.746645050763
1.878573714,1785795368.000584183,/loadcell_data_filtered.wrench.force.z,6657.786787350389
1.879006865,1785795368.001017334,/loadcell_data_filtered.wrench.force.z,6658.034154349056
1.8793971520000001,1785795368.001407621,/loadcell_data_filtered.wrench.force.z,6658.041671329781
1.8823801850000002,1785795368.004390654,/loadcell_data_filtered.wrench.force.z,6658.163499954714
1.884869211,1785795368.006879680,/loadcell_data_filtered.wrench.force.z,6658.170609495017
1.885033633,1785795368.007044102,/loadcell_data_filtered.wrench.force.z,6658.757040519519
1.885180762,1785795368.007191231,/loadcell_data_filtered.wrench.force.z,6659.360424424426
1.885505218,1785795368.007515687,/loadcell_data_filtered.wrench.force.z,6659.998329814501
1.885519457,1785795368.007529926,/loadcell_data_filtered.wrench.force.z,6660.549287908725
1.885548322,1785795368.007558791,/loadcell_data_filtered.wrench.force.z,6660.537726101201
1.8856600110000001,1785795368.007670480,/loadcell_data_filtered.wrench.force.z,6660.729896598185
1.885807213,1785795368.007817682,/loadcell_data_filtered.wrench.force.z,6655.749438611193
1.886021049,1785795368.008031518,/loadcell_data_filtered.wrench.force.z,6652.330317863135
1.886057588,1785795368.008068057,/loadcell_data_filtered.wrench.force.z,6649.6934877562435
1.886207527,1785795368.008217996,/loadcell_data_filtered.wrench.force.z,6646.181461630657
1.886395072,1785795368.008405541,/loadcell_data_filtered.wrench.force.z,6642.997442609082
1.8894329870000002,1785795368.011443456,/loadcell_data_filtered.wrench.force.z,6641.450547909796
1.88980822,1785795368.011818689,/loadcell_data_filtered.wrench.force.z,6640.489324337462
1.890084676,1785795368.012095145,/loadcell_data_filtered.wrench.force.z,6641.014334174251
1.8902992630000002,1785795368.012309732,/loadcell_data_filtered.wrench.force.z,6641.981900093567
1.890488081,1785795368.012498550,/loadcell_data_filtered.wrench.force.z,6642.2681518684785
1.890682648,1785795368.012693117,/loadcell_data_filtered.wrench.force.z,6642.775688612357
1.890889304,1785795368.012899773,/loadcell_data_filtered.wrench.force.z,6642.899595115396
1.891101295,1785795368.013111764,/loadcell_data_filtered.wrench.force.z,6642.633446426551
1.891314839,1785795368.013325308,/loadcell_data_filtered.wrench.force.z,6641.444945712865
1.891485888,1785795368.013496357,/loadcell_data_filtered.wrench.force.z,6640.916685329044
1.8916648070000002,1785795368.013675276,/loadcell_data_filtered.wrench.force.z,6640.729237034742
1.8918550500000002,1785795368.013865519,/loadcell_data_filtered.wrench.force.z,6644.086749344255
1.892522963,1785795368.014533432,/loadcell_data_filtered.wrench.force.z,6648.150020333924
1.893136632,1785795368.015147101,/loadcell_data_filtered.wrench.force.z,6652.592253722701
1.894340556,1785795368.016351025,/loadcell_data_filtered.wrench.force.z,6655.638822593641
1.894659561,1785795368.016670030,/loadcell_data_filtered.wrench.force.z,6658.744354329089
1.894829687,1785795368.016840156,/loadcell_data_filtered.wrench.force.z,6661.915581708808
1.895184087,1785795368.017194556,/loadcell_data_filtered.wrench.force.z,6663.59322296277
1.896457491,1785795368.018467960,/loadcell_data_filtered.wrench.force.z,6663.676404848008
1.896468858,1785795368.018479327,/loadcell_data_filtered.wrench.force.z,6664.070337315775
1.896850915,1785795368.018861384,/loadcell_data_filtered.wrench.force.z,6664.456355335176
1.89709064,1785795368.019101109,/loadcell_data_filtered.wrench.force.z,6664.770031503628
1.897873406,1785795368.019883875,/loadcell_data_filtered.wrench.force.z,6665.390607238404
1.898113018,1785795368.020123487,/loadcell_data_filtered.wrench.force.z,6665.638553621147
1.899035664,1785795368.021046133,/loadcell_data_filtered.wrench.force.z,6665.960604709359
1.8996425330000002,1785795368.021653002,/loadcell_data_filtered.wrench.force.z,6665.888787670796
1.900321011,1785795368.022331480,/loadcell_data_filtered.wrench.force.z,6666.042430487275
1.900717229,1785795368.022727698,/loadcell_data_filtered.wrench.force.z,6666.177730071547
1.901095657,1785795368.023106126,/loadcell_data_filtered.wrench.force.z,6661.516551544074
1.901538721,1785795368.023549190,/loadcell_data_filtered.wrench.force.z,6658.9311552993
1.901882213,1785795368.023892682,/loadcell_data_filtered.wrench.force.z,6654.594129445247
1.902260293,1785795368.024270762,/loadcell_data_filtered.wrench.force.z,6651.441558533264
1.9025438280000002,1785795368.024554297,/loadcell_data_filtered.wrench.force.z,6648.645088495757
1.903333827,1785795368.025344296,/loadcell_data_filtered.wrench.force.z,6646.593965319449
1.903758221,1785795368.025768690,/loadcell_data_filtered.wrench.force.z,6644.775417637821
1.904175017,1785795368.026185486,/loadcell_data_filtered.wrench.force.z,6644.651834066486
1.904565811,1785795368.026576280,/loadcell_data_filtered.wrench.force.z,6644.65012464299
1.9051288880000001,1785795368.027139357,/loadcell_data_filtered.wrench.force.z,6644.544618314957
1.9055316100000002,1785795368.027542079,/loadcell_data_filtered.wrench.force.z,6643.938705450376
1.9064931610000002,1785795368.028503630,/loadcell_data_filtered.wrench.force.z,6643.405321658362
1.906804711,1785795368.028815180,/loadcell_data_filtered.wrench.force.z,6642.590504735059
1.9070400790000002,1785795368.029050548,/loadcell_data_filtered.wrench.force.z,6642.467341155579
1.907378177,1785795368.029388646,/loadcell_data_filtered.wrench.force.z,6641.818711529816
1.908084604,1785795368.030095073,/loadcell_data_filtered.wrench.force.z,6641.357187939215
1.9083238100000002,1785795368.030334279,/loadcell_data_filtered.wrench.force.z,6640.71768752903
1.908782704,1785795368.030793173,/loadcell_data_filtered.wrench.force.z,6646.2057773097595
1.9097283950000001,1785795368.031738864,/loadcell_data_filtered.wrench.force.z,6650.153278241749
1.91002334,1785795368.032033809,/loadcell_data_filtered.wrench.force.z,6654.0616280545155
1.910483546,1785795368.032494015,/loadcell_data_filtered.wrench.force.z,6657.193917439662
1.911098476,1785795368.033108945,/loadcell_data_filtered.wrench.force.z,6659.805464001686
1.911622178,1785795368.033632647,/loadcell_data_filtered.wrench.force.z,6661.371908005655
1.911866043,1785795368.033876512,/loadcell_data_filtered.wrench.force.z,6662.094736748776
1.9124195720000001,1785795368.034430041,/loadcell_data_filtered.wrench.force.z,6662.319416447192
1.912805497,1785795368.034815966,/loadcell_data_filtered.wrench.force.z,6662.572059856592
1.913313786,1785795368.035324255,/loadcell_data_filtered.wrench.force.z,6662.770454257081
1.913952606,1785795368.035963075,/loadcell_data_filtered.wrench.force.z,6663.0473846046725
1.914472101,1785795368.036482570,/loadcell_data_filtered.wrench.force.z,6663.033937203637
1.91501191,1785795368.037022379,/loadcell_data_filtered.wrench.force.z,6663.16719954356
1.915502897,1785795368.037513366,/loadcell_data_filtered.wrench.force.z,6663.464523662478
1.917040695,1785795368.039051164,/loadcell_data_filtered.wrench.force.z,6663.847371220224
1.9172629470000002,1785795368.039273416,/loadcell_data_filtered.wrench.force.z,6664.046763411755
1.917394866,1785795368.039405335,/loadcell_data_filtered.wrench.force.z,6664.034917363525
1.9175178380000002,1785795368.039528307,/loadcell_data_filtered.wrench.force.z,6659.384652017404
1.9178967770000002,1785795368.039907246,/loadcell_data_filtered.wrench.force.z,6655.397243351377
1.918299838,1785795368.040310307,/loadcell_data_filtered.wrench.force.z,6651.949727881405
1.918830828,1785795368.040841297,/loadcell_data_filtered.wrench.force.z,6649.420314841914
1.91938767,1785795368.041398139,/loadcell_data_filtered.wrench.force.z,6647.042067386249
1.9197787800000001,1785795368.041789249,/loadcell_data_filtered.wrench.force.z,6645.8982235543945
1.920308176,1785795368.042318645,/loadcell_data_filtered.wrench.force.z,6645.965227038291
1.9208719840000001,1785795368.042882453,/loadcell_data_filtered.wrench.force.z,6646.346834378732
1.9212676690000001,1785795368.043278138,/loadcell_data_filtered.wrench.force.z,6647.085373843958
1.922036982,1785795368.044047451,/loadcell_data_filtered.wrench.force.z,6647.472142662363
1.922854444,1785795368.044864913,/loadcell_data_filtered.wrench.force.z,6647.715153588316
1.923235891,1785795368.045246360,/loadcell_data_filtered.wrench.force.z,6647.610859782358
1.9234494020000001,1785795368.045459871,/loadcell_data_filtered.wrench.force.z,6648.021717180183
1.924101462,1785795368.046111931,/loadcell_data_filtered.wrench.force.z,6647.734471071714
1.924527246,1785795368.046537715,/loadcell_data_filtered.wrench.force.z,6647.297581154791
1.925031023,1785795368.047041492,/loadcell_data_filtered.wrench.force.z,6647.365678150357
1.925270335,1785795368.047280804,/loadcell_data_filtered.wrench.force.z,6651.800188662417
1.9258008260000001,1785795368.047811295,/loadcell_data_filtered.wrench.force.z,6655.15739889228
1.9304283720000002,1785795368.052438841,/loadcell_data_filtered.wrench.force.z,6659.695872602436
1.9311780980000002,1785795368.053188567,/loadcell_data_filtered.wrench.force.z,6663.042433707046
1.931429428,1785795368.053439897,/loadcell_data_filtered.wrench.force.z,6666.540271108718
1.9316133400000002,1785795368.053623809,/loadcell_data_filtered.wrench.force.z,6669.81701922503
1.931791899,1785795368.053802368,/loadcell_data_filtered.wrench.force.z,6671.826160499471
1.931959107,1785795368.053969576,/loadcell_data_filtered.wrench.force.z,6672.536531822785
1.932139774,1785795368.054150243,/loadcell_data_filtered.wrench.force.z,6673.188594629529
1.932322161,1785795368.054332630,/loadcell_data_filtered.wrench.force.z,6674.050128958282
1.9324874520000002,1785795368.054497921,/loadcell_data_filtered.wrench.force.z,6675.289372109026
1.93264114,1785795368.054651609,/loadcell_data_filtered.wrench.force.z,6675.882537160433
1.9328000850000002,1785795368.054810554,/loadcell_data_filtered.wrench.force.z,6676.40313401574
1.9329618480000001,1785795368.054972317,/loadcell_data_filtered.wrench.force.z,6675.403517468918
1.9344726090000002,1785795368.056483078,/loadcell_data_filtered.wrench.force.z,6675.598428867715
1.934732522,1785795368.056742991,/loadcell_data_filtered.wrench.force.z,6675.711700188975
1.934900944,1785795368.056911413,/loadcell_data_filtered.wrench.force.z,6676.113862210019
1.935139301,1785795368.057149770,/loadcell_data_filtered.wrench.force.z,6671.366077718278
1.9353824290000001,1785795368.057392898,/loadcell_data_filtered.wrench.force.z,6668.429130302141
1.9355497640000001,1785795368.057560233,/loadcell_data_filtered.wrench.force.z,6663.938028896476
1.935730859,1785795368.057741328,/loadcell_data_filtered.wrench.force.z,6660.831687763968
1.935988027,1785795368.057998496,/loadcell_data_filtered.wrench.force.z,6657.9169817455295
1.9362277790000002,1785795368.058238248,/loadcell_data_filtered.wrench.force.z,6656.419831562106
1.936786399,1785795368.058796868,/loadcell_data_filtered.wrench.force.z,6655.254438653784
1.9371570930000002,1785795368.059167562,/loadcell_data_filtered.wrench.force.z,6654.891961765799
1.937759739,1785795368.059770208,/loadcell_data_filtered.wrench.force.z,6654.773477687499
1.938138703,1785795368.060149172,/loadcell_data_filtered.wrench.force.z,6655.130673795615
1.938731736,1785795368.060742205,/loadcell_data_filtered.wrench.force.z,6654.782879742027
1.939141775,1785795368.061152244,/loadcell_data_filtered.wrench.force.z,6654.596405006872
1.939750041,1785795368.061760510,/loadcell_data_filtered.wrench.force.z,6654.253054129878
1.9401531360000002,1785795368.062163605,/loadcell_data_filtered.wrench.force.z,6653.810096281633
1.940762742,1785795368.062773211,/loadcell_data_filtered.wrench.force.z,6653.257139142665
1.941191402,1785795368.063201871,/loadcell_data_filtered.wrench.force.z,6652.647903659681
1.941704702,1785795368.063715171,/loadcell_data_filtered.wrench.force.z,6652.254332693317
1.9423084130000001,1785795368.064318882,/loadcell_data_filtered.wrench.force.z,6657.743833061885
1.942763449,1785795368.064773918,/loadcell_data_filtered.wrench.force.z,6661.313897098379
1.9432677100000002,1785795368.065278179,/loadcell_data_filtered.wrench.force.z,6664.602289001313
1.943711669,1785795368.065722138,/loadcell_data_filtered.wrench.force.z,6667.423266101274
1.9442462260000002,1785795368.066256695,/loadcell_data_filtered.wrench.force.z,6670.267940216168
1.944844263,1785795368.066854732,/loadcell_data_filtered.wrench.force.z,6671.222817277521
1.945182441,1785795368.067192910,/loadcell_data_filtered.wrench.force.z,6671.475278804641
1.9456617500000002,1785795368.067672219,/loadcell_data_filtered.wrench.force.z,6671.290648345664
1.9461419260000001,1785795368.068152395,/loadcell_data_filtered.wrench.force.z,6670.9778540017605
1.946703028,1785795368.068713497,/loadcell_data_filtered.wrench.force.z,6670.85111906571
1.947313282,1785795368.069323751,/loadcell_data_filtered.wrench.force.z,6670.463880586479
1.947759373,1785795368.069769842,/loadcell_data_filtered.wrench.force.z,6670.277294742888
1.948317086,1785795368.070327555,/loadcell_data_filtered.wrench.force.z,6669.841369026151
1.9487804460000002,1785795368.070790915,/loadcell_data_filtered.wrench.force.z,6669.484310693915
1.9496252100000002,1785795368.071635679,/loadcell_data_filtered.wrench.force.z,6669.137942112033
1.9501091640000001,1785795368.072119633,/loadcell_data_filtered.wrench.force.z,6669.210734724908
1.950517949,1785795368.072528418,/loadcell_data_filtered.wrench.force.z,6667.695987329478
1.9509289280000002,1785795368.072939397,/loadcell_data_filtered.wrench.force.z,6662.468402896971
1.954411289,1785795368.076421758,/loadcell_data_filtered.wrench.force.z,6657.99767245003
1.9548207180000001,1785795368.076831187,/loadcell_data_filtered.wrench.force.z,6654.621915247553
1.955010276,1785795368.077020745,/loadcell_data_filtered.wrench.force.z,6652.106829404122
1.955180102,1785795368.077190571,/loadcell_data_filtered.wrench.force.z,6649.828708937224
1.955381225,1785795368.077391694,/loadcell_data_filtered.wrench.force.z,6648.713168423845
1.9555728980000002,1785795368.077583367,/loadcell_data_filtered.wrench.force.z,6649.287411771535
1.9557620070000001,1785795368.077772476,/loadcell_data_filtered.wrench.force.z,6650.13595780427
1.955959552,1785795368.077970021,/loadcell_data_filtered.wrench.force.z,6651.572972521014
1.956291924,1785795368.078302393,/loadcell_data_filtered.wrench.force.z,6651.237451055151
1.956480897,1785795368.078491366,/loadcell_data_filtered.wrench.force.z,6651.3637443499565
1.95668634,1785795368.078696809,/loadcell_data_filtered.wrench.force.z,6651.28245432208
1.956868285,1785795368.078878754,/loadcell_data_filtered.wrench.force.z,6651.229887568649
1.958515239,1785795368.080525708,/loadcell_data_filtered.wrench.force.z,6651.163124347468
1.9587351320000002,1785795368.080745601,/loadcell_data_filtered.wrench.force.z,6651.3217471260605
1.9589251660000002,1785795368.080935635,/loadcell_data_filtered.wrench.force.z,6651.394258950921
1.959117095,1785795368.081127564,/loadcell_data_filtered.wrench.force.z,6656.093664926552
1.95928955,1785795368.081300019,/loadcell_data_filtered.wrench.force.z,6659.701244293919
1.959662202,1785795368.081672671,/loadcell_data_filtered.wrench.force.z,6664.525237909124
1.960146777,1785795368.082157246,/loadcell_data_filtered.wrench.force.z,6667.792174177343
1.960755601,1785795368.082766070,/loadcell_data_filtered.wrench.force.z,6670.656273067913
1.96111727,1785795368.083127739,/loadcell_data_filtered.wrench.force.z,6672.782313615712
1.961520083,1785795368.083530552,/loadcell_data_filtered.wrench.force.z,6674.339347001166
1.962027837,1785795368.084038306,/loadcell_data_filtered.wrench.force.z,6674.888731247005
1.962537184,1785795368.084547653,/loadcell_data_filtered.wrench.force.z,6674.976140383199
1.963148145,1785795368.085158614,/loadcell_data_filtered.wrench.force.z,6675.28090234372
1.963500507,1785795368.085510976,/loadcell_data_filtered.wrench.force.z,6675.192065591272
1.964553274,1785795368.086563743,/loadcell_data_filtered.wrench.force.z,6675.085428061802
1.9648033530000002,1785795368.086813822,/loadcell_data_filtered.wrench.force.z,6674.967912487562
1.965217132,1785795368.087227601,/loadcell_data_filtered.wrench.force.z,6674.965040678413
1.965740105,1785795368.087750574,/loadcell_data_filtered.wrench.force.z,6674.858575140096
1.966168749,1785795368.088179218,/loadcell_data_filtered.wrench.force.z,6674.809259985408
1.969286839,1785795368.091297308,/loadcell_data_filtered.wrench.force.z,6674.91388393102
1.9695797110000002,1785795368.091590180,/loadcell_data_filtered.wrench.force.z,6669.561576924988
1.969727276,1785795368.091737745,/loadcell_data_filtered.wrench.force.z,6667.318879739714
1.969863363,1785795368.091873832,/loadcell_data_filtered.wrench.force.z,6664.186401174364
1.970044239,1785795368.092054708,/loadcell_data_filtered.wrench.force.z,6661.813883904886
1.9701564520000001,1785795368.092166921,/loadcell_data_filtered.wrench.force.z,6659.392002584166
1.970286201,1785795368.092296670,/loadcell_data_filtered.wrench.force.z,6658.676230546035
1.970405812,1785795368.092416281,/loadcell_data_filtered.wrench.force.z,6656.810648576313
1.9706252430000002,1785795368.092635712,/loadcell_data_filtered.wrench.force.z,6656.1745462064855
1.9712074140000002,1785795368.093217883,/loadcell_data_filtered.wrench.force.z,6656.376544606498
1.971555554,1785795368.093566023,/loadcell_data_filtered.wrench.force.z,6656.484897417232
1.972080815,1785795368.094091284,/loadcell_data_filtered.wrench.force.z,6656.7578286725675
1.972568059,1785795368.094578528,/loadcell_data_filtered.wrench.force.z,6656.389873986186
1.973501924,1785795368.095512393,/loadcell_data_filtered.wrench.force.z,6656.3768882207505
1.973687843,1785795368.095698312,/loadcell_data_filtered.wrench.force.z,6656.34929565193
1.974011479,1785795368.096021948,/loadcell_data_filtered.wrench.force.z,6656.579460483514
1.974583401,1785795368.096593870,/loadcell_data_filtered.wrench.force.z,6656.000923405754
1.974995676,1785795368.097006145,/loadcell_data_filtered.wrench.force.z,6656.217216421386
1.975610402,1785795368.097620871,/loadcell_data_filtered.wrench.force.z,6662.265066665101
1.975990922,1785795368.098001391,/loadcell_data_filtered.wrench.force.z,6667.068687495415
1.976545216,1785795368.098555685,/loadcell_data_filtered.wrench.force.z,6670.769369023354
1.977331542,1785795368.099342011,/loadcell_data_filtered.wrench.force.z,6673.7230084156745
1.9780591630000002,1785795368.100069632,/loadcell_data_filtered.wrench.force.z,6676.5819438690905
1.978247235,1785795368.100257704,/loadcell_data_filtered.wrench.force.z,6678.18816415245
1.978509845,1785795368.100520314,/loadcell_data_filtered.wrench.force.z,6679.229550939166
1.9796970690000002,1785795368.101707538,/loadcell_data_filtered.wrench.force.z,6678.499015489061
1.981908973,1785795368.103919442,/loadcell_data_filtered.wrench.force.z,6678.838722525815
1.9820842760000001,1785795368.104094745,/loadcell_data_filtered.wrench.force.z,6679.8109058838145
1.9822062210000002,1785795368.104216690,/loadcell_data_filtered.wrench.force.z,6679.67313099054
1.982337177,1785795368.104347646,/loadcell_data_filtered.wrench.force.z,6680.150011166647
1.982443202,1785795368.104453671,/loadcell_data_filtered.wrench.force.z,6680.80124815582
1.9825561880000002,1785795368.104566657,/loadcell_data_filtered.wrench.force.z,6681.329543804942
1.985453218,1785795368.107463687,/loadcell_data_filtered.wrench.force.z,6680.902959776633
1.985693457,1785795368.107703926,/loadcell_data_filtered.wrench.force.z,6679.686557648855
1.985834295,1785795368.107844764,/loadcell_data_filtered.wrench.force.z,6677.36257136978
1.9859601550000001,1785795368.107970624,/loadcell_data_filtered.wrench.force.z,6673.341650895683
1.986093048,1785795368.108103517,/loadcell_data_filtered.wrench.force.z,6669.456377908798
1.986213324,1785795368.108223793,/loadcell_data_filtered.wrench.force.z,6666.468499362146
1.986331207,1785795368.108341676,/loadcell_data_filtered.wrench.force.z,6663.8183453281135
1.986450783,1785795368.108461252,/loadcell_data_filtered.wrench.force.z,6660.9049918532455
1.986622421,1785795368.108632890,/loadcell_data_filtered.wrench.force.z,6658.5112300924475
1.9877168420000002,1785795368.109727311,/loadcell_data_filtered.wrench.force.z,6657.65580386648
1.992045412,1785795368.114055881,/loadcell_data_filtered.wrench.force.z,6657.677983702682
1.9924709360000001,1785795368.114481405,/loadcell_data_filtered.wrench.force.z,6658.007676847763
1.9928449700000002,1785795368.114855439,/loadcell_data_filtered.wrench.force.z,6657.503563305353
1.993114094,1785795368.115124563,/loadcell_data_filtered.wrench.force.z,6652.312720004622
1.9933718470000001,1785795368.115382316,/loadcell_data_filtered.wrench.force.z,6650.034518690715
1.993666748,1785795368.115677217,/loadcell_data_filtered.wrench.force.z,6650.163263439853
1.993963999,1785795368.115974468,/loadcell_data_filtered.wrench.force.z,6650.356111365402
1.9942673340000001,1785795368.116277803,/loadcell_data_filtered.wrench.force.z,6650.405613085532
1.9945837160000002,1785795368.116594185,/loadcell_data_filtered.wrench.force.z,6650.272666667027
1.9948886350000001,1785795368.116899104,/loadcell_data_filtered.wrench.force.z,6655.345878766126
1.9952289950000002,1785795368.117239464,/loadcell_data_filtered.wrench.force.z,6657.932374436618
1.995599199,1785795368.117609668,/loadcell_data_filtered.wrench.force.z,6660.782287045672
1.996082769,1785795368.118093238,/loadcell_data_filtered.wrench.force.z,6663.662856630613
1.996383757,1785795368.118394226,/loadcell_data_filtered.wrench.force.z,6666.001841003378
1.996855332,1785795368.118865801,/loadcell_data_filtered.wrench.force.z,6667.278327223076
1.997481131,1785795368.119491600,/loadcell_data_filtered.wrench.force.z,6668.738300778385
1.997863828,1785795368.119874297,/loadcell_data_filtered.wrench.force.z,6668.296968976486
1.9983496770000002,1785795368.120360146,/loadcell_data_filtered.wrench.force.z,6668.310589426849
1.9987770450000002,1785795368.120787514,/loadcell_data_filtered.wrench.force.z,6668.359831481802
1.9992081760000002,1785795368.121218645,/loadcell_data_filtered.wrench.force.z,6668.337363800287
1.999568341,1785795368.121578810,/loadcell_data_filtered.wrench.force.z,6668.32566942919
1.9998845950000002,1785795368.121895064,/loadcell_data_filtered.wrench.force.z,6668.428421261344
2.000205106,1785795368.122215575,/loadcell_data_filtered.wrench.force.z,6668.802505161497
2.000480784,1785795368.122491253,/loadcell_data_filtered.wrench.force.z,6668.865029061609
2.000735737,1785795368.122746206,/loadcell_data_filtered.wrench.force.z,6668.272821731665
2.001014527,1785795368.123024996,/loadcell_data_filtered.wrench.force.z,6667.7175490202035
2.002364158,1785795368.124374627,/loadcell_data_filtered.wrench.force.z,6662.132268772497
2.002571038,1785795368.124581507,/loadcell_data_filtered.wrench.force.z,6658.377023692377
2.002717528,1785795368.124727997,/loadcell_data_filtered.wrench.force.z,6654.538998094767
2.002853615,1785795368.124864084,/loadcell_data_filtered.wrench.force.z,6644.665330591074
2.002994412,1785795368.125004881,/loadcell_data_filtered.wrench.force.z,6641.802877218684
2.003128445,1785795368.125138914,/loadcell_data_filtered.wrench.force.z,6639.5429401513275
2.003594759,1785795368.125605228,/loadcell_data_filtered.wrench.force.z,6638.295042193723
2.004175406,1785795368.126185875,/loadcell_data_filtered.wrench.force.z,6637.886403593899
2.004464515,1785795368.126474984,/loadcell_data_filtered.wrench.force.z,6638.19360315604
2.004977022,1785795368.126987491,/loadcell_data_filtered.wrench.force.z,6638.407234231065
2.005435659,1785795368.127446128,/loadcell_data_filtered.wrench.force.z,6637.994958548183
2.005948268,1785795368.127958737,/loadcell_data_filtered.wrench.force.z,6637.840699157927
2.006468192,1785795368.128478661,/loadcell_data_filtered.wrench.force.z,6637.7942346935715
2.00685671,1785795368.128867179,/loadcell_data_filtered.wrench.force.z,6637.647576207898
2.007368501,1785795368.129378970,/loadcell_data_filtered.wrench.force.z,6637.619376174899
2.007898101,1785795368.129908570,/loadcell_data_filtered.wrench.force.z,6637.913170869775
2.008555329,1785795368.130565798,/loadcell_data_filtered.wrench.force.z,6637.916664468435
2.009237858,1785795368.131248327,/loadcell_data_filtered.wrench.force.z,6643.444410730937
2.009505841,1785795368.131516310,/loadcell_data_filtered.wrench.force.z,6647.961209115371
2.009830962,1785795368.131841431,/loadcell_data_filtered.wrench.force.z,6651.454539932608
2.010317001,1785795368.132327470,/loadcell_data_filtered.wrench.force.z,6654.626964252467
2.01131837,1785795368.133328839,/loadcell_data_filtered.wrench.force.z,6657.625533305735
2.011724564,1785795368.133735033,/loadcell_data_filtered.wrench.force.z,6659.160123419293
2.0126196,1785795368.134630069,/loadcell_data_filtered.wrench.force.z,6660.008718752108
2.013005167,1785795368.135015636,/loadcell_data_filtered.wrench.force.z,6660.31615312904
2.013230288,1785795368.135240757,/loadcell_data_filtered.wrench.force.z,6661.023327059912
2.013471241,1785795368.135481710,/loadcell_data_filtered.wrench.force.z,6660.838897551113
2.01390146,1785795368.135911929,/loadcell_data_filtered.wrench.force.z,6661.173252272066
2.014782636,1785795368.136793105,/loadcell_data_filtered.wrench.force.z,6661.789483921309
2.015033316,1785795368.137043785,/loadcell_data_filtered.wrench.force.z,6662.132772411069
2.015729704,1785795368.137740173,/loadcell_data_filtered.wrench.force.z,6662.632695396292
2.016130628,1785795368.138141097,/loadcell_data_filtered.wrench.force.z,6663.017388002209
2.016501528,1785795368.138511997,/loadcell_data_filtered.wrench.force.z,6663.0866761499565
2.016923638,1785795368.138934107,/loadcell_data_filtered.wrench.force.z,6660.463442100357
2.017411929,1785795368.139422398,/loadcell_data_filtered.wrench.force.z,6656.940265413713
2.019009765,1785795368.141020234,/loadcell_data_filtered.wrench.force.z,6652.965691453587
2.019691934,1785795368.141702403,/loadcell_data_filtered.wrench.force.z,6649.824189284892
2.020219296,1785795368.142229765,/loadcell_data_filtered.wrench.force.z,6647.292432359608
2.020325753,1785795368.142336222,/loadcell_data_filtered.wrench.force.z,6644.665287121614
2.020688879,1785795368.142699348,/loadcell_data_filtered.wrench.force.z,6643.140515364572
2.020932006,1785795368.142942475,/loadcell_data_filtered.wrench.force.z,6642.952068110365
2.021277041,1785795368.143287510,/loadcell_data_filtered.wrench.force.z,6643.407565298274
2.022270537,1785795368.144281006,/loadcell_data_filtered.wrench.force.z,6643.955261152442
2.022586127,1785795368.144596596,/loadcell_data_filtered.wrench.force.z,6643.890739941829
2.022867001,1785795368.144877470,/loadcell_data_filtered.wrench.force.z,6644.029969610492
2.02314186,1785795368.145152329,/loadcell_data_filtered.wrench.force.z,6644.079902628319
2.023485618,1785795368.145496087,/loadcell_data_filtered.wrench.force.z,6643.893700003317
2.023945521,1785795368.145955990,/loadcell_data_filtered.wrench.force.z,6643.664803564835
2.024351167,1785795368.146361636,/loadcell_data_filtered.wrench.force.z,6643.318413481389
2.024937442,1785795368.146947911,/loadcell_data_filtered.wrench.force.z,6643.516144524959
2.025260162,1785795368.147270631,/loadcell_data_filtered.wrench.force.z,6648.772813967417
2.025847422,1785795368.147857891,/loadcell_data_filtered.wrench.force.z,6652.050035635762
2.026371441,1785795368.148381910,/loadcell_data_filtered.wrench.force.z,6655.990050484299
2.026785096,1785795368.148795565,/loadcell_data_filtered.wrench.force.z,6659.358080938436
2.027255191,1785795368.149265660,/loadcell_data_filtered.wrench.force.z,6662.1123223957675
2.028135406,1785795368.150145875,/loadcell_data_filtered.wrench.force.z,6663.627701106632
2.028530387,1785795368.150540856,/loadcell_data_filtered.wrench.force.z,6664.879695483944
2.035127873,1785795368.157138342,/loadcell_data_filtered.wrench.force.z,6665.3516851073555
2.035437511,1785795368.157447980,/loadcell_data_filtered.wrench.force.z,6666.270285633247
2.035666241,1785795368.157676710,/loadcell_data_filtered.wrench.force.z,6667.014718006304
2.035866209,1785795368.157876678,/loadcell_data_filtered.wrench.force.z,6667.822164914816
2.036065731,1785795368.158076200,/loadcell_data_filtered.wrench.force.z,6668.506052277253
2.036245522,1785795368.158255991,/loadcell_data_filtered.wrench.force.z,6669.278352752254
2.036421595,1785795368.158432064,/loadcell_data_filtered.wrench.force.z,6669.988155390867
2.0366036,1785795368.158614069,/loadcell_data_filtered.wrench.force.z,6670.350768738952
2.036807467,1785795368.158817936,/loadcell_data_filtered.wrench.force.z,6660.743656688925
2.03701099,1785795368.159021459,/loadcell_data_filtered.wrench.force.z,6653.969373927145
2.037206942,1785795368.159217411,/loadcell_data_filtered.wrench.force.z,6650.318026090406
2.037441392,1785795368.159451861,/loadcell_data_filtered.wrench.force.z,6645.107044529021
2.037622809,1785795368.159633278,/loadcell_data_filtered.wrench.force.z,6642.8436705702625
2.037800449,1785795368.159810918,/loadcell_data_filtered.wrench.force.z,6641.974184643705
2.037985493,1785795368.159995962,/loadcell_data_filtered.wrench.force.z,6642.1139747946145
2.038179413,1785795368.160189882,/loadcell_data_filtered.wrench.force.z,6642.923190871216
2.03835353,1785795368.160363999,/loadcell_data_filtered.wrench.force.z,6643.511339600171
2.038531249,1785795368.160541718,/loadcell_data_filtered.wrench.force.z,6642.838501423211
2.038989856,1785795368.161000325,/loadcell_data_filtered.wrench.force.z,6642.9769098284
2.039225303,1785795368.161235772,/loadcell_data_filtered.wrench.force.z,6642.632844528804
2.039835173,1785795368.161845642,/loadcell_data_filtered.wrench.force.z,6642.670931265653
2.040888367,1785795368.162898836,/loadcell_data_filtered.wrench.force.z,6641.996231417216
2.041101386,1785795368.163111855,/loadcell_data_filtered.wrench.force.z,6641.7225289590215
2.041446932,1785795368.163457401,/loadcell_data_filtered.wrench.force.z,6641.798163474309
2.041726624,1785795368.163737093,/loadcell_data_filtered.wrench.force.z,6642.208512268374
2.042263292,1785795368.164273761,/loadcell_data_filtered.wrench.force.z,6648.178464598761
2.042662151,1785795368.164672620,/loadcell_data_filtered.wrench.force.z,6652.8381946911795
2.043776331,1785795368.165786800,/loadcell_data_filtered.wrench.force.z,6656.496174912751
2.044032746,1785795368.166043215,/loadcell_data_filtered.wrench.force.z,6659.600444464388
2.044362015,1785795368.166372484,/loadcell_data_filtered.wrench.force.z,6663.094676375941
2.04484328,1785795368.166853749,/loadcell_data_filtered.wrench.force.z,6664.661489581946
2.045298092,1785795368.167308561,/loadcell_data_filtered.wrench.force.z,6664.965292073292
2.04574563,1785795368.167756099,/loadcell_data_filtered.wrench.force.z,6665.17170632979
2.046169433,1785795368.168179902,/loadcell_data_filtered.wrench.force.z,6665.359382062587
2.046954449,1785795368.168964918,/loadcell_data_filtered.wrench.force.z,6665.734196951415
2.047435148,1785795368.169445617,/loadcell_data_filtered.wrench.force.z,6665.874076983379
2.047890174,1785795368.169900643,/loadcell_data_filtered.wrench.force.z,6665.880826616433
2.048516363,1785795368.170526832,/loadcell_data_filtered.wrench.force.z,6666.099499338153
2.049634786,1785795368.171645255,/loadcell_data_filtered.wrench.force.z,6666.494212135182
2.050133787,1785795368.172144256,/loadcell_data_filtered.wrench.force.z,6666.380692637278
2.050366755,1785795368.172377224,/loadcell_data_filtered.wrench.force.z,6666.119992084016
2.050884328,1785795368.172894797,/loadcell_data_filtered.wrench.force.z,6661.909802230514
2.051314835,1785795368.173325304,/loadcell_data_filtered.wrench.force.z,6658.246938383893
2.051532085,1785795368.173542554,/loadcell_data_filtered.wrench.force.z,6654.486086768521
2.051883755,1785795368.173894224,/loadcell_data_filtered.wrench.force.z,6650.74317597041
2.052714985,1785795368.174725454,/loadcell_data_filtered.wrench.force.z,6647.449543412389
2.052980203,1785795368.174990672,/loadcell_data_filtered.wrench.force.z,6644.672792038264
2.053347073,1785795368.175357542,/loadcell_data_filtered.wrench.force.z,6642.735707442143
2.055739576,1785795368.177750045,/loadcell_data_filtered.wrench.force.z,6642.075415477335
2.056114831,1785795368.178125300,/loadcell_data_filtered.wrench.force.z,6641.840663237078
2.056327745,1785795368.178338214,/loadcell_data_filtered.wrench.force.z,6642.218106014663
2.056520519,1785795368.178530988,/loadcell_data_filtered.wrench.force.z,6642.109094836701
2.056720726,1785795368.178731195,/loadcell_data_filtered.wrench.force.z,6642.133496071224
2.05692531,1785795368.178935779,/loadcell_data_filtered.wrench.force.z,6641.488837589562
2.0577825770000002,1785795368.179793046,/loadcell_data_filtered.wrench.force.z,6639.9896333524375
2.058046956,1785795368.180057425,/loadcell_data_filtered.wrench.force.z,6639.226517385979
2.058219721,1785795368.180230190,/loadcell_data_filtered.wrench.force.z,6639.32839990023
2.059024723,1785795368.181035192,/loadcell_data_filtered.wrench.force.z,6639.674478485283
2.059363616,1785795368.181374085,/loadcell_data_filtered.wrench.force.z,6644.2307853118255
2.059524465,1785795368.181534934,/loadcell_data_filtered.wrench.force.z,6647.8259050078095
2.060011564,1785795368.182022033,/loadcell_data_filtered.wrench.force.z,6651.533175276228
2.060746624,1785795368.182757093,/loadcell_data_filtered.wrench.force.z,6654.255676073912
2.061318051,1785795368.183328520,/loadcell_data_filtered.wrench.force.z,6657.005418449123
2.061511878,1785795368.183522347,/loadcell_data_filtered.wrench.force.z,6658.869249777184
2.062126153,1785795368.184136622,/loadcell_data_filtered.wrench.force.z,6659.931444268993
2.062554856,1785795368.184565325,/loadcell_data_filtered.wrench.force.z,6659.427543140062
2.070843014,1785795368.192853483,/loadcell_data_filtered.wrench.force.z,6660.4889138895915
2.071142321,1785795368.193152790,/loadcell_data_filtered.wrench.force.z,6661.194566219482
2.071338759,1785795368.193349228,/loadcell_data_filtered.wrench.force.z,6661.690839968532
2.071531009,1785795368.193541478,/loadcell_data_filtered.wrench.force.z,6662.32113063057
2.071772477,1785795368.193782946,/loadcell_data_filtered.wrench.force.z,6663.033908096528
2.071955021,1785795368.193965490,/loadcell_data_filtered.wrench.force.z,6658.240541943457
2.072193423,1785795368.194203892,/loadcell_data_filtered.wrench.force.z,6655.27903091865
2.072392586,1785795368.194403055,/loadcell_data_filtered.wrench.force.z,6652.239380295668
2.072586467,1785795368.194596936,/loadcell_data_filtered.wrench.force.z,6649.413409944159
2.072869703,1785795368.194880172,/loadcell_data_filtered.wrench.force.z,6640.047145212866
2.073209636,1785795368.195220105,/loadcell_data_filtered.wrench.force.z,6639.354211301064
2.073485342,1785795368.195495811,/loadcell_data_filtered.wrench.force.z,6639.227582944551
2.073736129,1785795368.195746598,/loadcell_data_filtered.wrench.force.z,6637.516276518765
2.074037413,1785795368.196047882,/loadcell_data_filtered.wrench.force.z,6638.092583094009
2.074344916,1785795368.196355385,/loadcell_data_filtered.wrench.force.z,6639.189156122549
2.074651976,1785795368.196662445,/loadcell_data_filtered.wrench.force.z,6640.174041057674
2.074983493,1785795368.196993962,/loadcell_data_filtered.wrench.force.z,6640.614504519624
2.075294672,1785795368.197305141,/loadcell_data_filtered.wrench.force.z,6640.01576606685
2.075573781,1785795368.197584250,/loadcell_data_filtered.wrench.force.z,6638.8429964997595
2.075846961,1785795368.197857430,/loadcell_data_filtered.wrench.force.z,6638.776080141135
2.076116785,1785795368.198127254,/loadcell_data_filtered.wrench.force.z,6638.73482657579
2.076300999,1785795368.198311468,/loadcell_data_filtered.wrench.force.z,6640.099080213207
2.076467913,1785795368.198478382,/loadcell_data_filtered.wrench.force.z,6645.6702010008385
2.076621813,1785795368.198632282,/loadcell_data_filtered.wrench.force.z,6650.556964196224
2.076772116,1785795368.198782585,/loadcell_data_filtered.wrench.force.z,6654.393077516043
2.077222321,1785795368.199232790,/loadcell_data_filtered.wrench.force.z,6657.402693486676
2.077718679,1785795368.199729148,/loadcell_data_filtered.wrench.force.z,6660.406502867943
2.078195367,1785795368.200205836,/loadcell_data_filtered.wrench.force.z,6661.91940763474
2.078597232,1785795368.200607701,/loadcell_data_filtered.wrench.force.z,6662.814180528566
2.079145001,1785795368.201155470,/loadcell_data_filtered.wrench.force.z,6663.183318252081
2.079718207,1785795368.201728676,/loadcell_data_filtered.wrench.force.z,6663.886363064453
2.080433873,1785795368.202444342,/loadcell_data_filtered.wrench.force.z,6664.496994225492
2.0807243890000002,1785795368.202734858,/loadcell_data_filtered.wrench.force.z,6664.85174589008
2.081695649,1785795368.203706118,/loadcell_data_filtered.wrench.force.z,6665.511544524978
2.082216248,1785795368.204226717,/loadcell_data_filtered.wrench.force.z,6666.002638878994
2.082636908,1785795368.204647377,/loadcell_data_filtered.wrench.force.z,6666.227078530799
2.083001121,1785795368.205011590,/loadcell_data_filtered.wrench.force.z,6666.578360826826
2.083254298,1785795368.205264767,/loadcell_data_filtered.wrench.force.z,6667.063722057415
2.085426909,1785795368.207437378,/loadcell_data_filtered.wrench.force.z,6663.034047891352
2.097730022,1785795368.219740491,/loadcell_data_filtered.wrench.force.z,6660.339787989694
2.098261882,1785795368.220272351,/loadcell_data_filtered.wrench.force.z,6657.4904712665275
2.098982212,1785795368.220992681,/loadcell_data_filtered.wrench.force.z,6655.272192037023
2.099663888,1785795368.221674357,/loadcell_data_filtered.wrench.force.z,6660.040060399578
2.100186587,1785795368.222197056,/loadcell_data_filtered.wrench.force.z,6664.711301184553
2.100875493,1785795368.222885962,/loadcell_data_filtered.wrench.force.z,6668.683805834943
2.101375073,1785795368.223385542,/loadcell_data_filtered.wrench.force.z,6672.208064569429
2.101934719,1785795368.223945188,/loadcell_data_filtered.wrench.force.z,6674.418482905652
2.102481836,1785795368.224492305,/loadcell_data_filtered.wrench.force.z,6676.074033064118
2.102902671,1785795368.224913140,/loadcell_data_filtered.wrench.force.z,6675.473178078646
2.103381428,1785795368.225391897,/loadcell_data_filtered.wrench.force.z,6671.927158928201
2.10385388,1785795368.225864349,/loadcell_data_filtered.wrench.force.z,6670.885937840739
2.106599613,1785795368.228610082,/loadcell_data_filtered.wrench.force.z,6671.119792337822
2.106618444,1785795368.228628913,/loadcell_data_filtered.wrench.force.z,6671.046615185812
2.106622942,1785795368.228633411,/loadcell_data_filtered.wrench.force.z,6664.966499589138
2.106626821,1785795368.228637290,/loadcell_data_filtered.wrench.force.z,6660.408935625733
2.10663051,1785795368.228640979,/loadcell_data_filtered.wrench.force.z,6656.560157703357
2.106634211,1785795368.228644680,/loadcell_data_filtered.wrench.force.z,6652.64308730224
2.107020942,1785795368.229031411,/loadcell_data_filtered.wrench.force.z,6647.786341961856
2.1076079930000002,1785795368.229618462,/loadcell_data_filtered.wrench.force.z,6645.63658447456
2.108354817,1785795368.230365286,/loadcell_data_filtered.wrench.force.z,6644.75758322752
2.115238616,1785795368.237249085,/loadcell_data_filtered.wrench.force.z,6644.473061846538
2.116388141,1785795368.238398610,/loadcell_data_filtered.wrench.force.z,6646.937105733905
2.116718004,1785795368.238728473,/loadcell_data_filtered.wrench.force.z,6647.066401115128
2.116994219,1785795368.239004688,/loadcell_data_filtered.wrench.force.z,6646.808107260389
2.117225118,1785795368.239235587,/loadcell_data_filtered.wrench.force.z,6646.713031326894
2.117466149,1785795368.239476618,/loadcell_data_filtered.wrench.force.z,6647.27945490382
2.117688566,1785795368.239699035,/loadcell_data_filtered.wrench.force.z,6647.7673195134075
2.117908716,1785795368.239919185,/loadcell_data_filtered.wrench.force.z,6648.164631380403
2.118120643,1785795368.240131112,/loadcell_data_filtered.wrench.force.z,6648.47178367971
2.118256209,1785795368.240266678,/loadcell_data_filtered.wrench.force.z,6648.008657716393
2.118402433,1785795368.240412902,/loadcell_data_filtered.wrench.force.z,6643.759016587524
2.118535339,1785795368.240545808,/loadcell_data_filtered.wrench.force.z,6642.316068276065
2.118668715,1785795368.240679184,/loadcell_data_filtered.wrench.force.z,6636.518476429261
2.118794544,1785795368.240805013,/loadcell_data_filtered.wrench.force.z,6633.089956413976
2.118968885,1785795368.240979354,/loadcell_data_filtered.wrench.force.z,6628.527319561527
2.119092755,1785795368.241103224,/loadcell_data_filtered.wrench.force.z,6624.740609876015
2.119244126,1785795368.241254595,/loadcell_data_filtered.wrench.force.z,6621.431430297165
2.11936594,1785795368.241376409,/loadcell_data_filtered.wrench.force.z,6618.733704947288
2.120120592,1785795368.242131061,/loadcell_data_filtered.wrench.force.z,6617.102912446624
2.120419758,1785795368.242430227,/loadcell_data_filtered.wrench.force.z,6617.527864156056
2.120991507,1785795368.243001976,/loadcell_data_filtered.wrench.force.z,6618.112063094992
2.121498893,1785795368.243509362,/loadcell_data_filtered.wrench.force.z,6618.836325496302
2.121999794,1785795368.244010263,/loadcell_data_filtered.wrench.force.z,6618.998548942757
2.12407232,1785795368.246082789,/loadcell_data_filtered.wrench.force.z,6619.153537119421
2.124239764,1785795368.246250233,/loadcell_data_filtered.wrench.force.z,6619.32343036162
2.124376275,1785795368.246386744,/loadcell_data_filtered.wrench.force.z,6619.2080739080975
2.124512036,1785795368.246522505,/loadcell_data_filtered.wrench.force.z,6611.861818683279
2.124640313,1785795368.246650782,/loadcell_data_filtered.wrench.force.z,6612.389448382648
2.140400298,1785795368.262410767,/loadcell_data_filtered.wrench.force.z,6617.6949845355775
2.140599143,1785795368.262609612,/loadcell_data_filtered.wrench.force.z,6622.199183020806
2.140751242,1785795368.262761711,/loadcell_data_filtered.wrench.force.z,6625.320462762646
2.14088551,1785795368.262895979,/loadcell_data_filtered.wrench.force.z,6628.461283153958
2.141034648,1785795368.263045117,/loadcell_data_filtered.wrench.force.z,6630.19281970199
2.141165159,1785795368.263175628,/loadcell_data_filtered.wrench.force.z,6628.896409891499
2.141314688,1785795368.263325157,/loadcell_data_filtered.wrench.force.z,6629.986448275609
2.141465255,1785795368.263475724,/loadcell_data_filtered.wrench.force.z,6631.388184633635
2.141624831,1785795368.263635300,/loadcell_data_filtered.wrench.force.z,6632.704358737119
2.141770751,1785795368.263781220,/loadcell_data_filtered.wrench.force.z,6633.472603690129
2.141918012,1785795368.263928481,/loadcell_data_filtered.wrench.force.z,6633.771324249167
2.142070647,1785795368.264081116,/loadcell_data_filtered.wrench.force.z,6634.268528169803
2.142211345,1785795368.264221814,/loadcell_data_filtered.wrench.force.z,6634.2509651716055
2.142372795,1785795368.264383264,/loadcell_data_filtered.wrench.force.z,6629.984074167533
2.142532504,1785795368.264542973,/loadcell_data_filtered.wrench.force.z,6627.953704214654
2.142690352,1785795368.264700821,/loadcell_data_filtered.wrench.force.z,6625.5645142413605
2.142837167,1785795368.264847636,/loadcell_data_filtered.wrench.force.z,6628.3262110145915
2.142990599,1785795368.265001068,/loadcell_data_filtered.wrench.force.z,6633.245663025535
2.15376973,1785795368.275780199,/loadcell_data_filtered.wrench.force.z,6638.541895095569
2.155235093,1785795368.277245562,/loadcell_data_filtered.wrench.force.z,6642.7327478560155
2.155552796,1785795368.277563265,/loadcell_data_filtered.wrench.force.z,6643.134122461982
2.155812875,1785795368.277823344,/loadcell_data_filtered.wrench.force.z,6643.554043910832
2.156105985,1785795368.278116454,/loadcell_data_filtered.wrench.force.z,6638.152296478859
2.1563549650000002,1785795368.278365434,/loadcell_data_filtered.wrench.force.z,6634.717948413851
2.156604206,1785795368.278614675,/loadcell_data_filtered.wrench.force.z,6630.208638394773
2.156862733,1785795368.278873202,/loadcell_data_filtered.wrench.force.z,6626.4349794942655
2.157123233,1785795368.279133702,/loadcell_data_filtered.wrench.force.z,6623.6590746256015
2.157355988,1785795368.279366457,/loadcell_data_filtered.wrench.force.z,6621.794407973485
2.157614073,1785795368.279624542,/loadcell_data_filtered.wrench.force.z,6620.623055944221
2.157843039,1785795368.279853508,/loadcell_data_filtered.wrench.force.z,6621.17294256698
2.158082072,1785795368.280092541,/loadcell_data_filtered.wrench.force.z,6621.460411121318
2.158251338,1785795368.280261807,/loadcell_data_filtered.wrench.force.z,6620.644932509624
2.158361996,1785795368.280372465,/loadcell_data_filtered.wrench.force.z,6617.291735238037
2.158484414,1785795368.280494883,/loadcell_data_filtered.wrench.force.z,6616.180894109982
2.158610881,1785795368.280621350,/loadcell_data_filtered.wrench.force.z,6615.2946435357
2.158724926,1785795368.280735395,/loadcell_data_filtered.wrench.force.z,6615.3543020161815
2.158834623,1785795368.280845092,/loadcell_data_filtered.wrench.force.z,6615.539226282021
2.158946577,1785795368.280957046,/loadcell_data_filtered.wrench.force.z,6615.714579978484
2.159075403,1785795368.281085872,/loadcell_data_filtered.wrench.force.z,6615.863746948616
2.1610987010000002,1785795368.283109170,/loadcell_data_filtered.wrench.force.z,6622.403631818803
2.16126971,1785795368.283280179,/loadcell_data_filtered.wrench.force.z,6625.76041375976
2.161409698,1785795368.283420167,/loadcell_data_filtered.wrench.force.z,6630.255515423436
2.161544285,1785795368.283554754,/loadcell_data_filtered.wrench.force.z,6628.066993763792
2.16167397,1785795368.283684439,/loadcell_data_filtered.wrench.force.z,6629.648420126414
2.162849692,1785795368.284860161,/loadcell_data_filtered.wrench.force.z,6630.684414430909
2.163859129,1785795368.285869598,/loadcell_data_filtered.wrench.force.z,6631.283700413727
2.164767689,1785795368.286778158,/loadcell_data_filtered.wrench.force.z,6632.0778639319815
2.165504923,1785795368.287515392,/loadcell_data_filtered.wrench.force.z,6632.7539613981735
2.166080499,1785795368.288090968,/loadcell_data_filtered.wrench.force.z,6633.277964746599
2.166601152,1785795368.288611621,/loadcell_data_filtered.wrench.force.z,6633.376931035781
2.167191974,1785795368.289202443,/loadcell_data_filtered.wrench.force.z,6633.33896486363
2.167784883,1785795368.289795352,/loadcell_data_filtered.wrench.force.z,6633.933030906505
2.1683041,1785795368.290314569,/loadcell_data_filtered.wrench.force.z,6634.004597806459
2.168767443,1785795368.290777912,/loadcell_data_filtered.wrench.force.z,6634.561989551293
2.169187478,1785795368.291197947,/loadcell_data_filtered.wrench.force.z,6633.980401241909
2.169439839,1785795368.291450308,/loadcell_data_filtered.wrench.force.z,6632.8989996911505
2.169677375,1785795368.291687844,/loadcell_data_filtered.wrench.force.z,6626.893898904933
2.169898079,1785795368.291908548,/loadcell_data_filtered.wrench.force.z,6622.263968821807
2.170699141,1785795368.292709610,/loadcell_data_filtered.wrench.force.z,6617.0883645456315
2.171111182,1785795368.293121651,/loadcell_data_filtered.wrench.force.z,6613.694985086157
2.171552499,1785795368.293562968,/loadcell_data_filtered.wrench.force.z,6611.168945340791
2.1719383580000002,1785795368.293948827,/loadcell_data_filtered.wrench.force.z,6609.857734891361
2.172450048,1785795368.294460517,/loadcell_data_filtered.wrench.force.z,6609.688842753848
2.173051958,1785795368.295062427,/loadcell_data_filtered.wrench.force.z,6610.02003540862
2.174413618,1785795368.296424087,/loadcell_data_filtered.wrench.force.z,6610.345189265293
2.177500707,1785795368.299511176,/loadcell_data_filtered.wrench.force.z,6609.863517853175
2.1778758160000002,1785795368.299886285,/loadcell_data_filtered.wrench.force.z,6610.4030668841015
2.178203937,1785795368.300214406,/loadcell_data_filtered.wrench.force.z,6610.665664902871
2.17848041,1785795368.300490879,/loadcell_data_filtered.wrench.force.z,6611.265074830131
2.178779176,1785795368.300789645,/loadcell_data_filtered.wrench.force.z,6611.917755171945
2.179092319,1785795368.301102788,/loadcell_data_filtered.wrench.force.z,6612.015148979947
2.179359683,1785795368.301370152,/loadcell_data_filtered.wrench.force.z,6617.53128337407
2.179584449,1785795368.301594918,/loadcell_data_filtered.wrench.force.z,6623.185964230367
2.179829928,1785795368.301840397,/loadcell_data_filtered.wrench.force.z,6629.205336877518
2.180099265,1785795368.302109734,/loadcell_data_filtered.wrench.force.z,6633.652578209764
2.180358637,1785795368.302369106,/loadcell_data_filtered.wrench.force.z,6637.677712112558
2.180651998,1785795368.302662467,/loadcell_data_filtered.wrench.force.z,6639.748749623969
2.181114658,1785795368.303125127,/loadcell_data_filtered.wrench.force.z,6640.973865657857
2.181638824,1785795368.303649293,/loadcell_data_filtered.wrench.force.z,6642.400550632115
2.182262909,1785795368.304273378,/loadcell_data_filtered.wrench.force.z,6642.523043959904
2.182843268,1785795368.304853737,/loadcell_data_filtered.wrench.force.z,6642.511267088178
2.183618028,1785795368.305628497,/loadcell_data_filtered.wrench.force.z,6642.750569030943
2.1841378320000002,1785795368.306148301,/loadcell_data_filtered.wrench.force.z,6642.9640433140385
2.184530278,1785795368.306540747,/loadcell_data_filtered.wrench.force.z,6643.385897856595
2.184860299,1785795368.306870768,/loadcell_data_filtered.wrench.force.z,6643.589153359334
2.185160993,1785795368.307171462,/loadcell_data_filtered.wrench.force.z,6643.962926115987
2.185396202,1785795368.307406671,/loadcell_data_filtered.wrench.force.z,6643.943479125835
2.185673206,1785795368.307683675,/loadcell_data_filtered.wrench.force.z,6643.915808628257
2.185916644,1785795368.307927113,/loadcell_data_filtered.wrench.force.z,6637.799426667226
2.186176345,1785795368.308186814,/loadcell_data_filtered.wrench.force.z,6634.365884410728
2.186458356,1785795368.308468825,/loadcell_data_filtered.wrench.force.z,6630.086343691657
2.186725083,1785795368.308735552,/loadcell_data_filtered.wrench.force.z,6627.013031319725
2.186995174,1785795368.309005643,/loadcell_data_filtered.wrench.force.z,6623.887275519215
2.187278487,1785795368.309288956,/loadcell_data_filtered.wrench.force.z,6622.368731894007
2.187660369,1785795368.309670838,/loadcell_data_filtered.wrench.force.z,6620.793032600593
2.190650893,1785795368.312661362,/loadcell_data_filtered.wrench.force.z,6620.763843317173
2.191174406,1785795368.313184875,/loadcell_data_filtered.wrench.force.z,6621.22725030073
2.191752055,1785795368.313762524,/loadcell_data_filtered.wrench.force.z,6621.983996457417
2.192282918,1785795368.314293387,/loadcell_data_filtered.wrench.force.z,6622.932180114766
2.192661008,1785795368.314671477,/loadcell_data_filtered.wrench.force.z,6623.8900391280085
2.1944155260000002,1785795368.316425995,/loadcell_data_filtered.wrench.force.z,6624.58478822185
2.194430048,1785795368.316440517,/loadcell_data_filtered.wrench.force.z,6625.037983393131
2.194434021,1785795368.316444490,/loadcell_data_filtered.wrench.force.z,6625.324625753464
2.194753518,1785795368.316763987,/loadcell_data_filtered.wrench.force.z,6624.769298833652
2.195281658,1785795368.317292127,/loadcell_data_filtered.wrench.force.z,6623.874717812873
2.195683873,1785795368.317694342,/loadcell_data_filtered.wrench.force.z,6630.77042954259
2.196078541,1785795368.318089010,/loadcell_data_filtered.wrench.force.z,6636.168067604152
2.197002276,1785795368.319012745,/loadcell_data_filtered.wrench.force.z,6640.920392995092
2.197413878,1785795368.319424347,/loadcell_data_filtered.wrench.force.z,6645.189888471607
2.197685583,1785795368.319696052,/loadcell_data_filtered.wrench.force.z,6649.984123119073
2.1979511,1785795368.319961569,/loadcell_data_filtered.wrench.force.z,6653.15975287808
2.198213867,1785795368.320224336,/loadcell_data_filtered.wrench.force.z,6655.65335952169
2.198549614,1785795368.320560083,/loadcell_data_filtered.wrench.force.z,6657.39397967999
2.198862475,1785795368.320872944,/loadcell_data_filtered.wrench.force.z,6659.108469917045
2.199140612,1785795368.321151081,/loadcell_data_filtered.wrench.force.z,6660.768834040477
2.199549172,1785795368.321559641,/loadcell_data_filtered.wrench.force.z,6661.46331662939
2.200489421,1785795368.322499890,/loadcell_data_filtered.wrench.force.z,6661.035980734294
2.200823639,1785795368.322834108,/loadcell_data_filtered.wrench.force.z,6662.157739654961
2.201106555,1785795368.323117024,/loadcell_data_filtered.wrench.force.z,6663.643194386383
2.201350326,1785795368.323360795,/loadcell_data_filtered.wrench.force.z,6665.372789230424
2.201648767,1785795368.323659236,/loadcell_data_filtered.wrench.force.z,6666.914707875423
2.201871539,1785795368.323882008,/loadcell_data_filtered.wrench.force.z,6665.266000951247
2.202147725,1785795368.324158194,/loadcell_data_filtered.wrench.force.z,6659.860284215411
2.202498004,1785795368.324508473,/loadcell_data_filtered.wrench.force.z,6655.659027525863
2.202764422,1785795368.324774891,/loadcell_data_filtered.wrench.force.z,6652.157209847338
2.203017554,1785795368.325028023,/loadcell_data_filtered.wrench.force.z,6648.98283263956
2.203248704,1785795368.325259173,/loadcell_data_filtered.wrench.force.z,6646.037157925862
2.204625251,1785795368.326635720,/loadcell_data_filtered.wrench.force.z,6644.87752764484
2.205178225,1785795368.327188694,/loadcell_data_filtered.wrench.force.z,6644.277060750824
2.2054547380000002,1785795368.327465207,/loadcell_data_filtered.wrench.force.z,6644.784814172393
2.205817965,1785795368.327828434,/loadcell_data_filtered.wrench.force.z,6645.708343924716
2.206179515,1785795368.328189984,/loadcell_data_filtered.wrench.force.z,6645.649396477689
2.206476488,1785795368.328486957,/loadcell_data_filtered.wrench.force.z,6644.053313085332
2.206795243,1785795368.328805712,/loadcell_data_filtered.wrench.force.z,6643.642647048295
2.207095599,1785795368.329106068,/loadcell_data_filtered.wrench.force.z,6642.812836661567
2.207358829,1785795368.329369298,/loadcell_data_filtered.wrench.force.z,6641.42021673551
2.207602213,1785795368.329612682,/loadcell_data_filtered.wrench.force.z,6640.592452836434
2.209947296,1785795368.331957765,/loadcell_data_filtered.wrench.force.z,6639.739014934857
2.210196795,1785795368.332207264,/loadcell_data_filtered.wrench.force.z,6644.019735938608
2.210304359,1785795368.332314828,/loadcell_data_filtered.wrench.force.z,6647.772347264579
2.210482841,1785795368.332493310,/loadcell_data_filtered.wrench.force.z,6652.572942329661
2.210568519,1785795368.332578988,/loadcell_data_filtered.wrench.force.z,6656.091964345602
2.210937669,1785795368.332948138,/loadcell_data_filtered.wrench.force.z,6658.262167666091
2.212409628,1785795368.334420097,/loadcell_data_filtered.wrench.force.z,6659.376413014603
2.212575489,1785795368.334585958,/loadcell_data_filtered.wrench.force.z,6660.14606445505
2.212720553,1785795368.334731022,/loadcell_data_filtered.wrench.force.z,6659.556742849524
2.213048444,1785795368.335058913,/loadcell_data_filtered.wrench.force.z,6659.049213364102
2.213228794,1785795368.335239263,/loadcell_data_filtered.wrench.force.z,6658.81973614752
2.213612487,1785795368.335622956,/loadcell_data_filtered.wrench.force.z,6658.374703626971
2.214740926,1785795368.336751395,/loadcell_data_filtered.wrench.force.z,6658.131009498239
2.21524939,1785795368.337259859,/loadcell_data_filtered.wrench.force.z,6658.212351759305
2.215744587,1785795368.337755056,/loadcell_data_filtered.wrench.force.z,6658.029278743735
2.216230287,1785795368.338240756,/loadcell_data_filtered.wrench.force.z,6657.798895751473
2.216660724,1785795368.338671193,/loadcell_data_filtered.wrench.force.z,6657.513027042002
2.217059858,1785795368.339070327,/loadcell_data_filtered.wrench.force.z,6656.900587179645
2.217392221,1785795368.339402690,/loadcell_data_filtered.wrench.force.z,6650.6052121597
2.217775107,1785795368.339785576,/loadcell_data_filtered.wrench.force.z,6646.94888711138
2.219402566,1785795368.341413035,/loadcell_data_filtered.wrench.force.z,6642.557367869161
2.21982302,1785795368.341833489,/loadcell_data_filtered.wrench.force.z,6639.078755331553
2.221522404,1785795368.343532873,/loadcell_data_filtered.wrench.force.z,6635.753504543374
2.22192373,1785795368.343934199,/loadcell_data_filtered.wrench.force.z,6633.468388414548
2.222250041,1785795368.344260510,/loadcell_data_filtered.wrench.force.z,6632.503349336889
2.222527102,1785795368.344537571,/loadcell_data_filtered.wrench.force.z,6633.019704154489
2.222785298,1785795368.344795767,/loadcell_data_filtered.wrench.force.z,6634.178800823344
2.223062056,1785795368.345072525,/loadcell_data_filtered.wrench.force.z,6634.798331441798
2.2232659200000002,1785795368.345276389,/loadcell_data_filtered.wrench.force.z,6635.011336030433
2.22346468,1785795368.345475149,/loadcell_data_filtered.wrench.force.z,6633.771116622222
2.223658762,1785795368.345669231,/loadcell_data_filtered.wrench.force.z,6633.391240212552
2.223836588,1785795368.345847057,/loadcell_data_filtered.wrench.force.z,6632.738887828048
2.224028706,1785795368.346039175,/loadcell_data_filtered.wrench.force.z,6632.191540215012
2.224431671,1785795368.346442140,/loadcell_data_filtered.wrench.force.z,6631.792144309637
2.225205752,1785795368.347216221,/loadcell_data_filtered.wrench.force.z,6631.777879970877
2.225473718,1785795368.347484187,/loadcell_data_filtered.wrench.force.z,6638.41272096661
2.226141326,1785795368.348151795,/loadcell_data_filtered.wrench.force.z,6643.258240949573
2.226442042,1785795368.348452511,/loadcell_data_filtered.wrench.force.z,6646.881260398304
2.227215761,1785795368.349226230,/loadcell_data_filtered.wrench.force.z,6650.154653510802
2.228333107,1785795368.350343576,/loadcell_data_filtered.wrench.force.z,6653.280992437709
2.228638036,1785795368.350648505,/loadcell_data_filtered.wrench.force.z,6654.61550992901
2.228929291,1785795368.350939760,/loadcell_data_filtered.wrench.force.z,6656.395670558009
2.229186666,1785795368.351197135,/loadcell_data_filtered.wrench.force.z,6656.440840746229
2.229743871,1785795368.351754340,/loadcell_data_filtered.wrench.force.z,6656.497718023359
2.230052887,1785795368.352063356,/loadcell_data_filtered.wrench.force.z,6656.589795993685
2.230477086,1785795368.352487555,/loadcell_data_filtered.wrench.force.z,6656.5910293920315
2.231031371,1785795368.353041840,/loadcell_data_filtered.wrench.force.z,6657.033000941337
2.231681493,1785795368.353691962,/loadcell_data_filtered.wrench.force.z,6657.520772024711
2.232701506,1785795368.354711975,/loadcell_data_filtered.wrench.force.z,6657.755710498057
2.233245521,1785795368.355255990,/loadcell_data_filtered.wrench.force.z,6658.155020451351
2.2347738870000002,1785795368.356784356,/loadcell_data_filtered.wrench.force.z,6658.356913554636
2.23758303,1785795368.359593499,/loadcell_data_filtered.wrench.force.z,6656.486518601649
2.237798807,1785795368.359809276,/loadcell_data_filtered.wrench.force.z,6652.577864797711
2.237980807,1785795368.359991276,/loadcell_data_filtered.wrench.force.z,6649.307016020566
2.238142243,1785795368.360152712,/loadcell_data_filtered.wrench.force.z,6646.5621168589005
2.238296541,1785795368.360307010,/loadcell_data_filtered.wrench.force.z,6644.071230708333
2.2384486200000002,1785795368.360459089,/loadcell_data_filtered.wrench.force.z,6642.553899586451
2.238614331,1785795368.360624800,/loadcell_data_filtered.wrench.force.z,6642.034257839748
2.238766561,1785795368.360777030,/loadcell_data_filtered.wrench.force.z,6642.837811584121
2.238916575,1785795368.360927044,/loadcell_data_filtered.wrench.force.z,6644.233250392928
2.239087926,1785795368.361098395,/loadcell_data_filtered.wrench.force.z,6645.230435482797
2.242176446,1785795368.364186915,/loadcell_data_filtered.wrench.force.z,6644.061649396256
2.242524974,1785795368.364535443,/loadcell_data_filtered.wrench.force.z,6644.277712797401
2.24270821,1785795368.364718679,/loadcell_data_filtered.wrench.force.z,6645.230525071293
2.242868239,1785795368.364878708,/loadcell_data_filtered.wrench.force.z,6645.806479962257
2.2430324280000002,1785795368.365042897,/loadcell_data_filtered.wrench.force.z,6646.291236708919
2.243189235,1785795368.365199704,/loadcell_data_filtered.wrench.force.z,6646.922785301091
2.243339033,1785795368.365349502,/loadcell_data_filtered.wrench.force.z,6647.564340938735
2.243488418,1785795368.365498887,/loadcell_data_filtered.wrench.force.z,6653.509221308383
2.243640165,1785795368.365650634,/loadcell_data_filtered.wrench.force.z,6657.863007157008
2.243805734,1785795368.365816203,/loadcell_data_filtered.wrench.force.z,6662.026403870122
2.243970863,1785795368.365981332,/loadcell_data_filtered.wrench.force.z,6664.185040543404
2.244190851,1785795368.366201320,/loadcell_data_filtered.wrench.force.z,6667.794747293004
2.245774619,1785795368.367785088,/loadcell_data_filtered.wrench.force.z,6669.398978745144
2.246238555,1785795368.368249024,/loadcell_data_filtered.wrench.force.z,6670.494105724099
2.24658442,1785795368.368594889,/loadcell_data_filtered.wrench.force.z,6671.039145904371
2.246943876,1785795368.368954345,/loadcell_data_filtered.wrench.force.z,6671.253461733007
2.247353072,1785795368.369363541,/loadcell_data_filtered.wrench.force.z,6671.71511186109
2.247807553,1785795368.369818022,/loadcell_data_filtered.wrench.force.z,6671.1911291481465
2.248375497,1785795368.370385966,/loadcell_data_filtered.wrench.force.z,6671.071583976509
2.248860973,1785795368.370871442,/loadcell_data_filtered.wrench.force.z,6671.002309601751
2.249372215,1785795368.371382684,/loadcell_data_filtered.wrench.force.z,6671.153901421265
2.249887356,1785795368.371897825,/loadcell_data_filtered.wrench.force.z,6671.231556234679
2.250312113,1785795368.372322582,/loadcell_data_filtered.wrench.force.z,6670.968554598828
2.250755905,1785795368.372766374,/loadcell_data_filtered.wrench.force.z,6671.599018365987
2.25130287,1785795368.373313339,/loadcell_data_filtered.wrench.force.z,6666.116461983918
2.251738612,1785795368.373749081,/loadcell_data_filtered.wrench.force.z,6662.034304920058
2.2521505790000003,1785795368.374161048,/loadcell_data_filtered.wrench.force.z,6658.50276289123
2.253281542,1785795368.375292011,/loadcell_data_filtered.wrench.force.z,6655.20023261664
2.25352422,1785795368.375534689,/loadcell_data_filtered.wrench.force.z,6652.15673862526
2.254632663,1785795368.376643132,/loadcell_data_filtered.wrench.force.z,6650.420220314767
2.255126727,1785795368.377137196,/loadcell_data_filtered.wrench.force.z,6649.285398176256
2.255527897,1785795368.377538366,/loadcell_data_filtered.wrench.force.z,6650.03701060728
2.255799287,1785795368.377809756,/loadcell_data_filtered.wrench.force.z,6650.397832933267
2.256299745,1785795368.378310214,/loadcell_data_filtered.wrench.force.z,6650.507580627383
2.256650003,1785795368.378660472,/loadcell_data_filtered.wrench.force.z,6650.378609188905
2.256952981,1785795368.378963450,/loadcell_data_filtered.wrench.force.z,6649.630669558542
2.257395341,1785795368.379405810,/loadcell_data_filtered.wrench.force.z,6649.449688551295
2.257695017,1785795368.379705486,/loadcell_data_filtered.wrench.force.z,6648.692855010051
2.260235752,1785795368.382246221,/loadcell_data_filtered.wrench.force.z,6648.11845622818
2.26089698,1785795368.382907449,/loadcell_data_filtered.wrench.force.z,6648.248109631489
2.261030967,1785795368.383041436,/loadcell_data_filtered.wrench.force.z,6648.530944425732
2.261152825,1785795368.383163294,/loadcell_data_filtered.wrench.force.z,6655.204119114852
2.26126666,1785795368.383277129,/loadcell_data_filtered.wrench.force.z,6660.2575888627225
2.261386822,1785795368.383397291,/loadcell_data_filtered.wrench.force.z,6664.152421689474
2.261507142,1785795368.383517611,/loadcell_data_filtered.wrench.force.z,6667.86113072172
2.262734345,1785795368.384744814,/loadcell_data_filtered.wrench.force.z,6670.0863951146
2.263335427,1785795368.385345896,/loadcell_data_filtered.wrench.force.z,6669.709755156876
2.263467098,1785795368.385477567,/loadcell_data_filtered.wrench.force.z,6670.385848020289
2.26359604,1785795368.385606509,/loadcell_data_filtered.wrench.force.z,6670.735528733041
2.263768484,1785795368.385778953,/loadcell_data_filtered.wrench.force.z,6670.6867193678945
2.263891988,1785795368.385902457,/loadcell_data_filtered.wrench.force.z,6670.293997371378
2.26402667,1785795368.386037139,/loadcell_data_filtered.wrench.force.z,6669.088218806623
2.264707003,1785795368.386717472,/loadcell_data_filtered.wrench.force.z,6668.301548055505
2.266034239,1785795368.388044708,/loadcell_data_filtered.wrench.force.z,6667.719168892395
2.266744865,1785795368.388755334,/loadcell_data_filtered.wrench.force.z,6667.409077345643
2.267285228,1785795368.389295697,/loadcell_data_filtered.wrench.force.z,6667.203050427131
2.267930741,1785795368.389941210,/loadcell_data_filtered.wrench.force.z,6666.993607404166
2.268494804,1785795368.390505273,/loadcell_data_filtered.wrench.force.z,6664.027757224381
2.2689843180000002,1785795368.390994787,/loadcell_data_filtered.wrench.force.z,6660.2841296756405
2.269532905,1785795368.391543374,/loadcell_data_filtered.wrench.force.z,6654.7401252333275
2.270061391,1785795368.392071860,/loadcell_data_filtered.wrench.force.z,6650.847267720331
2.27061427,1785795368.392624739,/loadcell_data_filtered.wrench.force.z,6647.584497381147
2.271089506,1785795368.393099975,/loadcell_data_filtered.wrench.force.z,6644.74074262477
2.271513687,1785795368.393524156,/loadcell_data_filtered.wrench.force.z,6642.839653533793
2.271884431,1785795368.393894900,/loadcell_data_filtered.wrench.force.z,6642.453396082674
2.272431246,1785795368.394441715,/loadcell_data_filtered.wrench.force.z,6642.2504791606425
2.272910937,1785795368.394921406,/loadcell_data_filtered.wrench.force.z,6642.378613853487
2.273428173,1785795368.395438642,/loadcell_data_filtered.wrench.force.z,6642.643306410475
2.273903942,1785795368.395914411,/loadcell_data_filtered.wrench.force.z,6642.485784000094
2.278112454,1785795368.400122923,/loadcell_data_filtered.wrench.force.z,6642.339969064924
2.278523469,1785795368.400533938,/loadcell_data_filtered.wrench.force.z,6642.083773545451
2.278813382,1785795368.400823851,/loadcell_data_filtered.wrench.force.z,6642.395365929898
2.279071295,1785795368.401081764,/loadcell_data_filtered.wrench.force.z,6643.166686088348
2.279547584,1785795368.401558053,/loadcell_data_filtered.wrench.force.z,6649.600012947454
2.280024779,1785795368.402035248,/loadcell_data_filtered.wrench.force.z,6653.679114739703
2.28062773,1785795368.402638199,/loadcell_data_filtered.wrench.force.z,6658.645452012991
2.281160141,1785795368.403170610,/loadcell_data_filtered.wrench.force.z,6662.619188256775
2.281699537,1785795368.403710006,/loadcell_data_filtered.wrench.force.z,6658.3786812714525
2.282209051,1785795368.404219520,/loadcell_data_filtered.wrench.force.z,6660.3681601281705
2.2826955890000002,1785795368.404706058,/loadcell_data_filtered.wrench.force.z,6659.794320393142
2.283288707,1785795368.405299176,/loadcell_data_filtered.wrench.force.z,6659.7911340453
2.283861222,1785795368.405871691,/loadcell_data_filtered.wrench.force.z,6659.94333951523
2.284354675,1785795368.406365144,/loadcell_data_filtered.wrench.force.z,6660.042217866678
2.284831875,1785795368.406842344,/loadcell_data_filtered.wrench.force.z,6659.757674230729
2.2853629570000003,1785795368.407373426,/loadcell_data_filtered.wrench.force.z,6659.599135626691
2.285853708,1785795368.407864177,/loadcell_data_filtered.wrench.force.z,6659.611231851326
2.28641983,1785795368.408430299,/loadcell_data_filtered.wrench.force.z,6659.752096966767
2.286880756,1785795368.408891225,/loadcell_data_filtered.wrench.force.z,6660.123395563548
2.287364851,1785795368.409375320,/loadcell_data_filtered.wrench.force.z,6660.936679385262
2.287697878,1785795368.409708347,/loadcell_data_filtered.wrench.force.z,6661.43775266418
2.287969921,1785795368.409980390,/loadcell_data_filtered.wrench.force.z,6655.61465259444
2.288295423,1785795368.410305892,/loadcell_data_filtered.wrench.force.z,6651.2305642353995
2.288671528,1785795368.410681997,/loadcell_data_filtered.wrench.force.z,6646.9513354747005
2.289133617,1785795368.411144086,/loadcell_data_filtered.wrench.force.z,6643.596750191693
2.289706425,1785795368.411716894,/loadcell_data_filtered.wrench.force.z,6640.231109443245
2.290293096,1785795368.412303565,/loadcell_data_filtered.wrench.force.z,6638.553740761603
2.2908325720000002,1785795368.412843041,/loadcell_data_filtered.wrench.force.z,6637.518078970087
2.291352138,1785795368.413362607,/loadcell_data_filtered.wrench.force.z,6637.575482239353
2.291759913,1785795368.413770382,/loadcell_data_filtered.wrench.force.z,6637.900499811328
2.292284138,1785795368.414294607,/loadcell_data_filtered.wrench.force.z,6637.98726262256
2.2927470530000003,1785795368.414757522,/loadcell_data_filtered.wrench.force.z,6638.062538228068
2.293180228,1785795368.415190697,/loadcell_data_filtered.wrench.force.z,6638.378756242996
2.293593396,1785795368.415603865,/loadcell_data_filtered.wrench.force.z,6637.7295513687795
2.293980292,1785795368.415990761,/loadcell_data_filtered.wrench.force.z,6638.076893022053
2.29432456,1785795368.416335029,/loadcell_data_filtered.wrench.force.z,6638.374004748412
2.294644527,1785795368.416654996,/loadcell_data_filtered.wrench.force.z,6639.118479491565
2.29504573,1785795368.417056199,/loadcell_data_filtered.wrench.force.z,6640.647474938204
2.295546095,1785795368.417556564,/loadcell_data_filtered.wrench.force.z,6647.641598516929
2.295953866,1785795368.417964335,/loadcell_data_filtered.wrench.force.z,6653.615451910542
2.296350906,1785795368.418361375,/loadcell_data_filtered.wrench.force.z,6657.6282501342175
2.296713539,1785795368.418724008,/loadcell_data_filtered.wrench.force.z,6660.297817747906
2.297199677,1785795368.419210146,/loadcell_data_filtered.wrench.force.z,6663.911358229606
2.297826375,1785795368.419836844,/loadcell_data_filtered.wrench.force.z,6665.627702833274
2.298361317,1785795368.420371786,/loadcell_data_filtered.wrench.force.z,6666.329784431404
2.301090496,1785795368.423100965,/loadcell_data_filtered.wrench.force.z,6666.707399752532
2.301517228,1785795368.423527697,/loadcell_data_filtered.wrench.force.z,6667.741010099986
2.301872769,1785795368.423883238,/loadcell_data_filtered.wrench.force.z,6668.982276721308
2.3022132490000002,1785795368.424223718,/loadcell_data_filtered.wrench.force.z,6670.0778103467865
2.302496454,1785795368.424506923,/loadcell_data_filtered.wrench.force.z,6670.899589247095
2.30283172,1785795368.424842189,/loadcell_data_filtered.wrench.force.z,6671.727377395472
2.303161093,1785795368.425171562,/loadcell_data_filtered.wrench.force.z,6672.188049212089
2.303425594,1785795368.425436063,/loadcell_data_filtered.wrench.force.z,6672.200838116249
2.303708087,1785795368.425718556,/loadcell_data_filtered.wrench.force.z,6667.002343302822
2.303989071,1785795368.425999540,/loadcell_data_filtered.wrench.force.z,6663.4681299335225
2.304199304,1785795368.426209773,/loadcell_data_filtered.wrench.force.z,6659.164826976156
2.3043574810000003,1785795368.426367950,/loadcell_data_filtered.wrench.force.z,6655.742636294034
2.304516562,1785795368.426527031,/loadcell_data_filtered.wrench.force.z,6652.913644862076
2.304686723,1785795368.426697192,/loadcell_data_filtered.wrench.force.z,6650.256320368215
2.304843209,1785795368.426853678,/loadcell_data_filtered.wrench.force.z,6649.176610581526
2.305013282,1785795368.427023751,/loadcell_data_filtered.wrench.force.z,6648.868016473291
2.305165951,1785795368.427176420,/loadcell_data_filtered.wrench.force.z,6648.961227164132
2.305310013,1785795368.427320482,/loadcell_data_filtered.wrench.force.z,6648.8818407895515
2.305451413,1785795368.427461882,/loadcell_data_filtered.wrench.force.z,6648.45425360072
2.306875472,1785795368.428885941,/loadcell_data_filtered.wrench.force.z,6648.046358604013
2.3071879600000003,1785795368.429198429,/loadcell_data_filtered.wrench.force.z,6647.4784399292475
2.307368233,1785795368.429378702,/loadcell_data_filtered.wrench.force.z,6646.911760163196
2.307525253,1785795368.429535722,/loadcell_data_filtered.wrench.force.z,6646.7768045408675
2.307687498,1785795368.429697967,/loadcell_data_filtered.wrench.force.z,6646.455052921878
2.308595136,1785795368.430605605,/loadcell_data_filtered.wrench.force.z,6646.201380993866
2.30919284,1785795368.431203309,/loadcell_data_filtered.wrench.force.z,6651.407065092131
2.309559208,1785795368.431569677,/loadcell_data_filtered.wrench.force.z,6655.258914508507
2.30986495,1785795368.431875419,/loadcell_data_filtered.wrench.force.z,6659.217972468146
2.310235,1785795368.432245469,/loadcell_data_filtered.wrench.force.z,6662.577899882581
2.310937589,1785795368.432948058,/loadcell_data_filtered.wrench.force.z,6665.451815747996
2.312831548,1785795368.434842017,/loadcell_data_filtered.wrench.force.z,6666.94852467856
2.313422344,1785795368.435432813,/loadcell_data_filtered.wrench.force.z,6668.222104395144
2.313700233,1785795368.435710702,/loadcell_data_filtered.wrench.force.z,6668.439997227821
2.313928189,1785795368.435938658,/loadcell_data_filtered.wrench.force.z,6668.422767311314
2.314236934,1785795368.436247403,/loadcell_data_filtered.wrench.force.z,6668.714710706526
2.314546267,1785795368.436556736,/loadcell_data_filtered.wrench.force.z,6669.244792563938
2.314869268,1785795368.436879737,/loadcell_data_filtered.wrench.force.z,6669.128636442259
2.315188056,1785795368.437198525,/loadcell_data_filtered.wrench.force.z,6669.068462607271
2.315505599,1785795368.437516068,/loadcell_data_filtered.wrench.force.z,6668.911965541151
2.315837099,1785795368.437847568,/loadcell_data_filtered.wrench.force.z,6668.520183137834
2.316356709,1785795368.438367178,/loadcell_data_filtered.wrench.force.z,6668.2346038284695
2.317182108,1785795368.439192577,/loadcell_data_filtered.wrench.force.z,6667.837159031423
2.31756684,1785795368.439577309,/loadcell_data_filtered.wrench.force.z,6661.8019133813405
2.318209266,1785795368.440219735,/loadcell_data_filtered.wrench.force.z,6658.280445103579
2.319368072,1785795368.441378541,/loadcell_data_filtered.wrench.force.z,6653.822285015947
2.319388445,1785795368.441398914,/loadcell_data_filtered.wrench.force.z,6650.407926532295
2.320003055,1785795368.442013524,/loadcell_data_filtered.wrench.force.z,6646.0678673165485
2.320372128,1785795368.442382597,/loadcell_data_filtered.wrench.force.z,6643.878884634255
2.320638445,1785795368.442648914,/loadcell_data_filtered.wrench.force.z,6642.355962851266
2.320886337,1785795368.442896806,/loadcell_data_filtered.wrench.force.z,6641.869880366364
2.3218875900000002,1785795368.443898059,/loadcell_data_filtered.wrench.force.z,6641.859961375933
2.322348324,1785795368.444358793,/loadcell_data_filtered.wrench.force.z,6641.664620061933
2.323540355,1785795368.445550824,/loadcell_data_filtered.wrench.force.z,6641.618193266737
2.323885176,1785795368.445895645,/loadcell_data_filtered.wrench.force.z,6640.395223995624
2.324158191,1785795368.446168660,/loadcell_data_filtered.wrench.force.z,6639.204442305571
2.324407011,1785795368.446417480,/loadcell_data_filtered.wrench.force.z,6638.439719484591
2.324646647,1785795368.446657116,/loadcell_data_filtered.wrench.force.z,6637.728468737189
2.324886316,1785795368.446896785,/loadcell_data_filtered.wrench.force.z,6636.955784801244
2.325224554,1785795368.447235023,/loadcell_data_filtered.wrench.force.z,6637.64555317354
2.325655242,1785795368.447665711,/loadcell_data_filtered.wrench.force.z,6642.863363245993
2.326554037,1785795368.448564506,/loadcell_data_filtered.wrench.force.z,6647.135771195897
2.32711233,1785795368.449122799,/loadcell_data_filtered.wrench.force.z,6650.565259859531
2.327554974,1785795368.449565443,/loadcell_data_filtered.wrench.force.z,6652.961086721224
2.32809431,1785795368.450104779,/loadcell_data_filtered.wrench.force.z,6655.522147501972
2.328582125,1785795368.450592594,/loadcell_data_filtered.wrench.force.z,6656.644716069917
2.330006284,1785795368.452016753,/loadcell_data_filtered.wrench.force.z,6656.909640660939
2.330509197,1785795368.452519666,/loadcell_data_filtered.wrench.force.z,6657.096350618437
2.330892027,1785795368.452902496,/loadcell_data_filtered.wrench.force.z,6657.970659957991
2.331300209,1785795368.453310678,/loadcell_data_filtered.wrench.force.z,6658.591545885566
2.331740689,1785795368.453751158,/loadcell_data_filtered.wrench.force.z,6658.209041964618
2.332264767,1785795368.454275236,/loadcell_data_filtered.wrench.force.z,6658.459446344811
2.332687364,1785795368.454697833,/loadcell_data_filtered.wrench.force.z,6658.798028615537
2.333041636,1785795368.455052105,/loadcell_data_filtered.wrench.force.z,6658.821776313878
2.33338652,1785795368.455396989,/loadcell_data_filtered.wrench.force.z,6658.649582409888
2.333922267,1785795368.455932736,/loadcell_data_filtered.wrench.force.z,6659.1019269267
2.335467689,1785795368.457478158,/loadcell_data_filtered.wrench.force.z,6654.777886826429
2.335807552,1785795368.457818021,/loadcell_data_filtered.wrench.force.z,6652.098948121128
2.336096902,1785795368.458107371,/loadcell_data_filtered.wrench.force.z,6648.296110921511
2.336350549,1785795368.458361018,/loadcell_data_filtered.wrench.force.z,6645.6088654840705
2.336591121,1785795368.458601590,/loadcell_data_filtered.wrench.force.z,6642.9163022263665
2.336854556,1785795368.458865025,/loadcell_data_filtered.wrench.force.z,6640.949087411379
2.3372391390000002,1785795368.459249608,/loadcell_data_filtered.wrench.force.z,6639.901023046583
