elapsed time,timestamp,topic,value
0.000066896,1785795316.122077842,/loadcell_data_filtered.wrench.force.z,4329.931994648122
0.00017719,1785795316.122188136,/loadcell_data_filtered.wrench.force.z,4331.705010480562
0.000315259,1785795316.122326205,/loadcell_data_filtered.wrench.force.z,4335.2787363504285
0.004701257,1785795316.126712203,/loadcell_data_filtered.wrench.force.z,4337.449951966348
0.004827269,1785795316.126838215,/loadcell_data_filtered.wrench.force.z,4339.6646997221305
0.0049507940000000005,1785795316.126961740,/loadcell_data_filtered.wrench.force.z,4340.568773339597
0.005075967000000001,1785795316.127086913,/loadcell_data_filtered.wrench.force.z,4342.047469266228
0.005201283,1785795316.127212229,/loadcell_data_filtered.wrench.force.z,4342.511078606218
0.005351883,1785795316.127362829,/loadcell_data_filtered.wrench.force.z,4342.48002279877
0.005429290000000001,1785795316.127440236,/loadcell_data_filtered.wrench.force.z,4342.351097141167
0.005541692,1785795316.127552638,/loadcell_data_filtered.wrench.force.z,4342.7049375551705
0.005658364,1785795316.127669310,/loadcell_data_filtered.wrench.force.z,4338.261881484661
0.0057740330000000005,1785795316.127784979,/loadcell_data_filtered.wrench.force.z,4335.297293838411
0.005938838,1785795316.127949784,/loadcell_data_filtered.wrench.force.z,4333.846896114756
0.0060238950000000005,1785795316.128034841,/loadcell_data_filtered.wrench.force.z,4332.869853740452
0.006138995,1785795316.128149941,/loadcell_data_filtered.wrench.force.z,4332.25024725136
0.0068897080000000005,1785795316.128900654,/loadcell_data_filtered.wrench.force.z,4331.414425493581
0.007299272000000001,1785795316.129310218,/loadcell_data_filtered.wrench.force.z,4325.282816811759
0.007686506,1785795316.129697452,/loadcell_data_filtered.wrench.force.z,4321.02636450619
0.008186157000000001,1785795316.130197103,/loadcell_data_filtered.wrench.force.z,4317.234927053185
0.008572395,1785795316.130583341,/loadcell_data_filtered.wrench.force.z,4314.005396653768
0.009035068,1785795316.131046014,/loadcell_data_filtered.wrench.force.z,4311.184297959054
0.009600643,1785795316.131611589,/loadcell_data_filtered.wrench.force.z,4309.448593291793
0.010285539,1785795316.132296485,/loadcell_data_filtered.wrench.force.z,4308.712843233927
0.010614304000000001,1785795316.132625250,/loadcell_data_filtered.wrench.force.z,4308.801009179124
0.011046076,1785795316.133057022,/loadcell_data_filtered.wrench.force.z,4309.204200230141
0.014598667000000001,1785795316.136609613,/loadcell_data_filtered.wrench.force.z,4309.425371585826
0.014958516000000002,1785795316.136969462,/loadcell_data_filtered.wrench.force.z,4309.360107792243
0.015247039,1785795316.137257985,/loadcell_data_filtered.wrench.force.z,4309.693081203248
0.015456293000000001,1785795316.137467239,/loadcell_data_filtered.wrench.force.z,4310.304467916822
0.015692519000000002,1785795316.137703465,/loadcell_data_filtered.wrench.force.z,4310.574328887109
0.015899805,1785795316.137910751,/loadcell_data_filtered.wrench.force.z,4311.07154323168
0.016102556,1785795316.138113502,/loadcell_data_filtered.wrench.force.z,4311.622235529855
0.016308278000000002,1785795316.138319224,/loadcell_data_filtered.wrench.force.z,4314.486002972073
0.016809296,1785795316.138820242,/loadcell_data_filtered.wrench.force.z,4317.857925377029
0.017155682000000002,1785795316.139166628,/loadcell_data_filtered.wrench.force.z,4322.914139684763
0.017520365,1785795316.139531311,/loadcell_data_filtered.wrench.force.z,4326.99046811485
0.017962391,1785795316.139973337,/loadcell_data_filtered.wrench.force.z,4330.603154010586
0.018233277000000003,1785795316.140244223,/loadcell_data_filtered.wrench.force.z,4332.014420408986
0.01843623,1785795316.140447176,/loadcell_data_filtered.wrench.force.z,4333.065294912344
0.018764205000000003,1785795316.140775151,/loadcell_data_filtered.wrench.force.z,4333.458162142528
0.019055179000000002,1785795316.141066125,/loadcell_data_filtered.wrench.force.z,4333.593598132765
0.019743435,1785795316.141754381,/loadcell_data_filtered.wrench.force.z,4333.50067716673
0.020725908,1785795316.142736854,/loadcell_data_filtered.wrench.force.z,4333.382621674924
0.021049089,1785795316.143060035,/loadcell_data_filtered.wrench.force.z,4333.105344043963
0.021286063,1785795316.143297009,/loadcell_data_filtered.wrench.force.z,4333.635065698367
0.021551185,1785795316.143562131,/loadcell_data_filtered.wrench.force.z,4333.418776945599
0.022206604,1785795316.144217550,/loadcell_data_filtered.wrench.force.z,4333.050848147694
0.022599514,1785795316.144610460,/loadcell_data_filtered.wrench.force.z,4332.712200035942
0.023126235000000002,1785795316.145137181,/loadcell_data_filtered.wrench.force.z,4332.378448596324
0.023987565000000002,1785795316.145998511,/loadcell_data_filtered.wrench.force.z,4327.201948416055
0.02442422,1785795316.146435166,/loadcell_data_filtered.wrench.force.z,4323.881677968608
0.02469208,1785795316.146703026,/loadcell_data_filtered.wrench.force.z,4319.87475611357
0.024998078,1785795316.147009024,/loadcell_data_filtered.wrench.force.z,4316.352587155724
0.025564284000000003,1785795316.147575230,/loadcell_data_filtered.wrench.force.z,4313.437432606104
0.026030111,1785795316.148041057,/loadcell_data_filtered.wrench.force.z,4311.4425227829615
0.026716433,1785795316.148727379,/loadcell_data_filtered.wrench.force.z,4310.112827292333
0.02746374,1785795316.149474686,/loadcell_data_filtered.wrench.force.z,4310.2138477799
0.027921368000000002,1785795316.149932314,/loadcell_data_filtered.wrench.force.z,4310.679569375482
0.028061958,1785795316.150072904,/loadcell_data_filtered.wrench.force.z,4311.9251760567295
0.028507276,1785795316.150518222,/loadcell_data_filtered.wrench.force.z,4311.943418146558
0.029060341000000003,1785795316.151071287,/loadcell_data_filtered.wrench.force.z,4311.657626449946
0.030078846000000003,1785795316.152089792,/loadcell_data_filtered.wrench.force.z,4312.09872277069
0.031188346000000002,1785795316.153199292,/loadcell_data_filtered.wrench.force.z,4312.275584463012
0.031849374,1785795316.153860320,/loadcell_data_filtered.wrench.force.z,4313.149180225362
0.032234022,1785795316.154244968,/loadcell_data_filtered.wrench.force.z,4314.410650018886
0.032646144,1785795316.154657090,/loadcell_data_filtered.wrench.force.z,4315.507549559794
0.033017460000000005,1785795316.155028406,/loadcell_data_filtered.wrench.force.z,4321.783547333023
0.033333923,1785795316.155344869,/loadcell_data_filtered.wrench.force.z,4326.483210316111
0.033657865,1785795316.155668811,/loadcell_data_filtered.wrench.force.z,4331.308267003156
0.033999638,1785795316.156010584,/loadcell_data_filtered.wrench.force.z,4335.072973348259
0.034389637,1785795316.156400583,/loadcell_data_filtered.wrench.force.z,4338.253638798987
0.034834162,1785795316.156845108,/loadcell_data_filtered.wrench.force.z,4340.226838002234
0.037794079,1785795316.159805025,/loadcell_data_filtered.wrench.force.z,4341.253688231632
0.039183771,1785795316.161194717,/loadcell_data_filtered.wrench.force.z,4341.947784021222
0.039455289000000004,1785795316.161466235,/loadcell_data_filtered.wrench.force.z,4343.319504573893
0.03968323,1785795316.161694176,/loadcell_data_filtered.wrench.force.z,4344.866779718093
0.039929273,1785795316.161940219,/loadcell_data_filtered.wrench.force.z,4345.787506369834
0.040198141,1785795316.162209087,/loadcell_data_filtered.wrench.force.z,4346.72322257196
0.040445095,1785795316.162456041,/loadcell_data_filtered.wrench.force.z,4347.669241643299
0.040683870000000004,1785795316.162694816,/loadcell_data_filtered.wrench.force.z,4348.135924305122
0.040934532,1785795316.162945478,/loadcell_data_filtered.wrench.force.z,4349.229169853759
0.041189296,1785795316.163200242,/loadcell_data_filtered.wrench.force.z,4349.894411072974
0.041455000000000006,1785795316.163465946,/loadcell_data_filtered.wrench.force.z,4348.617211012721
0.041705704,1785795316.163716650,/loadcell_data_filtered.wrench.force.z,4343.183331152899
0.041991311,1785795316.164002257,/loadcell_data_filtered.wrench.force.z,4339.1502226846105
0.042366523,1785795316.164377469,/loadcell_data_filtered.wrench.force.z,4335.159229330779
0.04271063,1785795316.164721576,/loadcell_data_filtered.wrench.force.z,4332.136719040151
0.042980081,1785795316.164991027,/loadcell_data_filtered.wrench.force.z,4328.967861059556
0.043358005000000005,1785795316.165368951,/loadcell_data_filtered.wrench.force.z,4327.28061505268
0.043854958,1785795316.165865904,/loadcell_data_filtered.wrench.force.z,4326.336238781518
0.044596818,1785795316.166607764,/loadcell_data_filtered.wrench.force.z,4326.299348478759
0.045300831,1785795316.167311777,/loadcell_data_filtered.wrench.force.z,4326.200643478636
0.045609749000000005,1785795316.167620695,/loadcell_data_filtered.wrench.force.z,4325.994099150108
0.046148254,1785795316.168159200,/loadcell_data_filtered.wrench.force.z,4325.7554872343535
0.046618983,1785795316.168629929,/loadcell_data_filtered.wrench.force.z,4325.9785988574695
0.047547579,1785795316.169558525,/loadcell_data_filtered.wrench.force.z,4325.292615099479
0.047750561000000004,1785795316.169761507,/loadcell_data_filtered.wrench.force.z,4324.42388469536
0.049020368,1785795316.171031314,/loadcell_data_filtered.wrench.force.z,4323.473667240031
0.049906354,1785795316.171917300,/loadcell_data_filtered.wrench.force.z,4322.943673598901
0.050219281000000005,1785795316.172230227,/loadcell_data_filtered.wrench.force.z,4326.39905725322
0.050382973000000005,1785795316.172393919,/loadcell_data_filtered.wrench.force.z,4330.785662270439
0.050566495,1785795316.172577441,/loadcell_data_filtered.wrench.force.z,4335.293429951836
0.050925589,1785795316.172936535,/loadcell_data_filtered.wrench.force.z,4338.387348949766
0.050931657000000005,1785795316.172942603,/loadcell_data_filtered.wrench.force.z,4340.1089281268505
0.051119950000000004,1785795316.173130896,/loadcell_data_filtered.wrench.force.z,4342.384840996722
0.051401810000000006,1785795316.173412756,/loadcell_data_filtered.wrench.force.z,4343.168120378785
0.052154392,1785795316.174165338,/loadcell_data_filtered.wrench.force.z,4343.271591502291
0.05395926400000001,1785795316.175970210,/loadcell_data_filtered.wrench.force.z,4343.252475807359
0.054199913,1785795316.176210859,/loadcell_data_filtered.wrench.force.z,4343.168530401875
0.054350951,1785795316.176361897,/loadcell_data_filtered.wrench.force.z,4343.2173764069585
0.054485478000000004,1785795316.176496424,/loadcell_data_filtered.wrench.force.z,4343.432252540372
0.054619627000000004,1785795316.176630573,/loadcell_data_filtered.wrench.force.z,4343.575271355468
0.054741917,1785795316.176752863,/loadcell_data_filtered.wrench.force.z,4342.563670818575
0.055368959,1785795316.177379905,/loadcell_data_filtered.wrench.force.z,4341.795165568416
0.058350845000000005,1785795316.180361791,/loadcell_data_filtered.wrench.force.z,4341.2085929906125
0.058797896,1785795316.180808842,/loadcell_data_filtered.wrench.force.z,4340.618694187858
0.058962965000000006,1785795316.180973911,/loadcell_data_filtered.wrench.force.z,4335.605460322504
0.059107694,1785795316.181118640,/loadcell_data_filtered.wrench.force.z,4332.323502819341
0.059234220000000004,1785795316.181245166,/loadcell_data_filtered.wrench.force.z,4328.08971951065
0.059381590000000005,1785795316.181392536,/loadcell_data_filtered.wrench.force.z,4324.58056788595
0.059498691000000006,1785795316.181509637,/loadcell_data_filtered.wrench.force.z,4321.236258899942
0.059614843,1785795316.181625789,/loadcell_data_filtered.wrench.force.z,4317.076993126894
0.059873948,1785795316.181884894,/loadcell_data_filtered.wrench.force.z,4314.077848981933
0.060868147000000004,1785795316.182879093,/loadcell_data_filtered.wrench.force.z,4312.828154586864
0.064302941,1785795316.186313887,/loadcell_data_filtered.wrench.force.z,4311.976397333946
0.064653521,1785795316.186664467,/loadcell_data_filtered.wrench.force.z,4310.95380560962
0.06491277300000001,1785795316.186923719,/loadcell_data_filtered.wrench.force.z,4310.721502265212
0.065144768,1785795316.187155714,/loadcell_data_filtered.wrench.force.z,4309.906382563088
0.065358028,1785795316.187368974,/loadcell_data_filtered.wrench.force.z,4309.373689474235
0.06556386900000001,1785795316.187574815,/loadcell_data_filtered.wrench.force.z,4308.553812328371
0.065792002,1785795316.187802948,/loadcell_data_filtered.wrench.force.z,4307.659861113123
0.06601438400000001,1785795316.188025330,/loadcell_data_filtered.wrench.force.z,4307.073664659548
0.06623493400000001,1785795316.188245880,/loadcell_data_filtered.wrench.force.z,4304.724026648578
0.066517699,1785795316.188528645,/loadcell_data_filtered.wrench.force.z,4308.9178929276695
0.066747914,1785795316.188758860,/loadcell_data_filtered.wrench.force.z,4312.174730360367
0.06694979300000001,1785795316.188960739,/loadcell_data_filtered.wrench.force.z,4315.097824597036
0.067656598,1785795316.189667544,/loadcell_data_filtered.wrench.force.z,4318.0011860899085
0.06815163,1785795316.190162576,/loadcell_data_filtered.wrench.force.z,4320.240005732532
0.068343155,1785795316.190354101,/loadcell_data_filtered.wrench.force.z,4321.95991145042
0.06850104500000001,1785795316.190511991,/loadcell_data_filtered.wrench.force.z,4323.010821486425
0.06881063600000001,1785795316.190821582,/loadcell_data_filtered.wrench.force.z,4322.263523558429
0.06962686400000001,1785795316.191637810,/loadcell_data_filtered.wrench.force.z,4322.038924144596
0.069984578,1785795316.191995524,/loadcell_data_filtered.wrench.force.z,4322.153526629117
0.07028877,1785795316.192299716,/loadcell_data_filtered.wrench.force.z,4322.803706172957
0.070677235,1785795316.192688181,/loadcell_data_filtered.wrench.force.z,4322.622163156452
0.07323338,1785795316.195244326,/loadcell_data_filtered.wrench.force.z,4322.616082047757
0.075754153,1785795316.197765099,/loadcell_data_filtered.wrench.force.z,4323.114452706111
0.076192721,1785795316.198203667,/loadcell_data_filtered.wrench.force.z,4323.971247593945
0.07650095300000001,1785795316.198511899,/loadcell_data_filtered.wrench.force.z,4325.157752740584
0.076755881,1785795316.198766827,/loadcell_data_filtered.wrench.force.z,4325.449661269352
0.077059312,1785795316.199070258,/loadcell_data_filtered.wrench.force.z,4320.940604006852
0.07736771,1785795316.199378656,/loadcell_data_filtered.wrench.force.z,4317.336062604717
0.07760589600000001,1785795316.199616842,/loadcell_data_filtered.wrench.force.z,4315.1878361990875
0.077830456,1785795316.199841402,/loadcell_data_filtered.wrench.force.z,4313.666259635508
0.078121436,1785795316.200132382,/loadcell_data_filtered.wrench.force.z,4311.7588360408145
0.078847424,1785795316.200858370,/loadcell_data_filtered.wrench.force.z,4310.175133114545
0.07885507800000001,1785795316.200866024,/loadcell_data_filtered.wrench.force.z,4309.443220975581
0.07918486400000001,1785795316.201195810,/loadcell_data_filtered.wrench.force.z,4310.187713661099
0.07956984,1785795316.201580786,/loadcell_data_filtered.wrench.force.z,4310.90190655271
0.079968754,1785795316.201979700,/loadcell_data_filtered.wrench.force.z,4311.604112289283
0.080274078,1785795316.202285024,/loadcell_data_filtered.wrench.force.z,4312.114321840993
0.080575819,1785795316.202586765,/loadcell_data_filtered.wrench.force.z,4312.314148465692
0.08088585000000001,1785795316.202896796,/loadcell_data_filtered.wrench.force.z,4312.621369884604
0.08377804500000001,1785795316.205788991,/loadcell_data_filtered.wrench.force.z,4312.906700539395
0.084078542,1785795316.206089488,/loadcell_data_filtered.wrench.force.z,4313.4466920180985
0.08431954400000001,1785795316.206330490,/loadcell_data_filtered.wrench.force.z,4314.510792120087
0.08454051800000001,1785795316.206551464,/loadcell_data_filtered.wrench.force.z,4320.0319517679645
0.084714729,1785795316.206725675,/loadcell_data_filtered.wrench.force.z,4324.763324588351
0.08489272,1785795316.206903666,/loadcell_data_filtered.wrench.force.z,4330.034938279122
0.085086014,1785795316.207096960,/loadcell_data_filtered.wrench.force.z,4334.524944062409
0.08526594200000001,1785795316.207276888,/loadcell_data_filtered.wrench.force.z,4338.556348509467
0.085438624,1785795316.207449570,/loadcell_data_filtered.wrench.force.z,4340.0380676064515
0.085611532,1785795316.207622478,/loadcell_data_filtered.wrench.force.z,4342.20386980332
0.085795648,1785795316.207806594,/loadcell_data_filtered.wrench.force.z,4343.031006631646
0.08595796300000001,1785795316.207968909,/loadcell_data_filtered.wrench.force.z,4343.490613981122
0.086202895,1785795316.208213841,/loadcell_data_filtered.wrench.force.z,4344.204243869559
0.086606428,1785795316.208617374,/loadcell_data_filtered.wrench.force.z,4344.742962646401
0.08713833500000001,1785795316.209149281,/loadcell_data_filtered.wrench.force.z,4345.342863769192
0.087670944,1785795316.209681890,/loadcell_data_filtered.wrench.force.z,4345.595654569912
0.088059678,1785795316.210070624,/loadcell_data_filtered.wrench.force.z,4346.142932303232
0.088735519,1785795316.210746465,/loadcell_data_filtered.wrench.force.z,4346.740020099193
0.08946925900000001,1785795316.211480205,/loadcell_data_filtered.wrench.force.z,4347.158649155194
0.089733724,1785795316.211744670,/loadcell_data_filtered.wrench.force.z,4347.874710936107
0.090302716,1785795316.212313662,/loadcell_data_filtered.wrench.force.z,4342.8789014143285
0.090610704,1785795316.212621650,/loadcell_data_filtered.wrench.force.z,4340.093822002043
0.091137754,1785795316.213148700,/loadcell_data_filtered.wrench.force.z,4336.3659492574725
0.09166679800000001,1785795316.213677744,/loadcell_data_filtered.wrench.force.z,4333.6906023011325
0.09214359100000001,1785795316.214154537,/loadcell_data_filtered.wrench.force.z,4331.232042436317
0.09272738800000001,1785795316.214738334,/loadcell_data_filtered.wrench.force.z,4329.65862394106
0.093305571,1785795316.215316517,/loadcell_data_filtered.wrench.force.z,4328.231594263969
0.09406437000000001,1785795316.216075316,/loadcell_data_filtered.wrench.force.z,4328.043537461254
0.09444552,1785795316.216456466,/loadcell_data_filtered.wrench.force.z,4328.466416698792
0.09490978300000001,1785795316.216920729,/loadcell_data_filtered.wrench.force.z,4328.367465469221
0.09534513700000001,1785795316.217356083,/loadcell_data_filtered.wrench.force.z,4328.211127985572
0.095751445,1785795316.217762391,/loadcell_data_filtered.wrench.force.z,4328.195396600256
0.09644493600000001,1785795316.218455882,/loadcell_data_filtered.wrench.force.z,4327.917306428556
0.09695387700000001,1785795316.218964823,/loadcell_data_filtered.wrench.force.z,4327.5278515789705
0.097510808,1785795316.219521754,/loadcell_data_filtered.wrench.force.z,4327.21482422633
0.097781951,1785795316.219792897,/loadcell_data_filtered.wrench.force.z,4327.10342481
0.098245703,1785795316.220256649,/loadcell_data_filtered.wrench.force.z,4327.1359551084815
0.101904378,1785795316.223915324,/loadcell_data_filtered.wrench.force.z,4332.55704305174
0.10240098900000001,1785795316.224411935,/loadcell_data_filtered.wrench.force.z,4336.413067620836
0.102581421,1785795316.224592367,/loadcell_data_filtered.wrench.force.z,4340.59195825961
0.10273003300000001,1785795316.224740979,/loadcell_data_filtered.wrench.force.z,4344.073398980786
0.10285076300000001,1785795316.224861709,/loadcell_data_filtered.wrench.force.z,4347.343211999842
0.103001281,1785795316.225012227,/loadcell_data_filtered.wrench.force.z,4349.08848163256
0.103127588,1785795316.225138534,/loadcell_data_filtered.wrench.force.z,4350.103690280094
0.10325125800000001,1785795316.225262204,/loadcell_data_filtered.wrench.force.z,4350.528113289751
0.103373877,1785795316.225384823,/loadcell_data_filtered.wrench.force.z,4350.036625086422
0.10350125800000001,1785795316.225512204,/loadcell_data_filtered.wrench.force.z,4348.596802167609
0.10368063500000001,1785795316.225691581,/loadcell_data_filtered.wrench.force.z,4348.003424227021
0.10405075700000001,1785795316.226061703,/loadcell_data_filtered.wrench.force.z,4347.252968496349
0.10454887600000001,1785795316.226559822,/loadcell_data_filtered.wrench.force.z,4346.417707036461
0.10577249500000001,1785795316.227783441,/loadcell_data_filtered.wrench.force.z,4345.669903551089
0.10578066400000001,1785795316.227791610,/loadcell_data_filtered.wrench.force.z,4344.722229276929
0.10624461900000001,1785795316.228255565,/loadcell_data_filtered.wrench.force.z,4343.859309144019
0.109445173,1785795316.231456119,/loadcell_data_filtered.wrench.force.z,4341.147518692775
0.109955176,1785795316.231966122,/loadcell_data_filtered.wrench.force.z,4335.323886118737
0.11011887000000001,1785795316.232129816,/loadcell_data_filtered.wrench.force.z,4331.079875974929
0.11024257300000001,1785795316.232253519,/loadcell_data_filtered.wrench.force.z,4327.515088848639
0.110361569,1785795316.232372515,/loadcell_data_filtered.wrench.force.z,4324.711105434338
0.110482357,1785795316.232493303,/loadcell_data_filtered.wrench.force.z,4321.761418339539
0.110599658,1785795316.232610604,/loadcell_data_filtered.wrench.force.z,4319.955319089634
0.11071758000000001,1785795316.232728526,/loadcell_data_filtered.wrench.force.z,4318.759250200222
0.110835371,1785795316.232846317,/loadcell_data_filtered.wrench.force.z,4316.793585952926
0.11094603500000001,1785795316.232956981,/loadcell_data_filtered.wrench.force.z,4316.403594305621
0.11159818,1785795316.233609126,/loadcell_data_filtered.wrench.force.z,4315.4688917912345
0.11194557000000001,1785795316.233956516,/loadcell_data_filtered.wrench.force.z,4314.506991839769
0.112625078,1785795316.234636024,/loadcell_data_filtered.wrench.force.z,4313.159246275108
0.11696884,1785795316.238979786,/loadcell_data_filtered.wrench.force.z,4312.115341391776
0.11734617000000001,1785795316.239357116,/loadcell_data_filtered.wrench.force.z,4311.249355301973
0.11754967300000001,1785795316.239560619,/loadcell_data_filtered.wrench.force.z,4310.690046261301
0.11795586200000001,1785795316.239966808,/loadcell_data_filtered.wrench.force.z,4310.268186940994
0.11834024900000001,1785795316.240351195,/loadcell_data_filtered.wrench.force.z,4314.876516667628
0.11869769000000001,1785795316.240708636,/loadcell_data_filtered.wrench.force.z,4317.7964980304105
0.11905625,1785795316.241067196,/loadcell_data_filtered.wrench.force.z,4321.705292303372
0.119547174,1785795316.241558120,/loadcell_data_filtered.wrench.force.z,4324.943058528985
0.11972645500000001,1785795316.241737401,/loadcell_data_filtered.wrench.force.z,4327.790312389438
0.119849755,1785795316.241860701,/loadcell_data_filtered.wrench.force.z,4328.78782682099
0.119974725,1785795316.241985671,/loadcell_data_filtered.wrench.force.z,4328.6417610356
0.124499277,1785795316.246510223,/loadcell_data_filtered.wrench.force.z,4328.657415982198
0.12484510400000001,1785795316.246856050,/loadcell_data_filtered.wrench.force.z,4324.514767278235
0.125164412,1785795316.247175358,/loadcell_data_filtered.wrench.force.z,4321.403591598682
0.125418956,1785795316.247429902,/loadcell_data_filtered.wrench.force.z,4321.410312900309
0.125777083,1785795316.247788029,/loadcell_data_filtered.wrench.force.z,4321.084332140768
0.12614946700000002,1785795316.248160413,/loadcell_data_filtered.wrench.force.z,4321.329884781352
0.12685470100000001,1785795316.248865647,/loadcell_data_filtered.wrench.force.z,4321.105603071199
0.127215368,1785795316.249226314,/loadcell_data_filtered.wrench.force.z,4320.024789625649
0.128298042,1785795316.250308988,/loadcell_data_filtered.wrench.force.z,4310.731433181452
0.12831515400000001,1785795316.250326100,/loadcell_data_filtered.wrench.force.z,4304.668077255333
0.128572438,1785795316.250583384,/loadcell_data_filtered.wrench.force.z,4301.00105728495
0.129024266,1785795316.251035212,/loadcell_data_filtered.wrench.force.z,4298.5589416204675
0.1295003,1785795316.251511246,/loadcell_data_filtered.wrench.force.z,4295.9694863944305
0.129949049,1785795316.251959995,/loadcell_data_filtered.wrench.force.z,4294.945960299813
0.130404381,1785795316.252415327,/loadcell_data_filtered.wrench.force.z,4294.242158657029
0.130731741,1785795316.252742687,/loadcell_data_filtered.wrench.force.z,4294.670439048667
0.131033914,1785795316.253044860,/loadcell_data_filtered.wrench.force.z,4295.213855876053
0.131320761,1785795316.253331707,/loadcell_data_filtered.wrench.force.z,4296.048591619079
0.135154448,1785795316.257165394,/loadcell_data_filtered.wrench.force.z,4297.330520269802
0.135574239,1785795316.257585185,/loadcell_data_filtered.wrench.force.z,4298.436827452219
0.135855168,1785795316.257866114,/loadcell_data_filtered.wrench.force.z,4299.762914297207
0.136092389,1785795316.258103335,/loadcell_data_filtered.wrench.force.z,4300.719126875766
0.136304636,1785795316.258315582,/loadcell_data_filtered.wrench.force.z,4302.008169317777
0.13647241300000001,1785795316.258483359,/loadcell_data_filtered.wrench.force.z,4308.422896064486
0.136629467,1785795316.258640413,/loadcell_data_filtered.wrench.force.z,4313.043213618454
0.136847367,1785795316.258858313,/loadcell_data_filtered.wrench.force.z,4309.93812720344
0.137079285,1785795316.259090231,/loadcell_data_filtered.wrench.force.z,4313.758662540833
0.13728309600000002,1785795316.259294042,/loadcell_data_filtered.wrench.force.z,4311.881623357439
0.14152873000000002,1785795316.263539676,/loadcell_data_filtered.wrench.force.z,4312.2222543273365
0.142003191,1785795316.264014137,/loadcell_data_filtered.wrench.force.z,4308.159547117842
0.142307297,1785795316.264318243,/loadcell_data_filtered.wrench.force.z,4306.989058336611
0.142600676,1785795316.264611622,/loadcell_data_filtered.wrench.force.z,4307.874480966517
0.14296343,1785795316.264974376,/loadcell_data_filtered.wrench.force.z,4304.714189749969
0.14335255,1785795316.265363496,/loadcell_data_filtered.wrench.force.z,4301.836694736219
0.143732619,1785795316.265743565,/loadcell_data_filtered.wrench.force.z,4302.27830891772
0.144109031,1785795316.266119977,/loadcell_data_filtered.wrench.force.z,4300.087916258462
0.144537775,1785795316.266548721,/loadcell_data_filtered.wrench.force.z,4296.7561088448565
0.14491435700000002,1785795316.266925303,/loadcell_data_filtered.wrench.force.z,4293.40871121729
0.145288727,1785795316.267299673,/loadcell_data_filtered.wrench.force.z,4289.194975834193
0.14571445900000002,1785795316.267725405,/loadcell_data_filtered.wrench.force.z,4285.229113211205
0.146156005,1785795316.268166951,/loadcell_data_filtered.wrench.force.z,4282.0187917820695
0.14660288400000002,1785795316.268613830,/loadcell_data_filtered.wrench.force.z,4280.918850849122
0.147039629,1785795316.269050575,/loadcell_data_filtered.wrench.force.z,4280.862447880812
0.147546231,1785795316.269557177,/loadcell_data_filtered.wrench.force.z,4281.303362316753
0.148020339,1785795316.270031285,/loadcell_data_filtered.wrench.force.z,4281.32020181157
0.148424468,1785795316.270435414,/loadcell_data_filtered.wrench.force.z,4281.425156908494
0.14885852800000002,1785795316.270869474,/loadcell_data_filtered.wrench.force.z,4281.397833624975
0.149198624,1785795316.271209570,/loadcell_data_filtered.wrench.force.z,4281.6023059110985
0.149468383,1785795316.271479329,/loadcell_data_filtered.wrench.force.z,4281.2915583179665
0.14974552200000002,1785795316.271756468,/loadcell_data_filtered.wrench.force.z,4281.304834368678
0.150108455,1785795316.272119401,/loadcell_data_filtered.wrench.force.z,4281.557546922875
0.15052717000000002,1785795316.272538116,/loadcell_data_filtered.wrench.force.z,4281.592537654835
0.15109429200000002,1785795316.273105238,/loadcell_data_filtered.wrench.force.z,4287.1890990397
0.151530901,1785795316.273541847,/loadcell_data_filtered.wrench.force.z,4291.542253565907
0.151842911,1785795316.273853857,/loadcell_data_filtered.wrench.force.z,4295.636426003951
0.152279688,1785795316.274290634,/loadcell_data_filtered.wrench.force.z,4299.671307561083
0.15274785800000001,1785795316.274758804,/loadcell_data_filtered.wrench.force.z,4303.2567890342225
0.15316059,1785795316.275171536,/loadcell_data_filtered.wrench.force.z,4305.886705397391
0.153485002,1785795316.275495948,/loadcell_data_filtered.wrench.force.z,4307.7689406407335
0.15382837800000002,1785795316.275839324,/loadcell_data_filtered.wrench.force.z,4307.8465777411375
0.154258962,1785795316.276269908,/loadcell_data_filtered.wrench.force.z,4306.814288584197
0.154657533,1785795316.276668479,/loadcell_data_filtered.wrench.force.z,4307.143550333961
0.155815868,1785795316.277826814,/loadcell_data_filtered.wrench.force.z,4307.4170541375315
0.156042389,1785795316.278053335,/loadcell_data_filtered.wrench.force.z,4307.656942851968
0.156206853,1785795316.278217799,/loadcell_data_filtered.wrench.force.z,4308.517125838161
0.156337102,1785795316.278348048,/loadcell_data_filtered.wrench.force.z,4309.511439061709
0.156492504,1785795316.278503450,/loadcell_data_filtered.wrench.force.z,4310.019044867183
0.15664549700000002,1785795316.278656443,/loadcell_data_filtered.wrench.force.z,4310.253854867635
0.15684832,1785795316.278859266,/loadcell_data_filtered.wrench.force.z,4309.779629261175
0.15704083700000002,1785795316.279051783,/loadcell_data_filtered.wrench.force.z,4303.131394856772
0.15737951,1785795316.279390456,/loadcell_data_filtered.wrench.force.z,4299.253039467601
0.157875139,1785795316.279886085,/loadcell_data_filtered.wrench.force.z,4295.074359903122
0.158422178,1785795316.280433124,/loadcell_data_filtered.wrench.force.z,4291.630470177621
0.15873837100000002,1785795316.280749317,/loadcell_data_filtered.wrench.force.z,4288.358986973685
0.159385035,1785795316.281395981,/loadcell_data_filtered.wrench.force.z,4286.590595155601
0.16607517100000002,1785795316.288086117,/loadcell_data_filtered.wrench.force.z,4284.796758825844
0.166556225,1785795316.288567171,/loadcell_data_filtered.wrench.force.z,4284.382183900715
0.166801729,1785795316.288812675,/loadcell_data_filtered.wrench.force.z,4284.562964691232
0.167101818,1785795316.289112764,/loadcell_data_filtered.wrench.force.z,4283.9710654474
0.167380054,1785795316.289391000,/loadcell_data_filtered.wrench.force.z,4283.6225669745445
0.16760227700000002,1785795316.289613223,/loadcell_data_filtered.wrench.force.z,4282.99764143
0.16782986700000002,1785795316.289840813,/loadcell_data_filtered.wrench.force.z,4282.713678921989
0.168131005,1785795316.290141951,/loadcell_data_filtered.wrench.force.z,4282.663121468472
0.168368551,1785795316.290379497,/loadcell_data_filtered.wrench.force.z,4282.860064688514
0.16860197500000002,1785795316.290612921,/loadcell_data_filtered.wrench.force.z,4288.781383192195
0.168731041,1785795316.290741987,/loadcell_data_filtered.wrench.force.z,4293.310409757061
0.16884695400000002,1785795316.290857900,/loadcell_data_filtered.wrench.force.z,4296.845058969162
0.16897704700000002,1785795316.290987993,/loadcell_data_filtered.wrench.force.z,4297.472415247755
0.169083367,1785795316.291094313,/loadcell_data_filtered.wrench.force.z,4298.201903783267
0.169202016,1785795316.291212962,/loadcell_data_filtered.wrench.force.z,4298.4429844817105
0.169319136,1785795316.291330082,/loadcell_data_filtered.wrench.force.z,4298.041772461266
0.16942981000000001,1785795316.291440756,/loadcell_data_filtered.wrench.force.z,4297.405509501421
0.170856178,1785795316.292867124,/loadcell_data_filtered.wrench.force.z,4296.991694878847
0.172093345,1785795316.294104291,/loadcell_data_filtered.wrench.force.z,4296.910689527697
0.17223490300000002,1785795316.294245849,/loadcell_data_filtered.wrench.force.z,4296.8372175318555
0.17235845100000002,1785795316.294369397,/loadcell_data_filtered.wrench.force.z,4297.386756644707
0.17248628400000002,1785795316.294497230,/loadcell_data_filtered.wrench.force.z,4297.680909921537
0.172618973,1785795316.294629919,/loadcell_data_filtered.wrench.force.z,4297.045780089516
0.172737206,1785795316.294748152,/loadcell_data_filtered.wrench.force.z,4296.950160121578
0.172851205,1785795316.294862151,/loadcell_data_filtered.wrench.force.z,4295.815568166197
0.175998006,1785795316.298008952,/loadcell_data_filtered.wrench.force.z,4291.235293508028
0.176301444,1785795316.298312390,/loadcell_data_filtered.wrench.force.z,4287.201968788299
0.177673668,1785795316.299684614,/loadcell_data_filtered.wrench.force.z,4282.22325294042
0.178313208,1785795316.300324154,/loadcell_data_filtered.wrench.force.z,4278.138443601213
0.178444963,1785795316.300455909,/loadcell_data_filtered.wrench.force.z,4275.873776957987
0.178574417,1785795316.300585363,/loadcell_data_filtered.wrench.force.z,4273.709317328564
0.178706618,1785795316.300717564,/loadcell_data_filtered.wrench.force.z,4272.668254963464
0.17882983700000002,1785795316.300840783,/loadcell_data_filtered.wrench.force.z,4272.8842550196905
0.178985855,1785795316.300996801,/loadcell_data_filtered.wrench.force.z,4273.678160374222
0.179120416,1785795316.301131362,/loadcell_data_filtered.wrench.force.z,4274.588186182746
0.179997553,1785795316.302008499,/loadcell_data_filtered.wrench.force.z,4274.42903177562
0.180612346,1785795316.302623292,/loadcell_data_filtered.wrench.force.z,4274.03894750941
0.180767787,1785795316.302778733,/loadcell_data_filtered.wrench.force.z,4273.090382267236
0.18089876100000002,1785795316.302909707,/loadcell_data_filtered.wrench.force.z,4273.321145209335
0.181041544,1785795316.303052490,/loadcell_data_filtered.wrench.force.z,4273.841844495649
0.181167461,1785795316.303178407,/loadcell_data_filtered.wrench.force.z,4274.30201235999
0.181473407,1785795316.303484353,/loadcell_data_filtered.wrench.force.z,4273.766428725878
0.182745598,1785795316.304756544,/loadcell_data_filtered.wrench.force.z,4279.926059980977
0.18341959200000002,1785795316.305430538,/loadcell_data_filtered.wrench.force.z,4283.948269417076
0.183870097,1785795316.305881043,/loadcell_data_filtered.wrench.force.z,4288.5583748054705
0.184298301,1785795316.306309247,/loadcell_data_filtered.wrench.force.z,4292.626139618988
0.185841684,1785795316.307852630,/loadcell_data_filtered.wrench.force.z,4295.5797862597665
0.18622338100000002,1785795316.308234327,/loadcell_data_filtered.wrench.force.z,4297.561092818133
0.186425854,1785795316.308436800,/loadcell_data_filtered.wrench.force.z,4300.118997162131
0.186688983,1785795316.308699929,/loadcell_data_filtered.wrench.force.z,4301.555008271217
0.187079977,1785795316.309090923,/loadcell_data_filtered.wrench.force.z,4302.661239512643
0.18932251900000002,1785795316.311333465,/loadcell_data_filtered.wrench.force.z,4303.478813018096
0.189589939,1785795316.311600885,/loadcell_data_filtered.wrench.force.z,4303.637421887757
0.18979537600000002,1785795316.311806322,/loadcell_data_filtered.wrench.force.z,4304.702665858776
0.189963716,1785795316.311974662,/loadcell_data_filtered.wrench.force.z,4306.261374614704
0.190148742,1785795316.312159688,/loadcell_data_filtered.wrench.force.z,4303.180591420885
0.190388004,1785795316.312398950,/loadcell_data_filtered.wrench.force.z,4300.682204869723
0.190639259,1785795316.312650205,/loadcell_data_filtered.wrench.force.z,4300.306466464534
0.19090304400000002,1785795316.312913990,/loadcell_data_filtered.wrench.force.z,4299.597534577228
0.191217843,1785795316.313228789,/loadcell_data_filtered.wrench.force.z,4294.277341836431
0.191491675,1785795316.313502621,/loadcell_data_filtered.wrench.force.z,4290.769417140383
0.192065114,1785795316.314076060,/loadcell_data_filtered.wrench.force.z,4287.063600455938
0.192491303,1785795316.314502249,/loadcell_data_filtered.wrench.force.z,4284.27094082987
0.19291797200000002,1785795316.314928918,/loadcell_data_filtered.wrench.force.z,4281.829035743859
0.19329911000000002,1785795316.315310056,/loadcell_data_filtered.wrench.force.z,4280.964805913839
0.19365389500000002,1785795316.315664841,/loadcell_data_filtered.wrench.force.z,4280.527978106745
0.19399650100000002,1785795316.316007447,/loadcell_data_filtered.wrench.force.z,4281.114839837796
0.19448343,1785795316.316494376,/loadcell_data_filtered.wrench.force.z,4282.060224584837
0.19482483,1785795316.316835776,/loadcell_data_filtered.wrench.force.z,4282.780018565316
0.195398335,1785795316.317409281,/loadcell_data_filtered.wrench.force.z,4283.575704541517
0.195836526,1785795316.317847472,/loadcell_data_filtered.wrench.force.z,4283.7907006435535
0.196253653,1785795316.318264599,/loadcell_data_filtered.wrench.force.z,4284.345728058759
0.19679939300000002,1785795316.318810339,/loadcell_data_filtered.wrench.force.z,4284.599852590159
0.197355151,1785795316.319366097,/loadcell_data_filtered.wrench.force.z,4284.973959813529
0.20252108400000002,1785795316.324532030,/loadcell_data_filtered.wrench.force.z,4285.351307052356
0.20276807800000002,1785795316.324779024,/loadcell_data_filtered.wrench.force.z,4287.042773986975
0.20297139600000003,1785795316.324982342,/loadcell_data_filtered.wrench.force.z,4293.287574068199
0.203150049,1785795316.325160995,/loadcell_data_filtered.wrench.force.z,4299.380760734772
0.20330556800000002,1785795316.325316514,/loadcell_data_filtered.wrench.force.z,4304.088520431116
0.20345881600000001,1785795316.325469762,/loadcell_data_filtered.wrench.force.z,4308.46474630049
0.203657048,1785795316.325667994,/loadcell_data_filtered.wrench.force.z,4312.469683999159
0.20383020000000002,1785795316.325841146,/loadcell_data_filtered.wrench.force.z,4314.665912693205
0.20399071700000002,1785795316.326001663,/loadcell_data_filtered.wrench.force.z,4308.123598276021
0.205509878,1785795316.327520824,/loadcell_data_filtered.wrench.force.z,4309.126994573148
0.205731515,1785795316.327742461,/loadcell_data_filtered.wrench.force.z,4307.851645404752
0.20589668600000002,1785795316.327907632,/loadcell_data_filtered.wrench.force.z,4307.680572081276
0.20606417200000002,1785795316.328075118,/loadcell_data_filtered.wrench.force.z,4301.406445353882
0.206234987,1785795316.328245933,/loadcell_data_filtered.wrench.force.z,4302.348623507135
0.20644667600000002,1785795316.328457622,/loadcell_data_filtered.wrench.force.z,4301.898800000556
0.20668318400000002,1785795316.328694130,/loadcell_data_filtered.wrench.force.z,4295.246273059492
0.20841761900000003,1785795316.330428565,/loadcell_data_filtered.wrench.force.z,4295.607137822732
0.208751981,1785795316.330762927,/loadcell_data_filtered.wrench.force.z,4293.871861590918
0.20904127,1785795316.331052216,/loadcell_data_filtered.wrench.force.z,4289.770792635083
0.20930842800000002,1785795316.331319374,/loadcell_data_filtered.wrench.force.z,4287.048636285369
0.20953602600000001,1785795316.331546972,/loadcell_data_filtered.wrench.force.z,4283.403283413391
0.209764687,1785795316.331775633,/loadcell_data_filtered.wrench.force.z,4280.496564136973
0.210045309,1785795316.332056255,/loadcell_data_filtered.wrench.force.z,4276.962814019141
0.21024622,1785795316.332257166,/loadcell_data_filtered.wrench.force.z,4273.195002320861
0.210415084,1785795316.332426030,/loadcell_data_filtered.wrench.force.z,4271.372394936381
0.21058862,1785795316.332599566,/loadcell_data_filtered.wrench.force.z,4270.867869903134
0.21075328100000001,1785795316.332764227,/loadcell_data_filtered.wrench.force.z,4270.343795968807
0.21108537000000002,1785795316.333096316,/loadcell_data_filtered.wrench.force.z,4270.16665074944
0.21165577900000002,1785795316.333666725,/loadcell_data_filtered.wrench.force.z,4269.2310264189955
0.21204188000000002,1785795316.334052826,/loadcell_data_filtered.wrench.force.z,4268.033983609692
0.21290672400000002,1785795316.334917670,/loadcell_data_filtered.wrench.force.z,4266.697084978729
0.21319601800000001,1785795316.335206964,/loadcell_data_filtered.wrench.force.z,4265.241719519153
0.21383521100000003,1785795316.335846157,/loadcell_data_filtered.wrench.force.z,4263.987621836197
0.21442428800000002,1785795316.336435234,/loadcell_data_filtered.wrench.force.z,4262.498070535495
0.21497000400000002,1785795316.336980950,/loadcell_data_filtered.wrench.force.z,4261.526671473646
0.21544270000000001,1785795316.337453646,/loadcell_data_filtered.wrench.force.z,4266.299566160333
0.21584096200000003,1785795316.337851908,/loadcell_data_filtered.wrench.force.z,4269.3484142160005
0.21956133600000002,1785795316.341572282,/loadcell_data_filtered.wrench.force.z,4272.70791458666
0.21998726700000001,1785795316.341998213,/loadcell_data_filtered.wrench.force.z,4275.324376670328
0.22025112600000002,1785795316.342262072,/loadcell_data_filtered.wrench.force.z,4278.128969290761
0.220548979,1785795316.342559925,/loadcell_data_filtered.wrench.force.z,4279.198440535109
0.220819764,1785795316.342830710,/loadcell_data_filtered.wrench.force.z,4279.995791274945
0.221140473,1785795316.343151419,/loadcell_data_filtered.wrench.force.z,4280.18957830174
0.221454971,1785795316.343465917,/loadcell_data_filtered.wrench.force.z,4280.525409338183
0.22171784000000003,1785795316.343728786,/loadcell_data_filtered.wrench.force.z,4281.116213843121
0.2219048,1785795316.343915746,/loadcell_data_filtered.wrench.force.z,4279.411125965185
0.222105711,1785795316.344116657,/loadcell_data_filtered.wrench.force.z,4278.854791155119
0.22228814700000002,1785795316.344299093,/loadcell_data_filtered.wrench.force.z,4278.384086538866
0.22244660500000002,1785795316.344457551,/loadcell_data_filtered.wrench.force.z,4278.085255627549
0.222630933,1785795316.344641879,/loadcell_data_filtered.wrench.force.z,4277.571952438127
0.22280233500000002,1785795316.344813281,/loadcell_data_filtered.wrench.force.z,4277.176479706303
0.223121018,1785795316.345131964,/loadcell_data_filtered.wrench.force.z,4276.679961436111
0.223604307,1785795316.345615253,/loadcell_data_filtered.wrench.force.z,4270.530337880273
0.224319297,1785795316.346330243,/loadcell_data_filtered.wrench.force.z,4266.040935438707
0.22528920200000002,1785795316.347300148,/loadcell_data_filtered.wrench.force.z,4262.2046863877795
0.225606936,1785795316.347617882,/loadcell_data_filtered.wrench.force.z,4258.559138913947
0.225880519,1785795316.347891465,/loadcell_data_filtered.wrench.force.z,4256.267980624299
0.22623906600000002,1785795316.348250012,/loadcell_data_filtered.wrench.force.z,4254.572497887959
0.22789272500000002,1785795316.349903671,/loadcell_data_filtered.wrench.force.z,4253.966199069517
0.228166206,1785795316.350177152,/loadcell_data_filtered.wrench.force.z,4254.071620010049
0.22841519700000001,1785795316.350426143,/loadcell_data_filtered.wrench.force.z,4254.438919224558
0.22865321000000002,1785795316.350664156,/loadcell_data_filtered.wrench.force.z,4254.53643892422
0.22891767100000002,1785795316.350928617,/loadcell_data_filtered.wrench.force.z,4254.407931765994
0.22915368800000002,1785795316.351164634,/loadcell_data_filtered.wrench.force.z,4253.9560334262405
0.22982291300000002,1785795316.351833859,/loadcell_data_filtered.wrench.force.z,4253.712216575369
0.230247376,1785795316.352258322,/loadcell_data_filtered.wrench.force.z,4253.261637693738
0.230598922,1785795316.352609868,/loadcell_data_filtered.wrench.force.z,4252.4003090430115
0.231066862,1785795316.353077808,/loadcell_data_filtered.wrench.force.z,4251.964328828669
0.23169398500000002,1785795316.353704931,/loadcell_data_filtered.wrench.force.z,4254.072665184676
0.23261382800000002,1785795316.354624774,/loadcell_data_filtered.wrench.force.z,4259.344159845327
0.23316830500000002,1785795316.355179251,/loadcell_data_filtered.wrench.force.z,4264.183230899503
0.236028379,1785795316.358039325,/loadcell_data_filtered.wrench.force.z,4267.987262774359
0.236400505,1785795316.358411451,/loadcell_data_filtered.wrench.force.z,4270.877099470152
0.236896982,1785795316.358907928,/loadcell_data_filtered.wrench.force.z,4274.482719000781
0.237338088,1785795316.359349034,/loadcell_data_filtered.wrench.force.z,4276.679806176304
0.237752011,1785795316.359762957,/loadcell_data_filtered.wrench.force.z,4277.850818612444
0.23810154500000003,1785795316.360112491,/loadcell_data_filtered.wrench.force.z,4278.942996137212
0.23841920100000003,1785795316.360430147,/loadcell_data_filtered.wrench.force.z,4280.134985517581
0.23873959800000003,1785795316.360750544,/loadcell_data_filtered.wrench.force.z,4280.720882953096
0.23910398700000002,1785795316.361114933,/loadcell_data_filtered.wrench.force.z,4280.56319440329
0.239414912,1785795316.361425858,/loadcell_data_filtered.wrench.force.z,4281.101620845119
0.23967548000000002,1785795316.361686426,/loadcell_data_filtered.wrench.force.z,4282.07364897881
0.24001875400000003,1785795316.362029700,/loadcell_data_filtered.wrench.force.z,4282.912506498713
0.24028551,1785795316.362296456,/loadcell_data_filtered.wrench.force.z,4283.645805771988
0.240495478,1785795316.362506424,/loadcell_data_filtered.wrench.force.z,4284.450971286202
0.240728885,1785795316.362739831,/loadcell_data_filtered.wrench.force.z,4280.219478160661
0.24409746300000001,1785795316.366108409,/loadcell_data_filtered.wrench.force.z,4277.941335096472
0.24456764400000003,1785795316.366578590,/loadcell_data_filtered.wrench.force.z,4274.624320811456
0.245066112,1785795316.367077058,/loadcell_data_filtered.wrench.force.z,4272.567578480531
0.24540245600000002,1785795316.367413402,/loadcell_data_filtered.wrench.force.z,4271.07101769863
0.24571788800000002,1785795316.367728834,/loadcell_data_filtered.wrench.force.z,4270.387784797854
0.24608833500000002,1785795316.368099281,/loadcell_data_filtered.wrench.force.z,4270.050935559469
0.246452103,1785795316.368463049,/loadcell_data_filtered.wrench.force.z,4271.095577194968
0.246816252,1785795316.368827198,/loadcell_data_filtered.wrench.force.z,4271.970224752139
0.24723309000000002,1785795316.369244036,/loadcell_data_filtered.wrench.force.z,4272.048754769742
0.247609674,1785795316.369620620,/loadcell_data_filtered.wrench.force.z,4272.821882303732
0.247941352,1785795316.369952298,/loadcell_data_filtered.wrench.force.z,4273.443164658613
0.24831762200000002,1785795316.370328568,/loadcell_data_filtered.wrench.force.z,4273.926410381469
0.248676947,1785795316.370687893,/loadcell_data_filtered.wrench.force.z,4274.473359110448
0.24916727900000002,1785795316.371178225,/loadcell_data_filtered.wrench.force.z,4275.030496184601
0.24962340300000002,1785795316.371634349,/loadcell_data_filtered.wrench.force.z,4275.154692171137
0.250046643,1785795316.372057589,/loadcell_data_filtered.wrench.force.z,4275.986650584563
0.252281947,1785795316.374292893,/loadcell_data_filtered.wrench.force.z,4282.357094994258
0.252570605,1785795316.374581551,/loadcell_data_filtered.wrench.force.z,4286.94787654154
0.25284545,1785795316.374856396,/loadcell_data_filtered.wrench.force.z,4292.230116348413
0.25306652700000004,1785795316.375077473,/loadcell_data_filtered.wrench.force.z,4296.808897953964
0.25330136400000003,1785795316.375312310,/loadcell_data_filtered.wrench.force.z,4301.179313527341
0.253573159,1785795316.375584105,/loadcell_data_filtered.wrench.force.z,4303.617738485873
0.25387571800000003,1785795316.375886664,/loadcell_data_filtered.wrench.force.z,4306.105891194404
0.254265307,1785795316.376276253,/loadcell_data_filtered.wrench.force.z,4307.449924380365
0.254628044,1785795316.376638990,/loadcell_data_filtered.wrench.force.z,4308.036644917061
0.255003975,1785795316.377014921,/loadcell_data_filtered.wrench.force.z,4307.388534848709
0.255366197,1785795316.377377143,/loadcell_data_filtered.wrench.force.z,4307.830019970064
0.255747591,1785795316.377758537,/loadcell_data_filtered.wrench.force.z,4308.444829512982
0.256065993,1785795316.378076939,/loadcell_data_filtered.wrench.force.z,4308.749953680578
0.256322901,1785795316.378333847,/loadcell_data_filtered.wrench.force.z,4309.014773412187
0.25663399800000003,1785795316.378644944,/loadcell_data_filtered.wrench.force.z,4309.300937685822
0.260619184,1785795316.382630130,/loadcell_data_filtered.wrench.force.z,4309.002269963687
0.261267961,1785795316.383278907,/loadcell_data_filtered.wrench.force.z,4308.649691303311
0.261890818,1785795316.383901764,/loadcell_data_filtered.wrench.force.z,4303.366245013075
0.262973289,1785795316.384984235,/loadcell_data_filtered.wrench.force.z,4299.984730406987
0.263569419,1785795316.385580365,/loadcell_data_filtered.wrench.force.z,4297.486523792756
0.263998255,1785795316.386009201,/loadcell_data_filtered.wrench.force.z,4294.798561728402
0.264582419,1785795316.386593365,/loadcell_data_filtered.wrench.force.z,4293.991993919322
0.264926518,1785795316.386937464,/loadcell_data_filtered.wrench.force.z,4293.099364365325
0.26526055800000004,1785795316.387271504,/loadcell_data_filtered.wrench.force.z,4292.781641031783
0.26560469600000003,1785795316.387615642,/loadcell_data_filtered.wrench.force.z,4292.21627308912
0.26601987800000004,1785795316.388030824,/loadcell_data_filtered.wrench.force.z,4291.166686668957
0.266398584,1785795316.388409530,/loadcell_data_filtered.wrench.force.z,4290.217676906546
0.266805151,1785795316.388816097,/loadcell_data_filtered.wrench.force.z,4289.325468985408
0.267215439,1785795316.389226385,/loadcell_data_filtered.wrench.force.z,4288.7778327949345
0.267831949,1785795316.389842895,/loadcell_data_filtered.wrench.force.z,4288.114634066947
0.268336845,1785795316.390347791,/loadcell_data_filtered.wrench.force.z,4287.372477341123
0.26864959,1785795316.390660536,/loadcell_data_filtered.wrench.force.z,4290.023967855422
0.268920885,1785795316.390931831,/loadcell_data_filtered.wrench.force.z,4294.019876308091
0.269191046,1785795316.391201992,/loadcell_data_filtered.wrench.force.z,4298.270484938726
0.26948864,1785795316.391499586,/loadcell_data_filtered.wrench.force.z,4301.579312330048
0.26973793100000004,1785795316.391748877,/loadcell_data_filtered.wrench.force.z,4304.31657541931
0.270002807,1785795316.392013753,/loadcell_data_filtered.wrench.force.z,4306.610671377466
0.270301583,1785795316.392312529,/loadcell_data_filtered.wrench.force.z,4308.266068808576
0.270593754,1785795316.392604700,/loadcell_data_filtered.wrench.force.z,4307.869792850656
0.270913246,1785795316.392924192,/loadcell_data_filtered.wrench.force.z,4307.586884861337
0.271231924,1785795316.393242870,/loadcell_data_filtered.wrench.force.z,4308.059104610598
0.271492456,1785795316.393503402,/loadcell_data_filtered.wrench.force.z,4308.187774814572
0.27170661,1785795316.393717556,/loadcell_data_filtered.wrench.force.z,4308.49853684803
0.271916145,1785795316.393927091,/loadcell_data_filtered.wrench.force.z,4308.586093184506
0.272146451,1785795316.394157397,/loadcell_data_filtered.wrench.force.z,4308.71754537064
0.274708973,1785795316.396719919,/loadcell_data_filtered.wrench.force.z,4309.234462836011
0.27643637000000004,1785795316.398447316,/loadcell_data_filtered.wrench.force.z,4309.3826683046655
0.276938836,1785795316.398949782,/loadcell_data_filtered.wrench.force.z,4310.284421190181
0.277389578,1785795316.399400524,/loadcell_data_filtered.wrench.force.z,4305.699458870461
0.277768515,1785795316.399779461,/loadcell_data_filtered.wrench.force.z,4303.643505705431
0.27814598100000004,1785795316.400156927,/loadcell_data_filtered.wrench.force.z,4300.852361688401
0.278545105,1785795316.400556051,/loadcell_data_filtered.wrench.force.z,4298.059327280247
0.278791831,1785795316.400802777,/loadcell_data_filtered.wrench.force.z,4295.133280196962
0.279043202,1785795316.401054148,/loadcell_data_filtered.wrench.force.z,4292.107371946929
0.28094735000000004,1785795316.402958296,/loadcell_data_filtered.wrench.force.z,4290.780112842996
0.281494148,1785795316.403505094,/loadcell_data_filtered.wrench.force.z,4290.948046464173
0.281668643,1785795316.403679589,/loadcell_data_filtered.wrench.force.z,4291.934493969435
0.281876477,1785795316.403887423,/loadcell_data_filtered.wrench.force.z,4292.573366776966
0.282087537,1785795316.404098483,/loadcell_data_filtered.wrench.force.z,4293.170854528309
0.282264196,1785795316.404275142,/loadcell_data_filtered.wrench.force.z,4293.6508827058715
0.282479561,1785795316.404490507,/loadcell_data_filtered.wrench.force.z,4293.547738084868
0.28268908200000004,1785795316.404700028,/loadcell_data_filtered.wrench.force.z,4293.677733698864
0.28288581300000004,1785795316.404896759,/loadcell_data_filtered.wrench.force.z,4294.080311028728
0.28344878900000003,1785795316.405459735,/loadcell_data_filtered.wrench.force.z,4294.54394237432
0.283512205,1785795316.405523151,/loadcell_data_filtered.wrench.force.z,4294.097332257867
0.283516162,1785795316.405527108,/loadcell_data_filtered.wrench.force.z,4299.230924624022
0.28356704,1785795316.405577986,/loadcell_data_filtered.wrench.force.z,4302.212603552268
0.283731928,1785795316.405742874,/loadcell_data_filtered.wrench.force.z,4305.828252525608
0.28389774300000004,1785795316.405908689,/loadcell_data_filtered.wrench.force.z,4308.895276732391
0.28408035800000003,1785795316.406091304,/loadcell_data_filtered.wrench.force.z,4311.399939864499
0.28423859,1785795316.406249536,/loadcell_data_filtered.wrench.force.z,4312.220151591913
0.284848133,1785795316.406859079,/loadcell_data_filtered.wrench.force.z,4312.853239482855
0.285216479,1785795316.407227425,/loadcell_data_filtered.wrench.force.z,4312.707254996289
0.285651386,1785795316.407662332,/loadcell_data_filtered.wrench.force.z,4312.434106799958
0.286442988,1785795316.408453934,/loadcell_data_filtered.wrench.force.z,4312.325233210385
0.28773452800000004,1785795316.409745474,/loadcell_data_filtered.wrench.force.z,4311.765792877808
0.288041496,1785795316.410052442,/loadcell_data_filtered.wrench.force.z,4311.730550175913
0.288173446,1785795316.410184392,/loadcell_data_filtered.wrench.force.z,4312.098800035197
0.288304275,1785795316.410315221,/loadcell_data_filtered.wrench.force.z,4312.989394382905
0.28880032,1785795316.410811266,/loadcell_data_filtered.wrench.force.z,4312.683344204775
0.28975722000000004,1785795316.411768166,/loadcell_data_filtered.wrench.force.z,4312.22120574597
0.290280091,1785795316.412291037,/loadcell_data_filtered.wrench.force.z,4311.807412867862
0.29067665800000003,1785795316.412687604,/loadcell_data_filtered.wrench.force.z,4306.399766968484
0.291078887,1785795316.413089833,/loadcell_data_filtered.wrench.force.z,4302.277467463602
0.291714067,1785795316.413725013,/loadcell_data_filtered.wrench.force.z,4298.885811394675
0.29216709100000005,1785795316.414178037,/loadcell_data_filtered.wrench.force.z,4295.780277085621
0.29248494,1785795316.414495886,/loadcell_data_filtered.wrench.force.z,4292.807970297507
0.292841776,1785795316.414852722,/loadcell_data_filtered.wrench.force.z,4291.678478074913
0.293388547,1785795316.415399493,/loadcell_data_filtered.wrench.force.z,4291.658613000855
0.29376981,1785795316.415780756,/loadcell_data_filtered.wrench.force.z,4292.150627019453
0.29430568700000004,1785795316.416316633,/loadcell_data_filtered.wrench.force.z,4293.102896968097
0.294708797,1785795316.416719743,/loadcell_data_filtered.wrench.force.z,4293.71208475228
0.295354634,1785795316.417365580,/loadcell_data_filtered.wrench.force.z,4294.026079724624
0.296068704,1785795316.418079650,/loadcell_data_filtered.wrench.force.z,4294.031067331127
0.296308929,1785795316.418319875,/loadcell_data_filtered.wrench.force.z,4294.170243075883
0.29924352000000004,1785795316.421254466,/loadcell_data_filtered.wrench.force.z,4294.098789410769
0.29989997700000004,1785795316.421910923,/loadcell_data_filtered.wrench.force.z,4294.393862991919
0.300169907,1785795316.422180853,/loadcell_data_filtered.wrench.force.z,4295.1855701953045
0.300355026,1785795316.422365972,/loadcell_data_filtered.wrench.force.z,4300.340129539116
0.30051853,1785795316.422529476,/loadcell_data_filtered.wrench.force.z,4305.103799748596
0.300680076,1785795316.422691022,/loadcell_data_filtered.wrench.force.z,4310.703748615782
0.300829014,1785795316.422839960,/loadcell_data_filtered.wrench.force.z,4314.5516976877625
0.30402108,1785795316.426032026,/loadcell_data_filtered.wrench.force.z,4316.5788491780795
0.304644374,1785795316.426655320,/loadcell_data_filtered.wrench.force.z,4319.9218899436455
0.305068761,1785795316.427079707,/loadcell_data_filtered.wrench.force.z,4321.775700370938
0.30544298000000003,1785795316.427453926,/loadcell_data_filtered.wrench.force.z,4323.22633598
0.305898624,1785795316.427909570,/loadcell_data_filtered.wrench.force.z,4324.192461535034
0.306412303,1785795316.428423249,/loadcell_data_filtered.wrench.force.z,4325.315927375256
0.306910014,1785795316.428920960,/loadcell_data_filtered.wrench.force.z,4326.662028678332
0.30745125100000004,1785795316.429462197,/loadcell_data_filtered.wrench.force.z,4327.367543010464
0.307977538,1785795316.429988484,/loadcell_data_filtered.wrench.force.z,4328.191254687019
0.308459821,1785795316.430470767,/loadcell_data_filtered.wrench.force.z,4329.049667447378
0.30882976300000003,1785795316.430840709,/loadcell_data_filtered.wrench.force.z,4328.53213942373
0.309196855,1785795316.431207801,/loadcell_data_filtered.wrench.force.z,4329.060559044031
0.309527755,1785795316.431538701,/loadcell_data_filtered.wrench.force.z,4329.002422080103
0.309743831,1785795316.431754777,/loadcell_data_filtered.wrench.force.z,4323.8687637956755
0.309929875,1785795316.431940821,/loadcell_data_filtered.wrench.force.z,4320.921886540372
0.31015010200000004,1785795316.432161048,/loadcell_data_filtered.wrench.force.z,4317.339830891268
0.31036713200000005,1785795316.432378078,/loadcell_data_filtered.wrench.force.z,4314.565161198991
0.31054748600000004,1785795316.432558432,/loadcell_data_filtered.wrench.force.z,4311.7447733095905
0.31073327100000003,1785795316.432744217,/loadcell_data_filtered.wrench.force.z,4310.118089847739
0.310906933,1785795316.432917879,/loadcell_data_filtered.wrench.force.z,4309.171832207695
0.31109636700000004,1785795316.433107313,/loadcell_data_filtered.wrench.force.z,4309.292345213347
0.311276357,1785795316.433287303,/loadcell_data_filtered.wrench.force.z,4309.702085997608
0.311482674,1785795316.433493620,/loadcell_data_filtered.wrench.force.z,4309.984705965698
0.311685574,1785795316.433696520,/loadcell_data_filtered.wrench.force.z,4309.849765424944
0.31248850100000003,1785795316.434499447,/loadcell_data_filtered.wrench.force.z,4309.5163275277655
0.313044066,1785795316.435055012,/loadcell_data_filtered.wrench.force.z,4309.338839518167
0.314905319,1785795316.436916265,/loadcell_data_filtered.wrench.force.z,4308.82165925822
0.31528684300000004,1785795316.437297789,/loadcell_data_filtered.wrench.force.z,4308.471654459179
0.315608001,1785795316.437618947,/loadcell_data_filtered.wrench.force.z,4306.826507664262
0.316057914,1785795316.438068860,/loadcell_data_filtered.wrench.force.z,4300.699099828035
0.316474374,1785795316.438485320,/loadcell_data_filtered.wrench.force.z,4306.811455303045
0.316927334,1785795316.438938280,/loadcell_data_filtered.wrench.force.z,4309.842182424204
0.31726133900000003,1785795316.439272285,/loadcell_data_filtered.wrench.force.z,4313.381450882397
0.31756864100000004,1785795316.439579587,/loadcell_data_filtered.wrench.force.z,4315.82428503939
0.317959698,1785795316.439970644,/loadcell_data_filtered.wrench.force.z,4317.875767111875
0.31851832900000004,1785795316.440529275,/loadcell_data_filtered.wrench.force.z,4318.681708822573
0.31883573400000004,1785795316.440846680,/loadcell_data_filtered.wrench.force.z,4318.762014062784
0.31964220400000004,1785795316.441653150,/loadcell_data_filtered.wrench.force.z,4318.538565888832
0.32376708400000004,1785795316.445778030,/loadcell_data_filtered.wrench.force.z,4318.192529690786
0.32411010900000004,1785795316.446121055,/loadcell_data_filtered.wrench.force.z,4318.37841598628
0.32438915900000004,1785795316.446400105,/loadcell_data_filtered.wrench.force.z,4317.551474492512
0.324636356,1785795316.446647302,/loadcell_data_filtered.wrench.force.z,4317.532419538415
0.32487852300000003,1785795316.446889469,/loadcell_data_filtered.wrench.force.z,4317.412370368108
0.325138843,1785795316.447149789,/loadcell_data_filtered.wrench.force.z,4317.686438752688
0.325369156,1785795316.447380102,/loadcell_data_filtered.wrench.force.z,4317.526116151468
0.325594002,1785795316.447604948,/loadcell_data_filtered.wrench.force.z,4317.3444639098
0.32581299900000005,1785795316.447823945,/loadcell_data_filtered.wrench.force.z,4315.774326365135
0.32604445200000004,1785795316.448055398,/loadcell_data_filtered.wrench.force.z,4310.35956554097
0.32625829900000003,1785795316.448269245,/loadcell_data_filtered.wrench.force.z,4305.222694377909
0.326476025,1785795316.448486971,/loadcell_data_filtered.wrench.force.z,4299.7157440542405
0.326688988,1785795316.448699934,/loadcell_data_filtered.wrench.force.z,4295.636373864004
0.32690220400000003,1785795316.448913150,/loadcell_data_filtered.wrench.force.z,4291.593960807669
0.327128197,1785795316.449139143,/loadcell_data_filtered.wrench.force.z,4289.496694495871
0.327341096,1785795316.449352042,/loadcell_data_filtered.wrench.force.z,4288.303756484093
0.32757191300000005,1785795316.449582859,/loadcell_data_filtered.wrench.force.z,4287.720057614571
0.327769123,1785795316.449780069,/loadcell_data_filtered.wrench.force.z,4287.48486881539
0.32825716800000004,1785795316.450268114,/loadcell_data_filtered.wrench.force.z,4287.029509860637
0.328558389,1785795316.450569335,/loadcell_data_filtered.wrench.force.z,4286.726843274212
0.32923364,1785795316.451244586,/loadcell_data_filtered.wrench.force.z,4285.940645200165
0.330117131,1785795316.452128077,/loadcell_data_filtered.wrench.force.z,4285.177558798978
0.33057505800000003,1785795316.452586004,/loadcell_data_filtered.wrench.force.z,4284.502443438842
0.330904381,1785795316.452915327,/loadcell_data_filtered.wrench.force.z,4283.999002574897
0.33147809100000003,1785795316.453489037,/loadcell_data_filtered.wrench.force.z,4283.499763203696
0.33264533900000004,1785795316.454656285,/loadcell_data_filtered.wrench.force.z,4287.77780337902
0.33302546,1785795316.455036406,/loadcell_data_filtered.wrench.force.z,4290.9821310250145
0.333305705,1785795316.455316651,/loadcell_data_filtered.wrench.force.z,4294.97520092014
0.333570719,1785795316.455581665,/loadcell_data_filtered.wrench.force.z,4298.3141272749235
0.333843743,1785795316.455854689,/loadcell_data_filtered.wrench.force.z,4300.852116820793
0.334105399,1785795316.456116345,/loadcell_data_filtered.wrench.force.z,4302.857988168878
0.334722138,1785795316.456733084,/loadcell_data_filtered.wrench.force.z,4304.101502251559
0.33559066800000004,1785795316.457601614,/loadcell_data_filtered.wrench.force.z,4304.631318717428
0.33599859400000004,1785795316.458009540,/loadcell_data_filtered.wrench.force.z,4304.600334953019
0.33633646100000003,1785795316.458347407,/loadcell_data_filtered.wrench.force.z,4304.6885633932025
0.336791707,1785795316.458802653,/loadcell_data_filtered.wrench.force.z,4304.5707759237275
0.337569752,1785795316.459580698,/loadcell_data_filtered.wrench.force.z,4304.705993646671
0.33787420100000004,1785795316.459885147,/loadcell_data_filtered.wrench.force.z,4304.743398478081
0.33818780400000004,1785795316.460198750,/loadcell_data_filtered.wrench.force.z,4305.589447537366
0.33888808400000003,1785795316.460899030,/loadcell_data_filtered.wrench.force.z,4305.9502077872285
0.33909456400000004,1785795316.461105510,/loadcell_data_filtered.wrench.force.z,4305.4221327946225
0.339794556,1785795316.461805502,/loadcell_data_filtered.wrench.force.z,4305.472575139702
0.340517354,1785795316.462528300,/loadcell_data_filtered.wrench.force.z,4299.924192853533
0.34081116,1785795316.462822106,/loadcell_data_filtered.wrench.force.z,4296.797387230118
0.34165135100000005,1785795316.463662297,/loadcell_data_filtered.wrench.force.z,4293.185099382281
0.342433288,1785795316.464444234,/loadcell_data_filtered.wrench.force.z,4290.273817946537
0.342462133,1785795316.464473079,/loadcell_data_filtered.wrench.force.z,4287.4398309879525
0.34258054600000004,1785795316.464591492,/loadcell_data_filtered.wrench.force.z,4285.549167876707
0.34473330900000004,1785795316.466744255,/loadcell_data_filtered.wrench.force.z,4284.49221076159
0.344988092,1785795316.466999038,/loadcell_data_filtered.wrench.force.z,4284.18434251397
0.345121465,1785795316.467132411,/loadcell_data_filtered.wrench.force.z,4285.417776151468
0.345247474,1785795316.467258420,/loadcell_data_filtered.wrench.force.z,4286.010170426126
0.34539826900000004,1785795316.467409215,/loadcell_data_filtered.wrench.force.z,4286.457287482964
0.34560709900000003,1785795316.467618045,/loadcell_data_filtered.wrench.force.z,4286.080918677768
0.34607507400000004,1785795316.468086020,/loadcell_data_filtered.wrench.force.z,4285.856913267481
0.346570569,1785795316.468581515,/loadcell_data_filtered.wrench.force.z,4286.051671992273
0.34711128500000005,1785795316.469122231,/loadcell_data_filtered.wrench.force.z,4285.853336013868
0.347592087,1785795316.469603033,/loadcell_data_filtered.wrench.force.z,4285.7631110296425
0.34798194400000004,1785795316.469992890,/loadcell_data_filtered.wrench.force.z,4286.041408818462
0.349240249,1785795316.471251195,/loadcell_data_filtered.wrench.force.z,4292.508096125472
0.34958071100000004,1785795316.471591657,/loadcell_data_filtered.wrench.force.z,4297.076501537892
0.34986450700000005,1785795316.471875453,/loadcell_data_filtered.wrench.force.z,4301.1026066417
0.350136465,1785795316.472147411,/loadcell_data_filtered.wrench.force.z,4304.179998797
0.35133346000000004,1785795316.473344406,/loadcell_data_filtered.wrench.force.z,4307.424705854236
0.35197921400000004,1785795316.473990160,/loadcell_data_filtered.wrench.force.z,4308.932335819207
0.35247050300000005,1785795316.474481449,/loadcell_data_filtered.wrench.force.z,4310.163507613433
0.35284716200000005,1785795316.474858108,/loadcell_data_filtered.wrench.force.z,4310.8982050160275
0.353252342,1785795316.475263288,/loadcell_data_filtered.wrench.force.z,4310.877697088778
0.35365650200000004,1785795316.475667448,/loadcell_data_filtered.wrench.force.z,4311.351449286052
0.354096731,1785795316.476107677,/loadcell_data_filtered.wrench.force.z,4311.391443412432
0.35499703800000004,1785795316.477007984,/loadcell_data_filtered.wrench.force.z,4312.000962685552
0.355042393,1785795316.477053339,/loadcell_data_filtered.wrench.force.z,4312.353507340882
0.35595646200000003,1785795316.477967408,/loadcell_data_filtered.wrench.force.z,4312.762807415174
0.356037541,1785795316.478048487,/loadcell_data_filtered.wrench.force.z,4312.933551323165
0.356332397,1785795316.478343343,/loadcell_data_filtered.wrench.force.z,4313.291494284682
0.356637519,1785795316.478648465,/loadcell_data_filtered.wrench.force.z,4311.12569569416
0.357049918,1785795316.479060864,/loadcell_data_filtered.wrench.force.z,4306.949445646808
0.35864958,1785795316.480660526,/loadcell_data_filtered.wrench.force.z,4303.166561240938
0.36336328900000003,1785795316.485374235,/loadcell_data_filtered.wrench.force.z,4299.931255254321
0.363747396,1785795316.485758342,/loadcell_data_filtered.wrench.force.z,4297.698481207737
0.36413381100000003,1785795316.486144757,/loadcell_data_filtered.wrench.force.z,4296.57743854763
0.364539822,1785795316.486550768,/loadcell_data_filtered.wrench.force.z,4297.197695494701
0.365027254,1785795316.487038200,/loadcell_data_filtered.wrench.force.z,4297.878206602115
0.366276135,1785795316.488287081,/loadcell_data_filtered.wrench.force.z,4298.853911680041
0.36628878400000003,1785795316.488299730,/loadcell_data_filtered.wrench.force.z,4299.459026899227
0.366370024,1785795316.488380970,/loadcell_data_filtered.wrench.force.z,4300.453419381131
0.36681320500000003,1785795316.488824151,/loadcell_data_filtered.wrench.force.z,4301.348340434199
0.36723429700000004,1785795316.489245243,/loadcell_data_filtered.wrench.force.z,4301.88733479764
0.367523922,1785795316.489534868,/loadcell_data_filtered.wrench.force.z,4302.2843677271285
0.36783702500000004,1785795316.489847971,/loadcell_data_filtered.wrench.force.z,4301.860208887671
0.36814197200000004,1785795316.490152918,/loadcell_data_filtered.wrench.force.z,4299.969509972853
0.368419806,1785795316.490430752,/loadcell_data_filtered.wrench.force.z,4305.393177793187
0.36868683,1785795316.490697776,/loadcell_data_filtered.wrench.force.z,4309.888588706484
0.368958426,1785795316.490969372,/loadcell_data_filtered.wrench.force.z,4315.087455456031
0.36924685900000004,1785795316.491257805,/loadcell_data_filtered.wrench.force.z,4318.726621533636
0.36955543500000004,1785795316.491566381,/loadcell_data_filtered.wrench.force.z,4321.155478061176
0.36988337400000004,1785795316.491894320,/loadcell_data_filtered.wrench.force.z,4323.821732340715
0.370191741,1785795316.492202687,/loadcell_data_filtered.wrench.force.z,4325.728210260065
0.37052855100000004,1785795316.492539497,/loadcell_data_filtered.wrench.force.z,4326.857293042922
0.37106789700000004,1785795316.493078843,/loadcell_data_filtered.wrench.force.z,4327.760468813662
0.372063631,1785795316.494074577,/loadcell_data_filtered.wrench.force.z,4328.387639856182
0.37208577200000004,1785795316.494096718,/loadcell_data_filtered.wrench.force.z,4329.306128970087
0.37364376400000004,1785795316.495654710,/loadcell_data_filtered.wrench.force.z,4329.384459909434
0.37389270100000005,1785795316.495903647,/loadcell_data_filtered.wrench.force.z,4329.668723207033
0.374081783,1785795316.496092729,/loadcell_data_filtered.wrench.force.z,4330.529654841667
0.374244108,1785795316.496255054,/loadcell_data_filtered.wrench.force.z,4330.732594177627
0.37440060900000005,1785795316.496411555,/loadcell_data_filtered.wrench.force.z,4331.392697691075
0.374562671,1785795316.496573617,/loadcell_data_filtered.wrench.force.z,4331.669036152872
0.37473172000000005,1785795316.496742666,/loadcell_data_filtered.wrench.force.z,4326.590396902681
0.374898838,1785795316.496909784,/loadcell_data_filtered.wrench.force.z,4322.676582225193
0.376784677,1785795316.498795623,/loadcell_data_filtered.wrench.force.z,4318.094777230639
0.381162761,1785795316.503173707,/loadcell_data_filtered.wrench.force.z,4314.813895567274
0.381308519,1785795316.503319465,/loadcell_data_filtered.wrench.force.z,4312.12738956842
0.38143627100000005,1785795316.503447217,/loadcell_data_filtered.wrench.force.z,4310.821476713834
0.38155708400000005,1785795316.503568030,/loadcell_data_filtered.wrench.force.z,4310.005354537607
0.381675694,1785795316.503686640,/loadcell_data_filtered.wrench.force.z,4310.226411222369
0.383338809,1785795316.505349755,/loadcell_data_filtered.wrench.force.z,4310.571220420196
0.383961406,1785795316.505972352,/loadcell_data_filtered.wrench.force.z,4310.90892463781
0.38458662600000004,1785795316.506597572,/loadcell_data_filtered.wrench.force.z,4310.900714210407
0.385235025,1785795316.507245971,/loadcell_data_filtered.wrench.force.z,4310.635858214398
0.38575090100000003,1785795316.507761847,/loadcell_data_filtered.wrench.force.z,4310.558694342668
0.386247789,1785795316.508258735,/loadcell_data_filtered.wrench.force.z,4310.375939051341
0.386687098,1785795316.508698044,/loadcell_data_filtered.wrench.force.z,4315.550049559328
0.387064383,1785795316.509075329,/loadcell_data_filtered.wrench.force.z,4320.388788181806
0.38746373900000003,1785795316.509474685,/loadcell_data_filtered.wrench.force.z,4324.201491988646
0.38777630900000004,1785795316.509787255,/loadcell_data_filtered.wrench.force.z,4325.950839859745
0.388100532,1785795316.510111478,/loadcell_data_filtered.wrench.force.z,4328.364095916779
0.38842354700000004,1785795316.510434493,/loadcell_data_filtered.wrench.force.z,4329.204363032734
0.388796103,1785795316.510807049,/loadcell_data_filtered.wrench.force.z,4329.587741531902
0.389246466,1785795316.511257412,/loadcell_data_filtered.wrench.force.z,4329.7773538758565
0.389786993,1785795316.511797939,/loadcell_data_filtered.wrench.force.z,4329.860743347785
0.390305799,1785795316.512316745,/loadcell_data_filtered.wrench.force.z,4330.24963022229
0.39077229700000005,1785795316.512783243,/loadcell_data_filtered.wrench.force.z,4330.700220983766
0.391258064,1785795316.513269010,/loadcell_data_filtered.wrench.force.z,4331.036510120909
0.391766536,1785795316.513777482,/loadcell_data_filtered.wrench.force.z,4332.355426560247
0.39232007500000005,1785795316.514331021,/loadcell_data_filtered.wrench.force.z,4333.525975779432
0.392886245,1785795316.514897191,/loadcell_data_filtered.wrench.force.z,4334.388692440234
0.39332200100000003,1785795316.515332947,/loadcell_data_filtered.wrench.force.z,4335.456739633552
0.393713279,1785795316.515724225,/loadcell_data_filtered.wrench.force.z,4332.772319498324
0.394106243,1785795316.516117189,/loadcell_data_filtered.wrench.force.z,4329.678028227253
0.39446055,1785795316.516471496,/loadcell_data_filtered.wrench.force.z,4325.155228829756
0.394724939,1785795316.516735885,/loadcell_data_filtered.wrench.force.z,4322.74539739839
0.394932669,1785795316.516943615,/loadcell_data_filtered.wrench.force.z,4320.648932690439
0.39514426500000005,1785795316.517155211,/loadcell_data_filtered.wrench.force.z,4318.342305340291
0.395356027,1785795316.517366973,/loadcell_data_filtered.wrench.force.z,4310.460303700484
0.395610365,1785795316.517621311,/loadcell_data_filtered.wrench.force.z,4310.280107549908
0.39593927100000004,1785795316.517950217,/loadcell_data_filtered.wrench.force.z,4310.016518003207
0.396276416,1785795316.518287362,/loadcell_data_filtered.wrench.force.z,4310.589856739574
0.396528771,1785795316.518539717,/loadcell_data_filtered.wrench.force.z,4311.136919627109
0.396888566,1785795316.518899512,/loadcell_data_filtered.wrench.force.z,4311.32629416209
0.397294974,1785795316.519305920,/loadcell_data_filtered.wrench.force.z,4311.533463220524
0.39769381000000004,1785795316.519704756,/loadcell_data_filtered.wrench.force.z,4311.38739024636
0.39817363,1785795316.520184576,/loadcell_data_filtered.wrench.force.z,4310.972440725279
0.398752847,1785795316.520763793,/loadcell_data_filtered.wrench.force.z,4310.932823438137
0.399319101,1785795316.521330047,/loadcell_data_filtered.wrench.force.z,4310.809670731344
0.39994270000000004,1785795316.521953646,/loadcell_data_filtered.wrench.force.z,4315.839625312896
0.40166607800000004,1785795316.523677024,/loadcell_data_filtered.wrench.force.z,4319.3033046604705
0.40232004400000004,1785795316.524330990,/loadcell_data_filtered.wrench.force.z,4323.375027307827
0.40286238900000004,1785795316.524873335,/loadcell_data_filtered.wrench.force.z,4326.424455643246
0.40363674800000005,1785795316.525647694,/loadcell_data_filtered.wrench.force.z,4329.169438060988
0.403847122,1785795316.525858068,/loadcell_data_filtered.wrench.force.z,4330.869564587156
0.40431198900000004,1785795316.526322935,/loadcell_data_filtered.wrench.force.z,4331.963049717061
0.40475009300000003,1785795316.526761039,/loadcell_data_filtered.wrench.force.z,4332.192961430273
0.40513354300000004,1785795316.527144489,/loadcell_data_filtered.wrench.force.z,4331.960793290456
0.40550184,1785795316.527512786,/loadcell_data_filtered.wrench.force.z,4332.245322820146
0.40586443200000005,1785795316.527875378,/loadcell_data_filtered.wrench.force.z,4332.281495098117
0.406268826,1785795316.528279772,/loadcell_data_filtered.wrench.force.z,4332.248890333531
0.40671396200000004,1785795316.528724908,/loadcell_data_filtered.wrench.force.z,4332.230584741401
0.40715961300000003,1785795316.529170559,/loadcell_data_filtered.wrench.force.z,4332.13240595434
0.407706281,1785795316.529717227,/loadcell_data_filtered.wrench.force.z,4331.943410495795
0.40861795,1785795316.530628896,/loadcell_data_filtered.wrench.force.z,4331.871131571521
0.40936984600000004,1785795316.531380792,/loadcell_data_filtered.wrench.force.z,4332.103694903037
0.40982760900000004,1785795316.531838555,/loadcell_data_filtered.wrench.force.z,4326.7575196216085
0.410314192,1785795316.532325138,/loadcell_data_filtered.wrench.force.z,4323.553189119409
0.41080578300000004,1785795316.532816729,/loadcell_data_filtered.wrench.force.z,4319.744892816319
0.41122812900000005,1785795316.533239075,/loadcell_data_filtered.wrench.force.z,4317.004175775488
0.41159831,1785795316.533609256,/loadcell_data_filtered.wrench.force.z,4314.083397709623
0.411950266,1785795316.533961212,/loadcell_data_filtered.wrench.force.z,4313.219515055989
0.412430658,1785795316.534441604,/loadcell_data_filtered.wrench.force.z,4312.328284937862
0.41287105,1785795316.534881996,/loadcell_data_filtered.wrench.force.z,4312.251983729632
0.413334087,1785795316.535345033,/loadcell_data_filtered.wrench.force.z,4313.068494982089
0.41372186600000005,1785795316.535732812,/loadcell_data_filtered.wrench.force.z,4314.30060902226
0.41414210100000004,1785795316.536153047,/loadcell_data_filtered.wrench.force.z,4315.18937933243
0.41466731100000004,1785795316.536678257,/loadcell_data_filtered.wrench.force.z,4315.267499723258
0.415480925,1785795316.537491871,/loadcell_data_filtered.wrench.force.z,4314.597685066769
0.41607556100000004,1785795316.538086507,/loadcell_data_filtered.wrench.force.z,4314.585778749763
0.41696148400000005,1785795316.538972430,/loadcell_data_filtered.wrench.force.z,4314.831351959104
0.41763014400000004,1785795316.539641090,/loadcell_data_filtered.wrench.force.z,4314.884371938272
0.41813133,1785795316.540142276,/loadcell_data_filtered.wrench.force.z,4316.032629861722
0.41849124200000004,1785795316.540502188,/loadcell_data_filtered.wrench.force.z,4322.442154328294
0.41883868900000004,1785795316.540849635,/loadcell_data_filtered.wrench.force.z,4328.367861113427
0.419255747,1785795316.541266693,/loadcell_data_filtered.wrench.force.z,4332.849263358573
0.419657021,1785795316.541667967,/loadcell_data_filtered.wrench.force.z,4336.556951234043
0.42005109500000004,1785795316.542062041,/loadcell_data_filtered.wrench.force.z,4340.4753231511095
0.421183079,1785795316.543194025,/loadcell_data_filtered.wrench.force.z,4340.705476066737
0.425437944,1785795316.547448890,/loadcell_data_filtered.wrench.force.z,4341.362557029894
0.425682934,1785795316.547693880,/loadcell_data_filtered.wrench.force.z,4342.2719278112445
0.42585452700000004,1785795316.547865473,/loadcell_data_filtered.wrench.force.z,4343.277457271311
0.426019694,1785795316.548030640,/loadcell_data_filtered.wrench.force.z,4344.004095277222
0.42614659200000005,1785795316.548157538,/loadcell_data_filtered.wrench.force.z,4343.623695762728
0.426274568,1785795316.548285514,/loadcell_data_filtered.wrench.force.z,4343.922214108771
0.42640028900000004,1785795316.548411235,/loadcell_data_filtered.wrench.force.z,4344.038992155939
0.42652591900000003,1785795316.548536865,/loadcell_data_filtered.wrench.force.z,4340.109815776216
0.426655565,1785795316.548666511,/loadcell_data_filtered.wrench.force.z,4337.201328329255
0.426784068,1785795316.548795014,/loadcell_data_filtered.wrench.force.z,4332.952236508015
0.42691113,1785795316.548922076,/loadcell_data_filtered.wrench.force.z,4329.501399293329
0.42704613100000005,1785795316.549057077,/loadcell_data_filtered.wrench.force.z,4326.592187003128
0.427182645,1785795316.549193591,/loadcell_data_filtered.wrench.force.z,4323.407051245341
0.427322839,1785795316.549333785,/loadcell_data_filtered.wrench.force.z,4321.1175700770455
0.428541938,1785795316.550552884,/loadcell_data_filtered.wrench.force.z,4318.4150125753895
0.42877576300000003,1785795316.550786709,/loadcell_data_filtered.wrench.force.z,4317.36845702809
0.42894450500000003,1785795316.550955451,/loadcell_data_filtered.wrench.force.z,4317.366756070803
0.42906733900000005,1785795316.551078285,/loadcell_data_filtered.wrench.force.z,4316.958930614041
0.42923087800000004,1785795316.551241824,/loadcell_data_filtered.wrench.force.z,4316.657977525812
0.42934521200000003,1785795316.551356158,/loadcell_data_filtered.wrench.force.z,4315.626068779061
0.429807235,1785795316.551818181,/loadcell_data_filtered.wrench.force.z,4313.871888353098
0.43374584400000005,1785795316.555756790,/loadcell_data_filtered.wrench.force.z,4313.079342499874
0.43414421400000003,1785795316.556155160,/loadcell_data_filtered.wrench.force.z,4312.259103903867
0.43450047300000005,1785795316.556511419,/loadcell_data_filtered.wrench.force.z,4311.999907108746
0.43489618100000005,1785795316.556907127,/loadcell_data_filtered.wrench.force.z,4317.119543123114
0.43522857200000004,1785795316.557239518,/loadcell_data_filtered.wrench.force.z,4320.364363299115
0.43550238100000005,1785795316.557513327,/loadcell_data_filtered.wrench.force.z,4324.502488684323
0.43580898900000004,1785795316.557819935,/loadcell_data_filtered.wrench.force.z,4327.69607368603
0.43608398200000004,1785795316.558094928,/loadcell_data_filtered.wrench.force.z,4330.448846652552
0.436269675,1785795316.558280621,/loadcell_data_filtered.wrench.force.z,4330.956033172621
0.43646008500000005,1785795316.558471031,/loadcell_data_filtered.wrench.force.z,4330.457573704531
0.43667102,1785795316.558681966,/loadcell_data_filtered.wrench.force.z,4330.222302510469
0.43688329200000003,1785795316.558894238,/loadcell_data_filtered.wrench.force.z,4329.665575296079
0.437124559,1785795316.559135505,/loadcell_data_filtered.wrench.force.z,4329.340632117828
0.43742534200000005,1785795316.559436288,/loadcell_data_filtered.wrench.force.z,4329.140036805366
0.437743335,1785795316.559754281,/loadcell_data_filtered.wrench.force.z,4329.217937195997
0.43813982100000004,1785795316.560150767,/loadcell_data_filtered.wrench.force.z,4328.521033941063
0.438507758,1785795316.560518704,/loadcell_data_filtered.wrench.force.z,4328.179580031183
0.43880531100000003,1785795316.560816257,/loadcell_data_filtered.wrench.force.z,4327.4519220929305
0.440188609,1785795316.562199555,/loadcell_data_filtered.wrench.force.z,4326.9812694671355
0.440414422,1785795316.562425368,/loadcell_data_filtered.wrench.force.z,4326.434657601953
0.440554113,1785795316.562565059,/loadcell_data_filtered.wrench.force.z,4320.486360504942
0.44334676500000003,1785795316.565357711,/loadcell_data_filtered.wrench.force.z,4316.071910117441
0.44351972100000003,1785795316.565530667,/loadcell_data_filtered.wrench.force.z,4312.3303389613
0.44366139000000004,1785795316.565672336,/loadcell_data_filtered.wrench.force.z,4309.030363277534
0.443798913,1785795316.565809859,/loadcell_data_filtered.wrench.force.z,4298.862228666059
0.44393024900000005,1785795316.565941195,/loadcell_data_filtered.wrench.force.z,4297.455971604733
0.44406262900000004,1785795316.566073575,/loadcell_data_filtered.wrench.force.z,4296.866392421364
0.44419328,1785795316.566204226,/loadcell_data_filtered.wrench.force.z,4297.113406592095
0.44431583300000005,1785795316.566326779,/loadcell_data_filtered.wrench.force.z,4296.053724624383
0.444518872,1785795316.566529818,/loadcell_data_filtered.wrench.force.z,4295.612878934914
0.448410112,1785795316.570421058,/loadcell_data_filtered.wrench.force.z,4295.731014454172
0.45064928000000004,1785795316.572660226,/loadcell_data_filtered.wrench.force.z,4295.710226266706
0.45083307100000003,1785795316.572844017,/loadcell_data_filtered.wrench.force.z,4296.07977533528
0.45095995000000005,1785795316.572970896,/loadcell_data_filtered.wrench.force.z,4296.156910532023
0.45112199500000005,1785795316.573132941,/loadcell_data_filtered.wrench.force.z,4296.674944402273
0.45124297100000005,1785795316.573253917,/loadcell_data_filtered.wrench.force.z,4296.966078697248
0.45137710200000003,1785795316.573388048,/loadcell_data_filtered.wrench.force.z,4298.976908867272
0.45150894500000005,1785795316.573519891,/loadcell_data_filtered.wrench.force.z,4304.938604511239
0.451665892,1785795316.573676838,/loadcell_data_filtered.wrench.force.z,4309.336117648056
0.451856729,1785795316.573867675,/loadcell_data_filtered.wrench.force.z,4313.2184290593805
0.45204416700000005,1785795316.574055113,/loadcell_data_filtered.wrench.force.z,4316.848930241538
0.452212749,1785795316.574223695,/loadcell_data_filtered.wrench.force.z,4320.330276246783
0.452386699,1785795316.574397645,/loadcell_data_filtered.wrench.force.z,4320.842890421633
0.45258144400000005,1785795316.574592390,/loadcell_data_filtered.wrench.force.z,4320.84848610624
0.452727084,1785795316.574738030,/loadcell_data_filtered.wrench.force.z,4321.093898545687
0.452896984,1785795316.574907930,/loadcell_data_filtered.wrench.force.z,4321.524866670808
0.453132595,1785795316.575143541,/loadcell_data_filtered.wrench.force.z,4321.412190031363
0.45410072100000004,1785795316.576111667,/loadcell_data_filtered.wrench.force.z,4321.456442064165
0.45467744800000004,1785795316.576688394,/loadcell_data_filtered.wrench.force.z,4321.715069396883
0.45503415100000005,1785795316.577045097,/loadcell_data_filtered.wrench.force.z,4321.871419429371
0.45543916100000004,1785795316.577450107,/loadcell_data_filtered.wrench.force.z,4321.841739106965
0.455719825,1785795316.577730771,/loadcell_data_filtered.wrench.force.z,4321.950180585665
0.45625605300000005,1785795316.578266999,/loadcell_data_filtered.wrench.force.z,4322.109436081682
0.45645321800000005,1785795316.578464164,/loadcell_data_filtered.wrench.force.z,4317.68594272351
0.45710516700000003,1785795316.579116113,/loadcell_data_filtered.wrench.force.z,4315.050645729417
0.45762818200000005,1785795316.579639128,/loadcell_data_filtered.wrench.force.z,4311.026680656437
0.458283531,1785795316.580294477,/loadcell_data_filtered.wrench.force.z,4307.800137862738
0.459192521,1785795316.581203467,/loadcell_data_filtered.wrench.force.z,4305.027430673066
0.459688943,1785795316.581699889,/loadcell_data_filtered.wrench.force.z,4303.1151176547855
0.46012662000000004,1785795316.582137566,/loadcell_data_filtered.wrench.force.z,4301.744935329991
0.460481373,1785795316.582492319,/loadcell_data_filtered.wrench.force.z,4301.868875835013
0.46343373800000004,1785795316.585444684,/loadcell_data_filtered.wrench.force.z,4302.461777990374
0.46384854700000006,1785795316.585859493,/loadcell_data_filtered.wrench.force.z,4303.0717879698805
0.46413867600000003,1785795316.586149622,/loadcell_data_filtered.wrench.force.z,4303.724172461668
0.464353544,1785795316.586364490,/loadcell_data_filtered.wrench.force.z,4304.342625975818
0.464567408,1785795316.586578354,/loadcell_data_filtered.wrench.force.z,4305.021685682252
0.464797852,1785795316.586808798,/loadcell_data_filtered.wrench.force.z,4305.484914567311
0.46506753900000003,1785795316.587078485,/loadcell_data_filtered.wrench.force.z,4306.103576927166
0.465411287,1785795316.587422233,/loadcell_data_filtered.wrench.force.z,4305.728605044711
0.465761395,1785795316.587772341,/loadcell_data_filtered.wrench.force.z,4305.18350097732
0.466095018,1785795316.588105964,/loadcell_data_filtered.wrench.force.z,4310.978471243084
0.46639794500000004,1785795316.588408891,/loadcell_data_filtered.wrench.force.z,4314.76680299182
0.466683165,1785795316.588694111,/loadcell_data_filtered.wrench.force.z,4318.998513506062
0.46705377600000003,1785795316.589064722,/loadcell_data_filtered.wrench.force.z,4321.877249081176
0.467478276,1785795316.589489222,/loadcell_data_filtered.wrench.force.z,4324.866940561841
0.46790115200000004,1785795316.589912098,/loadcell_data_filtered.wrench.force.z,4326.353929061237
0.468327048,1785795316.590337994,/loadcell_data_filtered.wrench.force.z,4327.452669124063
0.46874920900000006,1785795316.590760155,/loadcell_data_filtered.wrench.force.z,4327.597359649691
0.46938714400000003,1785795316.591398090,/loadcell_data_filtered.wrench.force.z,4327.44043925378
0.46979812000000004,1785795316.591809066,/loadcell_data_filtered.wrench.force.z,4327.527114152129
0.472526516,1785795316.594537462,/loadcell_data_filtered.wrench.force.z,4327.5552214056825
0.472766122,1785795316.594777068,/loadcell_data_filtered.wrench.force.z,4327.4090430563965
0.47294740900000004,1785795316.594958355,/loadcell_data_filtered.wrench.force.z,4327.106646379465
0.47313184500000005,1785795316.595142791,/loadcell_data_filtered.wrench.force.z,4327.419156072167
0.473350386,1785795316.595361332,/loadcell_data_filtered.wrench.force.z,4320.040286845294
0.473523295,1785795316.595534241,/loadcell_data_filtered.wrench.force.z,4320.0931424039745
0.47378291200000006,1785795316.595793858,/loadcell_data_filtered.wrench.force.z,4318.417753419232
0.474042259,1785795316.596053205,/loadcell_data_filtered.wrench.force.z,4312.062632871338
0.474292486,1785795316.596303432,/loadcell_data_filtered.wrench.force.z,4307.233458351554
0.47505492600000004,1785795316.597065872,/loadcell_data_filtered.wrench.force.z,4303.350012324066
0.47547203000000005,1785795316.597482976,/loadcell_data_filtered.wrench.force.z,4300.319549007409
0.475868078,1785795316.597879024,/loadcell_data_filtered.wrench.force.z,4297.175434278538
0.477756771,1785795316.599767717,/loadcell_data_filtered.wrench.force.z,4295.249051719403
0.47791163400000003,1785795316.599922580,/loadcell_data_filtered.wrench.force.z,4294.349867503182
0.47805449800000005,1785795316.600065444,/loadcell_data_filtered.wrench.force.z,4293.757228715271
0.47820272100000005,1785795316.600213667,/loadcell_data_filtered.wrench.force.z,4286.621200106921
0.47837366600000003,1785795316.600384612,/loadcell_data_filtered.wrench.force.z,4287.094610264806
0.48026456300000003,1785795316.602275509,/loadcell_data_filtered.wrench.force.z,4285.968060934711
0.480773223,1785795316.602784169,/loadcell_data_filtered.wrench.force.z,4286.07325966703
0.48140476000000004,1785795316.603415706,/loadcell_data_filtered.wrench.force.z,4285.695581773268
0.48186275700000003,1785795316.603873703,/loadcell_data_filtered.wrench.force.z,4285.805170041653
0.48250451000000005,1785795316.604515456,/loadcell_data_filtered.wrench.force.z,4285.953986806688
0.483701264,1785795316.605712210,/loadcell_data_filtered.wrench.force.z,4284.742445348927
0.48738979200000004,1785795316.609400738,/loadcell_data_filtered.wrench.force.z,4287.254699653697
0.487826831,1785795316.609837777,/loadcell_data_filtered.wrench.force.z,4290.964314837852
0.48825032700000004,1785795316.610261273,/loadcell_data_filtered.wrench.force.z,4294.46791466612
0.48859250400000004,1785795316.610603450,/loadcell_data_filtered.wrench.force.z,4297.365820963756
0.48889065200000004,1785795316.610901598,/loadcell_data_filtered.wrench.force.z,4298.425728588568
0.489223603,1785795316.611234549,/loadcell_data_filtered.wrench.force.z,4299.0201130608175
0.48958063700000004,1785795316.611591583,/loadcell_data_filtered.wrench.force.z,4299.357768508281
0.49001435000000004,1785795316.612025296,/loadcell_data_filtered.wrench.force.z,4299.749478022046
0.49048263700000005,1785795316.612493583,/loadcell_data_filtered.wrench.force.z,4300.220821675988
0.490873121,1785795316.612884067,/loadcell_data_filtered.wrench.force.z,4300.256968059057
0.49121456700000005,1785795316.613225513,/loadcell_data_filtered.wrench.force.z,4300.533946881503
0.49167115600000005,1785795316.613682102,/loadcell_data_filtered.wrench.force.z,4298.862238957058
0.49357999100000005,1785795316.615590937,/loadcell_data_filtered.wrench.force.z,4297.2777680751005
0.49359690600000006,1785795316.615607852,/loadcell_data_filtered.wrench.force.z,4296.670298113648
0.494047349,1785795316.616058295,/loadcell_data_filtered.wrench.force.z,4295.965538371094
0.49499244900000006,1785795316.617003395,/loadcell_data_filtered.wrench.force.z,4290.463283939903
0.49520148300000005,1785795316.617212429,/loadcell_data_filtered.wrench.force.z,4287.017535513043
0.49548124000000004,1785795316.617492186,/loadcell_data_filtered.wrench.force.z,4282.491579679085
0.49579932600000004,1785795316.617810272,/loadcell_data_filtered.wrench.force.z,4278.963252042448
0.496230687,1785795316.618241633,/loadcell_data_filtered.wrench.force.z,4275.838439150901
0.496630844,1785795316.618641790,/loadcell_data_filtered.wrench.force.z,4273.383992407838
0.49700626200000003,1785795316.619017208,/loadcell_data_filtered.wrench.force.z,4271.61542305271
0.49742690600000006,1785795316.619437852,/loadcell_data_filtered.wrench.force.z,4271.002787550447
0.497794398,1785795316.619805344,/loadcell_data_filtered.wrench.force.z,4271.1559639844
0.49804148400000003,1785795316.620052430,/loadcell_data_filtered.wrench.force.z,4271.280164376821
0.498269245,1785795316.620280191,/loadcell_data_filtered.wrench.force.z,4270.9374984881115
0.49850455400000004,1785795316.620515500,/loadcell_data_filtered.wrench.force.z,4270.723857378947
0.498751887,1785795316.620762833,/loadcell_data_filtered.wrench.force.z,4270.578834099282
0.49902209900000005,1785795316.621033045,/loadcell_data_filtered.wrench.force.z,4269.998224715875
0.499276971,1785795316.621287917,/loadcell_data_filtered.wrench.force.z,4269.928128042834
0.499535916,1785795316.621546862,/loadcell_data_filtered.wrench.force.z,4270.10265219769
0.499779077,1785795316.621790023,/loadcell_data_filtered.wrench.force.z,4270.688417577865
0.500085051,1785795316.622095997,/loadcell_data_filtered.wrench.force.z,4277.171502961618
0.500483946,1785795316.622494892,/loadcell_data_filtered.wrench.force.z,4281.981775658917
0.500884212,1785795316.622895158,/loadcell_data_filtered.wrench.force.z,4286.273231148806
0.501313891,1785795316.623324837,/loadcell_data_filtered.wrench.force.z,4288.852649588758
0.501663017,1785795316.623673963,/loadcell_data_filtered.wrench.force.z,4292.355376932366
0.502029937,1785795316.624040883,/loadcell_data_filtered.wrench.force.z,4294.005934837269
0.502443567,1785795316.624454513,/loadcell_data_filtered.wrench.force.z,4295.558810920069
0.502936889,1785795316.624947835,/loadcell_data_filtered.wrench.force.z,4296.235351345139
0.503339285,1785795316.625350231,/loadcell_data_filtered.wrench.force.z,4297.299758485209
0.504824111,1785795316.626835057,/loadcell_data_filtered.wrench.force.z,4298.107664203869
0.5052592770000001,1785795316.627270223,/loadcell_data_filtered.wrench.force.z,4298.6482929961285
0.506039632,1785795316.628050578,/loadcell_data_filtered.wrench.force.z,4299.682715091685
0.506302036,1785795316.628312982,/loadcell_data_filtered.wrench.force.z,4300.365914523164
0.5065131190000001,1785795316.628524065,/loadcell_data_filtered.wrench.force.z,4301.455163664284
0.5072074050000001,1785795316.629218351,/loadcell_data_filtered.wrench.force.z,4301.843961212444
0.5075995910000001,1785795316.629610537,/loadcell_data_filtered.wrench.force.z,4302.912142207426
0.5088752280000001,1785795316.630886174,/loadcell_data_filtered.wrench.force.z,4303.414593468134
0.509309098,1785795316.631320044,/loadcell_data_filtered.wrench.force.z,4297.458514013965
0.5095674050000001,1785795316.631578351,/loadcell_data_filtered.wrench.force.z,4294.291790184041
0.509806371,1785795316.631817317,/loadcell_data_filtered.wrench.force.z,4290.75654635273
0.5100406550000001,1785795316.632051601,/loadcell_data_filtered.wrench.force.z,4288.700805061398
0.51121176,1785795316.633222706,/loadcell_data_filtered.wrench.force.z,4286.841604880352
0.511907279,1785795316.633918225,/loadcell_data_filtered.wrench.force.z,4285.149474546891
0.51217679,1785795316.634187736,/loadcell_data_filtered.wrench.force.z,4284.703570482501
0.512470796,1785795316.634481742,/loadcell_data_filtered.wrench.force.z,4285.272801010499
0.512761906,1785795316.634772852,/loadcell_data_filtered.wrench.force.z,4286.501896994016
0.51301434,1785795316.635025286,/loadcell_data_filtered.wrench.force.z,4287.478109255721
0.513244942,1785795316.635255888,/loadcell_data_filtered.wrench.force.z,4287.271615133079
0.513744759,1785795316.635755705,/loadcell_data_filtered.wrench.force.z,4287.636167413768
0.516196683,1785795316.638207629,/loadcell_data_filtered.wrench.force.z,4287.26617566221
0.5164988970000001,1785795316.638509843,/loadcell_data_filtered.wrench.force.z,4286.729737519467
0.516713492,1785795316.638724438,/loadcell_data_filtered.wrench.force.z,4287.24797268874
0.5169496450000001,1785795316.638960591,/loadcell_data_filtered.wrench.force.z,4287.568492895845
0.517189593,1785795316.639200539,/loadcell_data_filtered.wrench.force.z,4291.651484108582
0.517429296,1785795316.639440242,/loadcell_data_filtered.wrench.force.z,4296.45248403365
0.517687529,1785795316.639698475,/loadcell_data_filtered.wrench.force.z,4301.970301859719
0.517913103,1785795316.639924049,/loadcell_data_filtered.wrench.force.z,4306.10156089648
0.518143578,1785795316.640154524,/loadcell_data_filtered.wrench.force.z,4308.881693937238
0.5184476720000001,1785795316.640458618,/loadcell_data_filtered.wrench.force.z,4310.513105901438
0.523760197,1785795316.645771143,/loadcell_data_filtered.wrench.force.z,4312.177234561596
0.527120473,1785795316.649131419,/loadcell_data_filtered.wrench.force.z,4313.019498704956
0.5273363520000001,1785795316.649347298,/loadcell_data_filtered.wrench.force.z,4313.594761562931
0.527471364,1785795316.649482310,/loadcell_data_filtered.wrench.force.z,4308.898181204834
0.527606276,1785795316.649617222,/loadcell_data_filtered.wrench.force.z,4306.4359293537555
0.527735307,1785795316.649746253,/loadcell_data_filtered.wrench.force.z,4302.415451340285
0.527850318,1785795316.649861264,/loadcell_data_filtered.wrench.force.z,4299.634785191087
0.52798773,1785795316.649998676,/loadcell_data_filtered.wrench.force.z,4297.244127316228
0.5281081160000001,1785795316.650119062,/loadcell_data_filtered.wrench.force.z,4295.798395619277
0.528222417,1785795316.650233363,/loadcell_data_filtered.wrench.force.z,4294.676465822615
0.528337809,1785795316.650348755,/loadcell_data_filtered.wrench.force.z,4295.100363497325
0.529681417,1785795316.651692363,/loadcell_data_filtered.wrench.force.z,4293.364679763287
0.53043737,1785795316.652448316,/loadcell_data_filtered.wrench.force.z,4291.9167552673425
0.530561254,1785795316.652572200,/loadcell_data_filtered.wrench.force.z,4291.92870396096
0.5306895070000001,1785795316.652700453,/loadcell_data_filtered.wrench.force.z,4291.910594062691
0.5307990380000001,1785795316.652809984,/loadcell_data_filtered.wrench.force.z,4292.108725256615
0.5309131380000001,1785795316.652924084,/loadcell_data_filtered.wrench.force.z,4291.904180076276
0.53135301,1785795316.653363956,/loadcell_data_filtered.wrench.force.z,4291.24554141271
0.531477372,1785795316.653488318,/loadcell_data_filtered.wrench.force.z,4291.192147888636
0.531664252,1785795316.653675198,/loadcell_data_filtered.wrench.force.z,4290.036709296824
0.531798866,1785795316.653809812,/loadcell_data_filtered.wrench.force.z,4296.386540131092
0.5321163170000001,1785795316.654127263,/loadcell_data_filtered.wrench.force.z,4300.382420841684
0.532784629,1785795316.654795575,/loadcell_data_filtered.wrench.force.z,4304.098366422102
0.5332910630000001,1785795316.655302009,/loadcell_data_filtered.wrench.force.z,4306.783535811863
0.5336805330000001,1785795316.655691479,/loadcell_data_filtered.wrench.force.z,4309.819973054383
0.534075996,1785795316.656086942,/loadcell_data_filtered.wrench.force.z,4311.169409972959
0.534733969,1785795316.656744915,/loadcell_data_filtered.wrench.force.z,4311.731278490168
0.535227647,1785795316.657238593,/loadcell_data_filtered.wrench.force.z,4311.983655988207
0.53565955,1785795316.657670496,/loadcell_data_filtered.wrench.force.z,4312.15357693075
0.536257353,1785795316.658268299,/loadcell_data_filtered.wrench.force.z,4312.349275343813
0.5371425790000001,1785795316.659153525,/loadcell_data_filtered.wrench.force.z,4312.503435347018
0.537445167,1785795316.659456113,/loadcell_data_filtered.wrench.force.z,4312.48288451447
0.537616139,1785795316.659627085,/loadcell_data_filtered.wrench.force.z,4313.676620308061
0.538251514,1785795316.660262460,/loadcell_data_filtered.wrench.force.z,4313.464466862293
0.538625322,1785795316.660636268,/loadcell_data_filtered.wrench.force.z,4313.200269042105
0.539060921,1785795316.661071867,/loadcell_data_filtered.wrench.force.z,4313.61257364666
0.54040888,1785795316.662419826,/loadcell_data_filtered.wrench.force.z,4312.891775434364
0.5408527710000001,1785795316.662863717,/loadcell_data_filtered.wrench.force.z,4307.811961441767
0.544560108,1785795316.666571054,/loadcell_data_filtered.wrench.force.z,4303.811376027597
0.54484555,1785795316.666856496,/loadcell_data_filtered.wrench.force.z,4299.68553272045
0.5450555340000001,1785795316.667066480,/loadcell_data_filtered.wrench.force.z,4297.334211260031
0.5452410990000001,1785795316.667252045,/loadcell_data_filtered.wrench.force.z,4295.006249966732
0.545430633,1785795316.667441579,/loadcell_data_filtered.wrench.force.z,4294.377882120012
0.545631403,1785795316.667642349,/loadcell_data_filtered.wrench.force.z,4294.484954642115
0.54580687,1785795316.667817816,/loadcell_data_filtered.wrench.force.z,4295.062640178615
0.5459823930000001,1785795316.667993339,/loadcell_data_filtered.wrench.force.z,4296.139303043076
0.546159093,1785795316.668170039,/loadcell_data_filtered.wrench.force.z,4295.998321611736
0.546346169,1785795316.668357115,/loadcell_data_filtered.wrench.force.z,4293.874825906602
0.546531275,1785795316.668542221,/loadcell_data_filtered.wrench.force.z,4292.474322471704
0.546702664,1785795316.668713610,/loadcell_data_filtered.wrench.force.z,4291.375027829273
0.5468751980000001,1785795316.668886144,/loadcell_data_filtered.wrench.force.z,4290.321543069077
0.5532844680000001,1785795316.675295414,/loadcell_data_filtered.wrench.force.z,4289.514333556708
0.5546037420000001,1785795316.676614688,/loadcell_data_filtered.wrench.force.z,4293.159699946547
0.5547963370000001,1785795316.676807283,/loadcell_data_filtered.wrench.force.z,4298.097850615325
0.554927371,1785795316.676938317,/loadcell_data_filtered.wrench.force.z,4300.612430047961
0.5550839780000001,1785795316.677094924,/loadcell_data_filtered.wrench.force.z,4302.668387193785
0.5552273240000001,1785795316.677238270,/loadcell_data_filtered.wrench.force.z,4303.9309857822645
0.5553547600000001,1785795316.677365706,/loadcell_data_filtered.wrench.force.z,4304.22642347124
0.555480875,1785795316.677491821,/loadcell_data_filtered.wrench.force.z,4304.630458773578
0.555616966,1785795316.677627912,/loadcell_data_filtered.wrench.force.z,4305.324507627117
0.555742195,1785795316.677753141,/loadcell_data_filtered.wrench.force.z,4305.739739699977
0.555877513,1785795316.677888459,/loadcell_data_filtered.wrench.force.z,4306.375018952525
0.5560574,1785795316.678068346,/loadcell_data_filtered.wrench.force.z,4306.288167694342
0.556177665,1785795316.678188611,/loadcell_data_filtered.wrench.force.z,4305.312710240983
0.5563007120000001,1785795316.678311658,/loadcell_data_filtered.wrench.force.z,4304.178835807701
0.556453351,1785795316.678464297,/loadcell_data_filtered.wrench.force.z,4303.924581222104
0.556577219,1785795316.678588165,/loadcell_data_filtered.wrench.force.z,4304.085115671567
0.556713982,1785795316.678724928,/loadcell_data_filtered.wrench.force.z,4298.782482793412
0.5570663370000001,1785795316.679077283,/loadcell_data_filtered.wrench.force.z,4295.74869383127
0.557555389,1785795316.679566335,/loadcell_data_filtered.wrench.force.z,4291.796142312724
0.558106749,1785795316.680117695,/loadcell_data_filtered.wrench.force.z,4288.78090714717
0.5585344200000001,1785795316.680545366,/loadcell_data_filtered.wrench.force.z,4285.973146772063
0.558984845,1785795316.680995791,/loadcell_data_filtered.wrench.force.z,4284.696578478571
0.5595352490000001,1785795316.681546195,/loadcell_data_filtered.wrench.force.z,4283.247049815843
0.560038049,1785795316.682048995,/loadcell_data_filtered.wrench.force.z,4283.600982559488
0.560546962,1785795316.682557908,/loadcell_data_filtered.wrench.force.z,4284.218397024677
0.560997435,1785795316.683008381,/loadcell_data_filtered.wrench.force.z,4284.738241085947
0.561670506,1785795316.683681452,/loadcell_data_filtered.wrench.force.z,4284.921290111017
0.5620484020000001,1785795316.684059348,/loadcell_data_filtered.wrench.force.z,4285.018757261551
0.5626440570000001,1785795316.684655003,/loadcell_data_filtered.wrench.force.z,4284.914556471916
0.563014,1785795316.685024946,/loadcell_data_filtered.wrench.force.z,4284.543155104183
0.563587582,1785795316.685598528,/loadcell_data_filtered.wrench.force.z,4284.633622009565
0.564054508,1785795316.686065454,/loadcell_data_filtered.wrench.force.z,4284.709670619366
0.5672951860000001,1785795316.689306132,/loadcell_data_filtered.wrench.force.z,4284.915089634236
0.567768966,1785795316.689779912,/loadcell_data_filtered.wrench.force.z,4291.228402249356
0.567919862,1785795316.689930808,/loadcell_data_filtered.wrench.force.z,4296.669181156983
0.568063819,1785795316.690074765,/loadcell_data_filtered.wrench.force.z,4301.101762689587
0.56819997,1785795316.690210916,/loadcell_data_filtered.wrench.force.z,4305.045362026234
0.5683302920000001,1785795316.690341238,/loadcell_data_filtered.wrench.force.z,4308.6014430037885
0.568462994,1785795316.690473940,/loadcell_data_filtered.wrench.force.z,4311.049953693328
0.568598579,1785795316.690609525,/loadcell_data_filtered.wrench.force.z,4312.047785542766
0.568737814,1785795316.690748760,/loadcell_data_filtered.wrench.force.z,4311.052209333845
0.569076373,1785795316.691087319,/loadcell_data_filtered.wrench.force.z,4311.611220899684
0.569480512,1785795316.691491458,/loadcell_data_filtered.wrench.force.z,4311.905509812958
0.570157884,1785795316.692168830,/loadcell_data_filtered.wrench.force.z,4312.113597050239
0.5705140900000001,1785795316.692525036,/loadcell_data_filtered.wrench.force.z,4312.585005587131
0.570966696,1785795316.692977642,/loadcell_data_filtered.wrench.force.z,4312.739744986923
0.5715119430000001,1785795316.693522889,/loadcell_data_filtered.wrench.force.z,4312.749419122052
0.572043266,1785795316.694054212,/loadcell_data_filtered.wrench.force.z,4312.914900005293
0.572811842,1785795316.694822788,/loadcell_data_filtered.wrench.force.z,4312.586584213524
0.572936608,1785795316.694947554,/loadcell_data_filtered.wrench.force.z,4310.348485871675
0.573476812,1785795316.695487758,/loadcell_data_filtered.wrench.force.z,4305.4112650351835
0.573990544,1785795316.696001490,/loadcell_data_filtered.wrench.force.z,4300.832976171292
0.574413283,1785795316.696424229,/loadcell_data_filtered.wrench.force.z,4297.276712017418
0.5755698960000001,1785795316.697580842,/loadcell_data_filtered.wrench.force.z,4293.827727521697
0.57609261,1785795316.698103556,/loadcell_data_filtered.wrench.force.z,4290.708821342499
0.5764171570000001,1785795316.698428103,/loadcell_data_filtered.wrench.force.z,4289.045210077234
0.5767738370000001,1785795316.698784783,/loadcell_data_filtered.wrench.force.z,4288.2522506532605
0.577799056,1785795316.699810002,/loadcell_data_filtered.wrench.force.z,4288.009341617132
0.5848550370000001,1785795316.706865983,/loadcell_data_filtered.wrench.force.z,4287.729776891893
0.585473036,1785795316.707483982,/loadcell_data_filtered.wrench.force.z,4287.462295623642
0.585874675,1785795316.707885621,/loadcell_data_filtered.wrench.force.z,4286.639777917666
0.5862662630000001,1785795316.708277209,/loadcell_data_filtered.wrench.force.z,4286.337211308532
0.586566596,1785795316.708577542,/loadcell_data_filtered.wrench.force.z,4286.1616115519055
0.586908921,1785795316.708919867,/loadcell_data_filtered.wrench.force.z,4286.011967718629
0.587231665,1785795316.709242611,/loadcell_data_filtered.wrench.force.z,4285.984736240806
0.587538478,1785795316.709549424,/loadcell_data_filtered.wrench.force.z,4285.802530567993
0.58785454,1785795316.709865486,/loadcell_data_filtered.wrench.force.z,4288.883165592954
0.588260718,1785795316.710271664,/loadcell_data_filtered.wrench.force.z,4291.728965487815
0.5885501200000001,1785795316.710561066,/loadcell_data_filtered.wrench.force.z,4293.8510385522495
0.588836798,1785795316.710847744,/loadcell_data_filtered.wrench.force.z,4294.829036337857
0.589164735,1785795316.711175681,/loadcell_data_filtered.wrench.force.z,4294.052655140723
0.589472564,1785795316.711483510,/loadcell_data_filtered.wrench.force.z,4291.085668298526
0.589798379,1785795316.711809325,/loadcell_data_filtered.wrench.force.z,4291.351836844666
0.590102216,1785795316.712113162,/loadcell_data_filtered.wrench.force.z,4291.751650826686
0.590372644,1785795316.712383590,/loadcell_data_filtered.wrench.force.z,4292.352016630286
0.5906102550000001,1785795316.712621201,/loadcell_data_filtered.wrench.force.z,4292.552017604995
0.5908527650000001,1785795316.712863711,/loadcell_data_filtered.wrench.force.z,4290.736464693161
0.591101968,1785795316.713112914,/loadcell_data_filtered.wrench.force.z,4289.275651611436
0.591408487,1785795316.713419433,/loadcell_data_filtered.wrench.force.z,4288.743268852624
0.591694771,1785795316.713705717,/loadcell_data_filtered.wrench.force.z,4288.006602234122
0.591931785,1785795316.713942731,/loadcell_data_filtered.wrench.force.z,4281.611941454813
0.592245322,1785795316.714256268,/loadcell_data_filtered.wrench.force.z,4277.120853819454
0.592600533,1785795316.714611479,/loadcell_data_filtered.wrench.force.z,4272.393681701565
0.5929107100000001,1785795316.714921656,/loadcell_data_filtered.wrench.force.z,4269.454267981347
0.593177701,1785795316.715188647,/loadcell_data_filtered.wrench.force.z,4265.843203873895
0.5934993630000001,1785795316.715510309,/loadcell_data_filtered.wrench.force.z,4263.494586847156
0.593734508,1785795316.715745454,/loadcell_data_filtered.wrench.force.z,4261.580544930724
0.5939380390000001,1785795316.715948985,/loadcell_data_filtered.wrench.force.z,4261.114319840519
0.594180401,1785795316.716191347,/loadcell_data_filtered.wrench.force.z,4260.58695017303
0.59446246,1785795316.716473406,/loadcell_data_filtered.wrench.force.z,4260.090312999231
0.595036835,1785795316.717047781,/loadcell_data_filtered.wrench.force.z,4259.572070589758
0.5959989760000001,1785795316.718009922,/loadcell_data_filtered.wrench.force.z,4258.962487083273
0.596370328,1785795316.718381274,/loadcell_data_filtered.wrench.force.z,4258.190958780059
0.596689094,1785795316.718700040,/loadcell_data_filtered.wrench.force.z,4257.564517897472
0.596985404,1785795316.718996350,/loadcell_data_filtered.wrench.force.z,4256.993821875597
0.597520891,1785795316.719531837,/loadcell_data_filtered.wrench.force.z,4256.483172314038
0.5982706480000001,1785795316.720281594,/loadcell_data_filtered.wrench.force.z,4256.237844708107
0.600070658,1785795316.722081604,/loadcell_data_filtered.wrench.force.z,4262.091609676703
0.6005529000000001,1785795316.722563846,/loadcell_data_filtered.wrench.force.z,4267.0531579894
0.6008534680000001,1785795316.722864414,/loadcell_data_filtered.wrench.force.z,4271.008319857365
0.6012139310000001,1785795316.723224877,/loadcell_data_filtered.wrench.force.z,4274.587198088857
0.6015104720000001,1785795316.723521418,/loadcell_data_filtered.wrench.force.z,4278.132950606532
0.6017840400000001,1785795316.723794986,/loadcell_data_filtered.wrench.force.z,4278.941327871572
0.602034999,1785795316.724045945,/loadcell_data_filtered.wrench.force.z,4278.753096297746
0.6022759430000001,1785795316.724286889,/loadcell_data_filtered.wrench.force.z,4279.801654319642
0.602520578,1785795316.724531524,/loadcell_data_filtered.wrench.force.z,4279.961060598751
0.602845406,1785795316.724856352,/loadcell_data_filtered.wrench.force.z,4280.238563173713
0.603415452,1785795316.725426398,/loadcell_data_filtered.wrench.force.z,4280.534536188373
0.603885686,1785795316.725896632,/loadcell_data_filtered.wrench.force.z,4281.252610929927
0.6046612090000001,1785795316.726672155,/loadcell_data_filtered.wrench.force.z,4281.828152390024
0.6053759670000001,1785795316.727386913,/loadcell_data_filtered.wrench.force.z,4282.291425143529
0.605767629,1785795316.727778575,/loadcell_data_filtered.wrench.force.z,4282.957700108822
0.60610502,1785795316.728115966,/loadcell_data_filtered.wrench.force.z,4283.107333206635
0.6066178080000001,1785795316.728628754,/loadcell_data_filtered.wrench.force.z,4280.195227954042
0.6069250110000001,1785795316.728935957,/loadcell_data_filtered.wrench.force.z,4276.392437795748
0.607856342,1785795316.729867288,/loadcell_data_filtered.wrench.force.z,4272.431217099098
0.608339851,1785795316.730350797,/loadcell_data_filtered.wrench.force.z,4269.585650002473
0.6086999590000001,1785795316.730710905,/loadcell_data_filtered.wrench.force.z,4267.735319505648
0.6091376510000001,1785795316.731148597,/loadcell_data_filtered.wrench.force.z,4266.0256073133005
0.609476635,1785795316.731487581,/loadcell_data_filtered.wrench.force.z,4265.442404124434
0.609799266,1785795316.731810212,/loadcell_data_filtered.wrench.force.z,4265.778154349618
0.610407233,1785795316.732418179,/loadcell_data_filtered.wrench.force.z,4266.86852226873
0.610861215,1785795316.732872161,/loadcell_data_filtered.wrench.force.z,4267.975080699599
0.6114935380000001,1785795316.733504484,/loadcell_data_filtered.wrench.force.z,4268.713087042186
0.611807497,1785795316.733818443,/loadcell_data_filtered.wrench.force.z,4269.549422949266
0.612814849,1785795316.734825795,/loadcell_data_filtered.wrench.force.z,4269.981008627426
0.613138013,1785795316.735148959,/loadcell_data_filtered.wrench.force.z,4270.315827979385
0.6134426860000001,1785795316.735453632,/loadcell_data_filtered.wrench.force.z,4271.2335775757765
0.6139720280000001,1785795316.735982974,/loadcell_data_filtered.wrench.force.z,4271.111165137299
0.61435953,1785795316.736370476,/loadcell_data_filtered.wrench.force.z,4271.233485973401
0.614894115,1785795316.736905061,/loadcell_data_filtered.wrench.force.z,4276.854584275278
0.6154207460000001,1785795316.737431692,/loadcell_data_filtered.wrench.force.z,4281.067668556638
0.6158749960000001,1785795316.737885942,/loadcell_data_filtered.wrench.force.z,4286.003333151403
0.616363746,1785795316.738374692,/loadcell_data_filtered.wrench.force.z,4290.101307978335
0.6167837180000001,1785795316.738794664,/loadcell_data_filtered.wrench.force.z,4293.400242323391
0.617343394,1785795316.739354340,/loadcell_data_filtered.wrench.force.z,4295.979630393554
0.617961834,1785795316.739972780,/loadcell_data_filtered.wrench.force.z,4297.722744965117
0.618574975,1785795316.740585921,/loadcell_data_filtered.wrench.force.z,4297.933784061021
0.618934659,1785795316.740945605,/loadcell_data_filtered.wrench.force.z,4298.546746699051
0.6194860680000001,1785795316.741497014,/loadcell_data_filtered.wrench.force.z,4299.077243464551
0.620068947,1785795316.742079893,/loadcell_data_filtered.wrench.force.z,4299.735800244947
0.620485904,1785795316.742496850,/loadcell_data_filtered.wrench.force.z,4299.86167596259
0.621421455,1785795316.743432401,/loadcell_data_filtered.wrench.force.z,4300.24921675452
0.621834236,1785795316.743845182,/loadcell_data_filtered.wrench.force.z,4300.385121878039
0.622120283,1785795316.744131229,/loadcell_data_filtered.wrench.force.z,4300.550267854235
0.622440981,1785795316.744451927,/loadcell_data_filtered.wrench.force.z,4300.825676786501
0.6228984870000001,1785795316.744909433,/loadcell_data_filtered.wrench.force.z,4300.643343893486
0.6233146380000001,1785795316.745325584,/loadcell_data_filtered.wrench.force.z,4294.828653661577
0.623874072,1785795316.745885018,/loadcell_data_filtered.wrench.force.z,4291.300262337512
0.6247243140000001,1785795316.746735260,/loadcell_data_filtered.wrench.force.z,4287.222669110657
0.625265731,1785795316.747276677,/loadcell_data_filtered.wrench.force.z,4283.893934047886
0.625725631,1785795316.747736577,/loadcell_data_filtered.wrench.force.z,4280.5539111620055
0.6286314270000001,1785795316.750642373,/loadcell_data_filtered.wrench.force.z,4279.199019220387
0.628975186,1785795316.750986132,/loadcell_data_filtered.wrench.force.z,4278.063976168357
0.6293834150000001,1785795316.751394361,/loadcell_data_filtered.wrench.force.z,4278.629411889348
0.629729211,1785795316.751740157,/loadcell_data_filtered.wrench.force.z,4279.712712634685
0.630096687,1785795316.752107633,/loadcell_data_filtered.wrench.force.z,4280.447452571178
0.6305178920000001,1785795316.752528838,/loadcell_data_filtered.wrench.force.z,4280.809252599507
0.630874744,1785795316.752885690,/loadcell_data_filtered.wrench.force.z,4280.5887422242395
0.631184273,1785795316.753195219,/loadcell_data_filtered.wrench.force.z,4280.107401209017
0.631487039,1785795316.753497985,/loadcell_data_filtered.wrench.force.z,4278.140802504621
0.631896879,1785795316.753907825,/loadcell_data_filtered.wrench.force.z,4277.469797316823
0.632286986,1785795316.754297932,/loadcell_data_filtered.wrench.force.z,4276.8769980515635
0.632680617,1785795316.754691563,/loadcell_data_filtered.wrench.force.z,4277.374633573123
0.632999018,1785795316.755009964,/loadcell_data_filtered.wrench.force.z,4283.1990249138535
0.6333136930000001,1785795316.755324639,/loadcell_data_filtered.wrench.force.z,4287.894006820479
0.633621575,1785795316.755632521,/loadcell_data_filtered.wrench.force.z,4291.090727042027
0.634040398,1785795316.756051344,/loadcell_data_filtered.wrench.force.z,4293.736775132772
0.634420999,1785795316.756431945,/loadcell_data_filtered.wrench.force.z,4296.333329445482
0.634806043,1785795316.756816989,/loadcell_data_filtered.wrench.force.z,4297.076257154543
0.635199642,1785795316.757210588,/loadcell_data_filtered.wrench.force.z,4296.869749399497
0.635656652,1785795316.757667598,/loadcell_data_filtered.wrench.force.z,4296.626962567235
0.636172548,1785795316.758183494,/loadcell_data_filtered.wrench.force.z,4296.3956664781335
0.6367116890000001,1785795316.758722635,/loadcell_data_filtered.wrench.force.z,4295.89680065582
0.6371999730000001,1785795316.759210919,/loadcell_data_filtered.wrench.force.z,4295.4062532509
0.637693782,1785795316.759704728,/loadcell_data_filtered.wrench.force.z,4294.986502373741
0.640788554,1785795316.762799500,/loadcell_data_filtered.wrench.force.z,4294.336360469619
0.641310043,1785795316.763320989,/loadcell_data_filtered.wrench.force.z,4293.647210417315
0.6420052540000001,1785795316.764016200,/loadcell_data_filtered.wrench.force.z,4293.730190922316
0.642444611,1785795316.764455557,/loadcell_data_filtered.wrench.force.z,4293.471758327526
0.64293097,1785795316.764941916,/loadcell_data_filtered.wrench.force.z,4289.163191029451
0.643437502,1785795316.765448448,/loadcell_data_filtered.wrench.force.z,4285.472488331083
0.643817309,1785795316.765828255,/loadcell_data_filtered.wrench.force.z,4280.751316825319
0.644221479,1785795316.766232425,/loadcell_data_filtered.wrench.force.z,4276.696030884792
0.644625165,1785795316.766636111,/loadcell_data_filtered.wrench.force.z,4272.26001374732
0.6449608960000001,1785795316.766971842,/loadcell_data_filtered.wrench.force.z,4268.555858427163
0.645322497,1785795316.767333443,/loadcell_data_filtered.wrench.force.z,4266.245410934485
0.6456997360000001,1785795316.767710682,/loadcell_data_filtered.wrench.force.z,4265.457002303304
0.646055463,1785795316.768066409,/loadcell_data_filtered.wrench.force.z,4265.451213634694
0.646354622,1785795316.768365568,/loadcell_data_filtered.wrench.force.z,4259.343112465831
0.64662187,1785795316.768632816,/loadcell_data_filtered.wrench.force.z,4258.4763525104845
0.6469187860000001,1785795316.768929732,/loadcell_data_filtered.wrench.force.z,4257.457700779854
0.647302554,1785795316.769313500,/loadcell_data_filtered.wrench.force.z,4257.533674241987
0.6476886270000001,1785795316.769699573,/loadcell_data_filtered.wrench.force.z,4257.279360048311
0.647967044,1785795316.769977990,/loadcell_data_filtered.wrench.force.z,4257.469715918738
0.648319078,1785795316.770330024,/loadcell_data_filtered.wrench.force.z,4257.635372570524
0.6487019810000001,1785795316.770712927,/loadcell_data_filtered.wrench.force.z,4257.832146228241
0.6491326930000001,1785795316.771143639,/loadcell_data_filtered.wrench.force.z,4263.7259279568125
0.649497163,1785795316.771508109,/loadcell_data_filtered.wrench.force.z,4268.212799282584
0.649995993,1785795316.772006939,/loadcell_data_filtered.wrench.force.z,4273.1400842216835
0.6503482500000001,1785795316.772359196,/loadcell_data_filtered.wrench.force.z,4277.241900033038
0.6521566830000001,1785795316.774167629,/loadcell_data_filtered.wrench.force.z,4280.859412478962
0.652384303,1785795316.774395249,/loadcell_data_filtered.wrench.force.z,4283.112670976443
0.6525446180000001,1785795316.774555564,/loadcell_data_filtered.wrench.force.z,4285.675706539956
0.652680915,1785795316.774691861,/loadcell_data_filtered.wrench.force.z,4287.260874399972
0.6528094010000001,1785795316.774820347,/loadcell_data_filtered.wrench.force.z,4289.087728904946
0.652934105,1785795316.774945051,/loadcell_data_filtered.wrench.force.z,4290.281949284462
0.6531051790000001,1785795316.775116125,/loadcell_data_filtered.wrench.force.z,4290.713444890733
0.65378769,1785795316.775798636,/loadcell_data_filtered.wrench.force.z,4291.611948062377
0.6542011990000001,1785795316.776212145,/loadcell_data_filtered.wrench.force.z,4292.5745034940255
0.654598706,1785795316.776609652,/loadcell_data_filtered.wrench.force.z,4293.535112837751
0.6550851040000001,1785795316.777096050,/loadcell_data_filtered.wrench.force.z,4294.446288798046
0.655629887,1785795316.777640833,/loadcell_data_filtered.wrench.force.z,4294.781891646987
0.6562171640000001,1785795316.778228110,/loadcell_data_filtered.wrench.force.z,4295.244717251429
0.65652475,1785795316.778535696,/loadcell_data_filtered.wrench.force.z,4290.134931290967
0.657160045,1785795316.779170991,/loadcell_data_filtered.wrench.force.z,4286.368843984757
0.657559756,1785795316.779570702,/loadcell_data_filtered.wrench.force.z,4283.066943312378
0.658261549,1785795316.780272495,/loadcell_data_filtered.wrench.force.z,4280.326426586
0.658929254,1785795316.780940200,/loadcell_data_filtered.wrench.force.z,4277.416899021578
0.6593241510000001,1785795316.781335097,/loadcell_data_filtered.wrench.force.z,4275.783138561643
0.659603858,1785795316.781614804,/loadcell_data_filtered.wrench.force.z,4275.124269138938
0.660001838,1785795316.782012784,/loadcell_data_filtered.wrench.force.z,4275.138994992454
0.660487932,1785795316.782498878,/loadcell_data_filtered.wrench.force.z,4275.543688281279
0.661125378,1785795316.783136324,/loadcell_data_filtered.wrench.force.z,4276.017297901928
0.661639705,1785795316.783650651,/loadcell_data_filtered.wrench.force.z,4275.694231833174
0.662222238,1785795316.784233184,/loadcell_data_filtered.wrench.force.z,4275.218693081509
0.668145152,1785795316.790156098,/loadcell_data_filtered.wrench.force.z,4274.444813404245
0.670004935,1785795316.792015881,/loadcell_data_filtered.wrench.force.z,4274.610775741373
0.6700399890000001,1785795316.792050935,/loadcell_data_filtered.wrench.force.z,4275.5237711213895
0.670237474,1785795316.792248420,/loadcell_data_filtered.wrench.force.z,4277.5216007642775
0.6702517490000001,1785795316.792262695,/loadcell_data_filtered.wrench.force.z,4283.490172876638
0.6702540300000001,1785795316.792264976,/loadcell_data_filtered.wrench.force.z,4288.879522916972
0.670255845,1785795316.792266791,/loadcell_data_filtered.wrench.force.z,4293.222667403134
0.670257823,1785795316.792268769,/loadcell_data_filtered.wrench.force.z,4296.818067373946
0.6702596670000001,1785795316.792270613,/loadcell_data_filtered.wrench.force.z,4300.23432029696
0.670261387,1785795316.792272333,/loadcell_data_filtered.wrench.force.z,4302.019768124316
0.670263014,1785795316.792273960,/loadcell_data_filtered.wrench.force.z,4303.205513524304
0.670264579,1785795316.792275525,/loadcell_data_filtered.wrench.force.z,4303.6027450714155
0.670266154,1785795316.792277100,/loadcell_data_filtered.wrench.force.z,4302.269956878946
0.6702678550000001,1785795316.792278801,/loadcell_data_filtered.wrench.force.z,4302.463935157586
0.670521892,1785795316.792532838,/loadcell_data_filtered.wrench.force.z,4303.088940923947
0.6726796620000001,1785795316.794690608,/loadcell_data_filtered.wrench.force.z,4303.555547919337
0.6729986010000001,1785795316.795009547,/loadcell_data_filtered.wrench.force.z,4304.094467276369
0.673423156,1785795316.795434102,/loadcell_data_filtered.wrench.force.z,4304.138694041147
0.6737699020000001,1785795316.795780848,/loadcell_data_filtered.wrench.force.z,4297.931582304382
0.6740165020000001,1785795316.796027448,/loadcell_data_filtered.wrench.force.z,4297.512611068884
0.674247193,1785795316.796258139,/loadcell_data_filtered.wrench.force.z,4292.561011977222
0.6744544920000001,1785795316.796465438,/loadcell_data_filtered.wrench.force.z,4289.617683086363
0.674688438,1785795316.796699384,/loadcell_data_filtered.wrench.force.z,4285.547908324015
0.674985579,1785795316.796996525,/loadcell_data_filtered.wrench.force.z,4282.589215977754
0.675264634,1785795316.797275580,/loadcell_data_filtered.wrench.force.z,4280.33360826434
0.6758554870000001,1785795316.797866433,/loadcell_data_filtered.wrench.force.z,4278.3785840907585
0.676619739,1785795316.798630685,/loadcell_data_filtered.wrench.force.z,4276.868701672914
0.677217419,1785795316.799228365,/loadcell_data_filtered.wrench.force.z,4276.7311948990055
0.6774597450000001,1785795316.799470691,/loadcell_data_filtered.wrench.force.z,4277.261451246749
0.6776120290000001,1785795316.799622975,/loadcell_data_filtered.wrench.force.z,4277.831064863953
0.6780882450000001,1785795316.800099191,/loadcell_data_filtered.wrench.force.z,4278.344607250582
0.6785133640000001,1785795316.800524310,/loadcell_data_filtered.wrench.force.z,4278.357825007266
0.6792207610000001,1785795316.801231707,/loadcell_data_filtered.wrench.force.z,4278.199285418089
0.67955946,1785795316.801570406,/loadcell_data_filtered.wrench.force.z,4277.848070847332
0.6800998180000001,1785795316.802110764,/loadcell_data_filtered.wrench.force.z,4277.61376714588
0.680794427,1785795316.802805373,/loadcell_data_filtered.wrench.force.z,4277.39512419101
0.6810653120000001,1785795316.803076258,/loadcell_data_filtered.wrench.force.z,4277.351651425104
0.684282818,1785795316.806293764,/loadcell_data_filtered.wrench.force.z,4282.453025982606
0.6845020310000001,1785795316.806512977,/loadcell_data_filtered.wrench.force.z,4285.878225905754
0.6846611920000001,1785795316.806672138,/loadcell_data_filtered.wrench.force.z,4290.266330280152
0.68478848,1785795316.806799426,/loadcell_data_filtered.wrench.force.z,4293.80370968502
0.684916371,1785795316.806927317,/loadcell_data_filtered.wrench.force.z,4296.64164828064
0.6850492180000001,1785795316.807060164,/loadcell_data_filtered.wrench.force.z,4298.4900870554075
0.6851824430000001,1785795316.807193389,/loadcell_data_filtered.wrench.force.z,4299.861278550353
0.685307113,1785795316.807318059,/loadcell_data_filtered.wrench.force.z,4298.970845523698
0.69051247,1785795316.812523416,/loadcell_data_filtered.wrench.force.z,4299.00747580925
0.690845079,1785795316.812856025,/loadcell_data_filtered.wrench.force.z,4299.014902220245
0.690977418,1785795316.812988364,/loadcell_data_filtered.wrench.force.z,4299.572249959888
0.6911005170000001,1785795316.813111463,/loadcell_data_filtered.wrench.force.z,4300.048347569636
0.6912180520000001,1785795316.813228998,/loadcell_data_filtered.wrench.force.z,4299.929986894261
0.6913402470000001,1785795316.813351193,/loadcell_data_filtered.wrench.force.z,4299.768158606268
0.691458121,1785795316.813469067,/loadcell_data_filtered.wrench.force.z,4299.471953801269
0.6915734570000001,1785795316.813584403,/loadcell_data_filtered.wrench.force.z,4299.4857118884465
0.691687033,1785795316.813697979,/loadcell_data_filtered.wrench.force.z,4299.284715002697
0.6918002670000001,1785795316.813811213,/loadcell_data_filtered.wrench.force.z,4293.6320706066235
0.691914331,1785795316.813925277,/loadcell_data_filtered.wrench.force.z,4289.766448046034
0.692047527,1785795316.814058473,/loadcell_data_filtered.wrench.force.z,4285.486351772309
0.6921533280000001,1785795316.814164274,/loadcell_data_filtered.wrench.force.z,4280.41028923397
0.692264552,1785795316.814275498,/loadcell_data_filtered.wrench.force.z,4276.611108739365
0.692522674,1785795316.814533620,/loadcell_data_filtered.wrench.force.z,4274.040586708887
0.6928805290000001,1785795316.814891475,/loadcell_data_filtered.wrench.force.z,4272.331134791076
0.693289719,1785795316.815300665,/loadcell_data_filtered.wrench.force.z,4271.362573225276
0.6939783180000001,1785795316.815989264,/loadcell_data_filtered.wrench.force.z,4270.825851970587
0.6943731190000001,1785795316.816384065,/loadcell_data_filtered.wrench.force.z,4270.307890733977
0.6950135350000001,1785795316.817024481,/loadcell_data_filtered.wrench.force.z,4269.831299676053
0.6953544770000001,1785795316.817365423,/loadcell_data_filtered.wrench.force.z,4268.712004032422
0.695949284,1785795316.817960230,/loadcell_data_filtered.wrench.force.z,4267.675267808679
0.696438918,1785795316.818449864,/loadcell_data_filtered.wrench.force.z,4266.767457068869
0.696897137,1785795316.818908083,/loadcell_data_filtered.wrench.force.z,4265.952694163211
0.697396216,1785795316.819407162,/loadcell_data_filtered.wrench.force.z,4265.4190217463665
0.6980079490000001,1785795316.820018895,/loadcell_data_filtered.wrench.force.z,4267.391188991039
0.699355677,1785795316.821366623,/loadcell_data_filtered.wrench.force.z,4271.549914549953
0.6998878310000001,1785795316.821898777,/loadcell_data_filtered.wrench.force.z,4275.951771824455
0.700509924,1785795316.822520870,/loadcell_data_filtered.wrench.force.z,4279.632630280464
0.701062088,1785795316.823073034,/loadcell_data_filtered.wrench.force.z,4282.638219200415
0.701559063,1785795316.823570009,/loadcell_data_filtered.wrench.force.z,4285.169262938107
0.70206079,1785795316.824071736,/loadcell_data_filtered.wrench.force.z,4286.409758477181
0.702668794,1785795316.824679740,/loadcell_data_filtered.wrench.force.z,4286.812434845517
0.7031649440000001,1785795316.825175890,/loadcell_data_filtered.wrench.force.z,4286.70972119999
0.703621602,1785795316.825632548,/loadcell_data_filtered.wrench.force.z,4287.100963186918
0.704368748,1785795316.826379694,/loadcell_data_filtered.wrench.force.z,4287.40448219406
0.704916624,1785795316.826927570,/loadcell_data_filtered.wrench.force.z,4287.826974123281
0.7052938120000001,1785795316.827304758,/loadcell_data_filtered.wrench.force.z,4288.245345955928
0.7056674580000001,1785795316.827678404,/loadcell_data_filtered.wrench.force.z,4288.949343074119
0.7064070920000001,1785795316.828418038,/loadcell_data_filtered.wrench.force.z,4289.372795473582
0.7068132530000001,1785795316.828824199,/loadcell_data_filtered.wrench.force.z,4289.62831902945
0.707449565,1785795316.829460511,/loadcell_data_filtered.wrench.force.z,4290.133929643515
0.7079090020000001,1785795316.829919948,/loadcell_data_filtered.wrench.force.z,4285.609191021912
0.708285401,1785795316.830296347,/loadcell_data_filtered.wrench.force.z,4282.92232241128
0.708660001,1785795316.830670947,/loadcell_data_filtered.wrench.force.z,4279.619709663007
0.709173538,1785795316.831184484,/loadcell_data_filtered.wrench.force.z,4277.089647414738
0.709599796,1785795316.831610742,/loadcell_data_filtered.wrench.force.z,4274.661859255031
0.709962422,1785795316.831973368,/loadcell_data_filtered.wrench.force.z,4273.229548687704
0.7103720250000001,1785795316.832382971,/loadcell_data_filtered.wrench.force.z,4272.038951507216
0.71066476,1785795316.832675706,/loadcell_data_filtered.wrench.force.z,4272.309136917504
0.710916273,1785795316.832927219,/loadcell_data_filtered.wrench.force.z,4273.321799827706
0.711174182,1785795316.833185128,/loadcell_data_filtered.wrench.force.z,4274.17319115307
0.7165230060000001,1785795316.838533952,/loadcell_data_filtered.wrench.force.z,4274.895816887571
0.717084445,1785795316.839095391,/loadcell_data_filtered.wrench.force.z,4275.095585343162
0.71750243,1785795316.839513376,/loadcell_data_filtered.wrench.force.z,4275.439589943503
0.7178475310000001,1785795316.839858477,/loadcell_data_filtered.wrench.force.z,4276.494904442759
0.718338986,1785795316.840349932,/loadcell_data_filtered.wrench.force.z,4277.2561669068655
0.718778691,1785795316.840789637,/loadcell_data_filtered.wrench.force.z,4278.179704397657
0.719165198,1785795316.841176144,/loadcell_data_filtered.wrench.force.z,4284.883248974372
0.7195081990000001,1785795316.841519145,/loadcell_data_filtered.wrench.force.z,4282.312732742435
0.7210246490000001,1785795316.843035595,/loadcell_data_filtered.wrench.force.z,4286.6006029203045
0.7210464900000001,1785795316.843057436,/loadcell_data_filtered.wrench.force.z,4288.600595393289
0.721050062,1785795316.843061008,/loadcell_data_filtered.wrench.force.z,4291.767459665405
0.721053044,1785795316.843063990,/loadcell_data_filtered.wrench.force.z,4293.445054195656
0.721310332,1785795316.843321278,/loadcell_data_filtered.wrench.force.z,4294.966761596722
0.721627609,1785795316.843638555,/loadcell_data_filtered.wrench.force.z,4295.5769535163645
0.722070157,1785795316.844081103,/loadcell_data_filtered.wrench.force.z,4295.913405374188
0.722580761,1785795316.844591707,/loadcell_data_filtered.wrench.force.z,4296.634358565959
0.722932737,1785795316.844943683,/loadcell_data_filtered.wrench.force.z,4296.983312447373
0.723291467,1785795316.845302413,/loadcell_data_filtered.wrench.force.z,4297.306191081718
0.7236215380000001,1785795316.845632484,/loadcell_data_filtered.wrench.force.z,4297.755507618795
0.723939851,1785795316.845950797,/loadcell_data_filtered.wrench.force.z,4297.99331782751
0.7242743030000001,1785795316.846285249,/loadcell_data_filtered.wrench.force.z,4298.158021935832
0.7245324310000001,1785795316.846543377,/loadcell_data_filtered.wrench.force.z,4298.3260188232625
0.724785566,1785795316.846796512,/loadcell_data_filtered.wrench.force.z,4298.301212217333
0.7250913520000001,1785795316.847102298,/loadcell_data_filtered.wrench.force.z,4292.960692762781
0.7253509570000001,1785795316.847361903,/loadcell_data_filtered.wrench.force.z,4289.184636572748
0.7255705370000001,1785795316.847581483,/loadcell_data_filtered.wrench.force.z,4286.966012375962
0.7257935550000001,1785795316.847804501,/loadcell_data_filtered.wrench.force.z,4285.4922709430575
0.7260512100000001,1785795316.848062156,/loadcell_data_filtered.wrench.force.z,4283.8434903624575
0.726301005,1785795316.848311951,/loadcell_data_filtered.wrench.force.z,4282.074472612625
0.7264899410000001,1785795316.848500887,/loadcell_data_filtered.wrench.force.z,4281.855052860791
0.7267038450000001,1785795316.848714791,/loadcell_data_filtered.wrench.force.z,4282.350921762206
0.72718252,1785795316.849193466,/loadcell_data_filtered.wrench.force.z,4282.940167841688
0.7278204580000001,1785795316.849831404,/loadcell_data_filtered.wrench.force.z,4283.223626017257
0.728179491,1785795316.850190437,/loadcell_data_filtered.wrench.force.z,4283.608069375278
0.733831015,1785795316.855841961,/loadcell_data_filtered.wrench.force.z,4283.875838939022
0.734739844,1785795316.856750790,/loadcell_data_filtered.wrench.force.z,4284.01238296318
0.7352208440000001,1785795316.857231790,/loadcell_data_filtered.wrench.force.z,4284.930680653918
0.735590712,1785795316.857601658,/loadcell_data_filtered.wrench.force.z,4285.502826860287
0.735914187,1785795316.857925133,/loadcell_data_filtered.wrench.force.z,4289.778279931145
0.7370692860000001,1785795316.859080232,/loadcell_data_filtered.wrench.force.z,4294.231067962951
0.7370938890000001,1785795316.859104835,/loadcell_data_filtered.wrench.force.z,4299.286366243293
0.737192835,1785795316.859203781,/loadcell_data_filtered.wrench.force.z,4303.305818476978
0.7375916800000001,1785795316.859602626,/loadcell_data_filtered.wrench.force.z,4306.451544836351
0.7378936930000001,1785795316.859904639,/loadcell_data_filtered.wrench.force.z,4309.445559985687
0.7382483870000001,1785795316.860259333,/loadcell_data_filtered.wrench.force.z,4310.34627714497
0.73868464,1785795316.860695586,/loadcell_data_filtered.wrench.force.z,4308.855794632501
0.7388770210000001,1785795316.860887967,/loadcell_data_filtered.wrench.force.z,4308.4039879390875
0.739242225,1785795316.861253171,/loadcell_data_filtered.wrench.force.z,4308.21167239754
0.739542315,1785795316.861553261,/loadcell_data_filtered.wrench.force.z,4307.7759526172495
0.7398233940000001,1785795316.861834340,/loadcell_data_filtered.wrench.force.z,4307.188522097631
0.7401369670000001,1785795316.862147913,/loadcell_data_filtered.wrench.force.z,4306.703696054604
0.7405169420000001,1785795316.862527888,/loadcell_data_filtered.wrench.force.z,4305.907390598907
0.7408823720000001,1785795316.862893318,/loadcell_data_filtered.wrench.force.z,4305.094422536265
0.7412405710000001,1785795316.863251517,/loadcell_data_filtered.wrench.force.z,4303.98490607997
0.742156938,1785795316.864167884,/loadcell_data_filtered.wrench.force.z,4303.171964241663
0.742168716,1785795316.864179662,/loadcell_data_filtered.wrench.force.z,4296.852030667754
0.7424598370000001,1785795316.864470783,/loadcell_data_filtered.wrench.force.z,4292.873352775133
0.7427417740000001,1785795316.864752720,/loadcell_data_filtered.wrench.force.z,4288.157665571179
0.742998893,1785795316.865009839,/loadcell_data_filtered.wrench.force.z,4283.908876613996
0.743238397,1785795316.865249343,/loadcell_data_filtered.wrench.force.z,4280.18046774803
0.74346411,1785795316.865475056,/loadcell_data_filtered.wrench.force.z,4277.832298720326
0.745910162,1785795316.867921108,/loadcell_data_filtered.wrench.force.z,4275.299970124253
0.746532748,1785795316.868543694,/loadcell_data_filtered.wrench.force.z,4274.050731837418
0.746843938,1785795316.868854884,/loadcell_data_filtered.wrench.force.z,4273.810028909323
0.7471271540000001,1785795316.869138100,/loadcell_data_filtered.wrench.force.z,4273.773257561618
0.747379019,1785795316.869389965,/loadcell_data_filtered.wrench.force.z,4273.3334187214505
0.747609925,1785795316.869620871,/loadcell_data_filtered.wrench.force.z,4273.046883287659
0.747815395,1785795316.869826341,/loadcell_data_filtered.wrench.force.z,4272.844690825272
0.748099618,1785795316.870110564,/loadcell_data_filtered.wrench.force.z,4272.148356397531
0.7483277340000001,1785795316.870338680,/loadcell_data_filtered.wrench.force.z,4271.21883430945
0.748596082,1785795316.870607028,/loadcell_data_filtered.wrench.force.z,4269.782446383605
0.748956217,1785795316.870967163,/loadcell_data_filtered.wrench.force.z,4269.198307245065
0.751794727,1785795316.873805673,/loadcell_data_filtered.wrench.force.z,4274.555071335508
0.75213856,1785795316.874149506,/loadcell_data_filtered.wrench.force.z,4278.566415707848
0.75233644,1785795316.874347386,/loadcell_data_filtered.wrench.force.z,4282.4031622107395
0.752529435,1785795316.874540381,/loadcell_data_filtered.wrench.force.z,4285.133255842233
0.752715217,1785795316.874726163,/loadcell_data_filtered.wrench.force.z,4288.112044756469
0.752900415,1785795316.874911361,/loadcell_data_filtered.wrench.force.z,4289.855602895152
0.753080732,1785795316.875091678,/loadcell_data_filtered.wrench.force.z,4291.312909537296
0.753254065,1785795316.875265011,/loadcell_data_filtered.wrench.force.z,4291.849880733924
0.757170788,1785795316.879181734,/loadcell_data_filtered.wrench.force.z,4291.762145083945
0.757942561,1785795316.879953507,/loadcell_data_filtered.wrench.force.z,4292.244235215948
0.7582652240000001,1785795316.880276170,/loadcell_data_filtered.wrench.force.z,4292.886837461501
0.7584961450000001,1785795316.880507091,/loadcell_data_filtered.wrench.force.z,4293.462702107234
0.7587215730000001,1785795316.880732519,/loadcell_data_filtered.wrench.force.z,4293.808247580276
0.758942934,1785795316.880953880,/loadcell_data_filtered.wrench.force.z,4294.5169090408
0.759169725,1785795316.881180671,/loadcell_data_filtered.wrench.force.z,4295.180517541562
0.759382792,1785795316.881393738,/loadcell_data_filtered.wrench.force.z,4295.235489718758
0.7595749690000001,1785795316.881585915,/loadcell_data_filtered.wrench.force.z,4290.948552715919
0.759700056,1785795316.881711002,/loadcell_data_filtered.wrench.force.z,4287.589930481252
0.7598201960000001,1785795316.881831142,/loadcell_data_filtered.wrench.force.z,4284.361279571599
0.7599380530000001,1785795316.881948999,/loadcell_data_filtered.wrench.force.z,4280.658721843914
0.760060736,1785795316.882071682,/loadcell_data_filtered.wrench.force.z,4278.367047847828
0.760180045,1785795316.882190991,/loadcell_data_filtered.wrench.force.z,4277.312565339025
0.760293721,1785795316.882304667,/loadcell_data_filtered.wrench.force.z,4277.459105018993
0.760406718,1785795316.882417664,/loadcell_data_filtered.wrench.force.z,4278.219477449335
0.760624665,1785795316.882635611,/loadcell_data_filtered.wrench.force.z,4279.6218415299945
0.7611200250000001,1785795316.883130971,/loadcell_data_filtered.wrench.force.z,4280.349153038385
0.7616956210000001,1785795316.883706567,/loadcell_data_filtered.wrench.force.z,4281.245954906485
0.7624149610000001,1785795316.884425907,/loadcell_data_filtered.wrench.force.z,4281.810320850934
0.764607106,1785795316.886618052,/loadcell_data_filtered.wrench.force.z,4282.028529056474
0.764758181,1785795316.886769127,/loadcell_data_filtered.wrench.force.z,4282.246691500804
0.764891262,1785795316.886902208,/loadcell_data_filtered.wrench.force.z,4283.117821657192
0.765024688,1785795316.887035634,/loadcell_data_filtered.wrench.force.z,4280.787778105579
0.765164276,1785795316.887175222,/loadcell_data_filtered.wrench.force.z,4281.701838124199
0.765567514,1785795316.887578460,/loadcell_data_filtered.wrench.force.z,4285.645953820689
0.7658079470000001,1785795316.887818893,/loadcell_data_filtered.wrench.force.z,4290.337778820132
0.7665290770000001,1785795316.888540023,/loadcell_data_filtered.wrench.force.z,4294.076581300399
0.76683552,1785795316.888846466,/loadcell_data_filtered.wrench.force.z,4297.136545087442
0.7681092190000001,1785795316.890120165,/loadcell_data_filtered.wrench.force.z,4299.7874661296255
0.770343634,1785795316.892354580,/loadcell_data_filtered.wrench.force.z,4301.663893990836
0.7706797870000001,1785795316.892690733,/loadcell_data_filtered.wrench.force.z,4302.229959930478
0.770808993,1785795316.892819939,/loadcell_data_filtered.wrench.force.z,4303.281313315499
0.770932909,1785795316.892943855,/loadcell_data_filtered.wrench.force.z,4304.312554332745
0.7710551840000001,1785795316.893066130,/loadcell_data_filtered.wrench.force.z,4304.931487715594
0.77118441,1785795316.893195356,/loadcell_data_filtered.wrench.force.z,4305.774372756099
0.771306563,1785795316.893317509,/loadcell_data_filtered.wrench.force.z,4306.531984701901
0.7714644150000001,1785795316.893475361,/loadcell_data_filtered.wrench.force.z,4306.026087453362
0.7725773170000001,1785795316.894588263,/loadcell_data_filtered.wrench.force.z,4305.230613306679
0.773034165,1785795316.895045111,/loadcell_data_filtered.wrench.force.z,4305.002308328436
0.7743547930000001,1785795316.896365739,/loadcell_data_filtered.wrench.force.z,4304.614772103743
0.7745712210000001,1785795316.896582167,/loadcell_data_filtered.wrench.force.z,4299.241743301004
0.7747826990000001,1785795316.896793645,/loadcell_data_filtered.wrench.force.z,4295.539731976247
0.774955135,1785795316.896966081,/loadcell_data_filtered.wrench.force.z,4291.456783211978
0.7751299,1785795316.897140846,/loadcell_data_filtered.wrench.force.z,4288.038303080296
0.775782481,1785795316.897793427,/loadcell_data_filtered.wrench.force.z,4284.9053797366505
0.775998116,1785795316.898009062,/loadcell_data_filtered.wrench.force.z,4283.5802617670515
0.7761724550000001,1785795316.898183401,/loadcell_data_filtered.wrench.force.z,4282.072952934666
0.776889739,1785795316.898900685,/loadcell_data_filtered.wrench.force.z,4281.713822125895
0.7771801530000001,1785795316.899191099,/loadcell_data_filtered.wrench.force.z,4281.779510916089
0.777568339,1785795316.899579285,/loadcell_data_filtered.wrench.force.z,4281.884932613278
0.778074526,1785795316.900085472,/loadcell_data_filtered.wrench.force.z,4281.60615299603
0.778676632,1785795316.900687578,/loadcell_data_filtered.wrench.force.z,4281.516372932049
0.7794803730000001,1785795316.901491319,/loadcell_data_filtered.wrench.force.z,4281.70928601091
0.77981049,1785795316.901821436,/loadcell_data_filtered.wrench.force.z,4281.887465184674
0.7801799490000001,1785795316.902190895,/loadcell_data_filtered.wrench.force.z,4282.014620631064
0.780773217,1785795316.902784163,/loadcell_data_filtered.wrench.force.z,4282.420665748593
0.781168272,1785795316.903179218,/loadcell_data_filtered.wrench.force.z,4283.111874456094
0.782126575,1785795316.904137521,/loadcell_data_filtered.wrench.force.z,4289.470287733908
0.7826805410000001,1785795316.904691487,/loadcell_data_filtered.wrench.force.z,4294.668393517684
0.783215804,1785795316.905226750,/loadcell_data_filtered.wrench.force.z,4299.048971054488
0.7842189070000001,1785795316.906229853,/loadcell_data_filtered.wrench.force.z,4302.827265357955
0.78598489,1785795316.907995836,/loadcell_data_filtered.wrench.force.z,4306.475303305655
0.7864339300000001,1785795316.908444876,/loadcell_data_filtered.wrench.force.z,4309.098452979354
0.7865720700000001,1785795316.908583016,/loadcell_data_filtered.wrench.force.z,4310.587444738988
0.7866997090000001,1785795316.908710655,/loadcell_data_filtered.wrench.force.z,4312.109650338825
0.786871274,1785795316.908882220,/loadcell_data_filtered.wrench.force.z,4313.472881268297
0.7870008930000001,1785795316.909011839,/loadcell_data_filtered.wrench.force.z,4314.667355408276
0.7871217580000001,1785795316.909132704,/loadcell_data_filtered.wrench.force.z,4314.9437809369665
0.7873734960000001,1785795316.909384442,/loadcell_data_filtered.wrench.force.z,4314.908507409283
0.7931660020000001,1785795316.915176948,/loadcell_data_filtered.wrench.force.z,4315.143779293979
0.7938923840000001,1785795316.915903330,/loadcell_data_filtered.wrench.force.z,4315.575147883954
0.79404916,1785795316.916060106,/loadcell_data_filtered.wrench.force.z,4316.055147017529
0.7941709640000001,1785795316.916181910,/loadcell_data_filtered.wrench.force.z,4314.700822224218
0.794287551,1785795316.916298497,/loadcell_data_filtered.wrench.force.z,4310.173908642522
0.794404034,1785795316.916414980,/loadcell_data_filtered.wrench.force.z,4305.877055321754
0.7945166050000001,1785795316.916527551,/loadcell_data_filtered.wrench.force.z,4302.332705652001
0.794632082,1785795316.916643028,/loadcell_data_filtered.wrench.force.z,4299.967617935113
0.794741687,1785795316.916752633,/loadcell_data_filtered.wrench.force.z,4297.519997653196
0.79485452,1785795316.916865466,/loadcell_data_filtered.wrench.force.z,4296.296525416992
0.794973043,1785795316.916983989,/loadcell_data_filtered.wrench.force.z,4295.859288394649
0.795084819,1785795316.917095765,/loadcell_data_filtered.wrench.force.z,4295.684170277879
0.7951981330000001,1785795316.917209079,/loadcell_data_filtered.wrench.force.z,4295.331574140153
0.795309141,1785795316.917320087,/loadcell_data_filtered.wrench.force.z,4292.668454505404
0.7954207870000001,1785795316.917431733,/loadcell_data_filtered.wrench.force.z,4291.555966309671
0.795537202,1785795316.917548148,/loadcell_data_filtered.wrench.force.z,4290.761276501486
0.796046722,1785795316.918057668,/loadcell_data_filtered.wrench.force.z,4289.355098167223
0.7964573110000001,1785795316.918468257,/loadcell_data_filtered.wrench.force.z,4288.347016749472
0.796915958,1785795316.918926904,/loadcell_data_filtered.wrench.force.z,4287.562087284061
0.7975883770000001,1785795316.919599323,/loadcell_data_filtered.wrench.force.z,4287.2211895693445
0.798262358,1785795316.920273304,/loadcell_data_filtered.wrench.force.z,4291.907088621495
0.7986205930000001,1785795316.920631539,/loadcell_data_filtered.wrench.force.z,4295.231460586508
0.7990795810000001,1785795316.921090527,/loadcell_data_filtered.wrench.force.z,4299.314473571928
0.799835834,1785795316.921846780,/loadcell_data_filtered.wrench.force.z,4302.290967265784
0.800869856,1785795316.922880802,/loadcell_data_filtered.wrench.force.z,4304.863088527022
0.801383857,1785795316.923394803,/loadcell_data_filtered.wrench.force.z,4306.368053607208
0.8017194400000001,1785795316.923730386,/loadcell_data_filtered.wrench.force.z,4307.627336677401
0.8019584940000001,1785795316.923969440,/loadcell_data_filtered.wrench.force.z,4307.7348599762245
0.802247259,1785795316.924258205,/loadcell_data_filtered.wrench.force.z,4307.864350769702
0.8026026690000001,1785795316.924613615,/loadcell_data_filtered.wrench.force.z,4308.362822172084
0.8035673000000001,1785795316.925578246,/loadcell_data_filtered.wrench.force.z,4308.972720186225
0.804080796,1785795316.926091742,/loadcell_data_filtered.wrench.force.z,4309.4473875698595
0.8044094770000001,1785795316.926420423,/loadcell_data_filtered.wrench.force.z,4310.080521411883
0.8047506990000001,1785795316.926761645,/loadcell_data_filtered.wrench.force.z,4310.6907172265155
0.8054279980000001,1785795316.927438944,/loadcell_data_filtered.wrench.force.z,4311.230810255238
0.8063856800000001,1785795316.928396626,/loadcell_data_filtered.wrench.force.z,4311.617432186414
0.8069992970000001,1785795316.929010243,/loadcell_data_filtered.wrench.force.z,4312.112475897452
0.8074304360000001,1785795316.929441382,/loadcell_data_filtered.wrench.force.z,4306.818165905525
0.8079227520000001,1785795316.929933698,/loadcell_data_filtered.wrench.force.z,4303.301625860061
0.8083353600000001,1785795316.930346306,/loadcell_data_filtered.wrench.force.z,4300.334815538826
0.8087680030000001,1785795316.930778949,/loadcell_data_filtered.wrench.force.z,4297.69241366099
0.8092377430000001,1785795316.931248689,/loadcell_data_filtered.wrench.force.z,4295.351946314336
0.809590184,1785795316.931601130,/loadcell_data_filtered.wrench.force.z,4294.19268057856
0.809892692,1785795316.931903638,/loadcell_data_filtered.wrench.force.z,4292.941530449964
0.8102334990000001,1785795316.932244445,/loadcell_data_filtered.wrench.force.z,4293.3291177382025
0.8106094460000001,1785795316.932620392,/loadcell_data_filtered.wrench.force.z,4293.904203502655
0.810933958,1785795316.932944904,/loadcell_data_filtered.wrench.force.z,4293.956937372108
0.811439841,1785795316.933450787,/loadcell_data_filtered.wrench.force.z,4293.596975381606
0.812453375,1785795316.934464321,/loadcell_data_filtered.wrench.force.z,4293.266647209229
0.8134547830000001,1785795316.935465729,/loadcell_data_filtered.wrench.force.z,4292.7234406745765
0.8137905110000001,1785795316.935801457,/loadcell_data_filtered.wrench.force.z,4292.239147671181
0.814124838,1785795316.936135784,/loadcell_data_filtered.wrench.force.z,4292.208146200819
0.814511918,1785795316.936522864,/loadcell_data_filtered.wrench.force.z,4292.017986766603
0.814732828,1785795316.936743774,/loadcell_data_filtered.wrench.force.z,4291.987394247953
0.8150279330000001,1785795316.937038879,/loadcell_data_filtered.wrench.force.z,4297.861343964438
0.8162848770000001,1785795316.938295823,/loadcell_data_filtered.wrench.force.z,4302.125026745919
0.816593408,1785795316.938604354,/loadcell_data_filtered.wrench.force.z,4305.642382231452
0.81686124,1785795316.938872186,/loadcell_data_filtered.wrench.force.z,4309.391679334663
0.819461447,1785795316.941472393,/loadcell_data_filtered.wrench.force.z,4312.624469111802
0.819694362,1785795316.941705308,/loadcell_data_filtered.wrench.force.z,4313.58653604293
0.8200011450000001,1785795316.942012091,/loadcell_data_filtered.wrench.force.z,4314.4633847074365
0.820277577,1785795316.942288523,/loadcell_data_filtered.wrench.force.z,4314.865341018286
0.820518678,1785795316.942529624,/loadcell_data_filtered.wrench.force.z,4315.558658066936
0.820753833,1785795316.942764779,/loadcell_data_filtered.wrench.force.z,4316.432053019911
0.821761367,1785795316.943772313,/loadcell_data_filtered.wrench.force.z,4316.912783664094
0.821931092,1785795316.943942038,/loadcell_data_filtered.wrench.force.z,4317.631221503407
0.8220922310000001,1785795316.944103177,/loadcell_data_filtered.wrench.force.z,4318.315600261357
0.82222625,1785795316.944237196,/loadcell_data_filtered.wrench.force.z,4312.242500993348
0.8223661590000001,1785795316.944377105,/loadcell_data_filtered.wrench.force.z,4312.7815560986355
0.822506842,1785795316.944517788,/loadcell_data_filtered.wrench.force.z,4312.484395059558
0.822962461,1785795316.944973407,/loadcell_data_filtered.wrench.force.z,4309.679523062071
0.823411722,1785795316.945422668,/loadcell_data_filtered.wrench.force.z,4306.178243094431
0.8239604380000001,1785795316.945971384,/loadcell_data_filtered.wrench.force.z,4302.376780032681
0.824523801,1785795316.946534747,/loadcell_data_filtered.wrench.force.z,4299.341393104621
0.8252406240000001,1785795316.947251570,/loadcell_data_filtered.wrench.force.z,4297.121139145612
0.828457556,1785795316.950468502,/loadcell_data_filtered.wrench.force.z,4295.157995665578
0.828772056,1785795316.950783002,/loadcell_data_filtered.wrench.force.z,4294.387269726788
0.82908037,1785795316.951091316,/loadcell_data_filtered.wrench.force.z,4295.337677911718
0.829407275,1785795316.951418221,/loadcell_data_filtered.wrench.force.z,4297.341122984195
0.8297968920000001,1785795316.951807838,/loadcell_data_filtered.wrench.force.z,4298.907335375462
0.830214517,1785795316.952225463,/loadcell_data_filtered.wrench.force.z,4300.087636133692
0.83058692,1785795316.952597866,/loadcell_data_filtered.wrench.force.z,4300.994825631391
0.8309954970000001,1785795316.953006443,/loadcell_data_filtered.wrench.force.z,4300.968546604599
0.8313693430000001,1785795316.953380289,/loadcell_data_filtered.wrench.force.z,4300.05377069886
0.8317328540000001,1785795316.953743800,/loadcell_data_filtered.wrench.force.z,4300.068787504837
0.832123009,1785795316.954133955,/loadcell_data_filtered.wrench.force.z,4299.997206076412
0.833816325,1785795316.955827271,/loadcell_data_filtered.wrench.force.z,4300.4094460606475
0.8342616420000001,1785795316.956272588,/loadcell_data_filtered.wrench.force.z,4306.547398008093
0.834476734,1785795316.956487680,/loadcell_data_filtered.wrench.force.z,4310.475157550368
0.834815171,1785795316.956826117,/loadcell_data_filtered.wrench.force.z,4315.35220096953
0.8352042810000001,1785795316.957215227,/loadcell_data_filtered.wrench.force.z,4319.9308186260605
0.835587567,1785795316.957598513,/loadcell_data_filtered.wrench.force.z,4323.797251096658
0.8360693260000001,1785795316.958080272,/loadcell_data_filtered.wrench.force.z,4326.392620513481
0.836595823,1785795316.958606769,/loadcell_data_filtered.wrench.force.z,4326.900989212614
0.837060052,1785795316.959070998,/loadcell_data_filtered.wrench.force.z,4326.310381847927
0.837607834,1785795316.959618780,/loadcell_data_filtered.wrench.force.z,4326.392002064591
0.838028921,1785795316.960039867,/loadcell_data_filtered.wrench.force.z,4326.394194731582
0.838406124,1785795316.960417070,/loadcell_data_filtered.wrench.force.z,4326.328045382904
0.8388157470000001,1785795316.960826693,/loadcell_data_filtered.wrench.force.z,4326.759268142172
0.839255991,1785795316.961266937,/loadcell_data_filtered.wrench.force.z,4327.157322367349
0.839677463,1785795316.961688409,/loadcell_data_filtered.wrench.force.z,4327.395880429354
0.840761965,1785795316.962772911,/loadcell_data_filtered.wrench.force.z,4327.86492253067
0.840773513,1785795316.962784459,/loadcell_data_filtered.wrench.force.z,4328.159581280262
0.841165899,1785795316.963176845,/loadcell_data_filtered.wrench.force.z,4328.175796812738
0.841661257,1785795316.963672203,/loadcell_data_filtered.wrench.force.z,4322.420046687893
0.842160672,1785795316.964171618,/loadcell_data_filtered.wrench.force.z,4318.439183950072
0.842916424,1785795316.964927370,/loadcell_data_filtered.wrench.force.z,4314.847444844862
0.843317344,1785795316.965328290,/loadcell_data_filtered.wrench.force.z,4311.7825416712685
0.8437892210000001,1785795316.965800167,/loadcell_data_filtered.wrench.force.z,4308.769838950605
0.844420547,1785795316.966431493,/loadcell_data_filtered.wrench.force.z,4307.28846701198
0.844871248,1785795316.966882194,/loadcell_data_filtered.wrench.force.z,4306.282175071566
0.8452200550000001,1785795316.967231001,/loadcell_data_filtered.wrench.force.z,4306.16857778711
0.845538875,1785795316.967549821,/loadcell_data_filtered.wrench.force.z,4306.545550185813
0.845880849,1785795316.967891795,/loadcell_data_filtered.wrench.force.z,4306.665732903225
0.8462420100000001,1785795316.968252956,/loadcell_data_filtered.wrench.force.z,4306.172731672223
0.846519232,1785795316.968530178,/loadcell_data_filtered.wrench.force.z,4305.568913473296
0.8468698520000001,1785795316.968880798,/loadcell_data_filtered.wrench.force.z,4304.65233802525
0.847597979,1785795316.969608925,/loadcell_data_filtered.wrench.force.z,4303.935985393362
0.8478997410000001,1785795316.969910687,/loadcell_data_filtered.wrench.force.z,4302.950350125924
0.8481582950000001,1785795316.970169241,/loadcell_data_filtered.wrench.force.z,4302.943611612525
0.848439661,1785795316.970450607,/loadcell_data_filtered.wrench.force.z,4303.268443289641
0.8487803490000001,1785795316.970791295,/loadcell_data_filtered.wrench.force.z,4307.554005170752
0.849161987,1785795316.971172933,/loadcell_data_filtered.wrench.force.z,4311.301507369774
0.849511558,1785795316.971522504,/loadcell_data_filtered.wrench.force.z,4314.130127639242
0.8500174770000001,1785795316.972028423,/loadcell_data_filtered.wrench.force.z,4316.430892257469
0.8514060870000001,1785795316.973417033,/loadcell_data_filtered.wrench.force.z,4318.417625536701
0.8519594410000001,1785795316.973970387,/loadcell_data_filtered.wrench.force.z,4318.634345518675
0.8535291410000001,1785795316.975540087,/loadcell_data_filtered.wrench.force.z,4318.7967731383715
0.853798265,1785795316.975809211,/loadcell_data_filtered.wrench.force.z,4317.19336804514
0.8540106030000001,1785795316.976021549,/loadcell_data_filtered.wrench.force.z,4316.108869600041
0.854215053,1785795316.976225999,/loadcell_data_filtered.wrench.force.z,4309.187403650399
0.854424037,1785795316.976434983,/loadcell_data_filtered.wrench.force.z,4306.917254559378
0.8546773190000001,1785795316.976688265,/loadcell_data_filtered.wrench.force.z,4305.389074554041
0.8549890960000001,1785795316.977000042,/loadcell_data_filtered.wrench.force.z,4304.0192190486605
0.855306126,1785795316.977317072,/loadcell_data_filtered.wrench.force.z,4303.065864075538
0.8582121340000001,1785795316.980223080,/loadcell_data_filtered.wrench.force.z,4302.427818499508
0.8589927070000001,1785795316.981003653,/loadcell_data_filtered.wrench.force.z,4301.636013034616
0.859589593,1785795316.981600539,/loadcell_data_filtered.wrench.force.z,4297.474443569407
0.860145916,1785795316.982156862,/loadcell_data_filtered.wrench.force.z,4293.8141176878
0.8605626710000001,1785795316.982573617,/loadcell_data_filtered.wrench.force.z,4289.422163078304
0.860770291,1785795316.982781237,/loadcell_data_filtered.wrench.force.z,4285.128381855114
0.8609432170000001,1785795316.982954163,/loadcell_data_filtered.wrench.force.z,4280.979251738155
0.861122716,1785795316.983133662,/loadcell_data_filtered.wrench.force.z,4277.991014011121
0.8612836060000001,1785795316.983294552,/loadcell_data_filtered.wrench.force.z,4275.882930618185
0.861780278,1785795316.983791224,/loadcell_data_filtered.wrench.force.z,4275.518156492043
0.8619407450000001,1785795316.983951691,/loadcell_data_filtered.wrench.force.z,4276.108427802749
0.862145487,1785795316.984156433,/loadcell_data_filtered.wrench.force.z,4276.762241772291
0.862435681,1785795316.984446627,/loadcell_data_filtered.wrench.force.z,4277.422169378102
0.862756845,1785795316.984767791,/loadcell_data_filtered.wrench.force.z,4277.349975327711
0.8630239740000001,1785795316.985034920,/loadcell_data_filtered.wrench.force.z,4277.656174316661
0.863258292,1785795316.985269238,/loadcell_data_filtered.wrench.force.z,4276.953500918115
0.863488526,1785795316.985499472,/loadcell_data_filtered.wrench.force.z,4276.382133782701
0.863716679,1785795316.985727625,/loadcell_data_filtered.wrench.force.z,4276.250965522339
0.8643067430000001,1785795316.986317689,/loadcell_data_filtered.wrench.force.z,4275.5658738653965
0.865507109,1785795316.987518055,/loadcell_data_filtered.wrench.force.z,4281.051108370213
0.866088653,1785795316.988099599,/loadcell_data_filtered.wrench.force.z,4284.51082828649
0.866582413,1785795316.988593359,/loadcell_data_filtered.wrench.force.z,4289.299228227417
0.8671679990000001,1785795316.989178945,/loadcell_data_filtered.wrench.force.z,4292.311845255372
0.8675903380000001,1785795316.989601284,/loadcell_data_filtered.wrench.force.z,4295.556347762057
0.868048759,1785795316.990059705,/loadcell_data_filtered.wrench.force.z,4297.5281136445365
0.868476625,1785795316.990487571,/loadcell_data_filtered.wrench.force.z,4299.294725242656
0.868850231,1785795316.990861177,/loadcell_data_filtered.wrench.force.z,4299.359649930111
0.8692603950000001,1785795316.991271341,/loadcell_data_filtered.wrench.force.z,4299.629602335116
0.869574697,1785795316.991585643,/loadcell_data_filtered.wrench.force.z,4299.90616249051
0.8729606950000001,1785795316.994971641,/loadcell_data_filtered.wrench.force.z,4300.142683015148
0.873481245,1785795316.995492191,/loadcell_data_filtered.wrench.force.z,4300.860811164301
0.873868258,1785795316.995879204,/loadcell_data_filtered.wrench.force.z,4301.886933324741
0.874271945,1785795316.996282891,/loadcell_data_filtered.wrench.force.z,4303.015534322314
0.8747304650000001,1785795316.996741411,/loadcell_data_filtered.wrench.force.z,4304.48371415556
0.87511543,1785795316.997126376,/loadcell_data_filtered.wrench.force.z,4306.049970620361
0.8754403970000001,1785795316.997451343,/loadcell_data_filtered.wrench.force.z,4307.113045410317
0.8757228840000001,1785795316.997733830,/loadcell_data_filtered.wrench.force.z,4302.599288789394
0.876026461,1785795316.998037407,/loadcell_data_filtered.wrench.force.z,4297.9461509761695
0.8763112200000001,1785795316.998322166,/loadcell_data_filtered.wrench.force.z,4294.833836654187
0.8765655000000001,1785795316.998576446,/loadcell_data_filtered.wrench.force.z,4291.838838131416
0.876808608,1785795316.998819554,/loadcell_data_filtered.wrench.force.z,4289.4751900029605
0.8770298830000001,1785795316.999040829,/loadcell_data_filtered.wrench.force.z,4288.464544123827
0.877230005,1785795316.999240951,/loadcell_data_filtered.wrench.force.z,4288.185681121181
0.8774387090000001,1785795316.999449655,/loadcell_data_filtered.wrench.force.z,4288.666241279758
0.877669166,1785795316.999680112,/loadcell_data_filtered.wrench.force.z,4289.415576989313
0.877895477,1785795316.999906423,/loadcell_data_filtered.wrench.force.z,4290.6238583619315
0.878654456,1785795317.000665402,/loadcell_data_filtered.wrench.force.z,4291.6428689306285
0.8791235980000001,1785795317.001134544,/loadcell_data_filtered.wrench.force.z,4292.012926950922
0.879387899,1785795317.001398845,/loadcell_data_filtered.wrench.force.z,4293.033001481378
0.879638448,1785795317.001649394,/loadcell_data_filtered.wrench.force.z,4292.857655679671
0.8803006200000001,1785795317.002311566,/loadcell_data_filtered.wrench.force.z,4293.2182423085
0.880800168,1785795317.002811114,/loadcell_data_filtered.wrench.force.z,4293.474002350862
0.881213789,1785795317.003224735,/loadcell_data_filtered.wrench.force.z,4294.90833454852
0.881884827,1785795317.003895773,/loadcell_data_filtered.wrench.force.z,4300.513547875229
0.8822128530000001,1785795317.004223799,/loadcell_data_filtered.wrench.force.z,4305.285466848312
0.882627904,1785795317.004638850,/loadcell_data_filtered.wrench.force.z,4309.422648456146
0.883139624,1785795317.005150570,/loadcell_data_filtered.wrench.force.z,4312.5677566527675
0.8842160750000001,1785795317.006227021,/loadcell_data_filtered.wrench.force.z,4315.990540247434
0.884698423,1785795317.006709369,/loadcell_data_filtered.wrench.force.z,4317.710750759165
0.8849904190000001,1785795317.007001365,/loadcell_data_filtered.wrench.force.z,4318.557722058776
0.885646824,1785795317.007657770,/loadcell_data_filtered.wrench.force.z,4318.943593849972
0.886067747,1785795317.008078693,/loadcell_data_filtered.wrench.force.z,4319.46820960356
0.8864192110000001,1785795317.008430157,/loadcell_data_filtered.wrench.force.z,4319.902852363703
0.8892092810000001,1785795317.011220227,/loadcell_data_filtered.wrench.force.z,4320.468255820621
0.8894454150000001,1785795317.011456361,/loadcell_data_filtered.wrench.force.z,4320.361629071047
0.889616688,1785795317.011627634,/loadcell_data_filtered.wrench.force.z,4321.425382568328
0.8897957070000001,1785795317.011806653,/loadcell_data_filtered.wrench.force.z,4322.369185485719
0.889970369,1785795317.011981315,/loadcell_data_filtered.wrench.force.z,4323.519558906369
0.890165814,1785795317.012176760,/loadcell_data_filtered.wrench.force.z,4324.700056222801
0.8903530300000001,1785795317.012363976,/loadcell_data_filtered.wrench.force.z,4320.787646939165
0.8905338220000001,1785795317.012544768,/loadcell_data_filtered.wrench.force.z,4317.216160458325
0.890706006,1785795317.012716952,/loadcell_data_filtered.wrench.force.z,4313.173181161191
0.8929962060000001,1785795317.015007152,/loadcell_data_filtered.wrench.force.z,4310.032286767683
0.894358894,1785795317.016369840,/loadcell_data_filtered.wrench.force.z,4307.1881716935595
0.8945177950000001,1785795317.016528741,/loadcell_data_filtered.wrench.force.z,4305.48787134827
0.8946836300000001,1785795317.016694576,/loadcell_data_filtered.wrench.force.z,4304.383508845977
0.8948360040000001,1785795317.016846950,/loadcell_data_filtered.wrench.force.z,4304.9873972031755
0.8949972420000001,1785795317.017008188,/loadcell_data_filtered.wrench.force.z,4305.6227591885445
0.8951694240000001,1785795317.017180370,/loadcell_data_filtered.wrench.force.z,4306.655131496262
0.895343396,1785795317.017354342,/loadcell_data_filtered.wrench.force.z,4307.340967732999
0.897960108,1785795317.019971054,/loadcell_data_filtered.wrench.force.z,4306.621337926473
0.898779384,1785795317.020790330,/loadcell_data_filtered.wrench.force.z,4306.337446804798
0.8989819720000001,1785795317.020992918,/loadcell_data_filtered.wrench.force.z,4306.840454681972
0.899189122,1785795317.021200068,/loadcell_data_filtered.wrench.force.z,4307.012268795683
0.899323478,1785795317.021334424,/loadcell_data_filtered.wrench.force.z,4307.22679880605
0.899452215,1785795317.021463161,/loadcell_data_filtered.wrench.force.z,4307.5127276567
0.900809233,1785795317.022820179,/loadcell_data_filtered.wrench.force.z,4313.295957094561
0.9009853350000001,1785795317.022996281,/loadcell_data_filtered.wrench.force.z,4316.048642506452
0.901402239,1785795317.023413185,/loadcell_data_filtered.wrench.force.z,4318.695871140012
0.9015817580000001,1785795317.023592704,/loadcell_data_filtered.wrench.force.z,4322.296433948068
0.901823291,1785795317.023834237,/loadcell_data_filtered.wrench.force.z,4325.035847534972
0.9020671050000001,1785795317.024078051,/loadcell_data_filtered.wrench.force.z,4326.578167662139
0.902306245,1785795317.024317191,/loadcell_data_filtered.wrench.force.z,4328.20362525575
0.9025323310000001,1785795317.024543277,/loadcell_data_filtered.wrench.force.z,4327.625530482021
0.9027644810000001,1785795317.024775427,/loadcell_data_filtered.wrench.force.z,4326.261692318727
0.90299529,1785795317.025006236,/loadcell_data_filtered.wrench.force.z,4325.62181535263
0.903238054,1785795317.025249000,/loadcell_data_filtered.wrench.force.z,4324.735973790948
0.9035630950000001,1785795317.025574041,/loadcell_data_filtered.wrench.force.z,4324.339062331492
0.904196145,1785795317.026207091,/loadcell_data_filtered.wrench.force.z,4323.4766633117115
0.906577095,1785795317.028588041,/loadcell_data_filtered.wrench.force.z,4322.823618103629
0.9070730300000001,1785795317.029083976,/loadcell_data_filtered.wrench.force.z,4321.5509253387845
0.9079629810000001,1785795317.029973927,/loadcell_data_filtered.wrench.force.z,4320.714522214791
0.908121551,1785795317.030132497,/loadcell_data_filtered.wrench.force.z,4320.091765505089
0.908563918,1785795317.030574864,/loadcell_data_filtered.wrench.force.z,4313.891850701357
0.910145041,1785795317.032155987,/loadcell_data_filtered.wrench.force.z,4309.264629899389
0.9103398880000001,1785795317.032350834,/loadcell_data_filtered.wrench.force.z,4305.790809783195
0.9104766820000001,1785795317.032487628,/loadcell_data_filtered.wrench.force.z,4302.80435907173
0.9106037290000001,1785795317.032614675,/loadcell_data_filtered.wrench.force.z,4299.2562336937235
0.9107289540000001,1785795317.032739900,/loadcell_data_filtered.wrench.force.z,4297.778320373429
0.9108527380000001,1785795317.032863684,/loadcell_data_filtered.wrench.force.z,4296.694306823048
0.910976577,1785795317.032987523,/loadcell_data_filtered.wrench.force.z,4296.613583035586
0.911094343,1785795317.033105289,/loadcell_data_filtered.wrench.force.z,4295.67527405263
0.912648255,1785795317.034659201,/loadcell_data_filtered.wrench.force.z,4294.796104806079
0.9131627880000001,1785795317.035173734,/loadcell_data_filtered.wrench.force.z,4294.363599339201
0.9134937930000001,1785795317.035504739,/loadcell_data_filtered.wrench.force.z,4294.577769847239
0.9139221750000001,1785795317.035933121,/loadcell_data_filtered.wrench.force.z,4294.906414371647
0.914322374,1785795317.036333320,/loadcell_data_filtered.wrench.force.z,4294.649590488321
0.9146402990000001,1785795317.036651245,/loadcell_data_filtered.wrench.force.z,4293.811883380459
0.9149458420000001,1785795317.036956788,/loadcell_data_filtered.wrench.force.z,4293.765204972746
0.915264446,1785795317.037275392,/loadcell_data_filtered.wrench.force.z,4295.623799784087
0.9156018560000001,1785795317.037612802,/loadcell_data_filtered.wrench.force.z,4300.044447735283
0.9158774430000001,1785795317.037888389,/loadcell_data_filtered.wrench.force.z,4304.765704610692
0.9161113630000001,1785795317.038122309,/loadcell_data_filtered.wrench.force.z,4308.136179469762
0.916716135,1785795317.038727081,/loadcell_data_filtered.wrench.force.z,4311.0523468034
0.917158989,1785795317.039169935,/loadcell_data_filtered.wrench.force.z,4314.05588617908
0.91800789,1785795317.040018836,/loadcell_data_filtered.wrench.force.z,4315.515532379292
0.921275166,1785795317.043286112,/loadcell_data_filtered.wrench.force.z,4316.961072369779
0.9216477580000001,1785795317.043658704,/loadcell_data_filtered.wrench.force.z,4317.48958672403
0.92190795,1785795317.043918896,/loadcell_data_filtered.wrench.force.z,4318.891888295873
0.9222269500000001,1785795317.044237896,/loadcell_data_filtered.wrench.force.z,4319.832596801699
0.922559157,1785795317.044570103,/loadcell_data_filtered.wrench.force.z,4321.18419912045
0.9228845240000001,1785795317.044895470,/loadcell_data_filtered.wrench.force.z,4322.45418240134
0.923211819,1785795317.045222765,/loadcell_data_filtered.wrench.force.z,4323.459821592269
0.923508184,1785795317.045519130,/loadcell_data_filtered.wrench.force.z,4324.503559130406
0.9239476360000001,1785795317.045958582,/loadcell_data_filtered.wrench.force.z,4323.640410001277
0.924381455,1785795317.046392401,/loadcell_data_filtered.wrench.force.z,4324.4179394812
0.9247796840000001,1785795317.046790630,/loadcell_data_filtered.wrench.force.z,4320.19730637532
0.925127989,1785795317.047138935,/loadcell_data_filtered.wrench.force.z,4317.544934942253
0.925480128,1785795317.047491074,/loadcell_data_filtered.wrench.force.z,4314.028975532307
0.925809026,1785795317.047819972,/loadcell_data_filtered.wrench.force.z,4311.147343807898
0.9261818100000001,1785795317.048192756,/loadcell_data_filtered.wrench.force.z,4308.4034425665905
0.9265446020000001,1785795317.048555548,/loadcell_data_filtered.wrench.force.z,4306.765749481103
0.9269171190000001,1785795317.048928065,/loadcell_data_filtered.wrench.force.z,4305.492992743299
0.9273830030000001,1785795317.049393949,/loadcell_data_filtered.wrench.force.z,4305.6751538308945
0.9277262300000001,1785795317.049737176,/loadcell_data_filtered.wrench.force.z,4306.380282852836
0.9304711870000001,1785795317.052482133,/loadcell_data_filtered.wrench.force.z,4307.102242379816
0.930793262,1785795317.052804208,/loadcell_data_filtered.wrench.force.z,4307.618374054417
0.9310386490000001,1785795317.053049595,/loadcell_data_filtered.wrench.force.z,4308.54953221948
0.9312865850000001,1785795317.053297531,/loadcell_data_filtered.wrench.force.z,4309.783632219042
0.9315654670000001,1785795317.053576413,/loadcell_data_filtered.wrench.force.z,4310.883022704431
0.931938723,1785795317.053949669,/loadcell_data_filtered.wrench.force.z,4311.679011951672
0.932305821,1785795317.054316767,/loadcell_data_filtered.wrench.force.z,4312.76029871788
0.932731433,1785795317.054742379,/loadcell_data_filtered.wrench.force.z,4312.810725772082
0.9331607500000001,1785795317.055171696,/loadcell_data_filtered.wrench.force.z,4317.52938571767
0.9385176150000001,1785795317.060528561,/loadcell_data_filtered.wrench.force.z,4321.823004097626
0.939163579,1785795317.061174525,/loadcell_data_filtered.wrench.force.z,4325.884258489732
0.9394804250000001,1785795317.061491371,/loadcell_data_filtered.wrench.force.z,4328.618358948258
0.9397448420000001,1785795317.061755788,/loadcell_data_filtered.wrench.force.z,4329.890710209047
0.9400498230000001,1785795317.062060769,/loadcell_data_filtered.wrench.force.z,4331.23195497022
0.9403915540000001,1785795317.062402500,/loadcell_data_filtered.wrench.force.z,4332.29463356293
0.9407124240000001,1785795317.062723370,/loadcell_data_filtered.wrench.force.z,4333.148921219393
0.941045538,1785795317.063056484,/loadcell_data_filtered.wrench.force.z,4334.801967418066
0.941345293,1785795317.063356239,/loadcell_data_filtered.wrench.force.z,4336.038935309825
0.9416316880000001,1785795317.063642634,/loadcell_data_filtered.wrench.force.z,4337.269688580566
0.941957519,1785795317.063968465,/loadcell_data_filtered.wrench.force.z,4338.24138370932
0.9423426500000001,1785795317.064353596,/loadcell_data_filtered.wrench.force.z,4338.134874702492
0.9426818130000001,1785795317.064692759,/loadcell_data_filtered.wrench.force.z,4335.97158797733
0.943017163,1785795317.065028109,/loadcell_data_filtered.wrench.force.z,4330.632632303563
0.9433971240000001,1785795317.065408070,/loadcell_data_filtered.wrench.force.z,4325.984091191172
0.943721813,1785795317.065732759,/loadcell_data_filtered.wrench.force.z,4322.398229137828
0.944063749,1785795317.066074695,/loadcell_data_filtered.wrench.force.z,4320.11143810517
0.9443551050000001,1785795317.066366051,/loadcell_data_filtered.wrench.force.z,4317.601366791341
0.9446718100000001,1785795317.066682756,/loadcell_data_filtered.wrench.force.z,4316.93849128859
0.9450923400000001,1785795317.067103286,/loadcell_data_filtered.wrench.force.z,4317.145802436821
0.9454673160000001,1785795317.067478262,/loadcell_data_filtered.wrench.force.z,4318.14546388479
0.9457195930000001,1785795317.067730539,/loadcell_data_filtered.wrench.force.z,4318.205698526052
0.9460171190000001,1785795317.068028065,/loadcell_data_filtered.wrench.force.z,4317.04986502994
0.947140219,1785795317.069151165,/loadcell_data_filtered.wrench.force.z,4316.916003782508
0.947164628,1785795317.069175574,/loadcell_data_filtered.wrench.force.z,4316.620009562482
0.9471686650000001,1785795317.069179611,/loadcell_data_filtered.wrench.force.z,4316.491115635054
0.9476859150000001,1785795317.069696861,/loadcell_data_filtered.wrench.force.z,4316.2535597939495
0.948082779,1785795317.070093725,/loadcell_data_filtered.wrench.force.z,4316.501379004721
0.9485016980000001,1785795317.070512644,/loadcell_data_filtered.wrench.force.z,4317.023750150006
0.9489199410000001,1785795317.070930887,/loadcell_data_filtered.wrench.force.z,4319.582397984218
0.949402119,1785795317.071413065,/loadcell_data_filtered.wrench.force.z,4323.485370634649
0.9498416470000001,1785795317.071852593,/loadcell_data_filtered.wrench.force.z,4327.71419815807
0.9502120150000001,1785795317.072222961,/loadcell_data_filtered.wrench.force.z,4330.820145771128
0.950831571,1785795317.072842517,/loadcell_data_filtered.wrench.force.z,4333.580508823796
0.9515146560000001,1785795317.073525602,/loadcell_data_filtered.wrench.force.z,4336.143871168244
0.9518436210000001,1785795317.073854567,/loadcell_data_filtered.wrench.force.z,4337.519319625613
0.952185326,1785795317.074196272,/loadcell_data_filtered.wrench.force.z,4338.114382779132
0.9525613980000001,1785795317.074572344,/loadcell_data_filtered.wrench.force.z,4337.778526355784
0.9530441000000001,1785795317.075055046,/loadcell_data_filtered.wrench.force.z,4338.112284233225
0.953509283,1785795317.075520229,/loadcell_data_filtered.wrench.force.z,4338.134409077067
0.953908237,1785795317.075919183,/loadcell_data_filtered.wrench.force.z,4337.917568168768
0.9543485410000001,1785795317.076359487,/loadcell_data_filtered.wrench.force.z,4337.430070053492
0.9555087120000001,1785795317.077519658,/loadcell_data_filtered.wrench.force.z,4337.367087426534
0.9560560020000001,1785795317.078066948,/loadcell_data_filtered.wrench.force.z,4337.090244893195
0.956528161,1785795317.078539107,/loadcell_data_filtered.wrench.force.z,4337.4380601650255
0.956871079,1785795317.078882025,/loadcell_data_filtered.wrench.force.z,4337.084479724354
0.957240576,1785795317.079251522,/loadcell_data_filtered.wrench.force.z,4330.9943184449285
0.9576295300000001,1785795317.079640476,/loadcell_data_filtered.wrench.force.z,4327.363073838442
0.9593473050000001,1785795317.081358251,/loadcell_data_filtered.wrench.force.z,4323.119839694351
0.9596925900000001,1785795317.081703536,/loadcell_data_filtered.wrench.force.z,4319.040680979207
0.9598742830000001,1785795317.081885229,/loadcell_data_filtered.wrench.force.z,4315.796404015411
0.960064216,1785795317.082075162,/loadcell_data_filtered.wrench.force.z,4313.154780656699
0.9602684180000001,1785795317.082279364,/loadcell_data_filtered.wrench.force.z,4310.96259306247
0.9604833190000001,1785795317.082494265,/loadcell_data_filtered.wrench.force.z,4309.692655700498
0.9606824060000001,1785795317.082693352,/loadcell_data_filtered.wrench.force.z,4307.987607032567
0.960904776,1785795317.082915722,/loadcell_data_filtered.wrench.force.z,4306.614368813305
0.9638258630000001,1785795317.085836809,/loadcell_data_filtered.wrench.force.z,4305.522092950945
0.9643334610000001,1785795317.086344407,/loadcell_data_filtered.wrench.force.z,4303.958548366799
0.96481808,1785795317.086829026,/loadcell_data_filtered.wrench.force.z,4303.077182760448
0.965181567,1785795317.087192513,/loadcell_data_filtered.wrench.force.z,4301.8036812527
0.9656304010000001,1785795317.087641347,/loadcell_data_filtered.wrench.force.z,4301.161193712572
0.965909298,1785795317.087920244,/loadcell_data_filtered.wrench.force.z,4300.382634041871
0.9661999520000001,1785795317.088210898,/loadcell_data_filtered.wrench.force.z,4299.251506081753
0.9665759540000001,1785795317.088586900,/loadcell_data_filtered.wrench.force.z,4303.248346070371
0.966947485,1785795317.088958431,/loadcell_data_filtered.wrench.force.z,4305.944522958364
0.967330726,1785795317.089341672,/loadcell_data_filtered.wrench.force.z,4308.245646196966
0.9676015370000001,1785795317.089612483,/loadcell_data_filtered.wrench.force.z,4310.043854798306
0.967902837,1785795317.089913783,/loadcell_data_filtered.wrench.force.z,4312.0808032134655
0.9682084540000001,1785795317.090219400,/loadcell_data_filtered.wrench.force.z,4312.658335662588
0.9684930810000001,1785795317.090504027,/loadcell_data_filtered.wrench.force.z,4312.6247103354435
0.968810118,1785795317.090821064,/loadcell_data_filtered.wrench.force.z,4312.114031185163
0.9691774970000001,1785795317.091188443,/loadcell_data_filtered.wrench.force.z,4311.922302867879
0.969510602,1785795317.091521548,/loadcell_data_filtered.wrench.force.z,4311.658616437125
0.9700256020000001,1785795317.092036548,/loadcell_data_filtered.wrench.force.z,4311.005482095487
0.970624852,1785795317.092635798,/loadcell_data_filtered.wrench.force.z,4310.638738549107
0.9715872680000001,1785795317.093598214,/loadcell_data_filtered.wrench.force.z,4310.6373245325
0.9720846150000001,1785795317.094095561,/loadcell_data_filtered.wrench.force.z,4310.303868001069
0.9725237120000001,1785795317.094534658,/loadcell_data_filtered.wrench.force.z,4309.8046422421785
0.9740461770000001,1785795317.096057123,/loadcell_data_filtered.wrench.force.z,4309.63154005933
0.9744915900000001,1785795317.096502536,/loadcell_data_filtered.wrench.force.z,4308.743774038387
0.9748883500000001,1785795317.096899296,/loadcell_data_filtered.wrench.force.z,4304.075061151303
0.975272337,1785795317.097283283,/loadcell_data_filtered.wrench.force.z,4300.681930865712
0.975810602,1785795317.097821548,/loadcell_data_filtered.wrench.force.z,4296.851053905059
0.9762844490000001,1785795317.098295395,/loadcell_data_filtered.wrench.force.z,4293.2694128120675
0.9766086410000001,1785795317.098619587,/loadcell_data_filtered.wrench.force.z,4290.96826773968
0.976905075,1785795317.098916021,/loadcell_data_filtered.wrench.force.z,4289.710796958512
0.977199294,1785795317.099210240,/loadcell_data_filtered.wrench.force.z,4289.397549088579
0.9803256910000001,1785795317.102336637,/loadcell_data_filtered.wrench.force.z,4289.936471571947
0.9838218310000001,1785795317.105832777,/loadcell_data_filtered.wrench.force.z,4290.716227239825
0.984171954,1785795317.106182900,/loadcell_data_filtered.wrench.force.z,4291.515946938557
0.984401269,1785795317.106412215,/loadcell_data_filtered.wrench.force.z,4292.264924252157
0.9846325360000001,1785795317.106643482,/loadcell_data_filtered.wrench.force.z,4293.0891410184795
0.984853336,1785795317.106864282,/loadcell_data_filtered.wrench.force.z,4293.474178737921
0.985068641,1785795317.107079587,/loadcell_data_filtered.wrench.force.z,4298.874926991446
0.9852758660000001,1785795317.107286812,/loadcell_data_filtered.wrench.force.z,4303.926159907413
0.985476305,1785795317.107487251,/loadcell_data_filtered.wrench.force.z,4309.335711159467
0.985677792,1785795317.107688738,/loadcell_data_filtered.wrench.force.z,4313.520986909348
0.985867942,1785795317.107878888,/loadcell_data_filtered.wrench.force.z,4317.4976922611395
0.986064837,1785795317.108075783,/loadcell_data_filtered.wrench.force.z,4320.72331032144
0.986254163,1785795317.108265109,/loadcell_data_filtered.wrench.force.z,4320.590309869108
0.9864377710000001,1785795317.108448717,/loadcell_data_filtered.wrench.force.z,4320.865397869684
0.986603015,1785795317.108613961,/loadcell_data_filtered.wrench.force.z,4321.792196874389
0.9867144240000001,1785795317.108725370,/loadcell_data_filtered.wrench.force.z,4323.077580391251
0.986841527,1785795317.108852473,/loadcell_data_filtered.wrench.force.z,4324.160447461803
0.9869547860000001,1785795317.108965732,/loadcell_data_filtered.wrench.force.z,4325.284375420165
0.987145762,1785795317.109156708,/loadcell_data_filtered.wrench.force.z,4326.508276128922
0.9876491310000001,1785795317.109660077,/loadcell_data_filtered.wrench.force.z,4327.529333554158
0.9885458970000001,1785795317.110556843,/loadcell_data_filtered.wrench.force.z,4328.657969067419
0.991886244,1785795317.113897190,/loadcell_data_filtered.wrench.force.z,4329.667340437705
0.992401305,1785795317.114412251,/loadcell_data_filtered.wrench.force.z,4330.857026747091
0.9927763780000001,1785795317.114787324,/loadcell_data_filtered.wrench.force.z,4327.147195717824
0.9930209560000001,1785795317.115031902,/loadcell_data_filtered.wrench.force.z,4325.72696013251
0.9932201610000001,1785795317.115231107,/loadcell_data_filtered.wrench.force.z,4323.436079509017
0.9934007480000001,1785795317.115411694,/loadcell_data_filtered.wrench.force.z,4322.1103632256445
0.9935874920000001,1785795317.115598438,/loadcell_data_filtered.wrench.force.z,4320.244911906516
0.99376074,1785795317.115771686,/loadcell_data_filtered.wrench.force.z,4318.809556431707
0.9939202480000001,1785795317.115931194,/loadcell_data_filtered.wrench.force.z,4318.380045123839
0.9940877990000001,1785795317.116098745,/loadcell_data_filtered.wrench.force.z,4319.018061771636
0.9942490810000001,1785795317.116260027,/loadcell_data_filtered.wrench.force.z,4320.3061962793345
0.9972735890000001,1785795317.119284535,/loadcell_data_filtered.wrench.force.z,4321.249646177648
0.997663689,1785795317.119674635,/loadcell_data_filtered.wrench.force.z,4321.97263539077
0.997930819,1785795317.119941765,/loadcell_data_filtered.wrench.force.z,4322.956500590692
0.9981992000000001,1785795317.120210146,/loadcell_data_filtered.wrench.force.z,4323.941739566889
0.9984807560000001,1785795317.120491702,/loadcell_data_filtered.wrench.force.z,4324.416021591321
0.9988438150000001,1785795317.120854761,/loadcell_data_filtered.wrench.force.z,4325.3403065009425
0.9994092950000001,1785795317.121420241,/loadcell_data_filtered.wrench.force.z,4326.397650202541
0.99990968,1785795317.121920626,/loadcell_data_filtered.wrench.force.z,4326.524993725213
1.000469079,1785795317.122480025,/loadcell_data_filtered.wrench.force.z,4331.757861394533
1.0009358,1785795317.122946746,/loadcell_data_filtered.wrench.force.z,4335.88197355105
1.001394876,1785795317.123405822,/loadcell_data_filtered.wrench.force.z,4339.08205587764
1.001876162,1785795317.123887108,/loadcell_data_filtered.wrench.force.z,4341.832493949751
1.002306707,1785795317.124317653,/loadcell_data_filtered.wrench.force.z,4344.385195274408
1.0027064,1785795317.124717346,/loadcell_data_filtered.wrench.force.z,4345.306663747054
1.003006411,1785795317.125017357,/loadcell_data_filtered.wrench.force.z,4345.544409215104
1.003305355,1785795317.125316301,/loadcell_data_filtered.wrench.force.z,4345.006530589118
1.003565429,1785795317.125576375,/loadcell_data_filtered.wrench.force.z,4344.360405208605
1.003805356,1785795317.125816302,/loadcell_data_filtered.wrench.force.z,4344.057710119164
1.004057637,1785795317.126068583,/loadcell_data_filtered.wrench.force.z,4343.450093784146
1.004297912,1785795317.126308858,/loadcell_data_filtered.wrench.force.z,4342.84310354519
1.004550111,1785795317.126561057,/loadcell_data_filtered.wrench.force.z,4341.870630490516
1.004824257,1785795317.126835203,/loadcell_data_filtered.wrench.force.z,4341.030293274404
1.006722552,1785795317.128733498,/loadcell_data_filtered.wrench.force.z,4339.832099904798
1.007245666,1785795317.129256612,/loadcell_data_filtered.wrench.force.z,4339.061080472036
1.007635762,1785795317.129646708,/loadcell_data_filtered.wrench.force.z,4336.221237241533
1.011319947,1785795317.133330893,/loadcell_data_filtered.wrench.force.z,4330.448274582786
1.011582732,1785795317.133593678,/loadcell_data_filtered.wrench.force.z,4324.773845514174
1.011773718,1785795317.133784664,/loadcell_data_filtered.wrench.force.z,4320.660345134442
1.011957635,1785795317.133968581,/loadcell_data_filtered.wrench.force.z,4316.958058608816
1.012199489,1785795317.134210435,/loadcell_data_filtered.wrench.force.z,4313.9963737128155
1.012504833,1785795317.134515779,/loadcell_data_filtered.wrench.force.z,4312.3399333121515
1.012851688,1785795317.134862634,/loadcell_data_filtered.wrench.force.z,4311.216664700068
1.0131238,1785795317.135134746,/loadcell_data_filtered.wrench.force.z,4310.589330970063
1.013347554,1785795317.135358500,/loadcell_data_filtered.wrench.force.z,4310.398629497213
1.013593166,1785795317.135604112,/loadcell_data_filtered.wrench.force.z,4309.965178080483
1.013928879,1785795317.135939825,/loadcell_data_filtered.wrench.force.z,4308.418371857564
1.014309053,1785795317.136319999,/loadcell_data_filtered.wrench.force.z,4305.2883770057415
1.014681487,1785795317.136692433,/loadcell_data_filtered.wrench.force.z,4303.714020562301
1.015073044,1785795317.137083990,/loadcell_data_filtered.wrench.force.z,4302.211624149228
1.015435624,1785795317.137446570,/loadcell_data_filtered.wrench.force.z,4300.80641016433
1.015768207,1785795317.137779153,/loadcell_data_filtered.wrench.force.z,4299.483751775698
1.016171924,1785795317.138182870,/loadcell_data_filtered.wrench.force.z,4303.021522586329
1.016629645,1785795317.138640591,/loadcell_data_filtered.wrench.force.z,4305.014345853414
1.017105672,1785795317.139116618,/loadcell_data_filtered.wrench.force.z,4308.120576956441
1.017555678,1785795317.139566624,/loadcell_data_filtered.wrench.force.z,4310.074699234131
1.017988975,1785795317.139999921,/loadcell_data_filtered.wrench.force.z,4311.477412605256
1.018492271,1785795317.140503217,/loadcell_data_filtered.wrench.force.z,4312.6201715698235
1.018959426,1785795317.140970372,/loadcell_data_filtered.wrench.force.z,4312.7665079215585
1.019462343,1785795317.141473289,/loadcell_data_filtered.wrench.force.z,4312.038835826979
1.020781452,1785795317.142792398,/loadcell_data_filtered.wrench.force.z,4311.729556265287
1.021137681,1785795317.143148627,/loadcell_data_filtered.wrench.force.z,4311.083682823535
1.021388516,1785795317.143399462,/loadcell_data_filtered.wrench.force.z,4311.1785566152075
1.021635121,1785795317.143646067,/loadcell_data_filtered.wrench.force.z,4311.519750838588
1.0218818650000001,1785795317.143892811,/loadcell_data_filtered.wrench.force.z,4311.831375351662
1.022126464,1785795317.144137410,/loadcell_data_filtered.wrench.force.z,4311.544240055937
1.022358001,1785795317.144368947,/loadcell_data_filtered.wrench.force.z,4310.503636359613
1.0225848,1785795317.144595746,/loadcell_data_filtered.wrench.force.z,4310.073938298463
1.022700914,1785795317.144711860,/loadcell_data_filtered.wrench.force.z,4309.550825585769
1.0236822270000001,1785795317.145693173,/loadcell_data_filtered.wrench.force.z,4303.925679099788
1.024331,1785795317.146341946,/loadcell_data_filtered.wrench.force.z,4300.634153435898
1.024902865,1785795317.146913811,/loadcell_data_filtered.wrench.force.z,4296.929007086809
1.025391815,1785795317.147402761,/loadcell_data_filtered.wrench.force.z,4293.462558498285
1.025827503,1785795317.147838449,/loadcell_data_filtered.wrench.force.z,4290.923381573268
1.02838081,1785795317.150391756,/loadcell_data_filtered.wrench.force.z,4289.986410928088
1.029830947,1785795317.151841893,/loadcell_data_filtered.wrench.force.z,4289.500798877394
1.030352779,1785795317.152363725,/loadcell_data_filtered.wrench.force.z,4290.218517547898
1.030720947,1785795317.152731893,/loadcell_data_filtered.wrench.force.z,4290.87363426336
1.031141349,1785795317.153152295,/loadcell_data_filtered.wrench.force.z,4291.972867824594
1.031431224,1785795317.153442170,/loadcell_data_filtered.wrench.force.z,4292.284198321307
1.031823079,1785795317.153834025,/loadcell_data_filtered.wrench.force.z,4293.44597791864
1.032231458,1785795317.154242404,/loadcell_data_filtered.wrench.force.z,4294.478941161895
1.032588265,1785795317.154599211,/loadcell_data_filtered.wrench.force.z,4294.151842809954
1.033017942,1785795317.155028888,/loadcell_data_filtered.wrench.force.z,4294.111600589568
1.033452905,1785795317.155463851,/loadcell_data_filtered.wrench.force.z,4294.835483282206
1.033866233,1785795317.155877179,/loadcell_data_filtered.wrench.force.z,4295.376803554156
1.034274877,1785795317.156285823,/loadcell_data_filtered.wrench.force.z,4302.252943130568
1.034655618,1785795317.156666564,/loadcell_data_filtered.wrench.force.z,4307.939505093962
1.035095899,1785795317.157106845,/loadcell_data_filtered.wrench.force.z,4312.616002470115
1.03553601,1785795317.157546956,/loadcell_data_filtered.wrench.force.z,4316.371728204792
1.035840093,1785795317.157851039,/loadcell_data_filtered.wrench.force.z,4320.1091826611855
1.036233595,1785795317.158244541,/loadcell_data_filtered.wrench.force.z,4321.892454906732
1.036583496,1785795317.158594442,/loadcell_data_filtered.wrench.force.z,4323.114743612302
1.037181612,1785795317.159192558,/loadcell_data_filtered.wrench.force.z,4323.611425092389
1.040652458,1785795317.162663404,/loadcell_data_filtered.wrench.force.z,4324.562003194157
1.041118521,1785795317.163129467,/loadcell_data_filtered.wrench.force.z,4325.586813401106
1.041594387,1785795317.163605333,/loadcell_data_filtered.wrench.force.z,4327.012903624533
1.041993248,1785795317.164004194,/loadcell_data_filtered.wrench.force.z,4328.563254023317
1.042360346,1785795317.164371292,/loadcell_data_filtered.wrench.force.z,4329.028914918384
1.042655409,1785795317.164666355,/loadcell_data_filtered.wrench.force.z,4329.852841746007
1.042920168,1785795317.164931114,/loadcell_data_filtered.wrench.force.z,4330.79844007208
1.043285287,1785795317.165296233,/loadcell_data_filtered.wrench.force.z,4329.186747030737
1.043650368,1785795317.165661314,/loadcell_data_filtered.wrench.force.z,4326.4168966671305
1.044091608,1785795317.166102554,/loadcell_data_filtered.wrench.force.z,4323.121965154263
1.044523951,1785795317.166534897,/loadcell_data_filtered.wrench.force.z,4319.478100353296
1.044920995,1785795317.166931941,/loadcell_data_filtered.wrench.force.z,4316.4140327449195
1.045326245,1785795317.167337191,/loadcell_data_filtered.wrench.force.z,4313.976503382421
1.045673098,1785795317.167684044,/loadcell_data_filtered.wrench.force.z,4312.97318406648
1.046063993,1785795317.168074939,/loadcell_data_filtered.wrench.force.z,4313.136492401942
1.046486075,1785795317.168497021,/loadcell_data_filtered.wrench.force.z,4313.502508443386
1.04689257,1785795317.168903516,/loadcell_data_filtered.wrench.force.z,4314.259684604157
1.047312541,1785795317.169323487,/loadcell_data_filtered.wrench.force.z,4314.993512698771
1.047663204,1785795317.169674150,/loadcell_data_filtered.wrench.force.z,4315.472188475617
1.048073407,1785795317.170084353,/loadcell_data_filtered.wrench.force.z,4315.347537721226
1.048420466,1785795317.170431412,/loadcell_data_filtered.wrench.force.z,4315.549836176199
1.048749566,1785795317.170760512,/loadcell_data_filtered.wrench.force.z,4315.693465595858
1.049101996,1785795317.171112942,/loadcell_data_filtered.wrench.force.z,4315.909428677338
1.049398977,1785795317.171409923,/loadcell_data_filtered.wrench.force.z,4316.016126013335
1.049679573,1785795317.171690519,/loadcell_data_filtered.wrench.force.z,4321.641115729649
1.050141378,1785795317.172152324,/loadcell_data_filtered.wrench.force.z,4325.445973051399
1.050608455,1785795317.172619401,/loadcell_data_filtered.wrench.force.z,4329.889149042804
1.05098149,1785795317.172992436,/loadcell_data_filtered.wrench.force.z,4333.772492909686
1.051377611,1785795317.173388557,/loadcell_data_filtered.wrench.force.z,4336.782206488223
1.051756358,1785795317.173767304,/loadcell_data_filtered.wrench.force.z,4339.046031617053
1.052897321,1785795317.174908267,/loadcell_data_filtered.wrench.force.z,4340.625034079052
1.053243397,1785795317.175254343,/loadcell_data_filtered.wrench.force.z,4340.971429507444
1.053483252,1785795317.175494198,/loadcell_data_filtered.wrench.force.z,4342.252280786538
1.053692548,1785795317.175703494,/loadcell_data_filtered.wrench.force.z,4343.679139204143
1.053954021,1785795317.175964967,/loadcell_data_filtered.wrench.force.z,4344.726455998987
1.054231497,1785795317.176242443,/loadcell_data_filtered.wrench.force.z,4345.483245909186
1.054529142,1785795317.176540088,/loadcell_data_filtered.wrench.force.z,4344.758774176435
1.054827342,1785795317.176838288,/loadcell_data_filtered.wrench.force.z,4345.059760862674
1.055138559,1785795317.177149505,/loadcell_data_filtered.wrench.force.z,4345.028027329161
1.055558442,1785795317.177569388,/loadcell_data_filtered.wrench.force.z,4345.053913295715
1.055927126,1785795317.177938072,/loadcell_data_filtered.wrench.force.z,4344.989214770196
1.056579964,1785795317.178590910,/loadcell_data_filtered.wrench.force.z,4339.317578561679
1.056954759,1785795317.178965705,/loadcell_data_filtered.wrench.force.z,4335.548678152182
1.057349953,1785795317.179360899,/loadcell_data_filtered.wrench.force.z,4331.382285225375
1.058250424,1785795317.180261370,/loadcell_data_filtered.wrench.force.z,4328.173599699787
1.060651817,1785795317.182662763,/loadcell_data_filtered.wrench.force.z,4324.832845493913
1.062243967,1785795317.184254913,/loadcell_data_filtered.wrench.force.z,4323.182966826608
1.06296224,1785795317.184973186,/loadcell_data_filtered.wrench.force.z,4321.981041122521
1.063302769,1785795317.185313715,/loadcell_data_filtered.wrench.force.z,4322.316627269514
1.063533633,1785795317.185544579,/loadcell_data_filtered.wrench.force.z,4322.904878507723
1.063762447,1785795317.185773393,/loadcell_data_filtered.wrench.force.z,4323.1664083791275
1.064000763,1785795317.186011709,/loadcell_data_filtered.wrench.force.z,4323.354574519038
1.064255621,1785795317.186266567,/loadcell_data_filtered.wrench.force.z,4323.191952025421
1.064492024,1785795317.186502970,/loadcell_data_filtered.wrench.force.z,4323.101081944858
1.065604576,1785795317.187615522,/loadcell_data_filtered.wrench.force.z,4322.569440825492
1.066186822,1785795317.188197768,/loadcell_data_filtered.wrench.force.z,4321.2421499619395
1.066605554,1785795317.188616500,/loadcell_data_filtered.wrench.force.z,4321.473596020463
1.066920827,1785795317.188931773,/loadcell_data_filtered.wrench.force.z,4322.189262215188
1.067208967,1785795317.189219913,/loadcell_data_filtered.wrench.force.z,4327.499468988565
1.067559417,1785795317.189570363,/loadcell_data_filtered.wrench.force.z,4332.469476787757
1.067868822,1785795317.189879768,/loadcell_data_filtered.wrench.force.z,4335.02078500836
1.070214388,1785795317.192225334,/loadcell_data_filtered.wrench.force.z,4338.265516964242
1.070481097,1785795317.192492043,/loadcell_data_filtered.wrench.force.z,4340.2594883304755
1.07065795,1785795317.192668896,/loadcell_data_filtered.wrench.force.z,4340.838463795702
1.070825627,1785795317.192836573,/loadcell_data_filtered.wrench.force.z,4340.964468435805
1.071006937,1785795317.193017883,/loadcell_data_filtered.wrench.force.z,4340.786315296651
1.071191217,1785795317.193202163,/loadcell_data_filtered.wrench.force.z,4341.078559030028
1.07137359,1785795317.193384536,/loadcell_data_filtered.wrench.force.z,4340.939548271305
1.071552035,1785795317.193562981,/loadcell_data_filtered.wrench.force.z,4340.95679678393
1.071727069,1785795317.193738015,/loadcell_data_filtered.wrench.force.z,4340.95510577535
1.071885482,1785795317.193896428,/loadcell_data_filtered.wrench.force.z,4339.703046328205
1.072054905,1785795317.194065851,/loadcell_data_filtered.wrench.force.z,4337.328179218366
1.072276099,1785795317.194287045,/loadcell_data_filtered.wrench.force.z,4335.453515549694
1.073276961,1785795317.195287907,/loadcell_data_filtered.wrench.force.z,4334.026214714362
1.073733638,1785795317.195744584,/loadcell_data_filtered.wrench.force.z,4329.167433681531
1.073952673,1785795317.195963619,/loadcell_data_filtered.wrench.force.z,4325.174717317853
1.0741903,1785795317.196201246,/loadcell_data_filtered.wrench.force.z,4320.227882554954
1.074459423,1785795317.196470369,/loadcell_data_filtered.wrench.force.z,4315.337345106312
1.077568726,1785795317.199579672,/loadcell_data_filtered.wrench.force.z,4311.377588215911
1.077982575,1785795317.199993521,/loadcell_data_filtered.wrench.force.z,4308.003605405503
1.078164197,1785795317.200175143,/loadcell_data_filtered.wrench.force.z,4306.200838628821
1.078336887,1785795317.200347833,/loadcell_data_filtered.wrench.force.z,4305.749409035647
1.078511747,1785795317.200522693,/loadcell_data_filtered.wrench.force.z,4305.313319673763
1.078694373,1785795317.200705319,/loadcell_data_filtered.wrench.force.z,4304.968349582755
1.078951139,1785795317.200962085,/loadcell_data_filtered.wrench.force.z,4304.656608016563
1.079255414,1785795317.201266360,/loadcell_data_filtered.wrench.force.z,4303.583014648312
1.079540344,1785795317.201551290,/loadcell_data_filtered.wrench.force.z,4301.698639264701
1.079875978,1785795317.201886924,/loadcell_data_filtered.wrench.force.z,4300.959442487935
1.080228027,1785795317.202238973,/loadcell_data_filtered.wrench.force.z,4300.3480156504775
1.080538874,1785795317.202549820,/loadcell_data_filtered.wrench.force.z,4300.109851638595
1.082030064,1785795317.204041010,/loadcell_data_filtered.wrench.force.z,4299.792774546939
1.082621954,1785795317.204632900,/loadcell_data_filtered.wrench.force.z,4304.742469077755
1.082874826,1785795317.204885772,/loadcell_data_filtered.wrench.force.z,4308.407859700724
1.083168268,1785795317.205179214,/loadcell_data_filtered.wrench.force.z,4312.373390699865
1.0834412310000001,1785795317.205452177,/loadcell_data_filtered.wrench.force.z,4315.71024918777
1.083689946,1785795317.205700892,/loadcell_data_filtered.wrench.force.z,4318.419754634714
1.083921612,1785795317.205932558,/loadcell_data_filtered.wrench.force.z,4320.445126586441
1.084318708,1785795317.206329654,/loadcell_data_filtered.wrench.force.z,4322.181478599053
1.084715532,1785795317.206726478,/loadcell_data_filtered.wrench.force.z,4322.600416428029
1.085190276,1785795317.207201222,/loadcell_data_filtered.wrench.force.z,4322.859336440528
1.085742306,1785795317.207753252,/loadcell_data_filtered.wrench.force.z,4323.984354980837
1.086130618,1785795317.208141564,/loadcell_data_filtered.wrench.force.z,4325.045905548832
1.086693512,1785795317.208704458,/loadcell_data_filtered.wrench.force.z,4325.78038784351
1.087560198,1785795317.209571144,/loadcell_data_filtered.wrench.force.z,4326.59291389042
1.088166262,1785795317.210177208,/loadcell_data_filtered.wrench.force.z,4328.0032078159375
1.089484346,1785795317.211495292,/loadcell_data_filtered.wrench.force.z,4328.887127402877
1.090481818,1785795317.212492764,/loadcell_data_filtered.wrench.force.z,4329.368761246384
1.090502456,1785795317.212513402,/loadcell_data_filtered.wrench.force.z,4330.2680720925555
1.090507754,1785795317.212518700,/loadcell_data_filtered.wrench.force.z,4325.575762221575
1.090603794,1785795317.212614740,/loadcell_data_filtered.wrench.force.z,4322.656311632734
1.094428321,1785795317.216439267,/loadcell_data_filtered.wrench.force.z,4319.742661132271
1.095048417,1785795317.217059363,/loadcell_data_filtered.wrench.force.z,4317.523488231158
1.095585736,1785795317.217596682,/loadcell_data_filtered.wrench.force.z,4315.979587913406
1.096145065,1785795317.218156011,/loadcell_data_filtered.wrench.force.z,4316.134409994256
1.09665541,1785795317.218666356,/loadcell_data_filtered.wrench.force.z,4316.895066502181
1.097061216,1785795317.219072162,/loadcell_data_filtered.wrench.force.z,4318.429855175974
1.097432567,1785795317.219443513,/loadcell_data_filtered.wrench.force.z,4320.23233482937
1.097779579,1785795317.219790525,/loadcell_data_filtered.wrench.force.z,4321.82567811889
1.098137576,1785795317.220148522,/loadcell_data_filtered.wrench.force.z,4321.923028541899
1.099542537,1785795317.221553483,/loadcell_data_filtered.wrench.force.z,4321.532806897678
1.0998802,1785795317.221891146,/loadcell_data_filtered.wrench.force.z,4322.034229412021
1.100127025,1785795317.222137971,/loadcell_data_filtered.wrench.force.z,4323.104583455597
1.100357915,1785795317.222368861,/loadcell_data_filtered.wrench.force.z,4324.446990954806
1.100653741,1785795317.222664687,/loadcell_data_filtered.wrench.force.z,4325.934498959129
1.101167148,1785795317.223178094,/loadcell_data_filtered.wrench.force.z,4328.353349238474
1.101687498,1785795317.223698444,/loadcell_data_filtered.wrench.force.z,4335.040528791585
1.102215422,1785795317.224226368,/loadcell_data_filtered.wrench.force.z,4341.077464953076
1.102731789,1785795317.224742735,/loadcell_data_filtered.wrench.force.z,4345.909089210018
1.103187932,1785795317.225198878,/loadcell_data_filtered.wrench.force.z,4349.835036422055
1.103676075,1785795317.225687021,/loadcell_data_filtered.wrench.force.z,4350.9571691811825
1.104140033,1785795317.226150979,/loadcell_data_filtered.wrench.force.z,4352.619224545419
1.1045087040000001,1785795317.226519650,/loadcell_data_filtered.wrench.force.z,4353.199154452987
1.104855001,1785795317.226865947,/loadcell_data_filtered.wrench.force.z,4353.643601734368
1.105201207,1785795317.227212153,/loadcell_data_filtered.wrench.force.z,4354.086345971064
1.105536744,1785795317.227547690,/loadcell_data_filtered.wrench.force.z,4354.89869984631
1.105861222,1785795317.227872168,/loadcell_data_filtered.wrench.force.z,4355.466745055536
1.106214072,1785795317.228225018,/loadcell_data_filtered.wrench.force.z,4356.160570415111
1.107051601,1785795317.229062547,/loadcell_data_filtered.wrench.force.z,4356.690435464931
1.108543577,1785795317.230554523,/loadcell_data_filtered.wrench.force.z,4357.360244975827
1.109097346,1785795317.231108292,/loadcell_data_filtered.wrench.force.z,4357.998089150586
1.109475458,1785795317.231486404,/loadcell_data_filtered.wrench.force.z,4358.596686976048
1.109870599,1785795317.231881545,/loadcell_data_filtered.wrench.force.z,4354.818868328566
1.110324608,1785795317.232335554,/loadcell_data_filtered.wrench.force.z,4352.45629930347
1.110730997,1785795317.232741943,/loadcell_data_filtered.wrench.force.z,4348.909783789566
1.111142898,1785795317.233153844,/loadcell_data_filtered.wrench.force.z,4345.2581560992685
1.111521039,1785795317.233531985,/loadcell_data_filtered.wrench.force.z,4341.439069262682
1.111886442,1785795317.233897388,/loadcell_data_filtered.wrench.force.z,4338.5716789410935
1.112283888,1785795317.234294834,/loadcell_data_filtered.wrench.force.z,4336.5129323673455
1.112665992,1785795317.234676938,/loadcell_data_filtered.wrench.force.z,4335.534683216063
1.112957183,1785795317.234968129,/loadcell_data_filtered.wrench.force.z,4335.066671333644
1.113221865,1785795317.235232811,/loadcell_data_filtered.wrench.force.z,4334.840452934438
1.113443,1785795317.235453946,/loadcell_data_filtered.wrench.force.z,4334.1176591279445
1.113809199,1785795317.235820145,/loadcell_data_filtered.wrench.force.z,4333.709345748265
1.114304183,1785795317.236315129,/loadcell_data_filtered.wrench.force.z,4333.734108785275
1.114953602,1785795317.236964548,/loadcell_data_filtered.wrench.force.z,4332.602685075739
1.115466066,1785795317.237477012,/loadcell_data_filtered.wrench.force.z,4332.178891371928
1.115878835,1785795317.237889781,/loadcell_data_filtered.wrench.force.z,4330.773220375918
1.116241455,1785795317.238252401,/loadcell_data_filtered.wrench.force.z,4329.085199262281
1.11661487,1785795317.238625816,/loadcell_data_filtered.wrench.force.z,4332.989733043441
1.11699275,1785795317.239003696,/loadcell_data_filtered.wrench.force.z,4335.416808213491
1.117361929,1785795317.239372875,/loadcell_data_filtered.wrench.force.z,4338.379699728884
1.11769501,1785795317.239705956,/loadcell_data_filtered.wrench.force.z,4340.055438514326
1.118035174,1785795317.240046120,/loadcell_data_filtered.wrench.force.z,4341.479664058358
1.118598381,1785795317.240609327,/loadcell_data_filtered.wrench.force.z,4342.677116331808
1.119039449,1785795317.241050395,/loadcell_data_filtered.wrench.force.z,4343.242869198486
1.119462016,1785795317.241472962,/loadcell_data_filtered.wrench.force.z,4341.881056400351
1.119803505,1785795317.241814451,/loadcell_data_filtered.wrench.force.z,4339.673349438329
1.120204298,1785795317.242215244,/loadcell_data_filtered.wrench.force.z,4338.655899888683
1.120642482,1785795317.242653428,/loadcell_data_filtered.wrench.force.z,4337.428386817313
1.121131674,1785795317.243142620,/loadcell_data_filtered.wrench.force.z,4336.408175102261
1.121493457,1785795317.243504403,/loadcell_data_filtered.wrench.force.z,4335.231503363626
1.12184134,1785795317.243852286,/loadcell_data_filtered.wrench.force.z,4334.2629811943225
1.122202652,1785795317.244213598,/loadcell_data_filtered.wrench.force.z,4333.125102724903
1.1225203320000001,1785795317.244531278,/loadcell_data_filtered.wrench.force.z,4331.900862859958
1.122791629,1785795317.244802575,/loadcell_data_filtered.wrench.force.z,4330.692295763181
1.123263392,1785795317.245274338,/loadcell_data_filtered.wrench.force.z,4323.93010398953
1.12378672,1785795317.245797666,/loadcell_data_filtered.wrench.force.z,4318.824584477777
1.125584333,1785795317.247595279,/loadcell_data_filtered.wrench.force.z,4314.210810107029
1.126027686,1785795317.248038632,/loadcell_data_filtered.wrench.force.z,4310.4584123531
1.126181074,1785795317.248192020,/loadcell_data_filtered.wrench.force.z,4306.5365831137
1.126442109,1785795317.248453055,/loadcell_data_filtered.wrench.force.z,4303.9463339176855
1.1267414119999999,1785795317.248752358,/loadcell_data_filtered.wrench.force.z,4302.20624931839
1.127077444,1785795317.249088390,/loadcell_data_filtered.wrench.force.z,4301.06327847558
1.127455842,1785795317.249466788,/loadcell_data_filtered.wrench.force.z,4300.620245388494
1.127790197,1785795317.249801143,/loadcell_data_filtered.wrench.force.z,4299.840083618905
1.128149877,1785795317.250160823,/loadcell_data_filtered.wrench.force.z,4299.140248195691
1.128540542,1785795317.250551488,/loadcell_data_filtered.wrench.force.z,4298.0751653908255
1.1293652650000001,1785795317.251376211,/loadcell_data_filtered.wrench.force.z,4296.648366246309
1.129688266,1785795317.251699212,/loadcell_data_filtered.wrench.force.z,4295.512457428437
1.133744785,1785795317.255755731,/loadcell_data_filtered.wrench.force.z,4294.723497214837
1.1342411700000001,1785795317.256252116,/loadcell_data_filtered.wrench.force.z,4293.950841833133
1.134377101,1785795317.256388047,/loadcell_data_filtered.wrench.force.z,4295.956437507149
1.134512,1785795317.256522946,/loadcell_data_filtered.wrench.force.z,4301.274458259596
1.134636102,1785795317.256647048,/loadcell_data_filtered.wrench.force.z,4306.086259008868
1.134762042,1785795317.256772988,/loadcell_data_filtered.wrench.force.z,4310.13032641345
1.134888798,1785795317.256899744,/loadcell_data_filtered.wrench.force.z,4313.213905653963
1.1350173,1785795317.257028246,/loadcell_data_filtered.wrench.force.z,4316.245004342798
1.135136675,1785795317.257147621,/loadcell_data_filtered.wrench.force.z,4317.8357401204075
1.136577203,1785795317.258588149,/loadcell_data_filtered.wrench.force.z,4318.28355575877
1.136791401,1785795317.258802347,/loadcell_data_filtered.wrench.force.z,4317.3677645556945
1.136997496,1785795317.259008442,/loadcell_data_filtered.wrench.force.z,4317.575328313307
1.137161336,1785795317.259172282,/loadcell_data_filtered.wrench.force.z,4313.428309641183
1.137335922,1785795317.259346868,/loadcell_data_filtered.wrench.force.z,4312.057472109754
1.13748909,1785795317.259500036,/loadcell_data_filtered.wrench.force.z,4311.976306841974
1.1382126399999999,1785795317.260223586,/loadcell_data_filtered.wrench.force.z,4312.398633915425
1.138467857,1785795317.260478803,/loadcell_data_filtered.wrench.force.z,4313.190480470959
1.141215826,1785795317.263226772,/loadcell_data_filtered.wrench.force.z,4313.966446368621
1.141404605,1785795317.263415551,/loadcell_data_filtered.wrench.force.z,4314.723115462791
1.141586282,1785795317.263597228,/loadcell_data_filtered.wrench.force.z,4311.257903012843
1.141831671,1785795317.263842617,/loadcell_data_filtered.wrench.force.z,4309.377237371386
1.142100333,1785795317.264111279,/loadcell_data_filtered.wrench.force.z,4306.684073963195
1.142390307,1785795317.264401253,/loadcell_data_filtered.wrench.force.z,4305.268297800158
1.142715307,1785795317.264726253,/loadcell_data_filtered.wrench.force.z,4303.456219416977
1.142923814,1785795317.264934760,/loadcell_data_filtered.wrench.force.z,4301.532300176007
1.143511905,1785795317.265522851,/loadcell_data_filtered.wrench.force.z,4300.999329502095
1.1437572089999999,1785795317.265768155,/loadcell_data_filtered.wrench.force.z,4302.02029269476
1.14397834,1785795317.265989286,/loadcell_data_filtered.wrench.force.z,4303.31245245905
1.144858018,1785795317.266868964,/loadcell_data_filtered.wrench.force.z,4304.242828747609
1.145502186,1785795317.267513132,/loadcell_data_filtered.wrench.force.z,4305.167875912982
1.146523278,1785795317.268534224,/loadcell_data_filtered.wrench.force.z,4305.4803417820085
1.146978377,1785795317.268989323,/loadcell_data_filtered.wrench.force.z,4306.115670468451
1.147376795,1785795317.269387741,/loadcell_data_filtered.wrench.force.z,4306.332973510542
1.147702182,1785795317.269713128,/loadcell_data_filtered.wrench.force.z,4306.539176018165
1.14804719,1785795317.270058136,/loadcell_data_filtered.wrench.force.z,4307.097142766714
1.149573489,1785795317.271584435,/loadcell_data_filtered.wrench.force.z,4307.776230000113
1.149876339,1785795317.271887285,/loadcell_data_filtered.wrench.force.z,4314.116760787539
1.150167154,1785795317.272178100,/loadcell_data_filtered.wrench.force.z,4319.2165754120115
1.150391863,1785795317.272402809,/loadcell_data_filtered.wrench.force.z,4324.343056558502
1.150706475,1785795317.272717421,/loadcell_data_filtered.wrench.force.z,4328.105987854335
1.150867875,1785795317.272878821,/loadcell_data_filtered.wrench.force.z,4331.075242157291
1.151090654,1785795317.273101600,/loadcell_data_filtered.wrench.force.z,4332.794906191323
1.15133022,1785795317.273341166,/loadcell_data_filtered.wrench.force.z,4334.296889354985
1.151549948,1785795317.273560894,/loadcell_data_filtered.wrench.force.z,4334.33688726195
1.1537215060000001,1785795317.275732452,/loadcell_data_filtered.wrench.force.z,4334.6678740072975
1.154350399,1785795317.276361345,/loadcell_data_filtered.wrench.force.z,4335.0842132324
1.154780421,1785795317.276791367,/loadcell_data_filtered.wrench.force.z,4336.300968667612
1.155112613,1785795317.277123559,/loadcell_data_filtered.wrench.force.z,4337.299709208045
1.15555693,1785795317.277567876,/loadcell_data_filtered.wrench.force.z,4337.453414457486
1.155902046,1785795317.277912992,/loadcell_data_filtered.wrench.force.z,4337.088608790053
1.156120656,1785795317.278131602,/loadcell_data_filtered.wrench.force.z,4337.787423901655
1.156319702,1785795317.278330648,/loadcell_data_filtered.wrench.force.z,4338.467094376744
1.156505113,1785795317.278516059,/loadcell_data_filtered.wrench.force.z,4338.87966646938
1.15681489,1785795317.278825836,/loadcell_data_filtered.wrench.force.z,4333.078876319126
1.157067923,1785795317.279078869,/loadcell_data_filtered.wrench.force.z,4328.124775388948
1.157503018,1785795317.279513964,/loadcell_data_filtered.wrench.force.z,4325.104998350871
1.161203864,1785795317.283214810,/loadcell_data_filtered.wrench.force.z,4322.237769444904
1.1614731,1785795317.283484046,/loadcell_data_filtered.wrench.force.z,4319.2318940312225
1.161663725,1785795317.283674671,/loadcell_data_filtered.wrench.force.z,4318.540730625476
1.161828715,1785795317.283839661,/loadcell_data_filtered.wrench.force.z,4319.060927897203
1.16199503,1785795317.284005976,/loadcell_data_filtered.wrench.force.z,4319.913950564407
1.162220644,1785795317.284231590,/loadcell_data_filtered.wrench.force.z,4320.959220483529
1.162504093,1785795317.284515039,/loadcell_data_filtered.wrench.force.z,4321.693856685169
1.165924536,1785795317.287935482,/loadcell_data_filtered.wrench.force.z,4322.215793511166
1.167127907,1785795317.289138853,/loadcell_data_filtered.wrench.force.z,4322.709313347274
1.167372662,1785795317.289383608,/loadcell_data_filtered.wrench.force.z,4323.468313609191
1.167607934,1785795317.289618880,/loadcell_data_filtered.wrench.force.z,4323.635003930702
1.167807846,1785795317.289818792,/loadcell_data_filtered.wrench.force.z,4323.995888671217
1.168032403,1785795317.290043349,/loadcell_data_filtered.wrench.force.z,4327.371736802151
1.168272058,1785795317.290283004,/loadcell_data_filtered.wrench.force.z,4331.486857475658
1.168469352,1785795317.290480298,/loadcell_data_filtered.wrench.force.z,4334.751266733868
1.168670475,1785795317.290681421,/loadcell_data_filtered.wrench.force.z,4338.2938088323035
1.168865059,1785795317.290876005,/loadcell_data_filtered.wrench.force.z,4341.275111624186
1.169073865,1785795317.291084811,/loadcell_data_filtered.wrench.force.z,4343.545276610267
1.16927579,1785795317.291286736,/loadcell_data_filtered.wrench.force.z,4344.549694221561
1.169499289,1785795317.291510235,/loadcell_data_filtered.wrench.force.z,4344.770929450952
1.169709958,1785795317.291720904,/loadcell_data_filtered.wrench.force.z,4344.721658436838
1.170473806,1785795317.292484752,/loadcell_data_filtered.wrench.force.z,4344.528437643501
1.170724128,1785795317.292735074,/loadcell_data_filtered.wrench.force.z,4344.28854188695
1.170929547,1785795317.292940493,/loadcell_data_filtered.wrench.force.z,4341.596814336402
1.171146134,1785795317.293157080,/loadcell_data_filtered.wrench.force.z,4336.532586650655
1.1713553349999999,1785795317.293366281,/loadcell_data_filtered.wrench.force.z,4336.228612362262
1.171555496,1785795317.293566442,/loadcell_data_filtered.wrench.force.z,4335.045120206493
1.171934935,1785795317.293945881,/loadcell_data_filtered.wrench.force.z,4334.336393072966
1.172387093,1785795317.294398039,/loadcell_data_filtered.wrench.force.z,4333.592142241159
1.172911737,1785795317.294922683,/loadcell_data_filtered.wrench.force.z,4327.834393833669
1.173370865,1785795317.295381811,/loadcell_data_filtered.wrench.force.z,4324.013165928173
1.173987683,1785795317.295998629,/loadcell_data_filtered.wrench.force.z,4319.273931449621
1.174406082,1785795317.296417028,/loadcell_data_filtered.wrench.force.z,4315.378563593139
1.175954265,1785795317.297965211,/loadcell_data_filtered.wrench.force.z,4311.781983755274
1.176244074,1785795317.298255020,/loadcell_data_filtered.wrench.force.z,4308.789694008181
1.176464532,1785795317.298475478,/loadcell_data_filtered.wrench.force.z,4307.149176012373
1.176689524,1785795317.298700470,/loadcell_data_filtered.wrench.force.z,4306.8290164976825
1.176905559,1785795317.298916505,/loadcell_data_filtered.wrench.force.z,4305.58809382301
1.179669743,1785795317.301680689,/loadcell_data_filtered.wrench.force.z,4305.044242819814
1.1800556229999999,1785795317.302066569,/loadcell_data_filtered.wrench.force.z,4304.339286765584
1.1801812950000001,1785795317.302192241,/loadcell_data_filtered.wrench.force.z,4303.9778815102945
1.180356766,1785795317.302367712,/loadcell_data_filtered.wrench.force.z,4303.566442538607
1.180503139,1785795317.302514085,/loadcell_data_filtered.wrench.force.z,4303.4799387244575
1.180743958,1785795317.302754904,/loadcell_data_filtered.wrench.force.z,4302.961557283393
1.180979656,1785795317.302990602,/loadcell_data_filtered.wrench.force.z,4302.239226126189
1.181313803,1785795317.303324749,/loadcell_data_filtered.wrench.force.z,4300.736872399727
1.181505693,1785795317.303516639,/loadcell_data_filtered.wrench.force.z,4305.7546459358655
1.181944155,1785795317.303955101,/loadcell_data_filtered.wrench.force.z,4309.183145337889
1.18237551,1785795317.304386456,/loadcell_data_filtered.wrench.force.z,4312.684531365549
1.182944226,1785795317.304955172,/loadcell_data_filtered.wrench.force.z,4315.197240560187
1.183416381,1785795317.305427327,/loadcell_data_filtered.wrench.force.z,4317.680091575125
1.184552972,1785795317.306563918,/loadcell_data_filtered.wrench.force.z,4318.751678620567
1.185139689,1785795317.307150635,/loadcell_data_filtered.wrench.force.z,4319.691736750593
1.185560144,1785795317.307571090,/loadcell_data_filtered.wrench.force.z,4319.205359896149
1.186030359,1785795317.308041305,/loadcell_data_filtered.wrench.force.z,4319.151660471687
1.186448479,1785795317.308459425,/loadcell_data_filtered.wrench.force.z,4319.177085275831
1.18687713,1785795317.308888076,/loadcell_data_filtered.wrench.force.z,4319.3608605593345
1.187296071,1785795317.309307017,/loadcell_data_filtered.wrench.force.z,4319.576505131397
1.187816454,1785795317.309827400,/loadcell_data_filtered.wrench.force.z,4319.424843682812
1.188328043,1785795317.310338989,/loadcell_data_filtered.wrench.force.z,4319.284280508682
1.1887944990000001,1785795317.310805445,/loadcell_data_filtered.wrench.force.z,4319.244685787464
1.189199242,1785795317.311210188,/loadcell_data_filtered.wrench.force.z,4319.197903646788
1.189571911,1785795317.311582857,/loadcell_data_filtered.wrench.force.z,4318.8023337534805
1.189910768,1785795317.311921714,/loadcell_data_filtered.wrench.force.z,4313.275426329829
1.190519607,1785795317.312530553,/loadcell_data_filtered.wrench.force.z,4308.8985910123465
1.191080317,1785795317.313091263,/loadcell_data_filtered.wrench.force.z,4305.587214782193
1.19157046,1785795317.313581406,/loadcell_data_filtered.wrench.force.z,4302.523110277301
1.192471861,1785795317.314482807,/loadcell_data_filtered.wrench.force.z,4299.734132564545
1.192994633,1785795317.315005579,/loadcell_data_filtered.wrench.force.z,4298.331438087595
1.1991689700000001,1785795317.321179916,/loadcell_data_filtered.wrench.force.z,4298.042135845464
1.202275722,1785795317.324286668,/loadcell_data_filtered.wrench.force.z,4298.282118573176
1.202438436,1785795317.324449382,/loadcell_data_filtered.wrench.force.z,4299.511056292906
1.202587605,1785795317.324598551,/loadcell_data_filtered.wrench.force.z,4300.427736038126
1.202720554,1785795317.324731500,/loadcell_data_filtered.wrench.force.z,4301.360736671709
1.202850061,1785795317.324861007,/loadcell_data_filtered.wrench.force.z,4301.869918425951
1.203020412,1785795317.325031358,/loadcell_data_filtered.wrench.force.z,4302.511667311918
1.2031120180000001,1785795317.325122964,/loadcell_data_filtered.wrench.force.z,4307.852016450576
1.203231603,1785795317.325242549,/loadcell_data_filtered.wrench.force.z,4312.930656189784
1.203372649,1785795317.325383595,/loadcell_data_filtered.wrench.force.z,4318.428236482767
1.203533051,1785795317.325543997,/loadcell_data_filtered.wrench.force.z,4323.570178043495
1.2037358980000001,1785795317.325746844,/loadcell_data_filtered.wrench.force.z,4326.9080673105345
1.203978471,1785795317.325989417,/loadcell_data_filtered.wrench.force.z,4330.598674741438
1.204230977,1785795317.326241923,/loadcell_data_filtered.wrench.force.z,4332.87322628925
1.204466659,1785795317.326477605,/loadcell_data_filtered.wrench.force.z,4334.2390176341
1.204706445,1785795317.326717391,/loadcell_data_filtered.wrench.force.z,4335.20275763454
1.204942897,1785795317.326953843,/loadcell_data_filtered.wrench.force.z,4336.712878950582
1.205197731,1785795317.327208677,/loadcell_data_filtered.wrench.force.z,4335.515131743131
1.205440192,1785795317.327451138,/loadcell_data_filtered.wrench.force.z,4336.977057758438
1.205675437,1785795317.327686383,/loadcell_data_filtered.wrench.force.z,4336.5305771348285
1.205914401,1785795317.327925347,/loadcell_data_filtered.wrench.force.z,4337.017240926608
1.206226914,1785795317.328237860,/loadcell_data_filtered.wrench.force.z,4337.648535577269
1.20641927,1785795317.328430216,/loadcell_data_filtered.wrench.force.z,4338.455950961704
1.206664685,1785795317.328675631,/loadcell_data_filtered.wrench.force.z,4339.193148998665
1.206889539,1785795317.328900485,/loadcell_data_filtered.wrench.force.z,4334.47755702946
1.207152674,1785795317.329163620,/loadcell_data_filtered.wrench.force.z,4331.770634521522
1.207371197,1785795317.329382143,/loadcell_data_filtered.wrench.force.z,4328.607840874728
1.210365101,1785795317.332376047,/loadcell_data_filtered.wrench.force.z,4326.234945743605
1.210793002,1785795317.332803948,/loadcell_data_filtered.wrench.force.z,4323.9062772144025
1.210923308,1785795317.332934254,/loadcell_data_filtered.wrench.force.z,4323.330856305845
1.21105367,1785795317.333064616,/loadcell_data_filtered.wrench.force.z,4323.159054977248
1.211174017,1785795317.333184963,/loadcell_data_filtered.wrench.force.z,4324.496893568192
1.211309592,1785795317.333320538,/loadcell_data_filtered.wrench.force.z,4326.093109153442
1.211426043,1785795317.333436989,/loadcell_data_filtered.wrench.force.z,4327.254696006418
1.2115866180000001,1785795317.333597564,/loadcell_data_filtered.wrench.force.z,4327.659735298623
1.211770808,1785795317.333781754,/loadcell_data_filtered.wrench.force.z,4326.232436149194
1.212555432,1785795317.334566378,/loadcell_data_filtered.wrench.force.z,4325.953841697978
1.212780395,1785795317.334791341,/loadcell_data_filtered.wrench.force.z,4325.736986697291
1.214572442,1785795317.336583388,/loadcell_data_filtered.wrench.force.z,4325.694785419985
1.21474986,1785795317.336760806,/loadcell_data_filtered.wrench.force.z,4325.424286920155
1.2148976949999999,1785795317.336908641,/loadcell_data_filtered.wrench.force.z,4325.864843252487
1.215056912,1785795317.337067858,/loadcell_data_filtered.wrench.force.z,4332.112063539977
1.215199031,1785795317.337209977,/loadcell_data_filtered.wrench.force.z,4336.509998657298
1.2157817,1785795317.337792646,/loadcell_data_filtered.wrench.force.z,4339.58326144519
1.216726869,1785795317.338737815,/loadcell_data_filtered.wrench.force.z,4342.516796440649
1.216951237,1785795317.338962183,/loadcell_data_filtered.wrench.force.z,4345.0965197136575
1.2171596390000001,1785795317.339170585,/loadcell_data_filtered.wrench.force.z,4347.033103684692
1.217623683,1785795317.339634629,/loadcell_data_filtered.wrench.force.z,4347.230310817972
1.218214691,1785795317.340225637,/loadcell_data_filtered.wrench.force.z,4346.165576789503
1.219277946,1785795317.341288892,/loadcell_data_filtered.wrench.force.z,4345.788325405357
1.219865681,1785795317.341876627,/loadcell_data_filtered.wrench.force.z,4345.744024477801
1.2201570400000001,1785795317.342167986,/loadcell_data_filtered.wrench.force.z,4345.109919097293
1.220424656,1785795317.342435602,/loadcell_data_filtered.wrench.force.z,4344.976892787489
1.220796614,1785795317.342807560,/loadcell_data_filtered.wrench.force.z,4344.126260051049
1.22192774,1785795317.343938686,/loadcell_data_filtered.wrench.force.z,4343.3355358135595
1.222619986,1785795317.344630932,/loadcell_data_filtered.wrench.force.z,4342.310351510944
1.223261435,1785795317.345272381,/loadcell_data_filtered.wrench.force.z,4341.3457507411895
1.224652451,1785795317.346663397,/loadcell_data_filtered.wrench.force.z,4339.135618962428
1.225205691,1785795317.347216637,/loadcell_data_filtered.wrench.force.z,4333.301622470518
1.225689461,1785795317.347700407,/loadcell_data_filtered.wrench.force.z,4328.836128311234
1.226100139,1785795317.348111085,/loadcell_data_filtered.wrench.force.z,4324.25630511409
1.2264417060000001,1785795317.348452652,/loadcell_data_filtered.wrench.force.z,4320.92708096243
1.228638979,1785795317.350649925,/loadcell_data_filtered.wrench.force.z,4317.879370081494
1.228921412,1785795317.350932358,/loadcell_data_filtered.wrench.force.z,4315.456579990709
1.229222472,1785795317.351233418,/loadcell_data_filtered.wrench.force.z,4314.740028246846
1.229322176,1785795317.351333122,/loadcell_data_filtered.wrench.force.z,4314.097243654997
1.229515368,1785795317.351526314,/loadcell_data_filtered.wrench.force.z,4314.009555085194
1.229740015,1785795317.351750961,/loadcell_data_filtered.wrench.force.z,4312.459548064672
1.229994722,1785795317.352005668,/loadcell_data_filtered.wrench.force.z,4312.345949540716
1.230243583,1785795317.352254529,/loadcell_data_filtered.wrench.force.z,4311.135847656248
1.230503834,1785795317.352514780,/loadcell_data_filtered.wrench.force.z,4309.338016025244
1.230920507,1785795317.352931453,/loadcell_data_filtered.wrench.force.z,4309.034842757666
1.231306554,1785795317.353317500,/loadcell_data_filtered.wrench.force.z,4308.142293424898
1.231557711,1785795317.353568657,/loadcell_data_filtered.wrench.force.z,4308.01505970926
1.231784055,1785795317.353795001,/loadcell_data_filtered.wrench.force.z,4311.741647067571
1.232056008,1785795317.354066954,/loadcell_data_filtered.wrench.force.z,4314.2563752907645
1.232309842,1785795317.354320788,/loadcell_data_filtered.wrench.force.z,4317.641947083021
1.232777718,1785795317.354788664,/loadcell_data_filtered.wrench.force.z,4320.239580521119
1.233121685,1785795317.355132631,/loadcell_data_filtered.wrench.force.z,4322.014717143691
1.233655119,1785795317.355666065,/loadcell_data_filtered.wrench.force.z,4323.160544799558
1.234594419,1785795317.356605365,/loadcell_data_filtered.wrench.force.z,4323.302389933511
1.234785696,1785795317.356796642,/loadcell_data_filtered.wrench.force.z,4323.053165854445
1.235062507,1785795317.357073453,/loadcell_data_filtered.wrench.force.z,4322.254799339212
1.23567468,1785795317.357685626,/loadcell_data_filtered.wrench.force.z,4321.764989944696
1.236256492,1785795317.358267438,/loadcell_data_filtered.wrench.force.z,4321.193166057838
1.237039304,1785795317.359050250,/loadcell_data_filtered.wrench.force.z,4320.676504635381
1.2376633830000001,1785795317.359674329,/loadcell_data_filtered.wrench.force.z,4319.94032102629
1.238048928,1785795317.360059874,/loadcell_data_filtered.wrench.force.z,4319.3936052188665
1.238311321,1785795317.360322267,/loadcell_data_filtered.wrench.force.z,4318.580099958187
1.238673574,1785795317.360684520,/loadcell_data_filtered.wrench.force.z,4317.428363716897
1.23907933,1785795317.361090276,/loadcell_data_filtered.wrench.force.z,4316.506566060719
1.239581885,1785795317.361592831,/loadcell_data_filtered.wrench.force.z,4310.49269095975
1.245556022,1785795317.367566968,/loadcell_data_filtered.wrench.force.z,4306.03995862058
1.245743219,1785795317.367754165,/loadcell_data_filtered.wrench.force.z,4303.1408490312815
1.245864149,1785795317.367875095,/loadcell_data_filtered.wrench.force.z,4299.565510700813
1.245998161,1785795317.368009107,/loadcell_data_filtered.wrench.force.z,4298.129722427534
1.246119062,1785795317.368130008,/loadcell_data_filtered.wrench.force.z,4296.417449255061
1.246241602,1785795317.368252548,/loadcell_data_filtered.wrench.force.z,4296.2898015487335
1.246389797,1785795317.368400743,/loadcell_data_filtered.wrench.force.z,4296.477638011813
1.246491158,1785795317.368502104,/loadcell_data_filtered.wrench.force.z,4296.687249052483
1.24664797,1785795317.368658916,/loadcell_data_filtered.wrench.force.z,4295.409830896713
1.24680903,1785795317.368819976,/loadcell_data_filtered.wrench.force.z,4289.059018937818
1.247095184,1785795317.369106130,/loadcell_data_filtered.wrench.force.z,4288.256075162114
1.247119971,1785795317.369130917,/loadcell_data_filtered.wrench.force.z,4286.0078321043775
1.247294683,1785795317.369305629,/loadcell_data_filtered.wrench.force.z,4285.232977839163
1.247442484,1785795317.369453430,/loadcell_data_filtered.wrench.force.z,4285.029242771988
1.247603263,1785795317.369614209,/loadcell_data_filtered.wrench.force.z,4285.1982993892325
1.2486432,1785795317.370654146,/loadcell_data_filtered.wrench.force.z,4290.9205425101045
1.24921274,1785795317.371223686,/loadcell_data_filtered.wrench.force.z,4295.562504697604
1.249611922,1785795317.371622868,/loadcell_data_filtered.wrench.force.z,4299.673688891479
1.250133355,1785795317.372144301,/loadcell_data_filtered.wrench.force.z,4302.918596896471
1.250553792,1785795317.372564738,/loadcell_data_filtered.wrench.force.z,4305.925255526727
1.250845263,1785795317.372856209,/loadcell_data_filtered.wrench.force.z,4307.476864647751
1.251176206,1785795317.373187152,/loadcell_data_filtered.wrench.force.z,4308.786414405742
1.2519358710000001,1785795317.373946817,/loadcell_data_filtered.wrench.force.z,4309.800009959248
1.252199608,1785795317.374210554,/loadcell_data_filtered.wrench.force.z,4310.681314325697
1.252620482,1785795317.374631428,/loadcell_data_filtered.wrench.force.z,4311.604406705645
1.253178395,1785795317.375189341,/loadcell_data_filtered.wrench.force.z,4312.62719148592
1.2536577740000001,1785795317.375668720,/loadcell_data_filtered.wrench.force.z,4313.821871593548
1.254045628,1785795317.376056574,/loadcell_data_filtered.wrench.force.z,4314.927370854569
1.254601184,1785795317.376612130,/loadcell_data_filtered.wrench.force.z,4316.1683797733685
1.255126248,1785795317.377137194,/loadcell_data_filtered.wrench.force.z,4317.454092251753
1.2556530559999999,1785795317.377664002,/loadcell_data_filtered.wrench.force.z,4318.3354063428515
1.256139516,1785795317.378150462,/loadcell_data_filtered.wrench.force.z,4317.1836632163195
1.256502988,1785795317.378513934,/loadcell_data_filtered.wrench.force.z,4314.100504078652
1.257354163,1785795317.379365109,/loadcell_data_filtered.wrench.force.z,4311.160757839101
1.257687032,1785795317.379697978,/loadcell_data_filtered.wrench.force.z,4308.8747072825645
1.258052401,1785795317.380063347,/loadcell_data_filtered.wrench.force.z,4307.335075613733
1.2586299,1785795317.380640846,/loadcell_data_filtered.wrench.force.z,4306.272767410785
1.259089342,1785795317.381100288,/loadcell_data_filtered.wrench.force.z,4306.026823080016
1.2595053680000001,1785795317.381516314,/loadcell_data_filtered.wrench.force.z,4306.773164276358
1.260043444,1785795317.382054390,/loadcell_data_filtered.wrench.force.z,4307.98139634586
1.26047625,1785795317.382487196,/loadcell_data_filtered.wrench.force.z,4309.111368113324
1.260879106,1785795317.382890052,/loadcell_data_filtered.wrench.force.z,4309.783182171417
1.264939414,1785795317.386950360,/loadcell_data_filtered.wrench.force.z,4310.540579258334
1.26846927,1785795317.390480216,/loadcell_data_filtered.wrench.force.z,4310.97085449982
1.268760859,1785795317.390771805,/loadcell_data_filtered.wrench.force.z,4311.776864221146
1.268963299,1785795317.390974245,/loadcell_data_filtered.wrench.force.z,4312.693222825463
1.2691611,1785795317.391172046,/loadcell_data_filtered.wrench.force.z,4318.806716234919
1.269413606,1785795317.391424552,/loadcell_data_filtered.wrench.force.z,4322.776947953921
1.269678938,1785795317.391689884,/loadcell_data_filtered.wrench.force.z,4327.359028944557
1.269982022,1785795317.391992968,/loadcell_data_filtered.wrench.force.z,4331.21393641806
1.270383925,1785795317.392394871,/loadcell_data_filtered.wrench.force.z,4334.125745356187
1.270689102,1785795317.392700048,/loadcell_data_filtered.wrench.force.z,4336.306762076648
1.270984361,1785795317.392995307,/loadcell_data_filtered.wrench.force.z,4338.035689319195
1.271280511,1785795317.393291457,/loadcell_data_filtered.wrench.force.z,4338.755736201725
1.271539674,1785795317.393550620,/loadcell_data_filtered.wrench.force.z,4339.190550237513
1.271833947,1785795317.393844893,/loadcell_data_filtered.wrench.force.z,4338.34661528755
1.27215285,1785795317.394163796,/loadcell_data_filtered.wrench.force.z,4336.848870695595
1.272414646,1785795317.394425592,/loadcell_data_filtered.wrench.force.z,4336.5920493581825
1.272809276,1785795317.394820222,/loadcell_data_filtered.wrench.force.z,4336.097923476292
1.273179086,1785795317.395190032,/loadcell_data_filtered.wrench.force.z,4335.965764770101
1.27367816,1785795317.395689106,/loadcell_data_filtered.wrench.force.z,4335.269273601844
1.274053745,1785795317.396064691,/loadcell_data_filtered.wrench.force.z,4334.789169265045
1.2748129860000001,1785795317.396823932,/loadcell_data_filtered.wrench.force.z,4334.608401646333
1.274854675,1785795317.396865621,/loadcell_data_filtered.wrench.force.z,4327.906922233965
1.275063964,1785795317.397074910,/loadcell_data_filtered.wrench.force.z,4323.601810867936
1.275441764,1785795317.397452710,/loadcell_data_filtered.wrench.force.z,4319.381291485086
1.275822534,1785795317.397833480,/loadcell_data_filtered.wrench.force.z,4315.609131858768
1.276339964,1785795317.398350910,/loadcell_data_filtered.wrench.force.z,4311.9024305752855
1.276680306,1785795317.398691252,/loadcell_data_filtered.wrench.force.z,4309.614202130063
1.276998503,1785795317.399009449,/loadcell_data_filtered.wrench.force.z,4308.003349782495
1.27732365,1785795317.399334596,/loadcell_data_filtered.wrench.force.z,4307.413700637129
1.277547827,1785795317.399558773,/loadcell_data_filtered.wrench.force.z,4307.080180109773
1.277724318,1785795317.399735264,/loadcell_data_filtered.wrench.force.z,4306.4962227877195
1.27791596,1785795317.399926906,/loadcell_data_filtered.wrench.force.z,4305.662628612289
1.27848212,1785795317.400493066,/loadcell_data_filtered.wrench.force.z,4304.808551060768
1.27945702,1785795317.401467966,/loadcell_data_filtered.wrench.force.z,4304.01837258111
1.2809436810000001,1785795317.402954627,/loadcell_data_filtered.wrench.force.z,4302.978544730191
1.282808973,1785795317.404819919,/loadcell_data_filtered.wrench.force.z,4302.137374486368
1.283206776,1785795317.405217722,/loadcell_data_filtered.wrench.force.z,4301.871885221236
1.283504338,1785795317.405515284,/loadcell_data_filtered.wrench.force.z,4301.9850543915945
1.283913675,1785795317.405924621,/loadcell_data_filtered.wrench.force.z,4307.876281850288
1.284219506,1785795317.406230452,/loadcell_data_filtered.wrench.force.z,4311.932086010618
1.284462146,1785795317.406473092,/loadcell_data_filtered.wrench.force.z,4316.12530420692
1.284705984,1785795317.406716930,/loadcell_data_filtered.wrench.force.z,4318.363010770576
1.284941551,1785795317.406952497,/loadcell_data_filtered.wrench.force.z,4319.61203183618
1.285181151,1785795317.407192097,/loadcell_data_filtered.wrench.force.z,4320.019007366711
1.285427696,1785795317.407438642,/loadcell_data_filtered.wrench.force.z,4319.920538225057
1.285663573,1785795317.407674519,/loadcell_data_filtered.wrench.force.z,4319.375380714745
1.285876203,1785795317.407887149,/loadcell_data_filtered.wrench.force.z,4318.954766076087
1.286204523,1785795317.408215469,/loadcell_data_filtered.wrench.force.z,4318.629386939419
1.286470305,1785795317.408481251,/loadcell_data_filtered.wrench.force.z,4317.748968393966
1.287143704,1785795317.409154650,/loadcell_data_filtered.wrench.force.z,4317.367712811863
1.28757492,1785795317.409585866,/loadcell_data_filtered.wrench.force.z,4317.208676613656
1.287947334,1785795317.409958280,/loadcell_data_filtered.wrench.force.z,4316.5525428711435
1.29074656,1785795317.412757506,/loadcell_data_filtered.wrench.force.z,4315.87221056467
1.2910982610000001,1785795317.413109207,/loadcell_data_filtered.wrench.force.z,4315.378366607481
1.291418056,1785795317.413429002,/loadcell_data_filtered.wrench.force.z,4312.2282851308155
1.291618856,1785795317.413629802,/loadcell_data_filtered.wrench.force.z,4308.688629849569
1.29185583,1785795317.413866776,/loadcell_data_filtered.wrench.force.z,4304.538714422341
1.292104113,1785795317.414115059,/loadcell_data_filtered.wrench.force.z,4301.021213245594
1.292338027,1785795317.414348973,/loadcell_data_filtered.wrench.force.z,4297.038324727506
1.292561443,1785795317.414572389,/loadcell_data_filtered.wrench.force.z,4293.810923169128
1.292790731,1785795317.414801677,/loadcell_data_filtered.wrench.force.z,4292.0772332323595
1.293014918,1785795317.415025864,/loadcell_data_filtered.wrench.force.z,4291.620949153091
1.293372588,1785795317.415383534,/loadcell_data_filtered.wrench.force.z,4291.658541423895
1.29373924,1785795317.415750186,/loadcell_data_filtered.wrench.force.z,4291.855991688645
1.294315536,1785795317.416326482,/loadcell_data_filtered.wrench.force.z,4292.005971342931
1.294681549,1785795317.416692495,/loadcell_data_filtered.wrench.force.z,4291.673063885594
1.295336522,1785795317.417347468,/loadcell_data_filtered.wrench.force.z,4291.243332025327
1.296134746,1785795317.418145692,/loadcell_data_filtered.wrench.force.z,4290.592679817558
1.298559762,1785795317.420570708,/loadcell_data_filtered.wrench.force.z,4290.0383035674795
1.298949667,1785795317.420960613,/loadcell_data_filtered.wrench.force.z,4289.890787934793
1.299209753,1785795317.421220699,/loadcell_data_filtered.wrench.force.z,4290.708409753696
1.299401938,1785795317.421412884,/loadcell_data_filtered.wrench.force.z,4296.542524763046
1.299583967,1785795317.421594913,/loadcell_data_filtered.wrench.force.z,4301.049368287715
1.299768408,1785795317.421779354,/loadcell_data_filtered.wrench.force.z,4305.3736911697815
1.299952454,1785795317.421963400,/loadcell_data_filtered.wrench.force.z,4308.062042904805
1.30012909,1785795317.422140036,/loadcell_data_filtered.wrench.force.z,4311.285584064925
1.3071078680000001,1785795317.429118814,/loadcell_data_filtered.wrench.force.z,4312.926121923652
1.307387307,1785795317.429398253,/loadcell_data_filtered.wrench.force.z,4314.498303613078
1.307782597,1785795317.429793543,/loadcell_data_filtered.wrench.force.z,4315.498493031822
1.3079860810000001,1785795317.429997027,/loadcell_data_filtered.wrench.force.z,4316.518087719923
1.308179322,1785795317.430190268,/loadcell_data_filtered.wrench.force.z,4317.649179384992
1.308348623,1785795317.430359569,/loadcell_data_filtered.wrench.force.z,4318.818141079147
1.308521643,1785795317.430532589,/loadcell_data_filtered.wrench.force.z,4320.218335753098
1.308689809,1785795317.430700755,/loadcell_data_filtered.wrench.force.z,4321.16701218089
1.308863633,1785795317.430874579,/loadcell_data_filtered.wrench.force.z,4322.226868164876
1.30905961,1785795317.431070556,/loadcell_data_filtered.wrench.force.z,4323.160591251116
1.309236094,1785795317.431247040,/loadcell_data_filtered.wrench.force.z,4318.508255896379
1.309430152,1785795317.431441098,/loadcell_data_filtered.wrench.force.z,4315.557222291611
1.309603276,1785795317.431614222,/loadcell_data_filtered.wrench.force.z,4312.903699129991
1.3097869100000001,1785795317.431797856,/loadcell_data_filtered.wrench.force.z,4308.9133907603045
1.309976209,1785795317.431987155,/loadcell_data_filtered.wrench.force.z,4304.132000707451
1.3101626450000001,1785795317.432173591,/loadcell_data_filtered.wrench.force.z,4302.988286319854
1.310346193,1785795317.432357139,/loadcell_data_filtered.wrench.force.z,4297.224005650793
1.310555367,1785795317.432566313,/loadcell_data_filtered.wrench.force.z,4297.314055456987
1.310757264,1785795317.432768210,/loadcell_data_filtered.wrench.force.z,4297.462765573363
1.31094555,1785795317.432956496,/loadcell_data_filtered.wrench.force.z,4298.4095285849835
1.3115354909999999,1785795317.433546437,/loadcell_data_filtered.wrench.force.z,4299.339637938955
1.311751984,1785795317.433762930,/loadcell_data_filtered.wrench.force.z,4299.7068885078415
1.314592127,1785795317.436603073,/loadcell_data_filtered.wrench.force.z,4300.674510417165
1.315110428,1785795317.437121374,/loadcell_data_filtered.wrench.force.z,4300.7150199823545
1.315488428,1785795317.437499374,/loadcell_data_filtered.wrench.force.z,4301.684691381589
1.316545315,1785795317.438556261,/loadcell_data_filtered.wrench.force.z,4302.95462024165
1.316717383,1785795317.438728329,/loadcell_data_filtered.wrench.force.z,4305.096207261112
1.316844543,1785795317.438855489,/loadcell_data_filtered.wrench.force.z,4312.259977656537
1.316972813,1785795317.438983759,/loadcell_data_filtered.wrench.force.z,4317.301235837222
1.3170922950000001,1785795317.439103241,/loadcell_data_filtered.wrench.force.z,4320.690643302715
1.317219371,1785795317.439230317,/loadcell_data_filtered.wrench.force.z,4324.083733610474
1.317342277,1785795317.439353223,/loadcell_data_filtered.wrench.force.z,4327.809014204293
1.317460058,1785795317.439471004,/loadcell_data_filtered.wrench.force.z,4329.590129296303
1.317984267,1785795317.439995213,/loadcell_data_filtered.wrench.force.z,4330.840130870212
1.318432021,1785795317.440442967,/loadcell_data_filtered.wrench.force.z,4331.424768417718
1.318872348,1785795317.440883294,/loadcell_data_filtered.wrench.force.z,4331.877370602574
1.320192178,1785795317.442203124,/loadcell_data_filtered.wrench.force.z,4332.485538354732
1.320789655,1785795317.442800601,/loadcell_data_filtered.wrench.force.z,4332.753951504495
1.321403965,1785795317.443414911,/loadcell_data_filtered.wrench.force.z,4333.378685518205
1.321898546,1785795317.443909492,/loadcell_data_filtered.wrench.force.z,4334.0456070791915
1.322384043,1785795317.444394989,/loadcell_data_filtered.wrench.force.z,4334.110470384543
1.322859515,1785795317.444870461,/loadcell_data_filtered.wrench.force.z,4334.535975869672
1.323386592,1785795317.445397538,/loadcell_data_filtered.wrench.force.z,4334.872917528838
1.32381631,1785795317.445827256,/loadcell_data_filtered.wrench.force.z,4330.902315077908
1.324161364,1785795317.446172310,/loadcell_data_filtered.wrench.force.z,4327.816172265727
1.325986364,1785795317.447997310,/loadcell_data_filtered.wrench.force.z,4323.851971073422
1.326578993,1785795317.448589939,/loadcell_data_filtered.wrench.force.z,4320.255478114505
1.327170439,1785795317.449181385,/loadcell_data_filtered.wrench.force.z,4316.964137615232
1.327759417,1785795317.449770363,/loadcell_data_filtered.wrench.force.z,4307.207048596533
1.328392628,1785795317.450403574,/loadcell_data_filtered.wrench.force.z,4305.616641539058
1.329126869,1785795317.451137815,/loadcell_data_filtered.wrench.force.z,4304.588955823842
1.329715659,1785795317.451726605,/loadcell_data_filtered.wrench.force.z,4303.657987092357
1.330265005,1785795317.452275951,/loadcell_data_filtered.wrench.force.z,4303.583140750799
1.330824473,1785795317.452835419,/loadcell_data_filtered.wrench.force.z,4303.406591959916
1.331406586,1785795317.453417532,/loadcell_data_filtered.wrench.force.z,4303.234049801353
1.331909974,1785795317.453920920,/loadcell_data_filtered.wrench.force.z,4303.875935971016
1.332387483,1785795317.454398429,/loadcell_data_filtered.wrench.force.z,4303.9533767713
1.3329571470000001,1785795317.454968093,/loadcell_data_filtered.wrench.force.z,4304.096098840264
1.333513455,1785795317.455524401,/loadcell_data_filtered.wrench.force.z,4304.39113338556
1.334077158,1785795317.456088104,/loadcell_data_filtered.wrench.force.z,4304.2167768868985
1.334581915,1785795317.456592861,/loadcell_data_filtered.wrench.force.z,4308.529492668998
1.335037109,1785795317.457048055,/loadcell_data_filtered.wrench.force.z,4311.729553766571
1.335447169,1785795317.457458115,/loadcell_data_filtered.wrench.force.z,4315.678952806728
1.335887937,1785795317.457898883,/loadcell_data_filtered.wrench.force.z,4318.749102725894
1.336412651,1785795317.458423597,/loadcell_data_filtered.wrench.force.z,4321.322969623588
1.3369030020000001,1785795317.458913948,/loadcell_data_filtered.wrench.force.z,4322.523015485976
1.33742208,1785795317.459433026,/loadcell_data_filtered.wrench.force.z,4323.408218717167
1.338039846,1785795317.460050792,/loadcell_data_filtered.wrench.force.z,4323.053563720491
1.338690442,1785795317.460701388,/loadcell_data_filtered.wrench.force.z,4322.36219739681
1.339358837,1785795317.461369783,/loadcell_data_filtered.wrench.force.z,4321.83514083652
1.340008388,1785795317.462019334,/loadcell_data_filtered.wrench.force.z,4321.527217890416
1.340577406,1785795317.462588352,/loadcell_data_filtered.wrench.force.z,4320.947329001357
1.341109071,1785795317.463120017,/loadcell_data_filtered.wrench.force.z,4320.28527552884
1.3416221400000001,1785795317.463633086,/loadcell_data_filtered.wrench.force.z,4319.308535590156
1.342116142,1785795317.464127088,/loadcell_data_filtered.wrench.force.z,4318.362866713602
1.342760879,1785795317.464771825,/loadcell_data_filtered.wrench.force.z,4317.571259758654
1.3478974620000002,1785795317.469908408,/loadcell_data_filtered.wrench.force.z,4315.197331610897
1.348596133,1785795317.470607079,/loadcell_data_filtered.wrench.force.z,4314.4067841613305
1.34924561,1785795317.471256556,/loadcell_data_filtered.wrench.force.z,4314.413676037805
1.349796336,1785795317.471807282,/loadcell_data_filtered.wrench.force.z,4313.851706425452
1.3503620870000002,1785795317.472373033,/loadcell_data_filtered.wrench.force.z,4313.231443183429
1.351052344,1785795317.473063290,/loadcell_data_filtered.wrench.force.z,4312.657103216404
1.351639635,1785795317.473650581,/loadcell_data_filtered.wrench.force.z,4310.252824768266
1.352122257,1785795317.474133203,/loadcell_data_filtered.wrench.force.z,4308.254781532912
1.352574979,1785795317.474585925,/loadcell_data_filtered.wrench.force.z,4309.343844638296
1.353074618,1785795317.475085564,/loadcell_data_filtered.wrench.force.z,4313.782139920611
1.353475792,1785795317.475486738,/loadcell_data_filtered.wrench.force.z,4317.803315497091
1.3538578380000001,1785795317.475868784,/loadcell_data_filtered.wrench.force.z,4321.303494995711
1.354282728,1785795317.476293674,/loadcell_data_filtered.wrench.force.z,4316.2910682621205
1.354672482,1785795317.476683428,/loadcell_data_filtered.wrench.force.z,4318.96305449244
1.3550725240000001,1785795317.477083470,/loadcell_data_filtered.wrench.force.z,4318.916290057315
1.355570961,1785795317.477581907,/loadcell_data_filtered.wrench.force.z,4318.899358860974
1.356130603,1785795317.478141549,/loadcell_data_filtered.wrench.force.z,4318.598712235092
1.35816314,1785795317.480174086,/loadcell_data_filtered.wrench.force.z,4318.791446828031
1.358170074,1785795317.480181020,/loadcell_data_filtered.wrench.force.z,4319.099692205618
1.35817324,1785795317.480184186,/loadcell_data_filtered.wrench.force.z,4319.444563050991
1.35851437,1785795317.480525316,/loadcell_data_filtered.wrench.force.z,4319.796144112354
1.359015311,1785795317.481026257,/loadcell_data_filtered.wrench.force.z,4320.333668951024
1.359390297,1785795317.481401243,/loadcell_data_filtered.wrench.force.z,4320.966936963675
1.359734789,1785795317.481745735,/loadcell_data_filtered.wrench.force.z,4321.195901443416
1.360070372,1785795317.482081318,/loadcell_data_filtered.wrench.force.z,4321.495314784418
1.3603841779999999,1785795317.482395124,/loadcell_data_filtered.wrench.force.z,4317.303415227128
1.360672125,1785795317.482683071,/loadcell_data_filtered.wrench.force.z,4314.660586999237
1.360893869,1785795317.482904815,/loadcell_data_filtered.wrench.force.z,4311.348567030864
1.361135805,1785795317.483146751,/loadcell_data_filtered.wrench.force.z,4308.352972205576
1.361370216,1785795317.483381162,/loadcell_data_filtered.wrench.force.z,4306.02718576533
1.361601439,1785795317.483612385,/loadcell_data_filtered.wrench.force.z,4304.652869515278
1.361926063,1785795317.483937009,/loadcell_data_filtered.wrench.force.z,4303.221972648557
1.364602448,1785795317.486613394,/loadcell_data_filtered.wrench.force.z,4303.4368267708405
1.364881833,1785795317.486892779,/loadcell_data_filtered.wrench.force.z,4304.939954869757
1.365232226,1785795317.487243172,/loadcell_data_filtered.wrench.force.z,4306.506873741427
1.366457381,1785795317.488468327,/loadcell_data_filtered.wrench.force.z,4307.966215284581
1.366466645,1785795317.488477591,/loadcell_data_filtered.wrench.force.z,4309.083813934398
1.366468885,1785795317.488479831,/loadcell_data_filtered.wrench.force.z,4310.586086136304
1.3664710420000001,1785795317.488481988,/loadcell_data_filtered.wrench.force.z,4311.527002832317
1.36652118,1785795317.488532126,/loadcell_data_filtered.wrench.force.z,4311.20838720282
1.366700391,1785795317.488711337,/loadcell_data_filtered.wrench.force.z,4309.261196546647
1.366866558,1785795317.488877504,/loadcell_data_filtered.wrench.force.z,4304.688285419734
1.367040832,1785795317.489051778,/loadcell_data_filtered.wrench.force.z,4310.905939330083
1.36720707,1785795317.489218016,/loadcell_data_filtered.wrench.force.z,4313.756746816776
1.367367988,1785795317.489378934,/loadcell_data_filtered.wrench.force.z,4318.222236249988
1.367528503,1785795317.489539449,/loadcell_data_filtered.wrench.force.z,4322.399349725432
1.3676818050000001,1785795317.489692751,/loadcell_data_filtered.wrench.force.z,4325.880380825724
1.368607407,1785795317.490618353,/loadcell_data_filtered.wrench.force.z,4327.979127161553
1.369535725,1785795317.491546671,/loadcell_data_filtered.wrench.force.z,4329.898854524361
1.370415504,1785795317.492426450,/loadcell_data_filtered.wrench.force.z,4331.0529270162315
1.37053794,1785795317.492548886,/loadcell_data_filtered.wrench.force.z,4331.755348410879
1.370838842,1785795317.492849788,/loadcell_data_filtered.wrench.force.z,4332.860908070472
1.371113887,1785795317.493124833,/loadcell_data_filtered.wrench.force.z,4333.028884629126
1.371352766,1785795317.493363712,/loadcell_data_filtered.wrench.force.z,4332.943432909109
1.371603419,1785795317.493614365,/loadcell_data_filtered.wrench.force.z,4333.396306268252
1.371874607,1785795317.493885553,/loadcell_data_filtered.wrench.force.z,4334.011789536699
1.372186793,1785795317.494197739,/loadcell_data_filtered.wrench.force.z,4334.295589929072
1.372565609,1785795317.494576555,/loadcell_data_filtered.wrench.force.z,4334.345111831796
1.372921287,1785795317.494932233,/loadcell_data_filtered.wrench.force.z,4334.09404769254
1.374948615,1785795317.496959561,/loadcell_data_filtered.wrench.force.z,4328.5551788348985
1.375339397,1785795317.497350343,/loadcell_data_filtered.wrench.force.z,4324.225695110774
1.375631473,1785795317.497642419,/loadcell_data_filtered.wrench.force.z,4320.6280025670985
1.37588862,1785795317.497899566,/loadcell_data_filtered.wrench.force.z,4317.96824690559
1.3761862630000001,1785795317.498197209,/loadcell_data_filtered.wrench.force.z,4315.528981126389
1.376451061,1785795317.498462007,/loadcell_data_filtered.wrench.force.z,4313.3541566743
1.3767101400000001,1785795317.498721086,/loadcell_data_filtered.wrench.force.z,4311.650669759239
1.377013557,1785795317.499024503,/loadcell_data_filtered.wrench.force.z,4311.195395767031
1.37731602,1785795317.499326966,/loadcell_data_filtered.wrench.force.z,4310.889167528072
1.377676171,1785795317.499687117,/loadcell_data_filtered.wrench.force.z,4310.531796450167
1.3784385590000001,1785795317.500449505,/loadcell_data_filtered.wrench.force.z,4310.189903292719
1.378852904,1785795317.500863850,/loadcell_data_filtered.wrench.force.z,4309.889575237754
1.383301053,1785795317.505311999,/loadcell_data_filtered.wrench.force.z,4309.500978316606
1.383517557,1785795317.505528503,/loadcell_data_filtered.wrench.force.z,4308.798658533414
1.383710695,1785795317.505721641,/loadcell_data_filtered.wrench.force.z,4308.193971743566
1.383891108,1785795317.505902054,/loadcell_data_filtered.wrench.force.z,4308.345385331445
1.384060573,1785795317.506071519,/loadcell_data_filtered.wrench.force.z,4310.882297349371
1.384213889,1785795317.506224835,/loadcell_data_filtered.wrench.force.z,4315.263085636982
1.384364438,1785795317.506375384,/loadcell_data_filtered.wrench.force.z,4319.560833417582
1.3845132470000001,1785795317.506524193,/loadcell_data_filtered.wrench.force.z,4317.102136812711
1.385269821,1785795317.507280767,/loadcell_data_filtered.wrench.force.z,4317.324950916587
1.385606606,1785795317.507617552,/loadcell_data_filtered.wrench.force.z,4317.724738804001
1.385727493,1785795317.507738439,/loadcell_data_filtered.wrench.force.z,4318.98467640467
1.385843628,1785795317.507854574,/loadcell_data_filtered.wrench.force.z,4319.192651544694
1.385960529,1785795317.507971475,/loadcell_data_filtered.wrench.force.z,4319.50358821646
1.386097729,1785795317.508108675,/loadcell_data_filtered.wrench.force.z,4319.884170658147
1.3862334170000001,1785795317.508244363,/loadcell_data_filtered.wrench.force.z,4319.395914609621
1.386411247,1785795317.508422193,/loadcell_data_filtered.wrench.force.z,4317.697427438445
1.391805377,1785795317.513816323,/loadcell_data_filtered.wrench.force.z,4316.663204338886
1.39220313,1785795317.514214076,/loadcell_data_filtered.wrench.force.z,4315.572204444286
1.392324054,1785795317.514335000,/loadcell_data_filtered.wrench.force.z,4315.5538618781
1.3924426140000001,1785795317.514453560,/loadcell_data_filtered.wrench.force.z,4315.7385692342
1.39258597,1785795317.514596916,/loadcell_data_filtered.wrench.force.z,4315.494820456265
1.392681679,1785795317.514692625,/loadcell_data_filtered.wrench.force.z,4310.134120129882
1.392798656,1785795317.514809602,/loadcell_data_filtered.wrench.force.z,4306.167957515072
1.392906107,1785795317.514917053,/loadcell_data_filtered.wrench.force.z,4301.81885551467
1.393023135,1785795317.515034081,/loadcell_data_filtered.wrench.force.z,4298.205404903617
1.393151829,1785795317.515162775,/loadcell_data_filtered.wrench.force.z,4295.399490500018
1.393250072,1785795317.515261018,/loadcell_data_filtered.wrench.force.z,4293.484327826724
1.3933592670000001,1785795317.515370213,/loadcell_data_filtered.wrench.force.z,4291.377602669778
1.393474503,1785795317.515485449,/loadcell_data_filtered.wrench.force.z,4289.25330272323
1.393599885,1785795317.515610831,/loadcell_data_filtered.wrench.force.z,4288.8031327253875
1.394251879,1785795317.516262825,/loadcell_data_filtered.wrench.force.z,4287.926143620842
1.394475471,1785795317.516486417,/loadcell_data_filtered.wrench.force.z,4287.084565959957
1.394973687,1785795317.516984633,/loadcell_data_filtered.wrench.force.z,4286.314800939613
1.395350799,1785795317.517361745,/loadcell_data_filtered.wrench.force.z,4285.782030446219
1.396006686,1785795317.518017632,/loadcell_data_filtered.wrench.force.z,4285.1954904707145
1.39629728,1785795317.518308226,/loadcell_data_filtered.wrench.force.z,4285.052013019387
1.3968862340000001,1785795317.518897180,/loadcell_data_filtered.wrench.force.z,4284.934480179365
1.3973703240000002,1785795317.519381270,/loadcell_data_filtered.wrench.force.z,4284.8876267299365
1.397984854,1785795317.519995800,/loadcell_data_filtered.wrench.force.z,4290.777841333371
1.39839438,1785795317.520405326,/loadcell_data_filtered.wrench.force.z,4294.691044290882
1.3987525,1785795317.520763446,/loadcell_data_filtered.wrench.force.z,4298.603307190939
1.400856733,1785795317.522867679,/loadcell_data_filtered.wrench.force.z,4302.029655316199
1.401311812,1785795317.523322758,/loadcell_data_filtered.wrench.force.z,4305.312561274432
1.40149551,1785795317.523506456,/loadcell_data_filtered.wrench.force.z,4307.349465971801
1.401674616,1785795317.523685562,/loadcell_data_filtered.wrench.force.z,4309.286548636485
1.402058775,1785795317.524069721,/loadcell_data_filtered.wrench.force.z,4310.65698937273
1.402253213,1785795317.524264159,/loadcell_data_filtered.wrench.force.z,4310.204653677997
1.406585045,1785795317.528595991,/loadcell_data_filtered.wrench.force.z,4310.646628290142
1.410810943,1785795317.532821889,/loadcell_data_filtered.wrench.force.z,4310.962709241893
1.411028205,1785795317.533039151,/loadcell_data_filtered.wrench.force.z,4311.943401029049
1.411213982,1785795317.533224928,/loadcell_data_filtered.wrench.force.z,4307.064782019693
1.411361448,1785795317.533372394,/loadcell_data_filtered.wrench.force.z,4303.134261078148
1.411501916,1785795317.533512862,/loadcell_data_filtered.wrench.force.z,4299.9371979345
1.4116333920000002,1785795317.533644338,/loadcell_data_filtered.wrench.force.z,4297.678476527464
1.411775491,1785795317.533786437,/loadcell_data_filtered.wrench.force.z,4295.457741156983
1.41190426,1785795317.533915206,/loadcell_data_filtered.wrench.force.z,4294.292390038988
1.412062522,1785795317.534073468,/loadcell_data_filtered.wrench.force.z,4294.007225877229
1.412206006,1785795317.534216952,/loadcell_data_filtered.wrench.force.z,4294.753724145435
1.412332883,1785795317.534343829,/loadcell_data_filtered.wrench.force.z,4295.7152677092345
1.412489345,1785795317.534500291,/loadcell_data_filtered.wrench.force.z,4296.4844782382825
1.412599873,1785795317.534610819,/loadcell_data_filtered.wrench.force.z,4295.123569809865
1.412735791,1785795317.534746737,/loadcell_data_filtered.wrench.force.z,4293.721621424091
1.414319779,1785795317.536330725,/loadcell_data_filtered.wrench.force.z,4293.557548784219
1.414485817,1785795317.536496763,/loadcell_data_filtered.wrench.force.z,4292.931441660989
1.414634306,1785795317.536645252,/loadcell_data_filtered.wrench.force.z,4293.295415542356
1.4147752040000001,1785795317.536786150,/loadcell_data_filtered.wrench.force.z,4294.229073040957
1.414888538,1785795317.536899484,/loadcell_data_filtered.wrench.force.z,4298.9940298964375
1.415022519,1785795317.537033465,/loadcell_data_filtered.wrench.force.z,4303.077799229077
1.415217554,1785795317.537228500,/loadcell_data_filtered.wrench.force.z,4306.85834734482
1.415815967,1785795317.537826913,/loadcell_data_filtered.wrench.force.z,4310.131507444941
1.416264913,1785795317.538275859,/loadcell_data_filtered.wrench.force.z,4312.987734178521
1.416862648,1785795317.538873594,/loadcell_data_filtered.wrench.force.z,4315.610597001033
1.417222717,1785795317.539233663,/loadcell_data_filtered.wrench.force.z,4317.486617268588
1.417639519,1785795317.539650465,/loadcell_data_filtered.wrench.force.z,4317.880099412246
1.418183438,1785795317.540194384,/loadcell_data_filtered.wrench.force.z,4318.176047814739
1.418831091,1785795317.540842037,/loadcell_data_filtered.wrench.force.z,4318.549372832524
1.419230209,1785795317.541241155,/loadcell_data_filtered.wrench.force.z,4318.881084762115
1.419624943,1785795317.541635889,/loadcell_data_filtered.wrench.force.z,4319.3681648797765
1.420337033,1785795317.542347979,/loadcell_data_filtered.wrench.force.z,4319.2219297388165
1.420748747,1785795317.542759693,/loadcell_data_filtered.wrench.force.z,4319.8197987466365
1.42133741,1785795317.543348356,/loadcell_data_filtered.wrench.force.z,4320.334701947046
1.421695477,1785795317.543706423,/loadcell_data_filtered.wrench.force.z,4320.465338350558
1.422307907,1785795317.544318853,/loadcell_data_filtered.wrench.force.z,4320.811456674828
1.422664112,1785795317.544675058,/loadcell_data_filtered.wrench.force.z,4316.060213298492
1.423286388,1785795317.545297334,/loadcell_data_filtered.wrench.force.z,4313.073394992732
1.423708279,1785795317.545719225,/loadcell_data_filtered.wrench.force.z,4309.32372963607
1.424169133,1785795317.546180079,/loadcell_data_filtered.wrench.force.z,4306.1504726022395
1.424814303,1785795317.546825249,/loadcell_data_filtered.wrench.force.z,4303.2997984847225
1.425670215,1785795317.547681161,/loadcell_data_filtered.wrench.force.z,4301.877416376441
1.426275268,1785795317.548286214,/loadcell_data_filtered.wrench.force.z,4300.759193830054
1.426677439,1785795317.548688385,/loadcell_data_filtered.wrench.force.z,4300.8422836728505
1.432195869,1785795317.554206815,/loadcell_data_filtered.wrench.force.z,4301.122187139806
1.432961556,1785795317.554972502,/loadcell_data_filtered.wrench.force.z,4301.84720335342
1.433494466,1785795317.555505412,/loadcell_data_filtered.wrench.force.z,4302.313193307373
1.433980945,1785795317.555991891,/loadcell_data_filtered.wrench.force.z,4302.816367757134
1.434428945,1785795317.556439891,/loadcell_data_filtered.wrench.force.z,4303.680938451972
1.434722907,1785795317.556733853,/loadcell_data_filtered.wrench.force.z,4304.521273860934
1.4350039890000001,1785795317.557014935,/loadcell_data_filtered.wrench.force.z,4305.423207763814
1.435298985,1785795317.557309931,/loadcell_data_filtered.wrench.force.z,4311.990466373267
1.435548285,1785795317.557559231,/loadcell_data_filtered.wrench.force.z,4317.080301492357
1.43576644,1785795317.557777386,/loadcell_data_filtered.wrench.force.z,4321.90552539598
1.4360632290000002,1785795317.558074175,/loadcell_data_filtered.wrench.force.z,4324.317380892842
1.436307138,1785795317.558318084,/loadcell_data_filtered.wrench.force.z,4325.623564467575
1.43646369,1785795317.558474636,/loadcell_data_filtered.wrench.force.z,4327.008915199513
1.436687552,1785795317.558698498,/loadcell_data_filtered.wrench.force.z,4327.760919246162
1.43698258,1785795317.558993526,/loadcell_data_filtered.wrench.force.z,4328.086391014294
1.437271395,1785795317.559282341,/loadcell_data_filtered.wrench.force.z,4328.358881102739
1.437509252,1785795317.559520198,/loadcell_data_filtered.wrench.force.z,4328.82448589576
1.437731793,1785795317.559742739,/loadcell_data_filtered.wrench.force.z,4329.1363271297505
1.437990033,1785795317.560000979,/loadcell_data_filtered.wrench.force.z,4329.689673312498
1.438266507,1785795317.560277453,/loadcell_data_filtered.wrench.force.z,4329.798413900028
1.438498979,1785795317.560509925,/loadcell_data_filtered.wrench.force.z,4330.0148724310475
1.438730204,1785795317.560741150,/loadcell_data_filtered.wrench.force.z,4330.003812027171
1.438940641,1785795317.560951587,/loadcell_data_filtered.wrench.force.z,4329.415644308825
1.4391796220000002,1785795317.561190568,/loadcell_data_filtered.wrench.force.z,4328.523481226751
1.440442148,1785795317.562453094,/loadcell_data_filtered.wrench.force.z,4323.238274953118
1.440751692,1785795317.562762638,/loadcell_data_filtered.wrench.force.z,4318.674917647174
1.440976454,1785795317.562987400,/loadcell_data_filtered.wrench.force.z,4315.821430063846
1.441400644,1785795317.563411590,/loadcell_data_filtered.wrench.force.z,4312.895895968123
1.442579257,1785795317.564590203,/loadcell_data_filtered.wrench.force.z,4309.061832314935
1.4432858290000001,1785795317.565296775,/loadcell_data_filtered.wrench.force.z,4307.8756675320865
1.443880617,1785795317.565891563,/loadcell_data_filtered.wrench.force.z,4307.108375070885
1.444432532,1785795317.566443478,/loadcell_data_filtered.wrench.force.z,4306.610351283167
1.444922541,1785795317.566933487,/loadcell_data_filtered.wrench.force.z,4306.934572078229
1.445329279,1785795317.567340225,/loadcell_data_filtered.wrench.force.z,4306.853205970073
1.449350438,1785795317.571361384,/loadcell_data_filtered.wrench.force.z,4306.029041437024
1.4497750950000001,1785795317.571786041,/loadcell_data_filtered.wrench.force.z,4305.615282517485
1.450211506,1785795317.572222452,/loadcell_data_filtered.wrench.force.z,4305.5477574554525
1.450431116,1785795317.572442062,/loadcell_data_filtered.wrench.force.z,4305.6994341718455
1.450764527,1785795317.572775473,/loadcell_data_filtered.wrench.force.z,4305.8395956984905
1.451132367,1785795317.573143313,/loadcell_data_filtered.wrench.force.z,4306.153957075189
1.4514671670000001,1785795317.573478113,/loadcell_data_filtered.wrench.force.z,4310.812673119839
1.451795011,1785795317.573805957,/loadcell_data_filtered.wrench.force.z,4314.667642242951
1.452136456,1785795317.574147402,/loadcell_data_filtered.wrench.force.z,4318.885388648732
1.452493535,1785795317.574504481,/loadcell_data_filtered.wrench.force.z,4322.2968049362635
1.452813644,1785795317.574824590,/loadcell_data_filtered.wrench.force.z,4324.5369035989
1.453152016,1785795317.575162962,/loadcell_data_filtered.wrench.force.z,4324.492401309255
1.453567571,1785795317.575578517,/loadcell_data_filtered.wrench.force.z,4324.866105648436
1.453873079,1785795317.575884025,/loadcell_data_filtered.wrench.force.z,4324.305548228024
1.454214879,1785795317.576225825,/loadcell_data_filtered.wrench.force.z,4323.968128432208
1.454630537,1785795317.576641483,/loadcell_data_filtered.wrench.force.z,4323.698418725689
1.454912884,1785795317.576923830,/loadcell_data_filtered.wrench.force.z,4323.843792200901
1.455229749,1785795317.577240695,/loadcell_data_filtered.wrench.force.z,4323.055866817754
1.455536712,1785795317.577547658,/loadcell_data_filtered.wrench.force.z,4322.35064377114
1.455833779,1785795317.577844725,/loadcell_data_filtered.wrench.force.z,4321.861997851088
1.4561590340000001,1785795317.578169980,/loadcell_data_filtered.wrench.force.z,4321.077923067323
1.4564929260000001,1785795317.578503872,/loadcell_data_filtered.wrench.force.z,4320.23279185849
1.456785614,1785795317.578796560,/loadcell_data_filtered.wrench.force.z,4319.50026362976
1.457188047,1785795317.579198993,/loadcell_data_filtered.wrench.force.z,4313.445037441941
1.457513929,1785795317.579524875,/loadcell_data_filtered.wrench.force.z,4309.551958493901
1.457693517,1785795317.579704463,/loadcell_data_filtered.wrench.force.z,4305.234305506444
1.457874154,1785795317.579885100,/loadcell_data_filtered.wrench.force.z,4301.953668793717
1.460659035,1785795317.582669981,/loadcell_data_filtered.wrench.force.z,4298.750238831637
1.4606949230000001,1785795317.582705869,/loadcell_data_filtered.wrench.force.z,4296.311552266222
1.4608813440000001,1785795317.582892290,/loadcell_data_filtered.wrench.force.z,4295.219446154266
1.461164146,1785795317.583175092,/loadcell_data_filtered.wrench.force.z,4295.1243295863505
1.461474672,1785795317.583485618,/loadcell_data_filtered.wrench.force.z,4295.6611720146575
1.462461714,1785795317.584472660,/loadcell_data_filtered.wrench.force.z,4295.8712261479695
1.465877205,1785795317.587888151,/loadcell_data_filtered.wrench.force.z,4295.028349761697
1.46588869,1785795317.587899636,/loadcell_data_filtered.wrench.force.z,4294.5829994371215
1.4658945650000001,1785795317.587905511,/loadcell_data_filtered.wrench.force.z,4295.091341860094
1.466270723,1785795317.588281669,/loadcell_data_filtered.wrench.force.z,4295.42464087902
1.4665569010000001,1785795317.588567847,/loadcell_data_filtered.wrench.force.z,4296.086148105277
1.466828374,1785795317.588839320,/loadcell_data_filtered.wrench.force.z,4296.683457892643
1.467099208,1785795317.589110154,/loadcell_data_filtered.wrench.force.z,4297.877404718814
1.467377688,1785795317.589388634,/loadcell_data_filtered.wrench.force.z,4304.942996428103
1.467622943,1785795317.589633889,/loadcell_data_filtered.wrench.force.z,4309.4373394459435
1.467884141,1785795317.589895087,/loadcell_data_filtered.wrench.force.z,4312.236662185499
1.468138916,1785795317.590149862,/loadcell_data_filtered.wrench.force.z,4316.881465419559
1.468400122,1785795317.590411068,/loadcell_data_filtered.wrench.force.z,4319.540713518218
1.468632731,1785795317.590643677,/loadcell_data_filtered.wrench.force.z,4321.486403857603
1.468867696,1785795317.590878642,/loadcell_data_filtered.wrench.force.z,4321.88311587797
1.4745040170000001,1785795317.596514963,/loadcell_data_filtered.wrench.force.z,4323.577772278997
1.474753806,1785795317.596764752,/loadcell_data_filtered.wrench.force.z,4324.968508627142
1.4749802490000001,1785795317.596991195,/loadcell_data_filtered.wrench.force.z,4326.356369627245
1.4751707,1785795317.597181646,/loadcell_data_filtered.wrench.force.z,4327.696458428622
1.475341944,1785795317.597352890,/loadcell_data_filtered.wrench.force.z,4328.761977232213
1.475548145,1785795317.597559091,/loadcell_data_filtered.wrench.force.z,4330.439094421569
1.475734206,1785795317.597745152,/loadcell_data_filtered.wrench.force.z,4330.092141330893
1.475961668,1785795317.597972614,/loadcell_data_filtered.wrench.force.z,4326.889073785571
1.476106126,1785795317.598117072,/loadcell_data_filtered.wrench.force.z,4324.027580684293
1.476277815,1785795317.598288761,/loadcell_data_filtered.wrench.force.z,4320.692292187048
1.476463741,1785795317.598474687,/loadcell_data_filtered.wrench.force.z,4317.297220383577
1.47663265,1785795317.598643596,/loadcell_data_filtered.wrench.force.z,4314.749479014794
1.476812046,1785795317.598822992,/loadcell_data_filtered.wrench.force.z,4314.463187290412
1.47699733,1785795317.599008276,/loadcell_data_filtered.wrench.force.z,4314.809235177112
1.477186871,1785795317.599197817,/loadcell_data_filtered.wrench.force.z,4315.585509752137
1.477435724,1785795317.599446670,/loadcell_data_filtered.wrench.force.z,4316.16700492175
1.477613752,1785795317.599624698,/loadcell_data_filtered.wrench.force.z,4316.717460729699
1.481798724,1785795317.603809670,/loadcell_data_filtered.wrench.force.z,4317.2519413661075
1.482196004,1785795317.604206950,/loadcell_data_filtered.wrench.force.z,4317.328631017525
1.482528765,1785795317.604539711,/loadcell_data_filtered.wrench.force.z,4318.203157392014
1.482885435,1785795317.604896381,/loadcell_data_filtered.wrench.force.z,4319.023815886393
1.4832433040000002,1785795317.605254250,/loadcell_data_filtered.wrench.force.z,4319.876191124074
1.483552294,1785795317.605563240,/loadcell_data_filtered.wrench.force.z,4320.60429518837
1.483909886,1785795317.605920832,/loadcell_data_filtered.wrench.force.z,4326.163938170159
1.484308524,1785795317.606319470,/loadcell_data_filtered.wrench.force.z,4330.198755303168
1.484640677,1785795317.606651623,/loadcell_data_filtered.wrench.force.z,4334.388180553026
1.48487543,1785795317.606886376,/loadcell_data_filtered.wrench.force.z,4335.714741172019
1.48510181,1785795317.607112756,/loadcell_data_filtered.wrench.force.z,4337.62670104159
1.485315095,1785795317.607326041,/loadcell_data_filtered.wrench.force.z,4338.956317058981
1.485518163,1785795317.607529109,/loadcell_data_filtered.wrench.force.z,4339.579462110577
1.485752876,1785795317.607763822,/loadcell_data_filtered.wrench.force.z,4338.778425814441
1.487445044,1785795317.609455990,/loadcell_data_filtered.wrench.force.z,4337.794235313837
1.487915933,1785795317.609926879,/loadcell_data_filtered.wrench.force.z,4337.15983070533
1.48831755,1785795317.610328496,/loadcell_data_filtered.wrench.force.z,4336.956149097144
1.488664891,1785795317.610675837,/loadcell_data_filtered.wrench.force.z,4336.7305426420135
1.4890027,1785795317.611013646,/loadcell_data_filtered.wrench.force.z,4336.291220074228
1.489289329,1785795317.611300275,/loadcell_data_filtered.wrench.force.z,4335.9633054641545
1.489697295,1785795317.611708241,/loadcell_data_filtered.wrench.force.z,4334.3818474683485
1.490096833,1785795317.612107779,/loadcell_data_filtered.wrench.force.z,4332.149237388502
1.4903923890000002,1785795317.612403335,/loadcell_data_filtered.wrench.force.z,4330.830197607055
1.4906959130000002,1785795317.612706859,/loadcell_data_filtered.wrench.force.z,4323.855667538598
1.490943459,1785795317.612954405,/loadcell_data_filtered.wrench.force.z,4319.288392693497
1.491863143,1785795317.613874089,/loadcell_data_filtered.wrench.force.z,4314.460723188125
1.492123978,1785795317.614134924,/loadcell_data_filtered.wrench.force.z,4310.1496403749225
1.492273466,1785795317.614284412,/loadcell_data_filtered.wrench.force.z,4306.401952119183
1.493163954,1785795317.615174900,/loadcell_data_filtered.wrench.force.z,4304.310294273586
1.493335039,1785795317.615345985,/loadcell_data_filtered.wrench.force.z,4302.278506684122
1.493481793,1785795317.615492739,/loadcell_data_filtered.wrench.force.z,4301.451530771357
1.493720237,1785795317.615731183,/loadcell_data_filtered.wrench.force.z,4301.250627871917
1.4939862050000001,1785795317.615997151,/loadcell_data_filtered.wrench.force.z,4301.024331031447
1.494396493,1785795317.616407439,/loadcell_data_filtered.wrench.force.z,4300.5252111262935
1.4948519230000001,1785795317.616862869,/loadcell_data_filtered.wrench.force.z,4299.351607800902
1.495307749,1785795317.617318695,/loadcell_data_filtered.wrench.force.z,4298.627020378262
1.496119827,1785795317.618130773,/loadcell_data_filtered.wrench.force.z,4298.435717252461
1.49652714,1785795317.618538086,/loadcell_data_filtered.wrench.force.z,4298.263034061501
1.50005293,1785795317.622063876,/loadcell_data_filtered.wrench.force.z,4298.065148206225
1.5001954400000002,1785795317.622206386,/loadcell_data_filtered.wrench.force.z,4298.321185235273
1.503352205,1785795317.625363151,/loadcell_data_filtered.wrench.force.z,4304.95790486635
1.503482322,1785795317.625493268,/loadcell_data_filtered.wrench.force.z,4310.208803293928
1.503620958,1785795317.625631904,/loadcell_data_filtered.wrench.force.z,4314.471689264373
1.503749613,1785795317.625760559,/loadcell_data_filtered.wrench.force.z,4318.290655155005
1.503879063,1785795317.625890009,/loadcell_data_filtered.wrench.force.z,4321.980061670162
1.50401112,1785795317.626022066,/loadcell_data_filtered.wrench.force.z,4323.808081713514
1.5041376020000001,1785795317.626148548,/loadcell_data_filtered.wrench.force.z,4322.7323424017295
1.504272522,1785795317.626283468,/loadcell_data_filtered.wrench.force.z,4323.124948347043
1.504385622,1785795317.626396568,/loadcell_data_filtered.wrench.force.z,4324.058353892238
1.50449857,1785795317.626509516,/loadcell_data_filtered.wrench.force.z,4324.750351947617
1.504738707,1785795317.626749653,/loadcell_data_filtered.wrench.force.z,4325.632421625621
1.50502903,1785795317.627039976,/loadcell_data_filtered.wrench.force.z,4326.483275567383
1.5053113370000002,1785795317.627322283,/loadcell_data_filtered.wrench.force.z,4325.638652557874
1.505575179,1785795317.627586125,/loadcell_data_filtered.wrench.force.z,4325.212204050375
1.508925831,1785795317.630936777,/loadcell_data_filtered.wrench.force.z,4324.800639550057
1.509093794,1785795317.631104740,/loadcell_data_filtered.wrench.force.z,4324.378844147589
1.5092237640000001,1785795317.631234710,/loadcell_data_filtered.wrench.force.z,4321.39371631243
1.509347241,1785795317.631358187,/loadcell_data_filtered.wrench.force.z,4317.932709812973
1.509464769,1785795317.631475715,/loadcell_data_filtered.wrench.force.z,4314.158824143013
1.5095860710000002,1785795317.631597017,/loadcell_data_filtered.wrench.force.z,4310.620717373604
1.509714282,1785795317.631725228,/loadcell_data_filtered.wrench.force.z,4308.123152702413
1.509859118,1785795317.631870064,/loadcell_data_filtered.wrench.force.z,4305.998521341873
1.509994536,1785795317.632005482,/loadcell_data_filtered.wrench.force.z,4304.889138619624
1.5101188200000002,1785795317.632129766,/loadcell_data_filtered.wrench.force.z,4304.156892267076
1.510236355,1785795317.632247301,/loadcell_data_filtered.wrench.force.z,4302.374736178759
1.5118168,1785795317.633827746,/loadcell_data_filtered.wrench.force.z,4302.114658087915
1.5120837630000001,1785795317.634094709,/loadcell_data_filtered.wrench.force.z,4302.075224716841
1.5122025570000002,1785795317.634213503,/loadcell_data_filtered.wrench.force.z,4302.370278227754
1.512319097,1785795317.634330043,/loadcell_data_filtered.wrench.force.z,4302.642678178631
1.5127788670000002,1785795317.634789813,/loadcell_data_filtered.wrench.force.z,4302.800590292928
1.5129933979999999,1785795317.635004344,/loadcell_data_filtered.wrench.force.z,4301.562739309103
1.51391801,1785795317.635928956,/loadcell_data_filtered.wrench.force.z,4301.366537571772
1.514220892,1785795317.636231838,/loadcell_data_filtered.wrench.force.z,4301.340081321362
1.514374935,1785795317.636385881,/loadcell_data_filtered.wrench.force.z,4306.907249399885
1.516433179,1785795317.638444125,/loadcell_data_filtered.wrench.force.z,4310.440831385611
1.516572693,1785795317.638583639,/loadcell_data_filtered.wrench.force.z,4314.748854609352
1.516720323,1785795317.638731269,/loadcell_data_filtered.wrench.force.z,4318.626177440552
1.516876001,1785795317.638886947,/loadcell_data_filtered.wrench.force.z,4314.270912568614
1.517008364,1785795317.639019310,/loadcell_data_filtered.wrench.force.z,4316.897311347012
1.517347424,1785795317.639358370,/loadcell_data_filtered.wrench.force.z,4317.83489483669
1.517893731,1785795317.639904677,/loadcell_data_filtered.wrench.force.z,4318.389360051051
1.518302191,1785795317.640313137,/loadcell_data_filtered.wrench.force.z,4319.14419145085
1.519252231,1785795317.641263177,/loadcell_data_filtered.wrench.force.z,4319.904856322064
1.5198275680000002,1785795317.641838514,/loadcell_data_filtered.wrench.force.z,4320.337751407614
1.523175835,1785795317.645186781,/loadcell_data_filtered.wrench.force.z,4320.795382378251
1.5236480860000001,1785795317.645659032,/loadcell_data_filtered.wrench.force.z,4321.501197772878
1.524121432,1785795317.646132378,/loadcell_data_filtered.wrench.force.z,4322.923769566456
1.5246173760000001,1785795317.646628322,/loadcell_data_filtered.wrench.force.z,4324.1417702201725
1.5251274860000001,1785795317.647138432,/loadcell_data_filtered.wrench.force.z,4324.994808110357
1.525568275,1785795317.647579221,/loadcell_data_filtered.wrench.force.z,4326.087875750629
1.525980812,1785795317.647991758,/loadcell_data_filtered.wrench.force.z,4321.688986174709
1.526500875,1785795317.648511821,/loadcell_data_filtered.wrench.force.z,4318.34267777149
1.527245702,1785795317.649256648,/loadcell_data_filtered.wrench.force.z,4313.414016128517
1.52744686,1785795317.649457806,/loadcell_data_filtered.wrench.force.z,4310.625920958283
1.5281702780000002,1785795317.650181224,/loadcell_data_filtered.wrench.force.z,4307.7849597313
1.528432229,1785795317.650443175,/loadcell_data_filtered.wrench.force.z,4306.4722068907895
1.5289902670000002,1785795317.651001213,/loadcell_data_filtered.wrench.force.z,4305.509761537394
1.5295329830000002,1785795317.651543929,/loadcell_data_filtered.wrench.force.z,4305.8262911256525
1.530088128,1785795317.652099074,/loadcell_data_filtered.wrench.force.z,4306.321236912406
1.530496965,1785795317.652507911,/loadcell_data_filtered.wrench.force.z,4306.80820311501
1.530875545,1785795317.652886491,/loadcell_data_filtered.wrench.force.z,4307.169676626501
1.531290972,1785795317.653301918,/loadcell_data_filtered.wrench.force.z,4307.16479880378
1.531656775,1785795317.653667721,/loadcell_data_filtered.wrench.force.z,4306.651673817758
1.532073041,1785795317.654083987,/loadcell_data_filtered.wrench.force.z,4306.150603055226
1.532524269,1785795317.654535215,/loadcell_data_filtered.wrench.force.z,4306.509582511148
1.532958034,1785795317.654968980,/loadcell_data_filtered.wrench.force.z,4306.816714572251
1.5334160620000001,1785795317.655427008,/loadcell_data_filtered.wrench.force.z,4307.927307197071
1.533774571,1785795317.655785517,/loadcell_data_filtered.wrench.force.z,4314.2177266249455
1.5341331660000002,1785795317.656144112,/loadcell_data_filtered.wrench.force.z,4319.457773331696
1.534509904,1785795317.656520850,/loadcell_data_filtered.wrench.force.z,4323.4559483190405
1.534759716,1785795317.656770662,/loadcell_data_filtered.wrench.force.z,4327.106450200549
1.535009576,1785795317.657020522,/loadcell_data_filtered.wrench.force.z,4330.552252335479
1.5353086839999999,1785795317.657319630,/loadcell_data_filtered.wrench.force.z,4332.055537315749
1.535794992,1785795317.657805938,/loadcell_data_filtered.wrench.force.z,4332.551307391257
1.5363558460000002,1785795317.658366792,/loadcell_data_filtered.wrench.force.z,4332.714021228669
1.536847436,1785795317.658858382,/loadcell_data_filtered.wrench.force.z,4332.923479569312
1.537250875,1785795317.659261821,/loadcell_data_filtered.wrench.force.z,4333.32628268969
1.537610193,1785795317.659621139,/loadcell_data_filtered.wrench.force.z,4333.7134171802945
1.539478857,1785795317.661489803,/loadcell_data_filtered.wrench.force.z,4333.986649300871
1.5401891540000001,1785795317.662200100,/loadcell_data_filtered.wrench.force.z,4334.142356521173
1.540583714,1785795317.662594660,/loadcell_data_filtered.wrench.force.z,4335.024264040269
1.540935583,1785795317.662946529,/loadcell_data_filtered.wrench.force.z,4336.10067757668
1.541317304,1785795317.663328250,/loadcell_data_filtered.wrench.force.z,4336.547720234996
1.541707972,1785795317.663718918,/loadcell_data_filtered.wrench.force.z,4333.2041819028
1.542249714,1785795317.664260660,/loadcell_data_filtered.wrench.force.z,4329.972849814187
1.542579886,1785795317.664590832,/loadcell_data_filtered.wrench.force.z,4325.544402725312
1.542875552,1785795317.664886498,/loadcell_data_filtered.wrench.force.z,4321.01917306049
1.543186812,1785795317.665197758,/loadcell_data_filtered.wrench.force.z,4317.7677415940325
1.543504472,1785795317.665515418,/loadcell_data_filtered.wrench.force.z,4314.661497310851
1.543676519,1785795317.665687465,/loadcell_data_filtered.wrench.force.z,4313.2345517225585
1.543918148,1785795317.665929094,/loadcell_data_filtered.wrench.force.z,4312.4555866123965
1.544208034,1785795317.666218980,/loadcell_data_filtered.wrench.force.z,4312.199346386971
1.544606505,1785795317.666617451,/loadcell_data_filtered.wrench.force.z,4311.888913543076
1.546901442,1785795317.668912388,/loadcell_data_filtered.wrench.force.z,4311.145583403034
1.547636479,1785795317.669647425,/loadcell_data_filtered.wrench.force.z,4310.534779336514
1.5482524340000001,1785795317.670263380,/loadcell_data_filtered.wrench.force.z,4309.5828756193
1.5488199530000002,1785795317.670830899,/loadcell_data_filtered.wrench.force.z,4308.785769007466
1.549519234,1785795317.671530180,/loadcell_data_filtered.wrench.force.z,4308.066796803251
1.5500807600000002,1785795317.672091706,/loadcell_data_filtered.wrench.force.z,4307.626089844116
1.553492239,1785795317.675503185,/loadcell_data_filtered.wrench.force.z,4307.080503113803
1.5540049759999999,1785795317.676015922,/loadcell_data_filtered.wrench.force.z,4310.761420796106
1.554418975,1785795317.676429921,/loadcell_data_filtered.wrench.force.z,4313.861505910161
1.5547697249999999,1785795317.676780671,/loadcell_data_filtered.wrench.force.z,4316.057709547959
1.555141794,1785795317.677152740,/loadcell_data_filtered.wrench.force.z,4317.738151743121
1.555589302,1785795317.677600248,/loadcell_data_filtered.wrench.force.z,4318.606031032832
1.556076837,1785795317.678087783,/loadcell_data_filtered.wrench.force.z,4319.295606928031
1.556464444,1785795317.678475390,/loadcell_data_filtered.wrench.force.z,4320.50590149546
1.5568682900000002,1785795317.678879236,/loadcell_data_filtered.wrench.force.z,4321.037251846675
1.557281039,1785795317.679291985,/loadcell_data_filtered.wrench.force.z,4321.718213546357
1.5576870550000002,1785795317.679698001,/loadcell_data_filtered.wrench.force.z,4321.861242287431
1.558154477,1785795317.680165423,/loadcell_data_filtered.wrench.force.z,4319.769866995218
1.558540381,1785795317.680551327,/loadcell_data_filtered.wrench.force.z,4320.390439145662
1.5588196980000002,1785795317.680830644,/loadcell_data_filtered.wrench.force.z,4320.785659817487
1.559106356,1785795317.681117302,/loadcell_data_filtered.wrench.force.z,4320.944979361913
1.5593485070000002,1785795317.681359453,/loadcell_data_filtered.wrench.force.z,4315.756706291819
1.559586161,1785795317.681597107,/loadcell_data_filtered.wrench.force.z,4311.904611294324
1.559796573,1785795317.681807519,/loadcell_data_filtered.wrench.force.z,4308.655190151589
1.5600232950000001,1785795317.682034241,/loadcell_data_filtered.wrench.force.z,4305.698571258126
1.560232218,1785795317.682243164,/loadcell_data_filtered.wrench.force.z,4303.14846592532
1.560455608,1785795317.682466554,/loadcell_data_filtered.wrench.force.z,4301.748402286467
1.560688733,1785795317.682699679,/loadcell_data_filtered.wrench.force.z,4301.257648848642
1.56092443,1785795317.682935376,/loadcell_data_filtered.wrench.force.z,4301.347739540884
1.5611950270000001,1785795317.683205973,/loadcell_data_filtered.wrench.force.z,4301.954822090061
1.561535597,1785795317.683546543,/loadcell_data_filtered.wrench.force.z,4302.245253265771
1.561840298,1785795317.683851244,/loadcell_data_filtered.wrench.force.z,4302.362791915113
1.5621795,1785795317.684190446,/loadcell_data_filtered.wrench.force.z,4302.487298717788
1.562557926,1785795317.684568872,/loadcell_data_filtered.wrench.force.z,4302.49074746355
1.567088498,1785795317.689099444,/loadcell_data_filtered.wrench.force.z,4302.479679942288
1.5675724290000002,1785795317.689583375,/loadcell_data_filtered.wrench.force.z,4302.189899503592
1.5679227770000002,1785795317.689933723,/loadcell_data_filtered.wrench.force.z,4302.2893940986405
1.568240607,1785795317.690251553,/loadcell_data_filtered.wrench.force.z,4303.297526579161
1.568526464,1785795317.690537410,/loadcell_data_filtered.wrench.force.z,4308.854851974202
1.5688400310000001,1785795317.690850977,/loadcell_data_filtered.wrench.force.z,4313.547216523058
1.5692162139999999,1785795317.691227160,/loadcell_data_filtered.wrench.force.z,4316.77203822567
1.5696789340000001,1785795317.691689880,/loadcell_data_filtered.wrench.force.z,4319.44112667263
1.570116239,1785795317.692127185,/loadcell_data_filtered.wrench.force.z,4321.8882625024535
1.570505948,1785795317.692516894,/loadcell_data_filtered.wrench.force.z,4322.97198775014
1.5707865170000002,1785795317.692797463,/loadcell_data_filtered.wrench.force.z,4323.332273491099
1.571089369,1785795317.693100315,/loadcell_data_filtered.wrench.force.z,4323.42434251947
1.5714879380000002,1785795317.693498884,/loadcell_data_filtered.wrench.force.z,4323.564091311436
1.5717476920000002,1785795317.693758638,/loadcell_data_filtered.wrench.force.z,4323.703989266792
1.5719725310000001,1785795317.693983477,/loadcell_data_filtered.wrench.force.z,4324.160739229559
1.5722601310000002,1785795317.694271077,/loadcell_data_filtered.wrench.force.z,4324.814687696699
1.572528119,1785795317.694539065,/loadcell_data_filtered.wrench.force.z,4325.9320910289525
1.5727574180000001,1785795317.694768364,/loadcell_data_filtered.wrench.force.z,4325.836211133107
1.57412659,1785795317.696137536,/loadcell_data_filtered.wrench.force.z,4325.283192870217
1.5741435300000002,1785795317.696154476,/loadcell_data_filtered.wrench.force.z,4325.228806833854
1.574191999,1785795317.696202945,/loadcell_data_filtered.wrench.force.z,4321.213581967911
1.574348471,1785795317.696359417,/loadcell_data_filtered.wrench.force.z,4318.438876518942
1.574454564,1785795317.696465510,/loadcell_data_filtered.wrench.force.z,4314.82517794237
1.574601997,1785795317.696612943,/loadcell_data_filtered.wrench.force.z,4311.5367736108765
1.574746475,1785795317.696757421,/loadcell_data_filtered.wrench.force.z,4307.249340680533
1.575131678,1785795317.697142624,/loadcell_data_filtered.wrench.force.z,4304.601245880286
1.575598277,1785795317.697609223,/loadcell_data_filtered.wrench.force.z,4302.977744252005
1.5760882729999999,1785795317.698099219,/loadcell_data_filtered.wrench.force.z,4302.5598412158615
1.5773548540000002,1785795317.699365800,/loadcell_data_filtered.wrench.force.z,4302.595784444543
1.577803762,1785795317.699814708,/loadcell_data_filtered.wrench.force.z,4302.796168530551
1.58343761,1785795317.705448556,/loadcell_data_filtered.wrench.force.z,4302.809809114384
1.584084581,1785795317.706095527,/loadcell_data_filtered.wrench.force.z,4302.924731701305
1.584433189,1785795317.706444135,/loadcell_data_filtered.wrench.force.z,4303.206073128948
1.584731502,1785795317.706742448,/loadcell_data_filtered.wrench.force.z,4303.453740972937
1.585064729,1785795317.707075675,/loadcell_data_filtered.wrench.force.z,4304.026993889758
1.5853199199999999,1785795317.707330866,/loadcell_data_filtered.wrench.force.z,4304.339082841518
1.585578181,1785795317.707589127,/loadcell_data_filtered.wrench.force.z,4310.434410660608
1.585833325,1785795317.707844271,/loadcell_data_filtered.wrench.force.z,4314.338231219465
1.586109323,1785795317.708120269,/loadcell_data_filtered.wrench.force.z,4318.8860235434095
1.5864145710000002,1785795317.708425517,/loadcell_data_filtered.wrench.force.z,4322.857091425515
1.586714484,1785795317.708725430,/loadcell_data_filtered.wrench.force.z,4326.131783101041
1.587019057,1785795317.709030003,/loadcell_data_filtered.wrench.force.z,4327.368339824331
1.58723299,1785795317.709243936,/loadcell_data_filtered.wrench.force.z,4329.740547747507
1.587413593,1785795317.709424539,/loadcell_data_filtered.wrench.force.z,4328.287243189688
1.587580728,1785795317.709591674,/loadcell_data_filtered.wrench.force.z,4328.7905275334
1.587738056,1785795317.709749002,/loadcell_data_filtered.wrench.force.z,4328.696492583655
1.587894569,1785795317.709905515,/loadcell_data_filtered.wrench.force.z,4328.88467872085
1.588226375,1785795317.710237321,/loadcell_data_filtered.wrench.force.z,4329.631602176976
1.5894726380000002,1785795317.711483584,/loadcell_data_filtered.wrench.force.z,4330.304271066334
1.589630455,1785795317.711641401,/loadcell_data_filtered.wrench.force.z,4331.36292358022
1.589790129,1785795317.711801075,/loadcell_data_filtered.wrench.force.z,4331.980701149915
1.589936438,1785795317.711947384,/loadcell_data_filtered.wrench.force.z,4333.310042609274
1.590093092,1785795317.712104038,/loadcell_data_filtered.wrench.force.z,4333.796144096653
1.590243571,1785795317.712254517,/loadcell_data_filtered.wrench.force.z,4329.3057300039
1.590424888,1785795317.712435834,/loadcell_data_filtered.wrench.force.z,4326.224237521231
1.590612868,1785795317.712623814,/loadcell_data_filtered.wrench.force.z,4321.97571629327
1.5909482490000002,1785795317.712959195,/loadcell_data_filtered.wrench.force.z,4319.354469812315
1.591550871,1785795317.713561817,/loadcell_data_filtered.wrench.force.z,4316.921191330587
1.592117253,1785795317.714128199,/loadcell_data_filtered.wrench.force.z,4315.669145985861
1.592487802,1785795317.714498748,/loadcell_data_filtered.wrench.force.z,4315.292697037562
1.593033718,1785795317.715044664,/loadcell_data_filtered.wrench.force.z,4315.574464196521
1.593723125,1785795317.715734071,/loadcell_data_filtered.wrench.force.z,4316.107681218816
1.6004401160000001,1785795317.722451062,/loadcell_data_filtered.wrench.force.z,4316.314808858544
1.600914997,1785795317.722925943,/loadcell_data_filtered.wrench.force.z,4316.194319333476
1.601348486,1785795317.723359432,/loadcell_data_filtered.wrench.force.z,4316.137709605231
1.6016950360000002,1785795317.723705982,/loadcell_data_filtered.wrench.force.z,4316.291506608163
1.6020285040000002,1785795317.724039450,/loadcell_data_filtered.wrench.force.z,4317.953603108092
1.602372052,1785795317.724382998,/loadcell_data_filtered.wrench.force.z,4322.732265252378
1.602653324,1785795317.724664270,/loadcell_data_filtered.wrench.force.z,4327.235813834768
1.6028750569999999,1785795317.724886003,/loadcell_data_filtered.wrench.force.z,4330.033753621355
1.603127618,1785795317.725138564,/loadcell_data_filtered.wrench.force.z,4332.461013025397
1.6033389580000001,1785795317.725349904,/loadcell_data_filtered.wrench.force.z,4334.842593034019
1.60358675,1785795317.725597696,/loadcell_data_filtered.wrench.force.z,4334.245200159396
1.603851082,1785795317.725862028,/loadcell_data_filtered.wrench.force.z,4331.058932480703
1.6041428340000001,1785795317.726153780,/loadcell_data_filtered.wrench.force.z,4329.4257758103295
1.604409857,1785795317.726420803,/loadcell_data_filtered.wrench.force.z,4327.829539922787
1.604777215,1785795317.726788161,/loadcell_data_filtered.wrench.force.z,4326.111159829499
1.6057339179999999,1785795317.727744864,/loadcell_data_filtered.wrench.force.z,4324.554831739088
1.6060905189999999,1785795317.728101465,/loadcell_data_filtered.wrench.force.z,4323.08274504126
1.6063892659999999,1785795317.728400212,/loadcell_data_filtered.wrench.force.z,4322.113973121116
1.6066898520000001,1785795317.728700798,/loadcell_data_filtered.wrench.force.z,4321.073794113519
1.6069852230000001,1785795317.728996169,/loadcell_data_filtered.wrench.force.z,4320.124104716437
1.6072318349999999,1785795317.729242781,/loadcell_data_filtered.wrench.force.z,4319.249912070683
1.607437697,1785795317.729448643,/loadcell_data_filtered.wrench.force.z,4313.645441826929
1.60769575,1785795317.729706696,/loadcell_data_filtered.wrench.force.z,4308.295403898854
1.607883245,1785795317.729894191,/loadcell_data_filtered.wrench.force.z,4302.709906376225
1.611448725,1785795317.733459671,/loadcell_data_filtered.wrench.force.z,4298.257497915464
1.612048688,1785795317.734059634,/loadcell_data_filtered.wrench.force.z,4294.553858350134
1.612221495,1785795317.734232441,/loadcell_data_filtered.wrench.force.z,4292.317459422667
1.6124110680000001,1785795317.734422014,/loadcell_data_filtered.wrench.force.z,4290.721557411635
1.612588176,1785795317.734599122,/loadcell_data_filtered.wrench.force.z,4290.467207568184
1.612839686,1785795317.734850632,/loadcell_data_filtered.wrench.force.z,4290.386022673455
1.613061346,1785795317.735072292,/loadcell_data_filtered.wrench.force.z,4290.948365640306
1.6132523550000002,1785795317.735263301,/loadcell_data_filtered.wrench.force.z,4291.538861844323
1.6134977240000001,1785795317.735508670,/loadcell_data_filtered.wrench.force.z,4291.955626553459
1.61380831,1785795317.735819256,/loadcell_data_filtered.wrench.force.z,4291.772660742517
1.61409724,1785795317.736108186,/loadcell_data_filtered.wrench.force.z,4290.539875137154
1.614399583,1785795317.736410529,/loadcell_data_filtered.wrench.force.z,4289.952288988003
1.614677047,1785795317.736687993,/loadcell_data_filtered.wrench.force.z,4290.192107924502
1.614982791,1785795317.736993737,/loadcell_data_filtered.wrench.force.z,4290.262869152754
1.615210528,1785795317.737221474,/loadcell_data_filtered.wrench.force.z,4296.511884976455
1.6154809430000001,1785795317.737491889,/loadcell_data_filtered.wrench.force.z,4300.740422282998
1.615769723,1785795317.737780669,/loadcell_data_filtered.wrench.force.z,4305.188016439782
1.616090108,1785795317.738101054,/loadcell_data_filtered.wrench.force.z,4309.127383788282
1.616639873,1785795317.738650819,/loadcell_data_filtered.wrench.force.z,4312.6773234212005
1.617029539,1785795317.739040485,/loadcell_data_filtered.wrench.force.z,4314.594756852696
1.618330624,1785795317.740341570,/loadcell_data_filtered.wrench.force.z,4316.768740434023
1.619128259,1785795317.741139205,/loadcell_data_filtered.wrench.force.z,4317.948053300753
1.620029979,1785795317.742040925,/loadcell_data_filtered.wrench.force.z,4319.51361627307
1.6207095530000002,1785795317.742720499,/loadcell_data_filtered.wrench.force.z,4320.999154077513
1.6212269190000002,1785795317.743237865,/loadcell_data_filtered.wrench.force.z,4322.118708064204
1.6216828250000002,1785795317.743693771,/loadcell_data_filtered.wrench.force.z,4322.575817289787
1.622027209,1785795317.744038155,/loadcell_data_filtered.wrench.force.z,4323.724887038933
1.62244661,1785795317.744457556,/loadcell_data_filtered.wrench.force.z,4324.666358984629
1.622795733,1785795317.744806679,/loadcell_data_filtered.wrench.force.z,4325.635295138175
1.623097058,1785795317.745108004,/loadcell_data_filtered.wrench.force.z,4326.056169047314
1.6233469010000001,1785795317.745357847,/loadcell_data_filtered.wrench.force.z,4326.44331373316
1.62359433,1785795317.745605276,/loadcell_data_filtered.wrench.force.z,4321.323851854216
1.623868833,1785795317.745879779,/loadcell_data_filtered.wrench.force.z,4318.046014317819
1.624156385,1785795317.746167331,/loadcell_data_filtered.wrench.force.z,4315.104364205512
1.624523122,1785795317.746534068,/loadcell_data_filtered.wrench.force.z,4312.919356310521
1.624769712,1785795317.746780658,/loadcell_data_filtered.wrench.force.z,4310.45314967088
1.6255862520000002,1785795317.747597198,/loadcell_data_filtered.wrench.force.z,4309.712560391979
1.654956573,1785795317.776967519,/loadcell_data_filtered.wrench.force.z,4304.995003221156
1.655172364,1785795317.777183310,/loadcell_data_filtered.wrench.force.z,4297.966724475727
1.655311532,1785795317.777322478,/loadcell_data_filtered.wrench.force.z,4298.744428138732
1.65545654,1785795317.777467486,/loadcell_data_filtered.wrench.force.z,4299.065430419902
1.655627733,1785795317.777638679,/loadcell_data_filtered.wrench.force.z,4300.0251763720125
1.655820709,1785795317.777831655,/loadcell_data_filtered.wrench.force.z,4300.56700919185
1.656019071,1785795317.778030017,/loadcell_data_filtered.wrench.force.z,4300.18333567062
1.6562119750000002,1785795317.778222921,/loadcell_data_filtered.wrench.force.z,4300.788713038638
1.6563998340000001,1785795317.778410780,/loadcell_data_filtered.wrench.force.z,4301.103124280884
1.65658324,1785795317.778594186,/loadcell_data_filtered.wrench.force.z,4299.535214777034
1.656782876,1785795317.778793822,/loadcell_data_filtered.wrench.force.z,4297.765472381406
1.65697274,1785795317.778983686,/loadcell_data_filtered.wrench.force.z,4297.158979047513
1.657157496,1785795317.779168442,/loadcell_data_filtered.wrench.force.z,4295.613292233501
1.657327939,1785795317.779338885,/loadcell_data_filtered.wrench.force.z,4288.4464933608015
1.6575046050000002,1785795317.779515551,/loadcell_data_filtered.wrench.force.z,4283.782321617836
1.65762531,1785795317.779636256,/loadcell_data_filtered.wrench.force.z,4279.934788043628
1.6577639670000002,1785795317.779774913,/loadcell_data_filtered.wrench.force.z,4275.589768666521
1.658613793,1785795317.780624739,/loadcell_data_filtered.wrench.force.z,4271.10588368462
1.6591185620000002,1785795317.781129508,/loadcell_data_filtered.wrench.force.z,4269.061118926521
1.659582982,1785795317.781593928,/loadcell_data_filtered.wrench.force.z,4267.90698715329
1.660175318,1785795317.782186264,/loadcell_data_filtered.wrench.force.z,4267.649192916692
1.660402355,1785795317.782413301,/loadcell_data_filtered.wrench.force.z,4268.155045792428
1.660957362,1785795317.782968308,/loadcell_data_filtered.wrench.force.z,4267.940429104386
1.661354748,1785795317.783365694,/loadcell_data_filtered.wrench.force.z,4268.117308326507
1.661748935,1785795317.783759881,/loadcell_data_filtered.wrench.force.z,4267.804915196428
1.662457536,1785795317.784468482,/loadcell_data_filtered.wrench.force.z,4267.292957390666
1.6629371910000001,1785795317.784948137,/loadcell_data_filtered.wrench.force.z,4266.724215576405
1.663346247,1785795317.785357193,/loadcell_data_filtered.wrench.force.z,4266.454309260967
1.663816131,1785795317.785827077,/loadcell_data_filtered.wrench.force.z,4266.346264578517
1.664482993,1785795317.786493939,/loadcell_data_filtered.wrench.force.z,4271.059643651724
1.66485667,1785795317.786867616,/loadcell_data_filtered.wrench.force.z,4275.405794468234
1.6652881019999999,1785795317.787299048,/loadcell_data_filtered.wrench.force.z,4280.508337595759
1.6680319780000001,1785795317.790042924,/loadcell_data_filtered.wrench.force.z,4284.5376207856225
1.668327437,1785795317.790338383,/loadcell_data_filtered.wrench.force.z,4287.839157542456
1.668564503,1785795317.790575449,/loadcell_data_filtered.wrench.force.z,4290.8891742466785
1.6688059210000001,1785795317.790816867,/loadcell_data_filtered.wrench.force.z,4292.536811156992
1.670498936,1785795317.792509882,/loadcell_data_filtered.wrench.force.z,4293.293483141223
1.670742216,1785795317.792753162,/loadcell_data_filtered.wrench.force.z,4293.322543660186
1.6708627759999999,1785795317.792873722,/loadcell_data_filtered.wrench.force.z,4294.796577766088
1.670995078,1785795317.793006024,/loadcell_data_filtered.wrench.force.z,4295.84481112468
1.671123192,1785795317.793134138,/loadcell_data_filtered.wrench.force.z,4296.948767200462
1.671248398,1785795317.793259344,/loadcell_data_filtered.wrench.force.z,4297.813635854345
1.6713700550000001,1785795317.793381001,/loadcell_data_filtered.wrench.force.z,4298.806127966667
1.671487501,1785795317.793498447,/loadcell_data_filtered.wrench.force.z,4298.620002338547
1.671713953,1785795317.793724899,/loadcell_data_filtered.wrench.force.z,4297.302264820357
1.672390265,1785795317.794401211,/loadcell_data_filtered.wrench.force.z,4297.359696501701
1.672719587,1785795317.794730533,/loadcell_data_filtered.wrench.force.z,4290.895565447994
1.673078722,1785795317.795089668,/loadcell_data_filtered.wrench.force.z,4286.809376752736
1.673615609,1785795317.795626555,/loadcell_data_filtered.wrench.force.z,4282.03650537095
1.676130148,1785795317.798141094,/loadcell_data_filtered.wrench.force.z,4278.232007951529
1.677772519,1785795317.799783465,/loadcell_data_filtered.wrench.force.z,4274.8315456202645
1.6779261600000002,1785795317.799937106,/loadcell_data_filtered.wrench.force.z,4273.011607383287
1.678083406,1785795317.800094352,/loadcell_data_filtered.wrench.force.z,4271.87263149686
1.678217465,1785795317.800228411,/loadcell_data_filtered.wrench.force.z,4272.24564792606
1.678353059,1785795317.800364005,/loadcell_data_filtered.wrench.force.z,4272.419541236488
1.6784859600000002,1785795317.800496906,/loadcell_data_filtered.wrench.force.z,4273.5632259917775
1.678645425,1785795317.800656371,/loadcell_data_filtered.wrench.force.z,4273.108848173425
1.6788136100000002,1785795317.800824556,/loadcell_data_filtered.wrench.force.z,4271.741862566967
1.678973563,1785795317.800984509,/loadcell_data_filtered.wrench.force.z,4271.611700511356
1.679418824,1785795317.801429770,/loadcell_data_filtered.wrench.force.z,4271.418370653449
1.6797246590000001,1785795317.801735605,/loadcell_data_filtered.wrench.force.z,4271.017526654033
1.6801466500000002,1785795317.802157596,/loadcell_data_filtered.wrench.force.z,4271.81699553744
1.680695328,1785795317.802706274,/loadcell_data_filtered.wrench.force.z,4272.438545282009
1.681062099,1785795317.803073045,/loadcell_data_filtered.wrench.force.z,4279.650634518665
1.684379153,1785795317.806390099,/loadcell_data_filtered.wrench.force.z,4285.84461549402
1.6846575270000002,1785795317.806668473,/loadcell_data_filtered.wrench.force.z,4290.9402719277905
1.684822563,1785795317.806833509,/loadcell_data_filtered.wrench.force.z,4296.120031952703
1.684981649,1785795317.806992595,/loadcell_data_filtered.wrench.force.z,4301.271198988886
1.685137059,1785795317.807148005,/loadcell_data_filtered.wrench.force.z,4304.463596937633
1.685284115,1785795317.807295061,/loadcell_data_filtered.wrench.force.z,4307.1226421241445
1.685422419,1785795317.807433365,/loadcell_data_filtered.wrench.force.z,4309.011323751411
1.685568842,1785795317.807579788,/loadcell_data_filtered.wrench.force.z,4310.260154475215
1.6857081630000001,1785795317.807719109,/loadcell_data_filtered.wrench.force.z,4310.702751490952
1.686110304,1785795317.808121250,/loadcell_data_filtered.wrench.force.z,4311.793821110787
1.686711033,1785795317.808721979,/loadcell_data_filtered.wrench.force.z,4313.1199310339325
1.6879330170000002,1785795317.809943963,/loadcell_data_filtered.wrench.force.z,4314.44208005661
1.689439658,1785795317.811450604,/loadcell_data_filtered.wrench.force.z,4315.4974587300785
1.6895729290000001,1785795317.811583875,/loadcell_data_filtered.wrench.force.z,4317.431710685788
1.692786499,1785795317.814797445,/loadcell_data_filtered.wrench.force.z,4318.208079261617
1.692944703,1785795317.814955649,/loadcell_data_filtered.wrench.force.z,4318.150624783779
1.693096485,1785795317.815107431,/loadcell_data_filtered.wrench.force.z,4313.798219305794
1.69354157,1785795317.815552516,/loadcell_data_filtered.wrench.force.z,4309.3115236534895
1.693727341,1785795317.815738287,/loadcell_data_filtered.wrench.force.z,4306.306298545455
1.6938836130000001,1785795317.815894559,/loadcell_data_filtered.wrench.force.z,4304.065927499897
1.694033105,1785795317.816044051,/loadcell_data_filtered.wrench.force.z,4301.803789949955
1.6941739930000002,1785795317.816184939,/loadcell_data_filtered.wrench.force.z,4300.695159900519
1.694298341,1785795317.816309287,/loadcell_data_filtered.wrench.force.z,4300.846313607798
1.694418334,1785795317.816429280,/loadcell_data_filtered.wrench.force.z,4301.600381659939
1.694588622,1785795317.816599568,/loadcell_data_filtered.wrench.force.z,4301.313296617088
1.6948517070000002,1785795317.816862653,/loadcell_data_filtered.wrench.force.z,4300.123034742738
1.695124323,1785795317.817135269,/loadcell_data_filtered.wrench.force.z,4299.384059085777
1.6958721680000002,1785795317.817883114,/loadcell_data_filtered.wrench.force.z,4298.65952682445
1.6971920329999999,1785795317.819202979,/loadcell_data_filtered.wrench.force.z,4298.063013252792
1.697342109,1785795317.819353055,/loadcell_data_filtered.wrench.force.z,4296.838705822215
1.698071159,1785795317.820082105,/loadcell_data_filtered.wrench.force.z,4296.1699467470835
1.698216073,1785795317.820227019,/loadcell_data_filtered.wrench.force.z,4295.592731899341
1.698345836,1785795317.820356782,/loadcell_data_filtered.wrench.force.z,4300.977620376752
1.702508134,1785795317.824519080,/loadcell_data_filtered.wrench.force.z,4304.288122292716
1.702774389,1785795317.824785335,/loadcell_data_filtered.wrench.force.z,4308.504411991554
1.703022706,1785795317.825033652,/loadcell_data_filtered.wrench.force.z,4311.680394895412
1.70321007,1785795317.825221016,/loadcell_data_filtered.wrench.force.z,4314.106785635133
1.703413917,1785795317.825424863,/loadcell_data_filtered.wrench.force.z,4315.523615328164
1.703627808,1785795317.825638754,/loadcell_data_filtered.wrench.force.z,4315.6190242546545
1.7039232420000001,1785795317.825934188,/loadcell_data_filtered.wrench.force.z,4314.8661977139045
1.704187052,1785795317.826197998,/loadcell_data_filtered.wrench.force.z,4313.869307131953
1.704611663,1785795317.826622609,/loadcell_data_filtered.wrench.force.z,4313.33110887302
1.704725527,1785795317.826736473,/loadcell_data_filtered.wrench.force.z,4312.250197562841
1.705136545,1785795317.827147491,/loadcell_data_filtered.wrench.force.z,4311.63171034867
1.705251716,1785795317.827262662,/loadcell_data_filtered.wrench.force.z,4310.958598279131
1.705523807,1785795317.827534753,/loadcell_data_filtered.wrench.force.z,4310.2672962288825
1.705749966,1785795317.827760912,/loadcell_data_filtered.wrench.force.z,4309.658410141137
1.7059942160000001,1785795317.828005162,/loadcell_data_filtered.wrench.force.z,4309.899457328517
1.706255037,1785795317.828265983,/loadcell_data_filtered.wrench.force.z,4308.805971517017
1.7104340150000001,1785795317.832444961,/loadcell_data_filtered.wrench.force.z,4301.977444298902
1.71118319,1785795317.833194136,/loadcell_data_filtered.wrench.force.z,4297.564296386172
1.7113038980000002,1785795317.833314844,/loadcell_data_filtered.wrench.force.z,4293.552933058748
1.711425297,1785795317.833436243,/loadcell_data_filtered.wrench.force.z,4290.386631186908
1.711540585,1785795317.833551531,/loadcell_data_filtered.wrench.force.z,4287.477629273124
1.71165322,1785795317.833664166,/loadcell_data_filtered.wrench.force.z,4285.970562616135
1.711770749,1785795317.833781695,/loadcell_data_filtered.wrench.force.z,4284.940059347997
1.7118855970000002,1785795317.833896543,/loadcell_data_filtered.wrench.force.z,4285.096503819911
1.712002513,1785795317.834013459,/loadcell_data_filtered.wrench.force.z,4285.480178523396
1.712117936,1785795317.834128882,/loadcell_data_filtered.wrench.force.z,4285.907039065296
1.7144155840000002,1785795317.836426530,/loadcell_data_filtered.wrench.force.z,4286.068845973808
1.716793783,1785795317.838804729,/loadcell_data_filtered.wrench.force.z,4286.318642927995
1.716805281,1785795317.838816227,/loadcell_data_filtered.wrench.force.z,4284.106078324839
1.716975096,1785795317.838986042,/loadcell_data_filtered.wrench.force.z,4284.080621973749
1.717113539,1785795317.839124485,/loadcell_data_filtered.wrench.force.z,4284.270663743026
1.717324843,1785795317.839335789,/loadcell_data_filtered.wrench.force.z,4284.535991162039
1.718053098,1785795317.840064044,/loadcell_data_filtered.wrench.force.z,4284.99534747707
1.71806357,1785795317.840074516,/loadcell_data_filtered.wrench.force.z,4292.253471203579
1.718068114,1785795317.840079060,/loadcell_data_filtered.wrench.force.z,4296.600384721125
1.7181149580000001,1785795317.840125904,/loadcell_data_filtered.wrench.force.z,4301.424167294642
1.718297271,1785795317.840308217,/loadcell_data_filtered.wrench.force.z,4305.185976427642
1.7184636430000002,1785795317.840474589,/loadcell_data_filtered.wrench.force.z,4307.861285188409
1.718641877,1785795317.840652823,/loadcell_data_filtered.wrench.force.z,4308.771217894061
1.7187995370000002,1785795317.840810483,/loadcell_data_filtered.wrench.force.z,4309.924581560417
1.718959555,1785795317.840970501,/loadcell_data_filtered.wrench.force.z,4309.568272469141
1.721431286,1785795317.843442232,/loadcell_data_filtered.wrench.force.z,4310.358094658573
1.7215668210000001,1785795317.843577767,/loadcell_data_filtered.wrench.force.z,4309.997218537822
1.721735299,1785795317.843746245,/loadcell_data_filtered.wrench.force.z,4310.492358954716
1.721852975,1785795317.843863921,/loadcell_data_filtered.wrench.force.z,4310.839751379443
1.72196261,1785795317.843973556,/loadcell_data_filtered.wrench.force.z,4311.490685158681
1.722089835,1785795317.844100781,/loadcell_data_filtered.wrench.force.z,4311.993595270414
1.722212635,1785795317.844223581,/loadcell_data_filtered.wrench.force.z,4312.435913536518
1.722320596,1785795317.844331542,/loadcell_data_filtered.wrench.force.z,4312.742704009824
1.722437297,1785795317.844448243,/loadcell_data_filtered.wrench.force.z,4308.13509861388
1.722746391,1785795317.844757337,/loadcell_data_filtered.wrench.force.z,4303.0626634257505
1.7234227180000001,1785795317.845433664,/loadcell_data_filtered.wrench.force.z,4297.917088066005
1.725675125,1785795317.847686071,/loadcell_data_filtered.wrench.force.z,4293.955869781938
1.725788487,1785795317.847799433,/loadcell_data_filtered.wrench.force.z,4290.545293453572
1.7259015400000002,1785795317.847912486,/loadcell_data_filtered.wrench.force.z,4287.175361202721
1.7260198020000002,1785795317.848030748,/loadcell_data_filtered.wrench.force.z,4277.970871725479
1.726133563,1785795317.848144509,/loadcell_data_filtered.wrench.force.z,4277.617003776518
1.72921959,1785795317.851230536,/loadcell_data_filtered.wrench.force.z,4276.56872998888
1.729559072,1785795317.851570018,/loadcell_data_filtered.wrench.force.z,4276.489901417858
1.729700696,1785795317.851711642,/loadcell_data_filtered.wrench.force.z,4276.949565078352
1.7298592940000002,1785795317.851870240,/loadcell_data_filtered.wrench.force.z,4277.655393734965
1.7300029810000002,1785795317.852013927,/loadcell_data_filtered.wrench.force.z,4277.700176781663
1.730136097,1785795317.852147043,/loadcell_data_filtered.wrench.force.z,4278.062705120099
1.730262754,1785795317.852273700,/loadcell_data_filtered.wrench.force.z,4278.565038347806
1.73040358,1785795317.852414526,/loadcell_data_filtered.wrench.force.z,4278.396475174558
1.730526757,1785795317.852537703,/loadcell_data_filtered.wrench.force.z,4277.534522937755
1.730928107,1785795317.852939053,/loadcell_data_filtered.wrench.force.z,4283.076324191919
1.73138946,1785795317.853400406,/loadcell_data_filtered.wrench.force.z,4286.995255888095
1.731975963,1785795317.853986909,/loadcell_data_filtered.wrench.force.z,4291.7445842262005
1.735424381,1785795317.857435327,/loadcell_data_filtered.wrench.force.z,4295.578369857869
1.735652032,1785795317.857662978,/loadcell_data_filtered.wrench.force.z,4299.007529214902
1.735828969,1785795317.857839915,/loadcell_data_filtered.wrench.force.z,4301.27526575571
1.735936427,1785795317.857947373,/loadcell_data_filtered.wrench.force.z,4303.049102882599
1.73609649,1785795317.858107436,/loadcell_data_filtered.wrench.force.z,4303.58511683866
1.736248543,1785795317.858259489,/loadcell_data_filtered.wrench.force.z,4304.349934117768
1.736397206,1785795317.858408152,/loadcell_data_filtered.wrench.force.z,4305.611717163701
1.736571746,1785795317.858582692,/loadcell_data_filtered.wrench.force.z,4306.61305322086
1.736868802,1785795317.858879748,/loadcell_data_filtered.wrench.force.z,4307.810454003064
1.736971263,1785795317.858982209,/loadcell_data_filtered.wrench.force.z,4308.825602854835
1.73754549,1785795317.859556436,/loadcell_data_filtered.wrench.force.z,4309.764163040981
1.737918508,1785795317.859929454,/loadcell_data_filtered.wrench.force.z,4310.988205964146
1.7403341600000002,1785795317.862345106,/loadcell_data_filtered.wrench.force.z,4312.193440005562
1.740532089,1785795317.862543035,/loadcell_data_filtered.wrench.force.z,4313.605448339755
1.74066294,1785795317.862673886,/loadcell_data_filtered.wrench.force.z,4309.508301416645
1.740828513,1785795317.862839459,/loadcell_data_filtered.wrench.force.z,4307.522827100603
1.74097736,1785795317.862988306,/loadcell_data_filtered.wrench.force.z,4305.519215882753
1.741118437,1785795317.863129383,/loadcell_data_filtered.wrench.force.z,4304.052284669144
1.741427856,1785795317.863438802,/loadcell_data_filtered.wrench.force.z,4301.328385733751
1.741722833,1785795317.863733779,/loadcell_data_filtered.wrench.force.z,4300.736563960582
1.742327814,1785795317.864338760,/loadcell_data_filtered.wrench.force.z,4300.785656899363
1.742820751,1785795317.864831697,/loadcell_data_filtered.wrench.force.z,4302.058566385457
1.745782442,1785795317.867793388,/loadcell_data_filtered.wrench.force.z,4303.897513874196
1.7463079559999999,1785795317.868318902,/loadcell_data_filtered.wrench.force.z,4305.325370096219
1.746509102,1785795317.868520048,/loadcell_data_filtered.wrench.force.z,4306.780568569101
1.746669104,1785795317.868680050,/loadcell_data_filtered.wrench.force.z,4307.903259058147
1.7468434720000001,1785795317.868854418,/loadcell_data_filtered.wrench.force.z,4309.169992462945
1.7470035350000002,1785795317.869014481,/loadcell_data_filtered.wrench.force.z,4309.996863836911
1.747149953,1785795317.869160899,/loadcell_data_filtered.wrench.force.z,4311.258109914421
1.749315045,1785795317.871325991,/loadcell_data_filtered.wrench.force.z,4310.311498777202
1.749796795,1785795317.871807741,/loadcell_data_filtered.wrench.force.z,4310.93810253217
1.7502752510000001,1785795317.872286197,/loadcell_data_filtered.wrench.force.z,4317.986457152967
1.750705412,1785795317.872716358,/loadcell_data_filtered.wrench.force.z,4323.798301113301
1.7510877580000002,1785795317.873098704,/loadcell_data_filtered.wrench.force.z,4328.072824047011
1.751467565,1785795317.873478511,/loadcell_data_filtered.wrench.force.z,4331.735411625351
1.751819324,1785795317.873830270,/loadcell_data_filtered.wrench.force.z,4333.177830525799
1.752215671,1785795317.874226617,/loadcell_data_filtered.wrench.force.z,4333.153820711172
1.7527163510000001,1785795317.874727297,/loadcell_data_filtered.wrench.force.z,4333.402403267772
1.753188946,1785795317.875199892,/loadcell_data_filtered.wrench.force.z,4333.173672110979
1.755227821,1785795317.877238767,/loadcell_data_filtered.wrench.force.z,4333.083737273201
1.755570885,1785795317.877581831,/loadcell_data_filtered.wrench.force.z,4332.667378713807
1.75580357,1785795317.877814516,/loadcell_data_filtered.wrench.force.z,4332.805114100769
1.756101689,1785795317.878112635,/loadcell_data_filtered.wrench.force.z,4332.750390937601
1.756424462,1785795317.878435408,/loadcell_data_filtered.wrench.force.z,4332.949332525777
1.756886956,1785795317.878897902,/loadcell_data_filtered.wrench.force.z,4333.178345701904
1.757380176,1785795317.879391122,/loadcell_data_filtered.wrench.force.z,4332.896850888196
1.75772772,1785795317.879738666,/loadcell_data_filtered.wrench.force.z,4332.914586323071
1.757952721,1785795317.879963667,/loadcell_data_filtered.wrench.force.z,4328.638483460586
1.758181352,1785795317.880192298,/loadcell_data_filtered.wrench.force.z,4322.142623924213
1.758390806,1785795317.880401752,/loadcell_data_filtered.wrench.force.z,4316.601229959628
1.758619936,1785795317.880630882,/loadcell_data_filtered.wrench.force.z,4305.336905681512
1.758890824,1785795317.880901770,/loadcell_data_filtered.wrench.force.z,4301.243608765857
1.759169191,1785795317.881180137,/loadcell_data_filtered.wrench.force.z,4296.946129377096
1.759419265,1785795317.881430211,/loadcell_data_filtered.wrench.force.z,4294.797838797619
1.759690572,1785795317.881701518,/loadcell_data_filtered.wrench.force.z,4293.404346153601
1.760040235,1785795317.882051181,/loadcell_data_filtered.wrench.force.z,4292.660280715995
1.760243376,1785795317.882254322,/loadcell_data_filtered.wrench.force.z,4292.185748408024
1.760806051,1785795317.882816997,/loadcell_data_filtered.wrench.force.z,4291.421752864614
1.7613124560000002,1785795317.883323402,/loadcell_data_filtered.wrench.force.z,4290.560775252279
1.7617641220000002,1785795317.883775068,/loadcell_data_filtered.wrench.force.z,4289.403964365081
1.762618051,1785795317.884628997,/loadcell_data_filtered.wrench.force.z,4288.2883256691475
1.76311363,1785795317.885124576,/loadcell_data_filtered.wrench.force.z,4287.568182451452
1.763520492,1785795317.885531438,/loadcell_data_filtered.wrench.force.z,4286.785339996548
1.7666828730000002,1785795317.888693819,/loadcell_data_filtered.wrench.force.z,4285.497040438905
1.767341099,1785795317.889352045,/loadcell_data_filtered.wrench.force.z,4290.285768206648
1.767837118,1785795317.889848064,/loadcell_data_filtered.wrench.force.z,4292.9450764345465
1.768314861,1785795317.890325807,/loadcell_data_filtered.wrench.force.z,4296.328994155275
1.769799813,1785795317.891810759,/loadcell_data_filtered.wrench.force.z,4298.951256233182
1.77059231,1785795317.892603256,/loadcell_data_filtered.wrench.force.z,4301.144639668654
1.770856272,1785795317.892867218,/loadcell_data_filtered.wrench.force.z,4302.108065999023
1.771137998,1785795317.893148944,/loadcell_data_filtered.wrench.force.z,4302.605276189988
1.771386463,1785795317.893397409,/loadcell_data_filtered.wrench.force.z,4302.0332496017345
1.771760836,1785795317.893771782,/loadcell_data_filtered.wrench.force.z,4301.401744068694
1.7726807720000002,1785795317.894691718,/loadcell_data_filtered.wrench.force.z,4301.05290961957
1.772880792,1785795317.894891738,/loadcell_data_filtered.wrench.force.z,4300.929050085631
1.7729918530000002,1785795317.895002799,/loadcell_data_filtered.wrench.force.z,4301.017991002322
1.773133657,1785795317.895144603,/loadcell_data_filtered.wrench.force.z,4301.106684434159
1.773261508,1785795317.895272454,/loadcell_data_filtered.wrench.force.z,4301.438112085727
1.773393457,1785795317.895404403,/loadcell_data_filtered.wrench.force.z,4301.73073682294
1.7735167920000001,1785795317.895527738,/loadcell_data_filtered.wrench.force.z,4302.098472471488
1.773744544,1785795317.895755490,/loadcell_data_filtered.wrench.force.z,4302.495667328386
1.773959274,1785795317.895970220,/loadcell_data_filtered.wrench.force.z,4296.580740987362
1.7742031740000002,1785795317.896214120,/loadcell_data_filtered.wrench.force.z,4291.486290242346
1.7744219430000001,1785795317.896432889,/loadcell_data_filtered.wrench.force.z,4287.387751779152
1.774642616,1785795317.896653562,/loadcell_data_filtered.wrench.force.z,4284.305883482152
1.774847472,1785795317.896858418,/loadcell_data_filtered.wrench.force.z,4281.4554521832015
1.775212293,1785795317.897223239,/loadcell_data_filtered.wrench.force.z,4280.2730354642845
1.775799619,1785795317.897810565,/loadcell_data_filtered.wrench.force.z,4279.7310176202
1.7761615750000002,1785795317.898172521,/loadcell_data_filtered.wrench.force.z,4280.132221141567
1.7830065990000001,1785795317.905017545,/loadcell_data_filtered.wrench.force.z,4280.940425124828
1.783023008,1785795317.905033954,/loadcell_data_filtered.wrench.force.z,4281.978708709932
1.783028359,1785795317.905039305,/loadcell_data_filtered.wrench.force.z,4282.869214224626
1.783318229,1785795317.905329175,/loadcell_data_filtered.wrench.force.z,4283.881831844197
1.783621474,1785795317.905632420,/loadcell_data_filtered.wrench.force.z,4285.093822122329
1.783978066,1785795317.905989012,/loadcell_data_filtered.wrench.force.z,4286.170445492202
1.7843946270000002,1785795317.906405573,/loadcell_data_filtered.wrench.force.z,4287.422041249868
1.784823513,1785795317.906834459,/loadcell_data_filtered.wrench.force.z,4289.499359733597
1.785206412,1785795317.907217358,/loadcell_data_filtered.wrench.force.z,4296.821005618885
1.785564036,1785795317.907574982,/loadcell_data_filtered.wrench.force.z,4303.006275404988
1.785926832,1785795317.907937778,/loadcell_data_filtered.wrench.force.z,4307.502694963658
1.786297151,1785795317.908308097,/loadcell_data_filtered.wrench.force.z,4309.128284285299
1.786619538,1785795317.908630484,/loadcell_data_filtered.wrench.force.z,4312.740562569897
1.786951636,1785795317.908962582,/loadcell_data_filtered.wrench.force.z,4315.166227654702
1.7873099520000002,1785795317.909320898,/loadcell_data_filtered.wrench.force.z,4316.574623702173
1.787643712,1785795317.909654658,/loadcell_data_filtered.wrench.force.z,4316.836205512851
1.787949088,1785795317.909960034,/loadcell_data_filtered.wrench.force.z,4316.8819618160915
1.788249846,1785795317.910260792,/loadcell_data_filtered.wrench.force.z,4317.187869365973
1.788576914,1785795317.910587860,/loadcell_data_filtered.wrench.force.z,4318.202234868037
1.788931472,1785795317.910942418,/loadcell_data_filtered.wrench.force.z,4318.026402874447
1.789316962,1785795317.911327908,/loadcell_data_filtered.wrench.force.z,4317.832261228945
1.7896873750000002,1785795317.911698321,/loadcell_data_filtered.wrench.force.z,4317.664984491641
1.789928931,1785795317.911939877,/loadcell_data_filtered.wrench.force.z,4317.449182729045
1.790185799,1785795317.912196745,/loadcell_data_filtered.wrench.force.z,4317.248730931526
1.790456592,1785795317.912467538,/loadcell_data_filtered.wrench.force.z,4312.525253178085
1.790696048,1785795317.912706994,/loadcell_data_filtered.wrench.force.z,4309.0617227154125
1.790894414,1785795317.912905360,/loadcell_data_filtered.wrench.force.z,4304.161736535181
1.7910783750000001,1785795317.913089321,/loadcell_data_filtered.wrench.force.z,4300.017906567468
1.792124081,1785795317.914135027,/loadcell_data_filtered.wrench.force.z,4296.8417625017555
1.792354604,1785795317.914365550,/loadcell_data_filtered.wrench.force.z,4293.846704534002
1.7924850760000002,1785795317.914496022,/loadcell_data_filtered.wrench.force.z,4292.635078666848
1.793884357,1785795317.915895303,/loadcell_data_filtered.wrench.force.z,4292.339054885434
1.800245649,1785795317.922256595,/loadcell_data_filtered.wrench.force.z,4291.82603588023
1.8002571390000002,1785795317.922268085,/loadcell_data_filtered.wrench.force.z,4293.007330589539
1.800259879,1785795317.922270825,/loadcell_data_filtered.wrench.force.z,4293.131060932169
1.8009998249999999,1785795317.923010771,/loadcell_data_filtered.wrench.force.z,4293.215428180033
1.801290086,1785795317.923301032,/loadcell_data_filtered.wrench.force.z,4293.479450307851
1.801473501,1785795317.923484447,/loadcell_data_filtered.wrench.force.z,4293.577183313141
1.801681018,1785795317.923691964,/loadcell_data_filtered.wrench.force.z,4293.991603157258
1.8018786260000001,1785795317.923889572,/loadcell_data_filtered.wrench.force.z,4300.641971171927
1.802066865,1785795317.924077811,/loadcell_data_filtered.wrench.force.z,4305.296405618654
1.8022559180000002,1785795317.924266864,/loadcell_data_filtered.wrench.force.z,4310.577283048959
1.8024421560000001,1785795317.924453102,/loadcell_data_filtered.wrench.force.z,4313.6560677707
1.802630722,1785795317.924641668,/loadcell_data_filtered.wrench.force.z,4315.283906331012
1.80281237,1785795317.924823316,/loadcell_data_filtered.wrench.force.z,4316.934302914499
1.8029975180000002,1785795317.925008464,/loadcell_data_filtered.wrench.force.z,4318.5733687284455
1.8031831770000002,1785795317.925194123,/loadcell_data_filtered.wrench.force.z,4319.218493440271
1.8033666670000001,1785795317.925377613,/loadcell_data_filtered.wrench.force.z,4320.36616883933
1.803542245,1785795317.925553191,/loadcell_data_filtered.wrench.force.z,4321.5454209003865
1.803681458,1785795317.925692404,/loadcell_data_filtered.wrench.force.z,4321.420179178161
1.803820521,1785795317.925831467,/loadcell_data_filtered.wrench.force.z,4321.998265378979
1.803980669,1785795317.925991615,/loadcell_data_filtered.wrench.force.z,4322.308085055631
1.804126341,1785795317.926137287,/loadcell_data_filtered.wrench.force.z,4322.4069739198585
1.804535885,1785795317.926546831,/loadcell_data_filtered.wrench.force.z,4322.7082054995035
1.805524486,1785795317.927535432,/loadcell_data_filtered.wrench.force.z,4323.268056487753
1.806089523,1785795317.928100469,/loadcell_data_filtered.wrench.force.z,4323.248090409136
1.806444397,1785795317.928455343,/loadcell_data_filtered.wrench.force.z,4317.927130520231
1.806740253,1785795317.928751199,/loadcell_data_filtered.wrench.force.z,4314.446213098896
1.807121352,1785795317.929132298,/loadcell_data_filtered.wrench.force.z,4310.988237343975
1.8105667360000002,1785795317.932577682,/loadcell_data_filtered.wrench.force.z,4308.104658545857
1.810919572,1785795317.932930518,/loadcell_data_filtered.wrench.force.z,4305.130117787787
1.811713812,1785795317.933724758,/loadcell_data_filtered.wrench.force.z,4304.325723996622
1.8119487790000002,1785795317.933959725,/loadcell_data_filtered.wrench.force.z,4304.448901279253
1.812162076,1785795317.934173022,/loadcell_data_filtered.wrench.force.z,4304.32826406307
1.812354489,1785795317.934365435,/loadcell_data_filtered.wrench.force.z,4305.230541276074
1.8125595730000001,1785795317.934570519,/loadcell_data_filtered.wrench.force.z,4306.183241643971
1.812740431,1785795317.934751377,/loadcell_data_filtered.wrench.force.z,4306.089160918998
1.812923435,1785795317.934934381,/loadcell_data_filtered.wrench.force.z,4304.602871775767
1.8133812690000002,1785795317.935392215,/loadcell_data_filtered.wrench.force.z,4303.95450293947
1.8172030870000002,1785795317.939214033,/loadcell_data_filtered.wrench.force.z,4303.038253700606
1.817464001,1785795317.939474947,/loadcell_data_filtered.wrench.force.z,4303.175051301179
1.817677441,1785795317.939688387,/loadcell_data_filtered.wrench.force.z,4303.266665695199
1.817885769,1785795317.939896715,/loadcell_data_filtered.wrench.force.z,4304.251457316541
1.818091184,1785795317.940102130,/loadcell_data_filtered.wrench.force.z,4309.4084435811155
1.818309828,1785795317.940320774,/loadcell_data_filtered.wrench.force.z,4313.993359720431
1.818501796,1785795317.940512742,/loadcell_data_filtered.wrench.force.z,4317.876868619516
1.818689074,1785795317.940700020,/loadcell_data_filtered.wrench.force.z,4320.724777014559
1.8193132740000002,1785795317.941324220,/loadcell_data_filtered.wrench.force.z,4323.241541565625
1.81957326,1785795317.941584206,/loadcell_data_filtered.wrench.force.z,4322.363461963913
1.819817856,1785795317.941828802,/loadcell_data_filtered.wrench.force.z,4322.591669933764
1.8199962950000002,1785795317.942007241,/loadcell_data_filtered.wrench.force.z,4322.233902122185
1.8202072280000001,1785795317.942218174,/loadcell_data_filtered.wrench.force.z,4322.372772298041
1.8205685370000002,1785795317.942579483,/loadcell_data_filtered.wrench.force.z,4322.030414844031
1.8205938380000002,1785795317.942604784,/loadcell_data_filtered.wrench.force.z,4321.942262963046
1.820785772,1785795317.942796718,/loadcell_data_filtered.wrench.force.z,4320.04324594128
1.821000756,1785795317.943011702,/loadcell_data_filtered.wrench.force.z,4318.535704934701
1.821227489,1785795317.943238435,/loadcell_data_filtered.wrench.force.z,4317.6387013575895
1.821677553,1785795317.943688499,/loadcell_data_filtered.wrench.force.z,4316.438300924928
1.824352309,1785795317.946363255,/loadcell_data_filtered.wrench.force.z,4315.743171568184
1.824367169,1785795317.946378115,/loadcell_data_filtered.wrench.force.z,4309.749129520084
1.824481244,1785795317.946492190,/loadcell_data_filtered.wrench.force.z,4306.2505723575205
1.825111383,1785795317.947122329,/loadcell_data_filtered.wrench.force.z,4302.0195091156575
1.825131001,1785795317.947141947,/loadcell_data_filtered.wrench.force.z,4298.530551641622
1.825134801,1785795317.947145747,/loadcell_data_filtered.wrench.force.z,4294.829947799703
1.825684462,1785795317.947695408,/loadcell_data_filtered.wrench.force.z,4290.93286664419
1.825969656,1785795317.947980602,/loadcell_data_filtered.wrench.force.z,4288.702398611492
1.826223839,1785795317.948234785,/loadcell_data_filtered.wrench.force.z,4287.5098186302375
1.8267154790000002,1785795317.948726425,/loadcell_data_filtered.wrench.force.z,4287.185703023031
1.827154663,1785795317.949165609,/loadcell_data_filtered.wrench.force.z,4286.969998870998
1.8276158470000001,1785795317.949626793,/loadcell_data_filtered.wrench.force.z,4286.862590419054
1.830336981,1785795317.952347927,/loadcell_data_filtered.wrench.force.z,4286.462107209351
1.833532574,1785795317.955543520,/loadcell_data_filtered.wrench.force.z,4286.3855575875405
1.833787153,1785795317.955798099,/loadcell_data_filtered.wrench.force.z,4286.832316296252
1.834006396,1785795317.956017342,/loadcell_data_filtered.wrench.force.z,4287.553047797677
1.8341729500000001,1785795317.956183896,/loadcell_data_filtered.wrench.force.z,4288.26076318579
1.834344163,1785795317.956355109,/loadcell_data_filtered.wrench.force.z,4289.282322556746
1.8345135730000002,1785795317.956524519,/loadcell_data_filtered.wrench.force.z,4295.251030304686
1.834680144,1785795317.956691090,/loadcell_data_filtered.wrench.force.z,4298.778941671219
1.834848924,1785795317.956859870,/loadcell_data_filtered.wrench.force.z,4304.02262880862
1.835015773,1785795317.957026719,/loadcell_data_filtered.wrench.force.z,4300.55520494237
1.835171333,1785795317.957182279,/loadcell_data_filtered.wrench.force.z,4304.818761197012
1.835317639,1785795317.957328585,/loadcell_data_filtered.wrench.force.z,4305.565855957834
1.835463418,1785795317.957474364,/loadcell_data_filtered.wrench.force.z,4307.581370243768
1.8356107050000001,1785795317.957621651,/loadcell_data_filtered.wrench.force.z,4308.815099699761
1.8357596310000002,1785795317.957770577,/loadcell_data_filtered.wrench.force.z,4310.031327836513
1.835908596,1785795317.957919542,/loadcell_data_filtered.wrench.force.z,4311.056157524441
1.836058932,1785795317.958069878,/loadcell_data_filtered.wrench.force.z,4311.978983345037
1.83650857,1785795317.958519516,/loadcell_data_filtered.wrench.force.z,4313.117883869815
1.841937543,1785795317.963948489,/loadcell_data_filtered.wrench.force.z,4314.058449634107
1.842235016,1785795317.964245962,/loadcell_data_filtered.wrench.force.z,4315.429422149939
1.8423894870000002,1785795317.964400433,/loadcell_data_filtered.wrench.force.z,4316.74567244318
1.842528829,1785795317.964539775,/loadcell_data_filtered.wrench.force.z,4317.977704035129
1.842659402,1785795317.964670348,/loadcell_data_filtered.wrench.force.z,4319.351300550046
1.842788814,1785795317.964799760,/loadcell_data_filtered.wrench.force.z,4314.907339461335
1.8429241200000002,1785795317.964935066,/loadcell_data_filtered.wrench.force.z,4311.699140111582
1.843061153,1785795317.965072099,/loadcell_data_filtered.wrench.force.z,4309.210496987666
1.843200546,1785795317.965211492,/loadcell_data_filtered.wrench.force.z,4307.351104407268
1.8433656790000001,1785795317.965376625,/loadcell_data_filtered.wrench.force.z,4305.329628932898
1.843459223,1785795317.965470169,/loadcell_data_filtered.wrench.force.z,4304.456490034081
1.84362211,1785795317.965633056,/loadcell_data_filtered.wrench.force.z,4303.38599342153
1.843801605,1785795317.965812551,/loadcell_data_filtered.wrench.force.z,4301.775455559281
1.843981093,1785795317.965992039,/loadcell_data_filtered.wrench.force.z,4302.112176394749
1.844149932,1785795317.966160878,/loadcell_data_filtered.wrench.force.z,4301.684785213533
1.845015029,1785795317.967025975,/loadcell_data_filtered.wrench.force.z,4301.376389325498
1.845624141,1785795317.967635087,/loadcell_data_filtered.wrench.force.z,4301.208644381769
1.8459361310000002,1785795317.967947077,/loadcell_data_filtered.wrench.force.z,4300.65441634328
1.846295473,1785795317.968306419,/loadcell_data_filtered.wrench.force.z,4300.591389949726
1.846666385,1785795317.968677331,/loadcell_data_filtered.wrench.force.z,4300.277986236097
1.848771677,1785795317.970782623,/loadcell_data_filtered.wrench.force.z,4300.293100644491
1.8503465280000002,1785795317.972357474,/loadcell_data_filtered.wrench.force.z,4302.746044549413
1.850643796,1785795317.972654742,/loadcell_data_filtered.wrench.force.z,4307.586876665295
1.850825807,1785795317.972836753,/loadcell_data_filtered.wrench.force.z,4312.859152710668
1.8509694460000001,1785795317.972980392,/loadcell_data_filtered.wrench.force.z,4317.214824083936
1.851118187,1785795317.973129133,/loadcell_data_filtered.wrench.force.z,4320.446271384497
1.8512445030000002,1785795317.973255449,/loadcell_data_filtered.wrench.force.z,4323.678438793219
1.851360388,1785795317.973371334,/loadcell_data_filtered.wrench.force.z,4325.682103672976
1.851478668,1785795317.973489614,/loadcell_data_filtered.wrench.force.z,4325.799217064136
1.851727947,1785795317.973738893,/loadcell_data_filtered.wrench.force.z,4326.724221202628
1.851928487,1785795317.973939433,/loadcell_data_filtered.wrench.force.z,4326.489684750727
1.852600093,1785795317.974611039,/loadcell_data_filtered.wrench.force.z,4326.743938103144
1.852877392,1785795317.974888338,/loadcell_data_filtered.wrench.force.z,4327.237075196342
1.8533421,1785795317.975353046,/loadcell_data_filtered.wrench.force.z,4327.747021637801
1.8538957150000002,1785795317.975906661,/loadcell_data_filtered.wrench.force.z,4328.561256164983
1.857509554,1785795317.979520500,/loadcell_data_filtered.wrench.force.z,4329.32156670728
1.8582854860000002,1785795317.980296432,/loadcell_data_filtered.wrench.force.z,4330.003847227956
1.8587159,1785795317.980726846,/loadcell_data_filtered.wrench.force.z,4331.297194353117
1.8590795610000002,1785795317.981090507,/loadcell_data_filtered.wrench.force.z,4327.7497025668945
1.859329082,1785795317.981340028,/loadcell_data_filtered.wrench.force.z,4325.761827776243
1.8595684010000002,1785795317.981579347,/loadcell_data_filtered.wrench.force.z,4323.099553512345
1.859891634,1785795317.981902580,/loadcell_data_filtered.wrench.force.z,4320.974620594925
1.8602111510000001,1785795317.982222097,/loadcell_data_filtered.wrench.force.z,4319.1842826899
1.8605099790000001,1785795317.982520925,/loadcell_data_filtered.wrench.force.z,4317.317097576909
1.860685908,1785795317.982696854,/loadcell_data_filtered.wrench.force.z,4314.613802704707
1.860861602,1785795317.982872548,/loadcell_data_filtered.wrench.force.z,4314.677069355659
1.861043525,1785795317.983054471,/loadcell_data_filtered.wrench.force.z,4315.0777114868815
1.861234628,1785795317.983245574,/loadcell_data_filtered.wrench.force.z,4315.015511144943
1.8649372720000001,1785795317.986948218,/loadcell_data_filtered.wrench.force.z,4315.081855045081
1.865418349,1785795317.987429295,/loadcell_data_filtered.wrench.force.z,4315.880644489434
1.8657487860000002,1785795317.987759732,/loadcell_data_filtered.wrench.force.z,4316.4619735543965
1.866128748,1785795317.988139694,/loadcell_data_filtered.wrench.force.z,4316.426271646262
1.8664365250000001,1785795317.988447471,/loadcell_data_filtered.wrench.force.z,4316.76800133301
1.866729902,1785795317.988740848,/loadcell_data_filtered.wrench.force.z,4316.8966060088505
1.867043274,1785795317.989054220,/loadcell_data_filtered.wrench.force.z,4317.076178673867
1.8673147010000002,1785795317.989325647,/loadcell_data_filtered.wrench.force.z,4323.017379086817
1.8675854,1785795317.989596346,/loadcell_data_filtered.wrench.force.z,4326.003711835731
1.8678573410000001,1785795317.989868287,/loadcell_data_filtered.wrench.force.z,4328.34323808851
1.868140881,1785795317.990151827,/loadcell_data_filtered.wrench.force.z,4331.274315327384
1.86841072,1785795317.990421666,/loadcell_data_filtered.wrench.force.z,4333.145262833516
1.868691508,1785795317.990702454,/loadcell_data_filtered.wrench.force.z,4333.857081178514
1.86895197,1785795317.990962916,/loadcell_data_filtered.wrench.force.z,4334.515633206963
1.869319768,1785795317.991330714,/loadcell_data_filtered.wrench.force.z,4333.951563607966
1.86958526,1785795317.991596206,/loadcell_data_filtered.wrench.force.z,4333.326177195042
1.869848249,1785795317.991859195,/loadcell_data_filtered.wrench.force.z,4332.863528082409
1.870133,1785795317.992143946,/loadcell_data_filtered.wrench.force.z,4332.287624474839
1.870405362,1785795317.992416308,/loadcell_data_filtered.wrench.force.z,4331.538066830628
1.870674238,1785795317.992685184,/loadcell_data_filtered.wrench.force.z,4330.8334384274685
1.8710936120000001,1785795317.993104558,/loadcell_data_filtered.wrench.force.z,4329.798089453649
1.871390745,1785795317.993401691,/loadcell_data_filtered.wrench.force.z,4328.662159209276
1.87277938,1785795317.994790326,/loadcell_data_filtered.wrench.force.z,4327.612587407931
1.873582631,1785795317.995593577,/loadcell_data_filtered.wrench.force.z,4326.689514260106
1.874247642,1785795317.996258588,/loadcell_data_filtered.wrench.force.z,4320.133880703165
1.874793533,1785795317.996804479,/loadcell_data_filtered.wrench.force.z,4314.99004409338
1.875396822,1785795317.997407768,/loadcell_data_filtered.wrench.force.z,4310.499144922621
1.875876708,1785795317.997887654,/loadcell_data_filtered.wrench.force.z,4306.831329143311
1.876388235,1785795317.998399181,/loadcell_data_filtered.wrench.force.z,4302.820563950549
1.8770111370000002,1785795317.999022083,/loadcell_data_filtered.wrench.force.z,4300.328687018884
1.8775461080000002,1785795317.999557054,/loadcell_data_filtered.wrench.force.z,4298.3999462552865
1.8780894250000002,1785795318.000100371,/loadcell_data_filtered.wrench.force.z,4297.31000974461
1.878998781,1785795318.001009727,/loadcell_data_filtered.wrench.force.z,4297.240968981748
1.879637946,1785795318.001648892,/loadcell_data_filtered.wrench.force.z,4296.482450093553
1.881743599,1785795318.003754545,/loadcell_data_filtered.wrench.force.z,4295.827515258147
1.8820002580000001,1785795318.004011204,/loadcell_data_filtered.wrench.force.z,4295.181340344007
1.8824025130000002,1785795318.004413459,/loadcell_data_filtered.wrench.force.z,4294.80631900067
1.882749138,1785795318.004760084,/loadcell_data_filtered.wrench.force.z,4294.05638566838
1.88319015,1785795318.005201096,/loadcell_data_filtered.wrench.force.z,4293.541337305477
1.883460144,1785795318.005471090,/loadcell_data_filtered.wrench.force.z,4293.253567415543
1.8838463440000002,1785795318.005857290,/loadcell_data_filtered.wrench.force.z,4296.966354314395
1.8841825220000001,1785795318.006193468,/loadcell_data_filtered.wrench.force.z,4300.926787175933
1.88462067,1785795318.006631616,/loadcell_data_filtered.wrench.force.z,4304.278270271377
1.886612634,1785795318.008623580,/loadcell_data_filtered.wrench.force.z,4305.900439335698
1.886624532,1785795318.008635478,/loadcell_data_filtered.wrench.force.z,4307.9345554021265
1.886628487,1785795318.008639433,/loadcell_data_filtered.wrench.force.z,4310.033701084288
1.886768343,1785795318.008779289,/loadcell_data_filtered.wrench.force.z,4311.083807043246
1.887309903,1785795318.009320849,/loadcell_data_filtered.wrench.force.z,4311.3236938705195
1.887830487,1785795318.009841433,/loadcell_data_filtered.wrench.force.z,4311.443047493894
1.88809599,1785795318.010106936,/loadcell_data_filtered.wrench.force.z,4311.6639468692465
1.888393265,1785795318.010404211,/loadcell_data_filtered.wrench.force.z,4311.99731738281
1.8886618890000002,1785795318.010672835,/loadcell_data_filtered.wrench.force.z,4312.613674183124
1.888911631,1785795318.010922577,/loadcell_data_filtered.wrench.force.z,4312.723237185563
1.8891889050000001,1785795318.011199851,/loadcell_data_filtered.wrench.force.z,4313.203467743919
1.889419487,1785795318.011430433,/loadcell_data_filtered.wrench.force.z,4313.751948522339
1.889704246,1785795318.011715192,/loadcell_data_filtered.wrench.force.z,4314.139202143453
1.889949213,1785795318.011960159,/loadcell_data_filtered.wrench.force.z,4314.573003900262
1.890232922,1785795318.012243868,/loadcell_data_filtered.wrench.force.z,4310.087074969951
1.890654681,1785795318.012665627,/loadcell_data_filtered.wrench.force.z,4307.882030255429
1.8908811700000001,1785795318.012892116,/loadcell_data_filtered.wrench.force.z,4305.601525708229
1.8911913500000002,1785795318.013202296,/loadcell_data_filtered.wrench.force.z,4303.140193413633
1.89142566,1785795318.013436606,/loadcell_data_filtered.wrench.force.z,4301.1413560608735
1.8918759980000002,1785795318.013886944,/loadcell_data_filtered.wrench.force.z,4299.935329643466
1.892278466,1785795318.014289412,/loadcell_data_filtered.wrench.force.z,4299.338319762408
1.8933094810000002,1785795318.015320427,/loadcell_data_filtered.wrench.force.z,4299.930066580163
1.894064544,1785795318.016075490,/loadcell_data_filtered.wrench.force.z,4300.779034680014
1.89457809,1785795318.016589036,/loadcell_data_filtered.wrench.force.z,4301.865834599912
1.896538231,1785795318.018549177,/loadcell_data_filtered.wrench.force.z,4302.641744184204
1.897590378,1785795318.019601324,/loadcell_data_filtered.wrench.force.z,4303.318092576135
1.898053299,1785795318.020064245,/loadcell_data_filtered.wrench.force.z,4304.766466683463
1.898501182,1785795318.020512128,/loadcell_data_filtered.wrench.force.z,4306.295423512413
1.89892297,1785795318.020933916,/loadcell_data_filtered.wrench.force.z,4307.1317170494685
1.899328625,1785795318.021339571,/loadcell_data_filtered.wrench.force.z,4307.75588957177
1.899697119,1785795318.021708065,/loadcell_data_filtered.wrench.force.z,4309.111801709872
1.900076541,1785795318.022087487,/loadcell_data_filtered.wrench.force.z,4314.801066045203
1.900390271,1785795318.022401217,/loadcell_data_filtered.wrench.force.z,4319.12933973612
1.900724077,1785795318.022735023,/loadcell_data_filtered.wrench.force.z,4323.459763041103
1.901451003,1785795318.023461949,/loadcell_data_filtered.wrench.force.z,4326.835176228714
1.901934016,1785795318.023944962,/loadcell_data_filtered.wrench.force.z,4330.09851540236
1.902207168,1785795318.024218114,/loadcell_data_filtered.wrench.force.z,4332.415917647675
1.902496621,1785795318.024507567,/loadcell_data_filtered.wrench.force.z,4334.311832521352
1.90284564,1785795318.024856586,/loadcell_data_filtered.wrench.force.z,4335.348589888857
1.9031663120000002,1785795318.025177258,/loadcell_data_filtered.wrench.force.z,4336.4697576567
1.903557106,1785795318.025568052,/loadcell_data_filtered.wrench.force.z,4336.824192103278
1.9039031450000001,1785795318.025914091,/loadcell_data_filtered.wrench.force.z,4336.220905628505
1.904247824,1785795318.026258770,/loadcell_data_filtered.wrench.force.z,4336.07619909424
1.904608379,1785795318.026619325,/loadcell_data_filtered.wrench.force.z,4335.810699410905
1.905000709,1785795318.027011655,/loadcell_data_filtered.wrench.force.z,4335.357882947841
1.90536635,1785795318.027377296,/loadcell_data_filtered.wrench.force.z,4335.209762370114
1.906913452,1785795318.028924398,/loadcell_data_filtered.wrench.force.z,4334.494156833873
1.906927337,1785795318.028938283,/loadcell_data_filtered.wrench.force.z,4332.927260790646
1.906930607,1785795318.028941553,/loadcell_data_filtered.wrench.force.z,4326.9674032236235
1.907204608,1785795318.029215554,/loadcell_data_filtered.wrench.force.z,4322.394532958641
1.907555262,1785795318.029566208,/loadcell_data_filtered.wrench.force.z,4318.31637799945
1.907901526,1785795318.029912472,/loadcell_data_filtered.wrench.force.z,4314.843364256955
1.908472595,1785795318.030483541,/loadcell_data_filtered.wrench.force.z,4311.221607639863
1.908803281,1785795318.030814227,/loadcell_data_filtered.wrench.force.z,4308.928260541168
1.909403019,1785795318.031413965,/loadcell_data_filtered.wrench.force.z,4307.544341533769
1.9107544390000002,1785795318.032765385,/loadcell_data_filtered.wrench.force.z,4306.832768415034
1.910950716,1785795318.032961662,/loadcell_data_filtered.wrench.force.z,4306.448283637704
1.911099138,1785795318.033110084,/loadcell_data_filtered.wrench.force.z,4306.509726254559
1.913259057,1785795318.035270003,/loadcell_data_filtered.wrench.force.z,4306.165644283934
1.913643402,1785795318.035654348,/loadcell_data_filtered.wrench.force.z,4304.5124513687815
1.9139452330000002,1785795318.035956179,/loadcell_data_filtered.wrench.force.z,4304.096521271456
1.914267908,1785795318.036278854,/loadcell_data_filtered.wrench.force.z,4304.046550877022
1.9145312730000001,1785795318.036542219,/loadcell_data_filtered.wrench.force.z,4303.841161031952
1.914729571,1785795318.036740517,/loadcell_data_filtered.wrench.force.z,4303.06828281319
1.91491676,1785795318.036927706,/loadcell_data_filtered.wrench.force.z,4305.72902322411
1.9151473060000002,1785795318.037158252,/loadcell_data_filtered.wrench.force.z,4308.749875555625
1.9187574230000002,1785795318.040768369,/loadcell_data_filtered.wrench.force.z,4312.017960070731
1.9192073920000001,1785795318.041218338,/loadcell_data_filtered.wrench.force.z,4314.708396972284
1.919578964,1785795318.041589910,/loadcell_data_filtered.wrench.force.z,4317.245294988448
1.9200157070000001,1785795318.042026653,/loadcell_data_filtered.wrench.force.z,4319.600275747611
1.9203959780000002,1785795318.042406924,/loadcell_data_filtered.wrench.force.z,4321.484292829496
1.92068283,1785795318.042693776,/loadcell_data_filtered.wrench.force.z,4322.135836201834
1.9208515560000001,1785795318.042862502,/loadcell_data_filtered.wrench.force.z,4322.439148420024
1.921017858,1785795318.043028804,/loadcell_data_filtered.wrench.force.z,4322.74911108449
1.921742836,1785795318.043753782,/loadcell_data_filtered.wrench.force.z,4322.5740713239875
1.922365492,1785795318.044376438,/loadcell_data_filtered.wrench.force.z,4321.38820944277
1.922700044,1785795318.044710990,/loadcell_data_filtered.wrench.force.z,4322.223252351979
1.923038022,1785795318.045048968,/loadcell_data_filtered.wrench.force.z,4323.16190893925
1.923385896,1785795318.045396842,/loadcell_data_filtered.wrench.force.z,4323.835094849758
1.923729907,1785795318.045740853,/loadcell_data_filtered.wrench.force.z,4324.192566053992
1.924035038,1785795318.046045984,/loadcell_data_filtered.wrench.force.z,4324.968180888936
1.9251205750000002,1785795318.047131521,/loadcell_data_filtered.wrench.force.z,4319.63227420958
1.925135874,1785795318.047146820,/loadcell_data_filtered.wrench.force.z,4315.891686399068
1.925318961,1785795318.047329907,/loadcell_data_filtered.wrench.force.z,4312.663686411663
1.9257284920000002,1785795318.047739438,/loadcell_data_filtered.wrench.force.z,4310.091828029515
1.926037547,1785795318.048048493,/loadcell_data_filtered.wrench.force.z,4307.564663798611
1.926334345,1785795318.048345291,/loadcell_data_filtered.wrench.force.z,4306.020534738428
1.926611303,1785795318.048622249,/loadcell_data_filtered.wrench.force.z,4305.883600450495
1.926844413,1785795318.048855359,/loadcell_data_filtered.wrench.force.z,4306.746682588652
1.931649774,1785795318.053660720,/loadcell_data_filtered.wrench.force.z,4306.828558554871
1.9322881230000002,1785795318.054299069,/loadcell_data_filtered.wrench.force.z,4306.560180794373
1.932779676,1785795318.054790622,/loadcell_data_filtered.wrench.force.z,4307.230688056897
1.9331918680000002,1785795318.055202814,/loadcell_data_filtered.wrench.force.z,4308.028931609921
1.933529963,1785795318.055540909,/loadcell_data_filtered.wrench.force.z,4308.959571953242
1.933824428,1785795318.055835374,/loadcell_data_filtered.wrench.force.z,4309.211448211856
1.934202403,1785795318.056213349,/loadcell_data_filtered.wrench.force.z,4307.370450898875
1.93456494,1785795318.056575886,/loadcell_data_filtered.wrench.force.z,4302.163345435458
1.9348894620000001,1785795318.056900408,/loadcell_data_filtered.wrench.force.z,4308.262076737854
1.9352386780000002,1785795318.057249624,/loadcell_data_filtered.wrench.force.z,4311.17520918343
1.9355121450000001,1785795318.057523091,/loadcell_data_filtered.wrench.force.z,4313.934317428779
1.935763035,1785795318.057773981,/loadcell_data_filtered.wrench.force.z,4316.199564922111
1.936033171,1785795318.058044117,/loadcell_data_filtered.wrench.force.z,4318.858550121253
1.93627394,1785795318.058284886,/loadcell_data_filtered.wrench.force.z,4319.77921220968
1.936539158,1785795318.058550104,/loadcell_data_filtered.wrench.force.z,4319.826369978617
1.936822791,1785795318.058833737,/loadcell_data_filtered.wrench.force.z,4319.258341788375
1.937119339,1785795318.059130285,/loadcell_data_filtered.wrench.force.z,4319.053240582855
1.937432985,1785795318.059443931,/loadcell_data_filtered.wrench.force.z,4318.631643896605
1.9377000780000002,1785795318.059711024,/loadcell_data_filtered.wrench.force.z,4318.738378434371
1.9379826320000002,1785795318.059993578,/loadcell_data_filtered.wrench.force.z,4318.447356737088
1.938250187,1785795318.060261133,/loadcell_data_filtered.wrench.force.z,4317.245622603069
1.938517724,1785795318.060528670,/loadcell_data_filtered.wrench.force.z,4316.910384376444
1.938795572,1785795318.060806518,/loadcell_data_filtered.wrench.force.z,4315.017614537657
1.939104504,1785795318.061115450,/loadcell_data_filtered.wrench.force.z,4313.728496975496
1.939352676,1785795318.061363622,/loadcell_data_filtered.wrench.force.z,4311.09359383064
1.939593456,1785795318.061604402,/loadcell_data_filtered.wrench.force.z,4305.268686622226
1.940003194,1785795318.062014140,/loadcell_data_filtered.wrench.force.z,4300.047687414933
1.9408988200000001,1785795318.062909766,/loadcell_data_filtered.wrench.force.z,4296.105247682568
1.941221386,1785795318.063232332,/loadcell_data_filtered.wrench.force.z,4292.60738837798
1.9415564660000002,1785795318.063567412,/loadcell_data_filtered.wrench.force.z,4289.640451913332
1.944142162,1785795318.066153108,/loadcell_data_filtered.wrench.force.z,4287.441639955935
1.9445166070000002,1785795318.066527553,/loadcell_data_filtered.wrench.force.z,4286.627193479474
1.944823348,1785795318.066834294,/loadcell_data_filtered.wrench.force.z,4286.692044919293
1.945073285,1785795318.067084231,/loadcell_data_filtered.wrench.force.z,4282.880993267775
1.945267595,1785795318.067278541,/loadcell_data_filtered.wrench.force.z,4280.500321399465
1.9454673630000001,1785795318.067478309,/loadcell_data_filtered.wrench.force.z,4280.07834339634
1.9457237630000002,1785795318.067734709,/loadcell_data_filtered.wrench.force.z,4280.155752404914
1.945966692,1785795318.067977638,/loadcell_data_filtered.wrench.force.z,4280.49671821338
1.946161681,1785795318.068172627,/loadcell_data_filtered.wrench.force.z,4280.642126893243
1.94639293,1785795318.068403876,/loadcell_data_filtered.wrench.force.z,4281.447800944286
1.946961272,1785795318.068972218,/loadcell_data_filtered.wrench.force.z,4282.386186338412
1.947394187,1785795318.069405133,/loadcell_data_filtered.wrench.force.z,4288.055115788655
1.947916018,1785795318.069926964,/loadcell_data_filtered.wrench.force.z,4292.363732807282
1.953391936,1785795318.075402882,/loadcell_data_filtered.wrench.force.z,4297.595103770621
1.95414612,1785795318.076157066,/loadcell_data_filtered.wrench.force.z,4302.040708884924
1.954459108,1785795318.076470054,/loadcell_data_filtered.wrench.force.z,4306.535521630393
1.954776467,1785795318.076787413,/loadcell_data_filtered.wrench.force.z,4310.050942994276
1.9550984800000002,1785795318.077109426,/loadcell_data_filtered.wrench.force.z,4313.007548859978
1.955419419,1785795318.077430365,/loadcell_data_filtered.wrench.force.z,4314.977002144004
1.955748495,1785795318.077759441,/loadcell_data_filtered.wrench.force.z,4316.700927991665
1.956075996,1785795318.078086942,/loadcell_data_filtered.wrench.force.z,4318.728328718793
1.9564154720000002,1785795318.078426418,/loadcell_data_filtered.wrench.force.z,4320.553233582096
1.956782015,1785795318.078792961,/loadcell_data_filtered.wrench.force.z,4322.630975286694
1.957162635,1785795318.079173581,/loadcell_data_filtered.wrench.force.z,4324.556816645401
1.957467027,1785795318.079477973,/loadcell_data_filtered.wrench.force.z,4325.537410487249
1.9577656870000002,1785795318.079776633,/loadcell_data_filtered.wrench.force.z,4324.7128525505295
1.958044201,1785795318.080055147,/loadcell_data_filtered.wrench.force.z,4324.308014798449
1.958246702,1785795318.080257648,/loadcell_data_filtered.wrench.force.z,4325.422782723
1.958435991,1785795318.080446937,/loadcell_data_filtered.wrench.force.z,4320.018043791961
1.958624393,1785795318.080635339,/loadcell_data_filtered.wrench.force.z,4316.856000415613
1.958824872,1785795318.080835818,/loadcell_data_filtered.wrench.force.z,4313.440344951243
1.961968179,1785795318.083979125,/loadcell_data_filtered.wrench.force.z,4310.543121104069
1.96360109,1785795318.085612036,/loadcell_data_filtered.wrench.force.z,4309.859960482215
1.9637719690000002,1785795318.085782915,/loadcell_data_filtered.wrench.force.z,4310.5652512525685
1.963919903,1785795318.085930849,/loadcell_data_filtered.wrench.force.z,4311.465192686655
1.96405678,1785795318.086067726,/loadcell_data_filtered.wrench.force.z,4312.370658713986
1.9641869330000001,1785795318.086197879,/loadcell_data_filtered.wrench.force.z,4313.002120105889
1.9643480050000002,1785795318.086358951,/loadcell_data_filtered.wrench.force.z,4312.93556118528
1.964483607,1785795318.086494553,/loadcell_data_filtered.wrench.force.z,4312.658604189689
1.964652692,1785795318.086663638,/loadcell_data_filtered.wrench.force.z,4311.718143058286
1.964835303,1785795318.086846249,/loadcell_data_filtered.wrench.force.z,4309.785272593242
1.964992815,1785795318.087003761,/loadcell_data_filtered.wrench.force.z,4309.271106129201
1.965159972,1785795318.087170918,/loadcell_data_filtered.wrench.force.z,4309.2005709084
1.965309858,1785795318.087320804,/loadcell_data_filtered.wrench.force.z,4314.520741580985
1.965473566,1785795318.087484512,/loadcell_data_filtered.wrench.force.z,4318.1619302288545
1.9656116790000002,1785795318.087622625,/loadcell_data_filtered.wrench.force.z,4321.317513504675
1.96632348,1785795318.088334426,/loadcell_data_filtered.wrench.force.z,4323.672566178017
1.9665698,1785795318.088580746,/loadcell_data_filtered.wrench.force.z,4326.153688534747
1.9669199380000002,1785795318.088930884,/loadcell_data_filtered.wrench.force.z,4326.827600873336
1.967329913,1785795318.089340859,/loadcell_data_filtered.wrench.force.z,4327.268226519222
1.968320189,1785795318.090331135,/loadcell_data_filtered.wrench.force.z,4326.551460905308
1.9687733930000002,1785795318.090784339,/loadcell_data_filtered.wrench.force.z,4326.441444983619
1.9694303880000001,1785795318.091441334,/loadcell_data_filtered.wrench.force.z,4326.037847669842
1.9697886320000002,1785795318.091799578,/loadcell_data_filtered.wrench.force.z,4325.566060327416
1.9700627700000002,1785795318.092073716,/loadcell_data_filtered.wrench.force.z,4325.809314489781
1.9704635540000002,1785795318.092474500,/loadcell_data_filtered.wrench.force.z,4325.374225647092
1.9708738280000002,1785795318.092884774,/loadcell_data_filtered.wrench.force.z,4324.233750369049
1.971500303,1785795318.093511249,/loadcell_data_filtered.wrench.force.z,4323.6417111692135
1.971954412,1785795318.093965358,/loadcell_data_filtered.wrench.force.z,4322.9968329323465
1.972419785,1785795318.094430731,/loadcell_data_filtered.wrench.force.z,4319.443950829342
1.972940268,1785795318.094951214,/loadcell_data_filtered.wrench.force.z,4314.575446886926
1.973297381,1785795318.095308327,/loadcell_data_filtered.wrench.force.z,4309.796026724849
1.9738788820000002,1785795318.095889828,/loadcell_data_filtered.wrench.force.z,4305.873345615095
1.974394664,1785795318.096405610,/loadcell_data_filtered.wrench.force.z,4302.483441050141
1.975182994,1785795318.097193940,/loadcell_data_filtered.wrench.force.z,4299.132643585776
1.9754969660000001,1785795318.097507912,/loadcell_data_filtered.wrench.force.z,4297.1716609358145
1.975757496,1785795318.097768442,/loadcell_data_filtered.wrench.force.z,4296.123610116498
1.976526943,1785795318.098537889,/loadcell_data_filtered.wrench.force.z,4295.392383921531
1.97737036,1785795318.099381306,/loadcell_data_filtered.wrench.force.z,4294.977759158796
1.977727714,1785795318.099738660,/loadcell_data_filtered.wrench.force.z,4294.437377057795
1.9780136380000002,1785795318.100024584,/loadcell_data_filtered.wrench.force.z,4293.919461111742
1.978505383,1785795318.100516329,/loadcell_data_filtered.wrench.force.z,4293.257461727678
1.9787625480000002,1785795318.100773494,/loadcell_data_filtered.wrench.force.z,4292.437894555352
1.979454971,1785795318.101465917,/loadcell_data_filtered.wrench.force.z,4292.076215034721
1.979785637,1785795318.101796583,/loadcell_data_filtered.wrench.force.z,4291.59262835222
1.980380741,1785795318.102391687,/loadcell_data_filtered.wrench.force.z,4291.066088201164
1.9808726060000001,1785795318.102883552,/loadcell_data_filtered.wrench.force.z,4296.131513436944
1.9834577160000002,1785795318.105468662,/loadcell_data_filtered.wrench.force.z,4299.312924852898
1.9838664490000002,1785795318.105877395,/loadcell_data_filtered.wrench.force.z,4303.425319106241
1.984174038,1785795318.106184984,/loadcell_data_filtered.wrench.force.z,4307.414218302108
1.98442187,1785795318.106432816,/loadcell_data_filtered.wrench.force.z,4310.490962090511
1.984663113,1785795318.106674059,/loadcell_data_filtered.wrench.force.z,4312.9939444564725
1.984927842,1785795318.106938788,/loadcell_data_filtered.wrench.force.z,4314.153983661574
1.985290154,1785795318.107301100,/loadcell_data_filtered.wrench.force.z,4313.861221095267
1.985545605,1785795318.107556551,/loadcell_data_filtered.wrench.force.z,4314.15113069172
1.985733409,1785795318.107744355,/loadcell_data_filtered.wrench.force.z,4314.740798894711
1.985896199,1785795318.107907145,/loadcell_data_filtered.wrench.force.z,4315.047174739404
1.986281167,1785795318.108292113,/loadcell_data_filtered.wrench.force.z,4315.334985661465
1.986729012,1785795318.108739958,/loadcell_data_filtered.wrench.force.z,4315.806553916701
1.987365132,1785795318.109376078,/loadcell_data_filtered.wrench.force.z,4316.248347502794
1.987783125,1785795318.109794071,/loadcell_data_filtered.wrench.force.z,4316.049299472324
1.988476023,1785795318.110486969,/loadcell_data_filtered.wrench.force.z,4316.10741855953
1.988854437,1785795318.110865383,/loadcell_data_filtered.wrench.force.z,4315.735078249349
1.989401912,1785795318.111412858,/loadcell_data_filtered.wrench.force.z,4310.2522823846775
1.989764363,1785795318.111775309,/loadcell_data_filtered.wrench.force.z,4306.467916319169
1.990346545,1785795318.112357491,/loadcell_data_filtered.wrench.force.z,4302.256794940547
1.9907755360000001,1785795318.112786482,/loadcell_data_filtered.wrench.force.z,4299.35870388633
1.991333454,1785795318.113344400,/loadcell_data_filtered.wrench.force.z,4296.176962286231
1.991871262,1785795318.113882208,/loadcell_data_filtered.wrench.force.z,4294.229933235547
1.992394647,1785795318.114405593,/loadcell_data_filtered.wrench.force.z,4292.922475391175
1.994227396,1785795318.116238342,/loadcell_data_filtered.wrench.force.z,4292.734123563851
1.994660979,1785795318.116671925,/loadcell_data_filtered.wrench.force.z,4293.008572550843
1.995116144,1785795318.117127090,/loadcell_data_filtered.wrench.force.z,4292.263772119323
1.9954963700000001,1785795318.117507316,/loadcell_data_filtered.wrench.force.z,4291.7408616123475
1.9958013220000002,1785795318.117812268,/loadcell_data_filtered.wrench.force.z,4291.150233106452
1.996118201,1785795318.118129147,/loadcell_data_filtered.wrench.force.z,4290.409275641682
1.9963713140000001,1785795318.118382260,/loadcell_data_filtered.wrench.force.z,4289.586648554817
1.999270927,1785795318.121281873,/loadcell_data_filtered.wrench.force.z,4289.4083604597035
1.999666058,1785795318.121677004,/loadcell_data_filtered.wrench.force.z,4289.306452959542
2.000063011,1785795318.122073957,/loadcell_data_filtered.wrench.force.z,4290.2773786542375
2.000411625,1785795318.122422571,/loadcell_data_filtered.wrench.force.z,4296.594132163225
2.000745883,1785795318.122756829,/loadcell_data_filtered.wrench.force.z,4301.89896763712
2.001139856,1785795318.123150802,/loadcell_data_filtered.wrench.force.z,4306.25854955632
2.001374922,1785795318.123385868,/loadcell_data_filtered.wrench.force.z,4310.108091615723
2.001566003,1785795318.123576949,/loadcell_data_filtered.wrench.force.z,4313.102031074699
2.0017939,1785795318.123804846,/loadcell_data_filtered.wrench.force.z,4313.725865948119
2.002033714,1785795318.124044660,/loadcell_data_filtered.wrench.force.z,4314.286974816576
2.0022671,1785795318.124278046,/loadcell_data_filtered.wrench.force.z,4314.811015796764
2.002522806,1785795318.124533752,/loadcell_data_filtered.wrench.force.z,4315.6118334633275
2.002778671,1785795318.124789617,/loadcell_data_filtered.wrench.force.z,4316.4691387188295
2.003065326,1785795318.125076272,/loadcell_data_filtered.wrench.force.z,4317.118804944618
2.00341502,1785795318.125425966,/loadcell_data_filtered.wrench.force.z,4317.984012559941
2.00385808,1785795318.125869026,/loadcell_data_filtered.wrench.force.z,4318.901434821767
2.00436158,1785795318.126372526,/loadcell_data_filtered.wrench.force.z,4319.319379229822
2.004772547,1785795318.126783493,/loadcell_data_filtered.wrench.force.z,4320.190880775552
2.005391122,1785795318.127402068,/loadcell_data_filtered.wrench.force.z,4320.664140857885
2.005897236,1785795318.127908182,/loadcell_data_filtered.wrench.force.z,4317.86032273701
2.006383315,1785795318.128394261,/loadcell_data_filtered.wrench.force.z,4314.9355280781265
2.006761821,1785795318.128772767,/loadcell_data_filtered.wrench.force.z,4311.5472151668555
2.007259163,1785795318.129270109,/loadcell_data_filtered.wrench.force.z,4308.774925973169
2.008544917,1785795318.130555863,/loadcell_data_filtered.wrench.force.z,4306.325319901816
2.010427174,1785795318.132438120,/loadcell_data_filtered.wrench.force.z,4304.352794240475
2.010629196,1785795318.132640142,/loadcell_data_filtered.wrench.force.z,4303.877237719517
2.010814421,1785795318.132825367,/loadcell_data_filtered.wrench.force.z,4303.853410317832
2.010942985,1785795318.132953931,/loadcell_data_filtered.wrench.force.z,4304.709502311838
2.011096236,1785795318.133107182,/loadcell_data_filtered.wrench.force.z,4305.791263513473
2.011216849,1785795318.133227795,/loadcell_data_filtered.wrench.force.z,4306.297663117825
2.011341816,1785795318.133352762,/loadcell_data_filtered.wrench.force.z,4305.140692354558
2.013349367,1785795318.135360313,/loadcell_data_filtered.wrench.force.z,4304.1445677915
2.01367664,1785795318.135687586,/loadcell_data_filtered.wrench.force.z,4303.33438326558
2.013820487,1785795318.135831433,/loadcell_data_filtered.wrench.force.z,4303.416254482874
2.013939807,1785795318.135950753,/loadcell_data_filtered.wrench.force.z,4303.800752412564
2.014066176,1785795318.136077122,/loadcell_data_filtered.wrench.force.z,4303.89611371767
2.015117764,1785795318.137128710,/loadcell_data_filtered.wrench.force.z,4308.655909085706
2.018039826,1785795318.140050772,/loadcell_data_filtered.wrench.force.z,4311.157547533026
2.018185137,1785795318.140196083,/loadcell_data_filtered.wrench.force.z,4315.146692796394
2.021432854,1785795318.143443800,/loadcell_data_filtered.wrench.force.z,4318.115617058743
2.021891854,1785795318.143902800,/loadcell_data_filtered.wrench.force.z,4320.372675466159
2.022323354,1785795318.144334300,/loadcell_data_filtered.wrench.force.z,4321.645037754477
2.022714973,1785795318.144725919,/loadcell_data_filtered.wrench.force.z,4322.8682785475185
2.023080736,1785795318.145091682,/loadcell_data_filtered.wrench.force.z,4323.007635709938
2.023503949,1785795318.145514895,/loadcell_data_filtered.wrench.force.z,4322.898628438687
2.023769492,1785795318.145780438,/loadcell_data_filtered.wrench.force.z,4322.202101785811
2.023976623,1785795318.145987569,/loadcell_data_filtered.wrench.force.z,4322.465567882479
2.024198601,1785795318.146209547,/loadcell_data_filtered.wrench.force.z,4322.547790454353
2.024398792,1785795318.146409738,/loadcell_data_filtered.wrench.force.z,4322.597997931378
2.024628431,1785795318.146639377,/loadcell_data_filtered.wrench.force.z,4322.694580428161
2.024855764,1785795318.146866710,/loadcell_data_filtered.wrench.force.z,4323.129675033396
2.025105447,1785795318.147116393,/loadcell_data_filtered.wrench.force.z,4321.49974243933
2.02534922,1785795318.147360166,/loadcell_data_filtered.wrench.force.z,4321.436353454653
2.025643103,1785795318.147654049,/loadcell_data_filtered.wrench.force.z,4316.063226994442
2.025951019,1785795318.147961965,/loadcell_data_filtered.wrench.force.z,4312.41470093493
2.026281269,1785795318.148292215,/loadcell_data_filtered.wrench.force.z,4308.909915912949
2.026631477,1785795318.148642423,/loadcell_data_filtered.wrench.force.z,4304.9001437627685
2.027008196,1785795318.149019142,/loadcell_data_filtered.wrench.force.z,4300.70309553637
2.027294035,1785795318.149304981,/loadcell_data_filtered.wrench.force.z,4298.156457389537
2.027543471,1785795318.149554417,/loadcell_data_filtered.wrench.force.z,4296.886074299573
2.028930541,1785795318.150941487,/loadcell_data_filtered.wrench.force.z,4296.679923736953
2.029356627,1785795318.151367573,/loadcell_data_filtered.wrench.force.z,4296.72330798297
2.029611614,1785795318.151622560,/loadcell_data_filtered.wrench.force.z,4296.319606361823
2.029765813,1785795318.151776759,/loadcell_data_filtered.wrench.force.z,4296.313089693634
2.029932385,1785795318.151943331,/loadcell_data_filtered.wrench.force.z,4296.155125045999
2.030079428,1785795318.152090374,/loadcell_data_filtered.wrench.force.z,4295.965285406026
2.030229525,1785795318.152240471,/loadcell_data_filtered.wrench.force.z,4295.260613156207
2.030376065,1785795318.152387011,/loadcell_data_filtered.wrench.force.z,4293.736698675529
2.030526336,1785795318.152537282,/loadcell_data_filtered.wrench.force.z,4292.89294607738
2.030673731,1785795318.152684677,/loadcell_data_filtered.wrench.force.z,4293.248998740138
2.031093726,1785795318.153104672,/loadcell_data_filtered.wrench.force.z,4298.341630109135
2.03362233,1785795318.155633276,/loadcell_data_filtered.wrench.force.z,4302.190242548601
2.034488156,1785795318.156499102,/loadcell_data_filtered.wrench.force.z,4304.90871540978
2.03505002,1785795318.157060966,/loadcell_data_filtered.wrench.force.z,4307.470985041044
2.035269658,1785795318.157280604,/loadcell_data_filtered.wrench.force.z,4310.230014071854
2.035440914,1785795318.157451860,/loadcell_data_filtered.wrench.force.z,4311.065754196159
2.035631735,1785795318.157642681,/loadcell_data_filtered.wrench.force.z,4311.781166371633
2.035883182,1785795318.157894128,/loadcell_data_filtered.wrench.force.z,4310.767923420024
2.036205217,1785795318.158216163,/loadcell_data_filtered.wrench.force.z,4309.375096002318
2.036698592,1785795318.158709538,/loadcell_data_filtered.wrench.force.z,4309.15432755105
2.03800475,1785795318.160015696,/loadcell_data_filtered.wrench.force.z,4309.056305652486
2.038223056,1785795318.160234002,/loadcell_data_filtered.wrench.force.z,4308.800165407734
2.0384898,1785795318.160500746,/loadcell_data_filtered.wrench.force.z,4307.2851498330365
2.038716913,1785795318.160727859,/loadcell_data_filtered.wrench.force.z,4301.232621088796
2.038958723,1785795318.160969669,/loadcell_data_filtered.wrench.force.z,4301.267702794219
2.039231336,1785795318.161242282,/loadcell_data_filtered.wrench.force.z,4300.684046547334
2.039504623,1785795318.161515569,/loadcell_data_filtered.wrench.force.z,4296.082403207043
2.042246775,1785795318.164257721,/loadcell_data_filtered.wrench.force.z,4292.57332794566
2.042464293,1785795318.164475239,/loadcell_data_filtered.wrench.force.z,4287.814654941997
2.042587581,1785795318.164598527,/loadcell_data_filtered.wrench.force.z,4285.16617726275
2.042720642,1785795318.164731588,/loadcell_data_filtered.wrench.force.z,4282.7023366407175
2.04285039,1785795318.164861336,/loadcell_data_filtered.wrench.force.z,4275.267931000646
2.042988378,1785795318.164999324,/loadcell_data_filtered.wrench.force.z,4273.066177914709
2.043118571,1785795318.165129517,/loadcell_data_filtered.wrench.force.z,4272.613637050052
2.043252052,1785795318.165262998,/loadcell_data_filtered.wrench.force.z,4273.162021581454
2.04361897,1785795318.165629916,/loadcell_data_filtered.wrench.force.z,4274.051389685056
2.043836942,1785795318.165847888,/loadcell_data_filtered.wrench.force.z,4274.5394133985465
2.044447946,1785795318.166458892,/loadcell_data_filtered.wrench.force.z,4275.00914307978
2.044884682,1785795318.166895628,/loadcell_data_filtered.wrench.force.z,4276.150072701264
2.045494793,1785795318.167505739,/loadcell_data_filtered.wrench.force.z,4276.551744750971
2.045949759,1785795318.167960705,/loadcell_data_filtered.wrench.force.z,4276.834459813211
2.046409396,1785795318.168420342,/loadcell_data_filtered.wrench.force.z,4277.393612632486
2.046978975,1785795318.168989921,/loadcell_data_filtered.wrench.force.z,4278.243060487902
2.047392692,1785795318.169403638,/loadcell_data_filtered.wrench.force.z,4284.2322028693925
2.047968909,1785795318.169979855,/loadcell_data_filtered.wrench.force.z,4288.700668765495
2.04851121,1785795318.170522156,/loadcell_data_filtered.wrench.force.z,4293.473535401472
2.048852199,1785795318.170863145,/loadcell_data_filtered.wrench.force.z,4297.18076951591
2.049628563,1785795318.171639509,/loadcell_data_filtered.wrench.force.z,4300.467771228212
2.050319215,1785795318.172330161,/loadcell_data_filtered.wrench.force.z,4302.760207128763
2.050657679,1785795318.172668625,/loadcell_data_filtered.wrench.force.z,4304.2898743493215
2.050919972,1785795318.172930918,/loadcell_data_filtered.wrench.force.z,4305.424955004638
2.051329254,1785795318.173340200,/loadcell_data_filtered.wrench.force.z,4305.4185080708585
2.054180409,1785795318.176191355,/loadcell_data_filtered.wrench.force.z,4306.206385240875
2.054664517,1785795318.176675463,/loadcell_data_filtered.wrench.force.z,4306.493258698856
2.05510695,1785795318.177117896,/loadcell_data_filtered.wrench.force.z,4307.591868039018
2.05546103,1785795318.177471976,/loadcell_data_filtered.wrench.force.z,4308.602205945099
2.055808705,1785795318.177819651,/loadcell_data_filtered.wrench.force.z,4309.5351883686535
2.056155377,1785795318.178166323,/loadcell_data_filtered.wrench.force.z,4310.035237022541
2.056541089,1785795318.178552035,/loadcell_data_filtered.wrench.force.z,4309.585555316498
2.056890904,1785795318.178901850,/loadcell_data_filtered.wrench.force.z,4309.697323997191
2.057205858,1785795318.179216804,/loadcell_data_filtered.wrench.force.z,4304.206446895589
2.057530151,1785795318.179541097,/loadcell_data_filtered.wrench.force.z,4300.281586476646
2.057767204,1785795318.179778150,/loadcell_data_filtered.wrench.force.z,4296.666055386372
2.057959789,1785795318.179970735,/loadcell_data_filtered.wrench.force.z,4293.772021311309
2.05816993,1785795318.180180876,/loadcell_data_filtered.wrench.force.z,4290.991225192001
2.058442347,1785795318.180453293,/loadcell_data_filtered.wrench.force.z,4289.462328964037
2.062536393,1785795318.184547339,/loadcell_data_filtered.wrench.force.z,4288.967775237402
2.062821605,1785795318.184832551,/loadcell_data_filtered.wrench.force.z,4288.962348594071
2.063020631,1785795318.185031577,/loadcell_data_filtered.wrench.force.z,4290.189983256144
2.063202692,1785795318.185213638,/loadcell_data_filtered.wrench.force.z,4291.012577715197
2.063388431,1785795318.185399377,/loadcell_data_filtered.wrench.force.z,4291.661336429641
2.063582976,1785795318.185593922,/loadcell_data_filtered.wrench.force.z,4292.265846612505
2.063775704,1785795318.185786650,/loadcell_data_filtered.wrench.force.z,4292.801041843636
2.064031536,1785795318.186042482,/loadcell_data_filtered.wrench.force.z,4293.238310773841
2.064225377,1785795318.186236323,/loadcell_data_filtered.wrench.force.z,4293.18263651535
2.064456177,1785795318.186467123,/loadcell_data_filtered.wrench.force.z,4292.146084469601
2.06457814,1785795318.186589086,/loadcell_data_filtered.wrench.force.z,4294.359488904321
2.0647144,1785795318.186725346,/loadcell_data_filtered.wrench.force.z,4299.984558416383
2.06484337,1785795318.186854316,/loadcell_data_filtered.wrench.force.z,4305.010251885754
2.065333945,1785795318.187344891,/loadcell_data_filtered.wrench.force.z,4308.288298687926
2.065986173,1785795318.187997119,/loadcell_data_filtered.wrench.force.z,4311.154460885903
2.06643912,1785795318.188450066,/loadcell_data_filtered.wrench.force.z,4313.828470955378
2.067371769,1785795318.189382715,/loadcell_data_filtered.wrench.force.z,4315.100628952868
2.06772063,1785795318.189731576,/loadcell_data_filtered.wrench.force.z,4315.677188109907
2.067970205,1785795318.189981151,/loadcell_data_filtered.wrench.force.z,4316.267058858851
2.068647873,1785795318.190658819,/loadcell_data_filtered.wrench.force.z,4316.557715973824
2.069222929,1785795318.191233875,/loadcell_data_filtered.wrench.force.z,4317.063348548349
2.069519451,1785795318.191530397,/loadcell_data_filtered.wrench.force.z,4317.3955871907265
2.069973092,1785795318.191984038,/loadcell_data_filtered.wrench.force.z,4317.73436661957
2.070520776,1785795318.192531722,/loadcell_data_filtered.wrench.force.z,4318.022294436169
2.070926529,1785795318.192937475,/loadcell_data_filtered.wrench.force.z,4318.069042046752
2.071320812,1785795318.193331758,/loadcell_data_filtered.wrench.force.z,4317.878646904934
2.071794137,1785795318.193805083,/loadcell_data_filtered.wrench.force.z,4317.6132684204595
2.072654215,1785795318.194665161,/loadcell_data_filtered.wrench.force.z,4312.877935557264
2.073073553,1785795318.195084499,/loadcell_data_filtered.wrench.force.z,4309.820903847298
2.073615907,1785795318.195626853,/loadcell_data_filtered.wrench.force.z,4305.4984915104515
2.074084412,1785795318.196095358,/loadcell_data_filtered.wrench.force.z,4302.19272172976
2.0744858,1785795318.196496746,/loadcell_data_filtered.wrench.force.z,4298.846556470314
2.075128176,1785795318.197139122,/loadcell_data_filtered.wrench.force.z,4296.443427937042
2.076169116,1785795318.198180062,/loadcell_data_filtered.wrench.force.z,4294.856223633709
2.076180007,1785795318.198190953,/loadcell_data_filtered.wrench.force.z,4294.531762046859
2.076488185,1785795318.198499131,/loadcell_data_filtered.wrench.force.z,4293.939078682102
2.076941711,1785795318.198952657,/loadcell_data_filtered.wrench.force.z,4293.925043819273
2.077418632,1785795318.199429578,/loadcell_data_filtered.wrench.force.z,4293.502343634656
2.077830526,1785795318.199841472,/loadcell_data_filtered.wrench.force.z,4293.08015696912
2.078268356,1785795318.200279302,/loadcell_data_filtered.wrench.force.z,4292.141930378532
2.079040815,1785795318.201051761,/loadcell_data_filtered.wrench.force.z,4291.60731796296
2.079582698,1785795318.201593644,/loadcell_data_filtered.wrench.force.z,4290.815765600915
2.079898961,1785795318.201909907,/loadcell_data_filtered.wrench.force.z,4289.867355172896
2.081409217,1785795318.203420163,/loadcell_data_filtered.wrench.force.z,4289.139870901658
2.081600643,1785795318.203611589,/loadcell_data_filtered.wrench.force.z,4293.650105937329
2.081799839,1785795318.203810785,/loadcell_data_filtered.wrench.force.z,4297.463849168355
2.082163044,1785795318.204173990,/loadcell_data_filtered.wrench.force.z,4300.771317668281
2.083044923,1785795318.205055869,/loadcell_data_filtered.wrench.force.z,4303.12170075931
2.083354807,1785795318.205365753,/loadcell_data_filtered.wrench.force.z,4305.116093589322
2.083753956,1785795318.205764902,/loadcell_data_filtered.wrench.force.z,4305.829154337036
2.086040158,1785795318.208051104,/loadcell_data_filtered.wrench.force.z,4306.214349355056
2.086407164,1785795318.208418110,/loadcell_data_filtered.wrench.force.z,4305.597572771666
2.086721294,1785795318.208732240,/loadcell_data_filtered.wrench.force.z,4305.229588780251
2.087019102,1785795318.209030048,/loadcell_data_filtered.wrench.force.z,4305.2498084487015
2.087334607,1785795318.209345553,/loadcell_data_filtered.wrench.force.z,4305.237718288727
2.088390423,1785795318.210401369,/loadcell_data_filtered.wrench.force.z,4304.385890914998
2.088757016,1785795318.210767962,/loadcell_data_filtered.wrench.force.z,4303.148169846872
2.089111383,1785795318.211122329,/loadcell_data_filtered.wrench.force.z,4302.73441045078
2.08940128,1785795318.211412226,/loadcell_data_filtered.wrench.force.z,4296.70948394482
2.089685808,1785795318.211696754,/loadcell_data_filtered.wrench.force.z,4294.462324989413
2.090004103,1785795318.212015049,/loadcell_data_filtered.wrench.force.z,4292.629635830245
2.0910294560000002,1785795318.213040402,/loadcell_data_filtered.wrench.force.z,4285.977181211454
2.091300133,1785795318.213311079,/loadcell_data_filtered.wrench.force.z,4281.292725978398
2.091520977,1785795318.213531923,/loadcell_data_filtered.wrench.force.z,4276.735124192159
2.091734128,1785795318.213745074,/loadcell_data_filtered.wrench.force.z,4266.032837828992
2.091953195,1785795318.213964141,/loadcell_data_filtered.wrench.force.z,4262.684054076622
2.092821914,1785795318.214832860,/loadcell_data_filtered.wrench.force.z,4260.409836870393
2.093375739,1785795318.215386685,/loadcell_data_filtered.wrench.force.z,4259.832922873362
2.093771878,1785795318.215782824,/loadcell_data_filtered.wrench.force.z,4260.360788830698
2.094216925,1785795318.216227871,/loadcell_data_filtered.wrench.force.z,4260.893007629903
2.0946845610000002,1785795318.216695507,/loadcell_data_filtered.wrench.force.z,4261.058659912514
2.095072465,1785795318.217083411,/loadcell_data_filtered.wrench.force.z,4261.4363054080095
2.096566207,1785795318.218577153,/loadcell_data_filtered.wrench.force.z,4261.4081948149915
2.096831941,1785795318.218842887,/loadcell_data_filtered.wrench.force.z,4261.749282876917
2.097350749,1785795318.219361695,/loadcell_data_filtered.wrench.force.z,4261.659587558409
2.097847188,1785795318.219858134,/loadcell_data_filtered.wrench.force.z,4261.648795246595
2.098641717,1785795318.220652663,/loadcell_data_filtered.wrench.force.z,4262.1016995250575
2.099074978,1785795318.221085924,/loadcell_data_filtered.wrench.force.z,4265.907453967543
2.09947948,1785795318.221490426,/loadcell_data_filtered.wrench.force.z,4270.678114177985
2.099874667,1785795318.221885613,/loadcell_data_filtered.wrench.force.z,4276.200948590919
2.101448515,1785795318.223459461,/loadcell_data_filtered.wrench.force.z,4280.368683333618
2.104747641,1785795318.226758587,/loadcell_data_filtered.wrench.force.z,4284.0414198584485
2.105374652,1785795318.227385598,/loadcell_data_filtered.wrench.force.z,4286.385697117229
2.105836477,1785795318.227847423,/loadcell_data_filtered.wrench.force.z,4287.6548941712745
2.106339317,1785795318.228350263,/loadcell_data_filtered.wrench.force.z,4289.086713172402
2.106777285,1785795318.228788231,/loadcell_data_filtered.wrench.force.z,4289.9341085302385
2.10715965,1785795318.229170596,/loadcell_data_filtered.wrench.force.z,4291.286114695526
2.107430909,1785795318.229441855,/loadcell_data_filtered.wrench.force.z,4292.566739427302
2.107666155,1785795318.229677101,/loadcell_data_filtered.wrench.force.z,4294.025556106375
2.107914749,1785795318.229925695,/loadcell_data_filtered.wrench.force.z,4295.384260789713
2.108161599,1785795318.230172545,/loadcell_data_filtered.wrench.force.z,4296.177103134581
2.108375564,1785795318.230386510,/loadcell_data_filtered.wrench.force.z,4295.686385924388
2.108595134,1785795318.230606080,/loadcell_data_filtered.wrench.force.z,4289.451535335878
2.108800619,1785795318.230811565,/loadcell_data_filtered.wrench.force.z,4286.016092179148
2.1090226850000002,1785795318.231033631,/loadcell_data_filtered.wrench.force.z,4281.48979586725
2.109271897,1785795318.231282843,/loadcell_data_filtered.wrench.force.z,4278.347217668718
2.109512718,1785795318.231523664,/loadcell_data_filtered.wrench.force.z,4275.777379329826
2.109752991,1785795318.231763937,/loadcell_data_filtered.wrench.force.z,4274.274288498257
2.109996052,1785795318.232006998,/loadcell_data_filtered.wrench.force.z,4272.889054226479
2.110277471,1785795318.232288417,/loadcell_data_filtered.wrench.force.z,4272.134860075696
2.110570547,1785795318.232581493,/loadcell_data_filtered.wrench.force.z,4272.291737254794
2.110911442,1785795318.232922388,/loadcell_data_filtered.wrench.force.z,4272.409070666557
2.111635289,1785795318.233646235,/loadcell_data_filtered.wrench.force.z,4272.258591495295
2.111723741,1785795318.233734687,/loadcell_data_filtered.wrench.force.z,4271.791814876769
2.111950091,1785795318.233961037,/loadcell_data_filtered.wrench.force.z,4271.332274089028
2.112332826,1785795318.234343772,/loadcell_data_filtered.wrench.force.z,4271.06545953004
2.112793582,1785795318.234804528,/loadcell_data_filtered.wrench.force.z,4270.225165766706
2.113268189,1785795318.235279135,/loadcell_data_filtered.wrench.force.z,4269.971433432447
2.113712708,1785795318.235723654,/loadcell_data_filtered.wrench.force.z,4269.909172149863
2.114419957,1785795318.236430903,/loadcell_data_filtered.wrench.force.z,4275.599614146184
2.120418291,1785795318.242429237,/loadcell_data_filtered.wrench.force.z,4279.665772478335
2.120717533,1785795318.242728479,/loadcell_data_filtered.wrench.force.z,4283.9716890994605
2.120909328,1785795318.242920274,/loadcell_data_filtered.wrench.force.z,4287.972636618329
2.121098405,1785795318.243109351,/loadcell_data_filtered.wrench.force.z,4290.434323309299
2.121266304,1785795318.243277250,/loadcell_data_filtered.wrench.force.z,4292.391939228661
2.121427094,1785795318.243438040,/loadcell_data_filtered.wrench.force.z,4293.878663296805
2.121578648,1785795318.243589594,/loadcell_data_filtered.wrench.force.z,4294.573492825726
2.1217308520000002,1785795318.243741798,/loadcell_data_filtered.wrench.force.z,4296.012707780867
2.121881018,1785795318.243891964,/loadcell_data_filtered.wrench.force.z,4296.081138542412
2.122048484,1785795318.244059430,/loadcell_data_filtered.wrench.force.z,4290.860890019285
2.122221515,1785795318.244232461,/loadcell_data_filtered.wrench.force.z,4291.676979919498
2.123839558,1785795318.245850504,/loadcell_data_filtered.wrench.force.z,4289.961064900131
2.124215022,1785795318.246225968,/loadcell_data_filtered.wrench.force.z,4290.94604761264
2.124415247,1785795318.246426193,/loadcell_data_filtered.wrench.force.z,4291.4073227332665
2.1245887740000002,1785795318.246599720,/loadcell_data_filtered.wrench.force.z,4291.578532208105
2.124749837,1785795318.246760783,/loadcell_data_filtered.wrench.force.z,4286.7663311690585
2.124905113,1785795318.246916059,/loadcell_data_filtered.wrench.force.z,4282.990924283097
2.125113793,1785795318.247124739,/loadcell_data_filtered.wrench.force.z,4279.653356371921
2.1253527500000002,1785795318.247363696,/loadcell_data_filtered.wrench.force.z,4276.202770960258
2.125583575,1785795318.247594521,/loadcell_data_filtered.wrench.force.z,4272.841135428912
2.126122947,1785795318.248133893,/loadcell_data_filtered.wrench.force.z,4269.4217947043835
2.126251567,1785795318.248262513,/loadcell_data_filtered.wrench.force.z,4268.617000364844
2.127480754,1785795318.249491700,/loadcell_data_filtered.wrench.force.z,4267.987598422085
2.127779417,1785795318.249790363,/loadcell_data_filtered.wrench.force.z,4267.663219053034
2.128036085,1785795318.250047031,/loadcell_data_filtered.wrench.force.z,4266.825922332625
2.128222905,1785795318.250233851,/loadcell_data_filtered.wrench.force.z,4265.614142363062
2.131177361,1785795318.253188307,/loadcell_data_filtered.wrench.force.z,4264.448444427167
2.131563152,1785795318.253574098,/loadcell_data_filtered.wrench.force.z,4263.183367075428
2.131726895,1785795318.253737841,/loadcell_data_filtered.wrench.force.z,4262.347525105814
2.131853936,1785795318.253864882,/loadcell_data_filtered.wrench.force.z,4261.278613673392
2.131979535,1785795318.253990481,/loadcell_data_filtered.wrench.force.z,4260.435267759803
2.132097681,1785795318.254108627,/loadcell_data_filtered.wrench.force.z,4263.630224113592
2.132261039,1785795318.254271985,/loadcell_data_filtered.wrench.force.z,4267.042806646257
2.132378341,1785795318.254389287,/loadcell_data_filtered.wrench.force.z,4270.402910548715
2.132511232,1785795318.254522178,/loadcell_data_filtered.wrench.force.z,4272.150062570851
2.132671555,1785795318.254682501,/loadcell_data_filtered.wrench.force.z,4273.917450013202
2.133104584,1785795318.255115530,/loadcell_data_filtered.wrench.force.z,4275.373162055868
2.133617661,1785795318.255628607,/loadcell_data_filtered.wrench.force.z,4275.413533296769
2.134148073,1785795318.256159019,/loadcell_data_filtered.wrench.force.z,4274.686253732991
2.134527031,1785795318.256537977,/loadcell_data_filtered.wrench.force.z,4273.51011542745
2.135033205,1785795318.257044151,/loadcell_data_filtered.wrench.force.z,4272.703693719543
2.135861142,1785795318.257872088,/loadcell_data_filtered.wrench.force.z,4272.243551039993
2.136050059,1785795318.258061005,/loadcell_data_filtered.wrench.force.z,4271.822696395425
2.137044656,1785795318.259055602,/loadcell_data_filtered.wrench.force.z,4271.570190771639
2.137419842,1785795318.259430788,/loadcell_data_filtered.wrench.force.z,4271.519746833156
2.137781886,1785795318.259792832,/loadcell_data_filtered.wrench.force.z,4271.839086933066
2.138237176,1785795318.260248122,/loadcell_data_filtered.wrench.force.z,4271.621682989477
2.138502728,1785795318.260513674,/loadcell_data_filtered.wrench.force.z,4271.333727079674
2.139790453,1785795318.261801399,/loadcell_data_filtered.wrench.force.z,4265.929694657462
2.140201507,1785795318.262212453,/loadcell_data_filtered.wrench.force.z,4262.97115311214
2.140353395,1785795318.262364341,/loadcell_data_filtered.wrench.force.z,4259.50181033479
2.140474043,1785795318.262484989,/loadcell_data_filtered.wrench.force.z,4256.666898944573
2.141082426,1785795318.263093372,/loadcell_data_filtered.wrench.force.z,4253.732932776547
2.141486876,1785795318.263497822,/loadcell_data_filtered.wrench.force.z,4251.66834572258
2.142015566,1785795318.264026512,/loadcell_data_filtered.wrench.force.z,4249.954194066297
2.142733168,1785795318.264744114,/loadcell_data_filtered.wrench.force.z,4249.677837647099
2.143087036,1785795318.265097982,/loadcell_data_filtered.wrench.force.z,4250.18218394653
2.143657779,1785795318.265668725,/loadcell_data_filtered.wrench.force.z,4250.6931534961905
2.144087893,1785795318.266098839,/loadcell_data_filtered.wrench.force.z,4250.7590772316635
2.14460044,1785795318.266611386,/loadcell_data_filtered.wrench.force.z,4250.218105284946
2.145005329,1785795318.267016275,/loadcell_data_filtered.wrench.force.z,4250.515438701352
2.1457682,1785795318.267779146,/loadcell_data_filtered.wrench.force.z,4250.3772209822455
2.14600008,1785795318.268011026,/loadcell_data_filtered.wrench.force.z,4249.963882487833
2.146449424,1785795318.268460370,/loadcell_data_filtered.wrench.force.z,4249.561566263706
2.147072408,1785795318.269083354,/loadcell_data_filtered.wrench.force.z,4249.475230157747
2.147530345,1785795318.269541291,/loadcell_data_filtered.wrench.force.z,4255.043643254646
2.147925548,1785795318.269936494,/loadcell_data_filtered.wrench.force.z,4259.330571309413
2.148436361,1785795318.270447307,/loadcell_data_filtered.wrench.force.z,4263.259945397136
2.148982989,1785795318.270993935,/loadcell_data_filtered.wrench.force.z,4266.347251527733
2.150134776,1785795318.272145722,/loadcell_data_filtered.wrench.force.z,4269.231191165123
2.152230077,1785795318.274241023,/loadcell_data_filtered.wrench.force.z,4270.539026485488
2.152248832,1785795318.274259778,/loadcell_data_filtered.wrench.force.z,4271.06499445735
2.152254951,1785795318.274265897,/loadcell_data_filtered.wrench.force.z,4270.940107372718
2.152316585,1785795318.274327531,/loadcell_data_filtered.wrench.force.z,4271.108342095103
2.152321857,1785795318.274332803,/loadcell_data_filtered.wrench.force.z,4271.145995195539
2.152992489,1785795318.275003435,/loadcell_data_filtered.wrench.force.z,4271.4761283799535
2.155528598,1785795318.277539544,/loadcell_data_filtered.wrench.force.z,4271.924839961471
2.156231542,1785795318.278242488,/loadcell_data_filtered.wrench.force.z,4272.437864836048
2.156385743,1785795318.278396689,/loadcell_data_filtered.wrench.force.z,4274.003889139132
2.156531405,1785795318.278542351,/loadcell_data_filtered.wrench.force.z,4274.809144687269
2.156674934,1785795318.278685880,/loadcell_data_filtered.wrench.force.z,4275.984567518482
2.156817761,1785795318.278828707,/loadcell_data_filtered.wrench.force.z,4276.219694612052
2.160456469,1785795318.282467415,/loadcell_data_filtered.wrench.force.z,4272.607819204156
2.160644874,1785795318.282655820,/loadcell_data_filtered.wrench.force.z,4269.23022978962
2.16093273,1785795318.282943676,/loadcell_data_filtered.wrench.force.z,4265.48738386183
2.161077254,1785795318.283088200,/loadcell_data_filtered.wrench.force.z,4264.049985396206
2.161208511,1785795318.283219457,/loadcell_data_filtered.wrench.force.z,4262.5794443424
2.161337082,1785795318.283348028,/loadcell_data_filtered.wrench.force.z,4262.403013632076
2.161460083,1785795318.283471029,/loadcell_data_filtered.wrench.force.z,4263.633690136792
2.161738749,1785795318.283749695,/loadcell_data_filtered.wrench.force.z,4264.837447142739
2.162068605,1785795318.284079551,/loadcell_data_filtered.wrench.force.z,4266.889902753126
2.16232716,1785795318.284338106,/loadcell_data_filtered.wrench.force.z,4268.90302927842
2.167799597,1785795318.289810543,/loadcell_data_filtered.wrench.force.z,4269.404470106112
2.167999398,1785795318.290010344,/loadcell_data_filtered.wrench.force.z,4270.380922492553
2.168133357,1785795318.290144303,/loadcell_data_filtered.wrench.force.z,4276.4449072828365
2.168262919,1785795318.290273865,/loadcell_data_filtered.wrench.force.z,4281.77674947451
2.168424183,1785795318.290435129,/loadcell_data_filtered.wrench.force.z,4279.947216795746
2.168556589,1785795318.290567535,/loadcell_data_filtered.wrench.force.z,4284.3792839323205
2.168727452,1785795318.290738398,/loadcell_data_filtered.wrench.force.z,4288.776989726309
2.168894325,1785795318.290905271,/loadcell_data_filtered.wrench.force.z,4292.182680175354
2.169071151,1785795318.291082097,/loadcell_data_filtered.wrench.force.z,4294.736861729212
2.169247278,1785795318.291258224,/loadcell_data_filtered.wrench.force.z,4296.291675046158
2.169454581,1785795318.291465527,/loadcell_data_filtered.wrench.force.z,4295.4818106241455
2.169681665,1785795318.291692611,/loadcell_data_filtered.wrench.force.z,4295.854305978046
2.169940979,1785795318.291951925,/loadcell_data_filtered.wrench.force.z,4296.061561112505
2.170241691,1785795318.292252637,/loadcell_data_filtered.wrench.force.z,4296.780126676758
2.1706998,1785795318.292710746,/loadcell_data_filtered.wrench.force.z,4297.106231548173
2.170939729,1785795318.292950675,/loadcell_data_filtered.wrench.force.z,4297.340382992991
2.171160994,1785795318.293171940,/loadcell_data_filtered.wrench.force.z,4298.063680651491
2.173164577,1785795318.295175523,/loadcell_data_filtered.wrench.force.z,4298.295983352831
2.173823398,1785795318.295834344,/loadcell_data_filtered.wrench.force.z,4298.1223481143115
2.174009571,1785795318.296020517,/loadcell_data_filtered.wrench.force.z,4293.503502010443
2.174156288,1785795318.296167234,/loadcell_data_filtered.wrench.force.z,4291.129015773616
2.174312654,1785795318.296323600,/loadcell_data_filtered.wrench.force.z,4287.992222035687
2.174435212,1785795318.296446158,/loadcell_data_filtered.wrench.force.z,4284.996640926829
2.174736952,1785795318.296747898,/loadcell_data_filtered.wrench.force.z,4280.681407813149
2.175088165,1785795318.297099111,/loadcell_data_filtered.wrench.force.z,4278.777347570658
2.175504991,1785795318.297515937,/loadcell_data_filtered.wrench.force.z,4276.975488623931
2.175827739,1785795318.297838685,/loadcell_data_filtered.wrench.force.z,4276.4953025406685
2.1762935,1785795318.298304446,/loadcell_data_filtered.wrench.force.z,4276.673130190403
2.179197722,1785795318.301208668,/loadcell_data_filtered.wrench.force.z,4276.770451307512
2.179460998,1785795318.301471944,/loadcell_data_filtered.wrench.force.z,4276.575422761257
2.179602359,1785795318.301613305,/loadcell_data_filtered.wrench.force.z,4276.479930581971
2.179807658,1785795318.301818604,/loadcell_data_filtered.wrench.force.z,4276.687029280415
2.17984512,1785795318.301856066,/loadcell_data_filtered.wrench.force.z,4276.613056100039
2.179977308,1785795318.301988254,/loadcell_data_filtered.wrench.force.z,4276.46243621228
2.180099988,1785795318.302110934,/loadcell_data_filtered.wrench.force.z,4276.017053627607
2.180348263,1785795318.302359209,/loadcell_data_filtered.wrench.force.z,4274.765709323652
2.181158928,1785795318.303169874,/loadcell_data_filtered.wrench.force.z,4279.846398960416
2.181791689,1785795318.303802635,/loadcell_data_filtered.wrench.force.z,4283.6733686990665
2.182002597,1785795318.304013543,/loadcell_data_filtered.wrench.force.z,4286.862085802046
2.182872794,1785795318.304883740,/loadcell_data_filtered.wrench.force.z,4289.234735207898
2.183650645,1785795318.305661591,/loadcell_data_filtered.wrench.force.z,4291.4097085171115
2.184220044,1785795318.306230990,/loadcell_data_filtered.wrench.force.z,4292.409837425736
2.189010146,1785795318.311021092,/loadcell_data_filtered.wrench.force.z,4292.310507140947
2.190070212,1785795318.312081158,/loadcell_data_filtered.wrench.force.z,4293.086754328882
2.190605964,1785795318.312616910,/loadcell_data_filtered.wrench.force.z,4293.417738908327
2.190960902,1785795318.312971848,/loadcell_data_filtered.wrench.force.z,4294.059097633613
2.191362041,1785795318.313372987,/loadcell_data_filtered.wrench.force.z,4294.549171948875
2.191604892,1785795318.313615838,/loadcell_data_filtered.wrench.force.z,4295.356525312244
2.19185854,1785795318.313869486,/loadcell_data_filtered.wrench.force.z,4295.606431549038
2.192090609,1785795318.314101555,/loadcell_data_filtered.wrench.force.z,4295.779037646515
2.192312627,1785795318.314323573,/loadcell_data_filtered.wrench.force.z,4295.907422658603
2.192630187,1785795318.314641133,/loadcell_data_filtered.wrench.force.z,4294.401310695209
2.192983036,1785795318.314993982,/loadcell_data_filtered.wrench.force.z,4289.691887947804
2.193332602,1785795318.315343548,/loadcell_data_filtered.wrench.force.z,4284.1032555915
2.1938248,1785795318.315835746,/loadcell_data_filtered.wrench.force.z,4280.016194605963
2.19431118,1785795318.316322126,/loadcell_data_filtered.wrench.force.z,4277.7835446795925
2.194722028,1785795318.316732974,/loadcell_data_filtered.wrench.force.z,4275.037201044326
2.197022729,1785795318.319033675,/loadcell_data_filtered.wrench.force.z,4274.382345312217
2.197885234,1785795318.319896180,/loadcell_data_filtered.wrench.force.z,4274.488335252701
2.198823102,1785795318.320834048,/loadcell_data_filtered.wrench.force.z,4274.79613435043
2.199335491,1785795318.321346437,/loadcell_data_filtered.wrench.force.z,4275.632852034173
2.199869876,1785795318.321880822,/loadcell_data_filtered.wrench.force.z,4275.726227727284
2.200435438,1785795318.322446384,/loadcell_data_filtered.wrench.force.z,4274.994170140919
2.200943588,1785795318.322954534,/loadcell_data_filtered.wrench.force.z,4274.887738382071
2.201379879,1785795318.323390825,/loadcell_data_filtered.wrench.force.z,4274.2136636842715
2.201746158,1785795318.323757104,/loadcell_data_filtered.wrench.force.z,4273.7865387904285
2.202087222,1785795318.324098168,/loadcell_data_filtered.wrench.force.z,4273.3276160346995
2.202427943,1785795318.324438889,/loadcell_data_filtered.wrench.force.z,4277.833771353021
2.202613565,1785795318.324624511,/loadcell_data_filtered.wrench.force.z,4280.587316663159
2.202772722,1785795318.324783668,/loadcell_data_filtered.wrench.force.z,4284.346682871465
2.202936278,1785795318.324947224,/loadcell_data_filtered.wrench.force.z,4287.944798342564
2.203156495,1785795318.325167441,/loadcell_data_filtered.wrench.force.z,4291.074284816163
2.203376028,1785795318.325386974,/loadcell_data_filtered.wrench.force.z,4293.164895169233
2.20363086,1785795318.325641806,/loadcell_data_filtered.wrench.force.z,4294.793640692903
2.203869211,1785795318.325880157,/loadcell_data_filtered.wrench.force.z,4294.888747956969
2.204185846,1785795318.326196792,/loadcell_data_filtered.wrench.force.z,4294.353992173551
2.204592645,1785795318.326603591,/loadcell_data_filtered.wrench.force.z,4293.183242110765
2.205087937,1785795318.327098883,/loadcell_data_filtered.wrench.force.z,4293.471830561378
2.205463996,1785795318.327474942,/loadcell_data_filtered.wrench.force.z,4293.873237577066
2.2058030410000002,1785795318.327813987,/loadcell_data_filtered.wrench.force.z,4294.116476094373
2.206151255,1785795318.328162201,/loadcell_data_filtered.wrench.force.z,4294.483648529042
2.206483356,1785795318.328494302,/loadcell_data_filtered.wrench.force.z,4294.02319880867
2.2077661060000002,1785795318.329777052,/loadcell_data_filtered.wrench.force.z,4292.820948911999
2.208305622,1785795318.330316568,/loadcell_data_filtered.wrench.force.z,4292.206466472023
2.208716649,1785795318.330727595,/loadcell_data_filtered.wrench.force.z,4286.340592364284
2.209117695,1785795318.331128641,/loadcell_data_filtered.wrench.force.z,4275.340185379688
2.209544489,1785795318.331555435,/loadcell_data_filtered.wrench.force.z,4271.6133919888325
2.209978685,1785795318.331989631,/loadcell_data_filtered.wrench.force.z,4267.630989513525
2.210440916,1785795318.332451862,/loadcell_data_filtered.wrench.force.z,4264.222266741453
2.210874992,1785795318.332885938,/loadcell_data_filtered.wrench.force.z,4262.298900025907
2.211330343,1785795318.333341289,/loadcell_data_filtered.wrench.force.z,4261.377274700182
2.211815217,1785795318.333826163,/loadcell_data_filtered.wrench.force.z,4261.35290976908
2.212307714,1785795318.334318660,/loadcell_data_filtered.wrench.force.z,4262.029987313204
2.212760495,1785795318.334771441,/loadcell_data_filtered.wrench.force.z,4262.600830664913
2.2132771,1785795318.335288046,/loadcell_data_filtered.wrench.force.z,4263.772781362902
2.21380514,1785795318.335816086,/loadcell_data_filtered.wrench.force.z,4263.798805252599
2.21436797,1785795318.336378916,/loadcell_data_filtered.wrench.force.z,4264.04480416238
2.214822377,1785795318.336833323,/loadcell_data_filtered.wrench.force.z,4264.392130451954
2.217045666,1785795318.339056612,/loadcell_data_filtered.wrench.force.z,4264.73134710645
2.217069439,1785795318.339080385,/loadcell_data_filtered.wrench.force.z,4265.24246170673
2.217075146,1785795318.339086092,/loadcell_data_filtered.wrench.force.z,4266.544180658378
2.217186651,1785795318.339197597,/loadcell_data_filtered.wrench.force.z,4273.352060813723
2.217678257,1785795318.339689203,/loadcell_data_filtered.wrench.force.z,4279.086939206873
2.218090755,1785795318.340101701,/loadcell_data_filtered.wrench.force.z,4283.67159079984
2.218503021,1785795318.340513967,/loadcell_data_filtered.wrench.force.z,4287.816303796339
2.218978565,1785795318.340989511,/loadcell_data_filtered.wrench.force.z,4291.602594966661
2.219622143,1785795318.341633089,/loadcell_data_filtered.wrench.force.z,4294.078139339322
2.220019045,1785795318.342029991,/loadcell_data_filtered.wrench.force.z,4289.577052805679
2.220400236,1785795318.342411182,/loadcell_data_filtered.wrench.force.z,4289.48638047586
2.220804676,1785795318.342815622,/loadcell_data_filtered.wrench.force.z,4289.888647127215
2.221244992,1785795318.343255938,/loadcell_data_filtered.wrench.force.z,4290.837772445545
2.221673085,1785795318.343684031,/loadcell_data_filtered.wrench.force.z,4291.941863402853
2.222150109,1785795318.344161055,/loadcell_data_filtered.wrench.force.z,4293.419505302852
2.2227772,1785795318.344788146,/loadcell_data_filtered.wrench.force.z,4294.660811542054
2.223432818,1785795318.345443764,/loadcell_data_filtered.wrench.force.z,4295.578674063335
2.223952859,1785795318.345963805,/loadcell_data_filtered.wrench.force.z,4297.085663709606
2.226248603,1785795318.348259549,/loadcell_data_filtered.wrench.force.z,4297.513740161807
2.2269577910000002,1785795318.348968737,/loadcell_data_filtered.wrench.force.z,4293.637498400825
2.227505828,1785795318.349516774,/loadcell_data_filtered.wrench.force.z,4291.089008960306
2.227939646,1785795318.349950592,/loadcell_data_filtered.wrench.force.z,4288.151591337883
2.228358356,1785795318.350369302,/loadcell_data_filtered.wrench.force.z,4285.810805209393
2.228700998,1785795318.350711944,/loadcell_data_filtered.wrench.force.z,4283.572770691245
2.229024331,1785795318.351035277,/loadcell_data_filtered.wrench.force.z,4281.638170877764
2.229331029,1785795318.351341975,/loadcell_data_filtered.wrench.force.z,4281.001580622805
2.229619909,1785795318.351630855,/loadcell_data_filtered.wrench.force.z,4281.371977603328
2.229997658,1785795318.352008604,/loadcell_data_filtered.wrench.force.z,4282.292039479795
2.230547616,1785795318.352558562,/loadcell_data_filtered.wrench.force.z,4282.215567742481
2.231208822,1785795318.353219768,/loadcell_data_filtered.wrench.force.z,4281.493975612055
2.231443323,1785795318.353454269,/loadcell_data_filtered.wrench.force.z,4281.361099874821
2.231858225,1785795318.353869171,/loadcell_data_filtered.wrench.force.z,4280.765673229586
2.232310974,1785795318.354321920,/loadcell_data_filtered.wrench.force.z,4280.262081332297
2.232814673,1785795318.354825619,/loadcell_data_filtered.wrench.force.z,4279.756498095495
2.233586573,1785795318.355597519,/loadcell_data_filtered.wrench.force.z,4279.131287343648
2.233758362,1785795318.355769308,/loadcell_data_filtered.wrench.force.z,4279.035570884218
2.237040185,1785795318.359051131,/loadcell_data_filtered.wrench.force.z,4284.11151305291
2.237069296,1785795318.359080242,/loadcell_data_filtered.wrench.force.z,4287.4917674596245
2.238002202,1785795318.360013148,/loadcell_data_filtered.wrench.force.z,4290.240338873333
2.23846679,1785795318.360477736,/loadcell_data_filtered.wrench.force.z,4292.140137944805
2.240006533,1785795318.362017479,/loadcell_data_filtered.wrench.force.z,4292.822740244001
2.240026223,1785795318.362037169,/loadcell_data_filtered.wrench.force.z,4292.840277468829
2.240029847,1785795318.362040793,/loadcell_data_filtered.wrench.force.z,4292.1027007771745
2.240632782,1785795318.362643728,/loadcell_data_filtered.wrench.force.z,4285.1869669097105
2.241163096,1785795318.363174042,/loadcell_data_filtered.wrench.force.z,4284.35800201673
2.2416712690000002,1785795318.363682215,/loadcell_data_filtered.wrench.force.z,4283.807152038235
2.242188516,1785795318.364199462,/loadcell_data_filtered.wrench.force.z,4283.2979969091275
2.242637406,1785795318.364648352,/loadcell_data_filtered.wrench.force.z,4282.528691768884
2.242974847,1785795318.364985793,/loadcell_data_filtered.wrench.force.z,4282.032863862112
2.243377581,1785795318.365388527,/loadcell_data_filtered.wrench.force.z,4281.122783847243
2.243878536,1785795318.365889482,/loadcell_data_filtered.wrench.force.z,4275.038499912365
2.244402694,1785795318.366413640,/loadcell_data_filtered.wrench.force.z,4270.005152856452
2.244781983,1785795318.366792929,/loadcell_data_filtered.wrench.force.z,4265.363046944415
2.24516364,1785795318.367174586,/loadcell_data_filtered.wrench.force.z,4261.446670295789
2.245513316,1785795318.367524262,/loadcell_data_filtered.wrench.force.z,4257.549681304421
2.246039771,1785795318.368050717,/loadcell_data_filtered.wrench.force.z,4255.004795247424
2.246542506,1785795318.368553452,/loadcell_data_filtered.wrench.force.z,4253.078969247222
2.247052111,1785795318.369063057,/loadcell_data_filtered.wrench.force.z,4252.401163465128
2.247528791,1785795318.369539737,/loadcell_data_filtered.wrench.force.z,4250.777749286331
2.24794104,1785795318.369951986,/loadcell_data_filtered.wrench.force.z,4250.182097751677
2.248518956,1785795318.370529902,/loadcell_data_filtered.wrench.force.z,4249.56157768756
2.251097888,1785795318.373108834,/loadcell_data_filtered.wrench.force.z,4248.771206882583
2.251574976,1785795318.373585922,/loadcell_data_filtered.wrench.force.z,4247.5400777390205
2.251968541,1785795318.373979487,/loadcell_data_filtered.wrench.force.z,4247.795314590749
2.252473633,1785795318.374484579,/loadcell_data_filtered.wrench.force.z,4252.312698525167
2.252857134,1785795318.374868080,/loadcell_data_filtered.wrench.force.z,4249.723561371466
2.25523846,1785795318.377249406,/loadcell_data_filtered.wrench.force.z,4253.712196802324
2.255984612,1785795318.377995558,/loadcell_data_filtered.wrench.force.z,4255.12449666517
2.256739993,1785795318.378750939,/loadcell_data_filtered.wrench.force.z,4254.048264480041
2.257085942,1785795318.379096888,/loadcell_data_filtered.wrench.force.z,4254.378828497087
2.2576339450000003,1785795318.379644891,/loadcell_data_filtered.wrench.force.z,4254.245730428371
2.259348563,1785795318.381359509,/loadcell_data_filtered.wrench.force.z,4254.087540442495
2.259420982,1785795318.381431928,/loadcell_data_filtered.wrench.force.z,4254.390043600643
2.2594950000000003,1785795318.381505946,/loadcell_data_filtered.wrench.force.z,4254.266637958512
2.259507431,1785795318.381518377,/loadcell_data_filtered.wrench.force.z,4254.710718356606
2.259531567,1785795318.381542513,/loadcell_data_filtered.wrench.force.z,4254.856827088105
2.259644426,1785795318.381655372,/loadcell_data_filtered.wrench.force.z,4250.657097389462
2.260066763,1785795318.382077709,/loadcell_data_filtered.wrench.force.z,4247.621949668326
2.260412354,1785795318.382423300,/loadcell_data_filtered.wrench.force.z,4243.457054532412
2.263154589,1785795318.385165535,/loadcell_data_filtered.wrench.force.z,4240.021381289431
2.263173029,1785795318.385183975,/loadcell_data_filtered.wrench.force.z,4237.159402119448
2.26317543,1785795318.385186376,/loadcell_data_filtered.wrench.force.z,4234.54769914047
2.263177539,1785795318.385188485,/loadcell_data_filtered.wrench.force.z,4233.385579845654
2.263179364,1785795318.385190310,/loadcell_data_filtered.wrench.force.z,4233.312897899481
2.2631827429999998,1785795318.385193689,/loadcell_data_filtered.wrench.force.z,4233.648169588092
2.263185818,1785795318.385196764,/loadcell_data_filtered.wrench.force.z,4234.067385121232
2.2631876760000003,1785795318.385198622,/loadcell_data_filtered.wrench.force.z,4234.973891513526
2.267885621,1785795318.389896567,/loadcell_data_filtered.wrench.force.z,4235.265623857757
2.267903921,1785795318.389914867,/loadcell_data_filtered.wrench.force.z,4235.134766021756
2.267906494,1785795318.389917440,/loadcell_data_filtered.wrench.force.z,4235.295145072856
2.267908422,1785795318.389919368,/loadcell_data_filtered.wrench.force.z,4235.358222613708
2.267910083,1785795318.389921029,/loadcell_data_filtered.wrench.force.z,4235.495771064828
2.268381762,1785795318.390392708,/loadcell_data_filtered.wrench.force.z,4235.494943994589
2.268607782,1785795318.390618728,/loadcell_data_filtered.wrench.force.z,4241.465561750568
2.270454997,1785795318.392465943,/loadcell_data_filtered.wrench.force.z,4245.874133233993
2.2709001,1785795318.392911046,/loadcell_data_filtered.wrench.force.z,4250.208504744425
2.27123176,1785795318.393242706,/loadcell_data_filtered.wrench.force.z,4253.467178262991
2.271533686,1785795318.393544632,/loadcell_data_filtered.wrench.force.z,4255.849314754296
2.271855343,1785795318.393866289,/loadcell_data_filtered.wrench.force.z,4257.439579895931
2.272236436,1785795318.394247382,/loadcell_data_filtered.wrench.force.z,4259.071271294795
2.272589634,1785795318.394600580,/loadcell_data_filtered.wrench.force.z,4260.86565696611
2.272950157,1785795318.394961103,/loadcell_data_filtered.wrench.force.z,4262.606852491904
2.273523056,1785795318.395534002,/loadcell_data_filtered.wrench.force.z,4264.186382729922
2.273863058,1785795318.395874004,/loadcell_data_filtered.wrench.force.z,4265.03324231182
2.274235114,1785795318.396246060,/loadcell_data_filtered.wrench.force.z,4264.352009892526
2.2745598510000002,1785795318.396570797,/loadcell_data_filtered.wrench.force.z,4265.513946546509
2.275138975,1785795318.397149921,/loadcell_data_filtered.wrench.force.z,4266.467091557906
2.27538578,1785795318.397396726,/loadcell_data_filtered.wrench.force.z,4267.305410716261
2.27562505,1785795318.397635996,/loadcell_data_filtered.wrench.force.z,4262.398926968628
2.2765690530000002,1785795318.398579999,/loadcell_data_filtered.wrench.force.z,4258.645285010174
2.276612261,1785795318.398623207,/loadcell_data_filtered.wrench.force.z,4255.572008302194
2.276935682,1785795318.398946628,/loadcell_data_filtered.wrench.force.z,4253.157840180497
2.277235135,1785795318.399246081,/loadcell_data_filtered.wrench.force.z,4250.787518004192
2.277534764,1785795318.399545710,/loadcell_data_filtered.wrench.force.z,4249.4843108231
2.277797109,1785795318.399808055,/loadcell_data_filtered.wrench.force.z,4242.286019663776
2.27808711,1785795318.400098056,/loadcell_data_filtered.wrench.force.z,4242.5454363628905
2.2785226769999998,1785795318.400533623,/loadcell_data_filtered.wrench.force.z,4242.438843543858
2.2786479870000003,1785795318.400658933,/loadcell_data_filtered.wrench.force.z,4243.549650264493
2.278986288,1785795318.400997234,/loadcell_data_filtered.wrench.force.z,4244.06200120604
2.27937141,1785795318.401382356,/loadcell_data_filtered.wrench.force.z,4244.250433291911
2.280030011,1785795318.402040957,/loadcell_data_filtered.wrench.force.z,4244.584700731784
2.280437315,1785795318.402448261,/loadcell_data_filtered.wrench.force.z,4244.817072238397
2.280736093,1785795318.402747039,/loadcell_data_filtered.wrench.force.z,4244.903798127634
2.28402006,1785795318.406031006,/loadcell_data_filtered.wrench.force.z,4244.966883271785
2.284039311,1785795318.406050257,/loadcell_data_filtered.wrench.force.z,4246.917368089717
2.284042028,1785795318.406052974,/loadcell_data_filtered.wrench.force.z,4252.202566482666
2.284086089,1785795318.406097035,/loadcell_data_filtered.wrench.force.z,4256.970598629995
2.284088933,1785795318.406099879,/loadcell_data_filtered.wrench.force.z,4260.8757198980475
2.284094327,1785795318.406105273,/loadcell_data_filtered.wrench.force.z,4263.874531022932
2.284379037,1785795318.406389983,/loadcell_data_filtered.wrench.force.z,4266.530368035478
2.284861341,1785795318.406872287,/loadcell_data_filtered.wrench.force.z,4268.444192656588
2.285155726,1785795318.407166672,/loadcell_data_filtered.wrench.force.z,4269.030299384116
2.285493791,1785795318.407504737,/loadcell_data_filtered.wrench.force.z,4269.331063210546
2.285863953,1785795318.407874899,/loadcell_data_filtered.wrench.force.z,4269.496909558017
2.286275105,1785795318.408286051,/loadcell_data_filtered.wrench.force.z,4269.53120044519
2.28681832,1785795318.408829266,/loadcell_data_filtered.wrench.force.z,4269.114018349579
2.287509791,1785795318.409520737,/loadcell_data_filtered.wrench.force.z,4269.082064024618
2.290724748,1785795318.412735694,/loadcell_data_filtered.wrench.force.z,4269.061578099363
2.2910864220000002,1785795318.413097368,/loadcell_data_filtered.wrench.force.z,4268.918409999428
2.291362249,1785795318.413373195,/loadcell_data_filtered.wrench.force.z,4269.671370094473
2.291630317,1785795318.413641263,/loadcell_data_filtered.wrench.force.z,4269.955992528486
2.291900028,1785795318.413910974,/loadcell_data_filtered.wrench.force.z,4265.829935036813
2.292295004,1785795318.414305950,/loadcell_data_filtered.wrench.force.z,4262.88735333814
2.292669812,1785795318.414680758,/loadcell_data_filtered.wrench.force.z,4258.758034376451
2.29311272,1785795318.415123666,/loadcell_data_filtered.wrench.force.z,4255.193203886589
2.293637465,1785795318.415648411,/loadcell_data_filtered.wrench.force.z,4252.105611502191
2.294004211,1785795318.416015157,/loadcell_data_filtered.wrench.force.z,4247.940005420598
2.294416374,1785795318.416427320,/loadcell_data_filtered.wrench.force.z,4245.278160039903
2.294623096,1785795318.416634042,/loadcell_data_filtered.wrench.force.z,4244.105762022188
2.294803936,1785795318.416814882,/loadcell_data_filtered.wrench.force.z,4243.613620691956
2.294986971,1785795318.416997917,/loadcell_data_filtered.wrench.force.z,4243.040866728937
2.295154867,1785795318.417165813,/loadcell_data_filtered.wrench.force.z,4241.932826953134
2.295348871,1785795318.417359817,/loadcell_data_filtered.wrench.force.z,4241.170193145353
2.295589252,1785795318.417600198,/loadcell_data_filtered.wrench.force.z,4240.393918945581
2.295971485,1785795318.417982431,/loadcell_data_filtered.wrench.force.z,4239.121140592332
2.296424598,1785795318.418435544,/loadcell_data_filtered.wrench.force.z,4238.427907825064
2.296740806,1785795318.418751752,/loadcell_data_filtered.wrench.force.z,4237.275062259771
2.297229151,1785795318.419240097,/loadcell_data_filtered.wrench.force.z,4236.355668514925
2.297496012,1785795318.419506958,/loadcell_data_filtered.wrench.force.z,4240.872277725175
2.298273802,1785795318.420284748,/loadcell_data_filtered.wrench.force.z,4243.668853802902
2.298995449,1785795318.421006395,/loadcell_data_filtered.wrench.force.z,4246.741944094314
2.2992898200000003,1785795318.421300766,/loadcell_data_filtered.wrench.force.z,4249.337156300483
2.2995554350000003,1785795318.421566381,/loadcell_data_filtered.wrench.force.z,4251.755553746049
2.300039997,1785795318.422050943,/loadcell_data_filtered.wrench.force.z,4252.526401458662
2.301038279,1785795318.423049225,/loadcell_data_filtered.wrench.force.z,4253.116642457705
2.301237747,1785795318.423248693,/loadcell_data_filtered.wrench.force.z,4252.421510794672
2.30137483,1785795318.423385776,/loadcell_data_filtered.wrench.force.z,4251.968657087599
2.306249828,1785795318.428260774,/loadcell_data_filtered.wrench.force.z,4252.014511050496
2.30716389,1785795318.429174836,/loadcell_data_filtered.wrench.force.z,4251.845001162928
2.307300391,1785795318.429311337,/loadcell_data_filtered.wrench.force.z,4252.1591956433585
2.307427895,1785795318.429438841,/loadcell_data_filtered.wrench.force.z,4252.561411719484
2.307559206,1785795318.429570152,/loadcell_data_filtered.wrench.force.z,4253.497405696317
2.307678475,1785795318.429689421,/loadcell_data_filtered.wrench.force.z,4254.483566161457
2.307802667,1785795318.429813613,/loadcell_data_filtered.wrench.force.z,4255.46357979113
2.307923394,1785795318.429934340,/loadcell_data_filtered.wrench.force.z,4256.115635430999
2.30804608,1785795318.430057026,/loadcell_data_filtered.wrench.force.z,4251.540429025196
2.308166541,1785795318.430177487,/loadcell_data_filtered.wrench.force.z,4248.5995936333975
2.308280895,1785795318.430291841,/loadcell_data_filtered.wrench.force.z,4245.4610536172295
2.308397637,1785795318.430408583,/loadcell_data_filtered.wrench.force.z,4241.711891758724
2.308514444,1785795318.430525390,/loadcell_data_filtered.wrench.force.z,4239.326229670906
2.308630485,1785795318.430641431,/loadcell_data_filtered.wrench.force.z,4238.275097161516
2.3093156710000002,1785795318.431326617,/loadcell_data_filtered.wrench.force.z,4238.219262693756
2.313244325,1785795318.435255271,/loadcell_data_filtered.wrench.force.z,4238.556852448592
2.313709589,1785795318.435720535,/loadcell_data_filtered.wrench.force.z,4239.456331995883
2.314086642,1785795318.436097588,/loadcell_data_filtered.wrench.force.z,4240.683950061094
2.314426754,1785795318.436437700,/loadcell_data_filtered.wrench.force.z,4241.919601844403
2.314751162,1785795318.436762108,/loadcell_data_filtered.wrench.force.z,4242.750192483078
2.31503849,1785795318.437049436,/loadcell_data_filtered.wrench.force.z,4243.740823412669
2.315282543,1785795318.437293489,/loadcell_data_filtered.wrench.force.z,4244.322882042189
2.315493493,1785795318.437504439,/loadcell_data_filtered.wrench.force.z,4243.626517517779
2.315697244,1785795318.437708190,/loadcell_data_filtered.wrench.force.z,4243.751279831184
2.315942278,1785795318.437953224,/loadcell_data_filtered.wrench.force.z,4246.412375121378
2.316244931,1785795318.438255877,/loadcell_data_filtered.wrench.force.z,4250.865349767589
2.31693975,1785795318.438950696,/loadcell_data_filtered.wrench.force.z,4255.324151559164
2.317506494,1785795318.439517440,/loadcell_data_filtered.wrench.force.z,4258.949213587511
2.318052076,1785795318.440063022,/loadcell_data_filtered.wrench.force.z,4262.223109721822
2.3184565,1785795318.440467446,/loadcell_data_filtered.wrench.force.z,4265.737605519442
2.31881311,1785795318.440824056,/loadcell_data_filtered.wrench.force.z,4267.437674601965
2.319155224,1785795318.441166170,/loadcell_data_filtered.wrench.force.z,4268.598741624055
2.319637566,1785795318.441648512,/loadcell_data_filtered.wrench.force.z,4267.86178326771
2.320050175,1785795318.442061121,/loadcell_data_filtered.wrench.force.z,4268.316399642019
2.320291123,1785795318.442302069,/loadcell_data_filtered.wrench.force.z,4268.467094144404
2.3205416100000003,1785795318.442552556,/loadcell_data_filtered.wrench.force.z,4268.373636483195
2.32255642,1785795318.444567366,/loadcell_data_filtered.wrench.force.z,4268.631395136412
2.3228494250000002,1785795318.444860371,/loadcell_data_filtered.wrench.force.z,4269.098962201518
2.323023663,1785795318.445034609,/loadcell_data_filtered.wrench.force.z,4269.698579110852
2.32321186,1785795318.445222806,/loadcell_data_filtered.wrench.force.z,4270.606916925628
2.323377987,1785795318.445388933,/loadcell_data_filtered.wrench.force.z,4271.601871457664
2.323562244,1785795318.445573190,/loadcell_data_filtered.wrench.force.z,4267.4817190752565
2.323726083,1785795318.445737029,/loadcell_data_filtered.wrench.force.z,4264.764146676803
2.323892245,1785795318.445903191,/loadcell_data_filtered.wrench.force.z,4259.599394809294
2.324085517,1785795318.446096463,/loadcell_data_filtered.wrench.force.z,4257.190051983552
2.328160238,1785795318.450171184,/loadcell_data_filtered.wrench.force.z,4254.840334889265
2.328392402,1785795318.450403348,/loadcell_data_filtered.wrench.force.z,4252.974771215413
2.32850943,1785795318.450520376,/loadcell_data_filtered.wrench.force.z,4252.761202974729
2.328647314,1785795318.450658260,/loadcell_data_filtered.wrench.force.z,4254.158314802443
2.328784389,1785795318.450795335,/loadcell_data_filtered.wrench.force.z,4255.755391804827
2.32891543,1785795318.450926376,/loadcell_data_filtered.wrench.force.z,4257.0581003792595
2.329047365,1785795318.451058311,/loadcell_data_filtered.wrench.force.z,4258.1668290896705
2.329182663,1785795318.451193609,/loadcell_data_filtered.wrench.force.z,4259.630419386674
2.329299913,1785795318.451310859,/loadcell_data_filtered.wrench.force.z,4261.308267246746
2.329417025,1785795318.451427971,/loadcell_data_filtered.wrench.force.z,4261.543205583977
2.329546466,1785795318.451557412,/loadcell_data_filtered.wrench.force.z,4260.750159938727
2.330266329,1785795318.452277275,/loadcell_data_filtered.wrench.force.z,4261.406035922906
2.332692431,1785795318.454703377,/loadcell_data_filtered.wrench.force.z,4262.398844594862
2.333072304,1785795318.455083250,/loadcell_data_filtered.wrench.force.z,4268.442598149384
2.333331252,1785795318.455342198,/loadcell_data_filtered.wrench.force.z,4272.818087997019
2.333561426,1785795318.455572372,/loadcell_data_filtered.wrench.force.z,4277.07428121768
2.333772327,1785795318.455783273,/loadcell_data_filtered.wrench.force.z,4280.416845075948
2.334000339,1785795318.456011285,/loadcell_data_filtered.wrench.force.z,4283.748896712492
2.334262367,1785795318.456273313,/loadcell_data_filtered.wrench.force.z,4285.61420273057
2.334507311,1785795318.456518257,/loadcell_data_filtered.wrench.force.z,4287.203740195942
2.334752485,1785795318.456763431,/loadcell_data_filtered.wrench.force.z,4287.642747131112
2.334946721,1785795318.456957667,/loadcell_data_filtered.wrench.force.z,4288.202229364602
2.335479595,1785795318.457490541,/loadcell_data_filtered.wrench.force.z,4288.881897138651
2.335728465,1785795318.457739411,/loadcell_data_filtered.wrench.force.z,4289.350597964254
2.336209608,1785795318.458220554,/loadcell_data_filtered.wrench.force.z,4289.9434264952015
2.336623132,1785795318.458634078,/loadcell_data_filtered.wrench.force.z,4290.218921820295
2.337107091,1785795318.459118037,/loadcell_data_filtered.wrench.force.z,4290.493806939825
2.3375722420000002,1785795318.459583188,/loadcell_data_filtered.wrench.force.z,4290.720433752759
2.339027742,1785795318.461038688,/loadcell_data_filtered.wrench.force.z,4290.564723578799
2.339532794,1785795318.461543740,/loadcell_data_filtered.wrench.force.z,4290.141123823088
2.3396965720000003,1785795318.461707518,/loadcell_data_filtered.wrench.force.z,4284.347265403723
2.339910167,1785795318.461921113,/loadcell_data_filtered.wrench.force.z,4279.8572912967775
2.340297884,1785795318.462308830,/loadcell_data_filtered.wrench.force.z,4275.640676081976
2.340710312,1785795318.462721258,/loadcell_data_filtered.wrench.force.z,4272.210804415073
2.3416733450000002,1785795318.463684291,/loadcell_data_filtered.wrench.force.z,4268.630153924106
2.34198058,1785795318.463991526,/loadcell_data_filtered.wrench.force.z,4266.6565609301015
2.34238397,1785795318.464394916,/loadcell_data_filtered.wrench.force.z,4265.50102236267
2.343033834,1785795318.465044780,/loadcell_data_filtered.wrench.force.z,4264.689321344445
2.343331485,1785795318.465342431,/loadcell_data_filtered.wrench.force.z,4264.279157655768
2.3438763160000002,1785795318.465887262,/loadcell_data_filtered.wrench.force.z,4263.382033352581
2.344204023,1785795318.466214969,/loadcell_data_filtered.wrench.force.z,4262.4384917200705
2.345181474,1785795318.467192420,/loadcell_data_filtered.wrench.force.z,4261.607892049724
2.345439122,1785795318.467450068,/loadcell_data_filtered.wrench.force.z,4260.833895088138
2.347194088,1785795318.469205034,/loadcell_data_filtered.wrench.force.z,4260.35467442833
2.347421771,1785795318.469432717,/loadcell_data_filtered.wrench.force.z,4258.809732181726
2.347614363,1785795318.469625309,/loadcell_data_filtered.wrench.force.z,4257.4293736527825
2.348007535,1785795318.470018481,/loadcell_data_filtered.wrench.force.z,4260.170108017189
2.35030216,1785795318.472313106,/loadcell_data_filtered.wrench.force.z,4263.451021719238
2.350687698,1785795318.472698644,/loadcell_data_filtered.wrench.force.z,4266.476353141932
2.350853347,1785795318.472864293,/loadcell_data_filtered.wrench.force.z,4269.719039661345
2.351019875,1785795318.473030821,/loadcell_data_filtered.wrench.force.z,4271.999371896795
2.351228567,1785795318.473239513,/loadcell_data_filtered.wrench.force.z,4274.037128372345
2.35150857,1785795318.473519516,/loadcell_data_filtered.wrench.force.z,4275.100666595808
2.351522626,1785795318.473533572,/loadcell_data_filtered.wrench.force.z,4275.140911818272
2.351664457,1785795318.473675403,/loadcell_data_filtered.wrench.force.z,4273.669145278015
2.351782184,1785795318.473793130,/loadcell_data_filtered.wrench.force.z,4272.314150135959
2.352518376,1785795318.474529322,/loadcell_data_filtered.wrench.force.z,4271.591287999298
2.352833648,1785795318.474844594,/loadcell_data_filtered.wrench.force.z,4271.319777486861
2.353141309,1785795318.475152255,/loadcell_data_filtered.wrench.force.z,4270.628120977419
2.353869025,1785795318.475879971,/loadcell_data_filtered.wrench.force.z,4269.967432963991
2.354174257,1785795318.476185203,/loadcell_data_filtered.wrench.force.z,4269.176261998907
2.3545358910000003,1785795318.476546837,/loadcell_data_filtered.wrench.force.z,4268.3866085024565
2.355158044,1785795318.477168990,/loadcell_data_filtered.wrench.force.z,4267.69752297898
2.355497208,1785795318.477508154,/loadcell_data_filtered.wrench.force.z,4261.711943694902
2.356150388,1785795318.478161334,/loadcell_data_filtered.wrench.force.z,4258.0813510506205
2.356807989,1785795318.478818935,/loadcell_data_filtered.wrench.force.z,4253.863153455906
2.357274862,1785795318.479285808,/loadcell_data_filtered.wrench.force.z,4250.445513722847
2.357688369,1785795318.479699315,/loadcell_data_filtered.wrench.force.z,4247.175435684673
2.358097339,1785795318.480108285,/loadcell_data_filtered.wrench.force.z,4245.144451304896
2.359341665,1785795318.481352611,/loadcell_data_filtered.wrench.force.z,4243.55498729372
2.359836517,1785795318.481847463,/loadcell_data_filtered.wrench.force.z,4242.895226283151
2.360181641,1785795318.482192587,/loadcell_data_filtered.wrench.force.z,4242.782157737393
2.36055036,1785795318.482561306,/loadcell_data_filtered.wrench.force.z,4242.839966741463
2.360847828,1785795318.482858774,/loadcell_data_filtered.wrench.force.z,4242.935699378146
2.361218074,1785795318.483229020,/loadcell_data_filtered.wrench.force.z,4242.770834847915
2.36486083,1785795318.486871776,/loadcell_data_filtered.wrench.force.z,4242.628883792396
2.365242258,1785795318.487253204,/loadcell_data_filtered.wrench.force.z,4242.438883220213
2.365558193,1785795318.487569139,/loadcell_data_filtered.wrench.force.z,4242.988849147252
2.365874189,1785795318.487885135,/loadcell_data_filtered.wrench.force.z,4244.036462010016
2.366220535,1785795318.488231481,/loadcell_data_filtered.wrench.force.z,4245.020583718825
2.36658211,1785795318.488593056,/loadcell_data_filtered.wrench.force.z,4251.679705234317
2.366874808,1785795318.488885754,/loadcell_data_filtered.wrench.force.z,4256.987984069942
2.367166559,1785795318.489177505,/loadcell_data_filtered.wrench.force.z,4261.4926527370535
2.367458053,1785795318.489468999,/loadcell_data_filtered.wrench.force.z,4263.469176588134
2.367796597,1785795318.489807543,/loadcell_data_filtered.wrench.force.z,4266.597612701223
2.368171254,1785795318.490182200,/loadcell_data_filtered.wrench.force.z,4267.921555126483
2.368681644,1785795318.490692590,/loadcell_data_filtered.wrench.force.z,4269.527618180005
2.368959473,1785795318.490970419,/loadcell_data_filtered.wrench.force.z,4269.9599455097705
2.374576286,1785795318.496587232,/loadcell_data_filtered.wrench.force.z,4270.409915605875
2.375148192,1785795318.497159138,/loadcell_data_filtered.wrench.force.z,4271.194312313693
2.375439664,1785795318.497450610,/loadcell_data_filtered.wrench.force.z,4271.996585756691
2.375770768,1785795318.497781714,/loadcell_data_filtered.wrench.force.z,4272.900512068683
2.376120658,1785795318.498131604,/loadcell_data_filtered.wrench.force.z,4273.798956769392
2.376443176,1785795318.498454122,/loadcell_data_filtered.wrench.force.z,4273.550419519952
2.37665445,1785795318.498665396,/loadcell_data_filtered.wrench.force.z,4268.965203174429
2.376929588,1785795318.498940534,/loadcell_data_filtered.wrench.force.z,4265.45325222982
2.377249145,1785795318.499260091,/loadcell_data_filtered.wrench.force.z,4262.802613772446
2.377525477,1785795318.499536423,/loadcell_data_filtered.wrench.force.z,4261.036828432547
2.377758274,1785795318.499769220,/loadcell_data_filtered.wrench.force.z,4259.091120983205
2.377992724,1785795318.500003670,/loadcell_data_filtered.wrench.force.z,4258.400005755891
2.378219841,1785795318.500230787,/loadcell_data_filtered.wrench.force.z,4255.966510451801
2.3784104470000003,1785795318.500421393,/loadcell_data_filtered.wrench.force.z,4256.874710262424
2.378589159,1785795318.500600105,/loadcell_data_filtered.wrench.force.z,4257.494241838784
2.378982059,1785795318.500993005,/loadcell_data_filtered.wrench.force.z,4258.4838000271975
2.381654811,1785795318.503665757,/loadcell_data_filtered.wrench.force.z,4259.24352170333
2.382011473,1785795318.504022419,/loadcell_data_filtered.wrench.force.z,4260.00888336257
2.382284052,1785795318.504294998,/loadcell_data_filtered.wrench.force.z,4260.611237753346
2.38268188,1785795318.504692826,/loadcell_data_filtered.wrench.force.z,4253.825053763441
2.383310539,1785795318.505321485,/loadcell_data_filtered.wrench.force.z,4254.872889666907
2.383706537,1785795318.505717483,/loadcell_data_filtered.wrench.force.z,4254.966671607709
2.384099158,1785795318.506110104,/loadcell_data_filtered.wrench.force.z,4258.829739162
2.384491043,1785795318.506501989,/loadcell_data_filtered.wrench.force.z,4257.619962291458
2.384818513,1785795318.506829459,/loadcell_data_filtered.wrench.force.z,4263.236212850543
2.385151262,1785795318.507162208,/loadcell_data_filtered.wrench.force.z,4266.895020391834
2.385409508,1785795318.507420454,/loadcell_data_filtered.wrench.force.z,4271.232939676352
2.385683469,1785795318.507694415,/loadcell_data_filtered.wrench.force.z,4275.081096959675
2.385926634,1785795318.507937580,/loadcell_data_filtered.wrench.force.z,4278.253352965497
2.38615462,1785795318.508165566,/loadcell_data_filtered.wrench.force.z,4279.749221488629
2.386321997,1785795318.508332943,/loadcell_data_filtered.wrench.force.z,4281.579669858592
2.386535243,1785795318.508546189,/loadcell_data_filtered.wrench.force.z,4283.168028979475
2.386744633,1785795318.508755579,/loadcell_data_filtered.wrench.force.z,4283.597331044122
2.386911225,1785795318.508922171,/loadcell_data_filtered.wrench.force.z,4284.4292894611035
2.387081214,1785795318.509092160,/loadcell_data_filtered.wrench.force.z,4285.373202252261
2.387239532,1785795318.509250478,/loadcell_data_filtered.wrench.force.z,4286.436269743905
2.387603159,1785795318.509614105,/loadcell_data_filtered.wrench.force.z,4287.258814739999
2.3881629650000002,1785795318.510173911,/loadcell_data_filtered.wrench.force.z,4287.504253743727
2.388565344,1785795318.510576290,/loadcell_data_filtered.wrench.force.z,4287.851546281978
2.389211986,1785795318.511222932,/loadcell_data_filtered.wrench.force.z,4282.530977993555
2.389621707,1785795318.511632653,/loadcell_data_filtered.wrench.force.z,4278.998715239919
2.390123828,1785795318.512134774,/loadcell_data_filtered.wrench.force.z,4274.502808734232
2.3905111420000003,1785795318.512522088,/loadcell_data_filtered.wrench.force.z,4271.012470341349
2.395029542,1785795318.517040488,/loadcell_data_filtered.wrench.force.z,4267.500112192825
2.395821738,1785795318.517832684,/loadcell_data_filtered.wrench.force.z,4265.262189921277
2.396071949,1785795318.518082895,/loadcell_data_filtered.wrench.force.z,4263.648151477197
2.396598452,1785795318.518609398,/loadcell_data_filtered.wrench.force.z,4263.41036183426
2.39704083,1785795318.519051776,/loadcell_data_filtered.wrench.force.z,4263.316221273774
2.397496496,1785795318.519507442,/loadcell_data_filtered.wrench.force.z,4262.66546452347
2.397959265,1785795318.519970211,/loadcell_data_filtered.wrench.force.z,4258.245458727312
2.398421893,1785795318.520432839,/loadcell_data_filtered.wrench.force.z,4253.918532833611
2.398797392,1785795318.520808338,/loadcell_data_filtered.wrench.force.z,4252.50591841495
2.402184578,1785795318.524195524,/loadcell_data_filtered.wrench.force.z,4250.543923808585
2.402776284,1785795318.524787230,/loadcell_data_filtered.wrench.force.z,4255.934725164528
2.403335694,1785795318.525346640,/loadcell_data_filtered.wrench.force.z,4260.454600187949
2.403909368,1785795318.525920314,/loadcell_data_filtered.wrench.force.z,4264.558943683786
2.4044259820000002,1785795318.526436928,/loadcell_data_filtered.wrench.force.z,4267.9188897514405
2.404866259,1785795318.526877205,/loadcell_data_filtered.wrench.force.z,4271.183173495895
2.405067926,1785795318.527078872,/loadcell_data_filtered.wrench.force.z,4272.977552641916
2.405234978,1785795318.527245924,/loadcell_data_filtered.wrench.force.z,4274.232337279304
2.405435881,1785795318.527446827,/loadcell_data_filtered.wrench.force.z,4274.738289976353
2.405595113,1785795318.527606059,/loadcell_data_filtered.wrench.force.z,4275.306039729082
2.405782998,1785795318.527793944,/loadcell_data_filtered.wrench.force.z,4276.1828489810805
2.405946416,1785795318.527957362,/loadcell_data_filtered.wrench.force.z,4276.3045388318515
2.406141568,1785795318.528152514,/loadcell_data_filtered.wrench.force.z,4274.5246989210145
2.406300134,1785795318.528311080,/loadcell_data_filtered.wrench.force.z,4274.878435670595
2.406486615,1785795318.528497561,/loadcell_data_filtered.wrench.force.z,4275.700270614611
2.406663648,1785795318.528674594,/loadcell_data_filtered.wrench.force.z,4276.797144174549
2.406885446,1785795318.528896392,/loadcell_data_filtered.wrench.force.z,4277.603946936136
2.407119489,1785795318.529130435,/loadcell_data_filtered.wrench.force.z,4276.387443299914
2.4073457400000002,1785795318.529356686,/loadcell_data_filtered.wrench.force.z,4271.94974667772
2.4096895480000002,1785795318.531700494,/loadcell_data_filtered.wrench.force.z,4267.51010386915
2.409994765,1785795318.532005711,/loadcell_data_filtered.wrench.force.z,4262.632645775023
2.410293461,1785795318.532304407,/loadcell_data_filtered.wrench.force.z,4260.15980596673
2.410476216,1785795318.532487162,/loadcell_data_filtered.wrench.force.z,4257.776195135672
2.410708374,1785795318.532719320,/loadcell_data_filtered.wrench.force.z,4256.794135687884
2.410901881,1785795318.532912827,/loadcell_data_filtered.wrench.force.z,4256.441238279049
2.41112237,1785795318.533133316,/loadcell_data_filtered.wrench.force.z,4257.0062083118955
2.411564248,1785795318.533575194,/loadcell_data_filtered.wrench.force.z,4257.153378233704
2.4118560110000002,1785795318.533866957,/loadcell_data_filtered.wrench.force.z,4255.993141705803
2.412111861,1785795318.534122807,/loadcell_data_filtered.wrench.force.z,4255.830005592686
2.412343558,1785795318.534354504,/loadcell_data_filtered.wrench.force.z,4255.044747149951
2.412573222,1785795318.534584168,/loadcell_data_filtered.wrench.force.z,4254.4747393188
2.413548739,1785795318.535559685,/loadcell_data_filtered.wrench.force.z,4254.163503052612
2.41388031,1785795318.535891256,/loadcell_data_filtered.wrench.force.z,4253.661747233218
2.414109502,1785795318.536120448,/loadcell_data_filtered.wrench.force.z,4253.838215722881
2.414374351,1785795318.536385297,/loadcell_data_filtered.wrench.force.z,4258.529786554496
2.414565438,1785795318.536576384,/loadcell_data_filtered.wrench.force.z,4261.850271128995
2.415097832,1785795318.537108778,/loadcell_data_filtered.wrench.force.z,4266.021211775332
2.415571727,1785795318.537582673,/loadcell_data_filtered.wrench.force.z,4269.481251188562
2.416306042,1785795318.538316988,/loadcell_data_filtered.wrench.force.z,4272.080838898515
2.416628881,1785795318.538639827,/loadcell_data_filtered.wrench.force.z,4274.119779341984
2.417039826,1785795318.539050772,/loadcell_data_filtered.wrench.force.z,4275.750191769975
2.41737288,1785795318.539383826,/loadcell_data_filtered.wrench.force.z,4275.763294112709
2.418122238,1785795318.540133184,/loadcell_data_filtered.wrench.force.z,4276.074182888007
2.418775387,1785795318.540786333,/loadcell_data_filtered.wrench.force.z,4276.501974765779
2.418912572,1785795318.540923518,/loadcell_data_filtered.wrench.force.z,4276.778297564828
2.4193256290000003,1785795318.541336575,/loadcell_data_filtered.wrench.force.z,4276.921734924055
2.419894512,1785795318.541905458,/loadcell_data_filtered.wrench.force.z,4277.553566519251
2.420286695,1785795318.542297641,/loadcell_data_filtered.wrench.force.z,4278.162030464026
2.420814953,1785795318.542825899,/loadcell_data_filtered.wrench.force.z,4278.673780896007
2.421394074,1785795318.543405020,/loadcell_data_filtered.wrench.force.z,4279.298323963646
2.422425123,1785795318.544436069,/loadcell_data_filtered.wrench.force.z,4279.884899261517
2.428759487,1785795318.550770433,/loadcell_data_filtered.wrench.force.z,4275.176037545425
2.431201762,1785795318.553212708,/loadcell_data_filtered.wrench.force.z,4271.882741745259
2.431664648,1785795318.553675594,/loadcell_data_filtered.wrench.force.z,4273.442711317247
2.432056405,1785795318.554067351,/loadcell_data_filtered.wrench.force.z,4274.732468829771
2.432443596,1785795318.554454542,/loadcell_data_filtered.wrench.force.z,4276.015670070168
2.432923471,1785795318.554934417,/loadcell_data_filtered.wrench.force.z,4277.555450830728
2.433334797,1785795318.555345743,/loadcell_data_filtered.wrench.force.z,4278.182163582688
2.4337486,1785795318.555759546,/loadcell_data_filtered.wrench.force.z,4278.484300638215
2.434200368,1785795318.556211314,/loadcell_data_filtered.wrench.force.z,4279.090109748923
2.434598964,1785795318.556609910,/loadcell_data_filtered.wrench.force.z,4280.517215281416
2.434878997,1785795318.556889943,/loadcell_data_filtered.wrench.force.z,4287.860045476015
2.435147153,1785795318.557158099,/loadcell_data_filtered.wrench.force.z,4291.49962681586
2.43540371,1785795318.557414656,/loadcell_data_filtered.wrench.force.z,4294.718387765711
2.435748492,1785795318.557759438,/loadcell_data_filtered.wrench.force.z,4298.3571649162695
2.4360076040000003,1785795318.558018550,/loadcell_data_filtered.wrench.force.z,4301.812101064372
2.4361721640000003,1785795318.558183110,/loadcell_data_filtered.wrench.force.z,4303.743591895686
2.43632682,1785795318.558337766,/loadcell_data_filtered.wrench.force.z,4305.850610787089
2.436480848,1785795318.558491794,/loadcell_data_filtered.wrench.force.z,4306.348411266889
2.43667913,1785795318.558690076,/loadcell_data_filtered.wrench.force.z,4307.21543054626
2.4368784,1785795318.558889346,/loadcell_data_filtered.wrench.force.z,4308.208713172893
2.437084396,1785795318.559095342,/loadcell_data_filtered.wrench.force.z,4309.015810684844
2.43726294,1785795318.559273886,/loadcell_data_filtered.wrench.force.z,4309.641103111136
2.437441106,1785795318.559452052,/loadcell_data_filtered.wrench.force.z,4309.804072827589
2.437606792,1785795318.559617738,/loadcell_data_filtered.wrench.force.z,4310.393880250681
2.437872796,1785795318.559883742,/loadcell_data_filtered.wrench.force.z,4310.851039407285
2.438238811,1785795318.560249757,/loadcell_data_filtered.wrench.force.z,4311.4156753076595
2.43912176,1785795318.561132706,/loadcell_data_filtered.wrench.force.z,4309.034339048439
2.439378483,1785795318.561389429,/loadcell_data_filtered.wrench.force.z,4305.017443227118
2.43963638,1785795318.561647326,/loadcell_data_filtered.wrench.force.z,4301.017438181241
2.440140989,1785795318.562151935,/loadcell_data_filtered.wrench.force.z,4297.11959774775
2.440732922,1785795318.562743868,/loadcell_data_filtered.wrench.force.z,4294.105193164193
2.44118302,1785795318.563193966,/loadcell_data_filtered.wrench.force.z,4290.611467314418
2.44176813,1785795318.563779076,/loadcell_data_filtered.wrench.force.z,4288.57182967274
2.442315362,1785795318.564326308,/loadcell_data_filtered.wrench.force.z,4287.590774783858
2.44271301,1785795318.564723956,/loadcell_data_filtered.wrench.force.z,4287.164777170211
2.443667762,1785795318.565678708,/loadcell_data_filtered.wrench.force.z,4286.930173053307
2.444096377,1785795318.566107323,/loadcell_data_filtered.wrench.force.z,4286.457097232173
2.444412756,1785795318.566423702,/loadcell_data_filtered.wrench.force.z,4286.052180785868
2.445161508,1785795318.567172454,/loadcell_data_filtered.wrench.force.z,4285.058156047233
2.445422189,1785795318.567433135,/loadcell_data_filtered.wrench.force.z,4284.122390683918
2.44610383,1785795318.568114776,/loadcell_data_filtered.wrench.force.z,4283.617757460769
2.446481136,1785795318.568492082,/loadcell_data_filtered.wrench.force.z,4281.942542060051
2.446984663,1785795318.568995609,/loadcell_data_filtered.wrench.force.z,4280.957392482057
2.4473527280000003,1785795318.569363674,/loadcell_data_filtered.wrench.force.z,4284.860666379791
2.447801696,1785795318.569812642,/loadcell_data_filtered.wrench.force.z,4287.998677282714
2.448338763,1785795318.570349709,/loadcell_data_filtered.wrench.force.z,4291.014081633651
2.4490736010000003,1785795318.571084547,/loadcell_data_filtered.wrench.force.z,4293.385688884728
2.449689081,1785795318.571700027,/loadcell_data_filtered.wrench.force.z,4295.457503978883
2.450293875,1785795318.572304821,/loadcell_data_filtered.wrench.force.z,4296.295185647256
2.450797486,1785795318.572808432,/loadcell_data_filtered.wrench.force.z,4297.194232610875
2.451326534,1785795318.573337480,/loadcell_data_filtered.wrench.force.z,4296.284908420435
2.451883596,1785795318.573894542,/loadcell_data_filtered.wrench.force.z,4295.485223328726
2.452388762,1785795318.574399708,/loadcell_data_filtered.wrench.force.z,4294.620596700841
2.452909756,1785795318.574920702,/loadcell_data_filtered.wrench.force.z,4294.010351905659
2.453444354,1785795318.575455300,/loadcell_data_filtered.wrench.force.z,4293.420652238499
2.453971511,1785795318.575982457,/loadcell_data_filtered.wrench.force.z,4292.712583394083
2.454790911,1785795318.576801857,/loadcell_data_filtered.wrench.force.z,4291.916920455269
2.4553368300000002,1785795318.577347776,/loadcell_data_filtered.wrench.force.z,4291.439018176337
2.455753899,1785795318.577764845,/loadcell_data_filtered.wrench.force.z,4291.256018805366
2.456154206,1785795318.578165152,/loadcell_data_filtered.wrench.force.z,4290.887481320792
2.456539131,1785795318.578550077,/loadcell_data_filtered.wrench.force.z,4284.9054495076
2.456828863,1785795318.578839809,/loadcell_data_filtered.wrench.force.z,4280.8283198952495
2.457211115,1785795318.579222061,/loadcell_data_filtered.wrench.force.z,4276.607468250638
2.457509424,1785795318.579520370,/loadcell_data_filtered.wrench.force.z,4272.875025819169
2.457776532,1785795318.579787478,/loadcell_data_filtered.wrench.force.z,4269.258283762281
2.459884553,1785795318.581895499,/loadcell_data_filtered.wrench.force.z,4267.343139702587
2.459903729,1785795318.581914675,/loadcell_data_filtered.wrench.force.z,4265.736593069613
2.459908769,1785795318.581919715,/loadcell_data_filtered.wrench.force.z,4265.578029279678
2.460008906,1785795318.582019852,/loadcell_data_filtered.wrench.force.z,4265.535146284871
2.460451184,1785795318.582462130,/loadcell_data_filtered.wrench.force.z,4265.425212943462
2.462934872,1785795318.584945818,/loadcell_data_filtered.wrench.force.z,4265.2637004345115
2.463479722,1785795318.585490668,/loadcell_data_filtered.wrench.force.z,4265.080524604584
2.463922984,1785795318.585933930,/loadcell_data_filtered.wrench.force.z,4264.7900870882395
2.464604484,1785795318.586615430,/loadcell_data_filtered.wrench.force.z,4257.638215983941
2.46547821,1785795318.587489156,/loadcell_data_filtered.wrench.force.z,4257.466309814815
2.465759283,1785795318.587770229,/loadcell_data_filtered.wrench.force.z,4256.515219342386
2.466346259,1785795318.588357205,/loadcell_data_filtered.wrench.force.z,4256.605619319358
2.467427493,1785795318.589438439,/loadcell_data_filtered.wrench.force.z,4262.218562224751
2.467491687,1785795318.589502633,/loadcell_data_filtered.wrench.force.z,4266.75576225984
2.467945656,1785795318.589956602,/loadcell_data_filtered.wrench.force.z,4270.824147436316
2.468438683,1785795318.590449629,/loadcell_data_filtered.wrench.force.z,4273.350000556741
2.468926697,1785795318.590937643,/loadcell_data_filtered.wrench.force.z,4276.463309764488
2.469336775,1785795318.591347721,/loadcell_data_filtered.wrench.force.z,4277.8034813496215
2.469766437,1785795318.591777383,/loadcell_data_filtered.wrench.force.z,4278.877933848591
2.470192906,1785795318.592203852,/loadcell_data_filtered.wrench.force.z,4279.013465827195
2.470668851,1785795318.592679797,/loadcell_data_filtered.wrench.force.z,4279.407824196268
2.471164759,1785795318.593175705,/loadcell_data_filtered.wrench.force.z,4279.586699209261
2.472285105,1785795318.594296051,/loadcell_data_filtered.wrench.force.z,4279.624584094282
2.472946363,1785795318.594957309,/loadcell_data_filtered.wrench.force.z,4280.172955922629
2.473618378,1785795318.595629324,/loadcell_data_filtered.wrench.force.z,4281.134498904564
2.474118225,1785795318.596129171,/loadcell_data_filtered.wrench.force.z,4282.32325688361
2.47478226,1785795318.596793206,/loadcell_data_filtered.wrench.force.z,4283.150866950896
2.475283165,1785795318.597294111,/loadcell_data_filtered.wrench.force.z,4283.9693145679075
2.475689844,1785795318.597700790,/loadcell_data_filtered.wrench.force.z,4281.255787631978
2.476268198,1785795318.598279144,/loadcell_data_filtered.wrench.force.z,4278.07484234015
2.4771604910000002,1785795318.599171437,/loadcell_data_filtered.wrench.force.z,4273.514644644283
2.477897876,1785795318.599908822,/loadcell_data_filtered.wrench.force.z,4270.697010281364
2.478477098,1785795318.600488044,/loadcell_data_filtered.wrench.force.z,4268.416921044682
2.479334246,1785795318.601345192,/loadcell_data_filtered.wrench.force.z,4266.393331667949
2.480117184,1785795318.602128130,/loadcell_data_filtered.wrench.force.z,4265.123337648053
2.480749552,1785795318.602760498,/loadcell_data_filtered.wrench.force.z,4265.211626463263
2.4812292,1785795318.603240146,/loadcell_data_filtered.wrench.force.z,4265.433411586027
2.481623287,1785795318.603634233,/loadcell_data_filtered.wrench.force.z,4265.961875590945
2.481996332,1785795318.604007278,/loadcell_data_filtered.wrench.force.z,4266.215631248867
2.4824465510000002,1785795318.604457497,/loadcell_data_filtered.wrench.force.z,4266.631574331706
2.482954953,1785795318.604965899,/loadcell_data_filtered.wrench.force.z,4266.972589080071
2.483429523,1785795318.605440469,/loadcell_data_filtered.wrench.force.z,4266.998323997387
2.483772409,1785795318.605783355,/loadcell_data_filtered.wrench.force.z,4267.061051614812
2.484206294,1785795318.606217240,/loadcell_data_filtered.wrench.force.z,4267.13861695588
2.484632646,1785795318.606643592,/loadcell_data_filtered.wrench.force.z,4272.784070182803
2.486038499,1785795318.608049445,/loadcell_data_filtered.wrench.force.z,4277.000974165005
2.486053234,1785795318.608064180,/loadcell_data_filtered.wrench.force.z,4281.582615480727
2.486057187,1785795318.608068133,/loadcell_data_filtered.wrench.force.z,4285.518511122096
2.486391377,1785795318.608402323,/loadcell_data_filtered.wrench.force.z,4289.401652503748
2.487083554,1785795318.609094500,/loadcell_data_filtered.wrench.force.z,4292.119647753838
2.487506042,1785795318.609516988,/loadcell_data_filtered.wrench.force.z,4294.6360917664515
2.48810399,1785795318.610114936,/loadcell_data_filtered.wrench.force.z,4295.713281682235
2.488660946,1785795318.610671892,/loadcell_data_filtered.wrench.force.z,4296.99890006855
2.489162963,1785795318.611173909,/loadcell_data_filtered.wrench.force.z,4297.351211672163
2.489754922,1785795318.611765868,/loadcell_data_filtered.wrench.force.z,4296.564426078506
2.4902070050000003,1785795318.612217951,/loadcell_data_filtered.wrench.force.z,4297.090572432608
2.490586625,1785795318.612597571,/loadcell_data_filtered.wrench.force.z,4297.622703973392
2.49082796,1785795318.612838906,/loadcell_data_filtered.wrench.force.z,4298.715251773519
2.4910507710000003,1785795318.613061717,/loadcell_data_filtered.wrench.force.z,4298.572001503869
2.491298083,1785795318.613309029,/loadcell_data_filtered.wrench.force.z,4298.809411262887
2.491568783,1785795318.613579729,/loadcell_data_filtered.wrench.force.z,4299.319481308076
2.491856603,1785795318.613867549,/loadcell_data_filtered.wrench.force.z,4294.412026262622
2.492129843,1785795318.614140789,/loadcell_data_filtered.wrench.force.z,4291.045650456824
2.49237526,1785795318.614386206,/loadcell_data_filtered.wrench.force.z,4288.184187839437
2.492628064,1785795318.614639010,/loadcell_data_filtered.wrench.force.z,4285.575925612795
2.49289308,1785795318.614904026,/loadcell_data_filtered.wrench.force.z,4282.998525132143
2.493214358,1785795318.615225304,/loadcell_data_filtered.wrench.force.z,4282.155653880385
2.493506789,1785795318.615517735,/loadcell_data_filtered.wrench.force.z,4281.380920508517
2.493752094,1785795318.615763040,/loadcell_data_filtered.wrench.force.z,4281.919909263431
2.493979899,1785795318.615990845,/loadcell_data_filtered.wrench.force.z,4282.520431370999
2.496199024,1785795318.618209970,/loadcell_data_filtered.wrench.force.z,4283.399735096421
2.49620496,1785795318.618215906,/loadcell_data_filtered.wrench.force.z,4283.890299685361
2.496364216,1785795318.618375162,/loadcell_data_filtered.wrench.force.z,4284.633958596757
2.49665068,1785795318.618661626,/loadcell_data_filtered.wrench.force.z,4285.3835224613385
2.496879378,1785795318.618890324,/loadcell_data_filtered.wrench.force.z,4286.197787298193
2.497129361,1785795318.619140307,/loadcell_data_filtered.wrench.force.z,4286.36256688327
2.503513078,1785795318.625524024,/loadcell_data_filtered.wrench.force.z,4286.206480630465
2.503944279,1785795318.625955225,/loadcell_data_filtered.wrench.force.z,4287.500832828134
2.504312829,1785795318.626323775,/loadcell_data_filtered.wrench.force.z,4291.303127512261
2.504556817,1785795318.626567763,/loadcell_data_filtered.wrench.force.z,4295.330230529984
2.504807866,1785795318.626818812,/loadcell_data_filtered.wrench.force.z,4297.902168909491
2.50508687,1785795318.627097816,/loadcell_data_filtered.wrench.force.z,4298.985569674153
2.5053723359999998,1785795318.627383282,/loadcell_data_filtered.wrench.force.z,4299.999639277695
2.505619554,1785795318.627630500,/loadcell_data_filtered.wrench.force.z,4300.7922586392415
2.505861862,1785795318.627872808,/loadcell_data_filtered.wrench.force.z,4301.404883309714
2.50615156,1785795318.628162506,/loadcell_data_filtered.wrench.force.z,4301.685724270319
2.506463831,1785795318.628474777,/loadcell_data_filtered.wrench.force.z,4302.025100531215
2.5068002,1785795318.628811146,/loadcell_data_filtered.wrench.force.z,4302.044376688542
2.507139284,1785795318.629150230,/loadcell_data_filtered.wrench.force.z,4301.124485751989
2.507446603,1785795318.629457549,/loadcell_data_filtered.wrench.force.z,4298.298672328817
2.507804225,1785795318.629815171,/loadcell_data_filtered.wrench.force.z,4296.354634335908
2.508152926,1785795318.630163872,/loadcell_data_filtered.wrench.force.z,4290.726326718967
2.5085057710000003,1785795318.630516717,/loadcell_data_filtered.wrench.force.z,4286.538371820156
2.508837729,1785795318.630848675,/loadcell_data_filtered.wrench.force.z,4281.461711305508
2.509169941,1785795318.631180887,/loadcell_data_filtered.wrench.force.z,4276.9779646925535
2.509524405,1785795318.631535351,/loadcell_data_filtered.wrench.force.z,4273.111855621983
2.509949509,1785795318.631960455,/loadcell_data_filtered.wrench.force.z,4269.82840928287
2.511037121,1785795318.633048067,/loadcell_data_filtered.wrench.force.z,4267.215668663586
2.512093691,1785795318.634104637,/loadcell_data_filtered.wrench.force.z,4265.64934239997
2.512483118,1785795318.634494064,/loadcell_data_filtered.wrench.force.z,4265.4429234671015
2.5128583730000003,1785795318.634869319,/loadcell_data_filtered.wrench.force.z,4265.277410397965
2.513188665,1785795318.635199611,/loadcell_data_filtered.wrench.force.z,4264.901388824828
2.513459029,1785795318.635469975,/loadcell_data_filtered.wrench.force.z,4264.333529091595
2.513883493,1785795318.635894439,/loadcell_data_filtered.wrench.force.z,4263.107459160597
2.514276331,1785795318.636287277,/loadcell_data_filtered.wrench.force.z,4261.0997443361775
2.514627458,1785795318.636638404,/loadcell_data_filtered.wrench.force.z,4260.095801956876
2.514928306,1785795318.636939252,/loadcell_data_filtered.wrench.force.z,4259.5487848048615
2.515277563,1785795318.637288509,/loadcell_data_filtered.wrench.force.z,4259.129152947665
2.515631911,1785795318.637642857,/loadcell_data_filtered.wrench.force.z,4264.5219816741
2.516145409,1785795318.638156355,/loadcell_data_filtered.wrench.force.z,4267.384713455079
2.516364403,1785795318.638375349,/loadcell_data_filtered.wrench.force.z,4270.271038630363
2.517480603,1785795318.639491549,/loadcell_data_filtered.wrench.force.z,4272.611570872476
2.517834729,1785795318.639845675,/loadcell_data_filtered.wrench.force.z,4274.910160212525
2.518114813,1785795318.640125759,/loadcell_data_filtered.wrench.force.z,4276.239286830009
2.518411652,1785795318.640422598,/loadcell_data_filtered.wrench.force.z,4277.550762404614
2.51872276,1785795318.640733706,/loadcell_data_filtered.wrench.force.z,4277.791643980709
2.518948043,1785795318.640958989,/loadcell_data_filtered.wrench.force.z,4278.043080226213
2.519224704,1785795318.641235650,/loadcell_data_filtered.wrench.force.z,4277.477622266685
2.51949755,1785795318.641508496,/loadcell_data_filtered.wrench.force.z,4276.721317903448
2.519842563,1785795318.641853509,/loadcell_data_filtered.wrench.force.z,4276.863956827229
2.520197547,1785795318.642208493,/loadcell_data_filtered.wrench.force.z,4277.091249265828
2.526204168,1785795318.648215114,/loadcell_data_filtered.wrench.force.z,4277.332801398533
2.5276668410000003,1785795318.649677787,/loadcell_data_filtered.wrench.force.z,4278.31429905108
2.527999456,1785795318.650010402,/loadcell_data_filtered.wrench.force.z,4275.275039505241
2.52827268,1785795318.650283626,/loadcell_data_filtered.wrench.force.z,4272.8005685786275
2.528478737,1785795318.650489683,/loadcell_data_filtered.wrench.force.z,4271.103404466031
2.528729137,1785795318.650740083,/loadcell_data_filtered.wrench.force.z,4269.230908941848
2.52907114,1785795318.651082086,/loadcell_data_filtered.wrench.force.z,4268.916509313527
2.529375503,1785795318.651386449,/loadcell_data_filtered.wrench.force.z,4269.541588383926
2.529569399,1785795318.651580345,/loadcell_data_filtered.wrench.force.z,4270.802566346417
2.529746747,1785795318.651757693,/loadcell_data_filtered.wrench.force.z,4271.982339604728
2.529924439,1785795318.651935385,/loadcell_data_filtered.wrench.force.z,4272.754092699546
2.5301239300000002,1785795318.652134876,/loadcell_data_filtered.wrench.force.z,4273.941001361477
2.530321172,1785795318.652332118,/loadcell_data_filtered.wrench.force.z,4273.353635069924
2.530519785,1785795318.652530731,/loadcell_data_filtered.wrench.force.z,4273.489402455425
2.532777559,1785795318.654788505,/loadcell_data_filtered.wrench.force.z,4273.848266001949
2.533752755,1785795318.655763701,/loadcell_data_filtered.wrench.force.z,4274.500143376207
2.534078114,1785795318.656089060,/loadcell_data_filtered.wrench.force.z,4275.407468494895
2.534332966,1785795318.656343912,/loadcell_data_filtered.wrench.force.z,4278.711376596285
2.53456312,1785795318.656574066,/loadcell_data_filtered.wrench.force.z,4284.915732361022
2.53479131,1785795318.656802256,/loadcell_data_filtered.wrench.force.z,4290.697913152711
2.535049397,1785795318.657060343,/loadcell_data_filtered.wrench.force.z,4295.423394911652
2.5352858879999998,1785795318.657296834,/loadcell_data_filtered.wrench.force.z,4299.324814743383
2.5354952170000002,1785795318.657506163,/loadcell_data_filtered.wrench.force.z,4303.5970754746395
2.535705561,1785795318.657716507,/loadcell_data_filtered.wrench.force.z,4305.545568133053
2.535899874,1785795318.657910820,/loadcell_data_filtered.wrench.force.z,4307.029572520499
2.536136205,1785795318.658147151,/loadcell_data_filtered.wrench.force.z,4306.182079668928
2.536362128,1785795318.658373074,/loadcell_data_filtered.wrench.force.z,4306.605867006589
2.538845874,1785795318.660856820,/loadcell_data_filtered.wrench.force.z,4307.507221011852
2.539923344,1785795318.661934290,/loadcell_data_filtered.wrench.force.z,4307.78757538901
2.540305748,1785795318.662316694,/loadcell_data_filtered.wrench.force.z,4308.615638409831
2.5405933640000002,1785795318.662604310,/loadcell_data_filtered.wrench.force.z,4309.579627424129
2.540853844,1785795318.662864790,/loadcell_data_filtered.wrench.force.z,4310.441348415339
2.541115687,1785795318.663126633,/loadcell_data_filtered.wrench.force.z,4311.445466397693
2.541337287,1785795318.663348233,/loadcell_data_filtered.wrench.force.z,4311.987685872512
2.541554572,1785795318.663565518,/loadcell_data_filtered.wrench.force.z,4308.1803298670075
2.541863103,1785795318.663874049,/loadcell_data_filtered.wrench.force.z,4305.055792440051
2.54221243,1785795318.664223376,/loadcell_data_filtered.wrench.force.z,4301.632930450402
2.542544059,1785795318.664555005,/loadcell_data_filtered.wrench.force.z,4297.654635431409
2.542798801,1785795318.664809747,/loadcell_data_filtered.wrench.force.z,4294.584734391537
2.5430655250000003,1785795318.665076471,/loadcell_data_filtered.wrench.force.z,4292.995624793186
2.543308374,1785795318.665319320,/loadcell_data_filtered.wrench.force.z,4290.776595277049
2.543515936,1785795318.665526882,/loadcell_data_filtered.wrench.force.z,4291.017066500723
2.543765183,1785795318.665776129,/loadcell_data_filtered.wrench.force.z,4290.942315300968
2.5440188519999998,1785795318.666029798,/loadcell_data_filtered.wrench.force.z,4291.241580868891
2.544268777,1785795318.666279723,/loadcell_data_filtered.wrench.force.z,4291.284937101468
2.544498486,1785795318.666509432,/loadcell_data_filtered.wrench.force.z,4291.098680927527
2.544719673,1785795318.666730619,/loadcell_data_filtered.wrench.force.z,4291.0163783418975
2.545257008,1785795318.667267954,/loadcell_data_filtered.wrench.force.z,4290.956344163986
2.545988558,1785795318.667999504,/loadcell_data_filtered.wrench.force.z,4290.767103491347
2.54677526,1785795318.668786206,/loadcell_data_filtered.wrench.force.z,4290.86289391592
2.547116823,1785795318.669127769,/loadcell_data_filtered.wrench.force.z,4290.84746954093
2.547373544,1785795318.669384490,/loadcell_data_filtered.wrench.force.z,4296.45125677388
2.547921805,1785795318.669932751,/loadcell_data_filtered.wrench.force.z,4300.30584921665
2.5484528,1785795318.670463746,/loadcell_data_filtered.wrench.force.z,4304.628790690902
2.5488324220000003,1785795318.670843368,/loadcell_data_filtered.wrench.force.z,4308.093245446354
2.549495861,1785795318.671506807,/loadcell_data_filtered.wrench.force.z,4310.833305194803
2.550219148,1785795318.672230094,/loadcell_data_filtered.wrench.force.z,4312.2789194169
2.5523770690000003,1785795318.674388015,/loadcell_data_filtered.wrench.force.z,4313.429231390715
2.55296306,1785795318.674974006,/loadcell_data_filtered.wrench.force.z,4313.6875215547425
2.553504856,1785795318.675515802,/loadcell_data_filtered.wrench.force.z,4314.424288022413
2.5541113490000003,1785795318.676122295,/loadcell_data_filtered.wrench.force.z,4315.075460616604
2.554525725,1785795318.676536671,/loadcell_data_filtered.wrench.force.z,4315.887455234311
2.554810159,1785795318.676821105,/loadcell_data_filtered.wrench.force.z,4316.132727639693
2.555066065,1785795318.677077011,/loadcell_data_filtered.wrench.force.z,4315.8577954828625
2.555312216,1785795318.677323162,/loadcell_data_filtered.wrench.force.z,4315.564525733273
2.555543479,1785795318.677554425,/loadcell_data_filtered.wrench.force.z,4314.965411127855
2.5557697470000003,1785795318.677780693,/loadcell_data_filtered.wrench.force.z,4314.614988978335
2.556024687,1785795318.678035633,/loadcell_data_filtered.wrench.force.z,4314.109993388565
2.556346093,1785795318.678357039,/loadcell_data_filtered.wrench.force.z,4307.45336214015
2.5566473,1785795318.678658246,/loadcell_data_filtered.wrench.force.z,4302.4098080419635
2.556936285,1785795318.678947231,/loadcell_data_filtered.wrench.force.z,4297.962896601593
2.557379422,1785795318.679390368,/loadcell_data_filtered.wrench.force.z,4294.343120630961
2.558405025,1785795318.680415971,/loadcell_data_filtered.wrench.force.z,4290.557807775807
2.558864101,1785795318.680875047,/loadcell_data_filtered.wrench.force.z,4288.194712509703
2.559294257,1785795318.681305203,/loadcell_data_filtered.wrench.force.z,4286.543681822576
2.559727168,1785795318.681738114,/loadcell_data_filtered.wrench.force.z,4286.221813452356
2.560140837,1785795318.682151783,/loadcell_data_filtered.wrench.force.z,4285.874779734082
2.560499029,1785795318.682509975,/loadcell_data_filtered.wrench.force.z,4285.182385991396
2.5610142920000003,1785795318.683025238,/loadcell_data_filtered.wrench.force.z,4284.329468323416
2.564387386,1785795318.686398332,/loadcell_data_filtered.wrench.force.z,4283.272225866738
2.564667487,1785795318.686678433,/loadcell_data_filtered.wrench.force.z,4282.117804858235
2.564892244,1785795318.686903190,/loadcell_data_filtered.wrench.force.z,4281.043033576623
2.565867428,1785795318.687878374,/loadcell_data_filtered.wrench.force.z,4279.915297480627
2.566468081,1785795318.688479027,/loadcell_data_filtered.wrench.force.z,4279.043666586672
2.56663441,1785795318.688645356,/loadcell_data_filtered.wrench.force.z,4281.844127761818
2.566854305,1785795318.688865251,/loadcell_data_filtered.wrench.force.z,4286.4662422518895
2.567070486,1785795318.689081432,/loadcell_data_filtered.wrench.force.z,4290.909776729499
2.567312486,1785795318.689323432,/loadcell_data_filtered.wrench.force.z,4294.542670525464
2.567519167,1785795318.689530113,/loadcell_data_filtered.wrench.force.z,4297.31918168958
2.567719732,1785795318.689730678,/loadcell_data_filtered.wrench.force.z,4300.159735288618
2.567907494,1785795318.689918440,/loadcell_data_filtered.wrench.force.z,4300.848705765048
2.568122477,1785795318.690133423,/loadcell_data_filtered.wrench.force.z,4299.207462026537
2.568300402,1785795318.690311348,/loadcell_data_filtered.wrench.force.z,4298.817004896242
2.568508928,1785795318.690519874,/loadcell_data_filtered.wrench.force.z,4298.527420775476
2.568850986,1785795318.690861932,/loadcell_data_filtered.wrench.force.z,4298.109785489135
2.569200682,1785795318.691211628,/loadcell_data_filtered.wrench.force.z,4297.780973313112
2.569696697,1785795318.691707643,/loadcell_data_filtered.wrench.force.z,4297.76485686058
2.570334029,1785795318.692344975,/loadcell_data_filtered.wrench.force.z,4297.895507037609
2.570658013,1785795318.692668959,/loadcell_data_filtered.wrench.force.z,4298.044473488293
2.5747100830000003,1785795318.696721029,/loadcell_data_filtered.wrench.force.z,4298.203711271528
2.574878823,1785795318.696889769,/loadcell_data_filtered.wrench.force.z,4298.036453136593
2.57502327,1785795318.697034216,/loadcell_data_filtered.wrench.force.z,4293.6096366164265
2.5751532,1785795318.697164146,/loadcell_data_filtered.wrench.force.z,4290.941726935712
2.575292029,1785795318.697302975,/loadcell_data_filtered.wrench.force.z,4287.72542684383
2.575424493,1785795318.697435439,/loadcell_data_filtered.wrench.force.z,4284.933725648515
2.5755868140000002,1785795318.697597760,/loadcell_data_filtered.wrench.force.z,4282.554725832895
2.575754984,1785795318.697765930,/loadcell_data_filtered.wrench.force.z,4281.559086511453
2.575923166,1785795318.697934112,/loadcell_data_filtered.wrench.force.z,4280.327219207403
2.57609089,1785795318.698101836,/loadcell_data_filtered.wrench.force.z,4278.929159616052
2.576399216,1785795318.698410162,/loadcell_data_filtered.wrench.force.z,4279.333476746476
2.576615726,1785795318.698626672,/loadcell_data_filtered.wrench.force.z,4279.773614659044
2.577176581,1785795318.699187527,/loadcell_data_filtered.wrench.force.z,4280.348423160567
2.577554472,1785795318.699565418,/loadcell_data_filtered.wrench.force.z,4280.127135909367
2.5803811960000003,1785795318.702392142,/loadcell_data_filtered.wrench.force.z,4280.3055813323745
2.580863087,1785795318.702874033,/loadcell_data_filtered.wrench.force.z,4280.274816679234
2.580988939,1785795318.702999885,/loadcell_data_filtered.wrench.force.z,4280.892388859497
2.581109164,1785795318.703120110,/loadcell_data_filtered.wrench.force.z,4281.662451067298
2.5812556779999998,1785795318.703266624,/loadcell_data_filtered.wrench.force.z,4282.797070942157
2.581436158,1785795318.703447104,/loadcell_data_filtered.wrench.force.z,4289.683919633718
2.582130954,1785795318.704141900,/loadcell_data_filtered.wrench.force.z,4294.298406014941
2.582629878,1785795318.704640824,/loadcell_data_filtered.wrench.force.z,4298.128163768458
2.583017275,1785795318.705028221,/loadcell_data_filtered.wrench.force.z,4302.663216366032
2.5834354729999998,1785795318.705446419,/loadcell_data_filtered.wrench.force.z,4306.175357543093
2.583708629,1785795318.705719575,/loadcell_data_filtered.wrench.force.z,4308.07870344005
2.584009951,1785795318.706020897,/loadcell_data_filtered.wrench.force.z,4310.288311100736
2.584280008,1785795318.706290954,/loadcell_data_filtered.wrench.force.z,4310.946886624052
2.584667961,1785795318.706678907,/loadcell_data_filtered.wrench.force.z,4312.031297909542
2.585167624,1785795318.707178570,/loadcell_data_filtered.wrench.force.z,4313.2316315449125
2.588101833,1785795318.710112779,/loadcell_data_filtered.wrench.force.z,4314.146531170106
2.589479567,1785795318.711490513,/loadcell_data_filtered.wrench.force.z,4315.063570929856
2.589885166,1785795318.711896112,/loadcell_data_filtered.wrench.force.z,4316.369992708144
2.590140502,1785795318.712151448,/loadcell_data_filtered.wrench.force.z,4317.663493327567
2.590367391,1785795318.712378337,/loadcell_data_filtered.wrench.force.z,4317.645200140419
2.5906149689999998,1785795318.712625915,/loadcell_data_filtered.wrench.force.z,4318.229484450249
2.5908557070000002,1785795318.712866653,/loadcell_data_filtered.wrench.force.z,4318.671013749836
2.5910701510000003,1785795318.713081097,/loadcell_data_filtered.wrench.force.z,4313.474005610096
2.591275858,1785795318.713286804,/loadcell_data_filtered.wrench.force.z,4309.803165155187
2.591502796,1785795318.713513742,/loadcell_data_filtered.wrench.force.z,4306.5378540998645
2.5917700960000003,1785795318.713781042,/loadcell_data_filtered.wrench.force.z,4304.068077986143
2.592061738,1785795318.714072684,/loadcell_data_filtered.wrench.force.z,4301.7926547075685
2.592293439,1785795318.714304385,/loadcell_data_filtered.wrench.force.z,4300.569952966466
2.592496137,1785795318.714507083,/loadcell_data_filtered.wrench.force.z,4300.397062295282
2.592747889,1785795318.714758835,/loadcell_data_filtered.wrench.force.z,4300.662526317665
2.5932974360000003,1785795318.715308382,/loadcell_data_filtered.wrench.force.z,4301.318174692713
2.593616697,1785795318.715627643,/loadcell_data_filtered.wrench.force.z,4301.855180546027
2.5940713630000003,1785795318.716082309,/loadcell_data_filtered.wrench.force.z,4302.198462751695
2.594759298,1785795318.716770244,/loadcell_data_filtered.wrench.force.z,4302.222870204947
2.595136548,1785795318.717147494,/loadcell_data_filtered.wrench.force.z,4302.177603847106
2.597817286,1785795318.719828232,/loadcell_data_filtered.wrench.force.z,4302.21314257096
2.5980518,1785795318.720062746,/loadcell_data_filtered.wrench.force.z,4302.41977241737
2.598227179,1785795318.720238125,/loadcell_data_filtered.wrench.force.z,4303.063596163029
2.598403731,1785795318.720414677,/loadcell_data_filtered.wrench.force.z,4307.545732584741
2.598550507,1785795318.720561453,/loadcell_data_filtered.wrench.force.z,4311.87265201474
2.599435972,1785795318.721446918,/loadcell_data_filtered.wrench.force.z,4316.785483574446
2.599455331,1785795318.721466277,/loadcell_data_filtered.wrench.force.z,4319.775144788259
2.599458835,1785795318.721469781,/loadcell_data_filtered.wrench.force.z,4322.386371896766
2.599759689,1785795318.721770635,/loadcell_data_filtered.wrench.force.z,4325.218663068426
2.600469252,1785795318.722480198,/loadcell_data_filtered.wrench.force.z,4326.904071311855
2.600978087,1785795318.722989033,/loadcell_data_filtered.wrench.force.z,4327.358612092906
2.601308409,1785795318.723319355,/loadcell_data_filtered.wrench.force.z,4327.429757333333
2.6020244100000003,1785795318.724035356,/loadcell_data_filtered.wrench.force.z,4328.1160992562345
2.603125679,1785795318.725136625,/loadcell_data_filtered.wrench.force.z,4328.4294379228195
2.60342623,1785795318.725437176,/loadcell_data_filtered.wrench.force.z,4328.84036023373
2.603611051,1785795318.725621997,/loadcell_data_filtered.wrench.force.z,4329.282795703107
2.603811549,1785795318.725822495,/loadcell_data_filtered.wrench.force.z,4329.415200859657
2.60409806,1785795318.726109006,/loadcell_data_filtered.wrench.force.z,4329.456034810796
2.604574538,1785795318.726585484,/loadcell_data_filtered.wrench.force.z,4329.722203399777
2.605001468,1785795318.727012414,/loadcell_data_filtered.wrench.force.z,4329.765672919644
2.605873742,1785795318.727884688,/loadcell_data_filtered.wrench.force.z,4324.509898562135
2.606393395,1785795318.728404341,/loadcell_data_filtered.wrench.force.z,4321.374880119615
2.606831463,1785795318.728842409,/loadcell_data_filtered.wrench.force.z,4317.209179896808
2.607176767,1785795318.729187713,/loadcell_data_filtered.wrench.force.z,4313.735033484053
2.607665914,1785795318.729676860,/loadcell_data_filtered.wrench.force.z,4310.402935248455
2.60811197,1785795318.730122916,/loadcell_data_filtered.wrench.force.z,4308.342911687778
2.6087288390000003,1785795318.730739785,/loadcell_data_filtered.wrench.force.z,4306.526896398531
2.609177968,1785795318.731188914,/loadcell_data_filtered.wrench.force.z,4305.6713691396235
2.6139012790000002,1785795318.735912225,/loadcell_data_filtered.wrench.force.z,4305.482558551172
2.61435736,1785795318.736368306,/loadcell_data_filtered.wrench.force.z,4304.9631573663655
2.614698899,1785795318.736709845,/loadcell_data_filtered.wrench.force.z,4305.110316240681
2.615052663,1785795318.737063609,/loadcell_data_filtered.wrench.force.z,4304.984112401065
2.615654351,1785795318.737665297,/loadcell_data_filtered.wrench.force.z,4304.8111850518935
2.615991389,1785795318.738002335,/loadcell_data_filtered.wrench.force.z,4304.340473877944
2.6164343160000003,1785795318.738445262,/loadcell_data_filtered.wrench.force.z,4304.012246970456
2.61687116,1785795318.738882106,/loadcell_data_filtered.wrench.force.z,4303.764690340276
2.617283461,1785795318.739294407,/loadcell_data_filtered.wrench.force.z,4303.339378733
2.617703957,1785795318.739714903,/loadcell_data_filtered.wrench.force.z,4308.357743231677
2.6181446839999998,1785795318.740155630,/loadcell_data_filtered.wrench.force.z,4311.6846171312145
2.618524157,1785795318.740535103,/loadcell_data_filtered.wrench.force.z,4312.937364367928
2.618810194,1785795318.740821140,/loadcell_data_filtered.wrench.force.z,4315.3029778658065
2.619172255,1785795318.741183201,/loadcell_data_filtered.wrench.force.z,4317.776263866463
2.619391196,1785795318.741402142,/loadcell_data_filtered.wrench.force.z,4318.887006107588
2.619580842,1785795318.741591788,/loadcell_data_filtered.wrench.force.z,4318.639959155589
2.619775609,1785795318.741786555,/loadcell_data_filtered.wrench.force.z,4318.059348696046
2.620010564,1785795318.742021510,/loadcell_data_filtered.wrench.force.z,4317.733617941021
2.620331137,1785795318.742342083,/loadcell_data_filtered.wrench.force.z,4317.274884220247
2.620623975,1785795318.742634921,/loadcell_data_filtered.wrench.force.z,4316.649845898168
2.620948738,1785795318.742959684,/loadcell_data_filtered.wrench.force.z,4316.225259882544
2.6212806520000003,1785795318.743291598,/loadcell_data_filtered.wrench.force.z,4315.5840586659915
2.621598431,1785795318.743609377,/loadcell_data_filtered.wrench.force.z,4315.491616498338
2.621940673,1785795318.743951619,/loadcell_data_filtered.wrench.force.z,4315.061990449
2.62234208,1785795318.744353026,/loadcell_data_filtered.wrench.force.z,4315.046869878202
2.622706831,1785795318.744717777,/loadcell_data_filtered.wrench.force.z,4313.529494030356
2.623053746,1785795318.745064692,/loadcell_data_filtered.wrench.force.z,4307.926183369443
2.623285468,1785795318.745296414,/loadcell_data_filtered.wrench.force.z,4303.298864454729
2.623574865,1785795318.745585811,/loadcell_data_filtered.wrench.force.z,4299.39498457219
2.624208254,1785795318.746219200,/loadcell_data_filtered.wrench.force.z,4295.984641543536
2.62457693,1785795318.746587876,/loadcell_data_filtered.wrench.force.z,4292.624470170628
2.625103722,1785795318.747114668,/loadcell_data_filtered.wrench.force.z,4290.518194940689
2.625473961,1785795318.747484907,/loadcell_data_filtered.wrench.force.z,4289.801251932922
2.62604925,1785795318.748060196,/loadcell_data_filtered.wrench.force.z,4289.339378617998
2.626569696,1785795318.748580642,/loadcell_data_filtered.wrench.force.z,4289.686962510045
2.634237696,1785795318.756248642,/loadcell_data_filtered.wrench.force.z,4289.377646105082
2.6359845330000002,1785795318.757995479,/loadcell_data_filtered.wrench.force.z,4293.4317882311
2.636458685,1785795318.758469631,/loadcell_data_filtered.wrench.force.z,4297.255954850177
2.63703524,1785795318.759046186,/loadcell_data_filtered.wrench.force.z,4300.870121147604
2.637558516,1785795318.759569462,/loadcell_data_filtered.wrench.force.z,4303.984656646489
2.6380332,1785795318.760044146,/loadcell_data_filtered.wrench.force.z,4306.026832125483
2.638494289,1785795318.760505235,/loadcell_data_filtered.wrench.force.z,4306.704686212783
2.638885027,1785795318.760895973,/loadcell_data_filtered.wrench.force.z,4306.412970516903
2.639251069,1785795318.761262015,/loadcell_data_filtered.wrench.force.z,4307.525801772764
2.639604909,1785795318.761615855,/loadcell_data_filtered.wrench.force.z,4308.605887057792
2.639978811,1785795318.761989757,/loadcell_data_filtered.wrench.force.z,4306.218108002558
2.640356105,1785795318.762367051,/loadcell_data_filtered.wrench.force.z,4306.1057080148985
2.640766061,1785795318.762777007,/loadcell_data_filtered.wrench.force.z,4306.667043957101
2.641198715,1785795318.763209661,/loadcell_data_filtered.wrench.force.z,4306.706451749043
2.641667369,1785795318.763678315,/loadcell_data_filtered.wrench.force.z,4307.404019698842
2.6420383530000002,1785795318.764049299,/loadcell_data_filtered.wrench.force.z,4308.460899884741
2.642401065,1785795318.764412011,/loadcell_data_filtered.wrench.force.z,4304.085901368811
2.6427188470000003,1785795318.764729793,/loadcell_data_filtered.wrench.force.z,4301.839941514348
2.6430722170000003,1785795318.765083163,/loadcell_data_filtered.wrench.force.z,4299.535044499478
2.64341134,1785795318.765422286,/loadcell_data_filtered.wrench.force.z,4297.92660849284
2.643816353,1785795318.765827299,/loadcell_data_filtered.wrench.force.z,4296.514780423299
2.644252039,1785795318.766262985,/loadcell_data_filtered.wrench.force.z,4294.96839987514
2.644701935,1785795318.766712881,/loadcell_data_filtered.wrench.force.z,4294.413262971171
2.645034984,1785795318.767045930,/loadcell_data_filtered.wrench.force.z,4294.902922160643
2.645285112,1785795318.767296058,/loadcell_data_filtered.wrench.force.z,4296.8435180091365
2.645782452,1785795318.767793398,/loadcell_data_filtered.wrench.force.z,4298.716894034417
2.645970666,1785795318.767981612,/loadcell_data_filtered.wrench.force.z,4299.881077955889
2.6463474170000003,1785795318.768358363,/loadcell_data_filtered.wrench.force.z,4300.333884112802
2.646642275,1785795318.768653221,/loadcell_data_filtered.wrench.force.z,4300.956214655893
2.6469021980000003,1785795318.768913144,/loadcell_data_filtered.wrench.force.z,4301.417744253648
2.647198339,1785795318.769209285,/loadcell_data_filtered.wrench.force.z,4302.119172204227
2.647513292,1785795318.769524238,/loadcell_data_filtered.wrench.force.z,4303.108802668944
2.647792887,1785795318.769803833,/loadcell_data_filtered.wrench.force.z,4303.869589381582
2.648225052,1785795318.770235998,/loadcell_data_filtered.wrench.force.z,4310.828678691584
2.651032279,1785795318.773043225,/loadcell_data_filtered.wrench.force.z,4316.182413511027
2.651423379,1785795318.773434325,/loadcell_data_filtered.wrench.force.z,4320.471766379915
2.651716956,1785795318.773727902,/loadcell_data_filtered.wrench.force.z,4323.97765746241
2.652062381,1785795318.774073327,/loadcell_data_filtered.wrench.force.z,4327.402095205639
2.652346636,1785795318.774357582,/loadcell_data_filtered.wrench.force.z,4329.185664397942
2.654176025,1785795318.776186971,/loadcell_data_filtered.wrench.force.z,4330.6687584183255
2.672962425,1785795318.794973371,/loadcell_data_filtered.wrench.force.z,4331.998477238915
2.673438929,1785795318.795449875,/loadcell_data_filtered.wrench.force.z,4331.1181582787885
2.673950926,1785795318.795961872,/loadcell_data_filtered.wrench.force.z,4328.577210065638
2.676484785,1785795318.798495731,/loadcell_data_filtered.wrench.force.z,4328.139088925829
2.676541778,1785795318.798552724,/loadcell_data_filtered.wrench.force.z,4328.404712468053
2.676548838,1785795318.798559784,/loadcell_data_filtered.wrench.force.z,4328.0426326371635
2.676553339,1785795318.798564285,/loadcell_data_filtered.wrench.force.z,4328.036797770415
2.676556794,1785795318.798567740,/loadcell_data_filtered.wrench.force.z,4328.239223857134
2.67656177,1785795318.798572716,/loadcell_data_filtered.wrench.force.z,4322.141906139537
2.6767659520000002,1785795318.798776898,/loadcell_data_filtered.wrench.force.z,4316.975875267386
2.6772686820000002,1785795318.799279628,/loadcell_data_filtered.wrench.force.z,4310.080757303814
2.678457897,1785795318.800468843,/loadcell_data_filtered.wrench.force.z,4306.0441761484935
2.6796004360000003,1785795318.801611382,/loadcell_data_filtered.wrench.force.z,4301.529226179623
2.6797528770000003,1785795318.801763823,/loadcell_data_filtered.wrench.force.z,4299.76224953942
2.680344302,1785795318.802355248,/loadcell_data_filtered.wrench.force.z,4298.53642602857
2.680872238,1785795318.802883184,/loadcell_data_filtered.wrench.force.z,4299.013533119455
2.681285415,1785795318.803296361,/loadcell_data_filtered.wrench.force.z,4299.334910000086
2.681707301,1785795318.803718247,/loadcell_data_filtered.wrench.force.z,4299.780097486584
2.682108395,1785795318.804119341,/loadcell_data_filtered.wrench.force.z,4299.995298489911
2.682807721,1785795318.804818667,/loadcell_data_filtered.wrench.force.z,4300.704149436045
2.683288498,1785795318.805299444,/loadcell_data_filtered.wrench.force.z,4300.592991508466
2.6837751499999998,1785795318.805786096,/loadcell_data_filtered.wrench.force.z,4298.731464914073
2.684164153,1785795318.806175099,/loadcell_data_filtered.wrench.force.z,4298.530075829313
2.684609621,1785795318.806620567,/loadcell_data_filtered.wrench.force.z,4298.357719541579
2.685095633,1785795318.807106579,/loadcell_data_filtered.wrench.force.z,4305.229602884505
2.685604851,1785795318.807615797,/loadcell_data_filtered.wrench.force.z,4310.628234709579
2.686404002,1785795318.808414948,/loadcell_data_filtered.wrench.force.z,4314.902448454429
2.687020869,1785795318.809031815,/loadcell_data_filtered.wrench.force.z,4318.142570003274
2.687590335,1785795318.809601281,/loadcell_data_filtered.wrench.force.z,4321.761335322488
2.6880481449999998,1785795318.810059091,/loadcell_data_filtered.wrench.force.z,4324.217658294758
2.688441313,1785795318.810452259,/loadcell_data_filtered.wrench.force.z,4325.6020112905835
2.688789485,1785795318.810800431,/loadcell_data_filtered.wrench.force.z,4327.167666817921
2.689143858,1785795318.811154804,/loadcell_data_filtered.wrench.force.z,4326.928072600044
2.689426006,1785795318.811436952,/loadcell_data_filtered.wrench.force.z,4327.344195493506
2.68968897,1785795318.811699916,/loadcell_data_filtered.wrench.force.z,4327.3387702236305
2.689884322,1785795318.811895268,/loadcell_data_filtered.wrench.force.z,4327.585286241134
2.6901143100000002,1785795318.812125256,/loadcell_data_filtered.wrench.force.z,4327.9318675092845
2.690745038,1785795318.812755984,/loadcell_data_filtered.wrench.force.z,4328.12251846627
2.69101345,1785795318.813024396,/loadcell_data_filtered.wrench.force.z,4329.264268618885
2.69124776,1785795318.813258706,/loadcell_data_filtered.wrench.force.z,4330.6735813269715
2.691517765,1785795318.813528711,/loadcell_data_filtered.wrench.force.z,4328.27402446277
2.691812251,1785795318.813823197,/loadcell_data_filtered.wrench.force.z,4325.123363434025
2.692140262,1785795318.814151208,/loadcell_data_filtered.wrench.force.z,4321.621395231842
2.692475375,1785795318.814486321,/loadcell_data_filtered.wrench.force.z,4318.952313254156
2.6928796530000003,1785795318.814890599,/loadcell_data_filtered.wrench.force.z,4316.098612502009
2.693241197,1785795318.815252143,/loadcell_data_filtered.wrench.force.z,4313.854335856329
2.693527124,1785795318.815538070,/loadcell_data_filtered.wrench.force.z,4311.285821971497
2.6937831340000002,1785795318.815794080,/loadcell_data_filtered.wrench.force.z,4311.096903250342
2.694058254,1785795318.816069200,/loadcell_data_filtered.wrench.force.z,4311.418603275431
2.69432829,1785795318.816339236,/loadcell_data_filtered.wrench.force.z,4312.290064787456
2.694603957,1785795318.816614903,/loadcell_data_filtered.wrench.force.z,4313.1665222062375
2.694893624,1785795318.816904570,/loadcell_data_filtered.wrench.force.z,4313.5199735203905
2.695238825,1785795318.817249771,/loadcell_data_filtered.wrench.force.z,4313.814256305533
2.6955650440000003,1785795318.817575990,/loadcell_data_filtered.wrench.force.z,4314.536341651379
2.696127681,1785795318.818138627,/loadcell_data_filtered.wrench.force.z,4315.657366236347
2.696480303,1785795318.818491249,/loadcell_data_filtered.wrench.force.z,4315.9590912791555
2.696754312,1785795318.818765258,/loadcell_data_filtered.wrench.force.z,4315.715078758308
2.697153851,1785795318.819164797,/loadcell_data_filtered.wrench.force.z,4321.894376293553
2.697606307,1785795318.819617253,/loadcell_data_filtered.wrench.force.z,4326.270154886023
2.702648671,1785795318.824659617,/loadcell_data_filtered.wrench.force.z,4331.992485070129
2.703100558,1785795318.825111504,/loadcell_data_filtered.wrench.force.z,4335.86972853422
2.70339812,1785795318.825409066,/loadcell_data_filtered.wrench.force.z,4340.214153476969
2.703703016,1785795318.825713962,/loadcell_data_filtered.wrench.force.z,4343.371855475784
2.703958268,1785795318.825969214,/loadcell_data_filtered.wrench.force.z,4346.411550611996
2.7043053500000003,1785795318.826316296,/loadcell_data_filtered.wrench.force.z,4348.391091707159
2.704628548,1785795318.826639494,/loadcell_data_filtered.wrench.force.z,4350.053487237394
2.705004001,1785795318.827014947,/loadcell_data_filtered.wrench.force.z,4351.201043924027
2.7055346670000002,1785795318.827545613,/loadcell_data_filtered.wrench.force.z,4352.500668291591
2.705941705,1785795318.827952651,/loadcell_data_filtered.wrench.force.z,4353.903343292912
2.706282685,1785795318.828293631,/loadcell_data_filtered.wrench.force.z,4354.20415113627
2.7065643770000003,1785795318.828575323,/loadcell_data_filtered.wrench.force.z,4352.703963202857
2.7069277300000003,1785795318.828938676,/loadcell_data_filtered.wrench.force.z,4352.609217849492
2.7072461580000002,1785795318.829257104,/loadcell_data_filtered.wrench.force.z,4352.759810502794
2.707599913,1785795318.829610859,/loadcell_data_filtered.wrench.force.z,4352.4290209911605
2.7078940190000003,1785795318.829904965,/loadcell_data_filtered.wrench.force.z,4346.639870053345
2.708215054,1785795318.830226000,/loadcell_data_filtered.wrench.force.z,4342.689047376894
2.709254036,1785795318.831264982,/loadcell_data_filtered.wrench.force.z,4338.780520696677
2.709789195,1785795318.831800141,/loadcell_data_filtered.wrench.force.z,4335.602079832661
2.710156688,1785795318.832167634,/loadcell_data_filtered.wrench.force.z,4333.1785163543345
2.71046104,1785795318.832471986,/loadcell_data_filtered.wrench.force.z,4332.085734728618
2.710757838,1785795318.832768784,/loadcell_data_filtered.wrench.force.z,4331.633230789972
2.71103071,1785795318.833041656,/loadcell_data_filtered.wrench.force.z,4332.147194787006
2.71124195,1785795318.833252896,/loadcell_data_filtered.wrench.force.z,4332.7165039484025
2.711440911,1785795318.833451857,/loadcell_data_filtered.wrench.force.z,4332.523354163775
2.711673898,1785795318.833684844,/loadcell_data_filtered.wrench.force.z,4330.826119162974
2.711932152,1785795318.833943098,/loadcell_data_filtered.wrench.force.z,4330.117320800495
2.7122633240000003,1785795318.834274270,/loadcell_data_filtered.wrench.force.z,4329.7384914600025
2.712642841,1785795318.834653787,/loadcell_data_filtered.wrench.force.z,4329.631666504007
2.713029884,1785795318.835040830,/loadcell_data_filtered.wrench.force.z,4329.65258726364
2.713354797,1785795318.835365743,/loadcell_data_filtered.wrench.force.z,4330.112928899428
2.7145851260000002,1785795318.836596072,/loadcell_data_filtered.wrench.force.z,4330.332255515014
2.714875445,1785795318.836886391,/loadcell_data_filtered.wrench.force.z,4337.2257058883915
2.715182005,1785795318.837192951,/loadcell_data_filtered.wrench.force.z,4343.009869429783
2.717704752,1785795318.839715698,/loadcell_data_filtered.wrench.force.z,4347.920433458117
2.718209663,1785795318.840220609,/loadcell_data_filtered.wrench.force.z,4350.539171075763
2.718531039,1785795318.840541985,/loadcell_data_filtered.wrench.force.z,4354.378882749533
2.718772125,1785795318.840783071,/loadcell_data_filtered.wrench.force.z,4356.455296741296
2.71895624,1785795318.840967186,/loadcell_data_filtered.wrench.force.z,4357.35741246248
2.719135121,1785795318.841146067,/loadcell_data_filtered.wrench.force.z,4358.412515743436
2.720898184,1785795318.842909130,/loadcell_data_filtered.wrench.force.z,4358.794033107063
2.7235427210000003,1785795318.845553667,/loadcell_data_filtered.wrench.force.z,4358.049288543425
2.72375391,1785795318.845764856,/loadcell_data_filtered.wrench.force.z,4358.937606425211
2.723897675,1785795318.845908621,/loadcell_data_filtered.wrench.force.z,4359.7246999970685
2.7240429390000003,1785795318.846053885,/loadcell_data_filtered.wrench.force.z,4360.0890230719715
2.724176,1785795318.846186946,/loadcell_data_filtered.wrench.force.z,4360.876484793353
2.724311776,1785795318.846322722,/loadcell_data_filtered.wrench.force.z,4361.1780065319335
2.724442742,1785795318.846453688,/loadcell_data_filtered.wrench.force.z,4360.636824850186
2.724563207,1785795318.846574153,/loadcell_data_filtered.wrench.force.z,4356.100324907965
2.724681237,1785795318.846692183,/loadcell_data_filtered.wrench.force.z,4352.289705389899
2.724800771,1785795318.846811717,/loadcell_data_filtered.wrench.force.z,4347.507883054141
2.7249205940000003,1785795318.846931540,/loadcell_data_filtered.wrench.force.z,4343.48197731031
2.72577988,1785795318.847790826,/loadcell_data_filtered.wrench.force.z,4338.933456482456
2.725900092,1785795318.847911038,/loadcell_data_filtered.wrench.force.z,4334.041992971424
2.726023551,1785795318.848034497,/loadcell_data_filtered.wrench.force.z,4331.210263575724
2.7261417310000002,1785795318.848152677,/loadcell_data_filtered.wrench.force.z,4323.99040276144
2.72625926,1785795318.848270206,/loadcell_data_filtered.wrench.force.z,4321.282277820342
2.726455242,1785795318.848466188,/loadcell_data_filtered.wrench.force.z,4319.782089866345
2.72691748,1785795318.848928426,/loadcell_data_filtered.wrench.force.z,4318.604749942855
2.727855845,1785795318.849866791,/loadcell_data_filtered.wrench.force.z,4317.108166249937
2.72798333,1785795318.849994276,/loadcell_data_filtered.wrench.force.z,4315.874647506894
2.728872751,1785795318.850883697,/loadcell_data_filtered.wrench.force.z,4314.129724449724
2.729455753,1785795318.851466699,/loadcell_data_filtered.wrench.force.z,4312.83718067822
2.729659798,1785795318.851670744,/loadcell_data_filtered.wrench.force.z,4311.422428274644
2.731910428,1785795318.853921374,/loadcell_data_filtered.wrench.force.z,4309.823163889482
2.732406104,1785795318.854417050,/loadcell_data_filtered.wrench.force.z,4314.557272462984
2.732560518,1785795318.854571464,/loadcell_data_filtered.wrench.force.z,4317.768770733003
2.7327326860000003,1785795318.854743632,/loadcell_data_filtered.wrench.force.z,4321.983642574334
2.732860518,1785795318.854871464,/loadcell_data_filtered.wrench.force.z,4325.603294088975
2.7330346590000003,1785795318.855045605,/loadcell_data_filtered.wrench.force.z,4328.223113092407
2.73800564,1785795318.860016586,/loadcell_data_filtered.wrench.force.z,4328.490285544587
2.738213942,1785795318.860224888,/loadcell_data_filtered.wrench.force.z,4329.41336459398
2.738354575,1785795318.860365521,/loadcell_data_filtered.wrench.force.z,4329.590526080944
2.738478108,1785795318.860489054,/loadcell_data_filtered.wrench.force.z,4329.963657131597
2.738602063,1785795318.860613009,/loadcell_data_filtered.wrench.force.z,4330.93320665772
2.738720685,1785795318.860731631,/loadcell_data_filtered.wrench.force.z,4331.326179446499
2.738841127,1785795318.860852073,/loadcell_data_filtered.wrench.force.z,4331.792141977399
2.738961161,1785795318.860972107,/loadcell_data_filtered.wrench.force.z,4332.0887288536405
2.739081431,1785795318.861092377,/loadcell_data_filtered.wrench.force.z,4332.981933752069
2.739195023,1785795318.861205969,/loadcell_data_filtered.wrench.force.z,4334.063370804861
2.739311292,1785795318.861322238,/loadcell_data_filtered.wrench.force.z,4334.522174902732
2.739424717,1785795318.861435663,/loadcell_data_filtered.wrench.force.z,4334.286560865622
2.739537671,1785795318.861548617,/loadcell_data_filtered.wrench.force.z,4326.596029713817
2.739922851,1785795318.861933797,/loadcell_data_filtered.wrench.force.z,4322.416681696301
2.740460438,1785795318.862471384,/loadcell_data_filtered.wrench.force.z,4318.836212486092
2.740664361,1785795318.862675307,/loadcell_data_filtered.wrench.force.z,4316.599267849162
2.740844428,1785795318.862855374,/loadcell_data_filtered.wrench.force.z,4313.501162415973
2.7415089630000002,1785795318.863519909,/loadcell_data_filtered.wrench.force.z,4312.129179594555
2.741824481,1785795318.863835427,/loadcell_data_filtered.wrench.force.z,4311.417026800325
2.743015165,1785795318.865026111,/loadcell_data_filtered.wrench.force.z,4311.646901820772
2.7431441149999998,1785795318.865155061,/loadcell_data_filtered.wrench.force.z,4312.438698884829
2.745251761,1785795318.867262707,/loadcell_data_filtered.wrench.force.z,4313.934906746895
2.7456769210000003,1785795318.867687867,/loadcell_data_filtered.wrench.force.z,4313.825423641903
2.745847584,1785795318.867858530,/loadcell_data_filtered.wrench.force.z,4314.3711437730535
2.745995333,1785795318.868006279,/loadcell_data_filtered.wrench.force.z,4314.927223475338
2.746124509,1785795318.868135455,/loadcell_data_filtered.wrench.force.z,4315.454615655712
2.746269268,1785795318.868280214,/loadcell_data_filtered.wrench.force.z,4316.229042178304
2.746404382,1785795318.868415328,/loadcell_data_filtered.wrench.force.z,4315.340014851704
2.747217762,1785795318.869228708,/loadcell_data_filtered.wrench.force.z,4317.166132777668
2.74756731,1785795318.869578256,/loadcell_data_filtered.wrench.force.z,4323.146052051894
2.7479258570000002,1785795318.869936803,/loadcell_data_filtered.wrench.force.z,4328.550192304246
2.748848416,1785795318.870859362,/loadcell_data_filtered.wrench.force.z,4332.7273217190605
2.749248924,1785795318.871259870,/loadcell_data_filtered.wrench.force.z,4336.16643800582
2.749388062,1785795318.871399008,/loadcell_data_filtered.wrench.force.z,4340.454503371247
2.751173411,1785795318.873184357,/loadcell_data_filtered.wrench.force.z,4341.613715936433
2.751595757,1785795318.873606703,/loadcell_data_filtered.wrench.force.z,4342.362933801671
2.752076911,1785795318.874087857,/loadcell_data_filtered.wrench.force.z,4342.941015396255
2.752267894,1785795318.874278840,/loadcell_data_filtered.wrench.force.z,4343.772690301918
2.752581061,1785795318.874592007,/loadcell_data_filtered.wrench.force.z,4344.693302834898
2.752977868,1785795318.874988814,/loadcell_data_filtered.wrench.force.z,4345.570375053314
2.753819004,1785795318.875829950,/loadcell_data_filtered.wrench.force.z,4346.433290595392
2.754282483,1785795318.876293429,/loadcell_data_filtered.wrench.force.z,4347.500538514124
2.756071906,1785795318.878082852,/loadcell_data_filtered.wrench.force.z,4348.597803390157
2.756328372,1785795318.878339318,/loadcell_data_filtered.wrench.force.z,4348.721456565034
2.756454237,1785795318.878465183,/loadcell_data_filtered.wrench.force.z,4349.932779326451
2.756583657,1785795318.878594603,/loadcell_data_filtered.wrench.force.z,4346.039563118295
2.756707179,1785795318.878718125,/loadcell_data_filtered.wrench.force.z,4344.343120178657
2.75682989,1785795318.878840836,/loadcell_data_filtered.wrench.force.z,4341.010055226459
2.7569505320000003,1785795318.878961478,/loadcell_data_filtered.wrench.force.z,4337.892897772148
2.757220885,1785795318.879231831,/loadcell_data_filtered.wrench.force.z,4334.364826808061
2.758622934,1785795318.880633880,/loadcell_data_filtered.wrench.force.z,4332.4413574559485
2.759116841,1785795318.881127787,/loadcell_data_filtered.wrench.force.z,4331.4052065054675
2.7595186590000003,1785795318.881529605,/loadcell_data_filtered.wrench.force.z,4332.154274763555
2.759914104,1785795318.881925050,/loadcell_data_filtered.wrench.force.z,4332.169902988874
2.760369351,1785795318.882380297,/loadcell_data_filtered.wrench.force.z,4332.663986234305
2.760874098,1785795318.882885044,/loadcell_data_filtered.wrench.force.z,4333.375353662857
2.761407949,1785795318.883418895,/loadcell_data_filtered.wrench.force.z,4333.111700587862
2.761739247,1785795318.883750193,/loadcell_data_filtered.wrench.force.z,4332.926172424469
2.762063445,1785795318.884074391,/loadcell_data_filtered.wrench.force.z,4332.66338809006
2.7627684290000003,1785795318.884779375,/loadcell_data_filtered.wrench.force.z,4332.379200668678
2.763261945,1785795318.885272891,/loadcell_data_filtered.wrench.force.z,4331.9075055229005
2.763620807,1785795318.885631753,/loadcell_data_filtered.wrench.force.z,4331.9226706982045
2.763917864,1785795318.885928810,/loadcell_data_filtered.wrench.force.z,4337.425103742648
2.7645060040000002,1785795318.886516950,/loadcell_data_filtered.wrench.force.z,4341.286546456905
2.764920569,1785795318.886931515,/loadcell_data_filtered.wrench.force.z,4345.214687841258
2.7654583710000002,1785795318.887469317,/loadcell_data_filtered.wrench.force.z,4348.386177535846
2.765942612,1785795318.887953558,/loadcell_data_filtered.wrench.force.z,4350.659802293349
2.766596352,1785795318.888607298,/loadcell_data_filtered.wrench.force.z,4351.7074468969795
2.7668679650000003,1785795318.888878911,/loadcell_data_filtered.wrench.force.z,4352.4314058007985
2.767542599,1785795318.889553545,/loadcell_data_filtered.wrench.force.z,4351.80090653763
2.768105069,1785795318.890116015,/loadcell_data_filtered.wrench.force.z,4350.957556461069
2.768927925,1785795318.890938871,/loadcell_data_filtered.wrench.force.z,4350.323016993212
2.769374306,1785795318.891385252,/loadcell_data_filtered.wrench.force.z,4349.769184146212
2.769628699,1785795318.891639645,/loadcell_data_filtered.wrench.force.z,4349.175178973757
2.7699314150000003,1785795318.891942361,/loadcell_data_filtered.wrench.force.z,4348.41042357909
2.7711213800000003,1785795318.893132326,/loadcell_data_filtered.wrench.force.z,4347.853627887219
2.7714527010000003,1785795318.893463647,/loadcell_data_filtered.wrench.force.z,4347.000780789324
2.7717481360000003,1785795318.893759082,/loadcell_data_filtered.wrench.force.z,4347.282992130523
2.773382219,1785795318.895393165,/loadcell_data_filtered.wrench.force.z,4346.72858490411
2.7733894880000003,1785795318.895400434,/loadcell_data_filtered.wrench.force.z,4339.466255156113
2.773392456,1785795318.895403402,/loadcell_data_filtered.wrench.force.z,4334.532324765616
2.77348506,1785795318.895496006,/loadcell_data_filtered.wrench.force.z,4330.051900663052
2.774098591,1785795318.896109537,/loadcell_data_filtered.wrench.force.z,4326.4090888162855
2.77469607,1785795318.896707016,/loadcell_data_filtered.wrench.force.z,4322.361511818971
2.775191404,1785795318.897202350,/loadcell_data_filtered.wrench.force.z,4319.882242129683
2.7755753370000003,1785795318.897586283,/loadcell_data_filtered.wrench.force.z,4318.194380178804
2.779978568,1785795318.901989514,/loadcell_data_filtered.wrench.force.z,4317.506923255184
2.7803744960000003,1785795318.902385442,/loadcell_data_filtered.wrench.force.z,4317.428066307175
2.7806529380000002,1785795318.902663884,/loadcell_data_filtered.wrench.force.z,4317.776509924344
2.780927123,1785795318.902938069,/loadcell_data_filtered.wrench.force.z,4317.632500800552
2.781194639,1785795318.903205585,/loadcell_data_filtered.wrench.force.z,4317.567951796914
2.781453289,1785795318.903464235,/loadcell_data_filtered.wrench.force.z,4317.556808753687
2.781701271,1785795318.903712217,/loadcell_data_filtered.wrench.force.z,4317.454497540413
2.78195118,1785795318.903962126,/loadcell_data_filtered.wrench.force.z,4317.212731173257
2.7822113059999998,1785795318.904222252,/loadcell_data_filtered.wrench.force.z,4316.12804714084
2.782459598,1785795318.904470544,/loadcell_data_filtered.wrench.force.z,4316.376908740914
2.783075298,1785795318.905086244,/loadcell_data_filtered.wrench.force.z,4320.505924872865
2.783425165,1785795318.905436111,/loadcell_data_filtered.wrench.force.z,4324.644657748163
2.7836964379999998,1785795318.905707384,/loadcell_data_filtered.wrench.force.z,4327.435791792868
2.783958325,1785795318.905969271,/loadcell_data_filtered.wrench.force.z,4329.870048299398
2.784199032,1785795318.906209978,/loadcell_data_filtered.wrench.force.z,4331.99603123245
2.784441176,1785795318.906452122,/loadcell_data_filtered.wrench.force.z,4332.951037553654
2.784682619,1785795318.906693565,/loadcell_data_filtered.wrench.force.z,4332.776095555776
2.784898411,1785795318.906909357,/loadcell_data_filtered.wrench.force.z,4332.009178734708
2.785192249,1785795318.907203195,/loadcell_data_filtered.wrench.force.z,4331.500445216247
2.785771752,1785795318.907782698,/loadcell_data_filtered.wrench.force.z,4330.958801187924
2.786103651,1785795318.908114597,/loadcell_data_filtered.wrench.force.z,4330.614193508718
2.786594818,1785795318.908605764,/loadcell_data_filtered.wrench.force.z,4330.244133172451
2.786881168,1785795318.908892114,/loadcell_data_filtered.wrench.force.z,4329.739019643648
2.787361658,1785795318.909372604,/loadcell_data_filtered.wrench.force.z,4329.570082148227
2.788136309,1785795318.910147255,/loadcell_data_filtered.wrench.force.z,4329.281126011572
2.78855435,1785795318.910565296,/loadcell_data_filtered.wrench.force.z,4329.324232705568
2.788825565,1785795318.910836511,/loadcell_data_filtered.wrench.force.z,4323.818519274461
2.789239233,1785795318.911250179,/loadcell_data_filtered.wrench.force.z,4320.679784114175
2.789640196,1785795318.911651142,/loadcell_data_filtered.wrench.force.z,4316.856101621678
2.7901299489999998,1785795318.912140895,/loadcell_data_filtered.wrench.force.z,4313.518584418642
2.790606641,1785795318.912617587,/loadcell_data_filtered.wrench.force.z,4310.729969754026
2.791035114,1785795318.913046060,/loadcell_data_filtered.wrench.force.z,4308.548647128317
2.79155303,1785795318.913563976,/loadcell_data_filtered.wrench.force.z,4307.0933208695715
2.792206633,1785795318.914217579,/loadcell_data_filtered.wrench.force.z,4307.31195373002
2.792705656,1785795318.914716602,/loadcell_data_filtered.wrench.force.z,4307.819083553162
2.7932362250000002,1785795318.915247171,/loadcell_data_filtered.wrench.force.z,4308.415097578123
2.793780222,1785795318.915791168,/loadcell_data_filtered.wrench.force.z,4309.0322476694255
2.794378986,1785795318.916389932,/loadcell_data_filtered.wrench.force.z,4309.408105124092
2.79485759,1785795318.916868536,/loadcell_data_filtered.wrench.force.z,4309.756649262267
2.795741911,1785795318.917752857,/loadcell_data_filtered.wrench.force.z,4310.018165886553
2.796347668,1785795318.918358614,/loadcell_data_filtered.wrench.force.z,4310.593906735369
2.797889571,1785795318.919900517,/loadcell_data_filtered.wrench.force.z,4311.145899002978
2.802912934,1785795318.924923880,/loadcell_data_filtered.wrench.force.z,4311.677713541
2.803308636,1785795318.925319582,/loadcell_data_filtered.wrench.force.z,4318.977839261075
2.803655968,1785795318.925666914,/loadcell_data_filtered.wrench.force.z,4324.1803399708215
2.803959655,1785795318.925970601,/loadcell_data_filtered.wrench.force.z,4328.4653754313385
2.804196822,1785795318.926207768,/loadcell_data_filtered.wrench.force.z,4333.063056327042
2.804462406,1785795318.926473352,/loadcell_data_filtered.wrench.force.z,4335.866870258784
2.804809112,1785795318.926820058,/loadcell_data_filtered.wrench.force.z,4338.5185359473335
2.8051614860000003,1785795318.927172432,/loadcell_data_filtered.wrench.force.z,4339.89211668698
2.805584192,1785795318.927595138,/loadcell_data_filtered.wrench.force.z,4341.450367567455
2.805973975,1785795318.927984921,/loadcell_data_filtered.wrench.force.z,4342.618033588972
2.806404098,1785795318.928415044,/loadcell_data_filtered.wrench.force.z,4343.937272153977
2.806811364,1785795318.928822310,/loadcell_data_filtered.wrench.force.z,4345.185981807602
2.807223196,1785795318.929234142,/loadcell_data_filtered.wrench.force.z,4345.499373342677
2.8075693680000002,1785795318.929580314,/loadcell_data_filtered.wrench.force.z,4347.133385551555
2.807801164,1785795318.929812110,/loadcell_data_filtered.wrench.force.z,4348.164621697203
2.808060573,1785795318.930071519,/loadcell_data_filtered.wrench.force.z,4346.765896728076
2.808338996,1785795318.930349942,/loadcell_data_filtered.wrench.force.z,4347.018274357147
2.808602901,1785795318.930613847,/loadcell_data_filtered.wrench.force.z,4341.593971501745
2.808837825,1785795318.930848771,/loadcell_data_filtered.wrench.force.z,4337.5108655477925
2.809100983,1785795318.931111929,/loadcell_data_filtered.wrench.force.z,4334.364422742732
2.809572347,1785795318.931583293,/loadcell_data_filtered.wrench.force.z,4332.656144682008
2.809900187,1785795318.931911133,/loadcell_data_filtered.wrench.force.z,4330.14114030629
2.810196585,1785795318.932207531,/loadcell_data_filtered.wrench.force.z,4328.15833256218
2.810491759,1785795318.932502705,/loadcell_data_filtered.wrench.force.z,4327.774100172074
2.810732155,1785795318.932743101,/loadcell_data_filtered.wrench.force.z,4328.205889251609
2.8111213680000002,1785795318.933132314,/loadcell_data_filtered.wrench.force.z,4328.923414545614
2.811715506,1785795318.933726452,/loadcell_data_filtered.wrench.force.z,4328.9792469896265
2.81184472,1785795318.933855666,/loadcell_data_filtered.wrench.force.z,4328.91880588871
2.81208495,1785795318.934095896,/loadcell_data_filtered.wrench.force.z,4328.7092920751575
2.812423651,1785795318.934434597,/loadcell_data_filtered.wrench.force.z,4328.302508756628
2.8127255030000002,1785795318.934736449,/loadcell_data_filtered.wrench.force.z,4328.035079703732
2.813017402,1785795318.935028348,/loadcell_data_filtered.wrench.force.z,4327.912810999004
2.813387069,1785795318.935398015,/loadcell_data_filtered.wrench.force.z,4327.604856842487
2.813666452,1785795318.935677398,/loadcell_data_filtered.wrench.force.z,4330.494367029495
2.814457183,1785795318.936468129,/loadcell_data_filtered.wrench.force.z,4334.185844834931
2.814745656,1785795318.936756602,/loadcell_data_filtered.wrench.force.z,4338.774841782969
2.824948742,1785795318.946959688,/loadcell_data_filtered.wrench.force.z,4342.250868371061
2.82602368,1785795318.948034626,/loadcell_data_filtered.wrench.force.z,4343.036510434093
2.82639412,1785795318.948405066,/loadcell_data_filtered.wrench.force.z,4342.956118781617
2.826653475,1785795318.948664421,/loadcell_data_filtered.wrench.force.z,4337.619421752212
2.826913142,1785795318.948924088,/loadcell_data_filtered.wrench.force.z,4334.4903912225045
2.8271917540000002,1785795318.949202700,/loadcell_data_filtered.wrench.force.z,4330.735889330719
2.827457656,1785795318.949468602,/loadcell_data_filtered.wrench.force.z,4327.3302082470655
2.827653727,1785795318.949664673,/loadcell_data_filtered.wrench.force.z,4324.241947088498
2.827832407,1785795318.949843353,/loadcell_data_filtered.wrench.force.z,4322.476505307171
2.828011302,1785795318.950022248,/loadcell_data_filtered.wrench.force.z,4320.700585284022
2.828191693,1785795318.950202639,/loadcell_data_filtered.wrench.force.z,4318.6315534777195
2.828361057,1785795318.950372003,/loadcell_data_filtered.wrench.force.z,4316.606463493444
2.828528984,1785795318.950539930,/loadcell_data_filtered.wrench.force.z,4315.919281810712
2.828706276,1785795318.950717222,/loadcell_data_filtered.wrench.force.z,4315.768614423786
2.828934003,1785795318.950944949,/loadcell_data_filtered.wrench.force.z,4315.4645660965125
2.834835806,1785795318.956846752,/loadcell_data_filtered.wrench.force.z,4315.1381636529795
2.835437856,1785795318.957448802,/loadcell_data_filtered.wrench.force.z,4321.788752033667
2.8356869280000003,1785795318.957697874,/loadcell_data_filtered.wrench.force.z,4326.461815448108
2.835895862,1785795318.957906808,/loadcell_data_filtered.wrench.force.z,4331.099516227126
2.836160848,1785795318.958171794,/loadcell_data_filtered.wrench.force.z,4335.18757445119
2.836359414,1785795318.958370360,/loadcell_data_filtered.wrench.force.z,4339.272979051938
2.836585015,1785795318.958595961,/loadcell_data_filtered.wrench.force.z,4341.211046656673
2.836847188,1785795318.958858134,/loadcell_data_filtered.wrench.force.z,4342.420022572466
2.837174519,1785795318.959185465,/loadcell_data_filtered.wrench.force.z,4342.867910589155
2.837470521,1785795318.959481467,/loadcell_data_filtered.wrench.force.z,4343.302419627134
2.837773417,1785795318.959784363,/loadcell_data_filtered.wrench.force.z,4343.6508679711915
2.84322314,1785795318.965234086,/loadcell_data_filtered.wrench.force.z,4343.190346063371
2.843558539,1785795318.965569485,/loadcell_data_filtered.wrench.force.z,4337.4621230028
2.8437723,1785795318.965783246,/loadcell_data_filtered.wrench.force.z,4332.580848875648
2.843995285,1785795318.966006231,/loadcell_data_filtered.wrench.force.z,4328.72314343669
2.844222759,1785795318.966233705,/loadcell_data_filtered.wrench.force.z,4325.4537938492695
2.844472711,1785795318.966483657,/loadcell_data_filtered.wrench.force.z,4322.382922239325
2.844732476,1785795318.966743422,/loadcell_data_filtered.wrench.force.z,4319.783202196941
2.844994765,1785795318.967005711,/loadcell_data_filtered.wrench.force.z,4318.748004160347
2.845227674,1785795318.967238620,/loadcell_data_filtered.wrench.force.z,4318.723029365523
2.845500595,1785795318.967511541,/loadcell_data_filtered.wrench.force.z,4316.770843575478
2.845759411,1785795318.967770357,/loadcell_data_filtered.wrench.force.z,4315.384446928322
2.846068501,1785795318.968079447,/loadcell_data_filtered.wrench.force.z,4314.913234905918
2.846380269,1785795318.968391215,/loadcell_data_filtered.wrench.force.z,4313.875224219048
2.846675562,1785795318.968686508,/loadcell_data_filtered.wrench.force.z,4313.029299529292
2.8469365140000003,1785795318.968947460,/loadcell_data_filtered.wrench.force.z,4312.4377269432625
2.847281989,1785795318.969292935,/loadcell_data_filtered.wrench.force.z,4312.119525468522
2.847660049,1785795318.969670995,/loadcell_data_filtered.wrench.force.z,4311.621098606006
2.847913792,1785795318.969924738,/loadcell_data_filtered.wrench.force.z,4316.34982623113
2.848129317,1785795318.970140263,/loadcell_data_filtered.wrench.force.z,4319.8230121225115
2.84830977,1785795318.970320716,/loadcell_data_filtered.wrench.force.z,4324.447222030611
2.848557147,1785795318.970568093,/loadcell_data_filtered.wrench.force.z,4328.099859940645
2.848938697,1785795318.970949643,/loadcell_data_filtered.wrench.force.z,4330.90299048854
2.852583876,1785795318.974594822,/loadcell_data_filtered.wrench.force.z,4333.768223010358
2.8529115320000002,1785795318.974922478,/loadcell_data_filtered.wrench.force.z,4335.343255712607
2.853169348,1785795318.975180294,/loadcell_data_filtered.wrench.force.z,4336.925071602924
2.8534624390000003,1785795318.975473385,/loadcell_data_filtered.wrench.force.z,4337.903624431054
2.853698589,1785795318.975709535,/loadcell_data_filtered.wrench.force.z,4339.235924191349
2.853925908,1785795318.975936854,/loadcell_data_filtered.wrench.force.z,4340.631158772419
2.854167787,1785795318.976178733,/loadcell_data_filtered.wrench.force.z,4341.858313182986
2.854387343,1785795318.976398289,/loadcell_data_filtered.wrench.force.z,4342.3229388552545
2.85457818,1785795318.976589126,/loadcell_data_filtered.wrench.force.z,4341.960488323197
2.854905543,1785795318.976916489,/loadcell_data_filtered.wrench.force.z,4342.569046194926
2.855187254,1785795318.977198200,/loadcell_data_filtered.wrench.force.z,4342.890220467205
2.85541922,1785795318.977430166,/loadcell_data_filtered.wrench.force.z,4343.206928337648
2.855591396,1785795318.977602342,/loadcell_data_filtered.wrench.force.z,4337.433462946031
2.855867383,1785795318.977878329,/loadcell_data_filtered.wrench.force.z,4334.2201007397425
2.856451193,1785795318.978462139,/loadcell_data_filtered.wrench.force.z,4330.488391674344
2.857005397,1785795318.979016343,/loadcell_data_filtered.wrench.force.z,4328.033950259221
2.857572565,1785795318.979583511,/loadcell_data_filtered.wrench.force.z,4325.44934603623
2.857999082,1785795318.980010028,/loadcell_data_filtered.wrench.force.z,4323.892661959887
2.858419487,1785795318.980430433,/loadcell_data_filtered.wrench.force.z,4322.651540063889
2.85874365,1785795318.980754596,/loadcell_data_filtered.wrench.force.z,4323.096026184938
2.859289275,1785795318.981300221,/loadcell_data_filtered.wrench.force.z,4323.640453808615
2.859765857,1785795318.981776803,/loadcell_data_filtered.wrench.force.z,4324.105930258186
2.860287673,1785795318.982298619,/loadcell_data_filtered.wrench.force.z,4324.223601562696
2.860817692,1785795318.982828638,/loadcell_data_filtered.wrench.force.z,4323.9484025372185
2.861211014,1785795318.983221960,/loadcell_data_filtered.wrench.force.z,4324.556349061521
2.861823925,1785795318.983834871,/loadcell_data_filtered.wrench.force.z,4324.435880175914
2.862596931,1785795318.984607877,/loadcell_data_filtered.wrench.force.z,4324.513885872769
2.865625228,1785795318.987636174,/loadcell_data_filtered.wrench.force.z,4324.727571560684
2.866520472,1785795318.988531418,/loadcell_data_filtered.wrench.force.z,4324.766019753237
2.866810734,1785795318.988821680,/loadcell_data_filtered.wrench.force.z,4331.882460776614
2.867003341,1785795318.989014287,/loadcell_data_filtered.wrench.force.z,4337.449718769885
2.867205791,1785795318.989216737,/loadcell_data_filtered.wrench.force.z,4342.157882661527
2.867425625,1785795318.989436571,/loadcell_data_filtered.wrench.force.z,4345.924175434715
2.867645528,1785795318.989656474,/loadcell_data_filtered.wrench.force.z,4349.735650122843
2.86789495,1785795318.989905896,/loadcell_data_filtered.wrench.force.z,4351.233806345994
2.868165051,1785795318.990175997,/loadcell_data_filtered.wrench.force.z,4351.8424218663
2.868433189,1785795318.990444135,/loadcell_data_filtered.wrench.force.z,4351.911029177411
2.870707668,1785795318.992718614,/loadcell_data_filtered.wrench.force.z,4352.416274915766
2.871071086,1785795318.993082032,/loadcell_data_filtered.wrench.force.z,4352.862170686527
2.871261682,1785795318.993272628,/loadcell_data_filtered.wrench.force.z,4353.662728574717
2.871401077,1785795318.993412023,/loadcell_data_filtered.wrench.force.z,4354.5846141961865
2.871585408,1785795318.993596354,/loadcell_data_filtered.wrench.force.z,4355.611543796409
2.8717576090000003,1785795318.993768555,/loadcell_data_filtered.wrench.force.z,4356.378188745145
2.871948088,1785795318.993959034,/loadcell_data_filtered.wrench.force.z,4357.0962081698
2.875411716,1785795318.997422662,/loadcell_data_filtered.wrench.force.z,4357.106827364502
2.8757745630000002,1785795318.997785509,/loadcell_data_filtered.wrench.force.z,4354.323231362665
2.876140076,1785795318.998151022,/loadcell_data_filtered.wrench.force.z,4348.828483253089
2.876421078,1785795318.998432024,/loadcell_data_filtered.wrench.force.z,4343.92196809766
2.876677008,1785795318.998687954,/loadcell_data_filtered.wrench.force.z,4339.990139121077
2.876923986,1785795318.998934932,/loadcell_data_filtered.wrench.force.z,4336.433636286229
2.87718726,1785795318.999198206,/loadcell_data_filtered.wrench.force.z,4325.383219329799
2.877439717,1785795318.999450663,/loadcell_data_filtered.wrench.force.z,4323.69080433049
2.877664959,1785795318.999675905,/loadcell_data_filtered.wrench.force.z,4321.449072153994
2.877898458,1785795318.999909404,/loadcell_data_filtered.wrench.force.z,4320.4191462694835
2.878133621,1785795319.000144567,/loadcell_data_filtered.wrench.force.z,4320.218058628427
2.8814442,1785795319.003455146,/loadcell_data_filtered.wrench.force.z,4319.74462536215
2.882231153,1785795319.004242099,/loadcell_data_filtered.wrench.force.z,4318.842506277729
2.882363461,1785795319.004374407,/loadcell_data_filtered.wrench.force.z,4318.771478134034
2.88253151,1785795319.004542456,/loadcell_data_filtered.wrench.force.z,4318.50493288437
2.882812451,1785795319.004823397,/loadcell_data_filtered.wrench.force.z,4318.212208092972
2.883041923,1785795319.005052869,/loadcell_data_filtered.wrench.force.z,4317.74007237042
2.883263286,1785795319.005274232,/loadcell_data_filtered.wrench.force.z,4317.035246194986
2.883483703,1785795319.005494649,/loadcell_data_filtered.wrench.force.z,4321.718338795756
2.883707218,1785795319.005718164,/loadcell_data_filtered.wrench.force.z,4325.145329144954
2.883928691,1785795319.005939637,/loadcell_data_filtered.wrench.force.z,4329.53249728853
2.884176009,1785795319.006186955,/loadcell_data_filtered.wrench.force.z,4332.768717062178
2.885586339,1785795319.007597285,/loadcell_data_filtered.wrench.force.z,4334.86834926561
2.885924275,1785795319.007935221,/loadcell_data_filtered.wrench.force.z,4334.014850118967
2.886215635,1785795319.008226581,/loadcell_data_filtered.wrench.force.z,4334.660973346202
2.886448403,1785795319.008459349,/loadcell_data_filtered.wrench.force.z,4334.193838351203
2.886693872,1785795319.008704818,/loadcell_data_filtered.wrench.force.z,4333.88426267039
2.886891524,1785795319.008902470,/loadcell_data_filtered.wrench.force.z,4333.4801365998555
2.887145653,1785795319.009156599,/loadcell_data_filtered.wrench.force.z,4333.416711922069
2.8873712300000003,1785795319.009382176,/loadcell_data_filtered.wrench.force.z,4333.173789760669
2.887599201,1785795319.009610147,/loadcell_data_filtered.wrench.force.z,4333.149090146598
2.887813226,1785795319.009824172,/loadcell_data_filtered.wrench.force.z,4333.036676152474
2.888158159,1785795319.010169105,/loadcell_data_filtered.wrench.force.z,4332.859375100478
2.888323772,1785795319.010334718,/loadcell_data_filtered.wrench.force.z,4332.854252633143
2.888586828,1785795319.010597774,/loadcell_data_filtered.wrench.force.z,4332.201228906084
2.892067242,1785795319.014078188,/loadcell_data_filtered.wrench.force.z,4326.434502365487
2.892373327,1785795319.014384273,/loadcell_data_filtered.wrench.force.z,4322.84810041637
2.892610051,1785795319.014620997,/loadcell_data_filtered.wrench.force.z,4318.592681211177
2.893010652,1785795319.015021598,/loadcell_data_filtered.wrench.force.z,4314.940924602715
2.893308466,1785795319.015319412,/loadcell_data_filtered.wrench.force.z,4311.53000434133
2.894197593,1785795319.016208539,/loadcell_data_filtered.wrench.force.z,4310.515328613418
2.894399077,1785795319.016410023,/loadcell_data_filtered.wrench.force.z,4309.632342904064
2.894600133,1785795319.016611079,/loadcell_data_filtered.wrench.force.z,4309.595069329632
2.8947176470000002,1785795319.016728593,/loadcell_data_filtered.wrench.force.z,4309.823831958179
2.8948336230000002,1785795319.016844569,/loadcell_data_filtered.wrench.force.z,4310.211592305296
2.894962053,1785795319.016972999,/loadcell_data_filtered.wrench.force.z,4309.949192541451
2.895099291,1785795319.017110237,/loadcell_data_filtered.wrench.force.z,4308.491839287336
2.895209532,1785795319.017220478,/loadcell_data_filtered.wrench.force.z,4308.1838429114605
2.89532465,1785795319.017335596,/loadcell_data_filtered.wrench.force.z,4307.584505363042
2.896092388,1785795319.018103334,/loadcell_data_filtered.wrench.force.z,4306.95998992424
2.896221685,1785795319.018232631,/loadcell_data_filtered.wrench.force.z,4306.420427639431
2.896612639,1785795319.018623585,/loadcell_data_filtered.wrench.force.z,4305.8177573235025
2.89739462,1785795319.019405566,/loadcell_data_filtered.wrench.force.z,4311.524207349484
2.89774618,1785795319.019757126,/loadcell_data_filtered.wrench.force.z,4316.24010315554
2.8982653430000003,1785795319.020276289,/loadcell_data_filtered.wrench.force.z,4319.9454603973645
2.898635016,1785795319.020645962,/loadcell_data_filtered.wrench.force.z,4322.28321426857
2.899096234,1785795319.021107180,/loadcell_data_filtered.wrench.force.z,4325.050580016405
2.900715953,1785795319.022726899,/loadcell_data_filtered.wrench.force.z,4325.6174132011
2.901053529,1785795319.023064475,/loadcell_data_filtered.wrench.force.z,4326.0773947629705
2.901197018,1785795319.023207964,/loadcell_data_filtered.wrench.force.z,4327.114075411387
2.901323558,1785795319.023334504,/loadcell_data_filtered.wrench.force.z,4327.555190195911
2.901746493,1785795319.023757439,/loadcell_data_filtered.wrench.force.z,4327.4589005052385
2.902189722,1785795319.024200668,/loadcell_data_filtered.wrench.force.z,4326.8527355729375
2.902557533,1785795319.024568479,/loadcell_data_filtered.wrench.force.z,4326.920115975073
2.904730891,1785795319.026741837,/loadcell_data_filtered.wrench.force.z,4327.444005597042
2.905283819,1785795319.027294765,/loadcell_data_filtered.wrench.force.z,4327.929010377994
2.905408856,1785795319.027419802,/loadcell_data_filtered.wrench.force.z,4328.68059869218
2.905589011,1785795319.027599957,/loadcell_data_filtered.wrench.force.z,4329.456735797672
2.905788732,1785795319.027799678,/loadcell_data_filtered.wrench.force.z,4327.588211102612
2.9059820700000003,1785795319.027993016,/loadcell_data_filtered.wrench.force.z,4323.771219012027
2.906712477,1785795319.028723423,/loadcell_data_filtered.wrench.force.z,4319.069916021094
2.906979104,1785795319.028990050,/loadcell_data_filtered.wrench.force.z,4315.871268838075
2.907963461,1785795319.029974407,/loadcell_data_filtered.wrench.force.z,4313.715747098548
2.908187734,1785795319.030198680,/loadcell_data_filtered.wrench.force.z,4312.005735062818
2.908406959,1785795319.030417905,/loadcell_data_filtered.wrench.force.z,4311.628369398259
2.908684784,1785795319.030695730,/loadcell_data_filtered.wrench.force.z,4312.290473745519
2.909305936,1785795319.031316882,/loadcell_data_filtered.wrench.force.z,4313.688389706616
2.910094355,1785795319.032105301,/loadcell_data_filtered.wrench.force.z,4315.380268097907
2.911116604,1785795319.033127550,/loadcell_data_filtered.wrench.force.z,4316.398936696093
2.911526146,1785795319.033537092,/loadcell_data_filtered.wrench.force.z,4317.456631682883
2.911822134,1785795319.033833080,/loadcell_data_filtered.wrench.force.z,4318.970274161033
2.91213591,1785795319.034146856,/loadcell_data_filtered.wrench.force.z,4319.620270678841
2.912526546,1785795319.034537492,/loadcell_data_filtered.wrench.force.z,4320.385070235015
2.913409044,1785795319.035419990,/loadcell_data_filtered.wrench.force.z,4321.0994396332935
2.91386695,1785795319.035877896,/loadcell_data_filtered.wrench.force.z,4321.579206228016
2.9142777090000003,1785795319.036288655,/loadcell_data_filtered.wrench.force.z,4328.126055637268
2.914657399,1785795319.036668345,/loadcell_data_filtered.wrench.force.z,4331.732254521886
2.915131097,1785795319.037142043,/loadcell_data_filtered.wrench.force.z,4336.484421658197
2.915542571,1785795319.037553517,/loadcell_data_filtered.wrench.force.z,4340.589202312201
2.915896433,1785795319.037907379,/loadcell_data_filtered.wrench.force.z,4343.776567558795
2.916386585,1785795319.038397531,/loadcell_data_filtered.wrench.force.z,4345.938361790956
2.916876458,1785795319.038887404,/loadcell_data_filtered.wrench.force.z,4347.116193318769
2.917232638,1785795319.039243584,/loadcell_data_filtered.wrench.force.z,4347.104156300112
2.920894969,1785795319.042905915,/loadcell_data_filtered.wrench.force.z,4346.564014435009
2.921336923,1785795319.043347869,/loadcell_data_filtered.wrench.force.z,4346.332014180436
2.9216381,1785795319.043649046,/loadcell_data_filtered.wrench.force.z,4347.192820058091
2.9218761840000003,1785795319.043887130,/loadcell_data_filtered.wrench.force.z,4347.835145610931
2.922144918,1785795319.044155864,/loadcell_data_filtered.wrench.force.z,4347.940964839431
2.922447473,1785795319.044458419,/loadcell_data_filtered.wrench.force.z,4348.263752135668
2.922782267,1785795319.044793213,/loadcell_data_filtered.wrench.force.z,4348.349785498545
2.923093074,1785795319.045104020,/loadcell_data_filtered.wrench.force.z,4347.891516685332
2.924497865,1785795319.046508811,/loadcell_data_filtered.wrench.force.z,4345.99147978956
2.925190665,1785795319.047201611,/loadcell_data_filtered.wrench.force.z,4339.77523145266
2.925544276,1785795319.047555222,/loadcell_data_filtered.wrench.force.z,4335.775318980709
2.925793091,1785795319.047804037,/loadcell_data_filtered.wrench.force.z,4331.886094977908
2.92599082,1785795319.048001766,/loadcell_data_filtered.wrench.force.z,4328.595127381756
2.926179662,1785795319.048190608,/loadcell_data_filtered.wrench.force.z,4325.79315334871
2.926331481,1785795319.048342427,/loadcell_data_filtered.wrench.force.z,4324.8744362867155
2.926489932,1785795319.048500878,/loadcell_data_filtered.wrench.force.z,4323.230438230282
2.926657679,1785795319.048668625,/loadcell_data_filtered.wrench.force.z,4322.197819166848
2.926826293,1785795319.048837239,/loadcell_data_filtered.wrench.force.z,4321.760580273064
2.927016194,1785795319.049027140,/loadcell_data_filtered.wrench.force.z,4321.529061920005
2.9271960100000003,1785795319.049206956,/loadcell_data_filtered.wrench.force.z,4320.925607362952
2.927539338,1785795319.049550284,/loadcell_data_filtered.wrench.force.z,4320.200343663998
2.927951937,1785795319.049962883,/loadcell_data_filtered.wrench.force.z,4319.741245961129
2.928524545,1785795319.050535491,/loadcell_data_filtered.wrench.force.z,4319.018728429316
2.92931267,1785795319.051323616,/loadcell_data_filtered.wrench.force.z,4318.580717903258
2.92971974,1785795319.051730686,/loadcell_data_filtered.wrench.force.z,4318.058070796347
2.930223765,1785795319.052234711,/loadcell_data_filtered.wrench.force.z,4318.143266948687
2.930660147,1785795319.052671093,/loadcell_data_filtered.wrench.force.z,4323.7657796401945
2.931061331,1785795319.053072277,/loadcell_data_filtered.wrench.force.z,4328.735922727495
2.932071516,1785795319.054082462,/loadcell_data_filtered.wrench.force.z,4332.251769739212
2.932273249,1785795319.054284195,/loadcell_data_filtered.wrench.force.z,4335.135043068257
2.932565187,1785795319.054576133,/loadcell_data_filtered.wrench.force.z,4338.019523753885
2.932903485,1785795319.054914431,/loadcell_data_filtered.wrench.force.z,4338.704133872497
2.93356034,1785795319.055571286,/loadcell_data_filtered.wrench.force.z,4338.859892779342
2.936733746,1785795319.058744692,/loadcell_data_filtered.wrench.force.z,4338.881139943454
2.937518367,1785795319.059529313,/loadcell_data_filtered.wrench.force.z,4338.571929246766
2.938005275,1785795319.060016221,/loadcell_data_filtered.wrench.force.z,4339.347416308767
2.938449993,1785795319.060460939,/loadcell_data_filtered.wrench.force.z,4339.531126427625
2.938765395,1785795319.060776341,/loadcell_data_filtered.wrench.force.z,4340.122620546977
2.939019161,1785795319.061030107,/loadcell_data_filtered.wrench.force.z,4340.597609608257
2.939243652,1785795319.061254598,/loadcell_data_filtered.wrench.force.z,4340.938097948327
2.939405882,1785795319.061416828,/loadcell_data_filtered.wrench.force.z,4340.643488261822
2.9395666250000003,1785795319.061577571,/loadcell_data_filtered.wrench.force.z,4338.861852295821
2.9426817620000003,1785795319.064692708,/loadcell_data_filtered.wrench.force.z,4335.055587479992
2.943025836,1785795319.065036782,/loadcell_data_filtered.wrench.force.z,4330.88700178362
2.943162129,1785795319.065173075,/loadcell_data_filtered.wrench.force.z,4326.983011721912
2.943290397,1785795319.065301343,/loadcell_data_filtered.wrench.force.z,4323.676841913675
2.943422168,1785795319.065433114,/loadcell_data_filtered.wrench.force.z,4321.174373524101
2.94354028,1785795319.065551226,/loadcell_data_filtered.wrench.force.z,4319.333002453131
2.943660746,1785795319.065671692,/loadcell_data_filtered.wrench.force.z,4318.53992643547
2.943785087,1785795319.065796033,/loadcell_data_filtered.wrench.force.z,4319.159338328887
2.943903428,1785795319.065914374,/loadcell_data_filtered.wrench.force.z,4320.121650507131
2.9440319610000003,1785795319.066042907,/loadcell_data_filtered.wrench.force.z,4320.808285045823
2.944149487,1785795319.066160433,/loadcell_data_filtered.wrench.force.z,4319.498430859449
2.944270045,1785795319.066280991,/loadcell_data_filtered.wrench.force.z,4319.697246451882
2.946266881,1785795319.068277827,/loadcell_data_filtered.wrench.force.z,4319.52946661292
2.9464385980000003,1785795319.068449544,/loadcell_data_filtered.wrench.force.z,4319.38425874647
2.946578572,1785795319.068589518,/loadcell_data_filtered.wrench.force.z,4319.17277977058
2.946710347,1785795319.068721293,/loadcell_data_filtered.wrench.force.z,4312.14864445919
2.946839501,1785795319.068850447,/loadcell_data_filtered.wrench.force.z,4312.520514499112
2.947107856,1785795319.069118802,/loadcell_data_filtered.wrench.force.z,4317.873102850678
2.947420722,1785795319.069431668,/loadcell_data_filtered.wrench.force.z,4321.529377216986
2.947985555,1785795319.069996501,/loadcell_data_filtered.wrench.force.z,4325.4325180388205
2.950301688,1785795319.072312634,/loadcell_data_filtered.wrench.force.z,4329.201882710233
2.951110554,1785795319.073121500,/loadcell_data_filtered.wrench.force.z,4332.02892482888
2.95124392,1785795319.073254866,/loadcell_data_filtered.wrench.force.z,4334.709207390239
2.9513627810000003,1785795319.073373727,/loadcell_data_filtered.wrench.force.z,4336.664374238785
2.951488359,1785795319.073499305,/loadcell_data_filtered.wrench.force.z,4337.0873935097125
2.9516548400000002,1785795319.073665786,/loadcell_data_filtered.wrench.force.z,4336.764463342872
2.951832977,1785795319.073843923,/loadcell_data_filtered.wrench.force.z,4336.67064080749
2.95201831,1785795319.074029256,/loadcell_data_filtered.wrench.force.z,4335.607014509347
2.952352712,1785795319.074363658,/loadcell_data_filtered.wrench.force.z,4335.205524382475
2.9529568,1785795319.074967746,/loadcell_data_filtered.wrench.force.z,4335.162531344826
2.9534326230000003,1785795319.075443569,/loadcell_data_filtered.wrench.force.z,4334.883588332598
2.954027408,1785795319.076038354,/loadcell_data_filtered.wrench.force.z,4334.752740886649
2.955048942,1785795319.077059888,/loadcell_data_filtered.wrench.force.z,4334.437604751575
2.955554959,1785795319.077565905,/loadcell_data_filtered.wrench.force.z,4334.164009628865
2.955870965,1785795319.077881911,/loadcell_data_filtered.wrench.force.z,4328.037524684186
2.9562544500000003,1785795319.078265396,/loadcell_data_filtered.wrench.force.z,4323.8207928229585
2.956692494,1785795319.078703440,/loadcell_data_filtered.wrench.force.z,4319.4913740169795
2.957112812,1785795319.079123758,/loadcell_data_filtered.wrench.force.z,4315.796923015406
2.95761839,1785795319.079629336,/loadcell_data_filtered.wrench.force.z,4312.537278498003
2.957969965,1785795319.079980911,/loadcell_data_filtered.wrench.force.z,4310.8154294386295
2.958452557,1785795319.080463503,/loadcell_data_filtered.wrench.force.z,4309.505677905348
2.958771983,1785795319.080782929,/loadcell_data_filtered.wrench.force.z,4309.438523994335
2.959265846,1785795319.081276792,/loadcell_data_filtered.wrench.force.z,4309.798061262732
2.959865118,1785795319.081876064,/loadcell_data_filtered.wrench.force.z,4309.741467553116
2.960668782,1785795319.082679728,/loadcell_data_filtered.wrench.force.z,4309.949574373688
2.961441785,1785795319.083452731,/loadcell_data_filtered.wrench.force.z,4310.06175303425
2.961743474,1785795319.083754420,/loadcell_data_filtered.wrench.force.z,4310.203168943279
2.9620551500000003,1785795319.084066096,/loadcell_data_filtered.wrench.force.z,4309.965681336713
2.96268051,1785795319.084691456,/loadcell_data_filtered.wrench.force.z,4310.213769574214
2.963603346,1785795319.085614292,/loadcell_data_filtered.wrench.force.z,4310.376855223342
2.967159338,1785795319.089170284,/loadcell_data_filtered.wrench.force.z,4311.920763748
2.9676749410000003,1785795319.089685887,/loadcell_data_filtered.wrench.force.z,4318.290934374272
2.968200229,1785795319.090211175,/loadcell_data_filtered.wrench.force.z,4323.466350972059
2.9685243420000003,1785795319.090535288,/loadcell_data_filtered.wrench.force.z,4328.501129183871
2.968771953,1785795319.090782899,/loadcell_data_filtered.wrench.force.z,4332.3858346197285
2.9690617880000003,1785795319.091072734,/loadcell_data_filtered.wrench.force.z,4336.385286684793
2.969366818,1785795319.091377764,/loadcell_data_filtered.wrench.force.z,4338.816969280482
2.96968276,1785795319.091693706,/loadcell_data_filtered.wrench.force.z,4340.851162071807
2.9699916760000002,1785795319.092002622,/loadcell_data_filtered.wrench.force.z,4341.403301517939
2.970684836,1785795319.092695782,/loadcell_data_filtered.wrench.force.z,4341.062987788928
2.9710633040000003,1785795319.093074250,/loadcell_data_filtered.wrench.force.z,4341.876828521064
2.97138968,1785795319.093400626,/loadcell_data_filtered.wrench.force.z,4342.85412229013
2.971758844,1785795319.093769790,/loadcell_data_filtered.wrench.force.z,4343.474363726993
2.972073654,1785795319.094084600,/loadcell_data_filtered.wrench.force.z,4344.225304241257
2.972420812,1785795319.094431758,/loadcell_data_filtered.wrench.force.z,4344.615353957374
2.972796608,1785795319.094807554,/loadcell_data_filtered.wrench.force.z,4345.206161832543
2.973376778,1785795319.095387724,/loadcell_data_filtered.wrench.force.z,4345.003980006166
2.973847545,1785795319.095858491,/loadcell_data_filtered.wrench.force.z,4340.80608154616
2.974343021,1785795319.096353967,/loadcell_data_filtered.wrench.force.z,4337.736752755553
2.9745943610000003,1785795319.096605307,/loadcell_data_filtered.wrench.force.z,4333.498785599254
2.974970107,1785795319.096981053,/loadcell_data_filtered.wrench.force.z,4330.13334041775
2.9753308460000003,1785795319.097341792,/loadcell_data_filtered.wrench.force.z,4327.016743057798
2.975657135,1785795319.097668081,/loadcell_data_filtered.wrench.force.z,4324.433229940625
2.975889522,1785795319.097900468,/loadcell_data_filtered.wrench.force.z,4322.63112791245
2.976152792,1785795319.098163738,/loadcell_data_filtered.wrench.force.z,4322.135298726043
2.97640035,1785795319.098411296,/loadcell_data_filtered.wrench.force.z,4322.481961887146
2.97664501,1785795319.098655956,/loadcell_data_filtered.wrench.force.z,4322.330561058093
2.97685022,1785795319.098861166,/loadcell_data_filtered.wrench.force.z,4321.963576182581
2.9773871830000003,1785795319.099398129,/loadcell_data_filtered.wrench.force.z,4321.359617076234
2.978342175,1785795319.100353121,/loadcell_data_filtered.wrench.force.z,4320.88844854505
2.978637566,1785795319.100648512,/loadcell_data_filtered.wrench.force.z,4320.53526316422
2.978943878,1785795319.100954824,/loadcell_data_filtered.wrench.force.z,4319.996336503966
2.979583152,1785795319.101594098,/loadcell_data_filtered.wrench.force.z,4319.4841093398145
2.979977224,1785795319.101988170,/loadcell_data_filtered.wrench.force.z,4319.166578834353
2.980395513,1785795319.102406459,/loadcell_data_filtered.wrench.force.z,4324.561142803623
2.984350509,1785795319.106361455,/loadcell_data_filtered.wrench.force.z,4327.470965939296
2.984959907,1785795319.106970853,/loadcell_data_filtered.wrench.force.z,4331.1533111630815
2.98541026,1785795319.107421206,/loadcell_data_filtered.wrench.force.z,4334.637492227936
2.985707266,1785795319.107718212,/loadcell_data_filtered.wrench.force.z,4338.023525838692
2.986005744,1785795319.108016690,/loadcell_data_filtered.wrench.force.z,4339.730341293213
2.986291413,1785795319.108302359,/loadcell_data_filtered.wrench.force.z,4341.386259275013
2.9866452150000002,1785795319.108656161,/loadcell_data_filtered.wrench.force.z,4342.133166619514
2.986968655,1785795319.108979601,/loadcell_data_filtered.wrench.force.z,4342.4226096255115
2.987252497,1785795319.109263443,/loadcell_data_filtered.wrench.force.z,4340.703917302324
2.987574795,1785795319.109585741,/loadcell_data_filtered.wrench.force.z,4340.091118038464
2.987970391,1785795319.109981337,/loadcell_data_filtered.wrench.force.z,4340.34734936515
2.9895710170000003,1785795319.111581963,/loadcell_data_filtered.wrench.force.z,4339.917071366257
2.990034057,1785795319.112045003,/loadcell_data_filtered.wrench.force.z,4339.619236194005
2.990376308,1785795319.112387254,/loadcell_data_filtered.wrench.force.z,4339.653258934436
2.990584211,1785795319.112595157,/loadcell_data_filtered.wrench.force.z,4339.6911183309
2.9907720170000003,1785795319.112782963,/loadcell_data_filtered.wrench.force.z,4339.3207124116725
2.990955668,1785795319.112966614,/loadcell_data_filtered.wrench.force.z,4333.387473597695
2.9911690120000003,1785795319.113179958,/loadcell_data_filtered.wrench.force.z,4329.05927476323
2.9913602260000003,1785795319.113371172,/loadcell_data_filtered.wrench.force.z,4324.728635469229
2.9915603060000002,1785795319.113571252,/loadcell_data_filtered.wrench.force.z,4320.636471109644
2.9934347800000003,1785795319.115445726,/loadcell_data_filtered.wrench.force.z,4315.138524227247
2.9938271270000003,1785795319.115838073,/loadcell_data_filtered.wrench.force.z,4313.42627650525
2.994077093,1785795319.116088039,/loadcell_data_filtered.wrench.force.z,4311.633534578006
2.994320903,1785795319.116331849,/loadcell_data_filtered.wrench.force.z,4311.407249303937
2.994534541,1785795319.116545487,/loadcell_data_filtered.wrench.force.z,4311.279594884083
2.99473898,1785795319.116749926,/loadcell_data_filtered.wrench.force.z,4311.145008943028
2.994941787,1785795319.116952733,/loadcell_data_filtered.wrench.force.z,4310.770362040206
2.9951947150000002,1785795319.117205661,/loadcell_data_filtered.wrench.force.z,4309.351446316631
2.995388464,1785795319.117399410,/loadcell_data_filtered.wrench.force.z,4306.774394689409
2.9986974870000003,1785795319.120708433,/loadcell_data_filtered.wrench.force.z,4305.570917842294
2.999018404,1785795319.121029350,/loadcell_data_filtered.wrench.force.z,4304.8285591630765
2.9992319910000003,1785795319.121242937,/loadcell_data_filtered.wrench.force.z,4304.640972755611
2.999436415,1785795319.121447361,/loadcell_data_filtered.wrench.force.z,4306.20013848433
2.999733284,1785795319.121744230,/loadcell_data_filtered.wrench.force.z,4311.292236938137
3.000104636,1785795319.122115582,/loadcell_data_filtered.wrench.force.z,4315.988681799673
3.000414558,1785795319.122425504,/loadcell_data_filtered.wrench.force.z,4320.068381120812
3.000812448,1785795319.122823394,/loadcell_data_filtered.wrench.force.z,4323.019767590011
3.002227117,1785795319.124238063,/loadcell_data_filtered.wrench.force.z,4324.645517327781
3.002712117,1785795319.124723063,/loadcell_data_filtered.wrench.force.z,4324.627941906919
3.00299287,1785795319.125003816,/loadcell_data_filtered.wrench.force.z,4325.711893087434
3.003362698,1785795319.125373644,/loadcell_data_filtered.wrench.force.z,4326.612101667341
3.00376461,1785795319.125775556,/loadcell_data_filtered.wrench.force.z,4327.666681561619
3.004189385,1785795319.126200331,/loadcell_data_filtered.wrench.force.z,4328.330350060635
3.004596839,1785795319.126607785,/loadcell_data_filtered.wrench.force.z,4329.530692274502
3.00493303,1785795319.126943976,/loadcell_data_filtered.wrench.force.z,4329.802075120358
3.005299549,1785795319.127310495,/loadcell_data_filtered.wrench.force.z,4329.276827451036
3.005642917,1785795319.127653863,/loadcell_data_filtered.wrench.force.z,4329.330172989771
3.00707504,1785795319.129085986,/loadcell_data_filtered.wrench.force.z,4330.396681732668
3.00709153,1785795319.129102476,/loadcell_data_filtered.wrench.force.z,4330.401092194837
3.009678515,1785795319.131689461,/loadcell_data_filtered.wrench.force.z,4325.694873761707
3.01002778,1785795319.132038726,/loadcell_data_filtered.wrench.force.z,4322.773824937345
3.01026622,1785795319.132277166,/loadcell_data_filtered.wrench.force.z,4319.705968982405
3.010457542,1785795319.132468488,/loadcell_data_filtered.wrench.force.z,4317.170567121577
3.010687512,1785795319.132698458,/loadcell_data_filtered.wrench.force.z,4314.749086740554
3.010985689,1785795319.132996635,/loadcell_data_filtered.wrench.force.z,4312.9530191643535
3.011349695,1785795319.133360641,/loadcell_data_filtered.wrench.force.z,4312.30739854757
3.011742873,1785795319.133753819,/loadcell_data_filtered.wrench.force.z,4312.7988005432735
3.012099722,1785795319.134110668,/loadcell_data_filtered.wrench.force.z,4313.833558189453
3.01253923,1785795319.134550176,/loadcell_data_filtered.wrench.force.z,4314.851745128625
3.013018192,1785795319.135029138,/loadcell_data_filtered.wrench.force.z,4313.665771178157
3.013479459,1785795319.135490405,/loadcell_data_filtered.wrench.force.z,4313.062751049396
3.013854844,1785795319.135865790,/loadcell_data_filtered.wrench.force.z,4312.526173063414
3.014207584,1785795319.136218530,/loadcell_data_filtered.wrench.force.z,4312.102990537998
3.014595977,1785795319.136606923,/loadcell_data_filtered.wrench.force.z,4311.760518481124
3.015016503,1785795319.137027449,/loadcell_data_filtered.wrench.force.z,4311.556505896423
3.015433757,1785795319.137444703,/loadcell_data_filtered.wrench.force.z,4311.606702185096
3.016089141,1785795319.138100087,/loadcell_data_filtered.wrench.force.z,4317.449937893032
3.01653773,1785795319.138548676,/loadcell_data_filtered.wrench.force.z,4321.476573076065
3.016944916,1785795319.138955862,/loadcell_data_filtered.wrench.force.z,4325.346755801463
3.017385561,1785795319.139396507,/loadcell_data_filtered.wrench.force.z,4328.487898204556
3.01783074,1785795319.139841686,/loadcell_data_filtered.wrench.force.z,4331.42386597403
3.018277514,1785795319.140288460,/loadcell_data_filtered.wrench.force.z,4333.071197297248
3.018736652,1785795319.140747598,/loadcell_data_filtered.wrench.force.z,4334.410717508774
3.019198352,1785795319.141209298,/loadcell_data_filtered.wrench.force.z,4334.882152827633
3.025262161,1785795319.147273107,/loadcell_data_filtered.wrench.force.z,4336.722494430043
3.025423469,1785795319.147434415,/loadcell_data_filtered.wrench.force.z,4338.44624928449
3.025642832,1785795319.147653778,/loadcell_data_filtered.wrench.force.z,4339.845645612199
3.025896044,1785795319.147906990,/loadcell_data_filtered.wrench.force.z,4340.428087019028
3.026136438,1785795319.148147384,/loadcell_data_filtered.wrench.force.z,4335.628954519066
3.026361837,1785795319.148372783,/loadcell_data_filtered.wrench.force.z,4332.759713124957
3.026586045,1785795319.148596991,/loadcell_data_filtered.wrench.force.z,4330.231160410341
3.0268003,1785795319.148811246,/loadcell_data_filtered.wrench.force.z,4328.83135373159
3.027022506,1785795319.149033452,/loadcell_data_filtered.wrench.force.z,4319.289100691668
3.027237154,1785795319.149248100,/loadcell_data_filtered.wrench.force.z,4318.481254099452
3.027447864,1785795319.149458810,/loadcell_data_filtered.wrench.force.z,4316.11777394627
3.027601089,1785795319.149612035,/loadcell_data_filtered.wrench.force.z,4316.519817584881
3.027718019,1785795319.149728965,/loadcell_data_filtered.wrench.force.z,4317.079302883488
3.029656407,1785795319.151667353,/loadcell_data_filtered.wrench.force.z,4317.295397300217
3.030165269,1785795319.152176215,/loadcell_data_filtered.wrench.force.z,4317.029083833319
3.030608689,1785795319.152619635,/loadcell_data_filtered.wrench.force.z,4317.296709668198
3.030932078,1785795319.152943024,/loadcell_data_filtered.wrench.force.z,4317.681469650578
3.03125028,1785795319.153261226,/loadcell_data_filtered.wrench.force.z,4318.205174014503
3.031566205,1785795319.153577151,/loadcell_data_filtered.wrench.force.z,4318.257170236368
3.031992227,1785795319.154003173,/loadcell_data_filtered.wrench.force.z,4318.349499917353
3.032354071,1785795319.154365017,/loadcell_data_filtered.wrench.force.z,4320.933877520678
3.032719216,1785795319.154730162,/loadcell_data_filtered.wrench.force.z,4324.3214009594585
3.032988867,1785795319.154999813,/loadcell_data_filtered.wrench.force.z,4328.448236881391
3.033299779,1785795319.155310725,/loadcell_data_filtered.wrench.force.z,4331.423264996957
3.033627786,1785795319.155638732,/loadcell_data_filtered.wrench.force.z,4333.665549642243
3.03393091,1785795319.155941856,/loadcell_data_filtered.wrench.force.z,4335.355257705094
3.034443317,1785795319.156454263,/loadcell_data_filtered.wrench.force.z,4335.712633308126
3.034747152,1785795319.156758098,/loadcell_data_filtered.wrench.force.z,4335.627722140632
3.035175541,1785795319.157186487,/loadcell_data_filtered.wrench.force.z,4334.677081250838
3.035506615,1785795319.157517561,/loadcell_data_filtered.wrench.force.z,4334.307737784891
3.040455451,1785795319.162466397,/loadcell_data_filtered.wrench.force.z,4333.49201031563
3.040651158,1785795319.162662104,/loadcell_data_filtered.wrench.force.z,4332.886287895732
3.040791915,1785795319.162802861,/loadcell_data_filtered.wrench.force.z,4332.290034157284
3.040925787,1785795319.162936733,/loadcell_data_filtered.wrench.force.z,4324.344655022241
3.043693869,1785795319.165704815,/loadcell_data_filtered.wrench.force.z,4324.208295578479
3.043872436,1785795319.165883382,/loadcell_data_filtered.wrench.force.z,4324.149000929348
3.044019881,1785795319.166030827,/loadcell_data_filtered.wrench.force.z,4323.697478973411
3.044155036,1785795319.166165982,/loadcell_data_filtered.wrench.force.z,4318.743545643679
3.044281351,1785795319.166292297,/loadcell_data_filtered.wrench.force.z,4315.750358850356
3.044402277,1785795319.166413223,/loadcell_data_filtered.wrench.force.z,4311.88343024898
3.044523223,1785795319.166534169,/loadcell_data_filtered.wrench.force.z,4309.010208781478
3.045028293,1785795319.167039239,/loadcell_data_filtered.wrench.force.z,4305.91224181379
3.045205965,1785795319.167216911,/loadcell_data_filtered.wrench.force.z,4302.534082534608
3.045345322,1785795319.167356268,/loadcell_data_filtered.wrench.force.z,4301.157205911193
3.045489429,1785795319.167500375,/loadcell_data_filtered.wrench.force.z,4301.149034588606
3.045648477,1785795319.167659423,/loadcell_data_filtered.wrench.force.z,4301.925402779044
3.045764375,1785795319.167775321,/loadcell_data_filtered.wrench.force.z,4302.934324968217
3.045892527,1785795319.167903473,/loadcell_data_filtered.wrench.force.z,4303.728934912307
3.046050964,1785795319.168061910,/loadcell_data_filtered.wrench.force.z,4302.470445605437
3.046185805,1785795319.168196751,/loadcell_data_filtered.wrench.force.z,4302.435425597927
3.046314433,1785795319.168325379,/loadcell_data_filtered.wrench.force.z,4302.864604632984
3.046459395,1785795319.168470341,/loadcell_data_filtered.wrench.force.z,4301.264949887122
3.046627138,1785795319.168638084,/loadcell_data_filtered.wrench.force.z,4300.242924226136
3.046855502,1785795319.168866448,/loadcell_data_filtered.wrench.force.z,4299.918662257111
3.047073152,1785795319.169084098,/loadcell_data_filtered.wrench.force.z,4305.413784995866
3.047605075,1785795319.169616021,/loadcell_data_filtered.wrench.force.z,4309.40110999226
3.048148627,1785795319.170159573,/loadcell_data_filtered.wrench.force.z,4313.329052500848
3.048774502,1785795319.170785448,/loadcell_data_filtered.wrench.force.z,4315.983501802469
3.04899155,1785795319.171002496,/loadcell_data_filtered.wrench.force.z,4318.427820771313
3.049596748,1785795319.171607694,/loadcell_data_filtered.wrench.force.z,4319.386135487392
3.050781185,1785795319.172792131,/loadcell_data_filtered.wrench.force.z,4320.386434365694
3.051122871,1785795319.173133817,/loadcell_data_filtered.wrench.force.z,4320.496246063799
3.051399428,1785795319.173410374,/loadcell_data_filtered.wrench.force.z,4320.035578743264
3.0526599660000002,1785795319.174670912,/loadcell_data_filtered.wrench.force.z,4320.244701516352
3.053005217,1785795319.175016163,/loadcell_data_filtered.wrench.force.z,4320.420556378824
3.053130408,1785795319.175141354,/loadcell_data_filtered.wrench.force.z,4321.45837044597
3.053249749,1785795319.175260695,/loadcell_data_filtered.wrench.force.z,4322.274918298092
3.053650696,1785795319.175661642,/loadcell_data_filtered.wrench.force.z,4322.432220001292
3.054070891,1785795319.176081837,/loadcell_data_filtered.wrench.force.z,4322.461354837371
3.054962117,1785795319.176973063,/loadcell_data_filtered.wrench.force.z,4322.336969361107
3.055195838,1785795319.177206784,/loadcell_data_filtered.wrench.force.z,4321.920623185555
3.055594695,1785795319.177605641,/loadcell_data_filtered.wrench.force.z,4316.640844703149
3.0560281910000002,1785795319.178039137,/loadcell_data_filtered.wrench.force.z,4312.255222464512
3.05828754,1785795319.180298486,/loadcell_data_filtered.wrench.force.z,4308.462573101799
3.058654157,1785795319.180665103,/loadcell_data_filtered.wrench.force.z,4305.568292674764
3.058817721,1785795319.180828667,/loadcell_data_filtered.wrench.force.z,4303.501128690455
3.058955641,1785795319.180966587,/loadcell_data_filtered.wrench.force.z,4302.974839436166
3.059092481,1785795319.181103427,/loadcell_data_filtered.wrench.force.z,4303.777634182538
3.05921897,1785795319.181229916,/loadcell_data_filtered.wrench.force.z,4304.465953053022
3.059833882,1785795319.181844828,/loadcell_data_filtered.wrench.force.z,4304.430396286315
3.060243918,1785795319.182254864,/loadcell_data_filtered.wrench.force.z,4304.953209818451
3.060475217,1785795319.182486163,/loadcell_data_filtered.wrench.force.z,4305.956637956575
3.060839449,1785795319.182850395,/loadcell_data_filtered.wrench.force.z,4305.765099307759
3.061384307,1785795319.183395253,/loadcell_data_filtered.wrench.force.z,4305.380796038594
3.061988675,1785795319.183999621,/loadcell_data_filtered.wrench.force.z,4305.468004652242
3.062588003,1785795319.184598949,/loadcell_data_filtered.wrench.force.z,4305.598699705139
3.062985735,1785795319.184996681,/loadcell_data_filtered.wrench.force.z,4306.017063351735
3.063424079,1785795319.185435025,/loadcell_data_filtered.wrench.force.z,4310.240388731034
3.06381511,1785795319.185826056,/loadcell_data_filtered.wrench.force.z,4314.612407495559
3.065008778,1785795319.187019724,/loadcell_data_filtered.wrench.force.z,4319.584292676508
3.065466237,1785795319.187477183,/loadcell_data_filtered.wrench.force.z,4323.602277066741
3.065782683,1785795319.187793629,/loadcell_data_filtered.wrench.force.z,4326.439216235311
3.066354205,1785795319.188365151,/loadcell_data_filtered.wrench.force.z,4328.880422772779
3.067004368,1785795319.189015314,/loadcell_data_filtered.wrench.force.z,4330.592110581344
3.068598662,1785795319.190609608,/loadcell_data_filtered.wrench.force.z,4331.174321606958
3.069000043,1785795319.191010989,/loadcell_data_filtered.wrench.force.z,4331.260920708139
3.069263633,1785795319.191274579,/loadcell_data_filtered.wrench.force.z,4332.215974522039
3.069504749,1785795319.191515695,/loadcell_data_filtered.wrench.force.z,4332.441352221391
3.069729315,1785795319.191740261,/loadcell_data_filtered.wrench.force.z,4333.235795961826
3.069951129,1785795319.191962075,/loadcell_data_filtered.wrench.force.z,4332.940054807686
3.070225816,1785795319.192236762,/loadcell_data_filtered.wrench.force.z,4333.178547438219
3.072788752,1785795319.194799698,/loadcell_data_filtered.wrench.force.z,4333.456780756663
3.073903171,1785795319.195914117,/loadcell_data_filtered.wrench.force.z,4333.534340895627
3.073909622,1785795319.195920568,/loadcell_data_filtered.wrench.force.z,4333.946764892224
3.074171653,1785795319.196182599,/loadcell_data_filtered.wrench.force.z,4323.986619886569
3.074483797,1785795319.196494743,/loadcell_data_filtered.wrench.force.z,4319.358706546705
3.074736216,1785795319.196747162,/loadcell_data_filtered.wrench.force.z,4315.412814165138
3.075093896,1785795319.197104842,/loadcell_data_filtered.wrench.force.z,4312.3553109434415
3.075378547,1785795319.197389493,/loadcell_data_filtered.wrench.force.z,4309.623766918082
3.075686213,1785795319.197697159,/loadcell_data_filtered.wrench.force.z,4307.91249128082
3.075999178,1785795319.198010124,/loadcell_data_filtered.wrench.force.z,4306.2301942254735
3.076345486,1785795319.198356432,/loadcell_data_filtered.wrench.force.z,4306.304064763773
3.076625939,1785795319.198636885,/loadcell_data_filtered.wrench.force.z,4306.548610178272
3.076831587,1785795319.198842533,/loadcell_data_filtered.wrench.force.z,4306.952766855358
3.077026304,1785795319.199037250,/loadcell_data_filtered.wrench.force.z,4306.89080779219
3.077348372,1785795319.199359318,/loadcell_data_filtered.wrench.force.z,4306.861718489662
3.077989907,1785795319.200000853,/loadcell_data_filtered.wrench.force.z,4307.18522795403
3.078340412,1785795319.200351358,/loadcell_data_filtered.wrench.force.z,4306.733970197633
3.079192611,1785795319.201203557,/loadcell_data_filtered.wrench.force.z,4306.62164868573
3.079591783,1785795319.201602729,/loadcell_data_filtered.wrench.force.z,4306.836597162978
3.080666412,1785795319.202677358,/loadcell_data_filtered.wrench.force.z,4306.506266900579
3.080904511,1785795319.202915457,/loadcell_data_filtered.wrench.force.z,4312.167733495842
3.081028941,1785795319.203039887,/loadcell_data_filtered.wrench.force.z,4317.069780733249
3.086932395,1785795319.208943341,/loadcell_data_filtered.wrench.force.z,4320.839840479652
3.087085524,1785795319.209096470,/loadcell_data_filtered.wrench.force.z,4323.914906814325
3.087222215,1785795319.209233161,/loadcell_data_filtered.wrench.force.z,4325.355656705446
3.087352895,1785795319.209363841,/loadcell_data_filtered.wrench.force.z,4319.074792977265
3.087479525,1785795319.209490471,/loadcell_data_filtered.wrench.force.z,4319.576867980903
3.087600121,1785795319.209611067,/loadcell_data_filtered.wrench.force.z,4319.873943499763
3.087726339,1785795319.209737285,/loadcell_data_filtered.wrench.force.z,4320.439953660294
3.087838952,1785795319.209849898,/loadcell_data_filtered.wrench.force.z,4320.815458016167
3.087955703,1785795319.209966649,/loadcell_data_filtered.wrench.force.z,4321.186514825398
3.088076541,1785795319.210087487,/loadcell_data_filtered.wrench.force.z,4321.2035759711825
3.088201305,1785795319.210212251,/loadcell_data_filtered.wrench.force.z,4321.431833900873
3.088317955,1785795319.210328901,/loadcell_data_filtered.wrench.force.z,4319.72233869176
3.088430834,1785795319.210441780,/loadcell_data_filtered.wrench.force.z,4317.437191237764
3.088583583,1785795319.210594529,/loadcell_data_filtered.wrench.force.z,4315.764605461784
3.089441421,1785795319.211452367,/loadcell_data_filtered.wrench.force.z,4309.548178454781
3.089722788,1785795319.211733734,/loadcell_data_filtered.wrench.force.z,4304.2505977732735
3.090003684,1785795319.212014630,/loadcell_data_filtered.wrench.force.z,4300.77562103179
3.090838968,1785795319.212849914,/loadcell_data_filtered.wrench.force.z,4296.900532275739
3.091347236,1785795319.213358182,/loadcell_data_filtered.wrench.force.z,4293.330914109825
3.091682422,1785795319.213693368,/loadcell_data_filtered.wrench.force.z,4291.119196340909
3.092026833,1785795319.214037779,/loadcell_data_filtered.wrench.force.z,4290.038970364574
3.092489602,1785795319.214500548,/loadcell_data_filtered.wrench.force.z,4289.3543365854775
3.092962014,1785795319.214972960,/loadcell_data_filtered.wrench.force.z,4289.110697940145
3.093438517,1785795319.215449463,/loadcell_data_filtered.wrench.force.z,4288.370300068451
3.093985276,1785795319.215996222,/loadcell_data_filtered.wrench.force.z,4288.004931403429
3.094365043,1785795319.216375989,/loadcell_data_filtered.wrench.force.z,4287.299440195445
3.094721942,1785795319.216732888,/loadcell_data_filtered.wrench.force.z,4286.594782229462
3.095279153,1785795319.217290099,/loadcell_data_filtered.wrench.force.z,4285.786691334845
3.096912353,1785795319.218923299,/loadcell_data_filtered.wrench.force.z,4285.237514998787
3.09692267,1785795319.218933616,/loadcell_data_filtered.wrench.force.z,4284.839686334328
3.097001475,1785795319.219012421,/loadcell_data_filtered.wrench.force.z,4288.98944149622
3.097614695,1785795319.219625641,/loadcell_data_filtered.wrench.force.z,4291.81594589049
3.098136684,1785795319.220147630,/loadcell_data_filtered.wrench.force.z,4295.468898642752
3.098635854,1785795319.220646800,/loadcell_data_filtered.wrench.force.z,4298.199378550359
3.099045898,1785795319.221056844,/loadcell_data_filtered.wrench.force.z,4300.680647549961
3.103355026,1785795319.225365972,/loadcell_data_filtered.wrench.force.z,4302.459877792979
3.103772532,1785795319.225783478,/loadcell_data_filtered.wrench.force.z,4303.27254578542
3.104134508,1785795319.226145454,/loadcell_data_filtered.wrench.force.z,4303.6481313331105
3.104527943,1785795319.226538889,/loadcell_data_filtered.wrench.force.z,4303.71047937847
3.104835088,1785795319.226846034,/loadcell_data_filtered.wrench.force.z,4303.776108294581
3.105190594,1785795319.227201540,/loadcell_data_filtered.wrench.force.z,4303.733046688903
3.105549441,1785795319.227560387,/loadcell_data_filtered.wrench.force.z,4304.16199639464
3.105842944,1785795319.227853890,/loadcell_data_filtered.wrench.force.z,4304.241586305382
3.106418628,1785795319.228429574,/loadcell_data_filtered.wrench.force.z,4304.491799234747
3.106763639,1785795319.228774585,/loadcell_data_filtered.wrench.force.z,4304.16397518516
3.107660087,1785795319.229671033,/loadcell_data_filtered.wrench.force.z,4301.342853524881
3.114170285,1785795319.236181231,/loadcell_data_filtered.wrench.force.z,4300.96620929012
3.114366164,1785795319.236377110,/loadcell_data_filtered.wrench.force.z,4295.523932829878
3.11453634,1785795319.236547286,/loadcell_data_filtered.wrench.force.z,4292.2583252990835
3.11474974,1785795319.236760686,/loadcell_data_filtered.wrench.force.z,4289.477584697658
3.114981778,1785795319.236992724,/loadcell_data_filtered.wrench.force.z,4287.89402365427
3.115278943,1785795319.237289889,/loadcell_data_filtered.wrench.force.z,4286.064546836786
3.115536581,1785795319.237547527,/loadcell_data_filtered.wrench.force.z,4285.952974937401
3.115770764,1785795319.237781710,/loadcell_data_filtered.wrench.force.z,4286.2475677936745
3.115993791,1785795319.238004737,/loadcell_data_filtered.wrench.force.z,4286.925119063107
3.116196112,1785795319.238207058,/loadcell_data_filtered.wrench.force.z,4285.876819515815
3.116403824,1785795319.238414770,/loadcell_data_filtered.wrench.force.z,4285.506896168494
3.116626901,1785795319.238637847,/loadcell_data_filtered.wrench.force.z,4282.895165374499
3.118016161,1785795319.240027107,/loadcell_data_filtered.wrench.force.z,4278.145767828604
3.118630436,1785795319.240641382,/loadcell_data_filtered.wrench.force.z,4284.773517984557
3.119185214,1785795319.241196160,/loadcell_data_filtered.wrench.force.z,4289.015015802215
3.119776721,1785795319.241787667,/loadcell_data_filtered.wrench.force.z,4291.698610069109
3.120453918,1785795319.242464864,/loadcell_data_filtered.wrench.force.z,4295.855761471411
3.120907916,1785795319.242918862,/loadcell_data_filtered.wrench.force.z,4300.347632212889
3.121383437,1785795319.243394383,/loadcell_data_filtered.wrench.force.z,4302.938340669824
3.121696157,1785795319.243707103,/loadcell_data_filtered.wrench.force.z,4304.657469736773
3.121983525,1785795319.243994471,/loadcell_data_filtered.wrench.force.z,4306.137002901158
3.122239633,1785795319.244250579,/loadcell_data_filtered.wrench.force.z,4307.230356697744
3.122495933,1785795319.244506879,/loadcell_data_filtered.wrench.force.z,4307.175136125504
3.122746273,1785795319.244757219,/loadcell_data_filtered.wrench.force.z,4306.301875679486
3.122999327,1785795319.245010273,/loadcell_data_filtered.wrench.force.z,4307.538330591008
3.123245458,1785795319.245256404,/loadcell_data_filtered.wrench.force.z,4308.149443208085
3.123485144,1785795319.245496090,/loadcell_data_filtered.wrench.force.z,4308.829427265091
3.123725346,1785795319.245736292,/loadcell_data_filtered.wrench.force.z,4309.301643725635
3.1239717,1785795319.245982646,/loadcell_data_filtered.wrench.force.z,4309.651436769715
3.125625415,1785795319.247636361,/loadcell_data_filtered.wrench.force.z,4307.853916806149
3.126160667,1785795319.248171613,/loadcell_data_filtered.wrench.force.z,4303.854911276965
3.126381808,1785795319.248392754,/loadcell_data_filtered.wrench.force.z,4300.699531817883
3.126618263,1785795319.248629209,/loadcell_data_filtered.wrench.force.z,4298.110322251921
3.126802494,1785795319.248813440,/loadcell_data_filtered.wrench.force.z,4296.567673353003
3.126962417,1785795319.248973363,/loadcell_data_filtered.wrench.force.z,4294.505847274172
3.127146653,1785795319.249157599,/loadcell_data_filtered.wrench.force.z,4293.871955804704
3.127298889,1785795319.249309835,/loadcell_data_filtered.wrench.force.z,4294.545557888461
3.1274581550000002,1785795319.249469101,/loadcell_data_filtered.wrench.force.z,4295.239637697873
3.127618077,1785795319.249629023,/loadcell_data_filtered.wrench.force.z,4295.8516629831565
3.127768506,1785795319.249779452,/loadcell_data_filtered.wrench.force.z,4295.148793931887
3.127918364,1785795319.249929310,/loadcell_data_filtered.wrench.force.z,4294.996940365658
3.128079447,1785795319.250090393,/loadcell_data_filtered.wrench.force.z,4294.965520661409
3.128246301,1785795319.250257247,/loadcell_data_filtered.wrench.force.z,4295.122527086181
3.128623902,1785795319.250634848,/loadcell_data_filtered.wrench.force.z,4295.234409391915
3.129611212,1785795319.251622158,/loadcell_data_filtered.wrench.force.z,4295.464601628254
3.129938948,1785795319.251949894,/loadcell_data_filtered.wrench.force.z,4295.976255269608
3.130455117,1785795319.252466063,/loadcell_data_filtered.wrench.force.z,4301.032604553456
3.130770587,1785795319.252781533,/loadcell_data_filtered.wrench.force.z,4304.829251858561
3.131290951,1785795319.253301897,/loadcell_data_filtered.wrench.force.z,4309.613817290313
3.131669433,1785795319.253680379,/loadcell_data_filtered.wrench.force.z,4314.028800724707
3.132232914,1785795319.254243860,/loadcell_data_filtered.wrench.force.z,4317.311125987248
3.13263993,1785795319.254650876,/loadcell_data_filtered.wrench.force.z,4319.555156976711
3.133256556,1785795319.255267502,/loadcell_data_filtered.wrench.force.z,4321.452968830109
3.133897512,1785795319.255908458,/loadcell_data_filtered.wrench.force.z,4322.363362981619
3.134480198,1785795319.256491144,/loadcell_data_filtered.wrench.force.z,4322.809282908086
3.134782951,1785795319.256793897,/loadcell_data_filtered.wrench.force.z,4323.863624028364
3.135376261,1785795319.257387207,/loadcell_data_filtered.wrench.force.z,4324.5559815970855
3.135573473,1785795319.257584419,/loadcell_data_filtered.wrench.force.z,4325.071135977652
3.136054013,1785795319.258064959,/loadcell_data_filtered.wrench.force.z,4325.346415131959
3.14111733,1785795319.263128276,/loadcell_data_filtered.wrench.force.z,4325.845104414904
3.141716803,1785795319.263727749,/loadcell_data_filtered.wrench.force.z,4325.942806387015
3.14194035,1785795319.263951296,/loadcell_data_filtered.wrench.force.z,4326.894751887119
3.142105181,1785795319.264116127,/loadcell_data_filtered.wrench.force.z,4327.074702058635
3.142266743,1785795319.264277689,/loadcell_data_filtered.wrench.force.z,4321.619147575105
3.142451395,1785795319.264462341,/loadcell_data_filtered.wrench.force.z,4318.168702426783
3.142559874,1785795319.264570820,/loadcell_data_filtered.wrench.force.z,4314.736166062369
3.1426986709999998,1785795319.264709617,/loadcell_data_filtered.wrench.force.z,4311.988643560655
3.142817486,1785795319.264828432,/loadcell_data_filtered.wrench.force.z,4309.484786488621
3.142945756,1785795319.264956702,/loadcell_data_filtered.wrench.force.z,4308.316169530025
3.143072876,1785795319.265083822,/loadcell_data_filtered.wrench.force.z,4306.160566422613
3.143190311,1785795319.265201257,/loadcell_data_filtered.wrench.force.z,4304.093473090674
3.14330502,1785795319.265315966,/loadcell_data_filtered.wrench.force.z,4302.686195170483
3.14739995,1785795319.269410896,/loadcell_data_filtered.wrench.force.z,4301.91587372326
3.148147245,1785795319.270158191,/loadcell_data_filtered.wrench.force.z,4301.256602186911
3.148300148,1785795319.270311094,/loadcell_data_filtered.wrench.force.z,4300.562364871241
3.148692991,1785795319.270703937,/loadcell_data_filtered.wrench.force.z,4300.239059411473
3.148922327,1785795319.270933273,/loadcell_data_filtered.wrench.force.z,4299.290624742956
3.1491408610000002,1785795319.271151807,/loadcell_data_filtered.wrench.force.z,4298.93326035124
3.149343924,1785795319.271354870,/loadcell_data_filtered.wrench.force.z,4298.551140661945
3.149559573,1785795319.271570519,/loadcell_data_filtered.wrench.force.z,4298.151471815034
3.149789647,1785795319.271800593,/loadcell_data_filtered.wrench.force.z,4303.93711800232
3.150024504,1785795319.272035450,/loadcell_data_filtered.wrench.force.z,4307.9293428896235
3.15025887,1785795319.272269816,/loadcell_data_filtered.wrench.force.z,4311.233074598745
3.150815337,1785795319.272826283,/loadcell_data_filtered.wrench.force.z,4312.796311058076
3.151105247,1785795319.273116193,/loadcell_data_filtered.wrench.force.z,4314.038196845632
3.152017144,1785795319.274028090,/loadcell_data_filtered.wrench.force.z,4314.238878854106
3.152043752,1785795319.274054698,/loadcell_data_filtered.wrench.force.z,4308.328122000286
3.152047951,1785795319.274058897,/loadcell_data_filtered.wrench.force.z,4307.321972586828
3.152051652,1785795319.274062598,/loadcell_data_filtered.wrench.force.z,4306.306451296253
3.152334775,1785795319.274345721,/loadcell_data_filtered.wrench.force.z,4306.145405918472
3.152560943,1785795319.274571889,/loadcell_data_filtered.wrench.force.z,4305.603971144098
3.152767886,1785795319.274778832,/loadcell_data_filtered.wrench.force.z,4305.787837946535
3.153409851,1785795319.275420797,/loadcell_data_filtered.wrench.force.z,4305.912473040557
3.153898824,1785795319.275909770,/loadcell_data_filtered.wrench.force.z,4305.825196551056
3.154858501,1785795319.276869447,/loadcell_data_filtered.wrench.force.z,4305.6283791061815
3.1550773579999998,1785795319.277088304,/loadcell_data_filtered.wrench.force.z,4305.6477210214425
3.155211287,1785795319.277222233,/loadcell_data_filtered.wrench.force.z,4303.266505112172
3.155402281,1785795319.277413227,/loadcell_data_filtered.wrench.force.z,4299.681416983935
3.155984686,1785795319.277995632,/loadcell_data_filtered.wrench.force.z,4295.237728516076
3.156625972,1785795319.278636918,/loadcell_data_filtered.wrench.force.z,4291.891226274181
3.156987329,1785795319.278998275,/loadcell_data_filtered.wrench.force.z,4289.412835072131
3.160493888,1785795319.282504834,/loadcell_data_filtered.wrench.force.z,4286.575051699448
3.160517336,1785795319.282528282,/loadcell_data_filtered.wrench.force.z,4284.9249588965195
3.1610397900000002,1785795319.283050736,/loadcell_data_filtered.wrench.force.z,4285.166465230896
3.161512294,1785795319.283523240,/loadcell_data_filtered.wrench.force.z,4286.03123333952
3.161820311,1785795319.283831257,/loadcell_data_filtered.wrench.force.z,4286.989180631205
3.16210221,1785795319.284113156,/loadcell_data_filtered.wrench.force.z,4287.087898087534
3.162464769,1785795319.284475715,/loadcell_data_filtered.wrench.force.z,4286.39416640875
3.1628155700000002,1785795319.284826516,/loadcell_data_filtered.wrench.force.z,4285.946830776781
3.163192785,1785795319.285203731,/loadcell_data_filtered.wrench.force.z,4285.719266217716
3.163515836,1785795319.285526782,/loadcell_data_filtered.wrench.force.z,4285.590829926004
3.163766566,1785795319.285777512,/loadcell_data_filtered.wrench.force.z,4285.590398435572
3.164248122,1785795319.286259068,/loadcell_data_filtered.wrench.force.z,4285.699272891145
3.164624902,1785795319.286635848,/loadcell_data_filtered.wrench.force.z,4291.512005860545
3.16493145,1785795319.286942396,/loadcell_data_filtered.wrench.force.z,4294.9030540167
3.16532636,1785795319.287337306,/loadcell_data_filtered.wrench.force.z,4299.4613981560515
3.165736692,1785795319.287747638,/loadcell_data_filtered.wrench.force.z,4303.347337031193
3.166068158,1785795319.288079104,/loadcell_data_filtered.wrench.force.z,4307.043396853026
3.166378662,1785795319.288389608,/loadcell_data_filtered.wrench.force.z,4309.2777845138635
3.166725247,1785795319.288736193,/loadcell_data_filtered.wrench.force.z,4311.0739983403255
3.168376382,1785795319.290387328,/loadcell_data_filtered.wrench.force.z,4311.6567315885
3.172120043,1785795319.294130989,/loadcell_data_filtered.wrench.force.z,4311.647954117216
3.172333166,1785795319.294344112,/loadcell_data_filtered.wrench.force.z,4312.99836480044
3.172705567,1785795319.294716513,/loadcell_data_filtered.wrench.force.z,4314.382549267816
3.172842655,1785795319.294853601,/loadcell_data_filtered.wrench.force.z,4315.315924625583
3.172988348,1785795319.294999294,/loadcell_data_filtered.wrench.force.z,4316.771977349669
3.173119176,1785795319.295130122,/loadcell_data_filtered.wrench.force.z,4318.381866348167
3.173252999,1785795319.295263945,/loadcell_data_filtered.wrench.force.z,4319.726246631162
3.173377415,1785795319.295388361,/loadcell_data_filtered.wrench.force.z,4320.9224594099205
3.173566317,1785795319.295577263,/loadcell_data_filtered.wrench.force.z,4322.192567822297
3.173794715,1785795319.295805661,/loadcell_data_filtered.wrench.force.z,4317.812960997229
3.17560761,1785795319.297618556,/loadcell_data_filtered.wrench.force.z,4314.399346585535
3.176497985,1785795319.298508931,/loadcell_data_filtered.wrench.force.z,4311.043168948403
3.176505046,1785795319.298515992,/loadcell_data_filtered.wrench.force.z,4307.046580411224
3.176828626,1785795319.298839572,/loadcell_data_filtered.wrench.force.z,4304.7024159457205
3.177039966,1785795319.299050912,/loadcell_data_filtered.wrench.force.z,4304.21297916563
3.177308767,1785795319.299319713,/loadcell_data_filtered.wrench.force.z,4304.239779778389
3.177577689,1785795319.299588635,/loadcell_data_filtered.wrench.force.z,4305.569369929507
3.177818839,1785795319.299829785,/loadcell_data_filtered.wrench.force.z,4306.69992972026
3.178046185,1785795319.300057131,/loadcell_data_filtered.wrench.force.z,4307.377030769397
3.178322462,1785795319.300333408,/loadcell_data_filtered.wrench.force.z,4306.834189922869
3.178496435,1785795319.300507381,/loadcell_data_filtered.wrench.force.z,4305.95040624292
3.178767284,1785795319.300778230,/loadcell_data_filtered.wrench.force.z,4305.8688527016375
3.178938264,1785795319.300949210,/loadcell_data_filtered.wrench.force.z,4305.616436741766
3.179171805,1785795319.301182751,/loadcell_data_filtered.wrench.force.z,4305.648175051216
3.179947945,1785795319.301958891,/loadcell_data_filtered.wrench.force.z,4305.6071725589045
3.180483866,1785795319.302494812,/loadcell_data_filtered.wrench.force.z,4306.311548406173
3.180910072,1785795319.302921018,/loadcell_data_filtered.wrench.force.z,4311.970284082272
3.1813242,1785795319.303335146,/loadcell_data_filtered.wrench.force.z,4316.796460574662
3.181749703,1785795319.303760649,/loadcell_data_filtered.wrench.force.z,4320.4389608324755
3.182481715,1785795319.304492661,/loadcell_data_filtered.wrench.force.z,4323.3256701737355
3.183036943,1785795319.305047889,/loadcell_data_filtered.wrench.force.z,4325.8067532612795
3.185093299,1785795319.307104245,/loadcell_data_filtered.wrench.force.z,4326.880377866899
3.185361483,1785795319.307372429,/loadcell_data_filtered.wrench.force.z,4327.163155910646
3.185590556,1785795319.307601502,/loadcell_data_filtered.wrench.force.z,4327.325531446992
3.185807669,1785795319.307818615,/loadcell_data_filtered.wrench.force.z,4327.759901743046
3.186027904,1785795319.308038850,/loadcell_data_filtered.wrench.force.z,4328.204387547521
3.186233947,1785795319.308244893,/loadcell_data_filtered.wrench.force.z,4328.204764145367
3.188682752,1785795319.310693698,/loadcell_data_filtered.wrench.force.z,4327.249923338387
3.189037896,1785795319.311048842,/loadcell_data_filtered.wrench.force.z,4327.771355563911
3.189198854,1785795319.311209800,/loadcell_data_filtered.wrench.force.z,4327.7359810696535
3.189300381,1785795319.311311327,/loadcell_data_filtered.wrench.force.z,4327.9149530882605
3.189434409,1785795319.311445355,/loadcell_data_filtered.wrench.force.z,4328.068061450395
3.1896035,1785795319.311614446,/loadcell_data_filtered.wrench.force.z,4324.226752698889
3.189743668,1785795319.311754614,/loadcell_data_filtered.wrench.force.z,4321.398556444349
3.189898502,1785795319.311909448,/loadcell_data_filtered.wrench.force.z,4316.945686855895
3.190068465,1785795319.312079411,/loadcell_data_filtered.wrench.force.z,4311.858571909776
3.190801272,1785795319.312812218,/loadcell_data_filtered.wrench.force.z,4308.196980545255
3.191002799,1785795319.313013745,/loadcell_data_filtered.wrench.force.z,4305.4138798161075
3.191753968,1785795319.313764914,/loadcell_data_filtered.wrench.force.z,4303.020647852808
3.192306583,1785795319.314317529,/loadcell_data_filtered.wrench.force.z,4302.251166926138
3.192729532,1785795319.314740478,/loadcell_data_filtered.wrench.force.z,4301.52264261214
3.193107938,1785795319.315118884,/loadcell_data_filtered.wrench.force.z,4301.133364403226
3.193581723,1785795319.315592669,/loadcell_data_filtered.wrench.force.z,4300.008153764991
3.1938886220000002,1785795319.315899568,/loadcell_data_filtered.wrench.force.z,4299.211673540797
3.194384778,1785795319.316395724,/loadcell_data_filtered.wrench.force.z,4298.48564083782
3.194976612,1785795319.316987558,/loadcell_data_filtered.wrench.force.z,4297.162491060864
3.195404225,1785795319.317415171,/loadcell_data_filtered.wrench.force.z,4296.074069886119
3.196313695,1785795319.318324641,/loadcell_data_filtered.wrench.force.z,4295.2637084738935
3.196628979,1785795319.318639925,/loadcell_data_filtered.wrench.force.z,4294.41843717169
3.196987536,1785795319.318998482,/loadcell_data_filtered.wrench.force.z,4299.199598011815
3.197574403,1785795319.319585349,/loadcell_data_filtered.wrench.force.z,4301.843123960658
3.198052782,1785795319.320063728,/loadcell_data_filtered.wrench.force.z,4305.268347329435
3.198485046,1785795319.320495992,/loadcell_data_filtered.wrench.force.z,4307.715310084911
3.19877241,1785795319.320783356,/loadcell_data_filtered.wrench.force.z,4310.016259328682
3.199423916,1785795319.321434862,/loadcell_data_filtered.wrench.force.z,4311.185343559989
3.199750637,1785795319.321761583,/loadcell_data_filtered.wrench.force.z,4311.866426167838
3.200980174,1785795319.322991120,/loadcell_data_filtered.wrench.force.z,4311.502325044268
3.20133096,1785795319.323341906,/loadcell_data_filtered.wrench.force.z,4310.877943439398
3.202678747,1785795319.324689693,/loadcell_data_filtered.wrench.force.z,4311.124561823396
3.203061783,1785795319.325072729,/loadcell_data_filtered.wrench.force.z,4310.504623349467
3.203244685,1785795319.325255631,/loadcell_data_filtered.wrench.force.z,4309.58508745095
3.203403698,1785795319.325414644,/loadcell_data_filtered.wrench.force.z,4309.652912836733
3.203592615,1785795319.325603561,/loadcell_data_filtered.wrench.force.z,4309.651730380452
3.204653947,1785795319.326664893,/loadcell_data_filtered.wrench.force.z,4308.639802974188
3.206830589,1785795319.328841535,/loadcell_data_filtered.wrench.force.z,4308.031992813864
3.207089732,1785795319.329100678,/loadcell_data_filtered.wrench.force.z,4307.457870134892
3.207241465,1785795319.329252411,/loadcell_data_filtered.wrench.force.z,4302.023886331444
3.207381533,1785795319.329392479,/loadcell_data_filtered.wrench.force.z,4298.136164664177
3.207509191,1785795319.329520137,/loadcell_data_filtered.wrench.force.z,4294.925919609511
3.207632051,1785795319.329642997,/loadcell_data_filtered.wrench.force.z,4292.540326434512
3.207770343,1785795319.329781289,/loadcell_data_filtered.wrench.force.z,4289.571250208452
3.207905765,1785795319.329916711,/loadcell_data_filtered.wrench.force.z,4286.895901818287
3.208239199,1785795319.330250145,/loadcell_data_filtered.wrench.force.z,4285.590342510103
3.208793923,1785795319.330804869,/loadcell_data_filtered.wrench.force.z,4285.706346936465
3.209196377,1785795319.331207323,/loadcell_data_filtered.wrench.force.z,4285.902432021914
3.211829805,1785795319.333840751,/loadcell_data_filtered.wrench.force.z,4286.412410415844
3.212290144,1785795319.334301090,/loadcell_data_filtered.wrench.force.z,4286.386229477328
3.212426333,1785795319.334437279,/loadcell_data_filtered.wrench.force.z,4286.280547720372
3.212550056,1785795319.334561002,/loadcell_data_filtered.wrench.force.z,4286.341634882671
3.21267637,1785795319.334687316,/loadcell_data_filtered.wrench.force.z,4286.16364108912
3.212815282,1785795319.334826228,/loadcell_data_filtered.wrench.force.z,4286.307956686643
3.213316152,1785795319.335327098,/loadcell_data_filtered.wrench.force.z,4286.065069963098
3.213521504,1785795319.335532450,/loadcell_data_filtered.wrench.force.z,4286.021364027626
3.213873079,1785795319.335884025,/loadcell_data_filtered.wrench.force.z,4291.196027753674
3.214419348,1785795319.336430294,/loadcell_data_filtered.wrench.force.z,4295.817890683404
3.214826337,1785795319.336837283,/loadcell_data_filtered.wrench.force.z,4299.501156372622
3.215500444,1785795319.337511390,/loadcell_data_filtered.wrench.force.z,4302.515536135748
3.217621638,1785795319.339632584,/loadcell_data_filtered.wrench.force.z,4305.346914550608
3.2177955320000002,1785795319.339806478,/loadcell_data_filtered.wrench.force.z,4306.5633407552705
3.217931108,1785795319.339942054,/loadcell_data_filtered.wrench.force.z,4306.858871224382
3.218127382,1785795319.340138328,/loadcell_data_filtered.wrench.force.z,4300.4089249221915
3.218254774,1785795319.340265720,/loadcell_data_filtered.wrench.force.z,4300.404400019931
3.218376501,1785795319.340387447,/loadcell_data_filtered.wrench.force.z,4299.789239523759
3.219057612,1785795319.341068558,/loadcell_data_filtered.wrench.force.z,4299.898187119344
3.223888938,1785795319.345899884,/loadcell_data_filtered.wrench.force.z,4299.793805188635
3.224431774,1785795319.346442720,/loadcell_data_filtered.wrench.force.z,4300.062108919172
3.224831963,1785795319.346842909,/loadcell_data_filtered.wrench.force.z,4300.763736317219
3.225213424,1785795319.347224370,/loadcell_data_filtered.wrench.force.z,4301.492982908665
3.22559677,1785795319.347607716,/loadcell_data_filtered.wrench.force.z,4302.144928004291
3.225829331,1785795319.347840277,/loadcell_data_filtered.wrench.force.z,4298.324337979921
3.226191311,1785795319.348202257,/loadcell_data_filtered.wrench.force.z,4295.982010246981
3.226471145,1785795319.348482091,/loadcell_data_filtered.wrench.force.z,4292.690195096245
3.226687439,1785795319.348698385,/loadcell_data_filtered.wrench.force.z,4290.16341303005
3.226875855,1785795319.348886801,/loadcell_data_filtered.wrench.force.z,4288.111346349045
3.227093656,1785795319.349104602,/loadcell_data_filtered.wrench.force.z,4285.972988344439
3.227318016,1785795319.349328962,/loadcell_data_filtered.wrench.force.z,4283.592298141361
3.227541027,1785795319.349551973,/loadcell_data_filtered.wrench.force.z,4283.68188314976
3.227746246,1785795319.349757192,/loadcell_data_filtered.wrench.force.z,4284.301026262642
3.227928938,1785795319.349939884,/loadcell_data_filtered.wrench.force.z,4285.335637489181
3.228165441,1785795319.350176387,/loadcell_data_filtered.wrench.force.z,4278.846786491612
3.228373595,1785795319.350384541,/loadcell_data_filtered.wrench.force.z,4279.587386694019
3.228595176,1785795319.350606122,/loadcell_data_filtered.wrench.force.z,4278.798333808335
3.228852938,1785795319.350863884,/loadcell_data_filtered.wrench.force.z,4278.882559482648
3.229172665,1785795319.351183611,/loadcell_data_filtered.wrench.force.z,4278.8033762401
3.229478298,1785795319.351489244,/loadcell_data_filtered.wrench.force.z,4278.757527840035
3.2299329500000002,1785795319.351943896,/loadcell_data_filtered.wrench.force.z,4279.137334540952
3.230746836,1785795319.352757782,/loadcell_data_filtered.wrench.force.z,4285.4901560885255
3.231155163,1785795319.353166109,/loadcell_data_filtered.wrench.force.z,4290.079270037513
3.231514422,1785795319.353525368,/loadcell_data_filtered.wrench.force.z,4295.148032132005
3.23375886,1785795319.355769806,/loadcell_data_filtered.wrench.force.z,4298.968233702561
3.234028946,1785795319.356039892,/loadcell_data_filtered.wrench.force.z,4301.727214937728
3.234221247,1785795319.356232193,/loadcell_data_filtered.wrench.force.z,4304.090874556902
3.234394106,1785795319.356405052,/loadcell_data_filtered.wrench.force.z,4306.446580446935
3.234559207,1785795319.356570153,/loadcell_data_filtered.wrench.force.z,4307.848404003032
3.234733301,1785795319.356744247,/loadcell_data_filtered.wrench.force.z,4308.677268550462
3.234896938,1785795319.356907884,/loadcell_data_filtered.wrench.force.z,4308.959534905278
3.235128442,1785795319.357139388,/loadcell_data_filtered.wrench.force.z,4309.40371482312
3.235671009,1785795319.357681955,/loadcell_data_filtered.wrench.force.z,4309.9806003767835
3.236079851,1785795319.358090797,/loadcell_data_filtered.wrench.force.z,4310.296556137237
3.236791126,1785795319.358802072,/loadcell_data_filtered.wrench.force.z,4310.58664467663
3.23724268,1785795319.359253626,/loadcell_data_filtered.wrench.force.z,4310.576675443137
3.237690806,1785795319.359701752,/loadcell_data_filtered.wrench.force.z,4311.176557361433
3.238277492,1785795319.360288438,/loadcell_data_filtered.wrench.force.z,4311.410874252512
3.238712381,1785795319.360723327,/loadcell_data_filtered.wrench.force.z,4306.3984270834135
3.239142909,1785795319.361153855,/loadcell_data_filtered.wrench.force.z,4302.329962850305
3.239671557,1785795319.361682503,/loadcell_data_filtered.wrench.force.z,4298.499964336661
3.240056858,1785795319.362067804,/loadcell_data_filtered.wrench.force.z,4295.398881820431
3.240605774,1785795319.362616720,/loadcell_data_filtered.wrench.force.z,4292.920516998576
3.241788276,1785795319.363799222,/loadcell_data_filtered.wrench.force.z,4291.09955523999
3.244272479,1785795319.366283425,/loadcell_data_filtered.wrench.force.z,4290.220049415403
3.244593046,1785795319.366603992,/loadcell_data_filtered.wrench.force.z,4290.666221478057
3.24479754,1785795319.366808486,/loadcell_data_filtered.wrench.force.z,4291.1187494115675
3.245005063,1785795319.367016009,/loadcell_data_filtered.wrench.force.z,4291.765033378106
3.2452421940000002,1785795319.367253140,/loadcell_data_filtered.wrench.force.z,4292.558220754347
3.245479805,1785795319.367490751,/loadcell_data_filtered.wrench.force.z,4293.021684714227
3.24575717,1785795319.367768116,/loadcell_data_filtered.wrench.force.z,4293.465711832962
3.246088002,1785795319.368098948,/loadcell_data_filtered.wrench.force.z,4292.305367421181
3.246415519,1785795319.368426465,/loadcell_data_filtered.wrench.force.z,4292.030160970265
3.24980537,1785795319.371816316,/loadcell_data_filtered.wrench.force.z,4292.188523320597
3.250072415,1785795319.372083361,/loadcell_data_filtered.wrench.force.z,4294.657170996609
3.2502465000000003,1785795319.372257446,/loadcell_data_filtered.wrench.force.z,4299.919417862707
3.250502736,1785795319.372513682,/loadcell_data_filtered.wrench.force.z,4304.958831842421
3.250934992,1785795319.372945938,/loadcell_data_filtered.wrench.force.z,4309.001131509357
3.251420589,1785795319.373431535,/loadcell_data_filtered.wrench.force.z,4311.864388974173
3.2518651800000002,1785795319.373876126,/loadcell_data_filtered.wrench.force.z,4314.545627506454
3.252228639,1785795319.374239585,/loadcell_data_filtered.wrench.force.z,4315.668393853593
3.252552344,1785795319.374563290,/loadcell_data_filtered.wrench.force.z,4315.801488468773
3.252858835,1785795319.374869781,/loadcell_data_filtered.wrench.force.z,4314.117877664095
3.253205476,1785795319.375216422,/loadcell_data_filtered.wrench.force.z,4313.9040389037855
3.253591964,1785795319.375602910,/loadcell_data_filtered.wrench.force.z,4313.204216592328
3.2539140460000002,1785795319.375924992,/loadcell_data_filtered.wrench.force.z,4312.354282536677
3.254232889,1785795319.376243835,/loadcell_data_filtered.wrench.force.z,4312.226642210822
3.254552091,1785795319.376563037,/loadcell_data_filtered.wrench.force.z,4312.221764832313
3.254973484,1785795319.376984430,/loadcell_data_filtered.wrench.force.z,4312.018735470215
3.261310861,1785795319.383321807,/loadcell_data_filtered.wrench.force.z,4304.471252136383
3.261508888,1785795319.383519834,/loadcell_data_filtered.wrench.force.z,4300.979925326558
3.261667365,1785795319.383678311,/loadcell_data_filtered.wrench.force.z,4297.8500404431725
3.261844241,1785795319.383855187,/loadcell_data_filtered.wrench.force.z,4295.391383073572
3.2620184500000002,1785795319.384029396,/loadcell_data_filtered.wrench.force.z,4293.332121456142
3.26225906,1785795319.384270006,/loadcell_data_filtered.wrench.force.z,4292.694065733308
3.262542758,1785795319.384553704,/loadcell_data_filtered.wrench.force.z,4292.985062510091
3.262790036,1785795319.384800982,/loadcell_data_filtered.wrench.force.z,4293.02359922125
3.263048737,1785795319.385059683,/loadcell_data_filtered.wrench.force.z,4290.242859565048
3.263283767,1785795319.385294713,/loadcell_data_filtered.wrench.force.z,4284.824180464285
3.263506774,1785795319.385517720,/loadcell_data_filtered.wrench.force.z,4283.97953793313
3.263741173,1785795319.385752119,/loadcell_data_filtered.wrench.force.z,4281.578645721326
3.263983366,1785795319.385994312,/loadcell_data_filtered.wrench.force.z,4280.754397798556
3.264266537,1785795319.386277483,/loadcell_data_filtered.wrench.force.z,4280.620434921456
3.264591972,1785795319.386602918,/loadcell_data_filtered.wrench.force.z,4280.014294058089
3.264849656,1785795319.386860602,/loadcell_data_filtered.wrench.force.z,4285.457539219307
3.265175242,1785795319.387186188,/loadcell_data_filtered.wrench.force.z,4289.192920513205
3.265469551,1785795319.387480497,/loadcell_data_filtered.wrench.force.z,4293.337215981858
3.265800358,1785795319.387811304,/loadcell_data_filtered.wrench.force.z,4296.393288638706
3.26616129,1785795319.388172236,/loadcell_data_filtered.wrench.force.z,4299.731679448363
3.266480969,1785795319.388491915,/loadcell_data_filtered.wrench.force.z,4301.286992110871
3.266652238,1785795319.388663184,/loadcell_data_filtered.wrench.force.z,4302.284951897788
3.267215834,1785795319.389226780,/loadcell_data_filtered.wrench.force.z,4302.693695394619
3.268041636,1785795319.390052582,/loadcell_data_filtered.wrench.force.z,4303.211031556203
3.270636466,1785795319.392647412,/loadcell_data_filtered.wrench.force.z,4303.745604017236
3.270864292,1785795319.392875238,/loadcell_data_filtered.wrench.force.z,4304.1298788776085
3.271011127,1785795319.393022073,/loadcell_data_filtered.wrench.force.z,4304.429422846582
3.271151896,1785795319.393162842,/loadcell_data_filtered.wrench.force.z,4304.826723449307
3.271284399,1785795319.393295345,/loadcell_data_filtered.wrench.force.z,4299.649471025954
3.271447734,1785795319.393458680,/loadcell_data_filtered.wrench.force.z,4299.093051679672
3.274947329,1785795319.396958275,/loadcell_data_filtered.wrench.force.z,4298.9539548238745
3.276364015,1785795319.398374961,/loadcell_data_filtered.wrench.force.z,4298.709010405406
3.27655849,1785795319.398569436,/loadcell_data_filtered.wrench.force.z,4294.00459761137
3.276715568,1785795319.398726514,/loadcell_data_filtered.wrench.force.z,4290.934324917813
3.276854748,1785795319.398865694,/loadcell_data_filtered.wrench.force.z,4288.369012175683
3.277008532,1785795319.399019478,/loadcell_data_filtered.wrench.force.z,4286.6103079951135
3.277136827,1785795319.399147773,/loadcell_data_filtered.wrench.force.z,4284.684235621177
3.277274886,1785795319.399285832,/loadcell_data_filtered.wrench.force.z,4284.17851541433
3.277394283,1785795319.399405229,/loadcell_data_filtered.wrench.force.z,4284.074597947193
3.277620537,1785795319.399631483,/loadcell_data_filtered.wrench.force.z,4284.7750102588125
3.277883703,1785795319.399894649,/loadcell_data_filtered.wrench.force.z,4285.577077977359
3.278154123,1785795319.400165069,/loadcell_data_filtered.wrench.force.z,4285.376897897882
3.278415261,1785795319.400426207,/loadcell_data_filtered.wrench.force.z,4285.5151362695715
3.278584692,1785795319.400595638,/loadcell_data_filtered.wrench.force.z,4285.759510855025
3.27870297,1785795319.400713916,/loadcell_data_filtered.wrench.force.z,4285.856769632088
3.2788194600000002,1785795319.400830406,/loadcell_data_filtered.wrench.force.z,4285.980137080592
3.279188021,1785795319.401198967,/loadcell_data_filtered.wrench.force.z,4285.960798920822
3.279488713,1785795319.401499659,/loadcell_data_filtered.wrench.force.z,4286.214788268714
3.280299389,1785795319.402310335,/loadcell_data_filtered.wrench.force.z,4289.703538893137
3.28142167,1785795319.403432616,/loadcell_data_filtered.wrench.force.z,4293.873662443008
3.281999285,1785795319.404010231,/loadcell_data_filtered.wrench.force.z,4298.752310185516
3.282459141,1785795319.404470087,/loadcell_data_filtered.wrench.force.z,4302.650285389865
3.282649301,1785795319.404660247,/loadcell_data_filtered.wrench.force.z,4305.725666181795
3.28296099,1785795319.404971936,/loadcell_data_filtered.wrench.force.z,4308.7332977322885
3.287655798,1785795319.409666744,/loadcell_data_filtered.wrench.force.z,4310.694734865483
3.288186347,1785795319.410197293,/loadcell_data_filtered.wrench.force.z,4311.4010651251765
3.288535415,1785795319.410546361,/loadcell_data_filtered.wrench.force.z,4311.913302240228
3.288913974,1785795319.410924920,/loadcell_data_filtered.wrench.force.z,4312.471771794899
3.289295929,1785795319.411306875,/loadcell_data_filtered.wrench.force.z,4314.3492835725665
3.289620524,1785795319.411631470,/loadcell_data_filtered.wrench.force.z,4315.448458650004
3.289941703,1785795319.411952649,/loadcell_data_filtered.wrench.force.z,4316.262076375658
3.290261466,1785795319.412272412,/loadcell_data_filtered.wrench.force.z,4317.048486048309
3.290574969,1785795319.412585915,/loadcell_data_filtered.wrench.force.z,4318.069839054266
3.2908364580000002,1785795319.412847404,/loadcell_data_filtered.wrench.force.z,4318.045717999565
3.291692457,1785795319.413703403,/loadcell_data_filtered.wrench.force.z,4317.0914297495465
3.2923031480000002,1785795319.414314094,/loadcell_data_filtered.wrench.force.z,4311.435325052826
3.2925730460000002,1785795319.414583992,/loadcell_data_filtered.wrench.force.z,4308.908597964587
3.292885991,1785795319.414896937,/loadcell_data_filtered.wrench.force.z,4305.598184238555
3.293189969,1785795319.415200915,/loadcell_data_filtered.wrench.force.z,4302.879128655096
3.293536017,1785795319.415546963,/loadcell_data_filtered.wrench.force.z,4300.666931035613
3.293837787,1785795319.415848733,/loadcell_data_filtered.wrench.force.z,4299.628774961554
3.294158469,1785795319.416169415,/loadcell_data_filtered.wrench.force.z,4298.792486696348
3.294439445,1785795319.416450391,/loadcell_data_filtered.wrench.force.z,4298.248372658619
3.294704011,1785795319.416714957,/loadcell_data_filtered.wrench.force.z,4296.909994844105
3.294972494,1785795319.416983440,/loadcell_data_filtered.wrench.force.z,4296.471110924466
3.295385626,1785795319.417396572,/loadcell_data_filtered.wrench.force.z,4296.0008299030615
3.2959363919999998,1785795319.417947338,/loadcell_data_filtered.wrench.force.z,4295.294960892848
3.296372436,1785795319.418383382,/loadcell_data_filtered.wrench.force.z,4294.616458275459
3.296790253,1785795319.418801199,/loadcell_data_filtered.wrench.force.z,4294.102301949442
3.297617466,1785795319.419628412,/loadcell_data_filtered.wrench.force.z,4294.075869620085
3.297626733,1785795319.419637679,/loadcell_data_filtered.wrench.force.z,4294.2346920638665
3.298049641,1785795319.420060587,/loadcell_data_filtered.wrench.force.z,4293.2896418008195
3.298488844,1785795319.420499790,/loadcell_data_filtered.wrench.force.z,4298.314157003672
3.298941731,1785795319.420952677,/loadcell_data_filtered.wrench.force.z,4301.732042523654
3.299479167,1785795319.421490113,/loadcell_data_filtered.wrench.force.z,4305.161542230179
3.299979164,1785795319.421990110,/loadcell_data_filtered.wrench.force.z,4307.633587347974
3.300457388,1785795319.422468334,/loadcell_data_filtered.wrench.force.z,4309.937587436354
3.300853494,1785795319.422864440,/loadcell_data_filtered.wrench.force.z,4310.393693481434
3.30121377,1785795319.423224716,/loadcell_data_filtered.wrench.force.z,4310.740098837692
3.301513973,1785795319.423524919,/loadcell_data_filtered.wrench.force.z,4310.389154376285
3.301847231,1785795319.423858177,/loadcell_data_filtered.wrench.force.z,4309.879255205962
3.302218783,1785795319.424229729,/loadcell_data_filtered.wrench.force.z,4309.64966789561
3.302564059,1785795319.424575005,/loadcell_data_filtered.wrench.force.z,4309.424155085641
3.302885789,1785795319.424896735,/loadcell_data_filtered.wrench.force.z,4309.275242197691
3.303327798,1785795319.425338744,/loadcell_data_filtered.wrench.force.z,4308.82193519331
3.303772091,1785795319.425783037,/loadcell_data_filtered.wrench.force.z,4308.391260829848
3.304243031,1785795319.426253977,/loadcell_data_filtered.wrench.force.z,4307.7945785227785
3.304598537,1785795319.426609483,/loadcell_data_filtered.wrench.force.z,4307.333230717337
3.305040938,1785795319.427051884,/loadcell_data_filtered.wrench.force.z,4306.256286616632
3.306997545,1785795319.429008491,/loadcell_data_filtered.wrench.force.z,4300.493167146795
3.307363901,1785795319.429374847,/loadcell_data_filtered.wrench.force.z,4295.792566876751
3.307768518,1785795319.429779464,/loadcell_data_filtered.wrench.force.z,4291.55782824557
3.307888513,1785795319.429899459,/loadcell_data_filtered.wrench.force.z,4288.128626011099
3.308128131,1785795319.430139077,/loadcell_data_filtered.wrench.force.z,4284.974432250124
3.308517029,1785795319.430527975,/loadcell_data_filtered.wrench.force.z,4282.9026880801985
3.345185086,1785795319.467196032,/loadcell_data_filtered.wrench.force.z,4278.623368316218
3.34585864,1785795319.467869586,/loadcell_data_filtered.wrench.force.z,4271.109617417707
3.3458724220000002,1785795319.467883368,/loadcell_data_filtered.wrench.force.z,4259.809124166048
3.345884431,1785795319.467895377,/loadcell_data_filtered.wrench.force.z,4255.977357802648
3.346073299,1785795319.468084245,/loadcell_data_filtered.wrench.force.z,4251.638604898309
3.346317711,1785795319.468328657,/loadcell_data_filtered.wrench.force.z,4249.088574177287
3.346556761,1785795319.468567707,/loadcell_data_filtered.wrench.force.z,4241.735932056565
3.346792523,1785795319.468803469,/loadcell_data_filtered.wrench.force.z,4242.98414813324
3.347071357,1785795319.469082303,/loadcell_data_filtered.wrench.force.z,4242.741049008064
3.347306161,1785795319.469317107,/loadcell_data_filtered.wrench.force.z,4235.695341682606
3.347565202,1785795319.469576148,/loadcell_data_filtered.wrench.force.z,4236.621740354827
3.347716249,1785795319.469727195,/loadcell_data_filtered.wrench.force.z,4235.19356205307
3.347927978,1785795319.469938924,/loadcell_data_filtered.wrench.force.z,4235.377933007132
3.348112337,1785795319.470123283,/loadcell_data_filtered.wrench.force.z,4235.566660356962
3.34829029,1785795319.470301236,/loadcell_data_filtered.wrench.force.z,4236.878143640395
3.348514798,1785795319.470525744,/loadcell_data_filtered.wrench.force.z,4238.176081127911
3.348753594,1785795319.470764540,/loadcell_data_filtered.wrench.force.z,4245.37322749391
3.348991829,1785795319.471002775,/loadcell_data_filtered.wrench.force.z,4251.2073108025115
3.349236767,1785795319.471247713,/loadcell_data_filtered.wrench.force.z,4257.644521394498
3.352806259,1785795319.474817205,/loadcell_data_filtered.wrench.force.z,4261.060975767703
3.355411917,1785795319.477422863,/loadcell_data_filtered.wrench.force.z,4261.939299717003
3.355668157,1785795319.477679103,/loadcell_data_filtered.wrench.force.z,4263.73689512487
3.355879996,1785795319.477890942,/loadcell_data_filtered.wrench.force.z,4264.772216497583
3.356080303,1785795319.478091249,/loadcell_data_filtered.wrench.force.z,4265.973603192887
3.356300362,1785795319.478311308,/loadcell_data_filtered.wrench.force.z,4267.264182262541
3.356483386,1785795319.478494332,/loadcell_data_filtered.wrench.force.z,4267.632188364287
3.356658587,1785795319.478669533,/loadcell_data_filtered.wrench.force.z,4265.749755704581
3.356831144,1785795319.478842090,/loadcell_data_filtered.wrench.force.z,4256.548154637305
3.357006448,1785795319.479017394,/loadcell_data_filtered.wrench.force.z,4256.993293363702
3.35717134,1785795319.479182286,/loadcell_data_filtered.wrench.force.z,4247.205981111339
3.357331142,1785795319.479342088,/loadcell_data_filtered.wrench.force.z,4242.85835458568
3.357504121,1785795319.479515067,/loadcell_data_filtered.wrench.force.z,4237.764215351523
3.35769875,1785795319.479709696,/loadcell_data_filtered.wrench.force.z,4233.11371472654
3.35787048,1785795319.479881426,/loadcell_data_filtered.wrench.force.z,4229.254247636281
3.358039412,1785795319.480050358,/loadcell_data_filtered.wrench.force.z,4227.136171091443
3.3582231670000002,1785795319.480234113,/loadcell_data_filtered.wrench.force.z,4224.827416200795
3.35998764,1785795319.481998586,/loadcell_data_filtered.wrench.force.z,4224.459062617186
3.360212391,1785795319.482223337,/loadcell_data_filtered.wrench.force.z,4224.154386242049
3.360377349,1785795319.482388295,/loadcell_data_filtered.wrench.force.z,4224.603505382703
3.360529659,1785795319.482540605,/loadcell_data_filtered.wrench.force.z,4224.641510273107
3.36079964,1785795319.482810586,/loadcell_data_filtered.wrench.force.z,4223.4088645057955
3.361116858,1785795319.483127804,/loadcell_data_filtered.wrench.force.z,4221.388243428992
3.361619633,1785795319.483630579,/loadcell_data_filtered.wrench.force.z,4219.77186107122
3.36208057,1785795319.484091516,/loadcell_data_filtered.wrench.force.z,4218.877442244254
3.362865887,1785795319.484876833,/loadcell_data_filtered.wrench.force.z,4217.9498353518975
3.363373872,1785795319.485384818,/loadcell_data_filtered.wrench.force.z,4217.319323339014
3.363804684,1785795319.485815630,/loadcell_data_filtered.wrench.force.z,4223.70189809579
3.36415436,1785795319.486165306,/loadcell_data_filtered.wrench.force.z,4228.473730030801
3.364814882,1785795319.486825828,/loadcell_data_filtered.wrench.force.z,4231.848166323657
3.365176281,1785795319.487187227,/loadcell_data_filtered.wrench.force.z,4234.166311298142
3.366199006,1785795319.488209952,/loadcell_data_filtered.wrench.force.z,4236.95894952515
3.366454824,1785795319.488465770,/loadcell_data_filtered.wrench.force.z,4237.840721717976
3.36818246,1785795319.490193406,/loadcell_data_filtered.wrench.force.z,4237.923214408914
3.368538875,1785795319.490549821,/loadcell_data_filtered.wrench.force.z,4237.15151817056
3.368554862,1785795319.490565808,/loadcell_data_filtered.wrench.force.z,4237.088277650729
3.368716043,1785795319.490726989,/loadcell_data_filtered.wrench.force.z,4237.416283637667
3.371662388,1785795319.493673334,/loadcell_data_filtered.wrench.force.z,4236.5556758660205
3.371740793,1785795319.493751739,/loadcell_data_filtered.wrench.force.z,4235.866734074453
3.371894726,1785795319.493905672,/loadcell_data_filtered.wrench.force.z,4235.453426161332
3.3721113640000002,1785795319.494122310,/loadcell_data_filtered.wrench.force.z,4234.695924865923
3.372177642,1785795319.494188588,/loadcell_data_filtered.wrench.force.z,4234.376543573302
3.372323218,1785795319.494334164,/loadcell_data_filtered.wrench.force.z,4234.171210102897
3.372529477,1785795319.494540423,/loadcell_data_filtered.wrench.force.z,4222.720312180586
3.372793676,1785795319.494804622,/loadcell_data_filtered.wrench.force.z,4218.08682101208
3.373051428,1785795319.495062374,/loadcell_data_filtered.wrench.force.z,4211.718928409516
3.373292075,1785795319.495303021,/loadcell_data_filtered.wrench.force.z,4207.363019345351
3.373695032,1785795319.495705978,/loadcell_data_filtered.wrench.force.z,4203.750479742962
3.374109148,1785795319.496120094,/loadcell_data_filtered.wrench.force.z,4201.300665750974
3.374518257,1785795319.496529203,/loadcell_data_filtered.wrench.force.z,4199.992080592911
3.376787769,1785795319.498798715,/loadcell_data_filtered.wrench.force.z,4200.401747685591
3.376894158,1785795319.498905104,/loadcell_data_filtered.wrench.force.z,4201.067575289083
3.377020678,1785795319.499031624,/loadcell_data_filtered.wrench.force.z,4201.699309287561
3.3771360230000003,1785795319.499146969,/loadcell_data_filtered.wrench.force.z,4194.005717573254
3.377251893,1785795319.499262839,/loadcell_data_filtered.wrench.force.z,4195.11852728033
3.377450328,1785795319.499461274,/loadcell_data_filtered.wrench.force.z,4194.595979517782
3.378140224,1785795319.500151170,/loadcell_data_filtered.wrench.force.z,4195.405948210441
3.380501962,1785795319.502512908,/loadcell_data_filtered.wrench.force.z,4196.142288805567
3.380659052,1785795319.502669998,/loadcell_data_filtered.wrench.force.z,4196.815731148873
3.38081729,1785795319.502828236,/loadcell_data_filtered.wrench.force.z,4198.206993336949
3.380952584,1785795319.502963530,/loadcell_data_filtered.wrench.force.z,4204.530450522788
3.381091892,1785795319.503102838,/loadcell_data_filtered.wrench.force.z,4208.665336931586
3.381218358,1785795319.503229304,/loadcell_data_filtered.wrench.force.z,4215.210040016777
3.382113687,1785795319.504124633,/loadcell_data_filtered.wrench.force.z,4219.8647835834245
3.382719488,1785795319.504730434,/loadcell_data_filtered.wrench.force.z,4223.6504806556895
3.3831329070000002,1785795319.505143853,/loadcell_data_filtered.wrench.force.z,4226.963725639728
3.383659131,1785795319.505670077,/loadcell_data_filtered.wrench.force.z,4229.306569054589
3.384150344,1785795319.506161290,/loadcell_data_filtered.wrench.force.z,4230.482858498829
3.384647674,1785795319.506658620,/loadcell_data_filtered.wrench.force.z,4231.563816608806
3.385154482,1785795319.507165428,/loadcell_data_filtered.wrench.force.z,4233.226282441197
3.385802477,1785795319.507813423,/loadcell_data_filtered.wrench.force.z,4234.656778100399
3.39225066,1785795319.514261606,/loadcell_data_filtered.wrench.force.z,4235.964902068025
3.397938853,1785795319.519949799,/loadcell_data_filtered.wrench.force.z,4237.61391801294
3.398354283,1785795319.520365229,/loadcell_data_filtered.wrench.force.z,4239.042079947072
3.39882235,1785795319.520833296,/loadcell_data_filtered.wrench.force.z,4241.006873085309
3.399365908,1785795319.521376854,/loadcell_data_filtered.wrench.force.z,4235.929727433146
3.399993535,1785795319.522004481,/loadcell_data_filtered.wrench.force.z,4237.123028316594
3.40052896,1785795319.522539906,/loadcell_data_filtered.wrench.force.z,4238.09870260608
3.401053392,1785795319.523064338,/loadcell_data_filtered.wrench.force.z,4239.08050697887
3.401647653,1785795319.523658599,/loadcell_data_filtered.wrench.force.z,4240.200006739524
3.40230829,1785795319.524319236,/loadcell_data_filtered.wrench.force.z,4246.594143201902
3.402807727,1785795319.524818673,/loadcell_data_filtered.wrench.force.z,4249.4007512663
3.403415224,1785795319.525426170,/loadcell_data_filtered.wrench.force.z,4253.138186186262
3.405262359,1785795319.527273305,/loadcell_data_filtered.wrench.force.z,4257.481373011344
3.405285958,1785795319.527296904,/loadcell_data_filtered.wrench.force.z,4259.114906606205
3.405501367,1785795319.527512313,/loadcell_data_filtered.wrench.force.z,4259.726884552981
3.407257947,1785795319.529268893,/loadcell_data_filtered.wrench.force.z,4259.125538541231
3.407272772,1785795319.529283718,/loadcell_data_filtered.wrench.force.z,4258.776828080108
3.407276903,1785795319.529287849,/loadcell_data_filtered.wrench.force.z,4258.525773778723
3.407847939,1785795319.529858885,/loadcell_data_filtered.wrench.force.z,4258.78845103512
3.409068048,1785795319.531078994,/loadcell_data_filtered.wrench.force.z,4258.345847475919
3.409138192,1785795319.531149138,/loadcell_data_filtered.wrench.force.z,4257.685545056379
3.409480205,1785795319.531491151,/loadcell_data_filtered.wrench.force.z,4257.063469445973
3.409839552,1785795319.531850498,/loadcell_data_filtered.wrench.force.z,4256.198671534168
3.410240255,1785795319.532251201,/loadcell_data_filtered.wrench.force.z,4251.399881505052
3.411133848,1785795319.533144794,/loadcell_data_filtered.wrench.force.z,4246.060856384794
3.411693879,1785795319.533704825,/loadcell_data_filtered.wrench.force.z,4241.03156455564
3.412298471,1785795319.534309417,/loadcell_data_filtered.wrench.force.z,4237.034757086958
3.413178559,1785795319.535189505,/loadcell_data_filtered.wrench.force.z,4233.008224736838
3.414062488,1785795319.536073434,/loadcell_data_filtered.wrench.force.z,4231.991833205356
3.415522462,1785795319.537533408,/loadcell_data_filtered.wrench.force.z,4232.531151868482
3.416917558,1785795319.538928504,/loadcell_data_filtered.wrench.force.z,4233.332959040478
3.418486058,1785795319.540497004,/loadcell_data_filtered.wrench.force.z,4238.832205054861
3.419174277,1785795319.541185223,/loadcell_data_filtered.wrench.force.z,4243.650673763136
3.419723585,1785795319.541734531,/loadcell_data_filtered.wrench.force.z,4248.052604460599
3.420211694,1785795319.542222640,/loadcell_data_filtered.wrench.force.z,4251.322854582457
3.420696011,1785795319.542706957,/loadcell_data_filtered.wrench.force.z,4253.443224270103
3.4211564230000002,1785795319.543167369,/loadcell_data_filtered.wrench.force.z,4255.065605406183
3.4216817600000002,1785795319.543692706,/loadcell_data_filtered.wrench.force.z,4255.448893254601
3.422130178,1785795319.544141124,/loadcell_data_filtered.wrench.force.z,4254.746583769894
3.422592993,1785795319.544603939,/loadcell_data_filtered.wrench.force.z,4254.1219428247405
3.423072672,1785795319.545083618,/loadcell_data_filtered.wrench.force.z,4254.174686956763
3.423602423,1785795319.545613369,/loadcell_data_filtered.wrench.force.z,4254.1201751782455
3.424063361,1785795319.546074307,/loadcell_data_filtered.wrench.force.z,4254.168102322727
3.42452801,1785795319.546538956,/loadcell_data_filtered.wrench.force.z,4254.0348275974675
3.425025805,1785795319.547036751,/loadcell_data_filtered.wrench.force.z,4253.601558998806
3.4255667990000003,1785795319.547577745,/loadcell_data_filtered.wrench.force.z,4252.679542496336
3.42609341,1785795319.548104356,/loadcell_data_filtered.wrench.force.z,4251.51955541636
3.426535988,1785795319.548546934,/loadcell_data_filtered.wrench.force.z,4244.482576787104
3.42691219,1785795319.548923136,/loadcell_data_filtered.wrench.force.z,4238.924431394747
3.427270325,1785795319.549281271,/loadcell_data_filtered.wrench.force.z,4233.513937213654
3.427489316,1785795319.549500262,/loadcell_data_filtered.wrench.force.z,4229.222125215815
3.427717853,1785795319.549728799,/loadcell_data_filtered.wrench.force.z,4224.870733609473
3.427970897,1785795319.549981843,/loadcell_data_filtered.wrench.force.z,4222.490311681351
3.428323901,1785795319.550334847,/loadcell_data_filtered.wrench.force.z,4220.4074113716115
3.428639701,1785795319.550650647,/loadcell_data_filtered.wrench.force.z,4220.087728918316
3.429081068,1785795319.551092014,/loadcell_data_filtered.wrench.force.z,4219.911370213485
3.429531485,1785795319.551542431,/loadcell_data_filtered.wrench.force.z,4219.48855243404
3.429920396,1785795319.551931342,/loadcell_data_filtered.wrench.force.z,4218.821421233247
3.430254426,1785795319.552265372,/loadcell_data_filtered.wrench.force.z,4217.8747501682465
3.430526092,1785795319.552537038,/loadcell_data_filtered.wrench.force.z,4217.597655670342
3.430830882,1785795319.552841828,/loadcell_data_filtered.wrench.force.z,4217.1694293743985
3.431139298,1785795319.553150244,/loadcell_data_filtered.wrench.force.z,4216.307580480182
3.4314431340000002,1785795319.553454080,/loadcell_data_filtered.wrench.force.z,4216.461607244719
3.433770145,1785795319.555781091,/loadcell_data_filtered.wrench.force.z,4217.243285061921
3.43427403,1785795319.556284976,/loadcell_data_filtered.wrench.force.z,4224.218441289291
3.434697934,1785795319.556708880,/loadcell_data_filtered.wrench.force.z,4230.614690352445
3.435136415,1785795319.557147361,/loadcell_data_filtered.wrench.force.z,4235.99769957851
3.435550752,1785795319.557561698,/loadcell_data_filtered.wrench.force.z,4240.895048018554
3.43594436,1785795319.557955306,/loadcell_data_filtered.wrench.force.z,4245.706189621314
3.436285647,1785795319.558296593,/loadcell_data_filtered.wrench.force.z,4248.650041445116
3.436570115,1785795319.558581061,/loadcell_data_filtered.wrench.force.z,4251.225819379718
3.436898725,1785795319.558909671,/loadcell_data_filtered.wrench.force.z,4253.539056909713
3.437181791,1785795319.559192737,/loadcell_data_filtered.wrench.force.z,4254.355251074007
3.437446347,1785795319.559457293,/loadcell_data_filtered.wrench.force.z,4253.991421840424
3.437797741,1785795319.559808687,/loadcell_data_filtered.wrench.force.z,4255.183583466266
3.438161977,1785795319.560172923,/loadcell_data_filtered.wrench.force.z,4256.440238357571
3.438446859,1785795319.560457805,/loadcell_data_filtered.wrench.force.z,4257.867956418401
3.43871571,1785795319.560726656,/loadcell_data_filtered.wrench.force.z,4259.063829598388
3.439007327,1785795319.561018273,/loadcell_data_filtered.wrench.force.z,4260.191705723705
3.439291555,1785795319.561302501,/loadcell_data_filtered.wrench.force.z,4261.751505039654
3.439624448,1785795319.561635394,/loadcell_data_filtered.wrench.force.z,4258.869039390565
3.439973547,1785795319.561984493,/loadcell_data_filtered.wrench.force.z,4256.67063218415
3.440302055,1785795319.562313001,/loadcell_data_filtered.wrench.force.z,4252.876689989834
3.440576012,1785795319.562586958,/loadcell_data_filtered.wrench.force.z,4249.155406082959
3.440874022,1785795319.562884968,/loadcell_data_filtered.wrench.force.z,4246.885184814924
3.441934747,1785795319.563945693,/loadcell_data_filtered.wrench.force.z,4244.861309375788
3.441942436,1785795319.563953382,/loadcell_data_filtered.wrench.force.z,4243.813211030837
3.441944895,1785795319.563955841,/loadcell_data_filtered.wrench.force.z,4244.585364416815
3.442437367,1785795319.564448313,/loadcell_data_filtered.wrench.force.z,4245.791375965372
3.4432008,1785795319.565211746,/loadcell_data_filtered.wrench.force.z,4247.175606074348
3.4436781610000002,1785795319.565689107,/loadcell_data_filtered.wrench.force.z,4248.420633397915
3.444010444,1785795319.566021390,/loadcell_data_filtered.wrench.force.z,4249.178067888655
3.444445517,1785795319.566456463,/loadcell_data_filtered.wrench.force.z,4249.697315106354
3.444840791,1785795319.566851737,/loadcell_data_filtered.wrench.force.z,4249.842452993424
3.445753334,1785795319.567764280,/loadcell_data_filtered.wrench.force.z,4250.135107554474
3.446159868,1785795319.568170814,/loadcell_data_filtered.wrench.force.z,4250.241313324191
3.448770931,1785795319.570781877,/loadcell_data_filtered.wrench.force.z,4250.532709298849
3.449330142,1785795319.571341088,/loadcell_data_filtered.wrench.force.z,4257.225518621015
3.44978587,1785795319.571796816,/loadcell_data_filtered.wrench.force.z,4262.870354049919
3.450246971,1785795319.572257917,/loadcell_data_filtered.wrench.force.z,4268.80688215104
3.450562562,1785795319.572573508,/loadcell_data_filtered.wrench.force.z,4273.703591040013
3.450892749,1785795319.572903695,/loadcell_data_filtered.wrench.force.z,4278.046858030859
3.454676761,1785795319.576687707,/loadcell_data_filtered.wrench.force.z,4280.08266646417
3.455020895,1785795319.577031841,/loadcell_data_filtered.wrench.force.z,4280.532305112361
3.455158801,1785795319.577169747,/loadcell_data_filtered.wrench.force.z,4281.512393390005
3.455350033,1785795319.577360979,/loadcell_data_filtered.wrench.force.z,4282.200524178408
3.455485463,1785795319.577496409,/loadcell_data_filtered.wrench.force.z,4282.9240010829135
3.455610842,1785795319.577621788,/loadcell_data_filtered.wrench.force.z,4284.137846848998
3.455734613,1785795319.577745559,/loadcell_data_filtered.wrench.force.z,4285.272641282966
3.455854927,1785795319.577865873,/loadcell_data_filtered.wrench.force.z,4285.8325575110675
3.455977245,1785795319.577988191,/loadcell_data_filtered.wrench.force.z,4286.636448921814
3.4560910700000003,1785795319.578102016,/loadcell_data_filtered.wrench.force.z,4287.06307812858
3.456206538,1785795319.578217484,/loadcell_data_filtered.wrench.force.z,4287.143088730109
3.456323595,1785795319.578334541,/loadcell_data_filtered.wrench.force.z,4287.339220517533
3.456437135,1785795319.578448081,/loadcell_data_filtered.wrench.force.z,4280.678025104673
3.457800358,1785795319.579811304,/loadcell_data_filtered.wrench.force.z,4273.614464793345
3.457940321,1785795319.579951267,/loadcell_data_filtered.wrench.force.z,4269.696926733345
3.458073493,1785795319.580084439,/loadcell_data_filtered.wrench.force.z,4265.84952439164
3.458198381,1785795319.580209327,/loadcell_data_filtered.wrench.force.z,4262.942247621462
3.458316867,1785795319.580327813,/loadcell_data_filtered.wrench.force.z,4260.855088420895
3.458445877,1785795319.580456823,/loadcell_data_filtered.wrench.force.z,4259.655139202333
3.458596704,1785795319.580607650,/loadcell_data_filtered.wrench.force.z,4259.541617970509
3.459681662,1785795319.581692608,/loadcell_data_filtered.wrench.force.z,4259.8165459333
3.4601905,1785795319.582201446,/loadcell_data_filtered.wrench.force.z,4259.7769583070385
3.4605725290000002,1785795319.582583475,/loadcell_data_filtered.wrench.force.z,4259.622209386304
3.460825783,1785795319.582836729,/loadcell_data_filtered.wrench.force.z,4259.060204445406
3.462332584,1785795319.584343530,/loadcell_data_filtered.wrench.force.z,4258.504131530507
3.462722467,1785795319.584733413,/loadcell_data_filtered.wrench.force.z,4257.600340848648
3.462957774,1785795319.584968720,/loadcell_data_filtered.wrench.force.z,4257.747505788645
3.463176162,1785795319.585187108,/loadcell_data_filtered.wrench.force.z,4258.3050503828135
3.463364251,1785795319.585375197,/loadcell_data_filtered.wrench.force.z,4259.007571447056
3.463777768,1785795319.585788714,/loadcell_data_filtered.wrench.force.z,4264.8607247480795
3.464390591,1785795319.586401537,/loadcell_data_filtered.wrench.force.z,4270.149642380098
3.46487494,1785795319.586885886,/loadcell_data_filtered.wrench.force.z,4274.095503693864
3.465359221,1785795319.587370167,/loadcell_data_filtered.wrench.force.z,4277.509368820547
3.466136779,1785795319.588147725,/loadcell_data_filtered.wrench.force.z,4280.515835850632
3.466681083,1785795319.588692029,/loadcell_data_filtered.wrench.force.z,4281.763952242504
3.467109296,1785795319.589120242,/loadcell_data_filtered.wrench.force.z,4281.680916197098
3.467432424,1785795319.589443370,/loadcell_data_filtered.wrench.force.z,4281.430833579296
3.46784835,1785795319.589859296,/loadcell_data_filtered.wrench.force.z,4281.491459234873
3.468310126,1785795319.590321072,/loadcell_data_filtered.wrench.force.z,4281.535617276145
3.468647698,1785795319.590658644,/loadcell_data_filtered.wrench.force.z,4281.310856979689
3.469210526,1785795319.591221472,/loadcell_data_filtered.wrench.force.z,4281.196632283669
3.4698114970000002,1785795319.591822443,/loadcell_data_filtered.wrench.force.z,4281.546438645989
3.4703696710000003,1785795319.592380617,/loadcell_data_filtered.wrench.force.z,4281.492831606737
3.470924403,1785795319.592935349,/loadcell_data_filtered.wrench.force.z,4281.52467370426
