elapsed time,timestamp,topic,value
0.000118407,1785795403.766209038,/loadcell_data_filtered.wrench.force.z,8896.903485823896
0.000289674,1785795403.766380305,/loadcell_data_filtered.wrench.force.z,8898.704280683116
0.000426025,1785795403.766516656,/loadcell_data_filtered.wrench.force.z,8898.063267601578
0.0005547950000000001,1785795403.766645426,/loadcell_data_filtered.wrench.force.z,8892.583528854148
0.000684138,1785795403.766774769,/loadcell_data_filtered.wrench.force.z,8892.601159500957
0.0021385370000000003,1785795403.768229168,/loadcell_data_filtered.wrench.force.z,8891.902263814645
0.0024340720000000002,1785795403.768524703,/loadcell_data_filtered.wrench.force.z,8891.855264222508
0.0025900100000000002,1785795403.768680641,/loadcell_data_filtered.wrench.force.z,8892.40820223835
0.0027555130000000002,1785795403.768846144,/loadcell_data_filtered.wrench.force.z,8892.560749897299
0.003021843,1785795403.769112474,/loadcell_data_filtered.wrench.force.z,8892.580133029642
0.0054344910000000005,1785795403.771525122,/loadcell_data_filtered.wrench.force.z,8891.706430772912
0.005633848,1785795403.771724479,/loadcell_data_filtered.wrench.force.z,8891.333425438264
0.0057663950000000005,1785795403.771857026,/loadcell_data_filtered.wrench.force.z,8891.347689005423
0.005923442,1785795403.772014073,/loadcell_data_filtered.wrench.force.z,8878.439748941422
0.006072659,1785795403.772163290,/loadcell_data_filtered.wrench.force.z,8874.709831843533
0.006335155,1785795403.772425786,/loadcell_data_filtered.wrench.force.z,8870.155864079885
0.006516093000000001,1785795403.772606724,/loadcell_data_filtered.wrench.force.z,8867.008984786118
0.007069416,1785795403.773160047,/loadcell_data_filtered.wrench.force.z,8863.84872535219
0.007629135,1785795403.773719766,/loadcell_data_filtered.wrench.force.z,8862.583591365224
0.008280221,1785795403.774370852,/loadcell_data_filtered.wrench.force.z,8861.789784017677
0.008852196000000001,1785795403.774942827,/loadcell_data_filtered.wrench.force.z,8861.980586892292
0.009100327,1785795403.775190958,/loadcell_data_filtered.wrench.force.z,8862.447121812178
0.009442931,1785795403.775533562,/loadcell_data_filtered.wrench.force.z,8862.747457707823
0.009913513,1785795403.776004144,/loadcell_data_filtered.wrench.force.z,8863.135395934414
0.01175955,1785795403.777850181,/loadcell_data_filtered.wrench.force.z,8863.116603346636
0.012152643000000001,1785795403.778243274,/loadcell_data_filtered.wrench.force.z,8863.343888706338
0.012481479,1785795403.778572110,/loadcell_data_filtered.wrench.force.z,8863.882208461084
0.012774171,1785795403.778864802,/loadcell_data_filtered.wrench.force.z,8864.333264103812
0.013072347000000002,1785795403.779162978,/loadcell_data_filtered.wrench.force.z,8863.678774664113
0.013346173000000001,1785795403.779436804,/loadcell_data_filtered.wrench.force.z,8864.70256109874
0.014297867,1785795403.780388498,/loadcell_data_filtered.wrench.force.z,8870.690525732365
0.014843950000000002,1785795403.780934581,/loadcell_data_filtered.wrench.force.z,8875.473426265698
0.015237441000000001,1785795403.781328072,/loadcell_data_filtered.wrench.force.z,8879.282672598203
0.015593063,1785795403.781683694,/loadcell_data_filtered.wrench.force.z,8882.569102057945
0.016018772,1785795403.782109403,/loadcell_data_filtered.wrench.force.z,8885.745074929891
0.018115823,1785795403.784206454,/loadcell_data_filtered.wrench.force.z,8887.34395964268
0.018607414000000003,1785795403.784698045,/loadcell_data_filtered.wrench.force.z,8888.095807971835
0.01922822,1785795403.785318851,/loadcell_data_filtered.wrench.force.z,8888.278972862736
0.019875501,1785795403.785966132,/loadcell_data_filtered.wrench.force.z,8881.77970697895
0.020382260000000003,1785795403.786472891,/loadcell_data_filtered.wrench.force.z,8882.060282731985
0.023769336000000002,1785795403.789859967,/loadcell_data_filtered.wrench.force.z,8881.570405766599
0.024230892,1785795403.790321523,/loadcell_data_filtered.wrench.force.z,8881.774384691762
0.024522788,1785795403.790613419,/loadcell_data_filtered.wrench.force.z,8877.114822976804
0.024723958,1785795403.790814589,/loadcell_data_filtered.wrench.force.z,8874.688804801975
0.024940203,1785795403.791030834,/loadcell_data_filtered.wrench.force.z,8875.304325946729
0.025285420000000003,1785795403.791376051,/loadcell_data_filtered.wrench.force.z,8871.558289413611
0.025621151,1785795403.791711782,/loadcell_data_filtered.wrench.force.z,8869.081543297612
0.026045644000000003,1785795403.792136275,/loadcell_data_filtered.wrench.force.z,8865.486190322028
0.026433150000000002,1785795403.792523781,/loadcell_data_filtered.wrench.force.z,8862.736882208274
0.026828655000000003,1785795403.792919286,/loadcell_data_filtered.wrench.force.z,8860.60525249513
0.027626122000000003,1785795403.793716753,/loadcell_data_filtered.wrench.force.z,8858.117199834362
0.028238239000000002,1785795403.794328870,/loadcell_data_filtered.wrench.force.z,8856.453089003036
0.028578177000000003,1785795403.794668808,/loadcell_data_filtered.wrench.force.z,8855.250096473148
0.028928560000000002,1785795403.795019191,/loadcell_data_filtered.wrench.force.z,8855.52566704196
0.029249053,1785795403.795339684,/loadcell_data_filtered.wrench.force.z,8856.215691432828
0.029594777000000003,1785795403.795685408,/loadcell_data_filtered.wrench.force.z,8856.075338153725
0.029936198,1785795403.796026829,/loadcell_data_filtered.wrench.force.z,8856.111733507289
0.03040104,1785795403.796491671,/loadcell_data_filtered.wrench.force.z,8856.43500720092
0.030842777000000002,1785795403.796933408,/loadcell_data_filtered.wrench.force.z,8856.250164299092
0.031207394000000003,1785795403.797298025,/loadcell_data_filtered.wrench.force.z,8855.157072119438
0.031541764,1785795403.797632395,/loadcell_data_filtered.wrench.force.z,8849.026515854075
0.031904519,1785795403.797995150,/loadcell_data_filtered.wrench.force.z,8850.106659884965
0.032231594,1785795403.798322225,/loadcell_data_filtered.wrench.force.z,8855.1492022306
0.032593383000000004,1785795403.798684014,/loadcell_data_filtered.wrench.force.z,8859.194385950841
0.033049325000000004,1785795403.799139956,/loadcell_data_filtered.wrench.force.z,8863.82604434223
0.033462988,1785795403.799553619,/loadcell_data_filtered.wrench.force.z,8867.439138617476
0.03387892,1785795403.799969551,/loadcell_data_filtered.wrench.force.z,8870.714781651299
0.034257292,1785795403.800347923,/loadcell_data_filtered.wrench.force.z,8865.111961651803
0.034551732,1785795403.800642363,/loadcell_data_filtered.wrench.force.z,8867.226830077077
0.034856686000000005,1785795403.800947317,/loadcell_data_filtered.wrench.force.z,8867.380684108113
0.035309159,1785795403.801399790,/loadcell_data_filtered.wrench.force.z,8868.041902684101
0.035768583,1785795403.801859214,/loadcell_data_filtered.wrench.force.z,8868.964657856017
0.036097047,1785795403.802187678,/loadcell_data_filtered.wrench.force.z,8869.770222624167
0.03636314,1785795403.802453771,/loadcell_data_filtered.wrench.force.z,8870.486074232944
0.036605929,1785795403.802696560,/loadcell_data_filtered.wrench.force.z,8871.02290762701
0.036830536000000004,1785795403.802921167,/loadcell_data_filtered.wrench.force.z,8871.658827230169
0.037061233,1785795403.803151864,/loadcell_data_filtered.wrench.force.z,8872.18998002495
0.037592906,1785795403.803683537,/loadcell_data_filtered.wrench.force.z,8872.424720540717
0.038042669,1785795403.804133300,/loadcell_data_filtered.wrench.force.z,8872.58140637868
0.040691289000000005,1785795403.806781920,/loadcell_data_filtered.wrench.force.z,8867.337040397795
0.041116782000000004,1785795403.807207413,/loadcell_data_filtered.wrench.force.z,8864.015472788475
0.042877994,1785795403.808968625,/loadcell_data_filtered.wrench.force.z,8860.782725894409
0.04289561,1785795403.808986241,/loadcell_data_filtered.wrench.force.z,8853.504812458263
0.043291412,1785795403.809382043,/loadcell_data_filtered.wrench.force.z,8848.595802076165
0.043853213,1785795403.809943844,/loadcell_data_filtered.wrench.force.z,8846.987147445278
0.044292181,1785795403.810382812,/loadcell_data_filtered.wrench.force.z,8846.696984090826
0.044601766,1785795403.810692397,/loadcell_data_filtered.wrench.force.z,8847.982251266845
0.044879769,1785795403.810970400,/loadcell_data_filtered.wrench.force.z,8848.621487441129
0.045182188000000005,1785795403.811272819,/loadcell_data_filtered.wrench.force.z,8850.018517058978
0.045453992000000006,1785795403.811544623,/loadcell_data_filtered.wrench.force.z,8850.174558529096
0.046619013,1785795403.812709644,/loadcell_data_filtered.wrench.force.z,8849.880081919327
0.04706321,1785795403.813153841,/loadcell_data_filtered.wrench.force.z,8849.889060116056
0.047257564,1785795403.813348195,/loadcell_data_filtered.wrench.force.z,8850.605044463773
0.047463075,1785795403.813553706,/loadcell_data_filtered.wrench.force.z,8851.394612821403
0.047695355,1785795403.813785986,/loadcell_data_filtered.wrench.force.z,8851.948102255245
0.047938021000000004,1785795403.814028652,/loadcell_data_filtered.wrench.force.z,8854.714420954304
0.048125046000000005,1785795403.814215677,/loadcell_data_filtered.wrench.force.z,8860.958145376177
0.048308055,1785795403.814398686,/loadcell_data_filtered.wrench.force.z,8865.642237206599
0.048499192,1785795403.814589823,/loadcell_data_filtered.wrench.force.z,8868.55765257132
0.048668159,1785795403.814758790,/loadcell_data_filtered.wrench.force.z,8871.866326590378
0.050511818,1785795403.816602449,/loadcell_data_filtered.wrench.force.z,8874.300052666298
0.050907818,1785795403.816998449,/loadcell_data_filtered.wrench.force.z,8875.814924477594
0.051189229,1785795403.817279860,/loadcell_data_filtered.wrench.force.z,8871.693243993868
0.05142352,1785795403.817514151,/loadcell_data_filtered.wrench.force.z,8869.676704564872
0.051647242,1785795403.817737873,/loadcell_data_filtered.wrench.force.z,8869.697814195735
0.051864568,1785795403.817955199,/loadcell_data_filtered.wrench.force.z,8870.115424575495
0.052088462,1785795403.818179093,/loadcell_data_filtered.wrench.force.z,8870.243857774154
0.052388998000000006,1785795403.818479629,/loadcell_data_filtered.wrench.force.z,8870.732553019054
0.052731989,1785795403.818822620,/loadcell_data_filtered.wrench.force.z,8870.97063915142
0.053459965000000005,1785795403.819550596,/loadcell_data_filtered.wrench.force.z,8870.964808667057
0.054288323000000006,1785795403.820378954,/loadcell_data_filtered.wrench.force.z,8871.210140924686
0.054781573,1785795403.820872204,/loadcell_data_filtered.wrench.force.z,8871.366282530467
0.055226023000000006,1785795403.821316654,/loadcell_data_filtered.wrench.force.z,8866.865276603341
0.05554234,1785795403.821632971,/loadcell_data_filtered.wrench.force.z,8863.77148156316
0.056056787000000004,1785795403.822147418,/loadcell_data_filtered.wrench.force.z,8859.342223994
0.056312023,1785795403.822402654,/loadcell_data_filtered.wrench.force.z,8855.87359485579
0.057052542000000005,1785795403.823143173,/loadcell_data_filtered.wrench.force.z,8852.43420812612
0.057703237000000004,1785795403.823793868,/loadcell_data_filtered.wrench.force.z,8850.096218001318
0.05804912500000001,1785795403.824139756,/loadcell_data_filtered.wrench.force.z,8848.777150056752
0.058412257,1785795403.824502888,/loadcell_data_filtered.wrench.force.z,8848.17672081395
0.059035933000000006,1785795403.825126564,/loadcell_data_filtered.wrench.force.z,8848.194481414528
0.062258335000000005,1785795403.828348966,/loadcell_data_filtered.wrench.force.z,8848.307836661577
0.062503821,1785795403.828594452,/loadcell_data_filtered.wrench.force.z,8848.21261651019
0.062761554,1785795403.828852185,/loadcell_data_filtered.wrench.force.z,8848.274446816638
0.063088264,1785795403.829178895,/loadcell_data_filtered.wrench.force.z,8848.513152772033
0.06328623900000001,1785795403.829376870,/loadcell_data_filtered.wrench.force.z,8848.60479879615
0.063474468,1785795403.829565099,/loadcell_data_filtered.wrench.force.z,8848.964242492815
0.063666179,1785795403.829756810,/loadcell_data_filtered.wrench.force.z,8849.319470842105
0.06602186,1785795403.832112491,/loadcell_data_filtered.wrench.force.z,8848.877184766648
0.066427807,1785795403.832518438,/loadcell_data_filtered.wrench.force.z,8853.515968726768
0.06662203500000001,1785795403.832712666,/loadcell_data_filtered.wrench.force.z,8857.468098033281
0.066806877,1785795403.832897508,/loadcell_data_filtered.wrench.force.z,8862.074817145223
0.06698287,1785795403.833073501,/loadcell_data_filtered.wrench.force.z,8865.932249098356
0.06721914100000001,1785795403.833309772,/loadcell_data_filtered.wrench.force.z,8869.330630741328
0.067453634,1785795403.833544265,/loadcell_data_filtered.wrench.force.z,8871.448032791992
0.067741866,1785795403.833832497,/loadcell_data_filtered.wrench.force.z,8873.108679059731
0.068053799,1785795403.834144430,/loadcell_data_filtered.wrench.force.z,8873.071777991201
0.068391513,1785795403.834482144,/loadcell_data_filtered.wrench.force.z,8872.135426348006
0.06872384200000001,1785795403.834814473,/loadcell_data_filtered.wrench.force.z,8872.533006749554
0.069040294,1785795403.835130925,/loadcell_data_filtered.wrench.force.z,8872.920684402723
0.06939701200000001,1785795403.835487643,/loadcell_data_filtered.wrench.force.z,8873.503391505808
0.069719299,1785795403.835809930,/loadcell_data_filtered.wrench.force.z,8873.81274256376
0.070001195,1785795403.836091826,/loadcell_data_filtered.wrench.force.z,8874.115039347293
0.071632954,1785795403.837723585,/loadcell_data_filtered.wrench.force.z,8874.657831408525
0.071913322,1785795403.838003953,/loadcell_data_filtered.wrench.force.z,8875.079470795934
0.07215191,1785795403.838242541,/loadcell_data_filtered.wrench.force.z,8876.031436208004
0.07232857300000001,1785795403.838419204,/loadcell_data_filtered.wrench.force.z,8871.447237804388
0.07249235700000001,1785795403.838582988,/loadcell_data_filtered.wrench.force.z,8867.473028626391
0.072732853,1785795403.838823484,/loadcell_data_filtered.wrench.force.z,8863.90821247166
0.07361825000000001,1785795403.839708881,/loadcell_data_filtered.wrench.force.z,8861.237517118474
0.074119712,1785795403.840210343,/loadcell_data_filtered.wrench.force.z,8858.780156131768
0.074581936,1785795403.840672567,/loadcell_data_filtered.wrench.force.z,8857.903542361848
0.075373692,1785795403.841464323,/loadcell_data_filtered.wrench.force.z,8858.024895272438
0.078714323,1785795403.844804954,/loadcell_data_filtered.wrench.force.z,8858.912832411093
0.079370935,1785795403.845461566,/loadcell_data_filtered.wrench.force.z,8859.812060255754
0.079677409,1785795403.845768040,/loadcell_data_filtered.wrench.force.z,8861.614398945172
0.07986905500000001,1785795403.845959686,/loadcell_data_filtered.wrench.force.z,8863.451014813327
0.08006991000000001,1785795403.846160541,/loadcell_data_filtered.wrench.force.z,8864.50535814739
0.08026559500000001,1785795403.846356226,/loadcell_data_filtered.wrench.force.z,8865.538982284617
0.08045274200000001,1785795403.846543373,/loadcell_data_filtered.wrench.force.z,8866.545255248839
0.08064297200000001,1785795403.846733603,/loadcell_data_filtered.wrench.force.z,8867.578881752208
0.08087983600000001,1785795403.846970467,/loadcell_data_filtered.wrench.force.z,8868.230323303811
0.08115082300000001,1785795403.847241454,/loadcell_data_filtered.wrench.force.z,8870.488282935157
0.081347521,1785795403.847438152,/loadcell_data_filtered.wrench.force.z,8875.349955055142
0.081518808,1785795403.847609439,/loadcell_data_filtered.wrench.force.z,8880.790017992127
0.08171191,1785795403.847802541,/loadcell_data_filtered.wrench.force.z,8885.149564443178
0.08283836400000001,1785795403.848928995,/loadcell_data_filtered.wrench.force.z,8889.500323444787
0.083269563,1785795403.849360194,/loadcell_data_filtered.wrench.force.z,8891.9985469234
0.08349748600000001,1785795403.849588117,/loadcell_data_filtered.wrench.force.z,8894.674619711945
0.08370285300000001,1785795403.849793484,/loadcell_data_filtered.wrench.force.z,8896.553271892866
0.083909176,1785795403.849999807,/loadcell_data_filtered.wrench.force.z,8897.198010957914
0.0855767,1785795403.851667331,/loadcell_data_filtered.wrench.force.z,8897.129672323075
0.086121528,1785795403.852212159,/loadcell_data_filtered.wrench.force.z,8897.7953657684
0.086648472,1785795403.852739103,/loadcell_data_filtered.wrench.force.z,8899.130947350925
0.087173279,1785795403.853263910,/loadcell_data_filtered.wrench.force.z,8900.453136439051
0.087611593,1785795403.853702224,/loadcell_data_filtered.wrench.force.z,8900.754607339974
0.08805237,1785795403.854143001,/loadcell_data_filtered.wrench.force.z,8900.318952662194
0.0884211,1785795403.854511731,/loadcell_data_filtered.wrench.force.z,8900.591722819097
0.08875287000000001,1785795403.854843501,/loadcell_data_filtered.wrench.force.z,8900.936783756075
0.09127660700000001,1785795403.857367238,/loadcell_data_filtered.wrench.force.z,8896.380188088888
0.09312555800000001,1785795403.859216189,/loadcell_data_filtered.wrench.force.z,8893.26200978278
0.09365648400000001,1785795403.859747115,/loadcell_data_filtered.wrench.force.z,8890.09887160732
0.094196713,1785795403.860287344,/loadcell_data_filtered.wrench.force.z,8887.401924783586
0.09462754100000001,1785795403.860718172,/loadcell_data_filtered.wrench.force.z,8884.811939891842
0.09510418400000001,1785795403.861194815,/loadcell_data_filtered.wrench.force.z,8883.09819288019
0.09558930700000001,1785795403.861679938,/loadcell_data_filtered.wrench.force.z,8881.610188277858
0.09609350100000001,1785795403.862184132,/loadcell_data_filtered.wrench.force.z,8881.34986786928
0.09656025,1785795403.862650881,/loadcell_data_filtered.wrench.force.z,8881.909220162503
0.09680511300000001,1785795403.862895744,/loadcell_data_filtered.wrench.force.z,8880.58113765466
0.09709162,1785795403.863182251,/loadcell_data_filtered.wrench.force.z,8880.974675117779
0.09734476700000001,1785795403.863435398,/loadcell_data_filtered.wrench.force.z,8879.68467341367
0.097625868,1785795403.863716499,/loadcell_data_filtered.wrench.force.z,8879.101300627182
0.09788022,1785795403.863970851,/loadcell_data_filtered.wrench.force.z,8878.549865243614
0.098132958,1785795403.864223589,/loadcell_data_filtered.wrench.force.z,8878.074413140987
0.09834053300000001,1785795403.864431164,/loadcell_data_filtered.wrench.force.z,8877.68985550398
0.09851034600000001,1785795403.864600977,/loadcell_data_filtered.wrench.force.z,8877.230869753774
0.09873177600000001,1785795403.864822407,/loadcell_data_filtered.wrench.force.z,8882.920999443797
0.098975663,1785795403.865066294,/loadcell_data_filtered.wrench.force.z,8886.88525103953
0.099246788,1785795403.865337419,/loadcell_data_filtered.wrench.force.z,8890.68185117809
0.099531597,1785795403.865622228,/loadcell_data_filtered.wrench.force.z,8893.91435259785
0.099779826,1785795403.865870457,/loadcell_data_filtered.wrench.force.z,8897.016707497794
0.10000118200000001,1785795403.866091813,/loadcell_data_filtered.wrench.force.z,8898.340911402849
0.100338352,1785795403.866428983,/loadcell_data_filtered.wrench.force.z,8899.400676946487
0.100709485,1785795403.866800116,/loadcell_data_filtered.wrench.force.z,8899.74143885894
0.10108006000000001,1785795403.867170691,/loadcell_data_filtered.wrench.force.z,8900.16541764173
0.101556849,1785795403.867647480,/loadcell_data_filtered.wrench.force.z,8900.854088388529
0.102137609,1785795403.868228240,/loadcell_data_filtered.wrench.force.z,8901.170381234599
0.10273009100000001,1785795403.868820722,/loadcell_data_filtered.wrench.force.z,8901.518949118483
0.10375833500000001,1785795403.869848966,/loadcell_data_filtered.wrench.force.z,8901.9721625291
0.104309965,1785795403.870400596,/loadcell_data_filtered.wrench.force.z,8902.40638369267
0.104691685,1785795403.870782316,/loadcell_data_filtered.wrench.force.z,8902.814302501858
0.10504150500000001,1785795403.871132136,/loadcell_data_filtered.wrench.force.z,8902.708847201238
0.10536701100000001,1785795403.871457642,/loadcell_data_filtered.wrench.force.z,8902.876302575578
0.105681071,1785795403.871771702,/loadcell_data_filtered.wrench.force.z,8897.180519266036
0.106042547,1785795403.872133178,/loadcell_data_filtered.wrench.force.z,8892.786401971596
0.106458016,1785795403.872548647,/loadcell_data_filtered.wrench.force.z,8888.890940606647
0.10706272300000001,1785795403.873153354,/loadcell_data_filtered.wrench.force.z,8885.824533274365
0.10781077,1785795403.873901401,/loadcell_data_filtered.wrench.force.z,8882.684487285414
0.108500947,1785795403.874591578,/loadcell_data_filtered.wrench.force.z,8881.094559221052
0.10901886100000001,1785795403.875109492,/loadcell_data_filtered.wrench.force.z,8880.467158931255
0.109430577,1785795403.875521208,/loadcell_data_filtered.wrench.force.z,8880.338138487432
0.109842615,1785795403.875933246,/loadcell_data_filtered.wrench.force.z,8880.594931903068
0.110516795,1785795403.876607426,/loadcell_data_filtered.wrench.force.z,8880.535427088394
0.110975684,1785795403.877066315,/loadcell_data_filtered.wrench.force.z,8879.95232015581
0.111370887,1785795403.877461518,/loadcell_data_filtered.wrench.force.z,8879.342439796092
0.11184792800000001,1785795403.877938559,/loadcell_data_filtered.wrench.force.z,8878.446300906635
0.112293399,1785795403.878384030,/loadcell_data_filtered.wrench.force.z,8877.475940037737
0.113309134,1785795403.879399765,/loadcell_data_filtered.wrench.force.z,8876.870904821726
0.11367806700000001,1785795403.879768698,/loadcell_data_filtered.wrench.force.z,8876.172220862247
0.11398609600000001,1785795403.880076727,/loadcell_data_filtered.wrench.force.z,8879.747572495582
0.114919407,1785795403.881010038,/loadcell_data_filtered.wrench.force.z,8883.660329881144
0.114928634,1785795403.881019265,/loadcell_data_filtered.wrench.force.z,8888.023323769483
0.11493201900000001,1785795403.881022650,/loadcell_data_filtered.wrench.force.z,8891.495704218276
0.11513290600000001,1785795403.881223537,/loadcell_data_filtered.wrench.force.z,8894.101588212427
0.11593039000000001,1785795403.882021021,/loadcell_data_filtered.wrench.force.z,8896.597456320023
0.116480625,1785795403.882571256,/loadcell_data_filtered.wrench.force.z,8897.546496233228
0.11674197400000001,1785795403.882832605,/loadcell_data_filtered.wrench.force.z,8897.677592398226
0.117073572,1785795403.883164203,/loadcell_data_filtered.wrench.force.z,8897.801145245103
0.11750715,1785795403.883597781,/loadcell_data_filtered.wrench.force.z,8898.19288458515
0.11823106100000001,1785795403.884321692,/loadcell_data_filtered.wrench.force.z,8898.968400214098
0.11874105400000001,1785795403.884831685,/loadcell_data_filtered.wrench.force.z,8899.673480525573
0.119125938,1785795403.885216569,/loadcell_data_filtered.wrench.force.z,8900.228549531788
0.119834123,1785795403.885924754,/loadcell_data_filtered.wrench.force.z,8900.938441746213
0.12020635,1785795403.886296981,/loadcell_data_filtered.wrench.force.z,8901.665165034221
0.12064440900000001,1785795403.886735040,/loadcell_data_filtered.wrench.force.z,8902.336090391269
0.12132524500000001,1785795403.887415876,/loadcell_data_filtered.wrench.force.z,8902.91510503943
0.125425443,1785795403.891516074,/loadcell_data_filtered.wrench.force.z,8898.570717059549
0.125840022,1785795403.891930653,/loadcell_data_filtered.wrench.force.z,8896.210178528736
0.12622185,1785795403.892312481,/loadcell_data_filtered.wrench.force.z,8893.629201841515
0.126573011,1785795403.892663642,/loadcell_data_filtered.wrench.force.z,8891.956118588156
0.12691301100000002,1785795403.893003642,/loadcell_data_filtered.wrench.force.z,8890.481466523128
0.127267594,1785795403.893358225,/loadcell_data_filtered.wrench.force.z,8890.426645042744
0.127638514,1785795403.893729145,/loadcell_data_filtered.wrench.force.z,8890.248571952068
0.127990349,1785795403.894080980,/loadcell_data_filtered.wrench.force.z,8891.4404704821
0.130574448,1785795403.896665079,/loadcell_data_filtered.wrench.force.z,8892.749588874982
0.13098809,1785795403.897078721,/loadcell_data_filtered.wrench.force.z,8892.773732164562
0.131213266,1785795403.897303897,/loadcell_data_filtered.wrench.force.z,8892.783854053958
0.131437407,1785795403.897528038,/loadcell_data_filtered.wrench.force.z,8893.521646407193
0.13172271200000002,1785795403.897813343,/loadcell_data_filtered.wrench.force.z,8894.258145950016
0.131936375,1785795403.898027006,/loadcell_data_filtered.wrench.force.z,8895.11268032242
0.13214683500000002,1785795403.898237466,/loadcell_data_filtered.wrench.force.z,8895.581953244102
0.13238733600000002,1785795403.898477967,/loadcell_data_filtered.wrench.force.z,8896.082791973437
0.13265727800000002,1785795403.898747909,/loadcell_data_filtered.wrench.force.z,8896.702172955294
0.13296966100000002,1785795403.899060292,/loadcell_data_filtered.wrench.force.z,8903.047201053594
0.133227979,1785795403.899318610,/loadcell_data_filtered.wrench.force.z,8908.149378562333
0.133516038,1785795403.899606669,/loadcell_data_filtered.wrench.force.z,8911.924268324938
0.133827827,1785795403.899918458,/loadcell_data_filtered.wrench.force.z,8913.11524709987
0.134192168,1785795403.900282799,/loadcell_data_filtered.wrench.force.z,8916.062476597372
0.13448757,1785795403.900578201,/loadcell_data_filtered.wrench.force.z,8917.086260622053
0.134852789,1785795403.900943420,/loadcell_data_filtered.wrench.force.z,8917.514540758131
0.13520199600000002,1785795403.901292627,/loadcell_data_filtered.wrench.force.z,8917.648805295801
0.135470898,1785795403.901561529,/loadcell_data_filtered.wrench.force.z,8917.414075281149
0.135750004,1785795403.901840635,/loadcell_data_filtered.wrench.force.z,8917.486815860677
0.13594149700000002,1785795403.902032128,/loadcell_data_filtered.wrench.force.z,8917.328233824574
0.136155308,1785795403.902245939,/loadcell_data_filtered.wrench.force.z,8917.459173682511
0.13635881600000002,1785795403.902449447,/loadcell_data_filtered.wrench.force.z,8918.143131876936
0.13664134,1785795403.902731971,/loadcell_data_filtered.wrench.force.z,8917.617982495178
0.137483629,1785795403.903574260,/loadcell_data_filtered.wrench.force.z,8917.028574911741
0.137835266,1785795403.903925897,/loadcell_data_filtered.wrench.force.z,8916.989852227518
0.138137026,1785795403.904227657,/loadcell_data_filtered.wrench.force.z,8915.736227354557
0.13937026400000002,1785795403.905460895,/loadcell_data_filtered.wrench.force.z,8910.663274710692
0.13990658,1785795403.905997211,/loadcell_data_filtered.wrench.force.z,8906.243485394833
0.140304799,1785795403.906395430,/loadcell_data_filtered.wrench.force.z,8903.603630608452
0.14089893,1785795403.906989561,/loadcell_data_filtered.wrench.force.z,8900.173327434608
0.141148925,1785795403.907239556,/loadcell_data_filtered.wrench.force.z,8896.71728276916
0.142008519,1785795403.908099150,/loadcell_data_filtered.wrench.force.z,8894.988317004518
0.14223185400000002,1785795403.908322485,/loadcell_data_filtered.wrench.force.z,8894.296186543625
0.142381423,1785795403.908472054,/loadcell_data_filtered.wrench.force.z,8894.205597523556
0.142591653,1785795403.908682284,/loadcell_data_filtered.wrench.force.z,8894.487230844707
0.14290127900000002,1785795403.908991910,/loadcell_data_filtered.wrench.force.z,8894.450533289533
0.143657479,1785795403.909748110,/loadcell_data_filtered.wrench.force.z,8894.64479312946
0.14409975800000002,1785795403.910190389,/loadcell_data_filtered.wrench.force.z,8894.173761957023
0.144821644,1785795403.910912275,/loadcell_data_filtered.wrench.force.z,8893.964969811019
0.14519167700000002,1785795403.911282308,/loadcell_data_filtered.wrench.force.z,8893.217266791198
0.14551541,1785795403.911606041,/loadcell_data_filtered.wrench.force.z,8892.880171533687
0.15053586800000002,1785795403.916626499,/loadcell_data_filtered.wrench.force.z,8892.336974163283
0.150854863,1785795403.916945494,/loadcell_data_filtered.wrench.force.z,8897.119321962115
0.151168769,1785795403.917259400,/loadcell_data_filtered.wrench.force.z,8900.606543580187
0.15145861200000002,1785795403.917549243,/loadcell_data_filtered.wrench.force.z,8905.70166470073
0.15181671400000002,1785795403.917907345,/loadcell_data_filtered.wrench.force.z,8909.768673341427
0.152931712,1785795403.919022343,/loadcell_data_filtered.wrench.force.z,8913.271667488874
0.152956542,1785795403.919047173,/loadcell_data_filtered.wrench.force.z,8915.84391073883
0.152959451,1785795403.919050082,/loadcell_data_filtered.wrench.force.z,8910.4895415125
0.15328293,1785795403.919373561,/loadcell_data_filtered.wrench.force.z,8910.568211940585
0.15698425900000001,1785795403.923074890,/loadcell_data_filtered.wrench.force.z,8911.307133379478
0.160419946,1785795403.926510577,/loadcell_data_filtered.wrench.force.z,8909.65827850949
0.16079014500000002,1785795403.926880776,/loadcell_data_filtered.wrench.force.z,8909.417009878596
0.16106436100000002,1785795403.927154992,/loadcell_data_filtered.wrench.force.z,8909.362941555537
0.16131546400000002,1785795403.927406095,/loadcell_data_filtered.wrench.force.z,8909.378481822763
0.161557531,1785795403.927648162,/loadcell_data_filtered.wrench.force.z,8903.754275174348
0.16352776300000002,1785795403.929618394,/loadcell_data_filtered.wrench.force.z,8900.571100553514
0.163530732,1785795403.929621363,/loadcell_data_filtered.wrench.force.z,8896.944273177387
0.163579616,1785795403.929670247,/loadcell_data_filtered.wrench.force.z,8893.935610676532
0.163584595,1785795403.929675226,/loadcell_data_filtered.wrench.force.z,8890.929281861223
0.163586439,1785795403.929677070,/loadcell_data_filtered.wrench.force.z,8889.472970524901
0.163613212,1785795403.929703843,/loadcell_data_filtered.wrench.force.z,8888.180192710763
0.16388154400000002,1785795403.929972175,/loadcell_data_filtered.wrench.force.z,8888.400318507125
0.16428262600000001,1785795403.930373257,/loadcell_data_filtered.wrench.force.z,8889.31872104605
0.16463360200000002,1785795403.930724233,/loadcell_data_filtered.wrench.force.z,8890.389128041284
0.16498404400000002,1785795403.931074675,/loadcell_data_filtered.wrench.force.z,8891.501435942286
0.16544124000000002,1785795403.931531871,/loadcell_data_filtered.wrench.force.z,8892.274010525214
0.16584326600000002,1785795403.931933897,/loadcell_data_filtered.wrench.force.z,8892.10223248437
0.16621116900000002,1785795403.932301800,/loadcell_data_filtered.wrench.force.z,8890.984747587905
0.16667373400000002,1785795403.932764365,/loadcell_data_filtered.wrench.force.z,8890.632366055572
0.16720890000000002,1785795403.933299531,/loadcell_data_filtered.wrench.force.z,8891.223231510572
0.16792325800000002,1785795403.934013889,/loadcell_data_filtered.wrench.force.z,8897.70807137173
0.168278449,1785795403.934369080,/loadcell_data_filtered.wrench.force.z,8903.050893483818
0.16908999300000002,1785795403.935180624,/loadcell_data_filtered.wrench.force.z,8907.866087930279
0.16947158,1785795403.935562211,/loadcell_data_filtered.wrench.force.z,8910.802509105062
0.169792899,1785795403.935883530,/loadcell_data_filtered.wrench.force.z,8913.253167036255
0.173995104,1785795403.940085735,/loadcell_data_filtered.wrench.force.z,8914.870465818894
0.17401380800000002,1785795403.940104439,/loadcell_data_filtered.wrench.force.z,8916.319930479423
0.174015793,1785795403.940106424,/loadcell_data_filtered.wrench.force.z,8917.264451573034
0.174017328,1785795403.940107959,/loadcell_data_filtered.wrench.force.z,8918.130073022403
0.17401897100000002,1785795403.940109602,/loadcell_data_filtered.wrench.force.z,8918.983072812696
0.17478263400000002,1785795403.940873265,/loadcell_data_filtered.wrench.force.z,8920.006288690982
0.17568750100000002,1785795403.941778132,/loadcell_data_filtered.wrench.force.z,8920.372418972462
0.176727079,1785795403.942817710,/loadcell_data_filtered.wrench.force.z,8920.98632366233
0.176876373,1785795403.942967004,/loadcell_data_filtered.wrench.force.z,8919.823609608682
0.177537791,1785795403.943628422,/loadcell_data_filtered.wrench.force.z,8919.387794757282
0.181303335,1785795403.947393966,/loadcell_data_filtered.wrench.force.z,8909.011727434163
0.182017488,1785795403.948108119,/loadcell_data_filtered.wrench.force.z,8908.83916244419
0.182416942,1785795403.948507573,/loadcell_data_filtered.wrench.force.z,8907.798863724514
0.182790646,1785795403.948881277,/loadcell_data_filtered.wrench.force.z,8907.596673502538
0.18318651900000002,1785795403.949277150,/loadcell_data_filtered.wrench.force.z,8907.322467868304
0.18344971200000001,1785795403.949540343,/loadcell_data_filtered.wrench.force.z,8907.865092676691
0.18412255400000002,1785795403.950213185,/loadcell_data_filtered.wrench.force.z,8913.603548156643
0.18413114300000002,1785795403.950221774,/loadcell_data_filtered.wrench.force.z,8917.670446921104
0.18438864700000002,1785795403.950479278,/loadcell_data_filtered.wrench.force.z,8922.760832588878
0.184717401,1785795403.950808032,/loadcell_data_filtered.wrench.force.z,8926.741984014925
0.18501762100000002,1785795403.951108252,/loadcell_data_filtered.wrench.force.z,8929.777346243283
0.18530874900000002,1785795403.951399380,/loadcell_data_filtered.wrench.force.z,8930.791409663248
0.185612031,1785795403.951702662,/loadcell_data_filtered.wrench.force.z,8932.959675427093
0.18589749400000002,1785795403.951988125,/loadcell_data_filtered.wrench.force.z,8933.688599288189
0.186110565,1785795403.952201196,/loadcell_data_filtered.wrench.force.z,8935.103652113345
0.186405927,1785795403.952496558,/loadcell_data_filtered.wrench.force.z,8937.041018966238
0.18658100900000002,1785795403.952671640,/loadcell_data_filtered.wrench.force.z,8938.509571565548
0.186785594,1785795403.952876225,/loadcell_data_filtered.wrench.force.z,8939.910387261236
0.18709676800000002,1785795403.953187399,/loadcell_data_filtered.wrench.force.z,8941.155885852308
0.18730807600000002,1785795403.953398707,/loadcell_data_filtered.wrench.force.z,8941.475307490562
0.187482177,1785795403.953572808,/loadcell_data_filtered.wrench.force.z,8942.230430430565
0.187897939,1785795403.953988570,/loadcell_data_filtered.wrench.force.z,8943.215551861244
0.188349122,1785795403.954439753,/loadcell_data_filtered.wrench.force.z,8944.751748142782
0.188639424,1785795403.954730055,/loadcell_data_filtered.wrench.force.z,8939.844225716502
0.18885599900000002,1785795403.954946630,/loadcell_data_filtered.wrench.force.z,8936.380717017513
0.19392261600000002,1785795403.960013247,/loadcell_data_filtered.wrench.force.z,8932.929195326056
0.195654289,1785795403.961744920,/loadcell_data_filtered.wrench.force.z,8930.760134299606
0.19637137300000002,1785795403.962462004,/loadcell_data_filtered.wrench.force.z,8929.885882753082
0.19683207000000003,1785795403.962922701,/loadcell_data_filtered.wrench.force.z,8929.325178654613
0.19717483100000002,1785795403.963265462,/loadcell_data_filtered.wrench.force.z,8929.766306022155
0.19741018000000002,1785795403.963500811,/loadcell_data_filtered.wrench.force.z,8930.803627087966
0.19762161,1785795403.963712241,/loadcell_data_filtered.wrench.force.z,8931.579830628778
0.197912746,1785795403.964003377,/loadcell_data_filtered.wrench.force.z,8932.00461509917
0.198191098,1785795403.964281729,/loadcell_data_filtered.wrench.force.z,8932.00252839531
0.19850219800000002,1785795403.964592829,/loadcell_data_filtered.wrench.force.z,8931.692861205336
0.198752709,1785795403.964843340,/loadcell_data_filtered.wrench.force.z,8931.73322722625
0.199128035,1785795403.965218666,/loadcell_data_filtered.wrench.force.z,8931.857137957322
0.19929561,1785795403.965386241,/loadcell_data_filtered.wrench.force.z,8932.553331839461
0.19952296900000002,1785795403.965613600,/loadcell_data_filtered.wrench.force.z,8932.929549786952
0.20024145200000001,1785795403.966332083,/loadcell_data_filtered.wrench.force.z,8940.110698981796
0.200496634,1785795403.966587265,/loadcell_data_filtered.wrench.force.z,8945.59496732988
0.200595875,1785795403.966686506,/loadcell_data_filtered.wrench.force.z,8950.195100586849
0.20072459,1785795403.966815221,/loadcell_data_filtered.wrench.force.z,8953.629035132948
0.200798795,1785795403.966889426,/loadcell_data_filtered.wrench.force.z,8955.673991258083
0.20099971400000002,1785795403.967090345,/loadcell_data_filtered.wrench.force.z,8956.88520826029
0.201083067,1785795403.967173698,/loadcell_data_filtered.wrench.force.z,8957.088657249282
0.201233309,1785795403.967323940,/loadcell_data_filtered.wrench.force.z,8956.47885034512
0.201355463,1785795403.967446094,/loadcell_data_filtered.wrench.force.z,8956.028282279885
0.20149398000000002,1785795403.967584611,/loadcell_data_filtered.wrench.force.z,8955.420136386896
0.201857591,1785795403.967948222,/loadcell_data_filtered.wrench.force.z,8954.812583110002
0.20266256200000002,1785795403.968753193,/loadcell_data_filtered.wrench.force.z,8953.923983317072
0.203001857,1785795403.969092488,/loadcell_data_filtered.wrench.force.z,8953.179547855327
0.20321318900000002,1785795403.969303820,/loadcell_data_filtered.wrench.force.z,8953.02675644509
0.20366409300000002,1785795403.969754724,/loadcell_data_filtered.wrench.force.z,8951.690912334507
0.204080684,1785795403.970171315,/loadcell_data_filtered.wrench.force.z,8950.986565335554
0.204879056,1785795403.970969687,/loadcell_data_filtered.wrench.force.z,8946.677225814188
0.20533493900000002,1785795403.971425570,/loadcell_data_filtered.wrench.force.z,8941.566611995675
0.20569484600000001,1785795403.971785477,/loadcell_data_filtered.wrench.force.z,8936.198518133846
0.20624050500000002,1785795403.972331136,/loadcell_data_filtered.wrench.force.z,8931.37083858973
0.20679196100000002,1785795403.972882592,/loadcell_data_filtered.wrench.force.z,8927.47517397854
0.20717100800000002,1785795403.973261639,/loadcell_data_filtered.wrench.force.z,8924.007383531747
0.20756843100000003,1785795403.973659062,/loadcell_data_filtered.wrench.force.z,8922.135661447193
0.20835429900000002,1785795403.974444930,/loadcell_data_filtered.wrench.force.z,8921.022695239008
0.208795105,1785795403.974885736,/loadcell_data_filtered.wrench.force.z,8920.87038904041
0.209668189,1785795403.975758820,/loadcell_data_filtered.wrench.force.z,8920.729208666658
0.21001228300000002,1785795403.976102914,/loadcell_data_filtered.wrench.force.z,8920.253222203866
0.21024450900000002,1785795403.976335140,/loadcell_data_filtered.wrench.force.z,8919.691358377799
0.21062850200000002,1785795403.976719133,/loadcell_data_filtered.wrench.force.z,8919.240073453535
0.21118193200000002,1785795403.977272563,/loadcell_data_filtered.wrench.force.z,8918.567618126068
0.211557617,1785795403.977648248,/loadcell_data_filtered.wrench.force.z,8917.945583622819
0.212071857,1785795403.978162488,/loadcell_data_filtered.wrench.force.z,8917.848374072568
0.212627113,1785795403.978717744,/loadcell_data_filtered.wrench.force.z,8917.732202646406
0.21313366600000003,1785795403.979224297,/loadcell_data_filtered.wrench.force.z,8923.08097784714
0.21403158100000003,1785795403.980122212,/loadcell_data_filtered.wrench.force.z,8927.0972674139
0.215099372,1785795403.981190003,/loadcell_data_filtered.wrench.force.z,8931.536756313244
0.21731322800000002,1785795403.983403859,/loadcell_data_filtered.wrench.force.z,8935.098545284884
0.217704799,1785795403.983795430,/loadcell_data_filtered.wrench.force.z,8938.613505421015
0.218316416,1785795403.984407047,/loadcell_data_filtered.wrench.force.z,8940.937597776041
0.21898840900000002,1785795403.985079040,/loadcell_data_filtered.wrench.force.z,8942.818957357282
0.219349609,1785795403.985440240,/loadcell_data_filtered.wrench.force.z,8943.93795935181
0.21962162400000002,1785795403.985712255,/loadcell_data_filtered.wrench.force.z,8945.362425661304
0.219957553,1785795403.986048184,/loadcell_data_filtered.wrench.force.z,8946.246576878491
0.220322754,1785795403.986413385,/loadcell_data_filtered.wrench.force.z,8947.38079691867
0.220654804,1785795403.986745435,/loadcell_data_filtered.wrench.force.z,8946.822526526106
0.222259808,1785795403.988350439,/loadcell_data_filtered.wrench.force.z,8947.05720382135
0.222489872,1785795403.988580503,/loadcell_data_filtered.wrench.force.z,8947.527797328
0.222708023,1785795403.988798654,/loadcell_data_filtered.wrench.force.z,8947.532047910448
0.222889111,1785795403.988979742,/loadcell_data_filtered.wrench.force.z,8947.652461507207
0.223074351,1785795403.989164982,/loadcell_data_filtered.wrench.force.z,8947.574813405456
0.224461975,1785795403.990552606,/loadcell_data_filtered.wrench.force.z,8942.84949501533
0.22876964300000002,1785795403.994860274,/loadcell_data_filtered.wrench.force.z,8938.402617284035
0.22908180700000003,1785795403.995172438,/loadcell_data_filtered.wrench.force.z,8935.793192718145
0.229308494,1785795403.995399125,/loadcell_data_filtered.wrench.force.z,8935.117412457723
0.229500943,1785795403.995591574,/loadcell_data_filtered.wrench.force.z,8934.666131667766
0.22967514400000003,1785795403.995765775,/loadcell_data_filtered.wrench.force.z,8934.918031149702
0.229830326,1785795403.995920957,/loadcell_data_filtered.wrench.force.z,8935.892450537947
0.23000324800000002,1785795403.996093879,/loadcell_data_filtered.wrench.force.z,8937.022817529773
0.23018084800000002,1785795403.996271479,/loadcell_data_filtered.wrench.force.z,8938.011411134343
0.23038860400000002,1785795403.996479235,/loadcell_data_filtered.wrench.force.z,8938.511585611563
0.23056294300000002,1785795403.996653574,/loadcell_data_filtered.wrench.force.z,8939.251734921898
0.230767141,1785795403.996857772,/loadcell_data_filtered.wrench.force.z,8939.888367953274
0.23098600300000002,1785795403.997076634,/loadcell_data_filtered.wrench.force.z,8940.478420681076
0.23199522500000003,1785795403.998085856,/loadcell_data_filtered.wrench.force.z,8939.27247201538
0.23302898700000002,1785795403.999119618,/loadcell_data_filtered.wrench.force.z,8939.588726402848
0.233596238,1785795403.999686869,/loadcell_data_filtered.wrench.force.z,8945.644947526842
0.23361856500000003,1785795403.999709196,/loadcell_data_filtered.wrench.force.z,8951.30729298258
0.23362195500000002,1785795403.999712586,/loadcell_data_filtered.wrench.force.z,8956.201964477841
0.233687198,1785795403.999777829,/loadcell_data_filtered.wrench.force.z,8960.341246678752
0.233809856,1785795403.999900487,/loadcell_data_filtered.wrench.force.z,8964.162803470654
0.233959315,1785795404.000049946,/loadcell_data_filtered.wrench.force.z,8966.041154951494
0.234100899,1785795404.000191530,/loadcell_data_filtered.wrench.force.z,8967.23437586
0.234202437,1785795404.000293068,/loadcell_data_filtered.wrench.force.z,8967.192309262642
0.235232445,1785795404.001323076,/loadcell_data_filtered.wrench.force.z,8967.112829513866
0.23538235300000002,1785795404.001472984,/loadcell_data_filtered.wrench.force.z,8967.585102237343
0.235511816,1785795404.001602447,/loadcell_data_filtered.wrench.force.z,8960.128300774211
0.23605699400000002,1785795404.002147625,/loadcell_data_filtered.wrench.force.z,8961.020538045497
0.236384646,1785795404.002475277,/loadcell_data_filtered.wrench.force.z,8960.76167615969
0.23651854900000002,1785795404.002609180,/loadcell_data_filtered.wrench.force.z,8960.92731751628
0.23737243300000002,1785795404.003463064,/loadcell_data_filtered.wrench.force.z,8960.941581581346
0.23786309700000002,1785795404.003953728,/loadcell_data_filtered.wrench.force.z,8960.698336675101
0.23819625300000002,1785795404.004286884,/loadcell_data_filtered.wrench.force.z,8956.300594911
0.24042437900000002,1785795404.006515010,/loadcell_data_filtered.wrench.force.z,8952.850205003424
0.24063646400000002,1785795404.006727095,/loadcell_data_filtered.wrench.force.z,8948.298018424543
0.24078501200000002,1785795404.006875643,/loadcell_data_filtered.wrench.force.z,8945.033221652804
0.240916549,1785795404.007007180,/loadcell_data_filtered.wrench.force.z,8934.19083674766
0.24104433400000003,1785795404.007134965,/loadcell_data_filtered.wrench.force.z,8932.318617492172
0.24151012200000002,1785795404.007600753,/loadcell_data_filtered.wrench.force.z,8930.083367387591
0.24202881,1785795404.008119441,/loadcell_data_filtered.wrench.force.z,8929.866287754241
0.24215045000000002,1785795404.008241081,/loadcell_data_filtered.wrench.force.z,8930.911165561758
0.242357503,1785795404.008448134,/loadcell_data_filtered.wrench.force.z,8930.917165633662
0.242969014,1785795404.009059645,/loadcell_data_filtered.wrench.force.z,8931.084139569146
0.24502969500000002,1785795404.011120326,/loadcell_data_filtered.wrench.force.z,8930.98872153017
0.24514634000000002,1785795404.011236971,/loadcell_data_filtered.wrench.force.z,8930.613043630556
0.245264543,1785795404.011355174,/loadcell_data_filtered.wrench.force.z,8930.372775762893
0.24537692300000002,1785795404.011467554,/loadcell_data_filtered.wrench.force.z,8922.747937595037
0.24565591800000003,1785795404.011746549,/loadcell_data_filtered.wrench.force.z,8923.06139001841
0.246037797,1785795404.012128428,/loadcell_data_filtered.wrench.force.z,8921.883485653578
0.24640656100000002,1785795404.012497192,/loadcell_data_filtered.wrench.force.z,8928.275605684426
0.24693124700000002,1785795404.013021878,/loadcell_data_filtered.wrench.force.z,8931.890755731258
0.247377428,1785795404.013468059,/loadcell_data_filtered.wrench.force.z,8936.10123352937
0.248012521,1785795404.014103152,/loadcell_data_filtered.wrench.force.z,8939.747182393834
0.25512997800000004,1785795404.021220609,/loadcell_data_filtered.wrench.force.z,8942.705803467748
0.255774182,1785795404.021864813,/loadcell_data_filtered.wrench.force.z,8943.855825548564
0.256363493,1785795404.022454124,/loadcell_data_filtered.wrench.force.z,8944.840441720024
0.256770058,1785795404.022860689,/loadcell_data_filtered.wrench.force.z,8945.762446462146
0.25727213600000004,1785795404.023362767,/loadcell_data_filtered.wrench.force.z,8945.733445367767
0.25760329200000004,1785795404.023693923,/loadcell_data_filtered.wrench.force.z,8944.630187852505
0.257971498,1785795404.024062129,/loadcell_data_filtered.wrench.force.z,8944.989568471645
0.25842934300000003,1785795404.024519974,/loadcell_data_filtered.wrench.force.z,8944.85853516254
0.258882985,1785795404.024973616,/loadcell_data_filtered.wrench.force.z,8945.107635580342
0.259349749,1785795404.025440380,/loadcell_data_filtered.wrench.force.z,8938.945024661136
0.259711107,1785795404.025801738,/loadcell_data_filtered.wrench.force.z,8934.062792508292
0.260079169,1785795404.026169800,/loadcell_data_filtered.wrench.force.z,8929.87416836564
0.26044132400000003,1785795404.026531955,/loadcell_data_filtered.wrench.force.z,8926.404662254572
0.260809451,1785795404.026900082,/loadcell_data_filtered.wrench.force.z,8922.999753991
0.26115161200000003,1785795404.027242243,/loadcell_data_filtered.wrench.force.z,8920.918533341006
0.261476986,1785795404.027567617,/loadcell_data_filtered.wrench.force.z,8919.6301582024
0.261936822,1785795404.028027453,/loadcell_data_filtered.wrench.force.z,8919.166397721892
0.262421403,1785795404.028512034,/loadcell_data_filtered.wrench.force.z,8919.03167511282
0.262774897,1785795404.028865528,/loadcell_data_filtered.wrench.force.z,8918.65220981808
0.26308765700000003,1785795404.029178288,/loadcell_data_filtered.wrench.force.z,8918.284952497217
0.263308325,1785795404.029398956,/loadcell_data_filtered.wrench.force.z,8917.138928281647
0.263488012,1785795404.029578643,/loadcell_data_filtered.wrench.force.z,8916.323006669982
0.263650267,1785795404.029740898,/loadcell_data_filtered.wrench.force.z,8915.63692655098
0.263817805,1785795404.029908436,/loadcell_data_filtered.wrench.force.z,8915.242143353822
0.264026401,1785795404.030117032,/loadcell_data_filtered.wrench.force.z,8914.814386186548
0.264272532,1785795404.030363163,/loadcell_data_filtered.wrench.force.z,8916.080238406057
0.264549258,1785795404.030639889,/loadcell_data_filtered.wrench.force.z,8921.295620739984
0.264806623,1785795404.030897254,/loadcell_data_filtered.wrench.force.z,8925.811653904626
0.266804284,1785795404.032894915,/loadcell_data_filtered.wrench.force.z,8929.568979641072
0.26730671300000003,1785795404.033397344,/loadcell_data_filtered.wrench.force.z,8932.232165465426
0.267660399,1785795404.033751030,/loadcell_data_filtered.wrench.force.z,8935.640549429489
0.26800397800000003,1785795404.034094609,/loadcell_data_filtered.wrench.force.z,8937.354728786462
0.26836698800000003,1785795404.034457619,/loadcell_data_filtered.wrench.force.z,8938.374310956991
0.26874483600000004,1785795404.034835467,/loadcell_data_filtered.wrench.force.z,8939.15531440185
0.269205105,1785795404.035295736,/loadcell_data_filtered.wrench.force.z,8938.93553888859
0.269570882,1785795404.035661513,/loadcell_data_filtered.wrench.force.z,8939.08046079667
0.269958036,1785795404.036048667,/loadcell_data_filtered.wrench.force.z,8939.517283258638
0.27034477,1785795404.036435401,/loadcell_data_filtered.wrench.force.z,8940.122308706284
0.27068130900000004,1785795404.036771940,/loadcell_data_filtered.wrench.force.z,8940.928445951826
0.270995392,1785795404.037086023,/loadcell_data_filtered.wrench.force.z,8941.462108390551
0.271233223,1785795404.037323854,/loadcell_data_filtered.wrench.force.z,8941.657823362852
0.27147133300000004,1785795404.037561964,/loadcell_data_filtered.wrench.force.z,8942.396240773418
0.271785175,1785795404.037875806,/loadcell_data_filtered.wrench.force.z,8938.014971478051
0.272126237,1785795404.038216868,/loadcell_data_filtered.wrench.force.z,8935.219939500346
0.272594913,1785795404.038685544,/loadcell_data_filtered.wrench.force.z,8931.742594073834
0.273145676,1785795404.039236307,/loadcell_data_filtered.wrench.force.z,8928.833990650637
0.273525304,1785795404.039615935,/loadcell_data_filtered.wrench.force.z,8926.78558221391
0.274106532,1785795404.040197163,/loadcell_data_filtered.wrench.force.z,8925.213006791793
0.274533358,1785795404.040623989,/loadcell_data_filtered.wrench.force.z,8924.594344173482
0.274823272,1785795404.040913903,/loadcell_data_filtered.wrench.force.z,8924.92339061151
0.27537036600000003,1785795404.041460997,/loadcell_data_filtered.wrench.force.z,8925.371552411258
0.276053677,1785795404.042144308,/loadcell_data_filtered.wrench.force.z,8926.098875415579
0.276708726,1785795404.042799357,/loadcell_data_filtered.wrench.force.z,8926.398626819564
0.277182849,1785795404.043273480,/loadcell_data_filtered.wrench.force.z,8926.394821573042
0.277653696,1785795404.043744327,/loadcell_data_filtered.wrench.force.z,8926.050983870993
0.27798103500000004,1785795404.044071666,/loadcell_data_filtered.wrench.force.z,8926.047884913429
0.27831436000000004,1785795404.044404991,/loadcell_data_filtered.wrench.force.z,8925.966321494929
0.27915763,1785795404.045248261,/loadcell_data_filtered.wrench.force.z,8926.079060394019
0.27935785700000004,1785795404.045448488,/loadcell_data_filtered.wrench.force.z,8926.109381619739
0.279857605,1785795404.045948236,/loadcell_data_filtered.wrench.force.z,8932.366010895594
0.280280407,1785795404.046371038,/loadcell_data_filtered.wrench.force.z,8936.276425286682
0.28142209700000004,1785795404.047512728,/loadcell_data_filtered.wrench.force.z,8940.059059039491
0.282562311,1785795404.048652942,/loadcell_data_filtered.wrench.force.z,8943.027102078857
0.282721198,1785795404.048811829,/loadcell_data_filtered.wrench.force.z,8946.540261042293
0.284503506,1785795404.050594137,/loadcell_data_filtered.wrench.force.z,8947.89512622409
0.28492173000000004,1785795404.051012361,/loadcell_data_filtered.wrench.force.z,8950.152591663154
0.286292572,1785795404.052383203,/loadcell_data_filtered.wrench.force.z,8950.365664130026
0.288414959,1785795404.054505590,/loadcell_data_filtered.wrench.force.z,8950.940281136667
0.289132481,1785795404.055223112,/loadcell_data_filtered.wrench.force.z,8951.837066261298
0.289316899,1785795404.055407530,/loadcell_data_filtered.wrench.force.z,8951.55916954
0.289657999,1785795404.055748630,/loadcell_data_filtered.wrench.force.z,8952.704103819911
0.28995171000000003,1785795404.056042341,/loadcell_data_filtered.wrench.force.z,8952.218851340318
0.29023635000000003,1785795404.056326981,/loadcell_data_filtered.wrench.force.z,8946.679105248506
0.29228796500000004,1785795404.058378596,/loadcell_data_filtered.wrench.force.z,8945.01964366405
0.292700803,1785795404.058791434,/loadcell_data_filtered.wrench.force.z,8945.483453962423
0.29306313500000003,1785795404.059153766,/loadcell_data_filtered.wrench.force.z,8940.874095535595
0.29348396400000004,1785795404.059574595,/loadcell_data_filtered.wrench.force.z,8935.860601044262
0.293862175,1785795404.059952806,/loadcell_data_filtered.wrench.force.z,8932.096691518207
0.294175522,1785795404.060266153,/loadcell_data_filtered.wrench.force.z,8929.904198780952
0.29436958700000004,1785795404.060460218,/loadcell_data_filtered.wrench.force.z,8927.772794195283
0.29454369,1785795404.060634321,/loadcell_data_filtered.wrench.force.z,8923.952417240913
0.294721391,1785795404.060812022,/loadcell_data_filtered.wrench.force.z,8918.682375710438
0.29495504,1785795404.061045671,/loadcell_data_filtered.wrench.force.z,8919.161482455234
0.29532326000000003,1785795404.061413891,/loadcell_data_filtered.wrench.force.z,8917.846643180414
0.295694723,1785795404.061785354,/loadcell_data_filtered.wrench.force.z,8917.645195638654
0.296101345,1785795404.062191976,/loadcell_data_filtered.wrench.force.z,8917.887598909158
0.296537469,1785795404.062628100,/loadcell_data_filtered.wrench.force.z,8917.667480839053
0.29704419600000004,1785795404.063134827,/loadcell_data_filtered.wrench.force.z,8917.283983743999
0.297497104,1785795404.063587735,/loadcell_data_filtered.wrench.force.z,8916.759833768812
0.297932978,1785795404.064023609,/loadcell_data_filtered.wrench.force.z,8916.12140913886
0.29827570400000003,1785795404.064366335,/loadcell_data_filtered.wrench.force.z,8916.117117884869
0.298612671,1785795404.064703302,/loadcell_data_filtered.wrench.force.z,8919.785788154326
0.29923468000000003,1785795404.065325311,/loadcell_data_filtered.wrench.force.z,8924.715297325713
0.299419625,1785795404.065510256,/loadcell_data_filtered.wrench.force.z,8929.578210127427
0.29978239500000003,1785795404.065873026,/loadcell_data_filtered.wrench.force.z,8933.493676833848
0.300197155,1785795404.066287786,/loadcell_data_filtered.wrench.force.z,8936.846218531526
0.300579223,1785795404.066669854,/loadcell_data_filtered.wrench.force.z,8939.775667105625
0.301024568,1785795404.067115199,/loadcell_data_filtered.wrench.force.z,8941.330315220028
0.301481469,1785795404.067572100,/loadcell_data_filtered.wrench.force.z,8942.097866504717
0.301988071,1785795404.068078702,/loadcell_data_filtered.wrench.force.z,8942.52141023802
0.302969439,1785795404.069060070,/loadcell_data_filtered.wrench.force.z,8942.89252191241
0.303336826,1785795404.069427457,/loadcell_data_filtered.wrench.force.z,8943.960440627463
0.303650755,1785795404.069741386,/loadcell_data_filtered.wrench.force.z,8945.193268793231
0.303977158,1785795404.070067789,/loadcell_data_filtered.wrench.force.z,8945.770370681526
0.304324886,1785795404.070415517,/loadcell_data_filtered.wrench.force.z,8945.636561308089
0.30469572300000003,1785795404.070786354,/loadcell_data_filtered.wrench.force.z,8946.223450175476
0.305071874,1785795404.071162505,/loadcell_data_filtered.wrench.force.z,8946.689846009778
0.30544270100000004,1785795404.071533332,/loadcell_data_filtered.wrench.force.z,8947.163007625446
0.30595921800000003,1785795404.072049849,/loadcell_data_filtered.wrench.force.z,8942.26393430219
0.306429391,1785795404.072520022,/loadcell_data_filtered.wrench.force.z,8940.137766643229
0.30679522600000003,1785795404.072885857,/loadcell_data_filtered.wrench.force.z,8936.485436701952
0.307196063,1785795404.073286694,/loadcell_data_filtered.wrench.force.z,8933.181770158833
0.307502359,1785795404.073592990,/loadcell_data_filtered.wrench.force.z,8930.67056775368
0.30797598400000004,1785795404.074066615,/loadcell_data_filtered.wrench.force.z,8929.113476621182
0.30841729900000003,1785795404.074507930,/loadcell_data_filtered.wrench.force.z,8927.841130519471
0.308666309,1785795404.074756940,/loadcell_data_filtered.wrench.force.z,8928.027373717168
0.309817288,1785795404.075907919,/loadcell_data_filtered.wrench.force.z,8928.161301624179
0.310391797,1785795404.076482428,/loadcell_data_filtered.wrench.force.z,8928.413369480562
0.31079223100000003,1785795404.076882862,/loadcell_data_filtered.wrench.force.z,8928.8055126862
0.31118784400000005,1785795404.077278475,/loadcell_data_filtered.wrench.force.z,8928.401107967116
0.311512575,1785795404.077603206,/loadcell_data_filtered.wrench.force.z,8927.86428247552
0.31181129300000004,1785795404.077901924,/loadcell_data_filtered.wrench.force.z,8927.095296823352
0.312123855,1785795404.078214486,/loadcell_data_filtered.wrench.force.z,8926.498231375213
0.31235894200000003,1785795404.078449573,/loadcell_data_filtered.wrench.force.z,8925.857803411376
0.31267942600000004,1785795404.078770057,/loadcell_data_filtered.wrench.force.z,8925.2966110819
0.313296469,1785795404.079387100,/loadcell_data_filtered.wrench.force.z,8930.885856287514
0.314386663,1785795404.080477294,/loadcell_data_filtered.wrench.force.z,8934.555391554499
0.31467462,1785795404.080765251,/loadcell_data_filtered.wrench.force.z,8938.390704288437
0.314892169,1785795404.080982800,/loadcell_data_filtered.wrench.force.z,8940.79558438631
0.315139392,1785795404.081230023,/loadcell_data_filtered.wrench.force.z,8943.71256368639
0.31562632,1785795404.081716951,/loadcell_data_filtered.wrench.force.z,8944.206721156186
0.316199025,1785795404.082289656,/loadcell_data_filtered.wrench.force.z,8944.588939844909
0.31676979,1785795404.082860421,/loadcell_data_filtered.wrench.force.z,8944.191293542515
0.317298438,1785795404.083389069,/loadcell_data_filtered.wrench.force.z,8943.69443105719
0.318700344,1785795404.084790975,/loadcell_data_filtered.wrench.force.z,8943.209714090863
0.31906473900000004,1785795404.085155370,/loadcell_data_filtered.wrench.force.z,8942.755651438008
0.31992822200000004,1785795404.086018853,/loadcell_data_filtered.wrench.force.z,8942.4943824661
0.319944881,1785795404.086035512,/loadcell_data_filtered.wrench.force.z,8942.40693771941
0.319949444,1785795404.086040075,/loadcell_data_filtered.wrench.force.z,8942.124402054204
0.32008902100000003,1785795404.086179652,/loadcell_data_filtered.wrench.force.z,8941.870966831348
0.320770341,1785795404.086860972,/loadcell_data_filtered.wrench.force.z,8941.552701157312
0.32121598500000004,1785795404.087306616,/loadcell_data_filtered.wrench.force.z,8940.662461853644
0.32216224200000004,1785795404.088252873,/loadcell_data_filtered.wrench.force.z,8934.576080786786
0.322787095,1785795404.088877726,/loadcell_data_filtered.wrench.force.z,8930.142310886402
0.323324155,1785795404.089414786,/loadcell_data_filtered.wrench.force.z,8926.322478645277
0.323746115,1785795404.089836746,/loadcell_data_filtered.wrench.force.z,8923.498053391462
0.324210649,1785795404.090301280,/loadcell_data_filtered.wrench.force.z,8920.495409096828
0.32453901100000004,1785795404.090629642,/loadcell_data_filtered.wrench.force.z,8918.924744698052
0.325062532,1785795404.091153163,/loadcell_data_filtered.wrench.force.z,8918.167724823432
0.327959359,1785795404.094049990,/loadcell_data_filtered.wrench.force.z,8917.924195533818
0.328359777,1785795404.094450408,/loadcell_data_filtered.wrench.force.z,8918.531800936778
0.328615922,1785795404.094706553,/loadcell_data_filtered.wrench.force.z,8918.457004804884
0.32883853300000004,1785795404.094929164,/loadcell_data_filtered.wrench.force.z,8918.787290924423
0.329028453,1785795404.095119084,/loadcell_data_filtered.wrench.force.z,8914.17389337042
0.330058634,1785795404.096149265,/loadcell_data_filtered.wrench.force.z,8911.303181309779
0.33061328700000003,1785795404.096703918,/loadcell_data_filtered.wrench.force.z,8910.841169727953
0.330870103,1785795404.096960734,/loadcell_data_filtered.wrench.force.z,8910.877005957844
0.331146435,1785795404.097237066,/loadcell_data_filtered.wrench.force.z,8911.339526392445
0.331391696,1785795404.097482327,/loadcell_data_filtered.wrench.force.z,8915.846265224813
0.33160517300000003,1785795404.097695804,/loadcell_data_filtered.wrench.force.z,8920.211344125208
0.33183504,1785795404.097925671,/loadcell_data_filtered.wrench.force.z,8924.79178602057
0.332154861,1785795404.098245492,/loadcell_data_filtered.wrench.force.z,8928.311385102832
0.334574949,1785795404.100665580,/loadcell_data_filtered.wrench.force.z,8930.44197117124
0.335025373,1785795404.101116004,/loadcell_data_filtered.wrench.force.z,8932.94237175013
0.335372298,1785795404.101462929,/loadcell_data_filtered.wrench.force.z,8935.503880356857
0.335707339,1785795404.101797970,/loadcell_data_filtered.wrench.force.z,8937.167307837448
0.335984484,1785795404.102075115,/loadcell_data_filtered.wrench.force.z,8938.383158445698
0.33617972700000004,1785795404.102270358,/loadcell_data_filtered.wrench.force.z,8939.379404146604
0.336363485,1785795404.102454116,/loadcell_data_filtered.wrench.force.z,8940.616041206453
0.33653877800000004,1785795404.102629409,/loadcell_data_filtered.wrench.force.z,8941.02038673756
0.336708336,1785795404.102798967,/loadcell_data_filtered.wrench.force.z,8940.601600496102
0.338025222,1785795404.104115853,/loadcell_data_filtered.wrench.force.z,8941.23656643276
0.33823305000000004,1785795404.104323681,/loadcell_data_filtered.wrench.force.z,8941.738615029388
0.33838093700000005,1785795404.104471568,/loadcell_data_filtered.wrench.force.z,8942.389599527745
0.338515801,1785795404.104606432,/loadcell_data_filtered.wrench.force.z,8935.422716848872
0.338647731,1785795404.104738362,/loadcell_data_filtered.wrench.force.z,8930.975580631874
0.340148459,1785795404.106239090,/loadcell_data_filtered.wrench.force.z,8928.026725534539
0.34042602800000005,1785795404.106516659,/loadcell_data_filtered.wrench.force.z,8925.648382965233
0.34043316100000004,1785795404.106523792,/loadcell_data_filtered.wrench.force.z,8923.032983378607
0.340543089,1785795404.106633720,/loadcell_data_filtered.wrench.force.z,8914.05841496866
0.340661195,1785795404.106751826,/loadcell_data_filtered.wrench.force.z,8913.987878148142
0.34116854100000005,1785795404.107259172,/loadcell_data_filtered.wrench.force.z,8912.609114659885
0.341607991,1785795404.107698622,/loadcell_data_filtered.wrench.force.z,8913.527181702468
0.342133254,1785795404.108223885,/loadcell_data_filtered.wrench.force.z,8914.282308140184
0.342500044,1785795404.108590675,/loadcell_data_filtered.wrench.force.z,8915.01013437918
0.342850598,1785795404.108941229,/loadcell_data_filtered.wrench.force.z,8915.549747415287
0.34528435300000004,1785795404.111374984,/loadcell_data_filtered.wrench.force.z,8916.264032663217
0.3454664,1785795404.111557031,/loadcell_data_filtered.wrench.force.z,8916.89632982807
0.34561664200000003,1785795404.111707273,/loadcell_data_filtered.wrench.force.z,8917.644505962888
0.34574765500000004,1785795404.111838286,/loadcell_data_filtered.wrench.force.z,8912.851715764604
0.345937995,1785795404.112028626,/loadcell_data_filtered.wrench.force.z,8911.78050692605
0.346254033,1785795404.112344664,/loadcell_data_filtered.wrench.force.z,8911.677985772109
0.346543765,1785795404.112634396,/loadcell_data_filtered.wrench.force.z,8918.52936527827
0.347450963,1785795404.113541594,/loadcell_data_filtered.wrench.force.z,8922.296614502067
0.34772677700000004,1785795404.113817408,/loadcell_data_filtered.wrench.force.z,8926.61589063185
0.34815853100000005,1785795404.114249162,/loadcell_data_filtered.wrench.force.z,8929.73068507222
0.348728627,1785795404.114819258,/loadcell_data_filtered.wrench.force.z,8933.051589694314
0.34950603,1785795404.115596661,/loadcell_data_filtered.wrench.force.z,8934.70421693558
0.35006720900000005,1785795404.116157840,/loadcell_data_filtered.wrench.force.z,8936.068543105432
0.350551427,1785795404.116642058,/loadcell_data_filtered.wrench.force.z,8936.171854885712
0.351680388,1785795404.117771019,/loadcell_data_filtered.wrench.force.z,8936.15078855043
0.353486354,1785795404.119576985,/loadcell_data_filtered.wrench.force.z,8936.14799309119
0.354138473,1785795404.120229104,/loadcell_data_filtered.wrench.force.z,8935.94815177093
0.354714056,1785795404.120804687,/loadcell_data_filtered.wrench.force.z,8936.625378246792
0.35530685100000003,1785795404.121397482,/loadcell_data_filtered.wrench.force.z,8937.432848163895
0.355760391,1785795404.121851022,/loadcell_data_filtered.wrench.force.z,8938.015764406255
0.356168203,1785795404.122258834,/loadcell_data_filtered.wrench.force.z,8938.280117645932
0.35653779900000004,1785795404.122628430,/loadcell_data_filtered.wrench.force.z,8937.254348695498
0.35694337000000004,1785795404.123034001,/loadcell_data_filtered.wrench.force.z,8936.653264233442
0.35731796400000004,1785795404.123408595,/loadcell_data_filtered.wrench.force.z,8931.226610664055
0.35753368700000004,1785795404.123624318,/loadcell_data_filtered.wrench.force.z,8926.347171461151
0.357782596,1785795404.123873227,/loadcell_data_filtered.wrench.force.z,8923.051221434553
0.35805129,1785795404.124141921,/loadcell_data_filtered.wrench.force.z,8920.52478328638
0.35828067900000005,1785795404.124371310,/loadcell_data_filtered.wrench.force.z,8917.923122982133
0.35847902600000003,1785795404.124569657,/loadcell_data_filtered.wrench.force.z,8916.585617094936
0.358675434,1785795404.124766065,/loadcell_data_filtered.wrench.force.z,8909.977645902703
0.358867834,1785795404.124958465,/loadcell_data_filtered.wrench.force.z,8910.760755572233
0.359118253,1785795404.125208884,/loadcell_data_filtered.wrench.force.z,8910.320832520978
0.361322181,1785795404.127412812,/loadcell_data_filtered.wrench.force.z,8910.723863571875
0.36162287000000004,1785795404.127713501,/loadcell_data_filtered.wrench.force.z,8910.772567882741
0.361847065,1785795404.127937696,/loadcell_data_filtered.wrench.force.z,8910.886587164341
0.362132663,1785795404.128223294,/loadcell_data_filtered.wrench.force.z,8903.514585035115
0.362388109,1785795404.128478740,/loadcell_data_filtered.wrench.force.z,8904.039619768151
0.36262230300000003,1785795404.128712934,/loadcell_data_filtered.wrench.force.z,8903.517437450999
0.36285381800000005,1785795404.128944449,/loadcell_data_filtered.wrench.force.z,8903.397653585098
0.36592714600000004,1785795404.132017777,/loadcell_data_filtered.wrench.force.z,8908.110914670287
0.366903126,1785795404.132993757,/loadcell_data_filtered.wrench.force.z,8911.838279101694
0.367528024,1785795404.133618655,/loadcell_data_filtered.wrench.force.z,8917.059468967736
0.36811246000000003,1785795404.134203091,/loadcell_data_filtered.wrench.force.z,8921.650797211765
0.36836719900000003,1785795404.134457830,/loadcell_data_filtered.wrench.force.z,8925.755733370079
0.368759991,1785795404.134850622,/loadcell_data_filtered.wrench.force.z,8929.083919488425
0.36908197600000003,1785795404.135172607,/loadcell_data_filtered.wrench.force.z,8931.32735148093
0.369330563,1785795404.135421194,/loadcell_data_filtered.wrench.force.z,8931.912794221205
0.369558243,1785795404.135648874,/loadcell_data_filtered.wrench.force.z,8931.229723864079
0.369779054,1785795404.135869685,/loadcell_data_filtered.wrench.force.z,8930.690024285044
0.370031029,1785795404.136121660,/loadcell_data_filtered.wrench.force.z,8930.813979706945
0.370269295,1785795404.136359926,/loadcell_data_filtered.wrench.force.z,8931.068795681373
0.370493882,1785795404.136584513,/loadcell_data_filtered.wrench.force.z,8931.352061520687
0.370698442,1785795404.136789073,/loadcell_data_filtered.wrench.force.z,8931.649377502355
0.37092048600000005,1785795404.137011117,/loadcell_data_filtered.wrench.force.z,8931.731080074404
0.371248729,1785795404.137339360,/loadcell_data_filtered.wrench.force.z,8931.380054279873
0.37149092300000003,1785795404.137581554,/loadcell_data_filtered.wrench.force.z,8931.363982914923
0.37169364000000005,1785795404.137784271,/loadcell_data_filtered.wrench.force.z,8925.832828439863
0.372163679,1785795404.138254310,/loadcell_data_filtered.wrench.force.z,8922.226009935379
0.372457631,1785795404.138548262,/loadcell_data_filtered.wrench.force.z,8918.346158684113
0.37292146000000004,1785795404.139012091,/loadcell_data_filtered.wrench.force.z,8914.910481651876
0.373383937,1785795404.139474568,/loadcell_data_filtered.wrench.force.z,8912.299798377615
0.374140923,1785795404.140231554,/loadcell_data_filtered.wrench.force.z,8910.672328889252
0.374343166,1785795404.140433797,/loadcell_data_filtered.wrench.force.z,8909.284545302253
0.37483586500000005,1785795404.140926496,/loadcell_data_filtered.wrench.force.z,8909.393606846346
0.375515284,1785795404.141605915,/loadcell_data_filtered.wrench.force.z,8909.672817614433
0.37583952800000003,1785795404.141930159,/loadcell_data_filtered.wrench.force.z,8909.944718646102
0.37625736000000004,1785795404.142347991,/loadcell_data_filtered.wrench.force.z,8910.009623212363
0.377100541,1785795404.143191172,/loadcell_data_filtered.wrench.force.z,8909.877396232541
0.37732239100000003,1785795404.143413022,/loadcell_data_filtered.wrench.force.z,8910.018229832924
0.37778092100000005,1785795404.143871552,/loadcell_data_filtered.wrench.force.z,8909.809863615967
0.378209312,1785795404.144299943,/loadcell_data_filtered.wrench.force.z,8909.645657664883
0.378742623,1785795404.144833254,/loadcell_data_filtered.wrench.force.z,8909.474438114696
0.37931152300000004,1785795404.145402154,/loadcell_data_filtered.wrench.force.z,8910.033680005467
0.37978120800000004,1785795404.145871839,/loadcell_data_filtered.wrench.force.z,8916.439027435152
0.380329919,1785795404.146420550,/loadcell_data_filtered.wrench.force.z,8921.128662308554
0.380741133,1785795404.146831764,/loadcell_data_filtered.wrench.force.z,8925.275235763644
0.381201591,1785795404.147292222,/loadcell_data_filtered.wrench.force.z,8928.575102560342
0.381764667,1785795404.147855298,/loadcell_data_filtered.wrench.force.z,8932.33312313104
0.382569702,1785795404.148660333,/loadcell_data_filtered.wrench.force.z,8934.196194250004
0.382886675,1785795404.148977306,/loadcell_data_filtered.wrench.force.z,8935.605186818342
0.38420365500000003,1785795404.150294286,/loadcell_data_filtered.wrench.force.z,8936.380292446005
0.38581476400000003,1785795404.151905395,/loadcell_data_filtered.wrench.force.z,8937.070119936865
0.38602339300000005,1785795404.152114024,/loadcell_data_filtered.wrench.force.z,8938.778184330415
0.38619816900000004,1785795404.152288800,/loadcell_data_filtered.wrench.force.z,8939.543191057954
0.38637591600000004,1785795404.152466547,/loadcell_data_filtered.wrench.force.z,8940.781907276392
0.38752952100000004,1785795404.153620152,/loadcell_data_filtered.wrench.force.z,8941.43829076188
0.387709226,1785795404.153799857,/loadcell_data_filtered.wrench.force.z,8941.50458044482
0.387872315,1785795404.153962946,/loadcell_data_filtered.wrench.force.z,8941.745485678273
0.389953769,1785795404.156044400,/loadcell_data_filtered.wrench.force.z,8934.732199656733
0.39057806300000003,1785795404.156668694,/loadcell_data_filtered.wrench.force.z,8933.364501641936
0.390743165,1785795404.156833796,/loadcell_data_filtered.wrench.force.z,8928.565445890068
0.390888077,1785795404.156978708,/loadcell_data_filtered.wrench.force.z,8925.298479695279
0.39102150700000005,1785795404.157112138,/loadcell_data_filtered.wrench.force.z,8923.125632901647
0.391148522,1785795404.157239153,/loadcell_data_filtered.wrench.force.z,8921.30491081589
0.39127417400000003,1785795404.157364805,/loadcell_data_filtered.wrench.force.z,8919.669003366806
0.391398744,1785795404.157489375,/loadcell_data_filtered.wrench.force.z,8918.416766362689
0.391665241,1785795404.157755872,/loadcell_data_filtered.wrench.force.z,8916.974848660277
0.39179077900000003,1785795404.157881410,/loadcell_data_filtered.wrench.force.z,8917.724581730681
0.39312703600000004,1785795404.159217667,/loadcell_data_filtered.wrench.force.z,8917.878575589752
0.393251885,1785795404.159342516,/loadcell_data_filtered.wrench.force.z,8915.48512171416
0.39455698,1785795404.160647611,/loadcell_data_filtered.wrench.force.z,8910.310664144434
0.39501772500000004,1785795404.161108356,/loadcell_data_filtered.wrench.force.z,8910.19565398999
0.395197501,1785795404.161288132,/loadcell_data_filtered.wrench.force.z,8909.599501939234
0.39534118300000004,1785795404.161431814,/loadcell_data_filtered.wrench.force.z,8910.25032278672
0.39547618500000004,1785795404.161566816,/loadcell_data_filtered.wrench.force.z,8910.305849904646
0.39594285300000004,1785795404.162033484,/loadcell_data_filtered.wrench.force.z,8909.847234439152
0.39665587500000005,1785795404.162746506,/loadcell_data_filtered.wrench.force.z,8915.085268579458
0.397062106,1785795404.163152737,/loadcell_data_filtered.wrench.force.z,8918.405106887774
0.397323509,1785795404.163414140,/loadcell_data_filtered.wrench.force.z,8922.35212908252
0.397836397,1785795404.163927028,/loadcell_data_filtered.wrench.force.z,8925.574671386306
0.398551584,1785795404.164642215,/loadcell_data_filtered.wrench.force.z,8928.392860872702
0.40074352700000004,1785795404.166834158,/loadcell_data_filtered.wrench.force.z,8930.412789493617
0.402063675,1785795404.168154306,/loadcell_data_filtered.wrench.force.z,8931.741205664963
0.402104057,1785795404.168194688,/loadcell_data_filtered.wrench.force.z,8930.280457518656
0.40225513,1785795404.168345761,/loadcell_data_filtered.wrench.force.z,8926.144664972078
0.402745,1785795404.168835631,/loadcell_data_filtered.wrench.force.z,8927.545828459959
0.403209231,1785795404.169299862,/loadcell_data_filtered.wrench.force.z,8926.914445038292
0.40359627000000003,1785795404.169686901,/loadcell_data_filtered.wrench.force.z,8927.271697011258
0.40396785500000004,1785795404.170058486,/loadcell_data_filtered.wrench.force.z,8927.686309738709
0.404318355,1785795404.170408986,/loadcell_data_filtered.wrench.force.z,8928.07481595565
0.40457327800000004,1785795404.170663909,/loadcell_data_filtered.wrench.force.z,8928.299726486051
0.404802041,1785795404.170892672,/loadcell_data_filtered.wrench.force.z,8928.668742916894
0.40503697200000005,1785795404.171127603,/loadcell_data_filtered.wrench.force.z,8929.221587688895
0.40872140100000004,1785795404.174812032,/loadcell_data_filtered.wrench.force.z,8923.911614297926
0.40909715,1785795404.175187781,/loadcell_data_filtered.wrench.force.z,8920.698118926997
0.40935838300000005,1785795404.175449014,/loadcell_data_filtered.wrench.force.z,8917.03162337881
0.409557716,1785795404.175648347,/loadcell_data_filtered.wrench.force.z,8906.951686878996
0.409735699,1785795404.175826330,/loadcell_data_filtered.wrench.force.z,8904.764260929369
0.409913964,1785795404.176004595,/loadcell_data_filtered.wrench.force.z,8904.117704977663
0.410074151,1785795404.176164782,/loadcell_data_filtered.wrench.force.z,8903.652945355452
0.41024537400000005,1785795404.176336005,/loadcell_data_filtered.wrench.force.z,8904.51551208738
0.41041206900000005,1785795404.176502700,/loadcell_data_filtered.wrench.force.z,8905.445044254522
0.41057373700000005,1785795404.176664368,/loadcell_data_filtered.wrench.force.z,8905.549075226061
0.410729773,1785795404.176820404,/loadcell_data_filtered.wrench.force.z,8905.201072156633
0.41089699,1785795404.176987621,/loadcell_data_filtered.wrench.force.z,8904.799830463176
0.41407290700000005,1785795404.180163538,/loadcell_data_filtered.wrench.force.z,8904.890604783994
0.41443942500000003,1785795404.180530056,/loadcell_data_filtered.wrench.force.z,8904.99223803177
0.414743637,1785795404.180834268,/loadcell_data_filtered.wrench.force.z,8906.061736463547
0.41502029,1785795404.181110921,/loadcell_data_filtered.wrench.force.z,8906.768101409269
0.41530906700000003,1785795404.181399698,/loadcell_data_filtered.wrench.force.z,8907.60670009501
0.41563629300000005,1785795404.181726924,/loadcell_data_filtered.wrench.force.z,8914.56897718212
0.41596605400000003,1785795404.182056685,/loadcell_data_filtered.wrench.force.z,8920.091476506992
0.416325734,1785795404.182416365,/loadcell_data_filtered.wrench.force.z,8924.448002574398
0.416704966,1785795404.182795597,/loadcell_data_filtered.wrench.force.z,8926.265013852077
0.41810583700000004,1785795404.184196468,/loadcell_data_filtered.wrench.force.z,8929.190419109718
0.41813630700000004,1785795404.184226938,/loadcell_data_filtered.wrench.force.z,8930.6481671631
0.41814034400000005,1785795404.184230975,/loadcell_data_filtered.wrench.force.z,8931.42810692515
0.42173617900000004,1785795404.187826810,/loadcell_data_filtered.wrench.force.z,8932.224402472264
0.422385818,1785795404.188476449,/loadcell_data_filtered.wrench.force.z,8932.658557844961
0.422878012,1785795404.188968643,/loadcell_data_filtered.wrench.force.z,8933.199296140712
0.42329765100000005,1785795404.189388282,/loadcell_data_filtered.wrench.force.z,8933.42188498202
0.42365813,1785795404.189748761,/loadcell_data_filtered.wrench.force.z,8933.81724249832
0.424012867,1785795404.190103498,/loadcell_data_filtered.wrench.force.z,8934.110815271273
0.424810045,1785795404.190900676,/loadcell_data_filtered.wrench.force.z,8934.432660123959
0.42481873800000003,1785795404.190909369,/loadcell_data_filtered.wrench.force.z,8934.822415094233
0.42485033400000005,1785795404.190940965,/loadcell_data_filtered.wrench.force.z,8935.203656225007
0.42549552100000004,1785795404.191586152,/loadcell_data_filtered.wrench.force.z,8932.322872078596
0.426267638,1785795404.192358269,/loadcell_data_filtered.wrench.force.z,8928.747960296834
0.42643872400000005,1785795404.192529355,/loadcell_data_filtered.wrench.force.z,8924.735882486986
0.42683267,1785795404.192923301,/loadcell_data_filtered.wrench.force.z,8921.647735820758
0.427215964,1785795404.193306595,/loadcell_data_filtered.wrench.force.z,8919.019796386943
0.42790938500000003,1785795404.194000016,/loadcell_data_filtered.wrench.force.z,8916.8730529546
0.428197392,1785795404.194288023,/loadcell_data_filtered.wrench.force.z,8916.342431858047
0.428644195,1785795404.194734826,/loadcell_data_filtered.wrench.force.z,8915.401504375252
0.42915331500000004,1785795404.195243946,/loadcell_data_filtered.wrench.force.z,8915.515641550935
0.42959574100000003,1785795404.195686372,/loadcell_data_filtered.wrench.force.z,8915.777234198085
0.430007654,1785795404.196098285,/loadcell_data_filtered.wrench.force.z,8915.248807541697
0.43038361300000005,1785795404.196474244,/loadcell_data_filtered.wrench.force.z,8914.865551457731
0.43066548400000004,1785795404.196756115,/loadcell_data_filtered.wrench.force.z,8914.400148406381
0.43093561100000005,1785795404.197026242,/loadcell_data_filtered.wrench.force.z,8913.668948361365
0.43116074800000004,1785795404.197251379,/loadcell_data_filtered.wrench.force.z,8913.292239555396
0.431392692,1785795404.197483323,/loadcell_data_filtered.wrench.force.z,8912.905577247082
0.43160815100000005,1785795404.197698782,/loadcell_data_filtered.wrench.force.z,8913.136040016592
0.431828227,1785795404.197918858,/loadcell_data_filtered.wrench.force.z,8918.606188902671
0.432089543,1785795404.198180174,/loadcell_data_filtered.wrench.force.z,8922.491168959921
0.432400585,1785795404.198491216,/loadcell_data_filtered.wrench.force.z,8926.080600425255
0.43574231500000005,1785795404.201832946,/loadcell_data_filtered.wrench.force.z,8928.618478090448
0.43607949900000004,1785795404.202170130,/loadcell_data_filtered.wrench.force.z,8930.902766387782
0.436292025,1785795404.202382656,/loadcell_data_filtered.wrench.force.z,8932.440510147964
0.43648115200000004,1785795404.202571783,/loadcell_data_filtered.wrench.force.z,8933.949770452267
0.43665231200000004,1785795404.202742943,/loadcell_data_filtered.wrench.force.z,8934.533976189223
0.43685020900000004,1785795404.202940840,/loadcell_data_filtered.wrench.force.z,8935.250313077637
0.43716528000000004,1785795404.203255911,/loadcell_data_filtered.wrench.force.z,8936.13466479445
0.437469792,1785795404.203560423,/loadcell_data_filtered.wrench.force.z,8933.19204328566
0.437739741,1785795404.203830372,/loadcell_data_filtered.wrench.force.z,8930.132278662491
0.43808469400000005,1785795404.204175325,/loadcell_data_filtered.wrench.force.z,8930.831483572907
0.438395482,1785795404.204486113,/loadcell_data_filtered.wrench.force.z,8929.303270799375
0.438655895,1785795404.204746526,/loadcell_data_filtered.wrench.force.z,8929.04585222876
0.43888016500000004,1785795404.204970796,/loadcell_data_filtered.wrench.force.z,8928.835211085589
0.43927638700000005,1785795404.205367018,/loadcell_data_filtered.wrench.force.z,8928.531615998385
0.43962609700000005,1785795404.205716728,/loadcell_data_filtered.wrench.force.z,8922.982305134994
0.439842756,1785795404.205933387,/loadcell_data_filtered.wrench.force.z,8919.229276493319
0.440087324,1785795404.206177955,/loadcell_data_filtered.wrench.force.z,8915.998111934245
0.440333637,1785795404.206424268,/loadcell_data_filtered.wrench.force.z,8913.086206087297
0.44064113600000004,1785795404.206731767,/loadcell_data_filtered.wrench.force.z,8910.111526536326
0.44116998500000004,1785795404.207260616,/loadcell_data_filtered.wrench.force.z,8908.949350211391
0.441559815,1785795404.207650446,/loadcell_data_filtered.wrench.force.z,8908.178036270307
0.44175117300000005,1785795404.207841804,/loadcell_data_filtered.wrench.force.z,8908.164439672151
0.441986203,1785795404.208076834,/loadcell_data_filtered.wrench.force.z,8909.093990356057
0.44258959800000003,1785795404.208680229,/loadcell_data_filtered.wrench.force.z,8908.956109158386
0.442924967,1785795404.209015598,/loadcell_data_filtered.wrench.force.z,8908.786585887447
0.44368159700000004,1785795404.209772228,/loadcell_data_filtered.wrench.force.z,8908.451365510084
0.44401476700000003,1785795404.210105398,/loadcell_data_filtered.wrench.force.z,8908.36562366788
0.444988963,1785795404.211079594,/loadcell_data_filtered.wrench.force.z,8908.830234522815
0.445383705,1785795404.211474336,/loadcell_data_filtered.wrench.force.z,8909.207946502343
0.44633715500000004,1785795404.212427786,/loadcell_data_filtered.wrench.force.z,8909.45153218523
0.446599218,1785795404.212689849,/loadcell_data_filtered.wrench.force.z,8910.587192761353
0.44676501900000004,1785795404.212855650,/loadcell_data_filtered.wrench.force.z,8917.53795646383
0.44709732500000005,1785795404.213187956,/loadcell_data_filtered.wrench.force.z,8922.950456872566
0.44774370100000005,1785795404.213834332,/loadcell_data_filtered.wrench.force.z,8927.446431586512
0.45053393100000005,1785795404.216624562,/loadcell_data_filtered.wrench.force.z,8930.574177445524
0.45083176700000005,1785795404.216922398,/loadcell_data_filtered.wrench.force.z,8933.534094872888
0.45102300500000003,1785795404.217113636,/loadcell_data_filtered.wrench.force.z,8935.869746454766
0.45122845300000003,1785795404.217319084,/loadcell_data_filtered.wrench.force.z,8937.072101469232
0.45142084200000004,1785795404.217511473,/loadcell_data_filtered.wrench.force.z,8930.618341425146
0.45159567,1785795404.217686301,/loadcell_data_filtered.wrench.force.z,8932.03190742305
0.45184463500000005,1785795404.217935266,/loadcell_data_filtered.wrench.force.z,8932.381196860399
0.452059694,1785795404.218150325,/loadcell_data_filtered.wrench.force.z,8933.139373440423
0.45223817600000005,1785795404.218328807,/loadcell_data_filtered.wrench.force.z,8934.237801201029
0.45258842000000005,1785795404.218679051,/loadcell_data_filtered.wrench.force.z,8934.723219686655
0.45300881000000004,1785795404.219099441,/loadcell_data_filtered.wrench.force.z,8935.307972514785
0.45512841000000004,1785795404.221219041,/loadcell_data_filtered.wrench.force.z,8935.568392659978
0.45551327500000005,1785795404.221603906,/loadcell_data_filtered.wrench.force.z,8935.680592122611
0.45563258300000004,1785795404.221723214,/loadcell_data_filtered.wrench.force.z,8932.201295433983
0.45575012600000003,1785795404.221840757,/loadcell_data_filtered.wrench.force.z,8930.187911393903
0.455863004,1785795404.221953635,/loadcell_data_filtered.wrench.force.z,8927.128635759069
0.45621496300000003,1785795404.222305594,/loadcell_data_filtered.wrench.force.z,8924.279934697659
0.456774473,1785795404.222865104,/loadcell_data_filtered.wrench.force.z,8921.432828081382
0.45712812500000005,1785795404.223218756,/loadcell_data_filtered.wrench.force.z,8919.798697963735
0.457408458,1785795404.223499089,/loadcell_data_filtered.wrench.force.z,8919.353691103526
0.45786815500000005,1785795404.223958786,/loadcell_data_filtered.wrench.force.z,8919.732540090004
0.458614071,1785795404.224704702,/loadcell_data_filtered.wrench.force.z,8920.085530526008
0.458899714,1785795404.224990345,/loadcell_data_filtered.wrench.force.z,8920.13958261098
0.45956688500000004,1785795404.225657516,/loadcell_data_filtered.wrench.force.z,8920.265398015112
0.46057748200000004,1785795404.226668113,/loadcell_data_filtered.wrench.force.z,8920.010088476283
0.46086298800000003,1785795404.226953619,/loadcell_data_filtered.wrench.force.z,8919.6007388692
0.46269066900000005,1785795404.228781300,/loadcell_data_filtered.wrench.force.z,8919.727523180401
0.462821794,1785795404.228912425,/loadcell_data_filtered.wrench.force.z,8919.739094622042
0.46293819700000005,1785795404.229028828,/loadcell_data_filtered.wrench.force.z,8919.955666955922
0.46305198700000005,1785795404.229142618,/loadcell_data_filtered.wrench.force.z,8913.589853725109
0.463175624,1785795404.229266255,/loadcell_data_filtered.wrench.force.z,8919.648119478486
0.463892897,1785795404.229983528,/loadcell_data_filtered.wrench.force.z,8922.742244817196
0.46466866500000004,1785795404.230759296,/loadcell_data_filtered.wrench.force.z,8926.947703868385
0.46525961800000004,1785795404.231350249,/loadcell_data_filtered.wrench.force.z,8930.937214034031
0.465834827,1785795404.231925458,/loadcell_data_filtered.wrench.force.z,8933.934810742352
0.466779257,1785795404.232869888,/loadcell_data_filtered.wrench.force.z,8935.723399613209
0.46733931500000003,1785795404.233429946,/loadcell_data_filtered.wrench.force.z,8937.221833478137
0.46788066,1785795404.233971291,/loadcell_data_filtered.wrench.force.z,8938.440110135809
0.468362323,1785795404.234452954,/loadcell_data_filtered.wrench.force.z,8939.046188383167
0.468901724,1785795404.234992355,/loadcell_data_filtered.wrench.force.z,8939.306123056242
0.46929609600000005,1785795404.235386727,/loadcell_data_filtered.wrench.force.z,8939.67677308719
0.469657859,1785795404.235748490,/loadcell_data_filtered.wrench.force.z,8940.448942423634
0.47005927300000006,1785795404.236149904,/loadcell_data_filtered.wrench.force.z,8941.155140507502
0.470325894,1785795404.236416525,/loadcell_data_filtered.wrench.force.z,8941.755452138912
0.47178678,1785795404.237877411,/loadcell_data_filtered.wrench.force.z,8942.3118873213
0.472338745,1785795404.238429376,/loadcell_data_filtered.wrench.force.z,8943.057288885479
0.472784876,1785795404.238875507,/loadcell_data_filtered.wrench.force.z,8943.381242759588
0.47336064400000005,1785795404.239451275,/loadcell_data_filtered.wrench.force.z,8938.433860368892
0.47399431700000005,1785795404.240084948,/loadcell_data_filtered.wrench.force.z,8935.25479741721
0.47444010700000006,1785795404.240530738,/loadcell_data_filtered.wrench.force.z,8931.015595108547
0.474829178,1785795404.240919809,/loadcell_data_filtered.wrench.force.z,8928.025917597086
0.475223759,1785795404.241314390,/loadcell_data_filtered.wrench.force.z,8925.444005657957
0.475603684,1785795404.241694315,/loadcell_data_filtered.wrench.force.z,8924.252343409247
0.476016641,1785795404.242107272,/loadcell_data_filtered.wrench.force.z,8923.705450018873
0.47659277400000005,1785795404.242683405,/loadcell_data_filtered.wrench.force.z,8923.410853301619
0.47724461500000004,1785795404.243335246,/loadcell_data_filtered.wrench.force.z,8923.238727803373
0.478471332,1785795404.244561963,/loadcell_data_filtered.wrench.force.z,8923.228516586229
0.479012307,1785795404.245102938,/loadcell_data_filtered.wrench.force.z,8923.132118638583
0.47950988200000005,1785795404.245600513,/loadcell_data_filtered.wrench.force.z,8922.644754669995
0.47997179300000004,1785795404.246062424,/loadcell_data_filtered.wrench.force.z,8917.740380125908
0.48032465,1785795404.246415281,/loadcell_data_filtered.wrench.force.z,8915.629769549767
0.48064401,1785795404.246734641,/loadcell_data_filtered.wrench.force.z,8914.538731009978
0.48098795400000005,1785795404.247078585,/loadcell_data_filtered.wrench.force.z,8914.31110444151
0.481312273,1785795404.247402904,/loadcell_data_filtered.wrench.force.z,8915.877981032823
0.48162994600000003,1785795404.247720577,/loadcell_data_filtered.wrench.force.z,8916.415793266844
0.481963079,1785795404.248053710,/loadcell_data_filtered.wrench.force.z,8918.979988032037
0.48220664300000005,1785795404.248297274,/loadcell_data_filtered.wrench.force.z,8921.840912976759
0.482415211,1785795404.248505842,/loadcell_data_filtered.wrench.force.z,8924.542180749198
0.482640952,1785795404.248731583,/loadcell_data_filtered.wrench.force.z,8926.696813826306
0.48284848,1785795404.248939111,/loadcell_data_filtered.wrench.force.z,8920.91474996213
0.483065852,1785795404.249156483,/loadcell_data_filtered.wrench.force.z,8921.436151354039
0.483506115,1785795404.249596746,/loadcell_data_filtered.wrench.force.z,8921.14219528473
0.48412578500000003,1785795404.250216416,/loadcell_data_filtered.wrench.force.z,8921.408417747562
0.48478497200000004,1785795404.250875603,/loadcell_data_filtered.wrench.force.z,8921.73874608631
0.488716806,1785795404.254807437,/loadcell_data_filtered.wrench.force.z,8921.853202911689
0.48938123200000005,1785795404.255471863,/loadcell_data_filtered.wrench.force.z,8922.724383743449
0.48971277300000005,1785795404.255803404,/loadcell_data_filtered.wrench.force.z,8922.743803540796
0.49002034800000005,1785795404.256110979,/loadcell_data_filtered.wrench.force.z,8923.652680626248
0.49037200000000003,1785795404.256462631,/loadcell_data_filtered.wrench.force.z,8924.642410070092
0.490568767,1785795404.256659398,/loadcell_data_filtered.wrench.force.z,8921.462556803974
0.490814163,1785795404.256904794,/loadcell_data_filtered.wrench.force.z,8913.747913866
0.491068384,1785795404.257159015,/loadcell_data_filtered.wrench.force.z,8910.716825162792
0.49131737100000006,1785795404.257408002,/loadcell_data_filtered.wrench.force.z,8906.009557342286
0.491557569,1785795404.257648200,/loadcell_data_filtered.wrench.force.z,8903.429981243331
0.491810715,1785795404.257901346,/loadcell_data_filtered.wrench.force.z,8900.880990630321
0.49206798100000004,1785795404.258158612,/loadcell_data_filtered.wrench.force.z,8899.835540084257
0.49240103500000004,1785795404.258491666,/loadcell_data_filtered.wrench.force.z,8899.05027576511
0.49262300700000006,1785795404.258713638,/loadcell_data_filtered.wrench.force.z,8899.980542542997
0.494117024,1785795404.260207655,/loadcell_data_filtered.wrench.force.z,8901.436358658306
0.49412882700000005,1785795404.260219458,/loadcell_data_filtered.wrench.force.z,8902.373024435772
0.49556256000000004,1785795404.261653191,/loadcell_data_filtered.wrench.force.z,8903.742041870637
0.495975922,1785795404.262066553,/loadcell_data_filtered.wrench.force.z,8904.344915295898
0.49628261100000004,1785795404.262373242,/loadcell_data_filtered.wrench.force.z,8904.871013738704
0.49657128800000006,1785795404.262661919,/loadcell_data_filtered.wrench.force.z,8905.737612409472
0.496874497,1785795404.262965128,/loadcell_data_filtered.wrench.force.z,8906.749366666623
0.497188118,1785795404.263278749,/loadcell_data_filtered.wrench.force.z,8907.400427397699
0.49743989000000005,1785795404.263530521,/loadcell_data_filtered.wrench.force.z,8907.86418497036
0.49773236400000004,1785795404.263822995,/loadcell_data_filtered.wrench.force.z,8914.357258301994
0.498082146,1785795404.264172777,/loadcell_data_filtered.wrench.force.z,8918.909670159095
0.498359343,1785795404.264449974,/loadcell_data_filtered.wrench.force.z,8923.701139657716
0.49862855300000003,1785795404.264719184,/loadcell_data_filtered.wrench.force.z,8927.082212056484
0.49891659400000005,1785795404.265007225,/loadcell_data_filtered.wrench.force.z,8930.424811565528
0.499173794,1785795404.265264425,/loadcell_data_filtered.wrench.force.z,8932.026380564539
0.49956901400000003,1785795404.265659645,/loadcell_data_filtered.wrench.force.z,8933.72164437369
0.500006175,1785795404.266096806,/loadcell_data_filtered.wrench.force.z,8933.238256702632
0.500698302,1785795404.266788933,/loadcell_data_filtered.wrench.force.z,8933.794706121063
0.501113616,1785795404.267204247,/loadcell_data_filtered.wrench.force.z,8933.945242352314
0.501342645,1785795404.267433276,/loadcell_data_filtered.wrench.force.z,8934.271141602761
0.502135023,1785795404.268225654,/loadcell_data_filtered.wrench.force.z,8934.485341990685
0.502657616,1785795404.268748247,/loadcell_data_filtered.wrench.force.z,8934.594855282012
0.503046748,1785795404.269137379,/loadcell_data_filtered.wrench.force.z,8934.468088047019
0.503544093,1785795404.269634724,/loadcell_data_filtered.wrench.force.z,8934.165387696581
0.50413487,1785795404.270225501,/loadcell_data_filtered.wrench.force.z,8933.5339165804
0.50443252,1785795404.270523151,/loadcell_data_filtered.wrench.force.z,8933.182808364738
0.505394923,1785795404.271485554,/loadcell_data_filtered.wrench.force.z,8926.944282006334
0.505765777,1785795404.271856408,/loadcell_data_filtered.wrench.force.z,8922.673849860317
0.506249013,1785795404.272339644,/loadcell_data_filtered.wrench.force.z,8918.39680978856
0.506597629,1785795404.272688260,/loadcell_data_filtered.wrench.force.z,8915.249147762728
0.5068496720000001,1785795404.272940303,/loadcell_data_filtered.wrench.force.z,8912.57650422207
0.507540852,1785795404.273631483,/loadcell_data_filtered.wrench.force.z,8910.589973622771
0.507950039,1785795404.274040670,/loadcell_data_filtered.wrench.force.z,8910.004549534939
0.508517812,1785795404.274608443,/loadcell_data_filtered.wrench.force.z,8909.778440346237
0.508964203,1785795404.275054834,/loadcell_data_filtered.wrench.force.z,8909.993537912016
0.5096098520000001,1785795404.275700483,/loadcell_data_filtered.wrench.force.z,8910.26542952768
0.5101103650000001,1785795404.276200996,/loadcell_data_filtered.wrench.force.z,8910.447563691721
0.5103976170000001,1785795404.276488248,/loadcell_data_filtered.wrench.force.z,8909.937713718018
0.512143816,1785795404.278234447,/loadcell_data_filtered.wrench.force.z,8909.654502521946
0.512264056,1785795404.278354687,/loadcell_data_filtered.wrench.force.z,8909.110487938782
0.512380322,1785795404.278470953,/loadcell_data_filtered.wrench.force.z,8909.197865862683
0.514989506,1785795404.281080137,/loadcell_data_filtered.wrench.force.z,8909.485829831438
0.5161942540000001,1785795404.282284885,/loadcell_data_filtered.wrench.force.z,8913.094436896454
0.5165183710000001,1785795404.282609002,/loadcell_data_filtered.wrench.force.z,8918.566495537187
0.516766312,1785795404.282856943,/loadcell_data_filtered.wrench.force.z,8924.519271215466
0.5170311280000001,1785795404.283121759,/loadcell_data_filtered.wrench.force.z,8929.608769044029
0.5172875920000001,1785795404.283378223,/loadcell_data_filtered.wrench.force.z,8933.990194122858
0.517593253,1785795404.283683884,/loadcell_data_filtered.wrench.force.z,8938.102377138948
0.51783142,1785795404.283922051,/loadcell_data_filtered.wrench.force.z,8940.125851059809
0.518089687,1785795404.284180318,/loadcell_data_filtered.wrench.force.z,8940.702674946557
0.5183082640000001,1785795404.284398895,/loadcell_data_filtered.wrench.force.z,8941.885382164894
0.518917112,1785795404.285007743,/loadcell_data_filtered.wrench.force.z,8942.526347526864
0.518934919,1785795404.285025550,/loadcell_data_filtered.wrench.force.z,8943.477476566677
0.519742245,1785795404.285832876,/loadcell_data_filtered.wrench.force.z,8944.204552768335
0.5203340830000001,1785795404.286424714,/loadcell_data_filtered.wrench.force.z,8945.131163335485
0.5207922180000001,1785795404.286882849,/loadcell_data_filtered.wrench.force.z,8946.08091582651
0.521207598,1785795404.287298229,/loadcell_data_filtered.wrench.force.z,8946.799633377163
0.521567887,1785795404.287658518,/loadcell_data_filtered.wrench.force.z,8947.406030058319
0.5219232380000001,1785795404.288013869,/loadcell_data_filtered.wrench.force.z,8948.12187590052
0.5222839140000001,1785795404.288374545,/loadcell_data_filtered.wrench.force.z,8942.945103610864
0.522629719,1785795404.288720350,/loadcell_data_filtered.wrench.force.z,8940.41333638199
0.522991568,1785795404.289082199,/loadcell_data_filtered.wrench.force.z,8937.026951855278
0.5233891580000001,1785795404.289479789,/loadcell_data_filtered.wrench.force.z,8934.258858653544
0.523834978,1785795404.289925609,/loadcell_data_filtered.wrench.force.z,8931.925468116615
0.524262933,1785795404.290353564,/loadcell_data_filtered.wrench.force.z,8930.18006282157
0.5271138320000001,1785795404.293204463,/loadcell_data_filtered.wrench.force.z,8928.466440915994
0.527526802,1785795404.293617433,/loadcell_data_filtered.wrench.force.z,8928.628834931478
0.52770236,1785795404.293792991,/loadcell_data_filtered.wrench.force.z,8929.70398012567
0.5278770110000001,1785795404.293967642,/loadcell_data_filtered.wrench.force.z,8930.533653108463
0.528059877,1785795404.294150508,/loadcell_data_filtered.wrench.force.z,8931.372679803913
0.5282551790000001,1785795404.294345810,/loadcell_data_filtered.wrench.force.z,8932.034495441121
0.528491104,1785795404.294581735,/loadcell_data_filtered.wrench.force.z,8932.38379328463
0.528752066,1785795404.294842697,/loadcell_data_filtered.wrench.force.z,8931.54348990938
0.529001885,1785795404.295092516,/loadcell_data_filtered.wrench.force.z,8930.522180354063
0.5292267700000001,1785795404.295317401,/loadcell_data_filtered.wrench.force.z,8930.383339626356
0.5294839760000001,1785795404.295574607,/loadcell_data_filtered.wrench.force.z,8930.835451836867
0.5297477220000001,1785795404.295838353,/loadcell_data_filtered.wrench.force.z,8936.654275905887
0.530297019,1785795404.296387650,/loadcell_data_filtered.wrench.force.z,8940.661312811875
0.530730845,1785795404.296821476,/loadcell_data_filtered.wrench.force.z,8944.303044658149
0.531237189,1785795404.297327820,/loadcell_data_filtered.wrench.force.z,8947.580070304903
0.535416934,1785795404.301507565,/loadcell_data_filtered.wrench.force.z,8950.682804999717
0.5358688070000001,1785795404.301959438,/loadcell_data_filtered.wrench.force.z,8952.111394925361
0.536248548,1785795404.302339179,/loadcell_data_filtered.wrench.force.z,8954.002617454982
0.536584681,1785795404.302675312,/loadcell_data_filtered.wrench.force.z,8955.278082191624
0.536892147,1785795404.302982778,/loadcell_data_filtered.wrench.force.z,8956.429137040379
0.5372056230000001,1785795404.303296254,/loadcell_data_filtered.wrench.force.z,8957.446167790025
0.537471942,1785795404.303562573,/loadcell_data_filtered.wrench.force.z,8958.270983745364
0.537729635,1785795404.303820266,/loadcell_data_filtered.wrench.force.z,8959.89306458271
0.538062017,1785795404.304152648,/loadcell_data_filtered.wrench.force.z,8959.818371199894
0.53844154,1785795404.304532171,/loadcell_data_filtered.wrench.force.z,8959.053562705745
0.53882125,1785795404.304911881,/loadcell_data_filtered.wrench.force.z,8959.051470676159
0.5393606950000001,1785795404.305451326,/loadcell_data_filtered.wrench.force.z,8959.139295753857
0.539793261,1785795404.305883892,/loadcell_data_filtered.wrench.force.z,8958.471234490098
0.5402065930000001,1785795404.306297224,/loadcell_data_filtered.wrench.force.z,8952.520728456735
0.5405948620000001,1785795404.306685493,/loadcell_data_filtered.wrench.force.z,8948.152107329195
0.5409730650000001,1785795404.307063696,/loadcell_data_filtered.wrench.force.z,8944.464559371241
0.541332013,1785795404.307422644,/loadcell_data_filtered.wrench.force.z,8941.209600218393
0.5416668370000001,1785795404.307757468,/loadcell_data_filtered.wrench.force.z,8937.85277654123
0.5419685240000001,1785795404.308059155,/loadcell_data_filtered.wrench.force.z,8936.180940058093
0.542273629,1785795404.308364260,/loadcell_data_filtered.wrench.force.z,8935.575381540128
0.5425679830000001,1785795404.308658614,/loadcell_data_filtered.wrench.force.z,8935.62205514627
0.544053388,1785795404.310144019,/loadcell_data_filtered.wrench.force.z,8935.461465370057
0.54452288,1785795404.310613511,/loadcell_data_filtered.wrench.force.z,8935.075230712904
0.545224319,1785795404.311314950,/loadcell_data_filtered.wrench.force.z,8934.650538405343
0.5453051870000001,1785795404.311395818,/loadcell_data_filtered.wrench.force.z,8934.086300174673
0.545687789,1785795404.311778420,/loadcell_data_filtered.wrench.force.z,8933.43043127117
0.545982188,1785795404.312072819,/loadcell_data_filtered.wrench.force.z,8932.71497489373
0.546302892,1785795404.312393523,/loadcell_data_filtered.wrench.force.z,8932.122423622797
0.546618574,1785795404.312709205,/loadcell_data_filtered.wrench.force.z,8931.835074690129
0.546951077,1785795404.313041708,/loadcell_data_filtered.wrench.force.z,8935.435101732372
0.547238137,1785795404.313328768,/loadcell_data_filtered.wrench.force.z,8939.218573385295
0.5474858920000001,1785795404.313576523,/loadcell_data_filtered.wrench.force.z,8943.528044784956
0.5477395580000001,1785795404.313830189,/loadcell_data_filtered.wrench.force.z,8946.716883375942
0.548076393,1785795404.314167024,/loadcell_data_filtered.wrench.force.z,8949.756767181043
0.548751671,1785795404.314842302,/loadcell_data_filtered.wrench.force.z,8952.100249856023
0.549374321,1785795404.315464952,/loadcell_data_filtered.wrench.force.z,8953.22211240739
0.54978792,1785795404.315878551,/loadcell_data_filtered.wrench.force.z,8953.505830936883
0.550536346,1785795404.316626977,/loadcell_data_filtered.wrench.force.z,8953.651396620015
0.551978321,1785795404.318068952,/loadcell_data_filtered.wrench.force.z,8954.055171481745
0.5537126410000001,1785795404.319803272,/loadcell_data_filtered.wrench.force.z,8954.374903790102
0.5537203350000001,1785795404.319810966,/loadcell_data_filtered.wrench.force.z,8954.74127334378
0.553723665,1785795404.319814296,/loadcell_data_filtered.wrench.force.z,8955.67270326927
0.5539267370000001,1785795404.320017368,/loadcell_data_filtered.wrench.force.z,8956.372003276712
0.555915628,1785795404.322006259,/loadcell_data_filtered.wrench.force.z,8956.770638390932
0.555926396,1785795404.322017027,/loadcell_data_filtered.wrench.force.z,8957.060365118718
0.555929754,1785795404.322020385,/loadcell_data_filtered.wrench.force.z,8957.403017285566
0.55657999,1785795404.322670621,/loadcell_data_filtered.wrench.force.z,8952.588166522664
0.5568917640000001,1785795404.322982395,/loadcell_data_filtered.wrench.force.z,8949.971972414427
0.5571459830000001,1785795404.323236614,/loadcell_data_filtered.wrench.force.z,8946.24788322409
0.5578082480000001,1785795404.323898879,/loadcell_data_filtered.wrench.force.z,8943.65033084372
0.5583282270000001,1785795404.324418858,/loadcell_data_filtered.wrench.force.z,8941.118306360519
0.5586626140000001,1785795404.324753245,/loadcell_data_filtered.wrench.force.z,8940.630289666444
0.55887432,1785795404.324964951,/loadcell_data_filtered.wrench.force.z,8939.950340255993
0.559134659,1785795404.325225290,/loadcell_data_filtered.wrench.force.z,8941.103324901447
0.559408,1785795404.325498631,/loadcell_data_filtered.wrench.force.z,8941.184629418975
0.5596992590000001,1785795404.325789890,/loadcell_data_filtered.wrench.force.z,8941.347146278451
0.559975456,1785795404.326066087,/loadcell_data_filtered.wrench.force.z,8940.883879078667
0.5602174400000001,1785795404.326308071,/loadcell_data_filtered.wrench.force.z,8941.08304833521
0.560756405,1785795404.326847036,/loadcell_data_filtered.wrench.force.z,8941.128253507964
0.562686578,1785795404.328777209,/loadcell_data_filtered.wrench.force.z,8941.13710413071
0.563086119,1785795404.329176750,/loadcell_data_filtered.wrench.force.z,8941.117817779428
0.5632890190000001,1785795404.329379650,/loadcell_data_filtered.wrench.force.z,8939.942443534534
0.563470323,1785795404.329560954,/loadcell_data_filtered.wrench.force.z,8934.342852406215
0.563638953,1785795404.329729584,/loadcell_data_filtered.wrench.force.z,8940.833139471857
0.566135844,1785795404.332226475,/loadcell_data_filtered.wrench.force.z,8944.195146530416
0.566552069,1785795404.332642700,/loadcell_data_filtered.wrench.force.z,8948.273497701719
0.5669418740000001,1785795404.333032505,/loadcell_data_filtered.wrench.force.z,8951.296866732568
0.567363877,1785795404.333454508,/loadcell_data_filtered.wrench.force.z,8947.769700233293
0.567817134,1785795404.333907765,/loadcell_data_filtered.wrench.force.z,8949.909493867299
0.568301307,1785795404.334391938,/loadcell_data_filtered.wrench.force.z,8951.485082788677
0.5686816090000001,1785795404.334772240,/loadcell_data_filtered.wrench.force.z,8951.500302979892
0.569036274,1785795404.335126905,/loadcell_data_filtered.wrench.force.z,8951.602511641771
0.569328155,1785795404.335418786,/loadcell_data_filtered.wrench.force.z,8952.077684666498
0.569622486,1785795404.335713117,/loadcell_data_filtered.wrench.force.z,8952.145944237804
0.569896623,1785795404.335987254,/loadcell_data_filtered.wrench.force.z,8952.32799395912
0.570134111,1785795404.336224742,/loadcell_data_filtered.wrench.force.z,8952.75939854963
0.570318255,1785795404.336408886,/loadcell_data_filtered.wrench.force.z,8953.501085102836
0.570485144,1785795404.336575775,/loadcell_data_filtered.wrench.force.z,8954.09812080748
0.5706427540000001,1785795404.336733385,/loadcell_data_filtered.wrench.force.z,8954.000784079653
0.574420907,1785795404.340511538,/loadcell_data_filtered.wrench.force.z,8953.212214224059
0.574633539,1785795404.340724170,/loadcell_data_filtered.wrench.force.z,8948.346879152481
0.5747574470000001,1785795404.340848078,/loadcell_data_filtered.wrench.force.z,8944.363182693985
0.57490481,1785795404.340995441,/loadcell_data_filtered.wrench.force.z,8937.538688423443
0.575073202,1785795404.341163833,/loadcell_data_filtered.wrench.force.z,8931.946626147776
0.575278839,1785795404.341369470,/loadcell_data_filtered.wrench.force.z,8929.508957603892
0.575475858,1785795404.341566489,/loadcell_data_filtered.wrench.force.z,8928.760667642207
0.575672949,1785795404.341763580,/loadcell_data_filtered.wrench.force.z,8928.940308143667
0.575866007,1785795404.341956638,/loadcell_data_filtered.wrench.force.z,8928.583014022623
0.576068741,1785795404.342159372,/loadcell_data_filtered.wrench.force.z,8928.888261192285
0.57619852,1785795404.342289151,/loadcell_data_filtered.wrench.force.z,8928.083871172594
0.5764761860000001,1785795404.342566817,/loadcell_data_filtered.wrench.force.z,8927.992659136838
0.5770603400000001,1785795404.343150971,/loadcell_data_filtered.wrench.force.z,8927.533309888819
0.577542969,1785795404.343633600,/loadcell_data_filtered.wrench.force.z,8927.411017205002
0.5778773730000001,1785795404.343968004,/loadcell_data_filtered.wrench.force.z,8927.396254433801
0.580125365,1785795404.346215996,/loadcell_data_filtered.wrench.force.z,8927.299180466438
0.580273409,1785795404.346364040,/loadcell_data_filtered.wrench.force.z,8927.084286338442
0.5803952450000001,1785795404.346485876,/loadcell_data_filtered.wrench.force.z,8931.741955427115
0.580521865,1785795404.346612496,/loadcell_data_filtered.wrench.force.z,8927.91323119565
0.5806492470000001,1785795404.346739878,/loadcell_data_filtered.wrench.force.z,8932.204590968264
0.581310874,1785795404.347401505,/loadcell_data_filtered.wrench.force.z,8935.139303328397
0.5815444980000001,1785795404.347635129,/loadcell_data_filtered.wrench.force.z,8937.596779544174
0.5820529200000001,1785795404.348143551,/loadcell_data_filtered.wrench.force.z,8939.449006854726
0.582956401,1785795404.349047032,/loadcell_data_filtered.wrench.force.z,8940.360272926528
0.583366968,1785795404.349457599,/loadcell_data_filtered.wrench.force.z,8940.704708237854
0.58381978,1785795404.349910411,/loadcell_data_filtered.wrench.force.z,8941.055798774782
0.584113396,1785795404.350204027,/loadcell_data_filtered.wrench.force.z,8941.445499848563
0.584440513,1785795404.350531144,/loadcell_data_filtered.wrench.force.z,8941.777033540346
0.585438784,1785795404.351529415,/loadcell_data_filtered.wrench.force.z,8941.915180984397
0.586095885,1785795404.352186516,/loadcell_data_filtered.wrench.force.z,8942.134813638
0.586582754,1785795404.352673385,/loadcell_data_filtered.wrench.force.z,8942.261361575196
0.58702708,1785795404.353117711,/loadcell_data_filtered.wrench.force.z,8942.35155089764
0.587477851,1785795404.353568482,/loadcell_data_filtered.wrench.force.z,8942.949629614905
0.58787365,1785795404.353964281,/loadcell_data_filtered.wrench.force.z,8942.606036134288
0.5884004310000001,1785795404.354491062,/loadcell_data_filtered.wrench.force.z,8936.793606481537
0.589385868,1785795404.355476499,/loadcell_data_filtered.wrench.force.z,8933.634977425721
0.595333309,1785795404.361423940,/loadcell_data_filtered.wrench.force.z,8930.16721589573
0.595804129,1785795404.361894760,/loadcell_data_filtered.wrench.force.z,8927.71792309444
0.596341898,1785795404.362432529,/loadcell_data_filtered.wrench.force.z,8927.084924354793
0.5967057610000001,1785795404.362796392,/loadcell_data_filtered.wrench.force.z,8926.359046710724
0.597010047,1785795404.363100678,/loadcell_data_filtered.wrench.force.z,8927.504588840098
0.597308719,1785795404.363399350,/loadcell_data_filtered.wrench.force.z,8928.60859740849
0.597556816,1785795404.363647447,/loadcell_data_filtered.wrench.force.z,8929.331287141393
0.597865459,1785795404.363956090,/loadcell_data_filtered.wrench.force.z,8929.906275439173
0.598187621,1785795404.364278252,/loadcell_data_filtered.wrench.force.z,8930.346945665315
0.5984844650000001,1785795404.364575096,/loadcell_data_filtered.wrench.force.z,8930.675110369506
0.598734318,1785795404.364824949,/loadcell_data_filtered.wrench.force.z,8931.190007035584
0.598993216,1785795404.365083847,/loadcell_data_filtered.wrench.force.z,8931.988326549239
0.5993123570000001,1785795404.365402988,/loadcell_data_filtered.wrench.force.z,8931.225866728451
0.5996404710000001,1785795404.365731102,/loadcell_data_filtered.wrench.force.z,8936.039805264694
0.599938469,1785795404.366029100,/loadcell_data_filtered.wrench.force.z,8941.085914913672
0.600270744,1785795404.366361375,/loadcell_data_filtered.wrench.force.z,8945.582614685396
0.600542884,1785795404.366633515,/loadcell_data_filtered.wrench.force.z,8948.57688007562
0.600869249,1785795404.366959880,/loadcell_data_filtered.wrench.force.z,8951.166252103347
0.6013011380000001,1785795404.367391769,/loadcell_data_filtered.wrench.force.z,8952.819948460718
0.601820914,1785795404.367911545,/loadcell_data_filtered.wrench.force.z,8953.65455119962
0.602324937,1785795404.368415568,/loadcell_data_filtered.wrench.force.z,8948.765157017866
0.60277965,1785795404.368870281,/loadcell_data_filtered.wrench.force.z,8948.33994522715
0.60324864,1785795404.369339271,/loadcell_data_filtered.wrench.force.z,8948.453923824321
0.6036610880000001,1785795404.369751719,/loadcell_data_filtered.wrench.force.z,8949.104738836597
0.604152203,1785795404.370242834,/loadcell_data_filtered.wrench.force.z,8950.222685964025
0.6046335260000001,1785795404.370724157,/loadcell_data_filtered.wrench.force.z,8951.453268505355
0.605057246,1785795404.371147877,/loadcell_data_filtered.wrench.force.z,8952.137858185251
0.606640944,1785795404.372731575,/loadcell_data_filtered.wrench.force.z,8952.936689857397
0.6072179510000001,1785795404.373308582,/loadcell_data_filtered.wrench.force.z,8953.856180067898
0.607618434,1785795404.373709065,/loadcell_data_filtered.wrench.force.z,8952.88706928406
0.60788255,1785795404.373973181,/loadcell_data_filtered.wrench.force.z,8950.18517414109
0.6081890090000001,1785795404.374279640,/loadcell_data_filtered.wrench.force.z,8947.322491112582
0.611190405,1785795404.377281036,/loadcell_data_filtered.wrench.force.z,8945.522148366768
0.6113400790000001,1785795404.377430710,/loadcell_data_filtered.wrench.force.z,8942.805507843774
0.611469986,1785795404.377560617,/loadcell_data_filtered.wrench.force.z,8942.878830927535
0.61160745,1785795404.377698081,/loadcell_data_filtered.wrench.force.z,8943.934998031407
0.6117347670000001,1785795404.377825398,/loadcell_data_filtered.wrench.force.z,8944.280902066914
0.611864971,1785795404.377955602,/loadcell_data_filtered.wrench.force.z,8945.380421353015
0.611998272,1785795404.378088903,/loadcell_data_filtered.wrench.force.z,8945.799452049952
0.61214732,1785795404.378237951,/loadcell_data_filtered.wrench.force.z,8946.42306523551
0.612256099,1785795404.378346730,/loadcell_data_filtered.wrench.force.z,8947.295062115087
0.6123681240000001,1785795404.378458755,/loadcell_data_filtered.wrench.force.z,8947.374909353854
0.612488036,1785795404.378578667,/loadcell_data_filtered.wrench.force.z,8947.222319096125
0.6126326980000001,1785795404.378723329,/loadcell_data_filtered.wrench.force.z,8947.197219272673
0.6127501230000001,1785795404.378840754,/loadcell_data_filtered.wrench.force.z,8947.229357919858
0.612864417,1785795404.378955048,/loadcell_data_filtered.wrench.force.z,8952.572684219467
0.6134109010000001,1785795404.379501532,/loadcell_data_filtered.wrench.force.z,8956.411575299791
0.614058086,1785795404.380148717,/loadcell_data_filtered.wrench.force.z,8960.553265631192
0.614550236,1785795404.380640867,/loadcell_data_filtered.wrench.force.z,8964.41990875236
0.6148563770000001,1785795404.380947008,/loadcell_data_filtered.wrench.force.z,8967.153933508556
0.615391331,1785795404.381481962,/loadcell_data_filtered.wrench.force.z,8969.20244506759
0.616003786,1785795404.382094417,/loadcell_data_filtered.wrench.force.z,8970.350016696213
0.616387498,1785795404.382478129,/loadcell_data_filtered.wrench.force.z,8970.143605885181
0.6168465230000001,1785795404.382937154,/loadcell_data_filtered.wrench.force.z,8969.960181341328
0.617389026,1785795404.383479657,/loadcell_data_filtered.wrench.force.z,8969.982390870202
0.6192698600000001,1785795404.385360491,/loadcell_data_filtered.wrench.force.z,8969.911039843224
0.619879218,1785795404.385969849,/loadcell_data_filtered.wrench.force.z,8969.964942701255
0.621928769,1785795404.388019400,/loadcell_data_filtered.wrench.force.z,8970.297576054347
0.621941395,1785795404.388032026,/loadcell_data_filtered.wrench.force.z,8970.036532748432
0.621945159,1785795404.388035790,/loadcell_data_filtered.wrench.force.z,8970.054930746
0.621948228,1785795404.388038859,/loadcell_data_filtered.wrench.force.z,8970.09329622863
0.622403402,1785795404.388494033,/loadcell_data_filtered.wrench.force.z,8970.003370100534
0.622806171,1785795404.388896802,/loadcell_data_filtered.wrench.force.z,8964.268565105927
0.623242678,1785795404.389333309,/loadcell_data_filtered.wrench.force.z,8960.962491037277
0.623709873,1785795404.389800504,/loadcell_data_filtered.wrench.force.z,8957.146183916939
0.6241111960000001,1785795404.390201827,/loadcell_data_filtered.wrench.force.z,8954.235641820609
0.6244411120000001,1785795404.390531743,/loadcell_data_filtered.wrench.force.z,8951.69813540107
0.6247515770000001,1785795404.390842208,/loadcell_data_filtered.wrench.force.z,8950.204518277478
0.625115261,1785795404.391205892,/loadcell_data_filtered.wrench.force.z,8949.225572556596
0.6253915120000001,1785795404.391482143,/loadcell_data_filtered.wrench.force.z,8949.197291100756
0.625663103,1785795404.391753734,/loadcell_data_filtered.wrench.force.z,8950.28718078555
0.6284507650000001,1785795404.394541396,/loadcell_data_filtered.wrench.force.z,8950.484165501426
0.628641738,1785795404.394732369,/loadcell_data_filtered.wrench.force.z,8950.132668527702
0.628784345,1785795404.394874976,/loadcell_data_filtered.wrench.force.z,8950.022725148194
0.6289176980000001,1785795404.395008329,/loadcell_data_filtered.wrench.force.z,8948.218114466586
0.6290417540000001,1785795404.395132385,/loadcell_data_filtered.wrench.force.z,8943.091333327466
0.6291650550000001,1785795404.395255686,/loadcell_data_filtered.wrench.force.z,8943.719563161472
0.629282635,1785795404.395373266,/loadcell_data_filtered.wrench.force.z,8943.257068278168
0.6299415580000001,1785795404.396032189,/loadcell_data_filtered.wrench.force.z,8943.430410903822
0.6302729450000001,1785795404.396363576,/loadcell_data_filtered.wrench.force.z,8949.210704236675
0.63040299,1785795404.396493621,/loadcell_data_filtered.wrench.force.z,8954.251579121354
0.6322427660000001,1785795404.398333397,/loadcell_data_filtered.wrench.force.z,8958.436247021122
0.6327086980000001,1785795404.398799329,/loadcell_data_filtered.wrench.force.z,8961.14497934615
0.632877848,1785795404.398968479,/loadcell_data_filtered.wrench.force.z,8964.717482262191
0.633033414,1785795404.399124045,/loadcell_data_filtered.wrench.force.z,8966.718859277527
0.633163864,1785795404.399254495,/loadcell_data_filtered.wrench.force.z,8967.894544231869
0.633375377,1785795404.399466008,/loadcell_data_filtered.wrench.force.z,8967.279963693565
0.638663675,1785795404.404754306,/loadcell_data_filtered.wrench.force.z,8966.936372896955
0.638834118,1785795404.404924749,/loadcell_data_filtered.wrench.force.z,8966.783835522816
0.6389438080000001,1785795404.405034439,/loadcell_data_filtered.wrench.force.z,8966.296211391085
0.639068288,1785795404.405158919,/loadcell_data_filtered.wrench.force.z,8967.028068712396
0.6391945490000001,1785795404.405285180,/loadcell_data_filtered.wrench.force.z,8964.73739522892
0.6399189510000001,1785795404.406009582,/loadcell_data_filtered.wrench.force.z,8959.618376768165
0.640078149,1785795404.406168780,/loadcell_data_filtered.wrench.force.z,8959.569461530638
0.6403076520000001,1785795404.406398283,/loadcell_data_filtered.wrench.force.z,8959.757667278018
0.64045903,1785795404.406549661,/loadcell_data_filtered.wrench.force.z,8956.810369288483
0.6405824170000001,1785795404.406673048,/loadcell_data_filtered.wrench.force.z,8953.55492485971
0.640704865,1785795404.406795496,/loadcell_data_filtered.wrench.force.z,8949.832933257854
0.6408358200000001,1785795404.406926451,/loadcell_data_filtered.wrench.force.z,8944.88559900345
0.640963539,1785795404.407054170,/loadcell_data_filtered.wrench.force.z,8942.210245752132
0.641092548,1785795404.407183179,/loadcell_data_filtered.wrench.force.z,8940.174302538755
0.641234681,1785795404.407325312,/loadcell_data_filtered.wrench.force.z,8938.350914040377
0.6413614510000001,1785795404.407452082,/loadcell_data_filtered.wrench.force.z,8937.73800940782
0.641654834,1785795404.407745465,/loadcell_data_filtered.wrench.force.z,8938.181946181518
0.642099498,1785795404.408190129,/loadcell_data_filtered.wrench.force.z,8938.444970758183
0.642672199,1785795404.408762830,/loadcell_data_filtered.wrench.force.z,8938.35065446446
0.643107681,1785795404.409198312,/loadcell_data_filtered.wrench.force.z,8938.577305600542
0.6436991860000001,1785795404.409789817,/loadcell_data_filtered.wrench.force.z,8938.27370400668
0.6441892570000001,1785795404.410279888,/loadcell_data_filtered.wrench.force.z,8938.215715834625
0.644584353,1785795404.410674984,/loadcell_data_filtered.wrench.force.z,8938.352349473842
0.645066231,1785795404.411156862,/loadcell_data_filtered.wrench.force.z,8938.452741135063
0.645673829,1785795404.411764460,/loadcell_data_filtered.wrench.force.z,8938.509537220716
0.6461835810000001,1785795404.412274212,/loadcell_data_filtered.wrench.force.z,8944.387694343826
0.6470805430000001,1785795404.413171174,/loadcell_data_filtered.wrench.force.z,8947.85574819326
0.6475461640000001,1785795404.413636795,/loadcell_data_filtered.wrench.force.z,8952.300762968383
0.647917429,1785795404.414008060,/loadcell_data_filtered.wrench.force.z,8955.952064255358
0.649054082,1785795404.415144713,/loadcell_data_filtered.wrench.force.z,8959.236642314016
0.649958397,1785795404.416049028,/loadcell_data_filtered.wrench.force.z,8961.070799516421
0.65027047,1785795404.416361101,/loadcell_data_filtered.wrench.force.z,8962.82921495058
0.650514263,1785795404.416604894,/loadcell_data_filtered.wrench.force.z,8963.957357108371
0.650751645,1785795404.416842276,/loadcell_data_filtered.wrench.force.z,8964.666034545235
0.6509755,1785795404.417066131,/loadcell_data_filtered.wrench.force.z,8964.49855613166
0.6512297810000001,1785795404.417320412,/loadcell_data_filtered.wrench.force.z,8964.74468313914
0.6526499600000001,1785795404.418740591,/loadcell_data_filtered.wrench.force.z,8964.994094471975
0.6542218740000001,1785795404.420312505,/loadcell_data_filtered.wrench.force.z,8965.318558367675
0.655056415,1785795404.421147046,/loadcell_data_filtered.wrench.force.z,8965.429612030048
0.655511217,1785795404.421601848,/loadcell_data_filtered.wrench.force.z,8965.43282741186
0.655834829,1785795404.421925460,/loadcell_data_filtered.wrench.force.z,8965.280601811704
0.65616182,1785795404.422252451,/loadcell_data_filtered.wrench.force.z,8964.88756148629
0.656431423,1785795404.422522054,/loadcell_data_filtered.wrench.force.z,8959.26746787441
0.656677403,1785795404.422768034,/loadcell_data_filtered.wrench.force.z,8955.454135798098
0.656918012,1785795404.423008643,/loadcell_data_filtered.wrench.force.z,8951.297145251028
0.6572159510000001,1785795404.423306582,/loadcell_data_filtered.wrench.force.z,8948.071312006658
0.657453198,1785795404.423543829,/loadcell_data_filtered.wrench.force.z,8944.792713774666
0.657698651,1785795404.423789282,/loadcell_data_filtered.wrench.force.z,8943.194355569289
0.6579668470000001,1785795404.424057478,/loadcell_data_filtered.wrench.force.z,8941.66751186245
0.660346,1785795404.426436631,/loadcell_data_filtered.wrench.force.z,8941.424799285143
0.6607869590000001,1785795404.426877590,/loadcell_data_filtered.wrench.force.z,8941.146616061504
0.661036583,1785795404.427127214,/loadcell_data_filtered.wrench.force.z,8941.70744738424
0.661228433,1785795404.427319064,/loadcell_data_filtered.wrench.force.z,8942.17729628458
0.6614288110000001,1785795404.427519442,/loadcell_data_filtered.wrench.force.z,8942.08848010112
0.661615499,1785795404.427706130,/loadcell_data_filtered.wrench.force.z,8941.737228640364
0.66179673,1785795404.427887361,/loadcell_data_filtered.wrench.force.z,8940.9220411953
0.661993381,1785795404.428084012,/loadcell_data_filtered.wrench.force.z,8940.91786204025
0.662233379,1785795404.428324010,/loadcell_data_filtered.wrench.force.z,8940.752053636166
0.6628011610000001,1785795404.428891792,/loadcell_data_filtered.wrench.force.z,8941.147734038515
0.663454517,1785795404.429545148,/loadcell_data_filtered.wrench.force.z,8946.728530211229
0.664274644,1785795404.430365275,/loadcell_data_filtered.wrench.force.z,8951.464130427657
0.6653923500000001,1785795404.431482981,/loadcell_data_filtered.wrench.force.z,8955.25873814372
0.666220769,1785795404.432311400,/loadcell_data_filtered.wrench.force.z,8959.188138625901
0.6665697770000001,1785795404.432660408,/loadcell_data_filtered.wrench.force.z,8962.722523070059
0.666911828,1785795404.433002459,/loadcell_data_filtered.wrench.force.z,8964.945853236573
0.6673545830000001,1785795404.433445214,/loadcell_data_filtered.wrench.force.z,8965.822035898329
0.6677313180000001,1785795404.433821949,/loadcell_data_filtered.wrench.force.z,8966.439068102196
0.668125257,1785795404.434215888,/loadcell_data_filtered.wrench.force.z,8967.348008537174
0.6686205470000001,1785795404.434711178,/loadcell_data_filtered.wrench.force.z,8967.659190194088
0.669080204,1785795404.435170835,/loadcell_data_filtered.wrench.force.z,8968.519110865022
0.669471711,1785795404.435562342,/loadcell_data_filtered.wrench.force.z,8969.223423971154
0.669839782,1785795404.435930413,/loadcell_data_filtered.wrench.force.z,8969.637841987576
0.670235786,1785795404.436326417,/loadcell_data_filtered.wrench.force.z,8969.864850216423
0.6705691930000001,1785795404.436659824,/loadcell_data_filtered.wrench.force.z,8969.871745349486
0.671030286,1785795404.437120917,/loadcell_data_filtered.wrench.force.z,8969.727957355892
0.671510748,1785795404.437601379,/loadcell_data_filtered.wrench.force.z,8965.482306126592
0.671976154,1785795404.438066785,/loadcell_data_filtered.wrench.force.z,8962.536673335926
0.6724089870000001,1785795404.438499618,/loadcell_data_filtered.wrench.force.z,8958.430380413456
0.672780224,1785795404.438870855,/loadcell_data_filtered.wrench.force.z,8955.130214025257
0.6739054590000001,1785795404.439996090,/loadcell_data_filtered.wrench.force.z,8952.609636607729
0.6744682670000001,1785795404.440558898,/loadcell_data_filtered.wrench.force.z,8950.183297396046
0.675131825,1785795404.441222456,/loadcell_data_filtered.wrench.force.z,8948.940866231744
0.6757288250000001,1785795404.441819456,/loadcell_data_filtered.wrench.force.z,8948.445623628575
0.6760040850000001,1785795404.442094716,/loadcell_data_filtered.wrench.force.z,8949.202230516581
0.6765228520000001,1785795404.442613483,/loadcell_data_filtered.wrench.force.z,8949.148806098268
0.6767761090000001,1785795404.442866740,/loadcell_data_filtered.wrench.force.z,8948.800515613799
0.6770343280000001,1785795404.443124959,/loadcell_data_filtered.wrench.force.z,8948.761168430794
0.6772724400000001,1785795404.443363071,/loadcell_data_filtered.wrench.force.z,8948.877401516216
0.677496019,1785795404.443586650,/loadcell_data_filtered.wrench.force.z,8947.781246117567
0.6781120730000001,1785795404.444202704,/loadcell_data_filtered.wrench.force.z,8947.489195373772
0.678763591,1785795404.444854222,/loadcell_data_filtered.wrench.force.z,8947.495821100809
0.679106379,1785795404.445197010,/loadcell_data_filtered.wrench.force.z,8947.17517606071
0.679588638,1785795404.445679269,/loadcell_data_filtered.wrench.force.z,8952.873882303027
0.679976684,1785795404.446067315,/loadcell_data_filtered.wrench.force.z,8956.488191009565
0.6805406430000001,1785795404.446631274,/loadcell_data_filtered.wrench.force.z,8960.569591597518
0.681314669,1785795404.447405300,/loadcell_data_filtered.wrench.force.z,8963.799229968961
0.6815895630000001,1785795404.447680194,/loadcell_data_filtered.wrench.force.z,8967.1045762091
0.682509977,1785795404.448600608,/loadcell_data_filtered.wrench.force.z,8968.704227612208
0.683420636,1785795404.449511267,/loadcell_data_filtered.wrench.force.z,8970.249859590145
0.683936795,1785795404.450027426,/loadcell_data_filtered.wrench.force.z,8971.487651291649
0.684382064,1785795404.450472695,/loadcell_data_filtered.wrench.force.z,8971.57185405505
0.6849730860000001,1785795404.451063717,/loadcell_data_filtered.wrench.force.z,8972.627080056596
0.6852049480000001,1785795404.451295579,/loadcell_data_filtered.wrench.force.z,8973.079359510319
0.688482518,1785795404.454573149,/loadcell_data_filtered.wrench.force.z,8973.728819328282
0.688816551,1785795404.454907182,/loadcell_data_filtered.wrench.force.z,8974.075167612196
0.689060452,1785795404.455151083,/loadcell_data_filtered.wrench.force.z,8974.52096391675
0.689274456,1785795404.455365087,/loadcell_data_filtered.wrench.force.z,8974.861572713055
0.6894799690000001,1785795404.455570600,/loadcell_data_filtered.wrench.force.z,8975.101230795437
0.689672311,1785795404.455762942,/loadcell_data_filtered.wrench.force.z,8968.528293240744
0.689873163,1785795404.455963794,/loadcell_data_filtered.wrench.force.z,8963.72239023037
0.692288644,1785795404.458379275,/loadcell_data_filtered.wrench.force.z,8959.779661339064
0.692725601,1785795404.458816232,/loadcell_data_filtered.wrench.force.z,8956.491547404046
0.6930100520000001,1785795404.459100683,/loadcell_data_filtered.wrench.force.z,8954.068083615432
0.69319164,1785795404.459282271,/loadcell_data_filtered.wrench.force.z,8944.97529721922
0.6933939600000001,1785795404.459484591,/loadcell_data_filtered.wrench.force.z,8943.298747626932
0.69356781,1785795404.459658441,/loadcell_data_filtered.wrench.force.z,8942.196456877708
0.6937477000000001,1785795404.459838331,/loadcell_data_filtered.wrench.force.z,8935.461590590194
0.693938705,1785795404.460029336,/loadcell_data_filtered.wrench.force.z,8935.9439710715
0.6941380850000001,1785795404.460228716,/loadcell_data_filtered.wrench.force.z,8934.657485102316
0.6968337870000001,1785795404.462924418,/loadcell_data_filtered.wrench.force.z,8934.92927837654
0.6978729850000001,1785795404.463963616,/loadcell_data_filtered.wrench.force.z,8933.942916205537
0.6981478240000001,1785795404.464238455,/loadcell_data_filtered.wrench.force.z,8934.219571775746
0.698370791,1785795404.464461422,/loadcell_data_filtered.wrench.force.z,8934.427455459108
0.6985745590000001,1785795404.464665190,/loadcell_data_filtered.wrench.force.z,8934.275653690056
0.698780469,1785795404.464871100,/loadcell_data_filtered.wrench.force.z,8934.336113342251
0.6990297360000001,1785795404.465120367,/loadcell_data_filtered.wrench.force.z,8936.541327549596
0.6993752980000001,1785795404.465465929,/loadcell_data_filtered.wrench.force.z,8941.473116437397
0.701383441,1785795404.467474072,/loadcell_data_filtered.wrench.force.z,8945.795623748285
0.701407368,1785795404.467497999,/loadcell_data_filtered.wrench.force.z,8949.032934793207
0.701410017,1785795404.467500648,/loadcell_data_filtered.wrench.force.z,8952.181098698693
0.703353444,1785795404.469444075,/loadcell_data_filtered.wrench.force.z,8953.621005538625
0.703502929,1785795404.469593560,/loadcell_data_filtered.wrench.force.z,8955.169375414695
0.70363871,1785795404.469729341,/loadcell_data_filtered.wrench.force.z,8955.809658124885
0.7037761450000001,1785795404.469866776,/loadcell_data_filtered.wrench.force.z,8956.588635584196
0.703899198,1785795404.469989829,/loadcell_data_filtered.wrench.force.z,8956.99645181678
0.704023532,1785795404.470114163,/loadcell_data_filtered.wrench.force.z,8956.99387360945
0.704144909,1785795404.470235540,/loadcell_data_filtered.wrench.force.z,8957.080785754215
0.7042612570000001,1785795404.470351888,/loadcell_data_filtered.wrench.force.z,8956.474464485796
0.7043766770000001,1785795404.470467308,/loadcell_data_filtered.wrench.force.z,8950.10063533356
0.7044891280000001,1785795404.470579759,/loadcell_data_filtered.wrench.force.z,8950.451220464589
0.704611077,1785795404.470701708,/loadcell_data_filtered.wrench.force.z,8948.771994700606
0.704717098,1785795404.470807729,/loadcell_data_filtered.wrench.force.z,8948.852071146546
0.704830218,1785795404.470920849,/loadcell_data_filtered.wrench.force.z,8944.363351276172
0.70503552,1785795404.471126151,/loadcell_data_filtered.wrench.force.z,8941.527842835776
0.705375304,1785795404.471465935,/loadcell_data_filtered.wrench.force.z,8938.083355222612
0.7058005420000001,1785795404.471891173,/loadcell_data_filtered.wrench.force.z,8935.040123144867
0.706268601,1785795404.472359232,/loadcell_data_filtered.wrench.force.z,8932.591471562111
0.7068945640000001,1785795404.472985195,/loadcell_data_filtered.wrench.force.z,8931.292908304009
0.7079271410000001,1785795404.474017772,/loadcell_data_filtered.wrench.force.z,8930.632276963259
0.70805351,1785795404.474144141,/loadcell_data_filtered.wrench.force.z,8931.402230027485
0.7083394310000001,1785795404.474430062,/loadcell_data_filtered.wrench.force.z,8932.677029942342
0.7101712250000001,1785795404.476261856,/loadcell_data_filtered.wrench.force.z,8933.741285321576
0.7103005880000001,1785795404.476391219,/loadcell_data_filtered.wrench.force.z,8934.685080303478
0.7104311320000001,1785795404.476521763,/loadcell_data_filtered.wrench.force.z,8931.469059779074
0.7105435440000001,1785795404.476634175,/loadcell_data_filtered.wrench.force.z,8929.75972432532
0.7129284600000001,1785795404.479019091,/loadcell_data_filtered.wrench.force.z,8929.881273225525
0.7132218610000001,1785795404.479312492,/loadcell_data_filtered.wrench.force.z,8930.404701896261
0.713423547,1785795404.479514178,/loadcell_data_filtered.wrench.force.z,8931.164230222805
0.7136061380000001,1785795404.479696769,/loadcell_data_filtered.wrench.force.z,8925.082658504714
0.713783779,1785795404.479874410,/loadcell_data_filtered.wrench.force.z,8931.502943911824
0.713975986,1785795404.480066617,/loadcell_data_filtered.wrench.force.z,8935.409142068098
0.714151211,1785795404.480241842,/loadcell_data_filtered.wrench.force.z,8940.367324433857
0.7144219420000001,1785795404.480512573,/loadcell_data_filtered.wrench.force.z,8944.32911195314
0.715009125,1785795404.481099756,/loadcell_data_filtered.wrench.force.z,8948.150839241864
0.7155198500000001,1785795404.481610481,/loadcell_data_filtered.wrench.force.z,8950.382305251482
0.715799221,1785795404.481889852,/loadcell_data_filtered.wrench.force.z,8952.114365849246
0.719783449,1785795404.485874080,/loadcell_data_filtered.wrench.force.z,8952.895567994323
0.7201022890000001,1785795404.486192920,/loadcell_data_filtered.wrench.force.z,8953.394948530986
0.720383843,1785795404.486474474,/loadcell_data_filtered.wrench.force.z,8953.972743366568
0.7206513290000001,1785795404.486741960,/loadcell_data_filtered.wrench.force.z,8954.667537790703
0.720968169,1785795404.487058800,/loadcell_data_filtered.wrench.force.z,8955.070308486356
0.7213595230000001,1785795404.487450154,/loadcell_data_filtered.wrench.force.z,8955.37543554154
0.7217194060000001,1785795404.487810037,/loadcell_data_filtered.wrench.force.z,8955.924258220199
0.7221008800000001,1785795404.488191511,/loadcell_data_filtered.wrench.force.z,8956.062515640326
0.7223775320000001,1785795404.488468163,/loadcell_data_filtered.wrench.force.z,8956.365487226405
0.722664195,1785795404.488754826,/loadcell_data_filtered.wrench.force.z,8956.61056264406
0.725587257,1785795404.491677888,/loadcell_data_filtered.wrench.force.z,8951.162525016196
0.728290654,1785795404.494381285,/loadcell_data_filtered.wrench.force.z,8947.049032051185
0.7285736820000001,1785795404.494664313,/loadcell_data_filtered.wrench.force.z,8944.423467134657
0.7287808410000001,1785795404.494871472,/loadcell_data_filtered.wrench.force.z,8943.321621698007
0.728971609,1785795404.495062240,/loadcell_data_filtered.wrench.force.z,8943.132671465468
0.7291411200000001,1785795404.495231751,/loadcell_data_filtered.wrench.force.z,8943.186203593821
0.729303549,1785795404.495394180,/loadcell_data_filtered.wrench.force.z,8943.882917701252
0.729482617,1785795404.495573248,/loadcell_data_filtered.wrench.force.z,8943.982098161403
0.729702917,1785795404.495793548,/loadcell_data_filtered.wrench.force.z,8944.09552397435
0.7299056,1785795404.495996231,/loadcell_data_filtered.wrench.force.z,8942.025854557778
0.730152939,1785795404.496243570,/loadcell_data_filtered.wrench.force.z,8936.234474744531
0.7304041090000001,1785795404.496494740,/loadcell_data_filtered.wrench.force.z,8933.814396024849
0.7306539350000001,1785795404.496744566,/loadcell_data_filtered.wrench.force.z,8932.266073919227
0.7309901750000001,1785795404.497080806,/loadcell_data_filtered.wrench.force.z,8930.865128406576
0.731480274,1785795404.497570905,/loadcell_data_filtered.wrench.force.z,8933.405039830517
0.731967561,1785795404.498058192,/loadcell_data_filtered.wrench.force.z,8932.674176805394
0.7324335000000001,1785795404.498524131,/loadcell_data_filtered.wrench.force.z,8934.625276702998
0.7328563730000001,1785795404.498947004,/loadcell_data_filtered.wrench.force.z,8937.345884794411
0.7332277460000001,1785795404.499318377,/loadcell_data_filtered.wrench.force.z,8939.515822815918
0.733642715,1785795404.499733346,/loadcell_data_filtered.wrench.force.z,8941.79003687218
0.734119674,1785795404.500210305,/loadcell_data_filtered.wrench.force.z,8942.803133181273
0.7346660540000001,1785795404.500756685,/loadcell_data_filtered.wrench.force.z,8942.853361504809
0.735211367,1785795404.501301998,/loadcell_data_filtered.wrench.force.z,8942.914388443081
0.7356323760000001,1785795404.501723007,/loadcell_data_filtered.wrench.force.z,8942.950134650104
0.735983029,1785795404.502073660,/loadcell_data_filtered.wrench.force.z,8942.917008044973
0.7362993250000001,1785795404.502389956,/loadcell_data_filtered.wrench.force.z,8942.602320250384
0.7365911770000001,1785795404.502681808,/loadcell_data_filtered.wrench.force.z,8942.548095312995
0.736874062,1785795404.502964693,/loadcell_data_filtered.wrench.force.z,8942.55546513336
0.7371304270000001,1785795404.503221058,/loadcell_data_filtered.wrench.force.z,8942.606024448985
0.737575677,1785795404.503666308,/loadcell_data_filtered.wrench.force.z,8942.725201372454
0.7399059870000001,1785795404.505996618,/loadcell_data_filtered.wrench.force.z,8943.02455555018
0.7400932910000001,1785795404.506183922,/loadcell_data_filtered.wrench.force.z,8938.456517971325
0.7402727530000001,1785795404.506363384,/loadcell_data_filtered.wrench.force.z,8935.6913062516
0.740402886,1785795404.506493517,/loadcell_data_filtered.wrench.force.z,8932.808483470299
0.740513814,1785795404.506604445,/loadcell_data_filtered.wrench.force.z,8930.23072414767
0.7406276030000001,1785795404.506718234,/loadcell_data_filtered.wrench.force.z,8927.989866803557
0.7407519530000001,1785795404.506842584,/loadcell_data_filtered.wrench.force.z,8926.388281011818
0.7408812570000001,1785795404.506971888,/loadcell_data_filtered.wrench.force.z,8924.03193041946
0.7416360980000001,1785795404.507726729,/loadcell_data_filtered.wrench.force.z,8923.78087260258
0.74193867,1785795404.508029301,/loadcell_data_filtered.wrench.force.z,8924.212220505795
0.7426282230000001,1785795404.508718854,/loadcell_data_filtered.wrench.force.z,8924.946075039396
0.743353758,1785795404.509444389,/loadcell_data_filtered.wrench.force.z,8925.140716233329
0.743891749,1785795404.509982380,/loadcell_data_filtered.wrench.force.z,8925.753598995394
0.744015647,1785795404.510106278,/loadcell_data_filtered.wrench.force.z,8926.030120002752
0.744510525,1785795404.510601156,/loadcell_data_filtered.wrench.force.z,8926.020748302548
0.7451403910000001,1785795404.511231022,/loadcell_data_filtered.wrench.force.z,8924.586278876204
0.7453139390000001,1785795404.511404570,/loadcell_data_filtered.wrench.force.z,8924.197145664502
0.745722717,1785795404.511813348,/loadcell_data_filtered.wrench.force.z,8923.992903260008
0.746142602,1785795404.512233233,/loadcell_data_filtered.wrench.force.z,8929.702541409479
0.746707419,1785795404.512798050,/loadcell_data_filtered.wrench.force.z,8933.44607248841
0.747213891,1785795404.513304522,/loadcell_data_filtered.wrench.force.z,8937.236825417043
0.7491555710000001,1785795404.515246202,/loadcell_data_filtered.wrench.force.z,8940.183452691175
0.7493577010000001,1785795404.515448332,/loadcell_data_filtered.wrench.force.z,8942.922716537598
0.7495722020000001,1785795404.515662833,/loadcell_data_filtered.wrench.force.z,8944.318452073552
0.7497179100000001,1785795404.515808541,/loadcell_data_filtered.wrench.force.z,8945.358089845427
0.7502558720000001,1785795404.516346503,/loadcell_data_filtered.wrench.force.z,8945.306364950658
0.7504681150000001,1785795404.516558746,/loadcell_data_filtered.wrench.force.z,8945.103289459372
0.7509580530000001,1785795404.517048684,/loadcell_data_filtered.wrench.force.z,8945.751868332447
0.752993792,1785795404.519084423,/loadcell_data_filtered.wrench.force.z,8945.259358985073
0.7531575450000001,1785795404.519248176,/loadcell_data_filtered.wrench.force.z,8945.330351836177
0.7532807130000001,1785795404.519371344,/loadcell_data_filtered.wrench.force.z,8946.028806806518
0.753410533,1785795404.519501164,/loadcell_data_filtered.wrench.force.z,8938.936313047636
0.753563965,1785795404.519654596,/loadcell_data_filtered.wrench.force.z,8939.476777202026
0.753711758,1785795404.519802389,/loadcell_data_filtered.wrench.force.z,8939.266149569763
0.754266863,1785795404.520357494,/loadcell_data_filtered.wrench.force.z,8938.810700792772
0.75469525,1785795404.520785881,/loadcell_data_filtered.wrench.force.z,8933.942647679898
0.756046022,1785795404.522136653,/loadcell_data_filtered.wrench.force.z,8929.905681033712
0.756232148,1785795404.522322779,/loadcell_data_filtered.wrench.force.z,8926.813787138859
0.75640868,1785795404.522499311,/loadcell_data_filtered.wrench.force.z,8924.499229613235
0.757146474,1785795404.523237105,/loadcell_data_filtered.wrench.force.z,8921.961757581463
0.757620689,1785795404.523711320,/loadcell_data_filtered.wrench.force.z,8921.296431863853
0.7581078320000001,1785795404.524198463,/loadcell_data_filtered.wrench.force.z,8921.338703681355
0.758363499,1785795404.524454130,/loadcell_data_filtered.wrench.force.z,8921.571395512627
0.758658377,1785795404.524749008,/loadcell_data_filtered.wrench.force.z,8922.53404740336
0.7591465970000001,1785795404.525237228,/loadcell_data_filtered.wrench.force.z,8923.212282571805
0.7596548900000001,1785795404.525745521,/loadcell_data_filtered.wrench.force.z,8923.929323782226
0.760203245,1785795404.526293876,/loadcell_data_filtered.wrench.force.z,8924.572778755848
0.762486525,1785795404.528577156,/loadcell_data_filtered.wrench.force.z,8925.215246292082
0.762879575,1785795404.528970206,/loadcell_data_filtered.wrench.force.z,8925.69766976259
0.763167518,1785795404.529258149,/loadcell_data_filtered.wrench.force.z,8926.258840348373
0.763468977,1785795404.529559608,/loadcell_data_filtered.wrench.force.z,8926.883644424002
0.7637882770000001,1785795404.529878908,/loadcell_data_filtered.wrench.force.z,8931.741665796335
0.764181705,1785795404.530272336,/loadcell_data_filtered.wrench.force.z,8935.250191844678
0.7645471300000001,1785795404.530637761,/loadcell_data_filtered.wrench.force.z,8939.32871445978
0.7669973560000001,1785795404.533087987,/loadcell_data_filtered.wrench.force.z,8942.981906306572
0.7673518380000001,1785795404.533442469,/loadcell_data_filtered.wrench.force.z,8946.141588278677
0.767619825,1785795404.533710456,/loadcell_data_filtered.wrench.force.z,8948.823502865482
0.767905767,1785795404.533996398,/loadcell_data_filtered.wrench.force.z,8950.714974112536
0.7682002950000001,1785795404.534290926,/loadcell_data_filtered.wrench.force.z,8951.507521535555
0.768600077,1785795404.534690708,/loadcell_data_filtered.wrench.force.z,8952.064616940288
0.768912078,1785795404.535002709,/loadcell_data_filtered.wrench.force.z,8952.95888544627
0.769139212,1785795404.535229843,/loadcell_data_filtered.wrench.force.z,8951.427621599802
0.770503966,1785795404.536594597,/loadcell_data_filtered.wrench.force.z,8951.245822950072
0.7706868400000001,1785795404.536777471,/loadcell_data_filtered.wrench.force.z,8951.035781172533
0.7708335970000001,1785795404.536924228,/loadcell_data_filtered.wrench.force.z,8951.18274111684
0.7710374280000001,1785795404.537128059,/loadcell_data_filtered.wrench.force.z,8949.474274414175
0.7711878000000001,1785795404.537278431,/loadcell_data_filtered.wrench.force.z,8943.45010795762
0.7713681530000001,1785795404.537458784,/loadcell_data_filtered.wrench.force.z,8943.84486214282
0.7715660520000001,1785795404.537656683,/loadcell_data_filtered.wrench.force.z,8937.28749338986
0.7717450130000001,1785795404.537835644,/loadcell_data_filtered.wrench.force.z,8933.63067495506
0.7721139140000001,1785795404.538204545,/loadcell_data_filtered.wrench.force.z,8929.674683941623
0.7725234000000001,1785795404.538614031,/loadcell_data_filtered.wrench.force.z,8926.622560861526
0.773281161,1785795404.539371792,/loadcell_data_filtered.wrench.force.z,8924.062174154764
0.773679776,1785795404.539770407,/loadcell_data_filtered.wrench.force.z,8922.720377146501
0.776402412,1785795404.542493043,/loadcell_data_filtered.wrench.force.z,8921.283806642818
0.776967657,1785795404.543058288,/loadcell_data_filtered.wrench.force.z,8921.045302912673
0.777124357,1785795404.543214988,/loadcell_data_filtered.wrench.force.z,8922.255033399664
0.7773355430000001,1785795404.543426174,/loadcell_data_filtered.wrench.force.z,8923.606188549611
0.777526857,1785795404.543617488,/loadcell_data_filtered.wrench.force.z,8924.843522567244
0.7777085810000001,1785795404.543799212,/loadcell_data_filtered.wrench.force.z,8925.675287051585
0.7790732920000001,1785795404.545163923,/loadcell_data_filtered.wrench.force.z,8925.93671452265
0.779366895,1785795404.545457526,/loadcell_data_filtered.wrench.force.z,8925.50258254351
0.779477661,1785795404.545568292,/loadcell_data_filtered.wrench.force.z,8926.405524459016
0.7796062490000001,1785795404.545696880,/loadcell_data_filtered.wrench.force.z,8927.061608143234
0.7797025510000001,1785795404.545793182,/loadcell_data_filtered.wrench.force.z,8928.033346553684
0.7798131070000001,1785795404.545903738,/loadcell_data_filtered.wrench.force.z,8934.75924245073
0.780076304,1785795404.546166935,/loadcell_data_filtered.wrench.force.z,8938.463598642766
0.780842657,1785795404.546933288,/loadcell_data_filtered.wrench.force.z,8942.621820563565
0.7810284310000001,1785795404.547119062,/loadcell_data_filtered.wrench.force.z,8945.93708365692
0.781489724,1785795404.547580355,/loadcell_data_filtered.wrench.force.z,8949.40492830645
0.782144452,1785795404.548235083,/loadcell_data_filtered.wrench.force.z,8951.00505299238
0.782690297,1785795404.548780928,/loadcell_data_filtered.wrench.force.z,8952.300510689753
0.7835945190000001,1785795404.549685150,/loadcell_data_filtered.wrench.force.z,8952.138743236404
0.7838184530000001,1785795404.549909084,/loadcell_data_filtered.wrench.force.z,8952.003197551645
0.784472079,1785795404.550562710,/loadcell_data_filtered.wrench.force.z,8952.014798274664
0.784765531,1785795404.550856162,/loadcell_data_filtered.wrench.force.z,8951.702803688735
0.7853783950000001,1785795404.551469026,/loadcell_data_filtered.wrench.force.z,8952.035296528209
0.7856615170000001,1785795404.551752148,/loadcell_data_filtered.wrench.force.z,8951.604143492785
0.7860845620000001,1785795404.552175193,/loadcell_data_filtered.wrench.force.z,8951.227887134515
0.786841762,1785795404.552932393,/loadcell_data_filtered.wrench.force.z,8950.413197013848
0.787164835,1785795404.553255466,/loadcell_data_filtered.wrench.force.z,8949.776571452487
0.787511163,1785795404.553601794,/loadcell_data_filtered.wrench.force.z,8947.435401445404
0.7880237210000001,1785795404.554114352,/loadcell_data_filtered.wrench.force.z,8941.738061372025
0.7902925590000001,1785795404.556383190,/loadcell_data_filtered.wrench.force.z,8936.993792013096
0.7904437360000001,1785795404.556534367,/loadcell_data_filtered.wrench.force.z,8933.010134622718
0.790593419,1785795404.556684050,/loadcell_data_filtered.wrench.force.z,8929.638235880295
0.7907202010000001,1785795404.556810832,/loadcell_data_filtered.wrench.force.z,8919.336840369268
0.790834989,1785795404.556925620,/loadcell_data_filtered.wrench.force.z,8917.475918707672
0.791108378,1785795404.557199009,/loadcell_data_filtered.wrench.force.z,8916.067789601964
0.791890979,1785795404.557981610,/loadcell_data_filtered.wrench.force.z,8915.763314893149
0.792066671,1785795404.558157302,/loadcell_data_filtered.wrench.force.z,8915.53845627072
0.792532537,1785795404.558623168,/loadcell_data_filtered.wrench.force.z,8915.396946382214
0.79530941,1785795404.561400041,/loadcell_data_filtered.wrench.force.z,8915.334819333391
0.79571402,1785795404.561804651,/loadcell_data_filtered.wrench.force.z,8915.36991103569
0.7960331890000001,1785795404.562123820,/loadcell_data_filtered.wrench.force.z,8915.675167995067
0.7963949530000001,1785795404.562485584,/loadcell_data_filtered.wrench.force.z,8916.26362429858
0.796723845,1785795404.562814476,/loadcell_data_filtered.wrench.force.z,8916.912204345495
0.797090044,1785795404.563180675,/loadcell_data_filtered.wrench.force.z,8917.207340122839
0.797437331,1785795404.563527962,/loadcell_data_filtered.wrench.force.z,8921.36771087696
0.7977486650000001,1785795404.563839296,/loadcell_data_filtered.wrench.force.z,8924.337663420476
0.7980952520000001,1785795404.564185883,/loadcell_data_filtered.wrench.force.z,8922.213643883055
0.800377595,1785795404.566468226,/loadcell_data_filtered.wrench.force.z,8926.15274042497
0.800924674,1785795404.567015305,/loadcell_data_filtered.wrench.force.z,8929.304309272264
0.8013456290000001,1785795404.567436260,/loadcell_data_filtered.wrench.force.z,8932.878045222888
0.80192695,1785795404.568017581,/loadcell_data_filtered.wrench.force.z,8935.107570615928
0.8023207520000001,1785795404.568411383,/loadcell_data_filtered.wrench.force.z,8936.624668119674
0.8047114790000001,1785795404.570802110,/loadcell_data_filtered.wrench.force.z,8938.013168684758
0.8047338850000001,1785795404.570824516,/loadcell_data_filtered.wrench.force.z,8939.478174761487
0.8047389330000001,1785795404.570829564,/loadcell_data_filtered.wrench.force.z,8939.089028258333
0.8047417870000001,1785795404.570832418,/loadcell_data_filtered.wrench.force.z,8939.667543684414
0.8047443950000001,1785795404.570835026,/loadcell_data_filtered.wrench.force.z,8940.834610546231
0.804811782,1785795404.570902413,/loadcell_data_filtered.wrench.force.z,8942.560382358997
0.8051982700000001,1785795404.571288901,/loadcell_data_filtered.wrench.force.z,8942.40298575394
0.8055707440000001,1785795404.571661375,/loadcell_data_filtered.wrench.force.z,8942.75230240453
0.8058836330000001,1785795404.571974264,/loadcell_data_filtered.wrench.force.z,8943.216312728979
0.806179987,1785795404.572270618,/loadcell_data_filtered.wrench.force.z,8938.10766724291
0.8064153980000001,1785795404.572506029,/loadcell_data_filtered.wrench.force.z,8935.29095137065
0.806611897,1785795404.572702528,/loadcell_data_filtered.wrench.force.z,8932.00495547417
0.8079299120000001,1785795404.574020543,/loadcell_data_filtered.wrench.force.z,8929.504907555827
0.8082843420000001,1785795404.574374973,/loadcell_data_filtered.wrench.force.z,8926.754369866772
0.80861284,1785795404.574703471,/loadcell_data_filtered.wrench.force.z,8925.11936933643
0.809002411,1785795404.575093042,/loadcell_data_filtered.wrench.force.z,8917.618550280906
0.8094392970000001,1785795404.575529928,/loadcell_data_filtered.wrench.force.z,8917.103414480498
0.809765214,1785795404.575855845,/loadcell_data_filtered.wrench.force.z,8916.58966455634
0.810148693,1785795404.576239324,/loadcell_data_filtered.wrench.force.z,8916.7378550769
0.810451247,1785795404.576541878,/loadcell_data_filtered.wrench.force.z,8917.623170487988
0.8107522730000001,1785795404.576842904,/loadcell_data_filtered.wrench.force.z,8917.597046764999
0.8111108760000001,1785795404.577201507,/loadcell_data_filtered.wrench.force.z,8916.892357041479
0.8114148800000001,1785795404.577505511,/loadcell_data_filtered.wrench.force.z,8916.87850239705
0.8116645920000001,1785795404.577755223,/loadcell_data_filtered.wrench.force.z,8916.329579246063
0.811978501,1785795404.578069132,/loadcell_data_filtered.wrench.force.z,8916.248911611825
0.812855396,1785795404.578946027,/loadcell_data_filtered.wrench.force.z,8916.229334577001
0.8132512030000001,1785795404.579341834,/loadcell_data_filtered.wrench.force.z,8922.045027147089
0.8151987980000001,1785795404.581289429,/loadcell_data_filtered.wrench.force.z,8926.545952959903
0.8154437510000001,1785795404.581534382,/loadcell_data_filtered.wrench.force.z,8930.334321717219
0.8156016290000001,1785795404.581692260,/loadcell_data_filtered.wrench.force.z,8932.632029666134
0.815752133,1785795404.581842764,/loadcell_data_filtered.wrench.force.z,8928.580786618095
0.8159617610000001,1785795404.582052392,/loadcell_data_filtered.wrench.force.z,8931.068352510825
0.817641268,1785795404.583731899,/loadcell_data_filtered.wrench.force.z,8931.244965025646
0.817867258,1785795404.583957889,/loadcell_data_filtered.wrench.force.z,8931.855960265397
0.818008437,1785795404.584099068,/loadcell_data_filtered.wrench.force.z,8932.422696603438
0.818127527,1785795404.584218158,/loadcell_data_filtered.wrench.force.z,8926.055440576945
0.8189078430000001,1785795404.584998474,/loadcell_data_filtered.wrench.force.z,8927.458809782214
0.8193164890000001,1785795404.585407120,/loadcell_data_filtered.wrench.force.z,8927.782192725883
0.819608705,1785795404.585699336,/loadcell_data_filtered.wrench.force.z,8928.205436821654
0.8198592180000001,1785795404.585949849,/loadcell_data_filtered.wrench.force.z,8928.890225544676
0.820104738,1785795404.586195369,/loadcell_data_filtered.wrench.force.z,8929.243230990038
0.8203911490000001,1785795404.586481780,/loadcell_data_filtered.wrench.force.z,8929.498705867894
0.8227843010000001,1785795404.588874932,/loadcell_data_filtered.wrench.force.z,8927.024023337714
0.823119351,1785795404.589209982,/loadcell_data_filtered.wrench.force.z,8923.584129583318
0.823346122,1785795404.589436753,/loadcell_data_filtered.wrench.force.z,8919.471549866561
0.8235994440000001,1785795404.589690075,/loadcell_data_filtered.wrench.force.z,8909.908096730092
0.8239131460000001,1785795404.590003777,/loadcell_data_filtered.wrench.force.z,8908.298722205285
0.8256663780000001,1785795404.591757009,/loadcell_data_filtered.wrench.force.z,8905.92381124714
0.8261308300000001,1785795404.592221461,/loadcell_data_filtered.wrench.force.z,8905.238039695327
0.826425637,1785795404.592516268,/loadcell_data_filtered.wrench.force.z,8905.443387708608
0.8267643130000001,1785795404.592854944,/loadcell_data_filtered.wrench.force.z,8901.071196856423
0.827095655,1785795404.593186286,/loadcell_data_filtered.wrench.force.z,8899.93345102333
0.828334753,1785795404.594425384,/loadcell_data_filtered.wrench.force.z,8899.596921543243
0.82890427,1785795404.594994901,/loadcell_data_filtered.wrench.force.z,8899.486229549493
0.8289122090000001,1785795404.595002840,/loadcell_data_filtered.wrench.force.z,8899.760680354497
0.8291438940000001,1785795404.595234525,/loadcell_data_filtered.wrench.force.z,8896.7995595155
0.829396212,1785795404.595486843,/loadcell_data_filtered.wrench.force.z,8893.261888145664
0.829662765,1785795404.595753396,/loadcell_data_filtered.wrench.force.z,8893.630529656837
0.830321399,1785795404.596412030,/loadcell_data_filtered.wrench.force.z,8892.715813319332
0.8306068710000001,1785795404.596697502,/loadcell_data_filtered.wrench.force.z,8897.861146955871
0.830877704,1785795404.596968335,/loadcell_data_filtered.wrench.force.z,8895.449705585315
0.8311218370000001,1785795404.597212468,/loadcell_data_filtered.wrench.force.z,8899.364662180213
0.831370574,1785795404.597461205,/loadcell_data_filtered.wrench.force.z,8902.257543110263
0.831593502,1785795404.597684133,/loadcell_data_filtered.wrench.force.z,8904.91172706888
0.83191088,1785795404.598001511,/loadcell_data_filtered.wrench.force.z,8906.936804392886
0.832446495,1785795404.598537126,/loadcell_data_filtered.wrench.force.z,8907.762237842448
0.833154029,1785795404.599244660,/loadcell_data_filtered.wrench.force.z,8908.647367728687
0.8334023970000001,1785795404.599493028,/loadcell_data_filtered.wrench.force.z,8909.103692859202
0.8350232860000001,1785795404.601113917,/loadcell_data_filtered.wrench.force.z,8909.94735994401
0.8351926940000001,1785795404.601283325,/loadcell_data_filtered.wrench.force.z,8910.458660354458
0.8353334720000001,1785795404.601424103,/loadcell_data_filtered.wrench.force.z,8904.15677137728
0.835784527,1785795404.601875158,/loadcell_data_filtered.wrench.force.z,8905.163175029244
0.836097505,1785795404.602188136,/loadcell_data_filtered.wrench.force.z,8905.414943763695
0.839289146,1785795404.605379777,/loadcell_data_filtered.wrench.force.z,8906.337036009354
0.8403199960000001,1785795404.606410627,/loadcell_data_filtered.wrench.force.z,8906.201728889873
0.840440457,1785795404.606531088,/loadcell_data_filtered.wrench.force.z,8906.520318436138
0.8405857320000001,1785795404.606676363,/loadcell_data_filtered.wrench.force.z,8901.949019000533
0.840717837,1785795404.606808468,/loadcell_data_filtered.wrench.force.z,8898.995104993026
0.8408746730000001,1785795404.606965304,/loadcell_data_filtered.wrench.force.z,8895.801549257223
0.841064306,1785795404.607154937,/loadcell_data_filtered.wrench.force.z,8893.508352413528
0.842578856,1785795404.608669487,/loadcell_data_filtered.wrench.force.z,8890.822720805409
0.842721067,1785795404.608811698,/loadcell_data_filtered.wrench.force.z,8889.31412514057
0.8431025790000001,1785795404.609193210,/loadcell_data_filtered.wrench.force.z,8886.874412970737
0.843306089,1785795404.609396720,/loadcell_data_filtered.wrench.force.z,8887.171066293395
0.843453674,1785795404.609544305,/loadcell_data_filtered.wrench.force.z,8887.94410805122
0.8436241950000001,1785795404.609714826,/loadcell_data_filtered.wrench.force.z,8888.156392355175
0.8437682620000001,1785795404.609858893,/loadcell_data_filtered.wrench.force.z,8888.428803909663
0.8439564690000001,1785795404.610047100,/loadcell_data_filtered.wrench.force.z,8887.528108312927
0.844205038,1785795404.610295669,/loadcell_data_filtered.wrench.force.z,8886.473756690306
0.8473160850000001,1785795404.613406716,/loadcell_data_filtered.wrench.force.z,8885.785517520619
0.847469138,1785795404.613559769,/loadcell_data_filtered.wrench.force.z,8884.821066078393
0.8476004880000001,1785795404.613691119,/loadcell_data_filtered.wrench.force.z,8884.153239257688
0.847742744,1785795404.613833375,/loadcell_data_filtered.wrench.force.z,8883.698300695183
0.8478755280000001,1785795404.613966159,/loadcell_data_filtered.wrench.force.z,8889.15077177239
0.848016477,1785795404.614107108,/loadcell_data_filtered.wrench.force.z,8892.89216211527
0.848236469,1785795404.614327100,/loadcell_data_filtered.wrench.force.z,8889.300986819973
0.848405411,1785795404.614496042,/loadcell_data_filtered.wrench.force.z,8892.25264247271
0.8485898900000001,1785795404.614680521,/loadcell_data_filtered.wrench.force.z,8894.382117560808
0.848775398,1785795404.614866029,/loadcell_data_filtered.wrench.force.z,8895.269182590662
0.8493539910000001,1785795404.615444622,/loadcell_data_filtered.wrench.force.z,8895.83584418012
0.849750479,1785795404.615841110,/loadcell_data_filtered.wrench.force.z,8895.651427405935
0.850283856,1785795404.616374487,/loadcell_data_filtered.wrench.force.z,8895.8267037902
0.851161793,1785795404.617252424,/loadcell_data_filtered.wrench.force.z,8895.979994983276
0.851624178,1785795404.617714809,/loadcell_data_filtered.wrench.force.z,8896.20857305623
0.8546327220000001,1785795404.620723353,/loadcell_data_filtered.wrench.force.z,8896.67335351211
0.855110095,1785795404.621200726,/loadcell_data_filtered.wrench.force.z,8896.990447592036
0.855386359,1785795404.621476990,/loadcell_data_filtered.wrench.force.z,8897.605031209003
0.8556188320000001,1785795404.621709463,/loadcell_data_filtered.wrench.force.z,8898.656081323194
0.8558184130000001,1785795404.621909044,/loadcell_data_filtered.wrench.force.z,8899.525751038724
0.856027045,1785795404.622117676,/loadcell_data_filtered.wrench.force.z,8896.556510408645
0.856214142,1785795404.622304773,/loadcell_data_filtered.wrench.force.z,8893.976080899782
0.8563833470000001,1785795404.622473978,/loadcell_data_filtered.wrench.force.z,8890.227574279317
0.856588855,1785795404.622679486,/loadcell_data_filtered.wrench.force.z,8886.905943885338
0.856845556,1785795404.622936187,/loadcell_data_filtered.wrench.force.z,8884.719773903647
0.85712454,1785795404.623215171,/loadcell_data_filtered.wrench.force.z,8882.58465699838
0.8574592600000001,1785795404.623549891,/loadcell_data_filtered.wrench.force.z,8881.744538858811
0.85780937,1785795404.623900001,/loadcell_data_filtered.wrench.force.z,8882.154196090083
0.858330055,1785795404.624420686,/loadcell_data_filtered.wrench.force.z,8882.979790089845
0.8588713200000001,1785795404.624961951,/loadcell_data_filtered.wrench.force.z,8883.868404808689
0.8593504750000001,1785795404.625441106,/loadcell_data_filtered.wrench.force.z,8884.56499348428
0.8602358330000001,1785795404.626326464,/loadcell_data_filtered.wrench.force.z,8885.07134605708
0.860498227,1785795404.626588858,/loadcell_data_filtered.wrench.force.z,8885.509077795343
0.8630370380000001,1785795404.629127669,/loadcell_data_filtered.wrench.force.z,8885.537989507824
0.863490732,1785795404.629581363,/loadcell_data_filtered.wrench.force.z,8885.676736699897
0.8638474370000001,1785795404.629938068,/loadcell_data_filtered.wrench.force.z,8886.300393087675
0.864163879,1785795404.630254510,/loadcell_data_filtered.wrench.force.z,8880.957733461064
0.864445254,1785795404.630535885,/loadcell_data_filtered.wrench.force.z,8885.641179181552
0.8652991710000001,1785795404.631389802,/loadcell_data_filtered.wrench.force.z,8888.680969838199
0.865731926,1785795404.631822557,/loadcell_data_filtered.wrench.force.z,8893.057304601894
0.8661722420000001,1785795404.632262873,/loadcell_data_filtered.wrench.force.z,8897.184802329062
0.866618604,1785795404.632709235,/loadcell_data_filtered.wrench.force.z,8900.422644314636
0.8669817740000001,1785795404.633072405,/loadcell_data_filtered.wrench.force.z,8902.578640226748
0.8672782290000001,1785795404.633368860,/loadcell_data_filtered.wrench.force.z,8904.01445825548
0.867603831,1785795404.633694462,/loadcell_data_filtered.wrench.force.z,8903.725787775798
0.8679897940000001,1785795404.634080425,/loadcell_data_filtered.wrench.force.z,8904.120829223537
0.8683647250000001,1785795404.634455356,/loadcell_data_filtered.wrench.force.z,8904.531655736
0.870741096,1785795404.636831727,/loadcell_data_filtered.wrench.force.z,8904.94591618598
0.8710527,1785795404.637143331,/loadcell_data_filtered.wrench.force.z,8905.126203856642
0.871271405,1785795404.637362036,/loadcell_data_filtered.wrench.force.z,8906.393014313204
0.87145764,1785795404.637548271,/loadcell_data_filtered.wrench.force.z,8907.535215821636
0.871638023,1785795404.637728654,/loadcell_data_filtered.wrench.force.z,8908.435363835479
0.871822992,1785795404.637913623,/loadcell_data_filtered.wrench.force.z,8909.477264979485
0.872044166,1785795404.638134797,/loadcell_data_filtered.wrench.force.z,8910.076459303109
0.8722692230000001,1785795404.638359854,/loadcell_data_filtered.wrench.force.z,8904.70154517156
0.872561035,1785795404.638651666,/loadcell_data_filtered.wrench.force.z,8900.143521997517
0.8728518740000001,1785795404.638942505,/loadcell_data_filtered.wrench.force.z,8896.83101078446
0.873144459,1785795404.639235090,/loadcell_data_filtered.wrench.force.z,8894.700357775004
0.8735017070000001,1785795404.639592338,/loadcell_data_filtered.wrench.force.z,8891.992733583878
0.873865992,1785795404.639956623,/loadcell_data_filtered.wrench.force.z,8890.816627260223
0.874592863,1785795404.640683494,/loadcell_data_filtered.wrench.force.z,8890.256949998671
0.875140817,1785795404.641231448,/loadcell_data_filtered.wrench.force.z,8890.46083620026
0.8753535910000001,1785795404.641444222,/loadcell_data_filtered.wrench.force.z,8890.92309252752
0.875890907,1785795404.641981538,/loadcell_data_filtered.wrench.force.z,8891.280157820114
0.8767025260000001,1785795404.642793157,/loadcell_data_filtered.wrench.force.z,8891.458122784337
0.877290187,1785795404.643380818,/loadcell_data_filtered.wrench.force.z,8891.51733421832
0.8776916490000001,1785795404.643782280,/loadcell_data_filtered.wrench.force.z,8891.562472548636
0.877966486,1785795404.644057117,/loadcell_data_filtered.wrench.force.z,8891.553620857041
0.8788076610000001,1785795404.644898292,/loadcell_data_filtered.wrench.force.z,8891.784659559815
0.879171907,1785795404.645262538,/loadcell_data_filtered.wrench.force.z,8892.008862188777
0.880229146,1785795404.646319777,/loadcell_data_filtered.wrench.force.z,8894.186188054933
0.881728332,1785795404.647818963,/loadcell_data_filtered.wrench.force.z,8899.65282316066
0.8822210850000001,1785795404.648311716,/loadcell_data_filtered.wrench.force.z,8905.199775606605
0.8826611230000001,1785795404.648751754,/loadcell_data_filtered.wrench.force.z,8908.911729709813
0.8830961700000001,1785795404.649186801,/loadcell_data_filtered.wrench.force.z,8912.703738108044
0.8834305640000001,1785795404.649521195,/loadcell_data_filtered.wrench.force.z,8916.241485756082
0.8837617860000001,1785795404.649852417,/loadcell_data_filtered.wrench.force.z,8917.407227029636
0.8840689780000001,1785795404.650159609,/loadcell_data_filtered.wrench.force.z,8917.721769217953
0.8843796930000001,1785795404.650470324,/loadcell_data_filtered.wrench.force.z,8918.186264799991
0.8846207570000001,1785795404.650711388,/loadcell_data_filtered.wrench.force.z,8918.460163070733
0.8848557960000001,1785795404.650946427,/loadcell_data_filtered.wrench.force.z,8919.246010803947
0.8851336420000001,1785795404.651224273,/loadcell_data_filtered.wrench.force.z,8919.521507000482
0.885414362,1785795404.651504993,/loadcell_data_filtered.wrench.force.z,8919.818106628007
0.8856267430000001,1785795404.651717374,/loadcell_data_filtered.wrench.force.z,8920.128495702465
0.886238366,1785795404.652328997,/loadcell_data_filtered.wrench.force.z,8920.04404653575
0.8868356340000001,1785795404.652926265,/loadcell_data_filtered.wrench.force.z,8920.214365513657
0.887340868,1785795404.653431499,/loadcell_data_filtered.wrench.force.z,8920.513322833121
0.887668552,1785795404.653759183,/loadcell_data_filtered.wrench.force.z,8916.196439020057
0.8881278640000001,1785795404.654218495,/loadcell_data_filtered.wrench.force.z,8913.428285439844
0.8888623120000001,1785795404.654952943,/loadcell_data_filtered.wrench.force.z,8909.06711794334
0.889194883,1785795404.655285514,/loadcell_data_filtered.wrench.force.z,8906.039521161483
0.8897973140000001,1785795404.655887945,/loadcell_data_filtered.wrench.force.z,8903.404880219583
0.8902013780000001,1785795404.656292009,/loadcell_data_filtered.wrench.force.z,8901.333428573647
0.8906434710000001,1785795404.656734102,/loadcell_data_filtered.wrench.force.z,8899.996889216658
0.8911872430000001,1785795404.657277874,/loadcell_data_filtered.wrench.force.z,8900.056441669127
0.89196061,1785795404.658051241,/loadcell_data_filtered.wrench.force.z,8900.14181163087
0.892249053,1785795404.658339684,/loadcell_data_filtered.wrench.force.z,8900.222393490993
0.892554967,1785795404.658645598,/loadcell_data_filtered.wrench.force.z,8900.616120183266
0.893184171,1785795404.659274802,/loadcell_data_filtered.wrench.force.z,8900.599472688698
0.8939051790000001,1785795404.659995810,/loadcell_data_filtered.wrench.force.z,8900.21833597087
0.895125256,1785795404.661215887,/loadcell_data_filtered.wrench.force.z,8899.69409869359
0.8966513340000001,1785795404.662741965,/loadcell_data_filtered.wrench.force.z,8899.414899084852
0.896906979,1785795404.662997610,/loadcell_data_filtered.wrench.force.z,8899.730995997837
0.8993037420000001,1785795404.665394373,/loadcell_data_filtered.wrench.force.z,8899.956757005484
0.899459721,1785795404.665550352,/loadcell_data_filtered.wrench.force.z,8906.046771130397
0.899596307,1785795404.665686938,/loadcell_data_filtered.wrench.force.z,8910.341904865485
0.899725167,1785795404.665815798,/loadcell_data_filtered.wrench.force.z,8915.005407012964
0.8998497580000001,1785795404.665940389,/loadcell_data_filtered.wrench.force.z,8918.080601664702
0.8999767740000001,1785795404.666067405,/loadcell_data_filtered.wrench.force.z,8921.412027146067
0.9001016470000001,1785795404.666192278,/loadcell_data_filtered.wrench.force.z,8923.214732896668
0.900216498,1785795404.666307129,/loadcell_data_filtered.wrench.force.z,8924.595162981395
0.9025264030000001,1785795404.668617034,/loadcell_data_filtered.wrench.force.z,8925.256628948939
0.9030432780000001,1785795404.669133909,/loadcell_data_filtered.wrench.force.z,8924.648809144535
0.903170546,1785795404.669261177,/loadcell_data_filtered.wrench.force.z,8923.96681572374
0.90329596,1785795404.669386591,/loadcell_data_filtered.wrench.force.z,8924.074238235333
0.9034102770000001,1785795404.669500908,/loadcell_data_filtered.wrench.force.z,8924.274558671532
0.903525491,1785795404.669616122,/loadcell_data_filtered.wrench.force.z,8924.71093352513
0.9036385990000001,1785795404.669729230,/loadcell_data_filtered.wrench.force.z,8925.25038562885
0.9040853740000001,1785795404.670176005,/loadcell_data_filtered.wrench.force.z,8925.717233292966
0.9048272660000001,1785795404.670917897,/loadcell_data_filtered.wrench.force.z,8924.044820293602
0.9050051920000001,1785795404.671095823,/loadcell_data_filtered.wrench.force.z,8924.10909482716
0.905142412,1785795404.671233043,/loadcell_data_filtered.wrench.force.z,8919.155155026927
0.9052732680000001,1785795404.671363899,/loadcell_data_filtered.wrench.force.z,8915.087809782606
0.9056345160000001,1785795404.671725147,/loadcell_data_filtered.wrench.force.z,8911.274530930024
0.909454132,1785795404.675544763,/loadcell_data_filtered.wrench.force.z,8908.342675383938
0.9099278690000001,1785795404.676018500,/loadcell_data_filtered.wrench.force.z,8905.692155717566
0.9101876710000001,1785795404.676278302,/loadcell_data_filtered.wrench.force.z,8905.101567999069
0.9103822420000001,1785795404.676472873,/loadcell_data_filtered.wrench.force.z,8905.368840497867
0.910586521,1785795404.676677152,/loadcell_data_filtered.wrench.force.z,8906.423106456105
0.910806384,1785795404.676897015,/loadcell_data_filtered.wrench.force.z,8907.855371859152
0.911050243,1785795404.677140874,/loadcell_data_filtered.wrench.force.z,8909.403225787899
0.91232164,1785795404.678412271,/loadcell_data_filtered.wrench.force.z,8910.070958938644
0.912326885,1785795404.678417516,/loadcell_data_filtered.wrench.force.z,8910.321938811867
0.912331065,1785795404.678421696,/loadcell_data_filtered.wrench.force.z,8909.666374379078
0.912334894,1785795404.678425525,/loadcell_data_filtered.wrench.force.z,8909.871960433571
0.9129945540000001,1785795404.679085185,/loadcell_data_filtered.wrench.force.z,8910.051706382674
0.9132991340000001,1785795404.679389765,/loadcell_data_filtered.wrench.force.z,8910.392829213957
0.913600519,1785795404.679691150,/loadcell_data_filtered.wrench.force.z,8913.314971685808
0.9139117470000001,1785795404.680002378,/loadcell_data_filtered.wrench.force.z,8918.613614855944
0.915256335,1785795404.681346966,/loadcell_data_filtered.wrench.force.z,8923.805918247746
0.9153748650000001,1785795404.681465496,/loadcell_data_filtered.wrench.force.z,8928.02916393899
0.915510849,1785795404.681601480,/loadcell_data_filtered.wrench.force.z,8931.252841546126
0.915647321,1785795404.681737952,/loadcell_data_filtered.wrench.force.z,8927.437529423587
0.9171594710000001,1785795404.683250102,/loadcell_data_filtered.wrench.force.z,8929.698880819391
0.917444809,1785795404.683535440,/loadcell_data_filtered.wrench.force.z,8930.097647134804
0.918048819,1785795404.684139450,/loadcell_data_filtered.wrench.force.z,8930.753458928868
0.9180857240000001,1785795404.684176355,/loadcell_data_filtered.wrench.force.z,8931.2003305677
0.9182825130000001,1785795404.684373144,/loadcell_data_filtered.wrench.force.z,8931.861355935205
0.918563703,1785795404.684654334,/loadcell_data_filtered.wrench.force.z,8932.20604450239
0.9190988920000001,1785795404.685189523,/loadcell_data_filtered.wrench.force.z,8932.60728703915
0.9199521540000001,1785795404.686042785,/loadcell_data_filtered.wrench.force.z,8932.954146674729
0.920593827,1785795404.686684458,/loadcell_data_filtered.wrench.force.z,8932.669947686827
0.9210756330000001,1785795404.687166264,/loadcell_data_filtered.wrench.force.z,8932.920060638879
0.9214371090000001,1785795404.687527740,/loadcell_data_filtered.wrench.force.z,8932.943992034352
0.921776773,1785795404.687867404,/loadcell_data_filtered.wrench.force.z,8927.729393972226
0.922098162,1785795404.688188793,/loadcell_data_filtered.wrench.force.z,8925.141644720663
0.9222976570000001,1785795404.688388288,/loadcell_data_filtered.wrench.force.z,8920.875576192482
0.922555777,1785795404.688646408,/loadcell_data_filtered.wrench.force.z,8917.412201083172
0.9229974000000001,1785795404.689088031,/loadcell_data_filtered.wrench.force.z,8914.67474503001
0.923935429,1785795404.690026060,/loadcell_data_filtered.wrench.force.z,8913.030778944161
0.9241257900000001,1785795404.690216421,/loadcell_data_filtered.wrench.force.z,8911.729754849552
0.9244279910000001,1785795404.690518622,/loadcell_data_filtered.wrench.force.z,8911.83863193526
0.924981397,1785795404.691072028,/loadcell_data_filtered.wrench.force.z,8912.294215687038
0.925317468,1785795404.691408099,/loadcell_data_filtered.wrench.force.z,8912.420007389239
0.925963822,1785795404.692054453,/loadcell_data_filtered.wrench.force.z,8912.931963489464
0.927532302,1785795404.693622933,/loadcell_data_filtered.wrench.force.z,8912.759521724633
0.927695039,1785795404.693785670,/loadcell_data_filtered.wrench.force.z,8911.190803776823
0.927872062,1785795404.693962693,/loadcell_data_filtered.wrench.force.z,8905.96661581285
0.9282577820000001,1785795404.694348413,/loadcell_data_filtered.wrench.force.z,8906.386146681325
0.9303989380000001,1785795404.696489569,/loadcell_data_filtered.wrench.force.z,8905.914283904964
0.930594596,1785795404.696685227,/loadcell_data_filtered.wrench.force.z,8906.549111620676
0.9307453880000001,1785795404.696836019,/loadcell_data_filtered.wrench.force.z,8913.136833649301
0.9308927600000001,1785795404.696983391,/loadcell_data_filtered.wrench.force.z,8912.176847826624
0.9310467910000001,1785795404.697137422,/loadcell_data_filtered.wrench.force.z,8915.38524385116
0.933346211,1785795404.699436842,/loadcell_data_filtered.wrench.force.z,8918.51327007767
0.9336669700000001,1785795404.699757601,/loadcell_data_filtered.wrench.force.z,8921.989854507818
0.933957645,1785795404.700048276,/loadcell_data_filtered.wrench.force.z,8923.580723488776
0.9341940660000001,1785795404.700284697,/loadcell_data_filtered.wrench.force.z,8918.406451619043
0.9344144360000001,1785795404.700505067,/loadcell_data_filtered.wrench.force.z,8919.43083313786
0.9346309140000001,1785795404.700721545,/loadcell_data_filtered.wrench.force.z,8919.340148083837
0.9354200020000001,1785795404.701510633,/loadcell_data_filtered.wrench.force.z,8920.291467268049
0.935692155,1785795404.701782786,/loadcell_data_filtered.wrench.force.z,8920.782740555549
0.935937628,1785795404.702028259,/loadcell_data_filtered.wrench.force.z,8915.166419979414
0.936168183,1785795404.702258814,/loadcell_data_filtered.wrench.force.z,8915.226250010459
0.9379629190000001,1785795404.704053550,/loadcell_data_filtered.wrench.force.z,8915.336867586066
0.938436873,1785795404.704527504,/loadcell_data_filtered.wrench.force.z,8915.71534015361
0.938797799,1785795404.704888430,/loadcell_data_filtered.wrench.force.z,8916.29024674263
0.9392467200000001,1785795404.705337351,/loadcell_data_filtered.wrench.force.z,8910.496240341367
0.939635493,1785795404.705726124,/loadcell_data_filtered.wrench.force.z,8904.625604923425
0.9400281540000001,1785795404.706118785,/loadcell_data_filtered.wrench.force.z,8900.05215975343
0.9404684710000001,1785795404.706559102,/loadcell_data_filtered.wrench.force.z,8897.341069054833
0.941198438,1785795404.707289069,/loadcell_data_filtered.wrench.force.z,8894.168899189202
0.941877481,1785795404.707968112,/loadcell_data_filtered.wrench.force.z,8891.256975112443
0.9423224910000001,1785795404.708413122,/loadcell_data_filtered.wrench.force.z,8890.183068887922
0.9426827400000001,1785795404.708773371,/loadcell_data_filtered.wrench.force.z,8889.941879881977
0.944936524,1785795404.711027155,/loadcell_data_filtered.wrench.force.z,8890.154949125746
0.9452073550000001,1785795404.711297986,/loadcell_data_filtered.wrench.force.z,8890.580278954023
0.94541145,1785795404.711502081,/loadcell_data_filtered.wrench.force.z,8891.32287923201
0.945577152,1785795404.711667783,/loadcell_data_filtered.wrench.force.z,8892.23615431844
0.9457875160000001,1785795404.711878147,/loadcell_data_filtered.wrench.force.z,8893.000686285517
0.9460780440000001,1785795404.712168675,/loadcell_data_filtered.wrench.force.z,8893.950081175604
0.946380078,1785795404.712470709,/loadcell_data_filtered.wrench.force.z,8894.70512418527
0.9466665120000001,1785795404.712757143,/loadcell_data_filtered.wrench.force.z,8895.40141089984
0.9468788050000001,1785795404.712969436,/loadcell_data_filtered.wrench.force.z,8895.40536318923
0.947167128,1785795404.713257759,/loadcell_data_filtered.wrench.force.z,8897.621343147768
0.9479472750000001,1785795404.714037906,/loadcell_data_filtered.wrench.force.z,8901.945570783124
0.948352378,1785795404.714443009,/loadcell_data_filtered.wrench.force.z,8906.412318004768
0.9486571650000001,1785795404.714747796,/loadcell_data_filtered.wrench.force.z,8903.390851819218
0.9489613750000001,1785795404.715052006,/loadcell_data_filtered.wrench.force.z,8907.221221886019
0.9492896430000001,1785795404.715380274,/loadcell_data_filtered.wrench.force.z,8909.799541347205
0.949684767,1785795404.715775398,/loadcell_data_filtered.wrench.force.z,8911.87936213762
0.9501455050000001,1785795404.716236136,/loadcell_data_filtered.wrench.force.z,8913.705131320805
0.950583834,1785795404.716674465,/loadcell_data_filtered.wrench.force.z,8914.539413952576
0.9510101780000001,1785795404.717100809,/loadcell_data_filtered.wrench.force.z,8915.247304971708
0.952550412,1785795404.718641043,/loadcell_data_filtered.wrench.force.z,8915.38832233347
0.9529799320000001,1785795404.719070563,/loadcell_data_filtered.wrench.force.z,8915.450559259993
0.9532135500000001,1785795404.719304181,/loadcell_data_filtered.wrench.force.z,8916.611328655903
0.9534169210000001,1785795404.719507552,/loadcell_data_filtered.wrench.force.z,8918.174386891409
0.953620478,1785795404.719711109,/loadcell_data_filtered.wrench.force.z,8918.399679078819
0.9538921220000001,1785795404.719982753,/loadcell_data_filtered.wrench.force.z,8918.581740463676
0.954202451,1785795404.720293082,/loadcell_data_filtered.wrench.force.z,8918.316163656687
0.9546177570000001,1785795404.720708388,/loadcell_data_filtered.wrench.force.z,8913.366653761339
0.955052699,1785795404.721143330,/loadcell_data_filtered.wrench.force.z,8910.222374402098
0.955963752,1785795404.722054383,/loadcell_data_filtered.wrench.force.z,8905.988788894021
0.9563823600000001,1785795404.722472991,/loadcell_data_filtered.wrench.force.z,8902.65028940216
0.9568443950000001,1785795404.722935026,/loadcell_data_filtered.wrench.force.z,8899.321797564771
0.957285362,1785795404.723375993,/loadcell_data_filtered.wrench.force.z,8897.133133918725
0.9577184900000001,1785795404.723809121,/loadcell_data_filtered.wrench.force.z,8895.976325165082
0.9581671570000001,1785795404.724257788,/loadcell_data_filtered.wrench.force.z,8894.71025985585
0.958413908,1785795404.724504539,/loadcell_data_filtered.wrench.force.z,8894.258883797831
0.9589681640000001,1785795404.725058795,/loadcell_data_filtered.wrench.force.z,8893.833780738783
0.9593462190000001,1785795404.725436850,/loadcell_data_filtered.wrench.force.z,8893.226713257827
0.959840914,1785795404.725931545,/loadcell_data_filtered.wrench.force.z,8892.316882030464
0.9606108800000001,1785795404.726701511,/loadcell_data_filtered.wrench.force.z,8891.014686623097
0.9609177550000001,1785795404.727008386,/loadcell_data_filtered.wrench.force.z,8889.819168801074
0.961279867,1785795404.727370498,/loadcell_data_filtered.wrench.force.z,8889.13072554132
0.9618541650000001,1785795404.727944796,/loadcell_data_filtered.wrench.force.z,8888.231887972517
0.9627627620000001,1785795404.728853393,/loadcell_data_filtered.wrench.force.z,8887.384987973792
0.9629784050000001,1785795404.729069036,/loadcell_data_filtered.wrench.force.z,8892.465057238473
0.963348661,1785795404.729439292,/loadcell_data_filtered.wrench.force.z,8896.062954598972
0.9647494360000001,1785795404.730840067,/loadcell_data_filtered.wrench.force.z,8899.428305638145
0.964911426,1785795404.731002057,/loadcell_data_filtered.wrench.force.z,8901.858448864476
0.9650700090000001,1785795404.731160640,/loadcell_data_filtered.wrench.force.z,8904.641049522348
0.9672611910000001,1785795404.733351822,/loadcell_data_filtered.wrench.force.z,8905.844312515299
0.9689176970000001,1785795404.735008328,/loadcell_data_filtered.wrench.force.z,8906.927399470458
0.969073551,1785795404.735164182,/loadcell_data_filtered.wrench.force.z,8907.203876116424
0.9692156030000001,1785795404.735306234,/loadcell_data_filtered.wrench.force.z,8907.987600882867
0.969390481,1785795404.735481112,/loadcell_data_filtered.wrench.force.z,8908.820160830499
0.969487508,1785795404.735578139,/loadcell_data_filtered.wrench.force.z,8909.89027666364
0.969609692,1785795404.735700323,/loadcell_data_filtered.wrench.force.z,8910.564621778709
0.9697332160000001,1785795404.735823847,/loadcell_data_filtered.wrench.force.z,8911.638892056219
0.969857885,1785795404.735948516,/loadcell_data_filtered.wrench.force.z,8912.999313234106
0.9699863710000001,1785795404.736077002,/loadcell_data_filtered.wrench.force.z,8912.706999511136
0.970839623,1785795404.736930254,/loadcell_data_filtered.wrench.force.z,8912.894384035457
0.9713392380000001,1785795404.737429869,/loadcell_data_filtered.wrench.force.z,8912.884811336384
0.9716458920000001,1785795404.737736523,/loadcell_data_filtered.wrench.force.z,8908.652988426873
0.971951113,1785795404.738041744,/loadcell_data_filtered.wrench.force.z,8905.241366699698
0.9723770290000001,1785795404.738467660,/loadcell_data_filtered.wrench.force.z,8902.866203631973
0.9729885290000001,1785795404.739079160,/loadcell_data_filtered.wrench.force.z,8900.924710226536
0.973410765,1785795404.739501396,/loadcell_data_filtered.wrench.force.z,8898.643390125533
0.973826312,1785795404.739916943,/loadcell_data_filtered.wrench.force.z,8897.865265190478
0.9742702950000001,1785795404.740360926,/loadcell_data_filtered.wrench.force.z,8898.60909557845
0.9748114590000001,1785795404.740902090,/loadcell_data_filtered.wrench.force.z,8899.824100684125
0.97541732,1785795404.741507951,/loadcell_data_filtered.wrench.force.z,8901.022600672939
0.9759721060000001,1785795404.742062737,/loadcell_data_filtered.wrench.force.z,8901.53566669765
0.976538926,1785795404.742629557,/loadcell_data_filtered.wrench.force.z,8901.790280699828
0.9768780130000001,1785795404.742968644,/loadcell_data_filtered.wrench.force.z,8902.098168639772
0.977296547,1785795404.743387178,/loadcell_data_filtered.wrench.force.z,8902.469897970126
0.97774391,1785795404.743834541,/loadcell_data_filtered.wrench.force.z,8902.884161373617
0.978181433,1785795404.744272064,/loadcell_data_filtered.wrench.force.z,8903.032787777884
0.9787213480000001,1785795404.744811979,/loadcell_data_filtered.wrench.force.z,8903.56415154124
0.979365539,1785795404.745456170,/loadcell_data_filtered.wrench.force.z,8908.158775355683
0.980077309,1785795404.746167940,/loadcell_data_filtered.wrench.force.z,8911.850734859192
0.980456105,1785795404.746546736,/loadcell_data_filtered.wrench.force.z,8916.430494397482
0.981514159,1785795404.747604790,/loadcell_data_filtered.wrench.force.z,8920.157778472716
0.9825586660000001,1785795404.748649297,/loadcell_data_filtered.wrench.force.z,8923.059085602283
0.9828637790000001,1785795404.748954410,/loadcell_data_filtered.wrench.force.z,8926.420248718767
0.9831596210000001,1785795404.749250252,/loadcell_data_filtered.wrench.force.z,8927.89357356421
0.983425949,1785795404.749516580,/loadcell_data_filtered.wrench.force.z,8929.04591733869
0.984057802,1785795404.750148433,/loadcell_data_filtered.wrench.force.z,8929.219495843714
0.9850776590000001,1785795404.751168290,/loadcell_data_filtered.wrench.force.z,8929.56077196805
0.9854189310000001,1785795404.751509562,/loadcell_data_filtered.wrench.force.z,8930.15903356223
0.985687437,1785795404.751778068,/loadcell_data_filtered.wrench.force.z,8929.822604521385
0.9859408900000001,1785795404.752031521,/loadcell_data_filtered.wrench.force.z,8929.994605842898
0.9861908730000001,1785795404.752281504,/loadcell_data_filtered.wrench.force.z,8930.509791588272
0.9864288470000001,1785795404.752519478,/loadcell_data_filtered.wrench.force.z,8931.195606963645
0.9867471910000001,1785795404.752837822,/loadcell_data_filtered.wrench.force.z,8931.247234925104
0.9874199260000001,1785795404.753510557,/loadcell_data_filtered.wrench.force.z,8931.452199427873
0.987666758,1785795404.753757389,/loadcell_data_filtered.wrench.force.z,8926.559346136313
0.9881583340000001,1785795404.754248965,/loadcell_data_filtered.wrench.force.z,8923.61046706853
0.9887742690000001,1785795404.754864900,/loadcell_data_filtered.wrench.force.z,8920.28416709136
0.9891388210000001,1785795404.755229452,/loadcell_data_filtered.wrench.force.z,8917.228447639309
0.989790453,1785795404.755881084,/loadcell_data_filtered.wrench.force.z,8914.439582523406
0.9902144390000001,1785795404.756305070,/loadcell_data_filtered.wrench.force.z,8913.218755135204
0.990766311,1785795404.756856942,/loadcell_data_filtered.wrench.force.z,8911.921594602096
0.9912065830000001,1785795404.757297214,/loadcell_data_filtered.wrench.force.z,8912.440469271105
0.992127077,1785795404.758217708,/loadcell_data_filtered.wrench.force.z,8912.965531920645
0.9923097260000001,1785795404.758400357,/loadcell_data_filtered.wrench.force.z,8913.24291628629
0.9930842240000001,1785795404.759174855,/loadcell_data_filtered.wrench.force.z,8913.42676140295
0.993683309,1785795404.759773940,/loadcell_data_filtered.wrench.force.z,8913.059442338214
0.994162757,1785795404.760253388,/loadcell_data_filtered.wrench.force.z,8913.12923082589
0.9945935050000001,1785795404.760684136,/loadcell_data_filtered.wrench.force.z,8913.238332839685
0.995000045,1785795404.761090676,/loadcell_data_filtered.wrench.force.z,8913.483135354501
0.9954384430000001,1785795404.761529074,/loadcell_data_filtered.wrench.force.z,8913.516415255766
0.9960454550000001,1785795404.762136086,/loadcell_data_filtered.wrench.force.z,8913.807390489912
0.9976879930000001,1785795404.763778624,/loadcell_data_filtered.wrench.force.z,8919.699446837441
0.9979080640000001,1785795404.763998695,/loadcell_data_filtered.wrench.force.z,8924.168078508965
0.998065336,1785795404.764155967,/loadcell_data_filtered.wrench.force.z,8923.660075312544
0.998203284,1785795404.764293915,/loadcell_data_filtered.wrench.force.z,8924.89503781206
0.9988989800000001,1785795404.764989611,/loadcell_data_filtered.wrench.force.z,8928.145515113372
1.000018731,1785795404.766109362,/loadcell_data_filtered.wrench.force.z,8929.608279459686
1.000181612,1785795404.766272243,/loadcell_data_filtered.wrench.force.z,8930.936175662318
1.000874594,1785795404.766965225,/loadcell_data_filtered.wrench.force.z,8931.539353246728
1.001052857,1785795404.767143488,/loadcell_data_filtered.wrench.force.z,8932.026562252358
1.001630703,1785795404.767721334,/loadcell_data_filtered.wrench.force.z,8932.19487579479
1.001847983,1785795404.767938614,/loadcell_data_filtered.wrench.force.z,8932.877593389232
1.002076273,1785795404.768166904,/loadcell_data_filtered.wrench.force.z,8932.736818978461
1.002342845,1785795404.768433476,/loadcell_data_filtered.wrench.force.z,8932.517145639318
1.00399575,1785795404.770086381,/loadcell_data_filtered.wrench.force.z,8932.069028095477
1.004780338,1785795404.770870969,/loadcell_data_filtered.wrench.force.z,8932.018791692071
1.004946572,1785795404.771037203,/loadcell_data_filtered.wrench.force.z,8932.705221322432
1.005080979,1785795404.771171610,/loadcell_data_filtered.wrench.force.z,8931.162306864444
1.00520145,1785795404.771292081,/loadcell_data_filtered.wrench.force.z,8926.227545524462
1.005320459,1785795404.771411090,/loadcell_data_filtered.wrench.force.z,8922.238657011625
1.006577228,1785795404.772667859,/loadcell_data_filtered.wrench.force.z,8917.90635431258
1.007048069,1785795404.773138700,/loadcell_data_filtered.wrench.force.z,8913.703712233977
1.007311727,1785795404.773402358,/loadcell_data_filtered.wrench.force.z,8911.082474638471
1.007345151,1785795404.773435782,/loadcell_data_filtered.wrench.force.z,8909.764176822788
1.007756777,1785795404.773847408,/loadcell_data_filtered.wrench.force.z,8908.34074724541
1.008688637,1785795404.774779268,/loadcell_data_filtered.wrench.force.z,8907.259707017243
1.00902076,1785795404.775111391,/loadcell_data_filtered.wrench.force.z,8906.739189619651
1.009088787,1785795404.775179418,/loadcell_data_filtered.wrench.force.z,8906.251642843781
1.009542352,1785795404.775632983,/loadcell_data_filtered.wrench.force.z,8905.607412984855
1.010112566,1785795404.776203197,/loadcell_data_filtered.wrench.force.z,8904.760883476672
1.010471243,1785795404.776561874,/loadcell_data_filtered.wrench.force.z,8904.162349630235
1.011839165,1785795404.777929796,/loadcell_data_filtered.wrench.force.z,8903.400539139078
1.012679122,1785795404.778769753,/loadcell_data_filtered.wrench.force.z,8902.908404597923
1.012964556,1785795404.779055187,/loadcell_data_filtered.wrench.force.z,8902.75011855573
1.013226326,1785795404.779316957,/loadcell_data_filtered.wrench.force.z,8907.14109881155
1.013483344,1785795404.779573975,/loadcell_data_filtered.wrench.force.z,8910.004591362322
1.015780778,1785795404.781871409,/loadcell_data_filtered.wrench.force.z,8913.46024768402
1.016277648,1785795404.782368279,/loadcell_data_filtered.wrench.force.z,8916.827476411687
1.016599517,1785795404.782690148,/loadcell_data_filtered.wrench.force.z,8919.602136680242
1.016950961,1785795404.783041592,/loadcell_data_filtered.wrench.force.z,8921.39541666156
1.017293464,1785795404.783384095,/loadcell_data_filtered.wrench.force.z,8922.927921818116
1.017585339,1785795404.783675970,/loadcell_data_filtered.wrench.force.z,8923.45976089185
1.017815634,1785795404.783906265,/loadcell_data_filtered.wrench.force.z,8923.897736603507
1.01807082,1785795404.784161451,/loadcell_data_filtered.wrench.force.z,8924.767545303916
1.018348899,1785795404.784439530,/loadcell_data_filtered.wrench.force.z,8925.34268288416
1.020016344,1785795404.786106975,/loadcell_data_filtered.wrench.force.z,8925.984533722098
1.020430678,1785795404.786521309,/loadcell_data_filtered.wrench.force.z,8926.564610762349
1.020677572,1785795404.786768203,/loadcell_data_filtered.wrench.force.z,8927.136338208242
1.020890295,1785795404.786980926,/loadcell_data_filtered.wrench.force.z,8920.675627608704
1.021104826,1785795404.787195457,/loadcell_data_filtered.wrench.force.z,8921.755078343782
1.021307302,1785795404.787397933,/loadcell_data_filtered.wrench.force.z,8921.5986778479
1.021538448,1785795404.787629079,/loadcell_data_filtered.wrench.force.z,8916.610682812909
1.02176783,1785795404.787858461,/loadcell_data_filtered.wrench.force.z,8913.916953134056
1.022212683,1785795404.788303314,/loadcell_data_filtered.wrench.force.z,8910.759730546135
1.022608407,1785795404.788699038,/loadcell_data_filtered.wrench.force.z,8908.663119429826
1.022974623,1785795404.789065254,/loadcell_data_filtered.wrench.force.z,8906.277070536145
1.023477559,1785795404.789568190,/loadcell_data_filtered.wrench.force.z,8905.35467487464
1.024195088,1785795404.790285719,/loadcell_data_filtered.wrench.force.z,8904.43016673809
1.027760655,1785795404.793851286,/loadcell_data_filtered.wrench.force.z,8905.524674218328
1.02828458,1785795404.794375211,/loadcell_data_filtered.wrench.force.z,8906.54940873107
1.028618026,1785795404.794708657,/loadcell_data_filtered.wrench.force.z,8907.715193616328
1.029690502,1785795404.795781133,/loadcell_data_filtered.wrench.force.z,8909.183059527917
1.029701007,1785795404.795791638,/loadcell_data_filtered.wrench.force.z,8909.861444884065
1.029704099,1785795404.795794730,/loadcell_data_filtered.wrench.force.z,8910.778197230848
1.0299368740000001,1785795404.796027505,/loadcell_data_filtered.wrench.force.z,8911.858059873775
1.030309338,1785795404.796399969,/loadcell_data_filtered.wrench.force.z,8912.291891304574
1.030735224,1785795404.796825855,/loadcell_data_filtered.wrench.force.z,8911.69176073565
1.031151714,1785795404.797242345,/loadcell_data_filtered.wrench.force.z,8912.405111928483
1.031486189,1785795404.797576820,/loadcell_data_filtered.wrench.force.z,8918.911058637686
1.031815033,1785795404.797905664,/loadcell_data_filtered.wrench.force.z,8924.339517917146
1.032180105,1785795404.798270736,/loadcell_data_filtered.wrench.force.z,8928.642305644553
1.032440263,1785795404.798530894,/loadcell_data_filtered.wrench.force.z,8932.393967338989
1.032718794,1785795404.798809425,/loadcell_data_filtered.wrench.force.z,8935.723944320891
1.033000584,1785795404.799091215,/loadcell_data_filtered.wrench.force.z,8937.556584287031
1.033302767,1785795404.799393398,/loadcell_data_filtered.wrench.force.z,8938.681355640183
1.033628014,1785795404.799718645,/loadcell_data_filtered.wrench.force.z,8939.38245207311
1.034004993,1785795404.800095624,/loadcell_data_filtered.wrench.force.z,8940.06700737924
1.034315304,1785795404.800405935,/loadcell_data_filtered.wrench.force.z,8941.09433486725
1.03459723,1785795404.800687861,/loadcell_data_filtered.wrench.force.z,8941.579167533042
1.035162856,1785795404.801253487,/loadcell_data_filtered.wrench.force.z,8942.181585922293
1.035691016,1785795404.801781647,/loadcell_data_filtered.wrench.force.z,8942.961529023742
1.036244295,1785795404.802334926,/loadcell_data_filtered.wrench.force.z,8943.257371274141
1.036647208,1785795404.802737839,/loadcell_data_filtered.wrench.force.z,8943.691776899981
1.037156151,1785795404.803246782,/loadcell_data_filtered.wrench.force.z,8943.93253324651
1.037508169,1785795404.803598800,/loadcell_data_filtered.wrench.force.z,8941.182498410362
1.037985261,1785795404.804075892,/loadcell_data_filtered.wrench.force.z,8937.55833257574
1.038955437,1785795404.805046068,/loadcell_data_filtered.wrench.force.z,8933.375002303304
1.03914923,1785795404.805239861,/loadcell_data_filtered.wrench.force.z,8930.222218656023
1.03938402,1785795404.805474651,/loadcell_data_filtered.wrench.force.z,8927.679332993666
1.039893596,1785795404.805984227,/loadcell_data_filtered.wrench.force.z,8925.255446618707
1.040722822,1785795404.806813453,/loadcell_data_filtered.wrench.force.z,8924.037480620982
1.041033936,1785795404.807124567,/loadcell_data_filtered.wrench.force.z,8923.744325238124
1.043523073,1785795404.809613704,/loadcell_data_filtered.wrench.force.z,8923.88441852501
1.043963759,1785795404.810054390,/loadcell_data_filtered.wrench.force.z,8923.934836372255
1.044386405,1785795404.810477036,/loadcell_data_filtered.wrench.force.z,8921.288760622161
1.0447327770000001,1785795404.810823408,/loadcell_data_filtered.wrench.force.z,8917.263563978864
1.04503352,1785795404.811124151,/loadcell_data_filtered.wrench.force.z,8917.568908442698
1.04720669,1785795404.813297321,/loadcell_data_filtered.wrench.force.z,8916.56863184137
1.047507315,1785795404.813597946,/loadcell_data_filtered.wrench.force.z,8915.83101674399
1.047639675,1785795404.813730306,/loadcell_data_filtered.wrench.force.z,8916.275115047287
1.047776334,1785795404.813866965,/loadcell_data_filtered.wrench.force.z,8916.518008652902
1.047924179,1785795404.814014810,/loadcell_data_filtered.wrench.force.z,8922.053018532504
1.04806765,1785795404.814158281,/loadcell_data_filtered.wrench.force.z,8926.090531625154
1.04825854,1785795404.814349171,/loadcell_data_filtered.wrench.force.z,8930.914539254543
1.048447188,1785795404.814537819,/loadcell_data_filtered.wrench.force.z,8934.292790686603
1.048630916,1785795404.814721547,/loadcell_data_filtered.wrench.force.z,8935.744287094469
1.048814273,1785795404.814904904,/loadcell_data_filtered.wrench.force.z,8937.164577791807
1.049078644,1785795404.815169275,/loadcell_data_filtered.wrench.force.z,8938.489108004118
1.049548173,1785795404.815638804,/loadcell_data_filtered.wrench.force.z,8939.010411258369
1.050007836,1785795404.816098467,/loadcell_data_filtered.wrench.force.z,8938.933286139507
1.050427811,1785795404.816518442,/loadcell_data_filtered.wrench.force.z,8939.425264052732
1.050846594,1785795404.816937225,/loadcell_data_filtered.wrench.force.z,8939.6978586526
1.051460127,1785795404.817550758,/loadcell_data_filtered.wrench.force.z,8940.184401684217
1.052015936,1785795404.818106567,/loadcell_data_filtered.wrench.force.z,8940.176784628575
1.052460759,1785795404.818551390,/loadcell_data_filtered.wrench.force.z,8940.236938574133
1.052943002,1785795404.819033633,/loadcell_data_filtered.wrench.force.z,8940.45049884824
1.055050383,1785795404.821141014,/loadcell_data_filtered.wrench.force.z,8941.003598753026
1.055213538,1785795404.821304169,/loadcell_data_filtered.wrench.force.z,8941.223016998314
1.055381581,1785795404.821472212,/loadcell_data_filtered.wrench.force.z,8935.74189162452
1.055566084,1785795404.821656715,/loadcell_data_filtered.wrench.force.z,8926.122375162222
1.05572354,1785795404.821814171,/loadcell_data_filtered.wrench.force.z,8923.765016012414
1.056127398,1785795404.822218029,/loadcell_data_filtered.wrench.force.z,8920.485668286938
1.056446132,1785795404.822536763,/loadcell_data_filtered.wrench.force.z,8918.231389133649
1.056931963,1785795404.823022594,/loadcell_data_filtered.wrench.force.z,8917.429217311479
1.057325556,1785795404.823416187,/loadcell_data_filtered.wrench.force.z,8916.761130667197
1.057806243,1785795404.823896874,/loadcell_data_filtered.wrench.force.z,8917.22758272206
1.058595484,1785795404.824686115,/loadcell_data_filtered.wrench.force.z,8918.233278971631
1.059008904,1785795404.825099535,/loadcell_data_filtered.wrench.force.z,8918.943943861774
1.059303981,1785795404.825394612,/loadcell_data_filtered.wrench.force.z,8919.649786248932
1.059834736,1785795404.825925367,/loadcell_data_filtered.wrench.force.z,8920.068247371999
1.060344666,1785795404.826435297,/loadcell_data_filtered.wrench.force.z,8920.343009601595
1.060804738,1785795404.826895369,/loadcell_data_filtered.wrench.force.z,8920.681595338598
1.061388782,1785795404.827479413,/loadcell_data_filtered.wrench.force.z,8921.001708174186
1.062211196,1785795404.828301827,/loadcell_data_filtered.wrench.force.z,8921.246177248659
1.064176199,1785795404.830266830,/loadcell_data_filtered.wrench.force.z,8922.65236642351
1.064370338,1785795404.830460969,/loadcell_data_filtered.wrench.force.z,8928.740479181184
1.064505123,1785795404.830595754,/loadcell_data_filtered.wrench.force.z,8931.717329404446
1.064753507,1785795404.830844138,/loadcell_data_filtered.wrench.force.z,8930.669457948426
1.064900471,1785795404.830991102,/loadcell_data_filtered.wrench.force.z,8934.608546683166
1.0653009,1785795404.831391531,/loadcell_data_filtered.wrench.force.z,8936.502035142694
1.067548433,1785795404.833639064,/loadcell_data_filtered.wrench.force.z,8938.39986534415
1.067690799,1785795404.833781430,/loadcell_data_filtered.wrench.force.z,8938.848551868195
1.067811449,1785795404.833902080,/loadcell_data_filtered.wrench.force.z,8938.853194254943
1.067999714,1785795404.834090345,/loadcell_data_filtered.wrench.force.z,8939.212079353922
1.068131725,1785795404.834222356,/loadcell_data_filtered.wrench.force.z,8932.697412219926
1.069582306,1785795404.835672937,/loadcell_data_filtered.wrench.force.z,8932.938578102328
1.070044982,1785795404.836135613,/loadcell_data_filtered.wrench.force.z,8931.809711376029
1.070218508,1785795404.836309139,/loadcell_data_filtered.wrench.force.z,8931.919643834408
1.070352619,1785795404.836443250,/loadcell_data_filtered.wrench.force.z,8931.836590194443
1.07046883,1785795404.836559461,/loadcell_data_filtered.wrench.force.z,8931.32091874278
1.070601446,1785795404.836692077,/loadcell_data_filtered.wrench.force.z,8930.720355784648
1.070719651,1785795404.836810282,/loadcell_data_filtered.wrench.force.z,8925.382849322008
1.071265163,1785795404.837355794,/loadcell_data_filtered.wrench.force.z,8921.510163779418
1.071850181,1785795404.837940812,/loadcell_data_filtered.wrench.force.z,8917.147482570439
1.072819732,1785795404.838910363,/loadcell_data_filtered.wrench.force.z,8913.18947909633
1.073056742,1785795404.839147373,/loadcell_data_filtered.wrench.force.z,8909.918125612698
1.073363373,1785795404.839454004,/loadcell_data_filtered.wrench.force.z,8907.768238951872
1.075232078,1785795404.841322709,/loadcell_data_filtered.wrench.force.z,8905.403493346328
1.0754586,1785795404.841549231,/loadcell_data_filtered.wrench.force.z,8904.110076730753
1.075580857,1785795404.841671488,/loadcell_data_filtered.wrench.force.z,8898.798650088394
1.076460199,1785795404.842550830,/loadcell_data_filtered.wrench.force.z,8896.507148725495
1.0770879,1785795404.843178531,/loadcell_data_filtered.wrench.force.z,8895.683490493222
1.078051421,1785795404.844142052,/loadcell_data_filtered.wrench.force.z,8895.19754901523
1.078396699,1785795404.844487330,/loadcell_data_filtered.wrench.force.z,8894.71615711016
1.07868272,1785795404.844773351,/loadcell_data_filtered.wrench.force.z,8890.899194127163
1.0789670120000001,1785795404.845057643,/loadcell_data_filtered.wrench.force.z,8887.274954202388
1.079236061,1785795404.845326692,/loadcell_data_filtered.wrench.force.z,8887.067906295984
1.080101026,1785795404.846191657,/loadcell_data_filtered.wrench.force.z,8886.750985407896
1.080308003,1785795404.846398634,/loadcell_data_filtered.wrench.force.z,8892.00334070208
1.080370475,1785795404.846461106,/loadcell_data_filtered.wrench.force.z,8890.104857203538
1.080493397,1785795404.846584028,/loadcell_data_filtered.wrench.force.z,8893.329116958508
1.080823244,1785795404.846913875,/loadcell_data_filtered.wrench.force.z,8896.338488537695
1.081423811,1785795404.847514442,/loadcell_data_filtered.wrench.force.z,8899.531979692147
1.082000149,1785795404.848090780,/loadcell_data_filtered.wrench.force.z,8901.474987775313
1.08245057,1785795404.848541201,/loadcell_data_filtered.wrench.force.z,8903.342874751132
1.084490867,1785795404.850581498,/loadcell_data_filtered.wrench.force.z,8903.759499302045
1.086484183,1785795404.852574814,/loadcell_data_filtered.wrench.force.z,8904.60803636353
1.08690563,1785795404.852996261,/loadcell_data_filtered.wrench.force.z,8905.97722162501
1.087182431,1785795404.853273062,/loadcell_data_filtered.wrench.force.z,8906.83972101521
1.088813624,1785795404.854904255,/loadcell_data_filtered.wrench.force.z,8907.693816206533
1.089319278,1785795404.855409909,/loadcell_data_filtered.wrench.force.z,8908.800088527143
1.089462515,1785795404.855553146,/loadcell_data_filtered.wrench.force.z,8909.543363554814
1.089814405,1785795404.855905036,/loadcell_data_filtered.wrench.force.z,8910.99667219803
1.090152162,1785795404.856242793,/loadcell_data_filtered.wrench.force.z,8912.279558297461
1.090563485,1785795404.856654116,/loadcell_data_filtered.wrench.force.z,8913.056108385821
1.090860145,1785795404.856950776,/loadcell_data_filtered.wrench.force.z,8908.324592837143
1.09120615,1785795404.857296781,/loadcell_data_filtered.wrench.force.z,8904.65581977227
1.091440928,1785795404.857531559,/loadcell_data_filtered.wrench.force.z,8901.202075254076
1.091703666,1785795404.857794297,/loadcell_data_filtered.wrench.force.z,8898.612311512654
1.091995171,1785795404.858085802,/loadcell_data_filtered.wrench.force.z,8896.274167804153
1.092258883,1785795404.858349514,/loadcell_data_filtered.wrench.force.z,8895.030392827424
1.092489604,1785795404.858580235,/loadcell_data_filtered.wrench.force.z,8894.594212887027
1.09276518,1785795404.858855811,/loadcell_data_filtered.wrench.force.z,8894.923230579716
1.093015857,1785795404.859106488,/loadcell_data_filtered.wrench.force.z,8895.552662151871
1.093352221,1785795404.859442852,/loadcell_data_filtered.wrench.force.z,8896.041412418297
1.093597261,1785795404.859687892,/loadcell_data_filtered.wrench.force.z,8896.222128903093
1.093842695,1785795404.859933326,/loadcell_data_filtered.wrench.force.z,8896.34834828831
1.094353867,1785795404.860444498,/loadcell_data_filtered.wrench.force.z,8896.388961220684
1.096533624,1785795404.862624255,/loadcell_data_filtered.wrench.force.z,8896.136465299074
1.09725249,1785795404.863343121,/loadcell_data_filtered.wrench.force.z,8896.25592805764
1.097751086,1785795404.863841717,/loadcell_data_filtered.wrench.force.z,8896.283080315192
1.098208597,1785795404.864299228,/loadcell_data_filtered.wrench.force.z,8898.215697065547
1.09863645,1785795404.864727081,/loadcell_data_filtered.wrench.force.z,8903.491552795462
1.099145891,1785795404.865236522,/loadcell_data_filtered.wrench.force.z,8908.629343231678
1.099596405,1785795404.865687036,/loadcell_data_filtered.wrench.force.z,8912.32786164039
1.100065884,1785795404.866156515,/loadcell_data_filtered.wrench.force.z,8914.87913389744
1.100517028,1785795404.866607659,/loadcell_data_filtered.wrench.force.z,8917.565283848333
1.102771176,1785795404.868861807,/loadcell_data_filtered.wrench.force.z,8918.88790540036
1.102783872,1785795404.868874503,/loadcell_data_filtered.wrench.force.z,8919.47875757771
1.102967528,1785795404.869058159,/loadcell_data_filtered.wrench.force.z,8920.737153369582
1.103214596,1785795404.869305227,/loadcell_data_filtered.wrench.force.z,8914.166524336457
1.103448746,1785795404.869539377,/loadcell_data_filtered.wrench.force.z,8914.751371107595
1.104208457,1785795404.870299088,/loadcell_data_filtered.wrench.force.z,8913.987296655367
1.104414671,1785795404.870505302,/loadcell_data_filtered.wrench.force.z,8915.080547337422
1.10476533,1785795404.870855961,/loadcell_data_filtered.wrench.force.z,8916.071557828185
1.104996468,1785795404.871087099,/loadcell_data_filtered.wrench.force.z,8916.835533824596
1.106583254,1785795404.872673885,/loadcell_data_filtered.wrench.force.z,8917.051152491387
1.106720626,1785795404.872811257,/loadcell_data_filtered.wrench.force.z,8917.702574088826
1.106867408,1785795404.872958039,/loadcell_data_filtered.wrench.force.z,8913.997780228872
1.10804166,1785795404.874132291,/loadcell_data_filtered.wrench.force.z,8910.975434866405
1.108612124,1785795404.874702755,/loadcell_data_filtered.wrench.force.z,8907.783489069976
1.109206109,1785795404.875296740,/loadcell_data_filtered.wrench.force.z,8905.55899792149
1.109601813,1785795404.875692444,/loadcell_data_filtered.wrench.force.z,8903.792752252904
1.109968816,1785795404.876059447,/loadcell_data_filtered.wrench.force.z,8902.490912721194
1.110281174,1785795404.876371805,/loadcell_data_filtered.wrench.force.z,8900.586758585092
1.110559213,1785795404.876649844,/loadcell_data_filtered.wrench.force.z,8901.185916892196
1.110839304,1785795404.876929935,/loadcell_data_filtered.wrench.force.z,8900.97221488491
1.111339037,1785795404.877429668,/loadcell_data_filtered.wrench.force.z,8901.313025457093
1.111693462,1785795404.877784093,/loadcell_data_filtered.wrench.force.z,8902.05050079542
1.1120466740000001,1785795404.878137305,/loadcell_data_filtered.wrench.force.z,8902.768634697826
1.1124601,1785795404.878550731,/loadcell_data_filtered.wrench.force.z,8901.919276654366
1.112867254,1785795404.878957885,/loadcell_data_filtered.wrench.force.z,8901.890682341478
1.113209735,1785795404.879300366,/loadcell_data_filtered.wrench.force.z,8901.729641370528
1.113465114,1785795404.879555745,/loadcell_data_filtered.wrench.force.z,8901.636947529345
1.113693048,1785795404.879783679,/loadcell_data_filtered.wrench.force.z,8901.447872392311
1.113947558,1785795404.880038189,/loadcell_data_filtered.wrench.force.z,8906.815731799672
1.114164234,1785795404.880254865,/loadcell_data_filtered.wrench.force.z,8910.157210032387
1.1149619,1785795404.881052531,/loadcell_data_filtered.wrench.force.z,8913.879084050393
1.115410175,1785795404.881500806,/loadcell_data_filtered.wrench.force.z,8916.786133788684
1.115682594,1785795404.881773225,/loadcell_data_filtered.wrench.force.z,8919.80603459325
1.116070597,1785795404.882161228,/loadcell_data_filtered.wrench.force.z,8921.461817214422
1.116423126,1785795404.882513757,/loadcell_data_filtered.wrench.force.z,8922.624828943417
1.116724533,1785795404.882815164,/loadcell_data_filtered.wrench.force.z,8922.141048297148
1.117094934,1785795404.883185565,/loadcell_data_filtered.wrench.force.z,8922.226571780591
1.118486604,1785795404.884577235,/loadcell_data_filtered.wrench.force.z,8922.572986544441
1.118950329,1785795404.885040960,/loadcell_data_filtered.wrench.force.z,8922.718507052738
1.120102729,1785795404.886193360,/loadcell_data_filtered.wrench.force.z,8922.649288040735
1.120552339,1785795404.886642970,/loadcell_data_filtered.wrench.force.z,8922.333444788968
1.1209774160000001,1785795404.887068047,/loadcell_data_filtered.wrench.force.z,8922.432891241471
1.121384277,1785795404.887474908,/loadcell_data_filtered.wrench.force.z,8922.339103458742
1.121629641,1785795404.887720272,/loadcell_data_filtered.wrench.force.z,8922.274094948123
1.121890454,1785795404.887981085,/loadcell_data_filtered.wrench.force.z,8921.726486944888
1.122127092,1785795404.888217723,/loadcell_data_filtered.wrench.force.z,8916.170613552862
1.122335267,1785795404.888425898,/loadcell_data_filtered.wrench.force.z,8912.112040137514
1.122572148,1785795404.888662779,/loadcell_data_filtered.wrench.force.z,8908.614960805035
1.12285443,1785795404.888945061,/loadcell_data_filtered.wrench.force.z,8906.043248805652
1.123292226,1785795404.889382857,/loadcell_data_filtered.wrench.force.z,8903.443600718125
1.124406057,1785795404.890496688,/loadcell_data_filtered.wrench.force.z,8902.275489594058
1.124798832,1785795404.890889463,/loadcell_data_filtered.wrench.force.z,8902.024340577755
1.125082778,1785795404.891173409,/loadcell_data_filtered.wrench.force.z,8903.123100642175
1.125358045,1785795404.891448676,/loadcell_data_filtered.wrench.force.z,8904.043635584258
1.12595331,1785795404.892043941,/loadcell_data_filtered.wrench.force.z,8904.15761523215
1.126262917,1785795404.892353548,/loadcell_data_filtered.wrench.force.z,8904.462282328144
1.126581797,1785795404.892672428,/loadcell_data_filtered.wrench.force.z,8904.69053559115
1.12713303,1785795404.893223661,/loadcell_data_filtered.wrench.force.z,8904.932896562324
1.12768703,1785795404.893777661,/loadcell_data_filtered.wrench.force.z,8905.210474513728
1.128207472,1785795404.894298103,/loadcell_data_filtered.wrench.force.z,8905.630932944867
1.130019855,1785795404.896110486,/loadcell_data_filtered.wrench.force.z,8905.753710572191
1.13108349,1785795404.897174121,/loadcell_data_filtered.wrench.force.z,8908.593905274021
1.131226827,1785795404.897317458,/loadcell_data_filtered.wrench.force.z,8913.95313148033
1.13136036,1785795404.897450991,/loadcell_data_filtered.wrench.force.z,8919.774760710856
1.131483988,1785795404.897574619,/loadcell_data_filtered.wrench.force.z,8923.508622224586
1.131605116,1785795404.897695747,/loadcell_data_filtered.wrench.force.z,8927.085630558719
1.131728327,1785795404.897818958,/loadcell_data_filtered.wrench.force.z,8930.94215096721
1.132533281,1785795404.898623912,/loadcell_data_filtered.wrench.force.z,8931.820739742134
1.133032803,1785795404.899123434,/loadcell_data_filtered.wrench.force.z,8932.751320423877
1.133403422,1785795404.899494053,/loadcell_data_filtered.wrench.force.z,8933.286850441533
1.133742584,1785795404.899833215,/loadcell_data_filtered.wrench.force.z,8933.739092284351
1.134408609,1785795404.900499240,/loadcell_data_filtered.wrench.force.z,8934.33717806858
1.134902549,1785795404.900993180,/loadcell_data_filtered.wrench.force.z,8934.855549178412
1.135397792,1785795404.901488423,/loadcell_data_filtered.wrench.force.z,8935.404962958879
1.135713041,1785795404.901803672,/loadcell_data_filtered.wrench.force.z,8935.65657399263
1.136126945,1785795404.902217576,/loadcell_data_filtered.wrench.force.z,8935.793497628627
1.136537114,1785795404.902627745,/loadcell_data_filtered.wrench.force.z,8936.308844219877
1.137032228,1785795404.903122859,/loadcell_data_filtered.wrench.force.z,8936.87671372529
1.1375453150000001,1785795404.903635946,/loadcell_data_filtered.wrench.force.z,8932.46673392079
1.1381979150000001,1785795404.904288546,/loadcell_data_filtered.wrench.force.z,8929.762993233058
1.138812115,1785795404.904902746,/loadcell_data_filtered.wrench.force.z,8926.341770106494
1.139108335,1785795404.905198966,/loadcell_data_filtered.wrench.force.z,8923.369989291288
1.1395826,1785795404.905673231,/loadcell_data_filtered.wrench.force.z,8921.1186205129
1.140159582,1785795404.906250213,/loadcell_data_filtered.wrench.force.z,8919.575606998236
1.140723753,1785795404.906814384,/loadcell_data_filtered.wrench.force.z,8918.528780140428
1.141443316,1785795404.907533947,/loadcell_data_filtered.wrench.force.z,8918.946150828499
1.141814688,1785795404.907905319,/loadcell_data_filtered.wrench.force.z,8919.437887106047
1.142103519,1785795404.908194150,/loadcell_data_filtered.wrench.force.z,8919.950179551304
1.14261736,1785795404.908707991,/loadcell_data_filtered.wrench.force.z,8920.457996005276
1.143011334,1785795404.909101965,/loadcell_data_filtered.wrench.force.z,8920.88264936085
1.143830801,1785795404.909921432,/loadcell_data_filtered.wrench.force.z,8921.252952179495
1.144133527,1785795404.910224158,/loadcell_data_filtered.wrench.force.z,8921.601082100804
1.145099169,1785795404.911189800,/loadcell_data_filtered.wrench.force.z,8922.263201800692
1.145372737,1785795404.911463368,/loadcell_data_filtered.wrench.force.z,8922.788363750264
1.145568661,1785795404.911659292,/loadcell_data_filtered.wrench.force.z,8923.59491321991
1.146136414,1785795404.912227045,/loadcell_data_filtered.wrench.force.z,8929.28760829118
1.146681603,1785795404.912772234,/loadcell_data_filtered.wrench.force.z,8933.511529911008
1.152000369,1785795404.918091000,/loadcell_data_filtered.wrench.force.z,8937.995840965135
1.153162703,1785795404.919253334,/loadcell_data_filtered.wrench.force.z,8942.473203533944
1.153554117,1785795404.919644748,/loadcell_data_filtered.wrench.force.z,8945.259801048349
1.153842316,1785795404.919932947,/loadcell_data_filtered.wrench.force.z,8947.70407300595
1.154082167,1785795404.920172798,/loadcell_data_filtered.wrench.force.z,8949.32228431475
1.154247845,1785795404.920338476,/loadcell_data_filtered.wrench.force.z,8950.549531408864
1.154427283,1785795404.920517914,/loadcell_data_filtered.wrench.force.z,8951.516789929648
1.15462849,1785795404.920719121,/loadcell_data_filtered.wrench.force.z,8952.126205693752
1.154829396,1785795404.920920027,/loadcell_data_filtered.wrench.force.z,8953.047119373587
1.15523213,1785795404.921322761,/loadcell_data_filtered.wrench.force.z,8953.13425770638
1.155584314,1785795404.921674945,/loadcell_data_filtered.wrench.force.z,8954.354163707581
1.155968321,1785795404.922058952,/loadcell_data_filtered.wrench.force.z,8954.943762107641
1.1563453080000001,1785795404.922435939,/loadcell_data_filtered.wrench.force.z,8953.642449751296
1.156675106,1785795404.922765737,/loadcell_data_filtered.wrench.force.z,8952.669917070854
1.157017835,1785795404.923108466,/loadcell_data_filtered.wrench.force.z,8947.700827921679
1.157331485,1785795404.923422116,/loadcell_data_filtered.wrench.force.z,8936.73615584658
1.157598743,1785795404.923689374,/loadcell_data_filtered.wrench.force.z,8933.382538201733
1.15787938,1785795404.923970011,/loadcell_data_filtered.wrench.force.z,8929.84464700254
1.158127933,1785795404.924218564,/loadcell_data_filtered.wrench.force.z,8926.675458041052
1.15839127,1785795404.924481901,/loadcell_data_filtered.wrench.force.z,8924.462669002005
1.158594741,1785795404.924685372,/loadcell_data_filtered.wrench.force.z,8916.86226417223
1.158777721,1785795404.924868352,/loadcell_data_filtered.wrench.force.z,8916.36749420273
1.158972237,1785795404.925062868,/loadcell_data_filtered.wrench.force.z,8915.762439646387
1.1598374200000001,1785795404.925928051,/loadcell_data_filtered.wrench.force.z,8915.528184495668
1.16017619,1785795404.926266821,/loadcell_data_filtered.wrench.force.z,8915.75701484279
1.160346395,1785795404.926437026,/loadcell_data_filtered.wrench.force.z,8915.289502465674
1.161117711,1785795404.927208342,/loadcell_data_filtered.wrench.force.z,8915.30355328287
1.161515463,1785795404.927606094,/loadcell_data_filtered.wrench.force.z,8914.155291080762
1.161754117,1785795404.927844748,/loadcell_data_filtered.wrench.force.z,8914.64857762457
1.161978908,1785795404.928069539,/loadcell_data_filtered.wrench.force.z,8914.448561583518
1.162759979,1785795404.928850610,/loadcell_data_filtered.wrench.force.z,8917.401816088612
1.162995317,1785795404.929085948,/loadcell_data_filtered.wrench.force.z,8920.751475706498
1.164998644,1785795404.931089275,/loadcell_data_filtered.wrench.force.z,8925.164012006227
1.165153396,1785795404.931244027,/loadcell_data_filtered.wrench.force.z,8928.119329566442
1.165295213,1785795404.931385844,/loadcell_data_filtered.wrench.force.z,8930.61387353597
1.165418045,1785795404.931508676,/loadcell_data_filtered.wrench.force.z,8926.149312496407
1.16554082,1785795404.931631451,/loadcell_data_filtered.wrench.force.z,8928.220535331178
1.166050479,1785795404.932141110,/loadcell_data_filtered.wrench.force.z,8928.433710952075
1.168059022,1785795404.934149653,/loadcell_data_filtered.wrench.force.z,8929.130553606163
1.168426955,1785795404.934517586,/loadcell_data_filtered.wrench.force.z,8930.041247012563
1.168684731,1785795404.934775362,/loadcell_data_filtered.wrench.force.z,8923.989090463496
1.168883778,1785795404.934974409,/loadcell_data_filtered.wrench.force.z,8924.60075716654
1.169193941,1785795404.935284572,/loadcell_data_filtered.wrench.force.z,8924.780849932802
1.172485941,1785795404.938576572,/loadcell_data_filtered.wrench.force.z,8925.545206880746
1.172725361,1785795404.938815992,/loadcell_data_filtered.wrench.force.z,8926.38326037942
1.172907764,1785795404.938998395,/loadcell_data_filtered.wrench.force.z,8920.900991788432
1.173098625,1785795404.939189256,/loadcell_data_filtered.wrench.force.z,8921.528791806604
1.173277142,1785795404.939367773,/loadcell_data_filtered.wrench.force.z,8917.75524656884
1.173439009,1785795404.939529640,/loadcell_data_filtered.wrench.force.z,8915.60225917259
1.173594955,1785795404.939685586,/loadcell_data_filtered.wrench.force.z,8912.822049681696
1.173813675,1785795404.939904306,/loadcell_data_filtered.wrench.force.z,8910.699373377922
1.174025301,1785795404.940115932,/loadcell_data_filtered.wrench.force.z,8907.684166758932
1.174200739,1785795404.940291370,/loadcell_data_filtered.wrench.force.z,8905.187196107914
1.174389546,1785795404.940480177,/loadcell_data_filtered.wrench.force.z,8903.950016139373
1.174554568,1785795404.940645199,/loadcell_data_filtered.wrench.force.z,8904.009905955914
1.174837673,1785795404.940928304,/loadcell_data_filtered.wrench.force.z,8904.818706064427
1.175404461,1785795404.941495092,/loadcell_data_filtered.wrench.force.z,8905.106549488552
1.175871233,1785795404.941961864,/loadcell_data_filtered.wrench.force.z,8904.963294252128
1.176648823,1785795404.942739454,/loadcell_data_filtered.wrench.force.z,8904.755918317524
1.177074211,1785795404.943164842,/loadcell_data_filtered.wrench.force.z,8904.323130967063
1.177643865,1785795404.943734496,/loadcell_data_filtered.wrench.force.z,8903.826642129035
1.177861923,1785795404.943952554,/loadcell_data_filtered.wrench.force.z,8903.198056956053
1.178305589,1785795404.944396220,/loadcell_data_filtered.wrench.force.z,8902.642945026346
1.1789051480000001,1785795404.944995779,/loadcell_data_filtered.wrench.force.z,8902.020312791705
1.179417066,1785795404.945507697,/loadcell_data_filtered.wrench.force.z,8906.978284597093
1.18007698,1785795404.946167611,/loadcell_data_filtered.wrench.force.z,8910.851406475145
1.180873047,1785795404.946963678,/loadcell_data_filtered.wrench.force.z,8913.839253040602
1.181323673,1785795404.947414304,/loadcell_data_filtered.wrench.force.z,8916.100967754639
1.181723941,1785795404.947814572,/loadcell_data_filtered.wrench.force.z,8919.018384646437
1.182071893,1785795404.948162524,/loadcell_data_filtered.wrench.force.z,8920.245412369874
1.182509707,1785795404.948600338,/loadcell_data_filtered.wrench.force.z,8919.946489794787
1.183150807,1785795404.949241438,/loadcell_data_filtered.wrench.force.z,8920.142884348634
1.1842116360000001,1785795404.950302267,/loadcell_data_filtered.wrench.force.z,8920.170417699674
1.184911799,1785795404.951002430,/loadcell_data_filtered.wrench.force.z,8920.674727609712
1.185408321,1785795404.951498952,/loadcell_data_filtered.wrench.force.z,8920.565067280779
1.185760342,1785795404.951850973,/loadcell_data_filtered.wrench.force.z,8920.591838616778
1.186132704,1785795404.952223335,/loadcell_data_filtered.wrench.force.z,8920.690269050096
1.187333209,1785795404.953423840,/loadcell_data_filtered.wrench.force.z,8920.663033775743
1.187670805,1785795404.953761436,/loadcell_data_filtered.wrench.force.z,8920.356223317962
1.187936295,1785795404.954026926,/loadcell_data_filtered.wrench.force.z,8920.992805343949
1.1894669900000001,1785795404.955557621,/loadcell_data_filtered.wrench.force.z,8919.929016879756
1.1907143,1785795404.956804931,/loadcell_data_filtered.wrench.force.z,8915.744757671633
1.190950905,1785795404.957041536,/loadcell_data_filtered.wrench.force.z,8911.801090487836
1.19115585,1785795404.957246481,/loadcell_data_filtered.wrench.force.z,8909.61412367533
1.19132986,1785795404.957420491,/loadcell_data_filtered.wrench.force.z,8907.882628496098
1.191509827,1785795404.957600458,/loadcell_data_filtered.wrench.force.z,8905.828022445805
1.191680725,1785795404.957771356,/loadcell_data_filtered.wrench.force.z,8904.142126474904
1.191845592,1785795404.957936223,/loadcell_data_filtered.wrench.force.z,8903.876771887642
1.192009568,1785795404.958100199,/loadcell_data_filtered.wrench.force.z,8904.73309447148
1.192170474,1785795404.958261105,/loadcell_data_filtered.wrench.force.z,8905.684760861213
1.192326395,1785795404.958417026,/loadcell_data_filtered.wrench.force.z,8906.269137171535
1.193993244,1785795404.960083875,/loadcell_data_filtered.wrench.force.z,8906.608759839653
1.194357483,1785795404.960448114,/loadcell_data_filtered.wrench.force.z,8907.123448796683
1.194482202,1785795404.960572833,/loadcell_data_filtered.wrench.force.z,8908.078248627113
1.194613675,1785795404.960704306,/loadcell_data_filtered.wrench.force.z,8909.084985232364
1.194898221,1785795404.960988852,/loadcell_data_filtered.wrench.force.z,8909.559435547255
1.195300415,1785795404.961391046,/loadcell_data_filtered.wrench.force.z,8909.108289371994
1.195763403,1785795404.961854034,/loadcell_data_filtered.wrench.force.z,8913.855226223475
1.19621765,1785795404.962308281,/loadcell_data_filtered.wrench.force.z,8917.432317885661
1.196994876,1785795404.963085507,/loadcell_data_filtered.wrench.force.z,8921.508294073396
1.198106902,1785795404.964197533,/loadcell_data_filtered.wrench.force.z,8924.931743037212
1.198268449,1785795404.964359080,/loadcell_data_filtered.wrench.force.z,8927.875826535223
1.200696793,1785795404.966787424,/loadcell_data_filtered.wrench.force.z,8929.918736104872
1.2011242690000001,1785795404.967214900,/loadcell_data_filtered.wrench.force.z,8931.416563674944
1.201484115,1785795404.967574746,/loadcell_data_filtered.wrench.force.z,8932.005073764194
1.201862156,1785795404.967952787,/loadcell_data_filtered.wrench.force.z,8931.23763131671
1.202242797,1785795404.968333428,/loadcell_data_filtered.wrench.force.z,8926.937834917675
1.2025406,1785795404.968631231,/loadcell_data_filtered.wrench.force.z,8927.792366743714
1.202850767,1785795404.968941398,/loadcell_data_filtered.wrench.force.z,8927.014780025584
1.203258321,1785795404.969348952,/loadcell_data_filtered.wrench.force.z,8927.22716473706
1.204904763,1785795404.970995394,/loadcell_data_filtered.wrench.force.z,8927.296083292244
1.2053683130000001,1785795404.971458944,/loadcell_data_filtered.wrench.force.z,8928.246439982771
1.205853091,1785795404.971943722,/loadcell_data_filtered.wrench.force.z,8928.349310660467
1.206359499,1785795404.972450130,/loadcell_data_filtered.wrench.force.z,8929.089911798254
1.206587185,1785795404.972677816,/loadcell_data_filtered.wrench.force.z,8925.005607992973
1.206761283,1785795404.972851914,/loadcell_data_filtered.wrench.force.z,8922.881754629228
1.207053279,1785795404.973143910,/loadcell_data_filtered.wrench.force.z,8919.389171913548
1.207453956,1785795404.973544587,/loadcell_data_filtered.wrench.force.z,8916.494215863768
1.207674788,1785795404.973765419,/loadcell_data_filtered.wrench.force.z,8914.951836157135
1.207839747,1785795404.973930378,/loadcell_data_filtered.wrench.force.z,8913.971285864513
1.2080256280000001,1785795404.974116259,/loadcell_data_filtered.wrench.force.z,8913.264863621473
1.208210253,1785795404.974300884,/loadcell_data_filtered.wrench.force.z,8913.753020703489
1.209296111,1785795404.975386742,/loadcell_data_filtered.wrench.force.z,8914.595005050585
1.20972768,1785795404.975818311,/loadcell_data_filtered.wrench.force.z,8915.20626594987
1.210025573,1785795404.976116204,/loadcell_data_filtered.wrench.force.z,8916.439815326843
1.210252159,1785795404.976342790,/loadcell_data_filtered.wrench.force.z,8916.646375868471
1.211506453,1785795404.977597084,/loadcell_data_filtered.wrench.force.z,8916.71998542094
1.211963225,1785795404.978053856,/loadcell_data_filtered.wrench.force.z,8917.051522761232
1.212319883,1785795404.978410514,/loadcell_data_filtered.wrench.force.z,8918.120557051408
1.212597598,1785795404.978688229,/loadcell_data_filtered.wrench.force.z,8919.151838744237
1.212847851,1785795404.978938482,/loadcell_data_filtered.wrench.force.z,8919.478981232045
1.2131161750000001,1785795404.979206806,/loadcell_data_filtered.wrench.force.z,8925.269649025242
1.213388141,1785795404.979478772,/loadcell_data_filtered.wrench.force.z,8929.978495448102
1.213738347,1785795404.979828978,/loadcell_data_filtered.wrench.force.z,8933.815468448647
1.214360044,1785795404.980450675,/loadcell_data_filtered.wrench.force.z,8936.541784594818
1.21692529,1785795404.983015921,/loadcell_data_filtered.wrench.force.z,8939.055218424313
1.21724875,1785795404.983339381,/loadcell_data_filtered.wrench.force.z,8940.249427697629
1.217580001,1785795404.983670632,/loadcell_data_filtered.wrench.force.z,8940.853621978893
1.2179627100000001,1785795404.984053341,/loadcell_data_filtered.wrench.force.z,8936.311756939836
1.218303278,1785795404.984393909,/loadcell_data_filtered.wrench.force.z,8934.533507815988
1.218672417,1785795404.984763048,/loadcell_data_filtered.wrench.force.z,8934.67494187564
1.21902341,1785795404.985114041,/loadcell_data_filtered.wrench.force.z,8935.095157033324
1.219303981,1785795404.985394612,/loadcell_data_filtered.wrench.force.z,8935.37199979602
1.220273141,1785795404.986363772,/loadcell_data_filtered.wrench.force.z,8934.658905802102
1.22048734,1785795404.986577971,/loadcell_data_filtered.wrench.force.z,8934.402303845036
1.220629467,1785795404.986720098,/loadcell_data_filtered.wrench.force.z,8932.343992480412
1.220759924,1785795404.986850555,/loadcell_data_filtered.wrench.force.z,8927.290816961658
1.223136669,1785795404.989227300,/loadcell_data_filtered.wrench.force.z,8923.923374495227
1.223313853,1785795404.989404484,/loadcell_data_filtered.wrench.force.z,8919.017864440735
1.223450283,1785795404.989540914,/loadcell_data_filtered.wrench.force.z,8914.85574341768
1.223590874,1785795404.989681505,/loadcell_data_filtered.wrench.force.z,8911.53577556787
1.223707956,1785795404.989798587,/loadcell_data_filtered.wrench.force.z,8903.779796277946
1.223831755,1785795404.989922386,/loadcell_data_filtered.wrench.force.z,8899.26832896029
1.2239633,1785795404.990053931,/loadcell_data_filtered.wrench.force.z,8897.00148412698
1.224127064,1785795404.990217695,/loadcell_data_filtered.wrench.force.z,8896.615474732707
1.224644261,1785795404.990734892,/loadcell_data_filtered.wrench.force.z,8896.71435951747
1.22504988,1785795404.991140511,/loadcell_data_filtered.wrench.force.z,8896.862779699777
1.225587661,1785795404.991678292,/loadcell_data_filtered.wrench.force.z,8896.520161872926
1.226152773,1785795404.992243404,/loadcell_data_filtered.wrench.force.z,8895.985057259197
1.226624557,1785795404.992715188,/loadcell_data_filtered.wrench.force.z,8895.501149617621
1.227219977,1785795404.993310608,/loadcell_data_filtered.wrench.force.z,8895.365658017037
1.227706201,1785795404.993796832,/loadcell_data_filtered.wrench.force.z,8894.886248636165
1.228141224,1785795404.994231855,/loadcell_data_filtered.wrench.force.z,8895.092141572512
1.22920541,1785795404.995296041,/loadcell_data_filtered.wrench.force.z,8895.222875990126
1.229759889,1785795404.995850520,/loadcell_data_filtered.wrench.force.z,8900.643768936532
1.2302289100000001,1785795404.996319541,/loadcell_data_filtered.wrench.force.z,8904.170978503318
1.230714628,1785795404.996805259,/loadcell_data_filtered.wrench.force.z,8908.558329389929
1.231218823,1785795404.997309454,/loadcell_data_filtered.wrench.force.z,8911.96395204799
1.231785125,1785795404.997875756,/loadcell_data_filtered.wrench.force.z,8914.861741677674
1.232356119,1785795404.998446750,/loadcell_data_filtered.wrench.force.z,8916.647632298253
1.232838836,1785795404.998929467,/loadcell_data_filtered.wrench.force.z,8918.100754560717
1.233267066,1785795404.999357697,/loadcell_data_filtered.wrench.force.z,8918.46241480838
1.233685801,1785795404.999776432,/loadcell_data_filtered.wrench.force.z,8918.6013739156
1.2341333,1785795405.000223931,/loadcell_data_filtered.wrench.force.z,8919.184205035526
1.234499592,1785795405.000590223,/loadcell_data_filtered.wrench.force.z,8919.32186390009
1.234944394,1785795405.001035025,/loadcell_data_filtered.wrench.force.z,8919.70641144226
1.235528152,1785795405.001618783,/loadcell_data_filtered.wrench.force.z,8920.201292264755
1.235866345,1785795405.001956976,/loadcell_data_filtered.wrench.force.z,8920.573513101464
1.236285559,1785795405.002376190,/loadcell_data_filtered.wrench.force.z,8920.629877420659
1.236876245,1785795405.002966876,/loadcell_data_filtered.wrench.force.z,8921.05146213029
1.237217187,1785795405.003307818,/loadcell_data_filtered.wrench.force.z,8921.37916151717
1.237692729,1785795405.003783360,/loadcell_data_filtered.wrench.force.z,8916.205070126605
1.23810852,1785795405.004199151,/loadcell_data_filtered.wrench.force.z,8913.182143037753
1.238735239,1785795405.004825870,/loadcell_data_filtered.wrench.force.z,8909.867339743882
1.239744627,1785795405.005835258,/loadcell_data_filtered.wrench.force.z,8907.03835619375
1.240168849,1785795405.006259480,/loadcell_data_filtered.wrench.force.z,8904.350740511727
1.240640017,1785795405.006730648,/loadcell_data_filtered.wrench.force.z,8903.254129669833
1.241136988,1785795405.007227619,/loadcell_data_filtered.wrench.force.z,8902.131499487747
1.241586522,1785795405.007677153,/loadcell_data_filtered.wrench.force.z,8902.608113857734
1.242033977,1785795405.008124608,/loadcell_data_filtered.wrench.force.z,8903.180434821852
1.248812411,1785795405.014903042,/loadcell_data_filtered.wrench.force.z,8903.987338463201
1.249296926,1785795405.015387557,/loadcell_data_filtered.wrench.force.z,8905.248917212295
1.249637873,1785795405.015728504,/loadcell_data_filtered.wrench.force.z,8906.043406621566
1.24995706,1785795405.016047691,/loadcell_data_filtered.wrench.force.z,8907.686110369434
1.250321636,1785795405.016412267,/loadcell_data_filtered.wrench.force.z,8914.254343319046
1.2506142630000001,1785795405.016704894,/loadcell_data_filtered.wrench.force.z,8919.854927987719
1.250842843,1785795405.016933474,/loadcell_data_filtered.wrench.force.z,8922.837429927176
1.251067882,1785795405.017158513,/loadcell_data_filtered.wrench.force.z,8926.2791925616
1.25131055,1785795405.017401181,/loadcell_data_filtered.wrench.force.z,8929.387401911565
1.251607305,1785795405.017697936,/loadcell_data_filtered.wrench.force.z,8930.768786134251
1.251887778,1785795405.017978409,/loadcell_data_filtered.wrench.force.z,8931.991112847649
1.2521438790000001,1785795405.018234510,/loadcell_data_filtered.wrench.force.z,8933.091687817287
1.252383843,1785795405.018474474,/loadcell_data_filtered.wrench.force.z,8934.302486137733
1.2526177139999999,1785795405.018708345,/loadcell_data_filtered.wrench.force.z,8935.612453216532
1.252791583,1785795405.018882214,/loadcell_data_filtered.wrench.force.z,8936.364516110665
1.25304664,1785795405.019137271,/loadcell_data_filtered.wrench.force.z,8937.434604911414
1.253316088,1785795405.019406719,/loadcell_data_filtered.wrench.force.z,8938.709545516567
1.257486371,1785795405.023577002,/loadcell_data_filtered.wrench.force.z,8938.984296396424
1.257873015,1785795405.023963646,/loadcell_data_filtered.wrench.force.z,8939.043670195637
1.2582480010000001,1785795405.024338632,/loadcell_data_filtered.wrench.force.z,8938.831402382977
1.258487793,1785795405.024578424,/loadcell_data_filtered.wrench.force.z,8935.882854364509
1.258722372,1785795405.024813003,/loadcell_data_filtered.wrench.force.z,8933.212369522382
1.258965638,1785795405.025056269,/loadcell_data_filtered.wrench.force.z,8930.028254909936
1.259186503,1785795405.025277134,/loadcell_data_filtered.wrench.force.z,8927.604697980114
1.259395331,1785795405.025485962,/loadcell_data_filtered.wrench.force.z,8925.443214763534
1.259604846,1785795405.025695477,/loadcell_data_filtered.wrench.force.z,8919.77099835141
1.259818026,1785795405.025908657,/loadcell_data_filtered.wrench.force.z,8915.444337831832
1.260055018,1785795405.026145649,/loadcell_data_filtered.wrench.force.z,8915.775557463488
1.260306521,1785795405.026397152,/loadcell_data_filtered.wrench.force.z,8914.546548164588
1.260619811,1785795405.026710442,/loadcell_data_filtered.wrench.force.z,8914.49508123678
1.260942893,1785795405.027033524,/loadcell_data_filtered.wrench.force.z,8914.759265212915
1.26123325,1785795405.027323881,/loadcell_data_filtered.wrench.force.z,8914.707388792966
1.261530879,1785795405.027621510,/loadcell_data_filtered.wrench.force.z,8914.927630966777
1.261888161,1785795405.027978792,/loadcell_data_filtered.wrench.force.z,8914.56370506701
1.2628905719999999,1785795405.028981203,/loadcell_data_filtered.wrench.force.z,8914.639158613618
1.2631113790000001,1785795405.029202010,/loadcell_data_filtered.wrench.force.z,8914.565826818807
1.263254477,1785795405.029345108,/loadcell_data_filtered.wrench.force.z,8913.789359363265
1.263383651,1785795405.029474282,/loadcell_data_filtered.wrench.force.z,8912.77889003964
1.263550894,1785795405.029641525,/loadcell_data_filtered.wrench.force.z,8917.084120748774
1.263718149,1785795405.029808780,/loadcell_data_filtered.wrench.force.z,8920.598332254123
1.263929234,1785795405.030019865,/loadcell_data_filtered.wrench.force.z,8923.66015757893
1.265067841,1785795405.031158472,/loadcell_data_filtered.wrench.force.z,8926.244919260549
1.265508864,1785795405.031599495,/loadcell_data_filtered.wrench.force.z,8927.868188575809
1.265864087,1785795405.031954718,/loadcell_data_filtered.wrench.force.z,8929.201933184751
1.2663606330000001,1785795405.032451264,/loadcell_data_filtered.wrench.force.z,8929.420771651074
1.2676909250000001,1785795405.033781556,/loadcell_data_filtered.wrench.force.z,8929.403575935112
1.267975647,1785795405.034066278,/loadcell_data_filtered.wrench.force.z,8929.875478015898
1.268241347,1785795405.034331978,/loadcell_data_filtered.wrench.force.z,8930.745052972614
1.268511421,1785795405.034602052,/loadcell_data_filtered.wrench.force.z,8931.812111983067
1.2687067920000001,1785795405.034797423,/loadcell_data_filtered.wrench.force.z,8931.029842083904
1.268964139,1785795405.035054770,/loadcell_data_filtered.wrench.force.z,8930.98062286291
1.269767453,1785795405.035858084,/loadcell_data_filtered.wrench.force.z,8930.974734317539
1.270263598,1785795405.036354229,/loadcell_data_filtered.wrench.force.z,8930.429687539185
1.270704343,1785795405.036794974,/loadcell_data_filtered.wrench.force.z,8929.867030141
1.274808457,1785795405.040899088,/loadcell_data_filtered.wrench.force.z,8923.84007762093
1.275223511,1785795405.041314142,/loadcell_data_filtered.wrench.force.z,8919.92516557323
1.275533102,1785795405.041623733,/loadcell_data_filtered.wrench.force.z,8916.368993763894
1.275854763,1785795405.041945394,/loadcell_data_filtered.wrench.force.z,8908.409197740035
1.276257542,1785795405.042348173,/loadcell_data_filtered.wrench.force.z,8903.918376787455
1.276615381,1785795405.042706012,/loadcell_data_filtered.wrench.force.z,8902.67002440287
1.277157777,1785795405.043248408,/loadcell_data_filtered.wrench.force.z,8901.727983858842
1.277407526,1785795405.043498157,/loadcell_data_filtered.wrench.force.z,8901.935352201794
1.278240189,1785795405.044330820,/loadcell_data_filtered.wrench.force.z,8901.802028435804
1.2782545299999999,1785795405.044345161,/loadcell_data_filtered.wrench.force.z,8900.199065725245
1.2786027739999999,1785795405.044693405,/loadcell_data_filtered.wrench.force.z,8899.898841948443
1.279087329,1785795405.045177960,/loadcell_data_filtered.wrench.force.z,8899.223236697295
1.279560265,1785795405.045650896,/loadcell_data_filtered.wrench.force.z,8898.954365153186
1.280075757,1785795405.046166388,/loadcell_data_filtered.wrench.force.z,8898.833855607118
1.280431059,1785795405.046521690,/loadcell_data_filtered.wrench.force.z,8898.739571692444
1.280753773,1785795405.046844404,/loadcell_data_filtered.wrench.force.z,8898.778903632603
1.281102478,1785795405.047193109,/loadcell_data_filtered.wrench.force.z,8900.280544913572
1.281358656,1785795405.047449287,/loadcell_data_filtered.wrench.force.z,8905.954955355015
1.281574062,1785795405.047664693,/loadcell_data_filtered.wrench.force.z,8905.174762502715
1.281792083,1785795405.047882714,/loadcell_data_filtered.wrench.force.z,8908.342934086846
1.28198406,1785795405.048074691,/loadcell_data_filtered.wrench.force.z,8911.140296308537
1.2821410370000001,1785795405.048231668,/loadcell_data_filtered.wrench.force.z,8914.268844034848
1.282338881,1785795405.048429512,/loadcell_data_filtered.wrench.force.z,8916.146908808796
1.282608169,1785795405.048698800,/loadcell_data_filtered.wrench.force.z,8916.961523750711
1.283131383,1785795405.049222014,/loadcell_data_filtered.wrench.force.z,8917.033067883905
1.283525589,1785795405.049616220,/loadcell_data_filtered.wrench.force.z,8917.726636635922
1.283950262,1785795405.050040893,/loadcell_data_filtered.wrench.force.z,8918.021035331049
1.284597178,1785795405.050687809,/loadcell_data_filtered.wrench.force.z,8918.662112109389
1.286133326,1785795405.052223957,/loadcell_data_filtered.wrench.force.z,8919.45025639561
1.286410517,1785795405.052501148,/loadcell_data_filtered.wrench.force.z,8920.349021026332
1.287614991,1785795405.053705622,/loadcell_data_filtered.wrench.force.z,8913.626778415122
1.287855853,1785795405.053946484,/loadcell_data_filtered.wrench.force.z,8914.413143909713
1.28809155,1785795405.054182181,/loadcell_data_filtered.wrench.force.z,8914.312285173643
1.288307671,1785795405.054398302,/loadcell_data_filtered.wrench.force.z,8903.143967674401
1.288554129,1785795405.054644760,/loadcell_data_filtered.wrench.force.z,8899.849487641759
1.288811361,1785795405.054901992,/loadcell_data_filtered.wrench.force.z,8895.299657787908
1.2890542360000001,1785795405.055144867,/loadcell_data_filtered.wrench.force.z,8892.00966101524
1.290083372,1785795405.056174003,/loadcell_data_filtered.wrench.force.z,8889.143610317806
1.291623103,1785795405.057713734,/loadcell_data_filtered.wrench.force.z,8887.15642499498
1.292659695,1785795405.058750326,/loadcell_data_filtered.wrench.force.z,8886.025020760677
1.293137064,1785795405.059227695,/loadcell_data_filtered.wrench.force.z,8886.421607414355
1.293521301,1785795405.059611932,/loadcell_data_filtered.wrench.force.z,8887.210922810324
1.2939718930000002,1785795405.060062524,/loadcell_data_filtered.wrench.force.z,8887.76789774555
1.294337193,1785795405.060427824,/loadcell_data_filtered.wrench.force.z,8886.968242611998
1.294594314,1785795405.060684945,/loadcell_data_filtered.wrench.force.z,8886.994588441628
1.297591653,1785795405.063682284,/loadcell_data_filtered.wrench.force.z,8886.952096310986
1.298229288,1785795405.064319919,/loadcell_data_filtered.wrench.force.z,8886.942418799841
1.298685666,1785795405.064776297,/loadcell_data_filtered.wrench.force.z,8886.92585907609
1.29916575,1785795405.065256381,/loadcell_data_filtered.wrench.force.z,8880.25761977613
1.299713004,1785795405.065803635,/loadcell_data_filtered.wrench.force.z,8880.92166935635
1.3002519399999999,1785795405.066342571,/loadcell_data_filtered.wrench.force.z,8887.44828006435
1.300712255,1785795405.066802886,/loadcell_data_filtered.wrench.force.z,8891.813102464994
1.301129382,1785795405.067220013,/loadcell_data_filtered.wrench.force.z,8896.834394490064
1.301397465,1785795405.067488096,/loadcell_data_filtered.wrench.force.z,8901.131133269031
1.301630713,1785795405.067721344,/loadcell_data_filtered.wrench.force.z,8903.324712409481
1.301912996,1785795405.068003627,/loadcell_data_filtered.wrench.force.z,8904.979821111161
1.302194136,1785795405.068284767,/loadcell_data_filtered.wrench.force.z,8904.93454299253
1.3025091149999999,1785795405.068599746,/loadcell_data_filtered.wrench.force.z,8900.493963494906
1.302806902,1785795405.068897533,/loadcell_data_filtered.wrench.force.z,8901.345144615314
1.303103774,1785795405.069194405,/loadcell_data_filtered.wrench.force.z,8901.404147884045
1.303386867,1785795405.069477498,/loadcell_data_filtered.wrench.force.z,8895.454141680146
1.30374452,1785795405.069835151,/loadcell_data_filtered.wrench.force.z,8896.271373169086
1.304150437,1785795405.070241068,/loadcell_data_filtered.wrench.force.z,8896.675513164075
1.304456314,1785795405.070546945,/loadcell_data_filtered.wrench.force.z,8893.981225076783
1.30478504,1785795405.070875671,/loadcell_data_filtered.wrench.force.z,8891.583929222883
1.305125265,1785795405.071215896,/loadcell_data_filtered.wrench.force.z,8891.942563323095
1.305515319,1785795405.071605950,/loadcell_data_filtered.wrench.force.z,8892.19266848992
1.30573078,1785795405.071821411,/loadcell_data_filtered.wrench.force.z,8887.185787800587
1.305907561,1785795405.071998192,/loadcell_data_filtered.wrench.force.z,8883.675997885375
1.306520538,1785795405.072611169,/loadcell_data_filtered.wrench.force.z,8880.735763951909
1.307551463,1785795405.073642094,/loadcell_data_filtered.wrench.force.z,8878.23037346686
1.307743783,1785795405.073834414,/loadcell_data_filtered.wrench.force.z,8876.31194317943
1.3079153350000001,1785795405.074005966,/loadcell_data_filtered.wrench.force.z,8875.941234886099
1.308092414,1785795405.074183045,/loadcell_data_filtered.wrench.force.z,8875.55661019624
1.308704245,1785795405.074794876,/loadcell_data_filtered.wrench.force.z,8876.241657240458
1.310197699,1785795405.076288330,/loadcell_data_filtered.wrench.force.z,8875.925344636276
1.310324933,1785795405.076415564,/loadcell_data_filtered.wrench.force.z,8876.797418548886
1.310451539,1785795405.076542170,/loadcell_data_filtered.wrench.force.z,8876.920897847633
1.310573216,1785795405.076663847,/loadcell_data_filtered.wrench.force.z,8871.891649198797
1.310694934,1785795405.076785565,/loadcell_data_filtered.wrench.force.z,8869.94535217557
1.312399348,1785795405.078489979,/loadcell_data_filtered.wrench.force.z,8869.39585913473
1.316190016,1785795405.082280647,/loadcell_data_filtered.wrench.force.z,8869.31381796687
1.316373836,1785795405.082464467,/loadcell_data_filtered.wrench.force.z,8870.065781128236
1.316916602,1785795405.083007233,/loadcell_data_filtered.wrench.force.z,8873.001337546422
1.316925349,1785795405.083015980,/loadcell_data_filtered.wrench.force.z,8878.255356173622
1.316953028,1785795405.083043659,/loadcell_data_filtered.wrench.force.z,8882.828907005976
1.317151169,1785795405.083241800,/loadcell_data_filtered.wrench.force.z,8886.913618383915
1.317364208,1785795405.083454839,/loadcell_data_filtered.wrench.force.z,8890.230103514714
1.321561663,1785795405.087652294,/loadcell_data_filtered.wrench.force.z,8890.720111896155
1.32181599,1785795405.087906621,/loadcell_data_filtered.wrench.force.z,8891.293845544884
1.322047846,1785795405.088138477,/loadcell_data_filtered.wrench.force.z,8891.581563151762
1.3222471420000002,1785795405.088337773,/loadcell_data_filtered.wrench.force.z,8891.87906728195
1.322408574,1785795405.088499205,/loadcell_data_filtered.wrench.force.z,8892.568233571053
1.32260295,1785795405.088693581,/loadcell_data_filtered.wrench.force.z,8893.752856897225
1.322763815,1785795405.088854446,/loadcell_data_filtered.wrench.force.z,8894.47474159967
1.322940571,1785795405.089031202,/loadcell_data_filtered.wrench.force.z,8895.886075187775
1.323133902,1785795405.089224533,/loadcell_data_filtered.wrench.force.z,8891.416502787144
1.323286328,1785795405.089376959,/loadcell_data_filtered.wrench.force.z,8888.911031176847
1.3234425060000001,1785795405.089533137,/loadcell_data_filtered.wrench.force.z,8885.051369895176
1.323662568,1785795405.089753199,/loadcell_data_filtered.wrench.force.z,8882.134059049584
1.3237814810000001,1785795405.089872112,/loadcell_data_filtered.wrench.force.z,8879.764823838188
1.323952937,1785795405.090043568,/loadcell_data_filtered.wrench.force.z,8878.506269484935
1.324147669,1785795405.090238300,/loadcell_data_filtered.wrench.force.z,8877.174502908132
1.324321786,1785795405.090412417,/loadcell_data_filtered.wrench.force.z,8877.510653697696
1.324636997,1785795405.090727628,/loadcell_data_filtered.wrench.force.z,8878.084134425906
1.32512593,1785795405.091216561,/loadcell_data_filtered.wrench.force.z,8878.371938467371
1.325649283,1785795405.091739914,/loadcell_data_filtered.wrench.force.z,8878.70676538918
1.326084647,1785795405.092175278,/loadcell_data_filtered.wrench.force.z,8878.280862198813
1.326613507,1785795405.092704138,/loadcell_data_filtered.wrench.force.z,8878.279656982873
1.327325179,1785795405.093415810,/loadcell_data_filtered.wrench.force.z,8877.920973151815
1.32780365,1785795405.093894281,/loadcell_data_filtered.wrench.force.z,8877.281823075748
1.328189442,1785795405.094280073,/loadcell_data_filtered.wrench.force.z,8877.060383018272
1.328645807,1785795405.094736438,/loadcell_data_filtered.wrench.force.z,8876.591113411068
1.329143625,1785795405.095234256,/loadcell_data_filtered.wrench.force.z,8881.696892811908
1.3296684619999999,1785795405.095759093,/loadcell_data_filtered.wrench.force.z,8885.398590235529
1.330155409,1785795405.096246040,/loadcell_data_filtered.wrench.force.z,8888.592942317373
1.3306653910000001,1785795405.096756022,/loadcell_data_filtered.wrench.force.z,8891.544031047895
1.331534595,1785795405.097625226,/loadcell_data_filtered.wrench.force.z,8893.905644382095
1.332258032,1785795405.098348663,/loadcell_data_filtered.wrench.force.z,8894.53306593797
1.332717763,1785795405.098808394,/loadcell_data_filtered.wrench.force.z,8895.11176636822
1.333225805,1785795405.099316436,/loadcell_data_filtered.wrench.force.z,8894.766760280367
1.333641385,1785795405.099732016,/loadcell_data_filtered.wrench.force.z,8894.393165015548
1.334235461,1785795405.100326092,/loadcell_data_filtered.wrench.force.z,8894.115195259825
1.334714774,1785795405.100805405,/loadcell_data_filtered.wrench.force.z,8893.710251492106
1.335074479,1785795405.101165110,/loadcell_data_filtered.wrench.force.z,8894.00264472691
1.335384188,1785795405.101474819,/loadcell_data_filtered.wrench.force.z,8893.849719212314
1.3357559810000001,1785795405.101846612,/loadcell_data_filtered.wrench.force.z,8894.207416999352
1.33635265,1785795405.102443281,/loadcell_data_filtered.wrench.force.z,8894.470108681464
1.336726525,1785795405.102817156,/loadcell_data_filtered.wrench.force.z,8894.677238643895
1.340914716,1785795405.107005347,/loadcell_data_filtered.wrench.force.z,8894.289972956147
1.341173135,1785795405.107263766,/loadcell_data_filtered.wrench.force.z,8888.829596937807
1.341334483,1785795405.107425114,/loadcell_data_filtered.wrench.force.z,8884.750112926367
1.341495879,1785795405.107586510,/loadcell_data_filtered.wrench.force.z,8873.940853212072
1.341647718,1785795405.107738349,/loadcell_data_filtered.wrench.force.z,8871.886939391372
1.341800037,1785795405.107890668,/loadcell_data_filtered.wrench.force.z,8868.689787455012
1.341977409,1785795405.108068040,/loadcell_data_filtered.wrench.force.z,8860.230486382066
1.344154197,1785795405.110244828,/loadcell_data_filtered.wrench.force.z,8860.49493699167
1.344470328,1785795405.110560959,/loadcell_data_filtered.wrench.force.z,8859.297624605053
1.344812543,1785795405.110903174,/loadcell_data_filtered.wrench.force.z,8859.895592255763
1.3451684130000001,1785795405.111259044,/loadcell_data_filtered.wrench.force.z,8860.988848050847
1.345434954,1785795405.111525585,/loadcell_data_filtered.wrench.force.z,8861.649060253092
1.345666283,1785795405.111756914,/loadcell_data_filtered.wrench.force.z,8862.093840629828
1.3458753780000001,1785795405.111966009,/loadcell_data_filtered.wrench.force.z,8855.411635151311
1.346297688,1785795405.112388319,/loadcell_data_filtered.wrench.force.z,8855.809629035937
1.346783348,1785795405.112873979,/loadcell_data_filtered.wrench.force.z,8854.767817708405
1.347245687,1785795405.113336318,/loadcell_data_filtered.wrench.force.z,8855.528970264706
1.347651261,1785795405.113741892,/loadcell_data_filtered.wrench.force.z,8860.41625338946
1.34810612,1785795405.114196751,/loadcell_data_filtered.wrench.force.z,8864.533214679228
1.349919549,1785795405.116010180,/loadcell_data_filtered.wrench.force.z,8868.576076268904
1.349927862,1785795405.116018493,/loadcell_data_filtered.wrench.force.z,8872.182731854671
1.349930777,1785795405.116021408,/loadcell_data_filtered.wrench.force.z,8875.032543318166
1.349933483,1785795405.116024114,/loadcell_data_filtered.wrench.force.z,8877.542174848348
1.350112794,1785795405.116203425,/loadcell_data_filtered.wrench.force.z,8879.097266398925
1.350554289,1785795405.116644920,/loadcell_data_filtered.wrench.force.z,8879.674610491373
1.351083555,1785795405.117174186,/loadcell_data_filtered.wrench.force.z,8880.07971671411
1.351528467,1785795405.117619098,/loadcell_data_filtered.wrench.force.z,8880.4334367426
1.352155292,1785795405.118245923,/loadcell_data_filtered.wrench.force.z,8880.881029367869
1.354724093,1785795405.120814724,/loadcell_data_filtered.wrench.force.z,8881.204186568588
1.355656341,1785795405.121746972,/loadcell_data_filtered.wrench.force.z,8881.446800524514
1.356274974,1785795405.122365605,/loadcell_data_filtered.wrench.force.z,8882.605880922467
1.356753515,1785795405.122844146,/loadcell_data_filtered.wrench.force.z,8883.766011480206
1.357215164,1785795405.123305795,/loadcell_data_filtered.wrench.force.z,8885.036431443395
1.357642244,1785795405.123732875,/loadcell_data_filtered.wrench.force.z,8886.4394790388
1.358015202,1785795405.124105833,/loadcell_data_filtered.wrench.force.z,8882.637185194435
1.358269449,1785795405.124360080,/loadcell_data_filtered.wrench.force.z,8881.390946279489
1.358484086,1785795405.124574717,/loadcell_data_filtered.wrench.force.z,8878.878276474643
1.358802007,1785795405.124892638,/loadcell_data_filtered.wrench.force.z,8876.541223891923
1.359144155,1785795405.125234786,/loadcell_data_filtered.wrench.force.z,8873.5239814294
1.359474123,1785795405.125564754,/loadcell_data_filtered.wrench.force.z,8873.36205181747
1.359763526,1785795405.125854157,/loadcell_data_filtered.wrench.force.z,8872.413738675685
1.360025391,1785795405.126116022,/loadcell_data_filtered.wrench.force.z,8873.537719408152
1.360291476,1785795405.126382107,/loadcell_data_filtered.wrench.force.z,8875.132940941927
1.3605901820000001,1785795405.126680813,/loadcell_data_filtered.wrench.force.z,8876.797243396573
1.360963706,1785795405.127054337,/loadcell_data_filtered.wrench.force.z,8878.484595909316
1.361360673,1785795405.127451304,/loadcell_data_filtered.wrench.force.z,8879.492440970973
1.361741295,1785795405.127831926,/loadcell_data_filtered.wrench.force.z,8880.542906726012
1.362116094,1785795405.128206725,/loadcell_data_filtered.wrench.force.z,8881.54699199174
1.362447678,1785795405.128538309,/loadcell_data_filtered.wrench.force.z,8882.433343911622
1.3628018,1785795405.128892431,/loadcell_data_filtered.wrench.force.z,8883.433912624063
1.363306476,1785795405.129397107,/loadcell_data_filtered.wrench.force.z,8884.179679036793
1.363640442,1785795405.129731073,/loadcell_data_filtered.wrench.force.z,8890.674239084226
1.363914729,1785795405.130005360,/loadcell_data_filtered.wrench.force.z,8895.893797816607
1.3641616170000002,1785795405.130252248,/loadcell_data_filtered.wrench.force.z,8900.623569181495
1.364363512,1785795405.130454143,/loadcell_data_filtered.wrench.force.z,8904.513407158674
1.364705381,1785795405.130796012,/loadcell_data_filtered.wrench.force.z,8907.861914464342
1.36527503,1785795405.131365661,/loadcell_data_filtered.wrench.force.z,8909.628763284738
1.365675538,1785795405.131766169,/loadcell_data_filtered.wrench.force.z,8911.01471486317
1.366573087,1785795405.132663718,/loadcell_data_filtered.wrench.force.z,8911.795516158321
1.366781279,1785795405.132871910,/loadcell_data_filtered.wrench.force.z,8912.026868477788
1.368817608,1785795405.134908239,/loadcell_data_filtered.wrench.force.z,8912.286764952454
1.369380947,1785795405.135471578,/loadcell_data_filtered.wrench.force.z,8911.8531694093
1.369853347,1785795405.135943978,/loadcell_data_filtered.wrench.force.z,8912.080675358811
1.3701949,1785795405.136285531,/loadcell_data_filtered.wrench.force.z,8911.676527037978
1.3705411600000001,1785795405.136631791,/loadcell_data_filtered.wrench.force.z,8911.52343394054
1.370908256,1785795405.136998887,/loadcell_data_filtered.wrench.force.z,8911.06593042825
1.371235888,1785795405.137326519,/loadcell_data_filtered.wrench.force.z,8910.424319894424
1.371506745,1785795405.137597376,/loadcell_data_filtered.wrench.force.z,8908.351219433103
1.371759968,1785795405.137850599,/loadcell_data_filtered.wrench.force.z,8902.967357405747
1.371999206,1785795405.138089837,/loadcell_data_filtered.wrench.force.z,8898.48917289808
1.372386276,1785795405.138476907,/loadcell_data_filtered.wrench.force.z,8894.629207528807
1.372770574,1785795405.138861205,/loadcell_data_filtered.wrench.force.z,8891.054266405843
1.374159969,1785795405.140250600,/loadcell_data_filtered.wrench.force.z,8887.88399914318
1.374411497,1785795405.140502128,/loadcell_data_filtered.wrench.force.z,8886.281954765784
1.3745996040000001,1785795405.140690235,/loadcell_data_filtered.wrench.force.z,8885.904540887199
1.3747795950000001,1785795405.140870226,/loadcell_data_filtered.wrench.force.z,8886.017031611083
1.376944537,1785795405.143035168,/loadcell_data_filtered.wrench.force.z,8885.574530210619
1.377195044,1785795405.143285675,/loadcell_data_filtered.wrench.force.z,8885.179146114167
1.377357739,1785795405.143448370,/loadcell_data_filtered.wrench.force.z,8885.229474843727
1.377518885,1785795405.143609516,/loadcell_data_filtered.wrench.force.z,8885.24917201876
1.377679517,1785795405.143770148,/loadcell_data_filtered.wrench.force.z,8885.279780499488
1.37783808,1785795405.143928711,/loadcell_data_filtered.wrench.force.z,8884.94415065327
1.378070897,1785795405.144161528,/loadcell_data_filtered.wrench.force.z,8884.308660384131
1.37874683,1785795405.144837461,/loadcell_data_filtered.wrench.force.z,8884.15263433308
1.379128844,1785795405.145219475,/loadcell_data_filtered.wrench.force.z,8889.03023217864
1.379647614,1785795405.145738245,/loadcell_data_filtered.wrench.force.z,8892.753232476944
1.379981755,1785795405.146072386,/loadcell_data_filtered.wrench.force.z,8897.16075023284
1.380614327,1785795405.146704958,/loadcell_data_filtered.wrench.force.z,8900.484315807611
1.382780924,1785795405.148871555,/loadcell_data_filtered.wrench.force.z,8903.5443739624
1.383011905,1785795405.149102536,/loadcell_data_filtered.wrench.force.z,8905.997424681218
1.383234046,1785795405.149324677,/loadcell_data_filtered.wrench.force.z,8908.025679419243
1.38347109,1785795405.149561721,/loadcell_data_filtered.wrench.force.z,8908.018531482548
1.383684468,1785795405.149775099,/loadcell_data_filtered.wrench.force.z,8908.192466416276
1.383893717,1785795405.149984348,/loadcell_data_filtered.wrench.force.z,8908.93820102391
1.384086238,1785795405.150176869,/loadcell_data_filtered.wrench.force.z,8909.143037267342
1.3845395090000001,1785795405.150630140,/loadcell_data_filtered.wrench.force.z,8909.448855748476
1.385012692,1785795405.151103323,/loadcell_data_filtered.wrench.force.z,8909.8047715389
1.386050346,1785795405.152140977,/loadcell_data_filtered.wrench.force.z,8909.667702229464
1.387824784,1785795405.153915415,/loadcell_data_filtered.wrench.force.z,8909.498316146744
1.388196324,1785795405.154286955,/loadcell_data_filtered.wrench.force.z,8909.452315020715
1.388514588,1785795405.154605219,/loadcell_data_filtered.wrench.force.z,8908.327866335847
1.388837087,1785795405.154927718,/loadcell_data_filtered.wrench.force.z,8896.547771522479
1.389181765,1785795405.155272396,/loadcell_data_filtered.wrench.force.z,8894.06806182433
1.3902856460000002,1785795405.156376277,/loadcell_data_filtered.wrench.force.z,8889.411629732158
1.390693396,1785795405.156784027,/loadcell_data_filtered.wrench.force.z,8886.518766600428
1.390998653,1785795405.157089284,/loadcell_data_filtered.wrench.force.z,8883.66813211397
1.391203811,1785795405.157294442,/loadcell_data_filtered.wrench.force.z,8875.005041863134
1.391481221,1785795405.157571852,/loadcell_data_filtered.wrench.force.z,8873.6768387804
1.391676582,1785795405.157767213,/loadcell_data_filtered.wrench.force.z,8872.759892019638
1.391838908,1785795405.157929539,/loadcell_data_filtered.wrench.force.z,8872.565180732872
1.392298889,1785795405.158389520,/loadcell_data_filtered.wrench.force.z,8873.062213552437
1.394054256,1785795405.160144887,/loadcell_data_filtered.wrench.force.z,8873.206666082942
1.394989011,1785795405.161079642,/loadcell_data_filtered.wrench.force.z,8873.692071960924
1.395271423,1785795405.161362054,/loadcell_data_filtered.wrench.force.z,8874.157439355637
1.39550039,1785795405.161591021,/loadcell_data_filtered.wrench.force.z,8875.179671493202
1.39566319,1785795405.161753821,/loadcell_data_filtered.wrench.force.z,8876.203312596845
1.395846199,1785795405.161936830,/loadcell_data_filtered.wrench.force.z,8876.646025118298
1.396089166,1785795405.162179797,/loadcell_data_filtered.wrench.force.z,8876.474154485744
1.3980915440000001,1785795405.164182175,/loadcell_data_filtered.wrench.force.z,8882.839118058442
1.39828916,1785795405.164379791,/loadcell_data_filtered.wrench.force.z,8888.245041147873
1.398431693,1785795405.164522324,/loadcell_data_filtered.wrench.force.z,8892.473270947241
1.398570377,1785795405.164661008,/loadcell_data_filtered.wrench.force.z,8889.547067536281
1.398708628,1785795405.164799259,/loadcell_data_filtered.wrench.force.z,8893.42868241342
1.398822728,1785795405.164913359,/loadcell_data_filtered.wrench.force.z,8894.859888418037
1.398967647,1785795405.165058278,/loadcell_data_filtered.wrench.force.z,8896.183286080655
1.40185647,1785795405.167947101,/loadcell_data_filtered.wrench.force.z,8897.400459255405
1.402585143,1785795405.168675774,/loadcell_data_filtered.wrench.force.z,8898.253353198901
1.402729364,1785795405.168819995,/loadcell_data_filtered.wrench.force.z,8899.878067192292
1.402866463,1785795405.168957094,/loadcell_data_filtered.wrench.force.z,8901.152767297655
1.4030011610000002,1785795405.169091792,/loadcell_data_filtered.wrench.force.z,8902.40333862298
1.403136057,1785795405.169226688,/loadcell_data_filtered.wrench.force.z,8903.489082117387
1.405680815,1785795405.171771446,/loadcell_data_filtered.wrench.force.z,8904.930330339817
1.405979798,1785795405.172070429,/loadcell_data_filtered.wrench.force.z,8905.689847433641
1.406138702,1785795405.172229333,/loadcell_data_filtered.wrench.force.z,8905.620575884293
1.406290572,1785795405.172381203,/loadcell_data_filtered.wrench.force.z,8904.482393153547
1.406419443,1785795405.172510074,/loadcell_data_filtered.wrench.force.z,8901.045345899558
1.406561917,1785795405.172652548,/loadcell_data_filtered.wrench.force.z,8897.94000840083
1.406694974,1785795405.172785605,/loadcell_data_filtered.wrench.force.z,8895.916758426623
1.406822975,1785795405.172913606,/loadcell_data_filtered.wrench.force.z,8893.846858540946
1.406962665,1785795405.173053296,/loadcell_data_filtered.wrench.force.z,8891.271322023284
1.40860455,1785795405.174695181,/loadcell_data_filtered.wrench.force.z,8889.85326737464
1.40897697,1785795405.175067601,/loadcell_data_filtered.wrench.force.z,8889.28582432883
1.409259399,1785795405.175350030,/loadcell_data_filtered.wrench.force.z,8888.886152213967
1.409514171,1785795405.175604802,/loadcell_data_filtered.wrench.force.z,8889.30286380655
1.409764703,1785795405.175855334,/loadcell_data_filtered.wrench.force.z,8889.737242481411
1.410005501,1785795405.176096132,/loadcell_data_filtered.wrench.force.z,8890.239381105572
1.410119701,1785795405.176210332,/loadcell_data_filtered.wrench.force.z,8890.173733972504
1.411264526,1785795405.177355157,/loadcell_data_filtered.wrench.force.z,8890.454873645496
1.411763207,1785795405.177853838,/loadcell_data_filtered.wrench.force.z,8890.75732041392
1.411939445,1785795405.178030076,/loadcell_data_filtered.wrench.force.z,8891.622192667195
1.414536934,1785795405.180627565,/loadcell_data_filtered.wrench.force.z,8895.73641404377
1.414813865,1785795405.180904496,/loadcell_data_filtered.wrench.force.z,8899.382119769574
1.416335246,1785795405.182425877,/loadcell_data_filtered.wrench.force.z,8902.366233759494
1.416906915,1785795405.182997546,/loadcell_data_filtered.wrench.force.z,8904.52553559116
1.41691216,1785795405.183002791,/loadcell_data_filtered.wrench.force.z,8905.212639732621
1.417871711,1785795405.183962342,/loadcell_data_filtered.wrench.force.z,8906.46186480329
1.418291132,1785795405.184381763,/loadcell_data_filtered.wrench.force.z,8907.55862105452
1.418639048,1785795405.184729679,/loadcell_data_filtered.wrench.force.z,8907.830104277986
1.418946342,1785795405.185036973,/loadcell_data_filtered.wrench.force.z,8908.240037879275
1.4201700910000001,1785795405.186260722,/loadcell_data_filtered.wrench.force.z,8908.367540582898
1.420312097,1785795405.186402728,/loadcell_data_filtered.wrench.force.z,8908.951910848486
1.420442708,1785795405.186533339,/loadcell_data_filtered.wrench.force.z,8908.727007847434
1.420568221,1785795405.186658852,/loadcell_data_filtered.wrench.force.z,8903.796691712007
1.420708472,1785795405.186799103,/loadcell_data_filtered.wrench.force.z,8902.005455759872
1.420836712,1785795405.186927343,/loadcell_data_filtered.wrench.force.z,8895.868026512306
1.421394121,1785795405.187484752,/loadcell_data_filtered.wrench.force.z,8892.454634039703
1.421879332,1785795405.187969963,/loadcell_data_filtered.wrench.force.z,8888.78145374655
1.422236146,1785795405.188326777,/loadcell_data_filtered.wrench.force.z,8885.926614978202
1.423943091,1785795405.190033722,/loadcell_data_filtered.wrench.force.z,8882.89894445881
1.424303625,1785795405.190394256,/loadcell_data_filtered.wrench.force.z,8881.61585614929
1.424437653,1785795405.190528284,/loadcell_data_filtered.wrench.force.z,8880.734376227267
1.424606643,1785795405.190697274,/loadcell_data_filtered.wrench.force.z,8881.2971619929
1.424777183,1785795405.190867814,/loadcell_data_filtered.wrench.force.z,8881.380770876085
1.425622234,1785795405.191712865,/loadcell_data_filtered.wrench.force.z,8880.817126148568
1.425984833,1785795405.192075464,/loadcell_data_filtered.wrench.force.z,8880.38356224565
1.426295077,1785795405.192385708,/loadcell_data_filtered.wrench.force.z,8879.778319535415
1.426979694,1785795405.193070325,/loadcell_data_filtered.wrench.force.z,8879.233266961983
1.427530487,1785795405.193621118,/loadcell_data_filtered.wrench.force.z,8878.692818399471
1.427790574,1785795405.193881205,/loadcell_data_filtered.wrench.force.z,8878.391134138381
1.428476227,1785795405.194566858,/loadcell_data_filtered.wrench.force.z,8878.002101140384
1.429030053,1785795405.195120684,/loadcell_data_filtered.wrench.force.z,8877.705701805822
1.429826419,1785795405.195917050,/loadcell_data_filtered.wrench.force.z,8883.194473826677
1.43028912,1785795405.196379751,/loadcell_data_filtered.wrench.force.z,8887.45384196513
1.430597883,1785795405.196688514,/loadcell_data_filtered.wrench.force.z,8891.018580381726
1.4310431430000001,1785795405.197133774,/loadcell_data_filtered.wrench.force.z,8893.701023914173
1.432368692,1785795405.198459323,/loadcell_data_filtered.wrench.force.z,8896.279451904476
1.432712364,1785795405.198802995,/loadcell_data_filtered.wrench.force.z,8897.38644829951
1.433035506,1785795405.199126137,/loadcell_data_filtered.wrench.force.z,8897.60118309645
1.433319536,1785795405.199410167,/loadcell_data_filtered.wrench.force.z,8897.61501854037
1.43595112,1785795405.202041751,/loadcell_data_filtered.wrench.force.z,8898.4893844726
1.4368302370000001,1785795405.202920868,/loadcell_data_filtered.wrench.force.z,8898.115113152438
1.437421899,1785795405.203512530,/loadcell_data_filtered.wrench.force.z,8898.97756020411
1.437902706,1785795405.203993337,/loadcell_data_filtered.wrench.force.z,8899.692609311289
1.438391338,1785795405.204481969,/loadcell_data_filtered.wrench.force.z,8900.577614421514
1.438896668,1785795405.204987299,/loadcell_data_filtered.wrench.force.z,8900.582226596995
1.439291229,1785795405.205381860,/loadcell_data_filtered.wrench.force.z,8900.641618474747
1.439722667,1785795405.205813298,/loadcell_data_filtered.wrench.force.z,8901.590303727877
1.440198231,1785795405.206288862,/loadcell_data_filtered.wrench.force.z,8897.52955951322
1.440648037,1785795405.206738668,/loadcell_data_filtered.wrench.force.z,8893.965111633714
1.4410664450000001,1785795405.207157076,/loadcell_data_filtered.wrench.force.z,8890.024985159984
1.441494641,1785795405.207585272,/loadcell_data_filtered.wrench.force.z,8886.865328037993
1.4419535460000001,1785795405.208044177,/loadcell_data_filtered.wrench.force.z,8885.066887017854
1.442485821,1785795405.208576452,/loadcell_data_filtered.wrench.force.z,8882.026229608897
1.4432393000000001,1785795405.209329931,/loadcell_data_filtered.wrench.force.z,8880.6632179232
1.443915475,1785795405.210006106,/loadcell_data_filtered.wrench.force.z,8880.458013479709
1.444655944,1785795405.210746575,/loadcell_data_filtered.wrench.force.z,8880.442670626
1.445194307,1785795405.211284938,/loadcell_data_filtered.wrench.force.z,8880.34330456664
1.445748444,1785795405.211839075,/loadcell_data_filtered.wrench.force.z,8880.77603495861
1.446179775,1785795405.212270406,/loadcell_data_filtered.wrench.force.z,8881.3430694897
1.446536084,1785795405.212626715,/loadcell_data_filtered.wrench.force.z,8881.693910663238
1.446896797,1785795405.212987428,/loadcell_data_filtered.wrench.force.z,8881.782128358658
1.447203469,1785795405.213294100,/loadcell_data_filtered.wrench.force.z,8882.361392090868
1.447463409,1785795405.213554040,/loadcell_data_filtered.wrench.force.z,8882.761513354648
1.44771564,1785795405.213806271,/loadcell_data_filtered.wrench.force.z,8882.068841039109
1.448022815,1785795405.214113446,/loadcell_data_filtered.wrench.force.z,8886.301487530309
1.448321374,1785795405.214412005,/loadcell_data_filtered.wrench.force.z,8890.136694511362
1.448604899,1785795405.214695530,/loadcell_data_filtered.wrench.force.z,8894.514004184362
1.448889279,1785795405.214979910,/loadcell_data_filtered.wrench.force.z,8897.951241898805
1.449204479,1785795405.215295110,/loadcell_data_filtered.wrench.force.z,8901.152768912438
1.449586753,1785795405.215677384,/loadcell_data_filtered.wrench.force.z,8903.515040600983
1.449908231,1785795405.215998862,/loadcell_data_filtered.wrench.force.z,8905.534465322049
1.450357477,1785795405.216448108,/loadcell_data_filtered.wrench.force.z,8906.444298665403
1.450808284,1785795405.216898915,/loadcell_data_filtered.wrench.force.z,8907.243240735394
1.4512793400000001,1785795405.217369971,/loadcell_data_filtered.wrench.force.z,8908.175233409105
1.451685287,1785795405.217775918,/loadcell_data_filtered.wrench.force.z,8908.658092368907
1.4520255560000002,1785795405.218116187,/loadcell_data_filtered.wrench.force.z,8909.401861459146
1.452797449,1785795405.218888080,/loadcell_data_filtered.wrench.force.z,8910.096857138758
1.45327662,1785795405.219367251,/loadcell_data_filtered.wrench.force.z,8910.863185699349
1.453500981,1785795405.219591612,/loadcell_data_filtered.wrench.force.z,8912.03877186253
1.453736549,1785795405.219827180,/loadcell_data_filtered.wrench.force.z,8912.786904361563
1.456769146,1785795405.222859777,/loadcell_data_filtered.wrench.force.z,8913.224710337123
1.4575245030000001,1785795405.223615134,/loadcell_data_filtered.wrench.force.z,8908.253751435148
1.457915954,1785795405.224006585,/loadcell_data_filtered.wrench.force.z,8905.323920477871
1.458235147,1785795405.224325778,/loadcell_data_filtered.wrench.force.z,8902.508735852358
1.458623033,1785795405.224713664,/loadcell_data_filtered.wrench.force.z,8900.42935449048
1.458992285,1785795405.225082916,/loadcell_data_filtered.wrench.force.z,8898.619219871316
1.459342992,1785795405.225433623,/loadcell_data_filtered.wrench.force.z,8898.138467408722
1.459659113,1785795405.225749744,/loadcell_data_filtered.wrench.force.z,8898.28332782951
1.460020649,1785795405.226111280,/loadcell_data_filtered.wrench.force.z,8898.301032023537
1.460308442,1785795405.226399073,/loadcell_data_filtered.wrench.force.z,8898.042498292629
1.460528505,1785795405.226619136,/loadcell_data_filtered.wrench.force.z,8898.038849727704
1.460752323,1785795405.226842954,/loadcell_data_filtered.wrench.force.z,8897.89732917385
1.461093489,1785795405.227184120,/loadcell_data_filtered.wrench.force.z,8898.467700202655
1.461416501,1785795405.227507132,/loadcell_data_filtered.wrench.force.z,8898.848166818598
1.461709828,1785795405.227800459,/loadcell_data_filtered.wrench.force.z,8898.004356810687
1.462349357,1785795405.228439988,/loadcell_data_filtered.wrench.force.z,8897.717738960968
1.462677703,1785795405.228768334,/loadcell_data_filtered.wrench.force.z,8897.587728541712
1.4629470420000001,1785795405.229037673,/loadcell_data_filtered.wrench.force.z,8898.732130949118
1.463407358,1785795405.229497989,/loadcell_data_filtered.wrench.force.z,8905.173249019841
1.463781326,1785795405.229871957,/loadcell_data_filtered.wrench.force.z,8910.034199503934
1.464160275,1785795405.230250906,/loadcell_data_filtered.wrench.force.z,8913.906014664097
1.467218908,1785795405.233309539,/loadcell_data_filtered.wrench.force.z,8917.18234321549
1.467518699,1785795405.233609330,/loadcell_data_filtered.wrench.force.z,8920.205755823683
1.467816586,1785795405.233907217,/loadcell_data_filtered.wrench.force.z,8922.53393282625
1.468185338,1785795405.234275969,/loadcell_data_filtered.wrench.force.z,8923.968556802056
1.468567188,1785795405.234657819,/loadcell_data_filtered.wrench.force.z,8925.226425797562
1.46897345,1785795405.235064081,/loadcell_data_filtered.wrench.force.z,8926.786588961404
1.469317484,1785795405.235408115,/loadcell_data_filtered.wrench.force.z,8928.604771170441
1.469627102,1785795405.235717733,/loadcell_data_filtered.wrench.force.z,8929.581785239263
1.469989758,1785795405.236080389,/loadcell_data_filtered.wrench.force.z,8929.693488666993
1.470399948,1785795405.236490579,/loadcell_data_filtered.wrench.force.z,8930.544750861814
1.470737775,1785795405.236828406,/loadcell_data_filtered.wrench.force.z,8931.688202731533
1.471010178,1785795405.237100809,/loadcell_data_filtered.wrench.force.z,8932.647727602156
1.471273312,1785795405.237363943,/loadcell_data_filtered.wrench.force.z,8933.899384782118
1.471522313,1785795405.237612944,/loadcell_data_filtered.wrench.force.z,8930.562047781925
1.471807672,1785795405.237898303,/loadcell_data_filtered.wrench.force.z,8928.525819928414
1.472595695,1785795405.238686326,/loadcell_data_filtered.wrench.force.z,8925.956490432949
1.473071097,1785795405.239161728,/loadcell_data_filtered.wrench.force.z,8923.899558301686
1.473493272,1785795405.239583903,/loadcell_data_filtered.wrench.force.z,8922.607568869527
1.476756688,1785795405.242847319,/loadcell_data_filtered.wrench.force.z,8921.919909126458
1.47941678,1785795405.245507411,/loadcell_data_filtered.wrench.force.z,8921.475934354987
1.479561213,1785795405.245651844,/loadcell_data_filtered.wrench.force.z,8923.080323956256
1.479705798,1785795405.245796429,/loadcell_data_filtered.wrench.force.z,8924.736048653584
1.479836945,1785795405.245927576,/loadcell_data_filtered.wrench.force.z,8926.46046041831
1.479987325,1785795405.246077956,/loadcell_data_filtered.wrench.force.z,8927.866656340851
1.480097158,1785795405.246187789,/loadcell_data_filtered.wrench.force.z,8929.414916037544
1.480222225,1785795405.246312856,/loadcell_data_filtered.wrench.force.z,8930.206881387445
1.4803480420000001,1785795405.246438673,/loadcell_data_filtered.wrench.force.z,8930.808923637815
1.480467794,1785795405.246558425,/loadcell_data_filtered.wrench.force.z,8930.884495673052
1.480583374,1785795405.246674005,/loadcell_data_filtered.wrench.force.z,8931.5936288121
1.4807019160000001,1785795405.246792547,/loadcell_data_filtered.wrench.force.z,8932.066126622745
1.480818164,1785795405.246908795,/loadcell_data_filtered.wrench.force.z,8938.30948258078
1.480952817,1785795405.247043448,/loadcell_data_filtered.wrench.force.z,8941.749606637988
1.481133277,1785795405.247223908,/loadcell_data_filtered.wrench.force.z,8944.292024927723
1.4820568280000002,1785795405.248147459,/loadcell_data_filtered.wrench.force.z,8946.866436388738
1.4826165150000001,1785795405.248707146,/loadcell_data_filtered.wrench.force.z,8948.912888237244
1.483005651,1785795405.249096282,/loadcell_data_filtered.wrench.force.z,8950.08388812725
1.483305964,1785795405.249396595,/loadcell_data_filtered.wrench.force.z,8951.222144696305
1.483675734,1785795405.249766365,/loadcell_data_filtered.wrench.force.z,8950.413129153238
1.485340236,1785795405.251430867,/loadcell_data_filtered.wrench.force.z,8949.54955931333
1.485532912,1785795405.251623543,/loadcell_data_filtered.wrench.force.z,8948.305478898365
1.485676414,1785795405.251767045,/loadcell_data_filtered.wrench.force.z,8948.436501535398
1.485813781,1785795405.251904412,/loadcell_data_filtered.wrench.force.z,8948.597545987079
1.485970002,1785795405.252060633,/loadcell_data_filtered.wrench.force.z,8948.86279966299
1.486183234,1785795405.252273865,/loadcell_data_filtered.wrench.force.z,8948.62566226721
1.4864537960000002,1785795405.252544427,/loadcell_data_filtered.wrench.force.z,8947.142564809968
1.486657826,1785795405.252748457,/loadcell_data_filtered.wrench.force.z,8946.545468145412
1.487349776,1785795405.253440407,/loadcell_data_filtered.wrench.force.z,8945.287921189183
1.487746333,1785795405.253836964,/loadcell_data_filtered.wrench.force.z,8938.80535552158
1.488747698,1785795405.254838329,/loadcell_data_filtered.wrench.force.z,8934.971654190293
1.4893300630000001,1785795405.255420694,/loadcell_data_filtered.wrench.force.z,8930.74760083849
1.489446886,1785795405.255537517,/loadcell_data_filtered.wrench.force.z,8927.973863711864
1.490273261,1785795405.256363892,/loadcell_data_filtered.wrench.force.z,8924.934760539165
1.490859383,1785795405.256950014,/loadcell_data_filtered.wrench.force.z,8923.98780000452
1.492218429,1785795405.258309060,/loadcell_data_filtered.wrench.force.z,8922.77847343395
1.4924021650000001,1785795405.258492796,/loadcell_data_filtered.wrench.force.z,8922.721245608369
1.492527978,1785795405.258618609,/loadcell_data_filtered.wrench.force.z,8922.956985050098
1.4926447330000001,1785795405.258735364,/loadcell_data_filtered.wrench.force.z,8923.41993950123
1.492760137,1785795405.258850768,/loadcell_data_filtered.wrench.force.z,8924.02656575656
1.492923295,1785795405.259013926,/loadcell_data_filtered.wrench.force.z,8924.19477326277
1.494992302,1785795405.261082933,/loadcell_data_filtered.wrench.force.z,8923.737126710199
1.496582452,1785795405.262673083,/loadcell_data_filtered.wrench.force.z,8923.446719570804
1.496786097,1785795405.262876728,/loadcell_data_filtered.wrench.force.z,8924.070880569097
1.49695423,1785795405.263044861,/loadcell_data_filtered.wrench.force.z,8924.448334207202
1.4970860620000002,1785795405.263176693,/loadcell_data_filtered.wrench.force.z,8926.979192833494
1.497256266,1785795405.263346897,/loadcell_data_filtered.wrench.force.z,8932.319412800218
1.49739794,1785795405.263488571,/loadcell_data_filtered.wrench.force.z,8937.497902687011
1.497554981,1785795405.263645612,/loadcell_data_filtered.wrench.force.z,8941.795439314186
1.497695084,1785795405.263785715,/loadcell_data_filtered.wrench.force.z,8944.54305781604
1.49808965,1785795405.264180281,/loadcell_data_filtered.wrench.force.z,8946.214996624258
1.5002860290000002,1785795405.266376660,/loadcell_data_filtered.wrench.force.z,8947.335084897883
1.5004719990000002,1785795405.266562630,/loadcell_data_filtered.wrench.force.z,8947.741182595359
1.5006301149999999,1785795405.266720746,/loadcell_data_filtered.wrench.force.z,8947.91202185905
1.500777346,1785795405.266867977,/loadcell_data_filtered.wrench.force.z,8940.915561683134
1.5009301800000001,1785795405.267020811,/loadcell_data_filtered.wrench.force.z,8941.78099828181
1.501547078,1785795405.267637709,/loadcell_data_filtered.wrench.force.z,8941.36949096396
1.501767059,1785795405.267857690,/loadcell_data_filtered.wrench.force.z,8941.648650619032
1.501948882,1785795405.268039513,/loadcell_data_filtered.wrench.force.z,8941.938714818676
1.5027763900000002,1785795405.268867021,/loadcell_data_filtered.wrench.force.z,8941.95615525391
1.5031758640000001,1785795405.269266495,/loadcell_data_filtered.wrench.force.z,8941.901367160945
1.50411355,1785795405.270204181,/loadcell_data_filtered.wrench.force.z,8941.8109381247
1.507133761,1785795405.273224392,/loadcell_data_filtered.wrench.force.z,8937.297977516788
1.5076576240000001,1785795405.273748255,/loadcell_data_filtered.wrench.force.z,8935.009945606884
1.507864175,1785795405.273954806,/loadcell_data_filtered.wrench.force.z,8931.494967108247
1.508051843,1785795405.274142474,/loadcell_data_filtered.wrench.force.z,8929.087327691446
1.508219526,1785795405.274310157,/loadcell_data_filtered.wrench.force.z,8927.226026601982
1.5083808570000001,1785795405.274471488,/loadcell_data_filtered.wrench.force.z,8926.364283579696
1.508542307,1785795405.274632938,/loadcell_data_filtered.wrench.force.z,8926.070691934288
1.5087624430000002,1785795405.274853074,/loadcell_data_filtered.wrench.force.z,8926.741493259526
1.511997497,1785795405.278088128,/loadcell_data_filtered.wrench.force.z,8926.819139971047
1.5126810769999999,1785795405.278771708,/loadcell_data_filtered.wrench.force.z,8927.74408219837
1.5129867410000002,1785795405.279077372,/loadcell_data_filtered.wrench.force.z,8928.948775152148
1.513369325,1785795405.279459956,/loadcell_data_filtered.wrench.force.z,8930.097210928023
1.513731284,1785795405.279821915,/loadcell_data_filtered.wrench.force.z,8931.45277186106
1.514095847,1785795405.280186478,/loadcell_data_filtered.wrench.force.z,8932.553098863149
1.514466187,1785795405.280556818,/loadcell_data_filtered.wrench.force.z,8933.93611850074
1.514850559,1785795405.280941190,/loadcell_data_filtered.wrench.force.z,8935.219225485931
1.515283078,1785795405.281373709,/loadcell_data_filtered.wrench.force.z,8936.615377052483
1.51565327,1785795405.281743901,/loadcell_data_filtered.wrench.force.z,8943.535409495495
1.516011008,1785795405.282101639,/loadcell_data_filtered.wrench.force.z,8948.63108500376
1.5163844370000001,1785795405.282475068,/loadcell_data_filtered.wrench.force.z,8952.227410995429
1.516652927,1785795405.282743558,/loadcell_data_filtered.wrench.force.z,8956.603243127642
1.516887746,1785795405.282978377,/loadcell_data_filtered.wrench.force.z,8959.623384904602
1.5171340739999999,1785795405.283224705,/loadcell_data_filtered.wrench.force.z,8962.111541448658
1.5173979100000001,1785795405.283488541,/loadcell_data_filtered.wrench.force.z,8964.58580153698
1.5176626020000001,1785795405.283753233,/loadcell_data_filtered.wrench.force.z,8965.252312141936
1.517999131,1785795405.284089762,/loadcell_data_filtered.wrench.force.z,8966.19845269866
1.518351632,1785795405.284442263,/loadcell_data_filtered.wrench.force.z,8966.922706245261
1.518669268,1785795405.284759899,/loadcell_data_filtered.wrench.force.z,8966.820796845741
1.518907273,1785795405.284997904,/loadcell_data_filtered.wrench.force.z,8966.173524400521
1.51912259,1785795405.285213221,/loadcell_data_filtered.wrench.force.z,8966.154580229264
1.519337041,1785795405.285427672,/loadcell_data_filtered.wrench.force.z,8966.687045675295
1.519540483,1785795405.285631114,/loadcell_data_filtered.wrench.force.z,8966.52780317366
1.519875689,1785795405.285966320,/loadcell_data_filtered.wrench.force.z,8965.811431326802
1.52060104,1785795405.286691671,/loadcell_data_filtered.wrench.force.z,8965.41724283222
1.520893183,1785795405.286983814,/loadcell_data_filtered.wrench.force.z,8959.279143162727
1.5212712179999999,1785795405.287361849,/loadcell_data_filtered.wrench.force.z,8954.781937044869
1.5218229760000002,1785795405.287913607,/loadcell_data_filtered.wrench.force.z,8950.662930138675
1.5222335980000001,1785795405.288324229,/loadcell_data_filtered.wrench.force.z,8946.862512015654
1.5228542950000001,1785795405.288944926,/loadcell_data_filtered.wrench.force.z,8943.461370022633
1.524276986,1785795405.290367617,/loadcell_data_filtered.wrench.force.z,8941.72056833371
1.5245488630000001,1785795405.290639494,/loadcell_data_filtered.wrench.force.z,8940.952395294631
1.524837565,1785795405.290928196,/loadcell_data_filtered.wrench.force.z,8941.147906834552
1.525142587,1785795405.291233218,/loadcell_data_filtered.wrench.force.z,8940.981339298982
1.5253694260000001,1785795405.291460057,/loadcell_data_filtered.wrench.force.z,8941.572492501266
1.525991849,1785795405.292082480,/loadcell_data_filtered.wrench.force.z,8941.571834478922
1.527809296,1785795405.293899927,/loadcell_data_filtered.wrench.force.z,8940.583209202568
1.528004629,1785795405.294095260,/loadcell_data_filtered.wrench.force.z,8940.659916308248
1.528206763,1785795405.294297394,/loadcell_data_filtered.wrench.force.z,8934.936317356589
1.528575011,1785795405.294665642,/loadcell_data_filtered.wrench.force.z,8933.676326845254
1.528780008,1785795405.294870639,/loadcell_data_filtered.wrench.force.z,8933.281892866233
1.530354723,1785795405.296445354,/loadcell_data_filtered.wrench.force.z,8936.925928429366
1.5308170030000001,1785795405.296907634,/loadcell_data_filtered.wrench.force.z,8941.279712947095
1.531335388,1785795405.297426019,/loadcell_data_filtered.wrench.force.z,8939.654462119066
1.5318795760000001,1785795405.297970207,/loadcell_data_filtered.wrench.force.z,8943.456750681125
1.532467323,1785795405.298557954,/loadcell_data_filtered.wrench.force.z,8946.410513005265
1.5330285840000002,1785795405.299119215,/loadcell_data_filtered.wrench.force.z,8949.384683416727
1.533593866,1785795405.299684497,/loadcell_data_filtered.wrench.force.z,8951.104146945743
1.534314964,1785795405.300405595,/loadcell_data_filtered.wrench.force.z,8951.967112225211
1.5350312320000001,1785795405.301121863,/loadcell_data_filtered.wrench.force.z,8952.280670736336
1.535590588,1785795405.301681219,/loadcell_data_filtered.wrench.force.z,8953.029441103006
1.5362699320000002,1785795405.302360563,/loadcell_data_filtered.wrench.force.z,8953.473566133356
1.536773634,1785795405.302864265,/loadcell_data_filtered.wrench.force.z,8954.137636368401
1.5373499179999999,1785795405.303440549,/loadcell_data_filtered.wrench.force.z,8954.532796866648
1.537811611,1785795405.303902242,/loadcell_data_filtered.wrench.force.z,8954.960076115934
1.538200334,1785795405.304290965,/loadcell_data_filtered.wrench.force.z,8955.245755062357
1.538573559,1785795405.304664190,/loadcell_data_filtered.wrench.force.z,8955.448135677101
1.538895653,1785795405.304986284,/loadcell_data_filtered.wrench.force.z,8955.40915673483
1.539236429,1785795405.305327060,/loadcell_data_filtered.wrench.force.z,8950.129124935906
1.5395866040000001,1785795405.305677235,/loadcell_data_filtered.wrench.force.z,8946.698294598717
1.539957682,1785795405.306048313,/loadcell_data_filtered.wrench.force.z,8942.726895642263
1.54056939,1785795405.306660021,/loadcell_data_filtered.wrench.force.z,8939.22686244306
1.540977403,1785795405.307068034,/loadcell_data_filtered.wrench.force.z,8935.9238102949
1.54129007,1785795405.307380701,/loadcell_data_filtered.wrench.force.z,8933.915089398482
1.541651887,1785795405.307742518,/loadcell_data_filtered.wrench.force.z,8932.100765718413
1.5420859199999999,1785795405.308176551,/loadcell_data_filtered.wrench.force.z,8931.678632686704
1.5426345700000001,1785795405.308725201,/loadcell_data_filtered.wrench.force.z,8931.509451296415
1.5431882940000001,1785795405.309278925,/loadcell_data_filtered.wrench.force.z,8931.21777273003
1.543644983,1785795405.309735614,/loadcell_data_filtered.wrench.force.z,8923.558513391401
1.54408032,1785795405.310170951,/loadcell_data_filtered.wrench.force.z,8923.562159533847
1.544473627,1785795405.310564258,/loadcell_data_filtered.wrench.force.z,8922.716512692956
1.5448637490000001,1785795405.310954380,/loadcell_data_filtered.wrench.force.z,8922.073749212728
1.5452236670000001,1785795405.311314298,/loadcell_data_filtered.wrench.force.z,8921.306387271332
1.5455130540000002,1785795405.311603685,/loadcell_data_filtered.wrench.force.z,8921.108826204449
1.5458231,1785795405.311913731,/loadcell_data_filtered.wrench.force.z,8920.97277822612
1.546218973,1785795405.312309604,/loadcell_data_filtered.wrench.force.z,8926.426207193963
1.547119152,1785795405.313209783,/loadcell_data_filtered.wrench.force.z,8930.448952035647
1.5476664150000001,1785795405.313757046,/loadcell_data_filtered.wrench.force.z,8934.212397911913
1.5481354170000001,1785795405.314226048,/loadcell_data_filtered.wrench.force.z,8937.954330763603
1.548459388,1785795405.314550019,/loadcell_data_filtered.wrench.force.z,8940.430754467161
1.548711854,1785795405.314802485,/loadcell_data_filtered.wrench.force.z,8941.69433366701
1.548954536,1785795405.315045167,/loadcell_data_filtered.wrench.force.z,8942.728340610813
1.549359634,1785795405.315450265,/loadcell_data_filtered.wrench.force.z,8943.257421796621
1.5498232550000002,1785795405.315913886,/loadcell_data_filtered.wrench.force.z,8944.08759006384
1.550266463,1785795405.316357094,/loadcell_data_filtered.wrench.force.z,8944.77504392229
1.554093522,1785795405.320184153,/loadcell_data_filtered.wrench.force.z,8945.178054262296
1.554361846,1785795405.320452477,/loadcell_data_filtered.wrench.force.z,8946.025724336896
1.554541642,1785795405.320632273,/loadcell_data_filtered.wrench.force.z,8947.008113184398
1.55472398,1785795405.320814611,/loadcell_data_filtered.wrench.force.z,8948.225957588018
1.5548960470000002,1785795405.320986678,/loadcell_data_filtered.wrench.force.z,8949.67176245135
1.55507305,1785795405.321163681,/loadcell_data_filtered.wrench.force.z,8951.021337610626
1.555237541,1785795405.321328172,/loadcell_data_filtered.wrench.force.z,8951.55578501836
1.555394197,1785795405.321484828,/loadcell_data_filtered.wrench.force.z,8947.301563374933
1.5555644000000002,1785795405.321655031,/loadcell_data_filtered.wrench.force.z,8942.633859436626
1.555713917,1785795405.321804548,/loadcell_data_filtered.wrench.force.z,8939.865871625374
1.5558648210000001,1785795405.321955452,/loadcell_data_filtered.wrench.force.z,8937.368306359314
1.557412386,1785795405.323503017,/loadcell_data_filtered.wrench.force.z,8934.871772053411
1.5593835870000001,1785795405.325474218,/loadcell_data_filtered.wrench.force.z,8934.03337413829
1.559557929,1785795405.325648560,/loadcell_data_filtered.wrench.force.z,8934.766582871223
1.559695696,1785795405.325786327,/loadcell_data_filtered.wrench.force.z,8935.983637580108
1.559844145,1785795405.325934776,/loadcell_data_filtered.wrench.force.z,8936.810654610495
1.559981716,1785795405.326072347,/loadcell_data_filtered.wrench.force.z,8937.8980208322
1.560125651,1785795405.326216282,/loadcell_data_filtered.wrench.force.z,8939.005110299875
1.5602483010000001,1785795405.326338932,/loadcell_data_filtered.wrench.force.z,8939.736222181236
1.560382407,1785795405.326473038,/loadcell_data_filtered.wrench.force.z,8938.669756371195
1.560559074,1785795405.326649705,/loadcell_data_filtered.wrench.force.z,8938.423828577801
1.561635976,1785795405.327726607,/loadcell_data_filtered.wrench.force.z,8938.688884160367
1.561784817,1785795405.327875448,/loadcell_data_filtered.wrench.force.z,8938.572137812733
1.562226624,1785795405.328317255,/loadcell_data_filtered.wrench.force.z,8942.759996484889
1.5626686730000001,1785795405.328759304,/loadcell_data_filtered.wrench.force.z,8946.171199525823
1.563847384,1785795405.329938015,/loadcell_data_filtered.wrench.force.z,8950.67150505193
1.5643936740000002,1785795405.330484305,/loadcell_data_filtered.wrench.force.z,8954.311980554316
1.564787204,1785795405.330877835,/loadcell_data_filtered.wrench.force.z,8957.14499931866
1.56524172,1785795405.331332351,/loadcell_data_filtered.wrench.force.z,8959.15290406482
1.565586123,1785795405.331676754,/loadcell_data_filtered.wrench.force.z,8960.92034577435
1.5660114520000001,1785795405.332102083,/loadcell_data_filtered.wrench.force.z,8960.773823063651
1.566359273,1785795405.332449904,/loadcell_data_filtered.wrench.force.z,8960.913984302428
1.566727077,1785795405.332817708,/loadcell_data_filtered.wrench.force.z,8961.072818364295
1.567473463,1785795405.333564094,/loadcell_data_filtered.wrench.force.z,8961.815372552455
1.570211743,1785795405.336302374,/loadcell_data_filtered.wrench.force.z,8961.94699395723
1.570223112,1785795405.336313743,/loadcell_data_filtered.wrench.force.z,8962.102888095349
1.570225323,1785795405.336315954,/loadcell_data_filtered.wrench.force.z,8962.11486246481
1.570382919,1785795405.336473550,/loadcell_data_filtered.wrench.force.z,8961.996907577459
1.570556641,1785795405.336647272,/loadcell_data_filtered.wrench.force.z,8961.857964386018
1.573808115,1785795405.339898746,/loadcell_data_filtered.wrench.force.z,8962.095549176416
1.577006099,1785795405.343096730,/loadcell_data_filtered.wrench.force.z,8957.058600621032
1.57714353,1785795405.343234161,/loadcell_data_filtered.wrench.force.z,8954.683268534913
1.57727357,1785795405.343364201,/loadcell_data_filtered.wrench.force.z,8951.034487968824
1.577421117,1785795405.343511748,/loadcell_data_filtered.wrench.force.z,8948.72798209538
1.577524537,1785795405.343615168,/loadcell_data_filtered.wrench.force.z,8946.217369394117
1.577640297,1785795405.343730928,/loadcell_data_filtered.wrench.force.z,8945.398541806635
1.5777571190000002,1785795405.343847750,/loadcell_data_filtered.wrench.force.z,8944.347973624077
1.5778802710000002,1785795405.343970902,/loadcell_data_filtered.wrench.force.z,8944.88257804482
1.5779994,1785795405.344090031,/loadcell_data_filtered.wrench.force.z,8944.891974839815
1.5781125,1785795405.344203131,/loadcell_data_filtered.wrench.force.z,8945.977947187424
1.578225019,1785795405.344315650,/loadcell_data_filtered.wrench.force.z,8946.347662765407
1.578338424,1785795405.344429055,/loadcell_data_filtered.wrench.force.z,8946.626971575715
1.5784534250000002,1785795405.344544056,/loadcell_data_filtered.wrench.force.z,8946.991727211227
1.578565587,1785795405.344656218,/loadcell_data_filtered.wrench.force.z,8947.403131131876
1.578683327,1785795405.344773958,/loadcell_data_filtered.wrench.force.z,8946.211313988926
1.5787937200000002,1785795405.344884351,/loadcell_data_filtered.wrench.force.z,8945.353021712284
1.578912322,1785795405.345002953,/loadcell_data_filtered.wrench.force.z,8944.732150666709
1.5790745300000002,1785795405.345165161,/loadcell_data_filtered.wrench.force.z,8950.731111882538
1.582190919,1785795405.348281550,/loadcell_data_filtered.wrench.force.z,8955.333548476074
1.58311783,1785795405.349208461,/loadcell_data_filtered.wrench.force.z,8959.19181941389
1.5833622850000002,1785795405.349452916,/loadcell_data_filtered.wrench.force.z,8963.114496117048
1.583508513,1785795405.349599144,/loadcell_data_filtered.wrench.force.z,8966.7281693004
1.5836698120000001,1785795405.349760443,/loadcell_data_filtered.wrench.force.z,8968.936217758377
1.5838707090000002,1785795405.349961340,/loadcell_data_filtered.wrench.force.z,8970.238992520743
1.584014888,1785795405.350105519,/loadcell_data_filtered.wrench.force.z,8971.071216252769
1.584486201,1785795405.350576832,/loadcell_data_filtered.wrench.force.z,8970.951017976771
1.584698156,1785795405.350788787,/loadcell_data_filtered.wrench.force.z,8971.507751352829
1.584894002,1785795405.350984633,/loadcell_data_filtered.wrench.force.z,8972.004190311312
1.585152131,1785795405.351242762,/loadcell_data_filtered.wrench.force.z,8972.7255909721
1.585894401,1785795405.351985032,/loadcell_data_filtered.wrench.force.z,8973.683270512642
1.5861313240000001,1785795405.352221955,/loadcell_data_filtered.wrench.force.z,8974.222430171001
1.586302655,1785795405.352393286,/loadcell_data_filtered.wrench.force.z,8975.197739983589
1.586721667,1785795405.352812298,/loadcell_data_filtered.wrench.force.z,8975.838834898339
1.5871604289999999,1785795405.353251060,/loadcell_data_filtered.wrench.force.z,8974.087973094525
1.587597077,1785795405.353687708,/loadcell_data_filtered.wrench.force.z,8969.937509239488
1.588065016,1785795405.354155647,/loadcell_data_filtered.wrench.force.z,8965.685179072583
1.588571074,1785795405.354661705,/loadcell_data_filtered.wrench.force.z,8962.597260494445
1.588973463,1785795405.355064094,/loadcell_data_filtered.wrench.force.z,8960.076748552381
1.5895791300000002,1785795405.355669761,/loadcell_data_filtered.wrench.force.z,8957.601441390418
1.591707347,1785795405.357797978,/loadcell_data_filtered.wrench.force.z,8956.28851239637
1.592161245,1785795405.358251876,/loadcell_data_filtered.wrench.force.z,8955.90372982201
1.592482592,1785795405.358573223,/loadcell_data_filtered.wrench.force.z,8956.551566856715
1.592768742,1785795405.358859373,/loadcell_data_filtered.wrench.force.z,8957.407317150413
1.593086511,1785795405.359177142,/loadcell_data_filtered.wrench.force.z,8957.20620403032
1.593367641,1785795405.359458272,/loadcell_data_filtered.wrench.force.z,8956.407254139216
1.593595041,1785795405.359685672,/loadcell_data_filtered.wrench.force.z,8955.895434234642
1.593853317,1785795405.359943948,/loadcell_data_filtered.wrench.force.z,8954.965441921939
1.594530185,1785795405.360620816,/loadcell_data_filtered.wrench.force.z,8954.338063219784
1.594715914,1785795405.360806545,/loadcell_data_filtered.wrench.force.z,8953.50730640917
1.595167797,1785795405.361258428,/loadcell_data_filtered.wrench.force.z,8952.52507983315
1.59671145,1785795405.362802081,/loadcell_data_filtered.wrench.force.z,8956.770980124584
1.597604358,1785795405.363694989,/loadcell_data_filtered.wrench.force.z,8959.432376710512
1.5979917810000002,1785795405.364082412,/loadcell_data_filtered.wrench.force.z,8963.766816231631
1.598355605,1785795405.364446236,/loadcell_data_filtered.wrench.force.z,8966.902958197366
1.598734839,1785795405.364825470,/loadcell_data_filtered.wrench.force.z,8969.331310075051
1.59907795,1785795405.365168581,/loadcell_data_filtered.wrench.force.z,8970.673233719344
1.599391624,1785795405.365482255,/loadcell_data_filtered.wrench.force.z,8971.344658579406
1.599739115,1785795405.365829746,/loadcell_data_filtered.wrench.force.z,8971.036509512727
1.6000298050000001,1785795405.366120436,/loadcell_data_filtered.wrench.force.z,8970.83559006776
1.6003125470000001,1785795405.366403178,/loadcell_data_filtered.wrench.force.z,8970.603905463415
1.604841454,1785795405.370932085,/loadcell_data_filtered.wrench.force.z,8970.643160885606
1.6052358500000001,1785795405.371326481,/loadcell_data_filtered.wrench.force.z,8970.606017616361
1.605630982,1785795405.371721613,/loadcell_data_filtered.wrench.force.z,8971.113946990008
1.606008721,1785795405.372099352,/loadcell_data_filtered.wrench.force.z,8970.695603451139
1.606400193,1785795405.372490824,/loadcell_data_filtered.wrench.force.z,8964.441773694633
1.60668174,1785795405.372772371,/loadcell_data_filtered.wrench.force.z,8964.769407884867
1.607035054,1785795405.373125685,/loadcell_data_filtered.wrench.force.z,8965.391824177113
1.607354562,1785795405.373445193,/loadcell_data_filtered.wrench.force.z,8960.853044924408
1.6076851,1785795405.373775731,/loadcell_data_filtered.wrench.force.z,8958.484718722111
1.607994025,1785795405.374084656,/loadcell_data_filtered.wrench.force.z,8954.026868414549
1.608255028,1785795405.374345659,/loadcell_data_filtered.wrench.force.z,8951.835579871577
1.6086213950000001,1785795405.374712026,/loadcell_data_filtered.wrench.force.z,8947.798016482237
1.60898418,1785795405.375074811,/loadcell_data_filtered.wrench.force.z,8946.977059889081
1.609213541,1785795405.375304172,/loadcell_data_filtered.wrench.force.z,8944.80139555539
1.609373174,1785795405.375463805,/loadcell_data_filtered.wrench.force.z,8938.927049700465
1.609539307,1785795405.375629938,/loadcell_data_filtered.wrench.force.z,8939.806177673547
1.609700819,1785795405.375791450,/loadcell_data_filtered.wrench.force.z,8939.204012556074
1.609867666,1785795405.375958297,/loadcell_data_filtered.wrench.force.z,8939.619061982537
1.610051167,1785795405.376141798,/loadcell_data_filtered.wrench.force.z,8939.36003501585
1.6102069239999999,1785795405.376297555,/loadcell_data_filtered.wrench.force.z,8939.43147732582
1.610491053,1785795405.376581684,/loadcell_data_filtered.wrench.force.z,8939.900332642957
1.611601891,1785795405.377692522,/loadcell_data_filtered.wrench.force.z,8939.554942501552
1.611832954,1785795405.377923585,/loadcell_data_filtered.wrench.force.z,8939.389383281608
1.612274678,1785795405.378365309,/loadcell_data_filtered.wrench.force.z,8939.861965353679
1.614574153,1785795405.380664784,/loadcell_data_filtered.wrench.force.z,8946.243513908983
1.6153670450000002,1785795405.381457676,/loadcell_data_filtered.wrench.force.z,8951.237292060663
1.616032896,1785795405.382123527,/loadcell_data_filtered.wrench.force.z,8955.131169103774
1.616469766,1785795405.382560397,/loadcell_data_filtered.wrench.force.z,8959.105072859884
1.616989969,1785795405.383080600,/loadcell_data_filtered.wrench.force.z,8962.777250457091
1.617461215,1785795405.383551846,/loadcell_data_filtered.wrench.force.z,8964.300903775773
1.618773954,1785795405.384864585,/loadcell_data_filtered.wrench.force.z,8965.26131421499
1.61940594,1785795405.385496571,/loadcell_data_filtered.wrench.force.z,8964.998497344968
1.620126988,1785795405.386217619,/loadcell_data_filtered.wrench.force.z,8965.541676360132
1.620458323,1785795405.386548954,/loadcell_data_filtered.wrench.force.z,8966.869390411755
1.6209631290000002,1785795405.387053760,/loadcell_data_filtered.wrench.force.z,8967.451894052325
1.621456148,1785795405.387546779,/loadcell_data_filtered.wrench.force.z,8968.349307541506
1.621913974,1785795405.388004605,/loadcell_data_filtered.wrench.force.z,8969.029649269729
1.622315304,1785795405.388405935,/loadcell_data_filtered.wrench.force.z,8969.880431643263
1.622708244,1785795405.388798875,/loadcell_data_filtered.wrench.force.z,8971.062557233712
1.623095245,1785795405.389185876,/loadcell_data_filtered.wrench.force.z,8971.587398253714
1.623343115,1785795405.389433746,/loadcell_data_filtered.wrench.force.z,8967.79044176589
1.623573242,1785795405.389663873,/loadcell_data_filtered.wrench.force.z,8965.152292053766
1.623847553,1785795405.389938184,/loadcell_data_filtered.wrench.force.z,8962.243905352467
1.62409947,1785795405.390190101,/loadcell_data_filtered.wrench.force.z,8958.882807975993
1.624392891,1785795405.390483522,/loadcell_data_filtered.wrench.force.z,8956.114677969837
1.624674385,1785795405.390765016,/loadcell_data_filtered.wrench.force.z,8954.15375611364
1.62508062,1785795405.391171251,/loadcell_data_filtered.wrench.force.z,8953.306902885059
1.625563211,1785795405.391653842,/loadcell_data_filtered.wrench.force.z,8953.711779077381
1.6260169530000002,1785795405.392107584,/loadcell_data_filtered.wrench.force.z,8954.302325033565
1.6263925989999999,1785795405.392483230,/loadcell_data_filtered.wrench.force.z,8955.020344217612
1.62667081,1785795405.392761441,/loadcell_data_filtered.wrench.force.z,8955.354097794821
1.627317325,1785795405.393407956,/loadcell_data_filtered.wrench.force.z,8955.418261319484
1.6277197170000002,1785795405.393810348,/loadcell_data_filtered.wrench.force.z,8955.807743774807
1.628115485,1785795405.394206116,/loadcell_data_filtered.wrench.force.z,8956.293691942057
1.6297386770000002,1785795405.395829308,/loadcell_data_filtered.wrench.force.z,8955.983447095043
1.629993431,1785795405.396084062,/loadcell_data_filtered.wrench.force.z,8955.394476624067
1.630141804,1785795405.396232435,/loadcell_data_filtered.wrench.force.z,8954.44057173
1.630275792,1785795405.396366423,/loadcell_data_filtered.wrench.force.z,8958.281146918484
1.630396959,1785795405.396487590,/loadcell_data_filtered.wrench.force.z,8956.1074284301
1.630520149,1785795405.396610780,/loadcell_data_filtered.wrench.force.z,8960.121069239778
1.630639484,1785795405.396730115,/loadcell_data_filtered.wrench.force.z,8962.081584526404
1.6330812,1785795405.399171831,/loadcell_data_filtered.wrench.force.z,8964.323845337978
1.633496541,1785795405.399587172,/loadcell_data_filtered.wrench.force.z,8965.860858575463
1.633733217,1785795405.399823848,/loadcell_data_filtered.wrench.force.z,8966.592533056004
1.634112939,1785795405.400203570,/loadcell_data_filtered.wrench.force.z,8960.88294644172
1.634409567,1785795405.400500198,/loadcell_data_filtered.wrench.force.z,8959.145915086823
1.635384878,1785795405.401475509,/loadcell_data_filtered.wrench.force.z,8958.209501173606
1.63574265,1785795405.401833281,/loadcell_data_filtered.wrench.force.z,8957.77498068676
1.636048598,1785795405.402139229,/loadcell_data_filtered.wrench.force.z,8957.532236986808
1.6364647159999999,1785795405.402555347,/loadcell_data_filtered.wrench.force.z,8950.341691252195
1.63683786,1785795405.402928491,/loadcell_data_filtered.wrench.force.z,8950.85718647377
1.637189542,1785795405.403280173,/loadcell_data_filtered.wrench.force.z,8950.228829606858
1.63762441,1785795405.403715041,/loadcell_data_filtered.wrench.force.z,8949.673417051676
1.6379904299999999,1785795405.404081061,/loadcell_data_filtered.wrench.force.z,8949.273079468605
1.6382761760000002,1785795405.404366807,/loadcell_data_filtered.wrench.force.z,8937.019628897844
1.638655709,1785795405.404746340,/loadcell_data_filtered.wrench.force.z,8933.70890901678
1.639101356,1785795405.405191987,/loadcell_data_filtered.wrench.force.z,8929.591285515682
1.639512726,1785795405.405603357,/loadcell_data_filtered.wrench.force.z,8926.47654082134
1.6398728340000002,1785795405.405963465,/loadcell_data_filtered.wrench.force.z,8923.657473475057
1.6402238530000002,1785795405.406314484,/loadcell_data_filtered.wrench.force.z,8922.590911104617
1.640860274,1785795405.406950905,/loadcell_data_filtered.wrench.force.z,8921.916614628937
1.642455032,1785795405.408545663,/loadcell_data_filtered.wrench.force.z,8921.744906675844
1.6427104030000002,1785795405.408801034,/loadcell_data_filtered.wrench.force.z,8922.393437965533
1.6429532660000001,1785795405.409043897,/loadcell_data_filtered.wrench.force.z,8922.876095275751
1.643229789,1785795405.409320420,/loadcell_data_filtered.wrench.force.z,8916.175370673427
1.643558378,1785795405.409649009,/loadcell_data_filtered.wrench.force.z,8916.93774590666
1.645251192,1785795405.411341823,/loadcell_data_filtered.wrench.force.z,8916.707079226491
1.645472372,1785795405.411563003,/loadcell_data_filtered.wrench.force.z,8916.709486780173
1.645619705,1785795405.411710336,/loadcell_data_filtered.wrench.force.z,8917.191546866376
1.645749788,1785795405.411840419,/loadcell_data_filtered.wrench.force.z,8911.078211109549
1.645911493,1785795405.412002124,/loadcell_data_filtered.wrench.force.z,8912.308025701263
1.646046762,1785795405.412137393,/loadcell_data_filtered.wrench.force.z,8918.16160187614
1.646337419,1785795405.412428050,/loadcell_data_filtered.wrench.force.z,8923.39588224192
1.646832198,1785795405.412922829,/loadcell_data_filtered.wrench.force.z,8927.460817260508
1.647389707,1785795405.413480338,/loadcell_data_filtered.wrench.force.z,8930.970608316718
1.648036453,1785795405.414127084,/loadcell_data_filtered.wrench.force.z,8933.994194153855
1.6483277790000002,1785795405.414418410,/loadcell_data_filtered.wrench.force.z,8935.476509204287
1.648832422,1785795405.414923053,/loadcell_data_filtered.wrench.force.z,8936.175714518893
1.649435745,1785795405.415526376,/loadcell_data_filtered.wrench.force.z,8936.723189906077
1.650651966,1785795405.416742597,/loadcell_data_filtered.wrench.force.z,8937.097801354797
1.650939194,1785795405.417029825,/loadcell_data_filtered.wrench.force.z,8937.410924020513
1.65161246,1785795405.417703091,/loadcell_data_filtered.wrench.force.z,8937.82359738222
1.6520025180000002,1785795405.418093149,/loadcell_data_filtered.wrench.force.z,8937.80249991739
1.652265946,1785795405.418356577,/loadcell_data_filtered.wrench.force.z,8938.117603271201
1.652490867,1785795405.418581498,/loadcell_data_filtered.wrench.force.z,8937.83844961097
1.652870482,1785795405.418961113,/loadcell_data_filtered.wrench.force.z,8937.712854001851
1.653284722,1785795405.419375353,/loadcell_data_filtered.wrench.force.z,8937.55215524595
1.65381315,1785795405.419903781,/loadcell_data_filtered.wrench.force.z,8933.564936120898
1.6543837410000002,1785795405.420474372,/loadcell_data_filtered.wrench.force.z,8930.071867805524
1.654838233,1785795405.420928864,/loadcell_data_filtered.wrench.force.z,8925.815437591706
1.6553299780000001,1785795405.421420609,/loadcell_data_filtered.wrench.force.z,8922.583165818498
1.655859178,1785795405.421949809,/loadcell_data_filtered.wrench.force.z,8919.557299415226
1.656308866,1785795405.422399497,/loadcell_data_filtered.wrench.force.z,8916.998622943702
1.656761852,1785795405.422852483,/loadcell_data_filtered.wrench.force.z,8915.436176075911
1.6573795050000002,1785795405.423470136,/loadcell_data_filtered.wrench.force.z,8915.490681382857
1.657799398,1785795405.423890029,/loadcell_data_filtered.wrench.force.z,8915.871064747464
1.6636767319999999,1785795405.429767363,/loadcell_data_filtered.wrench.force.z,8916.30075722066
1.664391871,1785795405.430482502,/loadcell_data_filtered.wrench.force.z,8917.199404453562
1.664544135,1785795405.430634766,/loadcell_data_filtered.wrench.force.z,8917.745333994604
1.664701178,1785795405.430791809,/loadcell_data_filtered.wrench.force.z,8918.293938563687
1.664830304,1785795405.430920935,/loadcell_data_filtered.wrench.force.z,8919.223567769413
1.664960963,1785795405.431051594,/loadcell_data_filtered.wrench.force.z,8920.018180965715
1.6650875090000001,1785795405.431178140,/loadcell_data_filtered.wrench.force.z,8926.747351108757
1.665225038,1785795405.431315669,/loadcell_data_filtered.wrench.force.z,8931.29801356462
1.6653440750000001,1785795405.431434706,/loadcell_data_filtered.wrench.force.z,8936.233052791082
1.6654824970000002,1785795405.431573128,/loadcell_data_filtered.wrench.force.z,8940.42368076915
1.665610234,1785795405.431700865,/loadcell_data_filtered.wrench.force.z,8943.65570370957
1.665768538,1785795405.431859169,/loadcell_data_filtered.wrench.force.z,8943.81104340502
1.6659340390000001,1785795405.432024670,/loadcell_data_filtered.wrench.force.z,8945.580538036982
1.666068195,1785795405.432158826,/loadcell_data_filtered.wrench.force.z,8946.301020903795
1.666251691,1785795405.432342322,/loadcell_data_filtered.wrench.force.z,8946.51313144697
1.666724308,1785795405.432814939,/loadcell_data_filtered.wrench.force.z,8947.087601441384
1.6676851799999999,1785795405.433775811,/loadcell_data_filtered.wrench.force.z,8947.081220492017
1.6706506939999999,1785795405.436741325,/loadcell_data_filtered.wrench.force.z,8947.561397447931
1.671040674,1785795405.437131305,/loadcell_data_filtered.wrench.force.z,8948.483599392295
1.671235492,1785795405.437326123,/loadcell_data_filtered.wrench.force.z,8948.456695740504
1.671410955,1785795405.437501586,/loadcell_data_filtered.wrench.force.z,8949.539006750336
1.6715528970000002,1785795405.437643528,/loadcell_data_filtered.wrench.force.z,8950.392535202875
1.671711066,1785795405.437801697,/loadcell_data_filtered.wrench.force.z,8951.071232557413
1.671846152,1785795405.437936783,/loadcell_data_filtered.wrench.force.z,8946.53685644641
1.673255153,1785795405.439345784,/loadcell_data_filtered.wrench.force.z,8942.42857714001
1.6733892240000001,1785795405.439479855,/loadcell_data_filtered.wrench.force.z,8937.88106386463
1.673504214,1785795405.439594845,/loadcell_data_filtered.wrench.force.z,8935.031009447026
1.673690581,1785795405.439781212,/loadcell_data_filtered.wrench.force.z,8929.121199832705
1.6738189650000002,1785795405.439909596,/loadcell_data_filtered.wrench.force.z,8923.888794343644
1.674042257,1785795405.440132888,/loadcell_data_filtered.wrench.force.z,8922.674230969045
1.674185461,1785795405.440276092,/loadcell_data_filtered.wrench.force.z,8922.171323225171
1.674961153,1785795405.441051784,/loadcell_data_filtered.wrench.force.z,8922.260345940565
1.675746039,1785795405.441836670,/loadcell_data_filtered.wrench.force.z,8922.014081759195
1.676007717,1785795405.442098348,/loadcell_data_filtered.wrench.force.z,8921.671112822043
1.67637012,1785795405.442460751,/loadcell_data_filtered.wrench.force.z,8921.065770681193
1.677156866,1785795405.443247497,/loadcell_data_filtered.wrench.force.z,8920.645401778549
1.677517305,1785795405.443607936,/loadcell_data_filtered.wrench.force.z,8920.153760801006
1.6778782030000001,1785795405.443968834,/loadcell_data_filtered.wrench.force.z,8919.738662643616
1.678257965,1785795405.444348596,/loadcell_data_filtered.wrench.force.z,8919.482719632198
1.67877151,1785795405.444862141,/loadcell_data_filtered.wrench.force.z,8920.761002382987
1.679713021,1785795405.445803652,/loadcell_data_filtered.wrench.force.z,8926.008115891103
1.68192028,1785795405.448010911,/loadcell_data_filtered.wrench.force.z,8930.734675416736
1.682364074,1785795405.448454705,/loadcell_data_filtered.wrench.force.z,8934.400584364705
1.6827844920000001,1785795405.448875123,/loadcell_data_filtered.wrench.force.z,8937.591852029675
1.683183764,1785795405.449274395,/loadcell_data_filtered.wrench.force.z,8939.978293129101
1.6835382280000002,1785795405.449628859,/loadcell_data_filtered.wrench.force.z,8941.366547235566
1.684441247,1785795405.450531878,/loadcell_data_filtered.wrench.force.z,8942.032505288627
1.685064572,1785795405.451155203,/loadcell_data_filtered.wrench.force.z,8942.2686317466
1.685565543,1785795405.451656174,/loadcell_data_filtered.wrench.force.z,8942.925259367456
1.685958992,1785795405.452049623,/loadcell_data_filtered.wrench.force.z,8943.904898418821
1.68632201,1785795405.452412641,/loadcell_data_filtered.wrench.force.z,8944.310185395509
1.686657817,1785795405.452748448,/loadcell_data_filtered.wrench.force.z,8944.708450888396
1.686994534,1785795405.453085165,/loadcell_data_filtered.wrench.force.z,8944.259374490839
1.687271852,1785795405.453362483,/loadcell_data_filtered.wrench.force.z,8944.173703415217
1.687536727,1785795405.453627358,/loadcell_data_filtered.wrench.force.z,8944.564485084453
1.687894381,1785795405.453985012,/loadcell_data_filtered.wrench.force.z,8944.827645851628
1.688265517,1785795405.454356148,/loadcell_data_filtered.wrench.force.z,8940.275942669894
1.688593446,1785795405.454684077,/loadcell_data_filtered.wrench.force.z,8937.52449393087
1.6888501850000002,1785795405.454940816,/loadcell_data_filtered.wrench.force.z,8933.669956731797
1.689156367,1785795405.455246998,/loadcell_data_filtered.wrench.force.z,8930.459289859316
1.6894877240000001,1785795405.455578355,/loadcell_data_filtered.wrench.force.z,8927.578268459629
1.690030448,1785795405.456121079,/loadcell_data_filtered.wrench.force.z,8925.476148262322
1.690307164,1785795405.456397795,/loadcell_data_filtered.wrench.force.z,8924.082976907082
1.690702229,1785795405.456792860,/loadcell_data_filtered.wrench.force.z,8924.120907339664
1.6910905120000002,1785795405.457181143,/loadcell_data_filtered.wrench.force.z,8924.399706396525
1.691730262,1785795405.457820893,/loadcell_data_filtered.wrench.force.z,8924.789545802563
1.692311422,1785795405.458402053,/loadcell_data_filtered.wrench.force.z,8925.07793557639
1.692897902,1785795405.458988533,/loadcell_data_filtered.wrench.force.z,8925.207508382484
1.69347165,1785795405.459562281,/loadcell_data_filtered.wrench.force.z,8925.121010718014
1.693674107,1785795405.459764738,/loadcell_data_filtered.wrench.force.z,8925.243323425333
1.694031338,1785795405.460121969,/loadcell_data_filtered.wrench.force.z,8925.408585415102
1.694634479,1785795405.460725110,/loadcell_data_filtered.wrench.force.z,8925.526795630467
1.6951485540000002,1785795405.461239185,/loadcell_data_filtered.wrench.force.z,8925.745479009982
1.695778194,1785795405.461868825,/loadcell_data_filtered.wrench.force.z,8931.912702806572
1.6964452570000002,1785795405.462535888,/loadcell_data_filtered.wrench.force.z,8935.97587130258
1.7000910610000002,1785795405.466181692,/loadcell_data_filtered.wrench.force.z,8940.167644887724
1.703563,1785795405.469653631,/loadcell_data_filtered.wrench.force.z,8943.617526249436
1.7037220240000002,1785795405.469812655,/loadcell_data_filtered.wrench.force.z,8947.396150468658
1.703876264,1785795405.469966895,/loadcell_data_filtered.wrench.force.z,8949.987854610938
1.703998716,1785795405.470089347,/loadcell_data_filtered.wrench.force.z,8951.25004022347
1.704120595,1785795405.470211226,/loadcell_data_filtered.wrench.force.z,8952.504568831328
1.7042391430000001,1785795405.470329774,/loadcell_data_filtered.wrench.force.z,8953.688391004818
1.7043552929999999,1785795405.470445924,/loadcell_data_filtered.wrench.force.z,8954.31052320667
1.7044738210000001,1785795405.470564452,/loadcell_data_filtered.wrench.force.z,8955.624422357523
1.704586998,1785795405.470677629,/loadcell_data_filtered.wrench.force.z,8956.635675359148
1.70470011,1785795405.470790741,/loadcell_data_filtered.wrench.force.z,8957.74300186948
1.704824612,1785795405.470915243,/loadcell_data_filtered.wrench.force.z,8958.801059441672
1.704960769,1785795405.471051400,/loadcell_data_filtered.wrench.force.z,8959.550272132486
1.705072235,1785795405.471162866,/loadcell_data_filtered.wrench.force.z,8960.049767689503
1.7051878880000002,1785795405.471278519,/loadcell_data_filtered.wrench.force.z,8952.799875558338
1.705307435,1785795405.471398066,/loadcell_data_filtered.wrench.force.z,8949.294960073232
1.7055440430000002,1785795405.471634674,/loadcell_data_filtered.wrench.force.z,8944.117839794088
1.706465035,1785795405.472555666,/loadcell_data_filtered.wrench.force.z,8941.058344787094
1.706748422,1785795405.472839053,/loadcell_data_filtered.wrench.force.z,8939.919950564401
1.707084675,1785795405.473175306,/loadcell_data_filtered.wrench.force.z,8939.612478100686
1.7074833200000001,1785795405.473573951,/loadcell_data_filtered.wrench.force.z,8938.831507056248
1.708063161,1785795405.474153792,/loadcell_data_filtered.wrench.force.z,8938.725082349763
1.708797078,1785795405.474887709,/loadcell_data_filtered.wrench.force.z,8938.654975145628
1.709059544,1785795405.475150175,/loadcell_data_filtered.wrench.force.z,8938.06756436836
1.709794923,1785795405.475885554,/loadcell_data_filtered.wrench.force.z,8937.119304213797
1.7100592570000002,1785795405.476149888,/loadcell_data_filtered.wrench.force.z,8936.726505727993
1.711026665,1785795405.477117296,/loadcell_data_filtered.wrench.force.z,8935.77347865229
1.712697396,1785795405.478788027,/loadcell_data_filtered.wrench.force.z,8935.086375208446
1.712839807,1785795405.478930438,/loadcell_data_filtered.wrench.force.z,8935.0012745154
1.712970075,1785795405.479060706,/loadcell_data_filtered.wrench.force.z,8936.442789134306
1.713089083,1785795405.479179714,/loadcell_data_filtered.wrench.force.z,8934.853632324142
1.716712821,1785795405.482803452,/loadcell_data_filtered.wrench.force.z,8939.225366627328
1.717150396,1785795405.483241027,/loadcell_data_filtered.wrench.force.z,8941.809483274586
1.717390766,1785795405.483481397,/loadcell_data_filtered.wrench.force.z,8945.122149326427
1.717561563,1785795405.483652194,/loadcell_data_filtered.wrench.force.z,8947.879344889825
1.717730729,1785795405.483821360,/loadcell_data_filtered.wrench.force.z,8949.462837700568
1.717896769,1785795405.483987400,/loadcell_data_filtered.wrench.force.z,8950.052775769338
1.718044197,1785795405.484134828,/loadcell_data_filtered.wrench.force.z,8950.586734915125
1.718196324,1785795405.484286955,/loadcell_data_filtered.wrench.force.z,8951.474220829037
1.718342759,1785795405.484433390,/loadcell_data_filtered.wrench.force.z,8951.926146577815
1.718491742,1785795405.484582373,/loadcell_data_filtered.wrench.force.z,8950.7110816691
1.7186398999999999,1785795405.484730531,/loadcell_data_filtered.wrench.force.z,8950.701110639031
1.718784885,1785795405.484875516,/loadcell_data_filtered.wrench.force.z,8950.670035095693
1.7189360420000002,1785795405.485026673,/loadcell_data_filtered.wrench.force.z,8950.597990126402
1.719643559,1785795405.485734190,/loadcell_data_filtered.wrench.force.z,8950.697431836683
1.720149681,1785795405.486240312,/loadcell_data_filtered.wrench.force.z,8950.878643807908
1.723880708,1785795405.489971339,/loadcell_data_filtered.wrench.force.z,8945.638060460864
1.725110418,1785795405.491201049,/loadcell_data_filtered.wrench.force.z,8942.64065697759
1.725253429,1785795405.491344060,/loadcell_data_filtered.wrench.force.z,8939.294833455488
1.725383741,1785795405.491474372,/loadcell_data_filtered.wrench.force.z,8936.804488313333
1.725525841,1785795405.491616472,/loadcell_data_filtered.wrench.force.z,8934.46711443002
1.725642898,1785795405.491733529,/loadcell_data_filtered.wrench.force.z,8933.456642013767
1.7257578850000002,1785795405.491848516,/loadcell_data_filtered.wrench.force.z,8932.795036349255
1.725875441,1785795405.491966072,/loadcell_data_filtered.wrench.force.z,8933.5729101281
1.726002904,1785795405.492093535,/loadcell_data_filtered.wrench.force.z,8932.35830483387
1.726118154,1785795405.492208785,/loadcell_data_filtered.wrench.force.z,8926.889685452894
1.726304386,1785795405.492395017,/loadcell_data_filtered.wrench.force.z,8926.73516298531
1.726422568,1785795405.492513199,/loadcell_data_filtered.wrench.force.z,8925.323527925015
1.726812856,1785795405.492903487,/loadcell_data_filtered.wrench.force.z,8925.42492942579
1.726981557,1785795405.493072188,/loadcell_data_filtered.wrench.force.z,8926.006448409556
1.727495516,1785795405.493586147,/loadcell_data_filtered.wrench.force.z,8925.232323688819
1.72918601,1785795405.495276641,/loadcell_data_filtered.wrench.force.z,8925.460202824333
1.7293927720000002,1785795405.495483403,/loadcell_data_filtered.wrench.force.z,8925.485403505867
1.729555849,1785795405.495646480,/loadcell_data_filtered.wrench.force.z,8931.556796859764
1.7296907510000001,1785795405.495781382,/loadcell_data_filtered.wrench.force.z,8935.648493790482
1.7301225420000002,1785795405.496213173,/loadcell_data_filtered.wrench.force.z,8939.858908086822
1.730650936,1785795405.496741567,/loadcell_data_filtered.wrench.force.z,8943.302820297868
1.7328659260000001,1785795405.498956557,/loadcell_data_filtered.wrench.force.z,8946.448084875341
1.733208864,1785795405.499299495,/loadcell_data_filtered.wrench.force.z,8948.442379711372
1.733448829,1785795405.499539460,/loadcell_data_filtered.wrench.force.z,8947.476002696929
1.7336485860000002,1785795405.499739217,/loadcell_data_filtered.wrench.force.z,8943.492140036775
1.733874469,1785795405.499965100,/loadcell_data_filtered.wrench.force.z,8944.285545188966
1.735235179,1785795405.501325810,/loadcell_data_filtered.wrench.force.z,8943.854271058623
1.735443037,1785795405.501533668,/loadcell_data_filtered.wrench.force.z,8944.050569546524
1.735580417,1785795405.501671048,/loadcell_data_filtered.wrench.force.z,8944.073703210706
1.735721821,1785795405.501812452,/loadcell_data_filtered.wrench.force.z,8938.115126195193
1.738146682,1785795405.504237313,/loadcell_data_filtered.wrench.force.z,8939.138393476302
1.738356019,1785795405.504446650,/loadcell_data_filtered.wrench.force.z,8938.982824848954
1.738509504,1785795405.504600135,/loadcell_data_filtered.wrench.force.z,8940.004030101
1.738663612,1785795405.504754243,/loadcell_data_filtered.wrench.force.z,8940.75991263074
1.738794234,1785795405.504884865,/loadcell_data_filtered.wrench.force.z,8936.180058616505
1.7389303630000001,1785795405.505020994,/loadcell_data_filtered.wrench.force.z,8933.099241272552
1.7390685490000002,1785795405.505159180,/loadcell_data_filtered.wrench.force.z,8930.525823104776
1.74191088,1785795405.508001511,/loadcell_data_filtered.wrench.force.z,8927.282306272382
1.742149918,1785795405.508240549,/loadcell_data_filtered.wrench.force.z,8923.600850309229
1.7422939620000002,1785795405.508384593,/loadcell_data_filtered.wrench.force.z,8922.755652263022
1.742417683,1785795405.508508314,/loadcell_data_filtered.wrench.force.z,8923.044806680566
1.742548372,1785795405.508639003,/loadcell_data_filtered.wrench.force.z,8923.813394303097
1.742675598,1785795405.508766229,/loadcell_data_filtered.wrench.force.z,8925.013441263487
1.742806196,1785795405.508896827,/loadcell_data_filtered.wrench.force.z,8925.70984866695
1.7429433730000001,1785795405.509034004,/loadcell_data_filtered.wrench.force.z,8925.903395421252
1.745651084,1785795405.511741715,/loadcell_data_filtered.wrench.force.z,8924.657191355496
1.7498949860000002,1785795405.515985617,/loadcell_data_filtered.wrench.force.z,8924.409165172181
1.750087036,1785795405.516177667,/loadcell_data_filtered.wrench.force.z,8924.839638876954
1.750212376,1785795405.516303007,/loadcell_data_filtered.wrench.force.z,8925.092616763424
1.750345936,1785795405.516436567,/loadcell_data_filtered.wrench.force.z,8925.8861452633
1.75047021,1785795405.516560841,/loadcell_data_filtered.wrench.force.z,8930.721366970025
1.7505983010000001,1785795405.516688932,/loadcell_data_filtered.wrench.force.z,8934.840666997967
1.750715484,1785795405.516806115,/loadcell_data_filtered.wrench.force.z,8939.381609754697
1.750833859,1785795405.516924490,/loadcell_data_filtered.wrench.force.z,8940.780048481209
1.755777369,1785795405.521868000,/loadcell_data_filtered.wrench.force.z,8941.666645185796
1.755974659,1785795405.522065290,/loadcell_data_filtered.wrench.force.z,8940.582635240571
1.756125882,1785795405.522216513,/loadcell_data_filtered.wrench.force.z,8940.356125749886
1.756280257,1785795405.522370888,/loadcell_data_filtered.wrench.force.z,8940.316008304142
1.756422513,1785795405.522513144,/loadcell_data_filtered.wrench.force.z,8936.847072836195
1.7565600360000002,1785795405.522650667,/loadcell_data_filtered.wrench.force.z,8932.995084679276
1.756714318,1785795405.522804949,/loadcell_data_filtered.wrench.force.z,8933.557807198027
1.756842765,1785795405.522933396,/loadcell_data_filtered.wrench.force.z,8928.917687281972
1.75698408,1785795405.523074711,/loadcell_data_filtered.wrench.force.z,8925.280795541428
1.757111598,1785795405.523202229,/loadcell_data_filtered.wrench.force.z,8916.369796923922
1.7572447750000002,1785795405.523335406,/loadcell_data_filtered.wrench.force.z,8912.0730115877
1.7573652320000002,1785795405.523455863,/loadcell_data_filtered.wrench.force.z,8907.564188082057
1.757520832,1785795405.523611463,/loadcell_data_filtered.wrench.force.z,8905.485303206355
1.7576408250000002,1785795405.523731456,/loadcell_data_filtered.wrench.force.z,8904.419283813948
1.757772694,1785795405.523863325,/loadcell_data_filtered.wrench.force.z,8904.538922596937
1.757912039,1785795405.524002670,/loadcell_data_filtered.wrench.force.z,8904.909189057487
1.7586305210000002,1785795405.524721152,/loadcell_data_filtered.wrench.force.z,8905.234308106816
1.7595011070000002,1785795405.525591738,/loadcell_data_filtered.wrench.force.z,8905.371485349962
1.759853456,1785795405.525944087,/loadcell_data_filtered.wrench.force.z,8905.044946607453
1.760057129,1785795405.526147760,/loadcell_data_filtered.wrench.force.z,8905.149508904566
1.760367169,1785795405.526457800,/loadcell_data_filtered.wrench.force.z,8904.592463625846
1.764493324,1785795405.530583955,/loadcell_data_filtered.wrench.force.z,8903.940430719593
1.764935708,1785795405.531026339,/loadcell_data_filtered.wrench.force.z,8903.893007907142
1.765342479,1785795405.531433110,/loadcell_data_filtered.wrench.force.z,8904.003233157662
1.765772085,1785795405.531862716,/loadcell_data_filtered.wrench.force.z,8910.654038952256
1.7662082140000002,1785795405.532298845,/loadcell_data_filtered.wrench.force.z,8915.564618603346
1.766474658,1785795405.532565289,/loadcell_data_filtered.wrench.force.z,8920.347735992358
1.766705714,1785795405.532796345,/loadcell_data_filtered.wrench.force.z,8923.99739541427
1.7668803020000001,1785795405.532970933,/loadcell_data_filtered.wrench.force.z,8927.647124368988
1.767071794,1785795405.533162425,/loadcell_data_filtered.wrench.force.z,8928.91002116719
1.767325226,1785795405.533415857,/loadcell_data_filtered.wrench.force.z,8928.158268144507
1.7676360309999999,1785795405.533726662,/loadcell_data_filtered.wrench.force.z,8927.720109504671
1.767985558,1785795405.534076189,/loadcell_data_filtered.wrench.force.z,8927.53611446671
1.768462787,1785795405.534553418,/loadcell_data_filtered.wrench.force.z,8927.961814300159
1.768907306,1785795405.534997937,/loadcell_data_filtered.wrench.force.z,8927.924211901172
1.769352739,1785795405.535443370,/loadcell_data_filtered.wrench.force.z,8927.945410142753
1.769710267,1785795405.535800898,/loadcell_data_filtered.wrench.force.z,8928.017945022752
1.770022068,1785795405.536112699,/loadcell_data_filtered.wrench.force.z,8928.057311142384
1.770195903,1785795405.536286534,/loadcell_data_filtered.wrench.force.z,8928.129611886061
1.770351875,1785795405.536442506,/loadcell_data_filtered.wrench.force.z,8928.370514590797
1.77050756,1785795405.536598191,/loadcell_data_filtered.wrench.force.z,8927.235494050146
1.7710631810000002,1785795405.537153812,/loadcell_data_filtered.wrench.force.z,8922.325253937186
1.773040017,1785795405.539130648,/loadcell_data_filtered.wrench.force.z,8918.337961455973
1.773997896,1785795405.540088527,/loadcell_data_filtered.wrench.force.z,8915.000400192066
1.774220179,1785795405.540310810,/loadcell_data_filtered.wrench.force.z,8913.044469809689
1.774366273,1785795405.540456904,/loadcell_data_filtered.wrench.force.z,8911.191238548367
1.774493754,1785795405.540584385,/loadcell_data_filtered.wrench.force.z,8910.69787373515
1.774636669,1785795405.540727300,/loadcell_data_filtered.wrench.force.z,8911.400369825948
1.774764247,1785795405.540854878,/loadcell_data_filtered.wrench.force.z,8912.596442739794
1.774890456,1785795405.540981087,/loadcell_data_filtered.wrench.force.z,8912.961980050335
1.775371801,1785795405.541462432,/loadcell_data_filtered.wrench.force.z,8913.88737931988
1.775823811,1785795405.541914442,/loadcell_data_filtered.wrench.force.z,8914.69384855378
1.7764343500000002,1785795405.542524981,/loadcell_data_filtered.wrench.force.z,8914.854117918672
1.776917872,1785795405.543008503,/loadcell_data_filtered.wrench.force.z,8915.420489495626
1.77739928,1785795405.543489911,/loadcell_data_filtered.wrench.force.z,8915.619491479634
1.777925871,1785795405.544016502,/loadcell_data_filtered.wrench.force.z,8915.748823324702
1.778418527,1785795405.544509158,/loadcell_data_filtered.wrench.force.z,8916.123003482933
1.778851935,1785795405.544942566,/loadcell_data_filtered.wrench.force.z,8921.091558032216
1.780535462,1785795405.546626093,/loadcell_data_filtered.wrench.force.z,8925.160618821785
1.781145639,1785795405.547236270,/loadcell_data_filtered.wrench.force.z,8930.048893192912
1.781571763,1785795405.547662394,/loadcell_data_filtered.wrench.force.z,8933.752718166514
1.781961823,1785795405.548052454,/loadcell_data_filtered.wrench.force.z,8937.009833643167
1.782900866,1785795405.548991497,/loadcell_data_filtered.wrench.force.z,8939.539818335494
1.7829106920000002,1785795405.549001323,/loadcell_data_filtered.wrench.force.z,8941.167970387633
1.78291273,1785795405.549003361,/loadcell_data_filtered.wrench.force.z,8941.505286341495
1.782914474,1785795405.549005105,/loadcell_data_filtered.wrench.force.z,8941.80838735928
1.78770304,1785795405.553793671,/loadcell_data_filtered.wrench.force.z,8941.815030335665
1.787858461,1785795405.553949092,/loadcell_data_filtered.wrench.force.z,8941.770363010563
1.788009358,1785795405.554099989,/loadcell_data_filtered.wrench.force.z,8941.586762881569
1.788278374,1785795405.554369005,/loadcell_data_filtered.wrench.force.z,8941.227722098696
1.788538466,1785795405.554629097,/loadcell_data_filtered.wrench.force.z,8935.128758827906
1.788797151,1785795405.554887782,/loadcell_data_filtered.wrench.force.z,8935.586450907647
1.789086361,1785795405.555176992,/loadcell_data_filtered.wrench.force.z,8935.907902906712
1.789338587,1785795405.555429218,/loadcell_data_filtered.wrench.force.z,8936.137282044529
1.7896011280000002,1785795405.555691759,/loadcell_data_filtered.wrench.force.z,8931.281906442504
1.7898647680000002,1785795405.555955399,/loadcell_data_filtered.wrench.force.z,8926.947698641789
1.790145598,1785795405.556236229,/loadcell_data_filtered.wrench.force.z,8922.230929091715
1.790421162,1785795405.556511793,/loadcell_data_filtered.wrench.force.z,8918.269031102534
1.790666639,1785795405.556757270,/loadcell_data_filtered.wrench.force.z,8914.753437443356
1.790937885,1785795405.557028516,/loadcell_data_filtered.wrench.force.z,8912.790110217547
1.791217261,1785795405.557307892,/loadcell_data_filtered.wrench.force.z,8911.291166757692
1.79146268,1785795405.557553311,/loadcell_data_filtered.wrench.force.z,8910.971290418434
1.791726211,1785795405.557816842,/loadcell_data_filtered.wrench.force.z,8911.020925199027
1.794295993,1785795405.560386624,/loadcell_data_filtered.wrench.force.z,8911.198518760548
1.79497875,1785795405.561069381,/loadcell_data_filtered.wrench.force.z,8911.050752977655
1.795147977,1785795405.561238608,/loadcell_data_filtered.wrench.force.z,8911.710266605736
1.795335985,1785795405.561426616,/loadcell_data_filtered.wrench.force.z,8911.937603256618
1.795522122,1785795405.561612753,/loadcell_data_filtered.wrench.force.z,8912.000321852978
1.795715779,1785795405.561806410,/loadcell_data_filtered.wrench.force.z,8912.599615423385
1.803499397,1785795405.569590028,/loadcell_data_filtered.wrench.force.z,8913.004326623564
1.8038354970000001,1785795405.569926128,/loadcell_data_filtered.wrench.force.z,8911.615731484053
1.804128216,1785795405.570218847,/loadcell_data_filtered.wrench.force.z,8907.78383073925
1.804431413,1785795405.570522044,/loadcell_data_filtered.wrench.force.z,8908.676563773048
1.804697838,1785795405.570788469,/loadcell_data_filtered.wrench.force.z,8909.77323998594
1.804978313,1785795405.571068944,/loadcell_data_filtered.wrench.force.z,8910.818945225425
1.805269024,1785795405.571359655,/loadcell_data_filtered.wrench.force.z,8911.855035429166
1.805507143,1785795405.571597774,/loadcell_data_filtered.wrench.force.z,8912.63101289011
1.8057630260000002,1785795405.571853657,/loadcell_data_filtered.wrench.force.z,8913.24862693581
1.806028321,1785795405.572118952,/loadcell_data_filtered.wrench.force.z,8913.823463539953
1.8062910680000002,1785795405.572381699,/loadcell_data_filtered.wrench.force.z,8913.362671433997
1.806547144,1785795405.572637775,/loadcell_data_filtered.wrench.force.z,8909.825484773392
1.806808975,1785795405.572899606,/loadcell_data_filtered.wrench.force.z,8904.368543077493
1.8072224669999999,1785795405.573313098,/loadcell_data_filtered.wrench.force.z,8900.533161595045
1.807453666,1785795405.573544297,/loadcell_data_filtered.wrench.force.z,8897.052816415795
1.807715097,1785795405.573805728,/loadcell_data_filtered.wrench.force.z,8894.495075132529
1.8079820340000001,1785795405.574072665,/loadcell_data_filtered.wrench.force.z,8891.901155699046
1.808254449,1785795405.574345080,/loadcell_data_filtered.wrench.force.z,8890.432325135765
1.808500568,1785795405.574591199,/loadcell_data_filtered.wrench.force.z,8890.588897844553
1.8087513689999999,1785795405.574842000,/loadcell_data_filtered.wrench.force.z,8891.379754150441
1.809009165,1785795405.575099796,/loadcell_data_filtered.wrench.force.z,8892.038386640701
1.809240713,1785795405.575331344,/loadcell_data_filtered.wrench.force.z,8892.777250996185
1.8094798280000002,1785795405.575570459,/loadcell_data_filtered.wrench.force.z,8892.933894689239
1.8098130440000002,1785795405.575903675,/loadcell_data_filtered.wrench.force.z,8893.123357651979
1.810218397,1785795405.576309028,/loadcell_data_filtered.wrench.force.z,8893.055533711497
1.8110286420000001,1785795405.577119273,/loadcell_data_filtered.wrench.force.z,8893.435008077995
1.811486633,1785795405.577577264,/loadcell_data_filtered.wrench.force.z,8894.127000129578
1.811744366,1785795405.577834997,/loadcell_data_filtered.wrench.force.z,8894.489199660948
1.812509922,1785795405.578600553,/loadcell_data_filtered.wrench.force.z,8900.253971229673
1.8128805790000002,1785795405.578971210,/loadcell_data_filtered.wrench.force.z,8904.286552125397
1.813274642,1785795405.579365273,/loadcell_data_filtered.wrench.force.z,8909.1334359662
1.813938523,1785795405.580029154,/loadcell_data_filtered.wrench.force.z,8913.020977818403
1.814221112,1785795405.580311743,/loadcell_data_filtered.wrench.force.z,8916.498571929453
1.814589217,1785795405.580679848,/loadcell_data_filtered.wrench.force.z,8918.871235120576
1.815023627,1785795405.581114258,/loadcell_data_filtered.wrench.force.z,8920.48007683241
1.816199368,1785795405.582289999,/loadcell_data_filtered.wrench.force.z,8921.252435803513
1.8166827460000001,1785795405.582773377,/loadcell_data_filtered.wrench.force.z,8921.766621406305
1.817568508,1785795405.583659139,/loadcell_data_filtered.wrench.force.z,8922.224006858552
1.819632382,1785795405.585723013,/loadcell_data_filtered.wrench.force.z,8922.910818861927
1.820152158,1785795405.586242789,/loadcell_data_filtered.wrench.force.z,8923.343535159544
1.820524644,1785795405.586615275,/loadcell_data_filtered.wrench.force.z,8923.132409101454
1.8208447790000002,1785795405.586935410,/loadcell_data_filtered.wrench.force.z,8923.490281007946
1.8211657940000001,1785795405.587256425,/loadcell_data_filtered.wrench.force.z,8923.969964251992
1.8220028140000002,1785795405.588093445,/loadcell_data_filtered.wrench.force.z,8923.820885744935
1.8223288320000002,1785795405.588419463,/loadcell_data_filtered.wrench.force.z,8923.79101798806
1.8225482890000002,1785795405.588638920,/loadcell_data_filtered.wrench.force.z,8917.604663962578
1.822748629,1785795405.588839260,/loadcell_data_filtered.wrench.force.z,8911.740256489575
1.8229523470000002,1785795405.589042978,/loadcell_data_filtered.wrench.force.z,8902.458240489083
1.8356519160000002,1785795405.601742547,/loadcell_data_filtered.wrench.force.z,8899.968589448048
1.835861811,1785795405.601952442,/loadcell_data_filtered.wrench.force.z,8895.981342227757
1.8406381330000001,1785795405.606728764,/loadcell_data_filtered.wrench.force.z,8896.003915371994
1.841049735,1785795405.607140366,/loadcell_data_filtered.wrench.force.z,8897.41971028329
1.8413799260000001,1785795405.607470557,/loadcell_data_filtered.wrench.force.z,8898.583229905662
1.841752456,1785795405.607843087,/loadcell_data_filtered.wrench.force.z,8899.787804740687
1.842131038,1785795405.608221669,/loadcell_data_filtered.wrench.force.z,8900.144497601
1.842468024,1785795405.608558655,/loadcell_data_filtered.wrench.force.z,8901.744361617546
1.84280952,1785795405.608900151,/loadcell_data_filtered.wrench.force.z,8899.197148280427
1.843234824,1785795405.609325455,/loadcell_data_filtered.wrench.force.z,8892.955218498191
1.843641951,1785795405.609732582,/loadcell_data_filtered.wrench.force.z,8888.148245414324
1.8440057310000002,1785795405.610096362,/loadcell_data_filtered.wrench.force.z,8877.703945928655
1.844314601,1785795405.610405232,/loadcell_data_filtered.wrench.force.z,8876.829783104095
1.8445925980000002,1785795405.610683229,/loadcell_data_filtered.wrench.force.z,8877.842243321566
1.8448235190000002,1785795405.610914150,/loadcell_data_filtered.wrench.force.z,8878.809800025196
1.8450340340000002,1785795405.611124665,/loadcell_data_filtered.wrench.force.z,8879.24145226945
1.845299454,1785795405.611390085,/loadcell_data_filtered.wrench.force.z,8879.88248975775
1.8455905970000002,1785795405.611681228,/loadcell_data_filtered.wrench.force.z,8880.159049445967
1.845847766,1785795405.611938397,/loadcell_data_filtered.wrench.force.z,8880.503787537533
1.846095691,1785795405.612186322,/loadcell_data_filtered.wrench.force.z,8881.072351954335
1.846313625,1785795405.612404256,/loadcell_data_filtered.wrench.force.z,8881.723114888391
1.8465076050000002,1785795405.612598236,/loadcell_data_filtered.wrench.force.z,8881.80721002209
1.8467135890000002,1785795405.612804220,/loadcell_data_filtered.wrench.force.z,8888.378466047714
1.8502579940000001,1785795405.616348625,/loadcell_data_filtered.wrench.force.z,8892.952969076807
1.8514220350000001,1785795405.617512666,/loadcell_data_filtered.wrench.force.z,8897.812433210362
1.8515003390000002,1785795405.617590970,/loadcell_data_filtered.wrench.force.z,8901.53583935919
1.8517653310000002,1785795405.617855962,/loadcell_data_filtered.wrench.force.z,8898.157809339818
1.8519622770000002,1785795405.618052908,/loadcell_data_filtered.wrench.force.z,8899.104887115653
1.852090274,1785795405.618180905,/loadcell_data_filtered.wrench.force.z,8900.382535936067
1.852221847,1785795405.618312478,/loadcell_data_filtered.wrench.force.z,8900.933251480721
1.8523449630000002,1785795405.618435594,/loadcell_data_filtered.wrench.force.z,8902.026197350046
1.8524664510000002,1785795405.618557082,/loadcell_data_filtered.wrench.force.z,8902.823974961346
1.852600587,1785795405.618691218,/loadcell_data_filtered.wrench.force.z,8903.016429213343
1.8527528659999999,1785795405.618843497,/loadcell_data_filtered.wrench.force.z,8902.89678022522
1.852870076,1785795405.618960707,/loadcell_data_filtered.wrench.force.z,8903.148930771467
1.8530087430000002,1785795405.619099374,/loadcell_data_filtered.wrench.force.z,8903.547858667043
1.853117363,1785795405.619207994,/loadcell_data_filtered.wrench.force.z,8896.664950972268
1.8536961230000002,1785795405.619786754,/loadcell_data_filtered.wrench.force.z,8896.296367015515
1.854042835,1785795405.620133466,/loadcell_data_filtered.wrench.force.z,8895.195295036217
1.85416873,1785795405.620259361,/loadcell_data_filtered.wrench.force.z,8890.065579439073
1.854381038,1785795405.620471669,/loadcell_data_filtered.wrench.force.z,8885.86773613328
1.854921331,1785795405.621011962,/loadcell_data_filtered.wrench.force.z,8881.43896529596
1.8555233860000002,1785795405.621614017,/loadcell_data_filtered.wrench.force.z,8877.641895847662
1.8579667450000001,1785795405.624057376,/loadcell_data_filtered.wrench.force.z,8874.08628329537
1.858281662,1785795405.624372293,/loadcell_data_filtered.wrench.force.z,8871.588660279172
1.858464262,1785795405.624554893,/loadcell_data_filtered.wrench.force.z,8869.828132080373
1.8586390270000002,1785795405.624729658,/loadcell_data_filtered.wrench.force.z,8862.26192554246
1.858816299,1785795405.624906930,/loadcell_data_filtered.wrench.force.z,8862.67160589766
1.859007789,1785795405.625098420,/loadcell_data_filtered.wrench.force.z,8861.567602442507
1.859368031,1785795405.625458662,/loadcell_data_filtered.wrench.force.z,8861.023154292787
1.8598083230000002,1785795405.625898954,/loadcell_data_filtered.wrench.force.z,8860.965951507886
1.8601872720000001,1785795405.626277903,/loadcell_data_filtered.wrench.force.z,8860.318182137948
1.860550365,1785795405.626640996,/loadcell_data_filtered.wrench.force.z,8859.522296603052
1.8608137450000002,1785795405.626904376,/loadcell_data_filtered.wrench.force.z,8858.312528872697
1.8628442550000002,1785795405.628934886,/loadcell_data_filtered.wrench.force.z,8857.689046679017
1.862955136,1785795405.629045767,/loadcell_data_filtered.wrench.force.z,8858.313431972183
1.863101961,1785795405.629192592,/loadcell_data_filtered.wrench.force.z,8856.755319423932
1.8632593700000002,1785795405.629350001,/loadcell_data_filtered.wrench.force.z,8861.579538632006
1.863747718,1785795405.629838349,/loadcell_data_filtered.wrench.force.z,8864.738284239671
1.866297627,1785795405.632388258,/loadcell_data_filtered.wrench.force.z,8868.027462605154
1.866723474,1785795405.632814105,/loadcell_data_filtered.wrench.force.z,8871.255206644195
1.866892187,1785795405.632982818,/loadcell_data_filtered.wrench.force.z,8872.693289486953
1.8670444800000001,1785795405.633135111,/loadcell_data_filtered.wrench.force.z,8873.67835228723
1.867166846,1785795405.633257477,/loadcell_data_filtered.wrench.force.z,8874.63697179656
1.8672831630000002,1785795405.633373794,/loadcell_data_filtered.wrench.force.z,8876.089409582566
1.867404971,1785795405.633495602,/loadcell_data_filtered.wrench.force.z,8876.569321986439
1.867526157,1785795405.633616788,/loadcell_data_filtered.wrench.force.z,8875.840535993884
1.867770788,1785795405.633861419,/loadcell_data_filtered.wrench.force.z,8876.132931587668
1.868497116,1785795405.634587747,/loadcell_data_filtered.wrench.force.z,8876.659330351697
1.869034159,1785795405.635124790,/loadcell_data_filtered.wrench.force.z,8876.91468320607
1.8693732930000002,1785795405.635463924,/loadcell_data_filtered.wrench.force.z,8877.455176024981
1.8698719650000002,1785795405.635962596,/loadcell_data_filtered.wrench.force.z,8877.791231682078
1.870276835,1785795405.636367466,/loadcell_data_filtered.wrench.force.z,8873.725509075808
1.870763158,1785795405.636853789,/loadcell_data_filtered.wrench.force.z,8870.715214797883
1.871472888,1785795405.637563519,/loadcell_data_filtered.wrench.force.z,8866.891924406931
1.872390217,1785795405.638480848,/loadcell_data_filtered.wrench.force.z,8863.263810805896
1.872969618,1785795405.639060249,/loadcell_data_filtered.wrench.force.z,8860.557155786875
1.873185628,1785795405.639276259,/loadcell_data_filtered.wrench.force.z,8858.850511474559
1.874958976,1785795405.641049607,/loadcell_data_filtered.wrench.force.z,8857.776829494276
1.875088542,1785795405.641179173,/loadcell_data_filtered.wrench.force.z,8858.075838141614
1.875241366,1785795405.641331997,/loadcell_data_filtered.wrench.force.z,8858.218605305956
1.875378026,1785795405.641468657,/loadcell_data_filtered.wrench.force.z,8851.631892725773
1.87550342,1785795405.641594051,/loadcell_data_filtered.wrench.force.z,8852.520174662997
1.8786501150000001,1785795405.644740746,/loadcell_data_filtered.wrench.force.z,8851.76682913507
1.878914935,1785795405.645005566,/loadcell_data_filtered.wrench.force.z,8851.526395485711
1.879036652,1785795405.645127283,/loadcell_data_filtered.wrench.force.z,8852.081525902906
1.879161316,1785795405.645251947,/loadcell_data_filtered.wrench.force.z,8852.443947453012
1.879271052,1785795405.645361683,/loadcell_data_filtered.wrench.force.z,8853.157628819274
1.8793817380000002,1785795405.645472369,/loadcell_data_filtered.wrench.force.z,8854.317409124413
1.879494362,1785795405.645584993,/loadcell_data_filtered.wrench.force.z,8861.022035427875
1.879608401,1785795405.645699032,/loadcell_data_filtered.wrench.force.z,8865.43716638362
1.8800906730000002,1785795405.646181304,/loadcell_data_filtered.wrench.force.z,8868.941745802544
1.88040964,1785795405.646500271,/loadcell_data_filtered.wrench.force.z,8872.64050716561
1.881195288,1785795405.647285919,/loadcell_data_filtered.wrench.force.z,8876.145680674626
1.881676358,1785795405.647766989,/loadcell_data_filtered.wrench.force.z,8877.473252999634
1.882321259,1785795405.648411890,/loadcell_data_filtered.wrench.force.z,8879.142931403612
1.882990251,1785795405.649080882,/loadcell_data_filtered.wrench.force.z,8879.630733204382
1.883518553,1785795405.649609184,/loadcell_data_filtered.wrench.force.z,8880.225670341011
1.884017708,1785795405.650108339,/loadcell_data_filtered.wrench.force.z,8880.92422258377
1.884545713,1785795405.650636344,/loadcell_data_filtered.wrench.force.z,8882.281344892663
1.885198737,1785795405.651289368,/loadcell_data_filtered.wrench.force.z,8883.272997627779
1.8856404640000002,1785795405.651731095,/loadcell_data_filtered.wrench.force.z,8884.411837286712
1.885945852,1785795405.652036483,/loadcell_data_filtered.wrench.force.z,8885.368958182762
1.886247322,1785795405.652337953,/loadcell_data_filtered.wrench.force.z,8886.261050294777
1.886550292,1785795405.652640923,/loadcell_data_filtered.wrench.force.z,8886.973244922905
1.8870167150000001,1785795405.653107346,/loadcell_data_filtered.wrench.force.z,8887.7725106516
1.88935687,1785795405.655447501,/loadcell_data_filtered.wrench.force.z,8882.539798349477
1.88978134,1785795405.655871971,/loadcell_data_filtered.wrench.force.z,8879.151692668504
1.890073448,1785795405.656164079,/loadcell_data_filtered.wrench.force.z,8876.504000582601
1.890326578,1785795405.656417209,/loadcell_data_filtered.wrench.force.z,8874.69770310808
1.890559943,1785795405.656650574,/loadcell_data_filtered.wrench.force.z,8873.062081491329
1.890795169,1785795405.656885800,/loadcell_data_filtered.wrench.force.z,8872.347541920359
1.891021194,1785795405.657111825,/loadcell_data_filtered.wrench.force.z,8872.225632551459
1.8912600140000002,1785795405.657350645,/loadcell_data_filtered.wrench.force.z,8872.254782869912
1.89150881,1785795405.657599441,/loadcell_data_filtered.wrench.force.z,8873.22274636574
1.891954692,1785795405.658045323,/loadcell_data_filtered.wrench.force.z,8874.230570089305
1.89411841,1785795405.660209041,/loadcell_data_filtered.wrench.force.z,8875.112676443654
1.89455328,1785795405.660643911,/loadcell_data_filtered.wrench.force.z,8875.4521285854
1.894848878,1785795405.660939509,/loadcell_data_filtered.wrench.force.z,8873.65559736114
1.895299523,1785795405.661390154,/loadcell_data_filtered.wrench.force.z,8868.202214400219
1.896632804,1785795405.662723435,/loadcell_data_filtered.wrench.force.z,8869.210616252669
1.896752624,1785795405.662843255,/loadcell_data_filtered.wrench.force.z,8868.622542904597
1.896757991,1785795405.662848622,/loadcell_data_filtered.wrench.force.z,8871.452622545898
1.896891126,1785795405.662981757,/loadcell_data_filtered.wrench.force.z,8877.732941175134
1.899649576,1785795405.665740207,/loadcell_data_filtered.wrench.force.z,8882.566633407003
1.904755806,1785795405.670846437,/loadcell_data_filtered.wrench.force.z,8887.098750186862
1.905217278,1785795405.671307909,/loadcell_data_filtered.wrench.force.z,8890.131524551096
1.905516156,1785795405.671606787,/loadcell_data_filtered.wrench.force.z,8888.929080470321
1.9057701530000002,1785795405.671860784,/loadcell_data_filtered.wrench.force.z,8882.543769115991
1.9060986610000001,1785795405.672189292,/loadcell_data_filtered.wrench.force.z,8883.499783532146
1.9064446300000002,1785795405.672535261,/loadcell_data_filtered.wrench.force.z,8884.307933031592
1.906724482,1785795405.672815113,/loadcell_data_filtered.wrench.force.z,8884.801571349999
1.907181327,1785795405.673271958,/loadcell_data_filtered.wrench.force.z,8885.66160440378
1.9076377340000001,1785795405.673728365,/loadcell_data_filtered.wrench.force.z,8881.022931486057
1.9079240560000001,1785795405.674014687,/loadcell_data_filtered.wrench.force.z,8878.419839765169
1.9081510490000002,1785795405.674241680,/loadcell_data_filtered.wrench.force.z,8872.572158888417
1.908440579,1785795405.674531210,/loadcell_data_filtered.wrench.force.z,8869.587171089479
1.908647283,1785795405.674737914,/loadcell_data_filtered.wrench.force.z,8865.72178815487
1.908866726,1785795405.674957357,/loadcell_data_filtered.wrench.force.z,8863.386681782109
1.909179332,1785795405.675269963,/loadcell_data_filtered.wrench.force.z,8861.792060767275
1.9093874830000002,1785795405.675478114,/loadcell_data_filtered.wrench.force.z,8861.763264052972
1.909569114,1785795405.675659745,/loadcell_data_filtered.wrench.force.z,8861.960419776891
1.909750768,1785795405.675841399,/loadcell_data_filtered.wrench.force.z,8861.90702198349
1.909949622,1785795405.676040253,/loadcell_data_filtered.wrench.force.z,8861.956909258088
1.9101752570000001,1785795405.676265888,/loadcell_data_filtered.wrench.force.z,8861.885058383257
1.910403712,1785795405.676494343,/loadcell_data_filtered.wrench.force.z,8861.275550581178
1.9106373680000002,1785795405.676727999,/loadcell_data_filtered.wrench.force.z,8860.687748838634
1.910949336,1785795405.677039967,/loadcell_data_filtered.wrench.force.z,8860.257273193978
1.911154295,1785795405.677244926,/loadcell_data_filtered.wrench.force.z,8859.987169342963
1.9118453940000002,1785795405.677936025,/loadcell_data_filtered.wrench.force.z,8859.982922493962
1.912164489,1785795405.678255120,/loadcell_data_filtered.wrench.force.z,8866.124586350403
1.912732085,1785795405.678822716,/loadcell_data_filtered.wrench.force.z,8870.164947612146
1.914434746,1785795405.680525377,/loadcell_data_filtered.wrench.force.z,8874.563313658282
1.914440139,1785795405.680530770,/loadcell_data_filtered.wrench.force.z,8878.065685470752
1.914617414,1785795405.680708045,/loadcell_data_filtered.wrench.force.z,8881.4076670523
1.9155771920000002,1785795405.681667823,/loadcell_data_filtered.wrench.force.z,8883.208733887079
1.916172982,1785795405.682263613,/loadcell_data_filtered.wrench.force.z,8884.171411570964
1.9164059670000002,1785795405.682496598,/loadcell_data_filtered.wrench.force.z,8884.418329916853
1.916565953,1785795405.682656584,/loadcell_data_filtered.wrench.force.z,8884.672348085232
1.916710915,1785795405.682801546,/loadcell_data_filtered.wrench.force.z,8884.984304129315
1.9171400150000002,1785795405.683230646,/loadcell_data_filtered.wrench.force.z,8885.407551048183
1.918077835,1785795405.684168466,/loadcell_data_filtered.wrench.force.z,8885.82961490935
1.918608262,1785795405.684698893,/loadcell_data_filtered.wrench.force.z,8886.436813635686
1.919077586,1785795405.685168217,/loadcell_data_filtered.wrench.force.z,8887.085004719354
1.920007482,1785795405.686098113,/loadcell_data_filtered.wrench.force.z,8887.63865479921
1.921672573,1785795405.687763204,/loadcell_data_filtered.wrench.force.z,8887.831247192027
1.921877156,1785795405.687967787,/loadcell_data_filtered.wrench.force.z,8888.50719292597
1.9220282160000002,1785795405.688118847,/loadcell_data_filtered.wrench.force.z,8883.104953903157
1.9221515340000002,1785795405.688242165,/loadcell_data_filtered.wrench.force.z,8879.759741153564
1.922265829,1785795405.688356460,/loadcell_data_filtered.wrench.force.z,8877.059361812599
1.9223871570000002,1785795405.688477788,/loadcell_data_filtered.wrench.force.z,8874.087583290315
1.926410804,1785795405.692501435,/loadcell_data_filtered.wrench.force.z,8871.281799833407
1.926895352,1785795405.692985983,/loadcell_data_filtered.wrench.force.z,8870.348897284428
1.9270468950000001,1785795405.693137526,/loadcell_data_filtered.wrench.force.z,8871.063875330197
1.927183253,1785795405.693273884,/loadcell_data_filtered.wrench.force.z,8872.151438641602
1.927320919,1785795405.693411550,/loadcell_data_filtered.wrench.force.z,8873.836611802317
1.9274752890000002,1785795405.693565920,/loadcell_data_filtered.wrench.force.z,8874.751776126786
1.9276436540000002,1785795405.693734285,/loadcell_data_filtered.wrench.force.z,8875.949672451585
1.927813498,1785795405.693904129,/loadcell_data_filtered.wrench.force.z,8876.794509658843
1.927989791,1785795405.694080422,/loadcell_data_filtered.wrench.force.z,8878.206377997389
1.928508177,1785795405.694598808,/loadcell_data_filtered.wrench.force.z,8878.292353689192
1.9287964350000002,1785795405.694887066,/loadcell_data_filtered.wrench.force.z,8876.791463208681
1.929083853,1785795405.695174484,/loadcell_data_filtered.wrench.force.z,8877.737400379894
1.9293343790000002,1785795405.695425010,/loadcell_data_filtered.wrench.force.z,8882.102747729266
1.929601936,1785795405.695692567,/loadcell_data_filtered.wrench.force.z,8886.277098476696
1.929859188,1785795405.695949819,/loadcell_data_filtered.wrench.force.z,8890.91659722352
1.930211291,1785795405.696301922,/loadcell_data_filtered.wrench.force.z,8894.548093225394
1.931397381,1785795405.697488012,/loadcell_data_filtered.wrench.force.z,8897.683731619638
1.9317340600000001,1785795405.697824691,/loadcell_data_filtered.wrench.force.z,8900.132778722986
1.931846506,1785795405.697937137,/loadcell_data_filtered.wrench.force.z,8902.005308079328
1.932212856,1785795405.698303487,/loadcell_data_filtered.wrench.force.z,8902.758176074958
1.932820433,1785795405.698911064,/loadcell_data_filtered.wrench.force.z,8902.491120834531
1.933169612,1785795405.699260243,/loadcell_data_filtered.wrench.force.z,8902.672311505445
1.93381252,1785795405.699903151,/loadcell_data_filtered.wrench.force.z,8902.363250213173
1.934125785,1785795405.700216416,/loadcell_data_filtered.wrench.force.z,8902.104723326407
1.934631908,1785795405.700722539,/loadcell_data_filtered.wrench.force.z,8902.08394968495
1.935032578,1785795405.701123209,/loadcell_data_filtered.wrench.force.z,8901.929479193848
1.9363063820000002,1785795405.702397013,/loadcell_data_filtered.wrench.force.z,8902.18050235003
1.936813163,1785795405.702903794,/loadcell_data_filtered.wrench.force.z,8901.731707465522
1.937240131,1785795405.703330762,/loadcell_data_filtered.wrench.force.z,8901.444560636157
1.937554022,1785795405.703644653,/loadcell_data_filtered.wrench.force.z,8895.793820231527
1.937836646,1785795405.703927277,/loadcell_data_filtered.wrench.force.z,8892.316992584992
1.938386705,1785795405.704477336,/loadcell_data_filtered.wrench.force.z,8887.906542811284
1.938971307,1785795405.705061938,/loadcell_data_filtered.wrench.force.z,8884.47511971395
1.942004265,1785795405.708094896,/loadcell_data_filtered.wrench.force.z,8881.20053131631
1.942363647,1785795405.708454278,/loadcell_data_filtered.wrench.force.z,8878.993922052308
1.942703828,1785795405.708794459,/loadcell_data_filtered.wrench.force.z,8878.068691750406
1.942970888,1785795405.709061519,/loadcell_data_filtered.wrench.force.z,8878.837813969492
1.943247096,1785795405.709337727,/loadcell_data_filtered.wrench.force.z,8879.86734266398
1.943481099,1785795405.709571730,/loadcell_data_filtered.wrench.force.z,8880.616197570926
1.94370411,1785795405.709794741,/loadcell_data_filtered.wrench.force.z,8881.200350153875
1.9458768480000002,1785795405.711967479,/loadcell_data_filtered.wrench.force.z,8881.356897034366
1.947544072,1785795405.713634703,/loadcell_data_filtered.wrench.force.z,8879.458792405321
1.947971711,1785795405.714062342,/loadcell_data_filtered.wrench.force.z,8879.444533968213
1.948239631,1785795405.714330262,/loadcell_data_filtered.wrench.force.z,8880.601079196756
1.948522391,1785795405.714613022,/loadcell_data_filtered.wrench.force.z,8881.488254168513
1.949384827,1785795405.715475458,/loadcell_data_filtered.wrench.force.z,8882.282649051176
1.94940731,1785795405.715497941,/loadcell_data_filtered.wrench.force.z,8889.791978052632
1.949412039,1785795405.715502670,/loadcell_data_filtered.wrench.force.z,8895.321208775293
1.9496342960000002,1785795405.715724927,/loadcell_data_filtered.wrench.force.z,8900.010166608472
1.9498127360000002,1785795405.715903367,/loadcell_data_filtered.wrench.force.z,8902.305882380464
1.95006751,1785795405.716158141,/loadcell_data_filtered.wrench.force.z,8905.991814284616
1.9503098460000001,1785795405.716400477,/loadcell_data_filtered.wrench.force.z,8908.027521276517
1.950559791,1785795405.716650422,/loadcell_data_filtered.wrench.force.z,8909.39126183819
1.950777267,1785795405.716867898,/loadcell_data_filtered.wrench.force.z,8910.175901007566
1.951015071,1785795405.717105702,/loadcell_data_filtered.wrench.force.z,8910.761703182761
1.951249957,1785795405.717340588,/loadcell_data_filtered.wrench.force.z,8911.448372072291
1.953592253,1785795405.719682884,/loadcell_data_filtered.wrench.force.z,8912.228123671885
1.955175573,1785795405.721266204,/loadcell_data_filtered.wrench.force.z,8913.077831466406
1.9553431250000002,1785795405.721433756,/loadcell_data_filtered.wrench.force.z,8914.489405327959
1.9554685410000001,1785795405.721559172,/loadcell_data_filtered.wrench.force.z,8915.908884050308
1.9555827360000002,1785795405.721673367,/loadcell_data_filtered.wrench.force.z,8917.007536201156
1.955699252,1785795405.721789883,/loadcell_data_filtered.wrench.force.z,8918.182926704087
1.955809826,1785795405.721900457,/loadcell_data_filtered.wrench.force.z,8918.94755820693
1.95592524,1785795405.722015871,/loadcell_data_filtered.wrench.force.z,8913.091363429732
1.956037755,1785795405.722128386,/loadcell_data_filtered.wrench.force.z,8904.37073957336
1.9561500600000001,1785795405.722240691,/loadcell_data_filtered.wrench.force.z,8899.125459977078
1.956261577,1785795405.722352208,/loadcell_data_filtered.wrench.force.z,8896.424911498141
1.956378365,1785795405.722468996,/loadcell_data_filtered.wrench.force.z,8892.941981812333
1.956487878,1785795405.722578509,/loadcell_data_filtered.wrench.force.z,8892.266283298291
1.956965339,1785795405.723055970,/loadcell_data_filtered.wrench.force.z,8892.256611606721
1.9578410380000002,1785795405.723931669,/loadcell_data_filtered.wrench.force.z,8892.94004421378
1.958068015,1785795405.724158646,/loadcell_data_filtered.wrench.force.z,8894.153707621841
1.960182628,1785795405.726273259,/loadcell_data_filtered.wrench.force.z,8894.874686010953
1.9603201490000002,1785795405.726410780,/loadcell_data_filtered.wrench.force.z,8895.627842617625
1.9604415300000002,1785795405.726532161,/loadcell_data_filtered.wrench.force.z,8895.965044263445
1.960563419,1785795405.726654050,/loadcell_data_filtered.wrench.force.z,8889.200979810192
1.960724383,1785795405.726815014,/loadcell_data_filtered.wrench.force.z,8889.893629940756
1.9611852660000002,1785795405.727275897,/loadcell_data_filtered.wrench.force.z,8889.452037774561
1.962690919,1785795405.728781550,/loadcell_data_filtered.wrench.force.z,8889.557057349715
1.963234811,1785795405.729325442,/loadcell_data_filtered.wrench.force.z,8893.87398757764
1.96338513,1785795405.729475761,/loadcell_data_filtered.wrench.force.z,8898.294109317045
1.9635205070000001,1785795405.729611138,/loadcell_data_filtered.wrench.force.z,8903.37683435109
1.963655743,1785795405.729746374,/loadcell_data_filtered.wrench.force.z,8907.050009761413
1.963994385,1785795405.730085016,/loadcell_data_filtered.wrench.force.z,8909.783152804615
1.964504247,1785795405.730594878,/loadcell_data_filtered.wrench.force.z,8911.94293168884
1.965219673,1785795405.731310304,/loadcell_data_filtered.wrench.force.z,8913.087823755952
1.9659685530000002,1785795405.732059184,/loadcell_data_filtered.wrench.force.z,8913.100120020172
1.9689284950000001,1785795405.735019126,/loadcell_data_filtered.wrench.force.z,8912.647123260704
1.9705482660000002,1785795405.736638897,/loadcell_data_filtered.wrench.force.z,8912.09004470462
1.970951323,1785795405.737041954,/loadcell_data_filtered.wrench.force.z,8912.24317001557
1.971200732,1785795405.737291363,/loadcell_data_filtered.wrench.force.z,8912.579620226541
1.9714122570000001,1785795405.737502888,/loadcell_data_filtered.wrench.force.z,8912.61919149671
1.971619584,1785795405.737710215,/loadcell_data_filtered.wrench.force.z,8913.052197695277
1.971816209,1785795405.737906840,/loadcell_data_filtered.wrench.force.z,8913.124470788089
1.9720584,1785795405.738149031,/loadcell_data_filtered.wrench.force.z,8912.825791284231
1.9723302820000002,1785795405.738420913,/loadcell_data_filtered.wrench.force.z,8905.355981773215
1.972643657,1785795405.738734288,/loadcell_data_filtered.wrench.force.z,8899.54298852561
1.9729709240000002,1785795405.739061555,/loadcell_data_filtered.wrench.force.z,8894.70414805501
1.9732840070000002,1785795405.739374638,/loadcell_data_filtered.wrench.force.z,8889.989944539571
1.9762579850000002,1785795405.742348616,/loadcell_data_filtered.wrench.force.z,8886.273874899929
1.97658683,1785795405.742677461,/loadcell_data_filtered.wrench.force.z,8883.119062794187
1.976931476,1785795405.743022107,/loadcell_data_filtered.wrench.force.z,8881.651046841303
1.977356507,1785795405.743447138,/loadcell_data_filtered.wrench.force.z,8880.144769437216
1.977764614,1785795405.743855245,/loadcell_data_filtered.wrench.force.z,8880.088994317613
1.9781660200000002,1785795405.744256651,/loadcell_data_filtered.wrench.force.z,8880.630751331853
1.978567369,1785795405.744658000,/loadcell_data_filtered.wrench.force.z,8880.992266798283
1.978992886,1785795405.745083517,/loadcell_data_filtered.wrench.force.z,8881.431183256653
1.979225701,1785795405.745316332,/loadcell_data_filtered.wrench.force.z,8881.895820439397
1.979428549,1785795405.745519180,/loadcell_data_filtered.wrench.force.z,8882.074732863832
1.979720337,1785795405.745810968,/loadcell_data_filtered.wrench.force.z,8880.44781663093
1.980044994,1785795405.746135625,/loadcell_data_filtered.wrench.force.z,8879.996125213975
1.980260028,1785795405.746350659,/loadcell_data_filtered.wrench.force.z,8880.224550473507
1.9805008110000002,1785795405.746591442,/loadcell_data_filtered.wrench.force.z,8880.225249129158
1.980710335,1785795405.746800966,/loadcell_data_filtered.wrench.force.z,8886.184036875846
1.980932985,1785795405.747023616,/loadcell_data_filtered.wrench.force.z,8890.772478541609
1.981325792,1785795405.747416423,/loadcell_data_filtered.wrench.force.z,8895.742486961633
1.981709952,1785795405.747800583,/loadcell_data_filtered.wrench.force.z,8899.505174728947
1.9820910390000002,1785795405.748181670,/loadcell_data_filtered.wrench.force.z,8902.537148879894
1.985361203,1785795405.751451834,/loadcell_data_filtered.wrench.force.z,8904.285022985398
1.9919269220000002,1785795405.758017553,/loadcell_data_filtered.wrench.force.z,8905.522626324628
1.992381788,1785795405.758472419,/loadcell_data_filtered.wrench.force.z,8906.470915173299
1.992739674,1785795405.758830305,/loadcell_data_filtered.wrench.force.z,8902.592362087657
1.993056949,1785795405.759147580,/loadcell_data_filtered.wrench.force.z,8900.070841412708
1.993371341,1785795405.759461972,/loadcell_data_filtered.wrench.force.z,8897.751820305792
1.993723325,1785795405.759813956,/loadcell_data_filtered.wrench.force.z,8896.081549075221
1.9941111450000002,1785795405.760201776,/loadcell_data_filtered.wrench.force.z,8895.592828010816
1.994412236,1785795405.760502867,/loadcell_data_filtered.wrench.force.z,8896.521105988639
1.994681055,1785795405.760771686,/loadcell_data_filtered.wrench.force.z,8897.658471508219
1.9949527040000001,1785795405.761043335,/loadcell_data_filtered.wrench.force.z,8898.950869111677
1.995319113,1785795405.761409744,/loadcell_data_filtered.wrench.force.z,8899.967036630262
1.995654691,1785795405.761745322,/loadcell_data_filtered.wrench.force.z,8899.597906511153
1.995953842,1785795405.762044473,/loadcell_data_filtered.wrench.force.z,8897.847280443988
1.9962568580000002,1785795405.762347489,/loadcell_data_filtered.wrench.force.z,8898.60395021042
1.996568295,1785795405.762658926,/loadcell_data_filtered.wrench.force.z,8898.621736490446
1.9969182660000002,1785795405.763008897,/loadcell_data_filtered.wrench.force.z,8899.598850864695
1.99726657,1785795405.763357201,/loadcell_data_filtered.wrench.force.z,8899.741621140345
1.997922112,1785795405.764012743,/loadcell_data_filtered.wrench.force.z,8905.837327639038
1.999021163,1785795405.765111794,/loadcell_data_filtered.wrench.force.z,8910.270393039807
1.9994698990000002,1785795405.765560530,/loadcell_data_filtered.wrench.force.z,8915.493293100788
1.999824141,1785795405.765914772,/loadcell_data_filtered.wrench.force.z,8919.654378815663
2.000221023,1785795405.766311654,/loadcell_data_filtered.wrench.force.z,8916.029798659953
2.001308298,1785795405.767398929,/loadcell_data_filtered.wrench.force.z,8919.26069684656
2.001772285,1785795405.767862916,/loadcell_data_filtered.wrench.force.z,8920.987765779279
2.002076616,1785795405.768167247,/loadcell_data_filtered.wrench.force.z,8922.056669095882
2.002483351,1785795405.768573982,/loadcell_data_filtered.wrench.force.z,8922.786715036174
2.00286268,1785795405.768953311,/loadcell_data_filtered.wrench.force.z,8923.675250610684
2.003231866,1785795405.769322497,/loadcell_data_filtered.wrench.force.z,8924.775732016764
2.003587575,1785795405.769678206,/loadcell_data_filtered.wrench.force.z,8925.418837985153
2.004000248,1785795405.770090879,/loadcell_data_filtered.wrench.force.z,8926.186535263872
2.004282233,1785795405.770372864,/loadcell_data_filtered.wrench.force.z,8927.089706058525
2.004520163,1785795405.770610794,/loadcell_data_filtered.wrench.force.z,8927.372965639723
2.004720086,1785795405.770810717,/loadcell_data_filtered.wrench.force.z,8927.864202896193
2.004937072,1785795405.771027703,/loadcell_data_filtered.wrench.force.z,8928.259731096912
2.005163622,1785795405.771254253,/loadcell_data_filtered.wrench.force.z,8922.859547315476
2.005411144,1785795405.771501775,/loadcell_data_filtered.wrench.force.z,8919.38174377178
2.00565892,1785795405.771749551,/loadcell_data_filtered.wrench.force.z,8915.630111666233
2.0065474,1785795405.772638031,/loadcell_data_filtered.wrench.force.z,8913.140473773272
2.008223563,1785795405.774314194,/loadcell_data_filtered.wrench.force.z,8910.454855436612
2.008481696,1785795405.774572327,/loadcell_data_filtered.wrench.force.z,8909.35134036202
2.009298033,1785795405.775388664,/loadcell_data_filtered.wrench.force.z,8908.493985317526
2.01007079,1785795405.776161421,/loadcell_data_filtered.wrench.force.z,8908.429803240882
2.010622479,1785795405.776713110,/loadcell_data_filtered.wrench.force.z,8909.430485378542
2.011037311,1785795405.777127942,/loadcell_data_filtered.wrench.force.z,8909.136347058165
2.011360763,1785795405.777451394,/loadcell_data_filtered.wrench.force.z,8908.59589804944
2.011691603,1785795405.777782234,/loadcell_data_filtered.wrench.force.z,8908.425228092661
2.012018834,1785795405.778109465,/loadcell_data_filtered.wrench.force.z,8908.129623582397
2.013015423,1785795405.779106054,/loadcell_data_filtered.wrench.force.z,8907.713231238293
2.013277404,1785795405.779368035,/loadcell_data_filtered.wrench.force.z,8907.335785918069
2.0134681,1785795405.779558731,/loadcell_data_filtered.wrench.force.z,8907.353852079388
2.013654961,1785795405.779745592,/loadcell_data_filtered.wrench.force.z,8907.106312422024
2.013901333,1785795405.779991964,/loadcell_data_filtered.wrench.force.z,8905.676316179202
2.014209794,1785795405.780300425,/loadcell_data_filtered.wrench.force.z,8910.337824426586
2.015508082,1785795405.781598713,/loadcell_data_filtered.wrench.force.z,8914.347957102193
2.016005113,1785795405.782095744,/loadcell_data_filtered.wrench.force.z,8916.367483304468
2.016542757,1785795405.782633388,/loadcell_data_filtered.wrench.force.z,8918.734144479487
2.017133622,1785795405.783224253,/loadcell_data_filtered.wrench.force.z,8916.218399585592
2.017550656,1785795405.783641287,/loadcell_data_filtered.wrench.force.z,8913.462484113086
2.017908855,1785795405.783999486,/loadcell_data_filtered.wrench.force.z,8913.221953489461
2.018228572,1785795405.784319203,/loadcell_data_filtered.wrench.force.z,8913.023597232139
2.018457692,1785795405.784548323,/loadcell_data_filtered.wrench.force.z,8913.252972003747
2.018623436,1785795405.784714067,/loadcell_data_filtered.wrench.force.z,8913.341989696464
2.018832404,1785795405.784923035,/loadcell_data_filtered.wrench.force.z,8913.86544002554
2.019087671,1785795405.785178302,/loadcell_data_filtered.wrench.force.z,8914.263055204654
2.019307927,1785795405.785398558,/loadcell_data_filtered.wrench.force.z,8914.500914893737
2.019485645,1785795405.785576276,/loadcell_data_filtered.wrench.force.z,8914.492874011881
2.019870489,1785795405.785961120,/loadcell_data_filtered.wrench.force.z,8914.424341338627
2.024322645,1785795405.790413276,/loadcell_data_filtered.wrench.force.z,8911.260924489588
2.028089807,1785795405.794180438,/loadcell_data_filtered.wrench.force.z,8907.655780683805
2.02824701,1785795405.794337641,/loadcell_data_filtered.wrench.force.z,8903.757257961051
2.0284291740000002,1785795405.794519805,/loadcell_data_filtered.wrench.force.z,8901.28938876059
2.028523083,1785795405.794613714,/loadcell_data_filtered.wrench.force.z,8899.151583544295
2.028648877,1785795405.794739508,/loadcell_data_filtered.wrench.force.z,8897.018559371552
2.028780535,1785795405.794871166,/loadcell_data_filtered.wrench.force.z,8896.19441599381
2.028914807,1785795405.795005438,/loadcell_data_filtered.wrench.force.z,8896.701802307525
2.02902144,1785795405.795112071,/loadcell_data_filtered.wrench.force.z,8897.807033405084
2.029139087,1785795405.795229718,/loadcell_data_filtered.wrench.force.z,8898.096276838944
2.029257169,1785795405.795347800,/loadcell_data_filtered.wrench.force.z,8898.64487861747
2.029378225,1785795405.795468856,/loadcell_data_filtered.wrench.force.z,8899.286244625015
2.029513129,1785795405.795603760,/loadcell_data_filtered.wrench.force.z,8899.929896874311
2.029617519,1785795405.795708150,/loadcell_data_filtered.wrench.force.z,8899.86510517279
2.02973339,1785795405.795824021,/loadcell_data_filtered.wrench.force.z,8900.37939230824
2.029849146,1785795405.795939777,/loadcell_data_filtered.wrench.force.z,8900.798650044795
2.029972091,1785795405.796062722,/loadcell_data_filtered.wrench.force.z,8899.394168836505
2.030085823,1785795405.796176454,/loadcell_data_filtered.wrench.force.z,8905.09392029716
2.030199389,1785795405.796290020,/loadcell_data_filtered.wrench.force.z,8908.75989062313
2.030726337,1785795405.796816968,/loadcell_data_filtered.wrench.force.z,8911.486291514158
2.033219345,1785795405.799309976,/loadcell_data_filtered.wrench.force.z,8914.334202878881
2.033373666,1785795405.799464297,/loadcell_data_filtered.wrench.force.z,8918.106288654551
2.033521735,1785795405.799612366,/loadcell_data_filtered.wrench.force.z,8920.571734112227
2.033655085,1785795405.799745716,/loadcell_data_filtered.wrench.force.z,8921.88393573795
2.033784993,1785795405.799875624,/loadcell_data_filtered.wrench.force.z,8922.543833688333
2.033915479,1785795405.800006110,/loadcell_data_filtered.wrench.force.z,8915.433815557666
2.034069023,1785795405.800159654,/loadcell_data_filtered.wrench.force.z,8916.098894785637
2.034168441,1785795405.800259072,/loadcell_data_filtered.wrench.force.z,8915.570856189668
2.034294947,1785795405.800385578,/loadcell_data_filtered.wrench.force.z,8916.074395238622
2.034594118,1785795405.800684749,/loadcell_data_filtered.wrench.force.z,8916.336780156382
2.036385959,1785795405.802476590,/loadcell_data_filtered.wrench.force.z,8916.759741908345
2.037115956,1785795405.803206587,/loadcell_data_filtered.wrench.force.z,8917.634686821788
2.037461789,1785795405.803552420,/loadcell_data_filtered.wrench.force.z,8918.511496853152
2.03769732,1785795405.803787951,/loadcell_data_filtered.wrench.force.z,8919.771477586559
2.03795245,1785795405.804043081,/loadcell_data_filtered.wrench.force.z,8914.631931393522
2.038250297,1785795405.804340928,/loadcell_data_filtered.wrench.force.z,8911.048438638345
2.038511107,1785795405.804601738,/loadcell_data_filtered.wrench.force.z,8907.910345620401
2.038753803,1785795405.804844434,/loadcell_data_filtered.wrench.force.z,8905.171875941334
2.04132284,1785795405.807413471,/loadcell_data_filtered.wrench.force.z,8902.887866723591
2.041842023,1785795405.807932654,/loadcell_data_filtered.wrench.force.z,8902.211961445659
2.042279307,1785795405.808369938,/loadcell_data_filtered.wrench.force.z,8901.765338404395
2.0426073,1785795405.808697931,/loadcell_data_filtered.wrench.force.z,8895.1725790378
2.042993521,1785795405.809084152,/loadcell_data_filtered.wrench.force.z,8896.114432773085
2.043361911,1785795405.809452542,/loadcell_data_filtered.wrench.force.z,8895.866827879025
2.043648083,1785795405.809738714,/loadcell_data_filtered.wrench.force.z,8896.840388608369
2.043979458,1785795405.810070089,/loadcell_data_filtered.wrench.force.z,8896.916319187852
2.044237717,1785795405.810328348,/loadcell_data_filtered.wrench.force.z,8896.727092061607
2.044443488,1785795405.810534119,/loadcell_data_filtered.wrench.force.z,8896.844689812331
2.046629123,1785795405.812719754,/loadcell_data_filtered.wrench.force.z,8897.080724606109
2.047600432,1785795405.813691063,/loadcell_data_filtered.wrench.force.z,8897.014846226684
2.047747339,1785795405.813837970,/loadcell_data_filtered.wrench.force.z,8898.096629269847
2.047883631,1785795405.813974262,/loadcell_data_filtered.wrench.force.z,8904.220943771204
2.048042361,1785795405.814132992,/loadcell_data_filtered.wrench.force.z,8909.51595157449
2.048174826,1785795405.814265457,/loadcell_data_filtered.wrench.force.z,8913.47716811032
2.048302202,1785795405.814392833,/loadcell_data_filtered.wrench.force.z,8916.517804728339
2.048431583,1785795405.814522214,/loadcell_data_filtered.wrench.force.z,8919.80449601968
2.048575326,1785795405.814665957,/loadcell_data_filtered.wrench.force.z,8920.289219982198
2.048716116,1785795405.814806747,/loadcell_data_filtered.wrench.force.z,8920.419130608478
2.049425828,1785795405.815516459,/loadcell_data_filtered.wrench.force.z,8920.567444010725
2.04967323,1785795405.815763861,/loadcell_data_filtered.wrench.force.z,8920.529520756689
2.050093821,1785795405.816184452,/loadcell_data_filtered.wrench.force.z,8920.595646486014
2.050702071,1785795405.816792702,/loadcell_data_filtered.wrench.force.z,8920.54999023166
2.051136579,1785795405.817227210,/loadcell_data_filtered.wrench.force.z,8920.408042499634
2.051674709,1785795405.817765340,/loadcell_data_filtered.wrench.force.z,8920.288435496883
2.052189756,1785795405.818280387,/loadcell_data_filtered.wrench.force.z,8920.250910137189
2.053094039,1785795405.819184670,/loadcell_data_filtered.wrench.force.z,8920.606962398286
2.053586209,1785795405.819676840,/loadcell_data_filtered.wrench.force.z,8920.6022707818
2.053969345,1785795405.820059976,/loadcell_data_filtered.wrench.force.z,8916.312829201153
2.054224041,1785795405.820314672,/loadcell_data_filtered.wrench.force.z,8912.834621615944
2.054713541,1785795405.820804172,/loadcell_data_filtered.wrench.force.z,8908.970426839955
2.055275552,1785795405.821366183,/loadcell_data_filtered.wrench.force.z,8905.64891950673
2.055710903,1785795405.821801534,/loadcell_data_filtered.wrench.force.z,8902.61663233515
2.056272017,1785795405.822362648,/loadcell_data_filtered.wrench.force.z,8900.366108704538
2.056623596,1785795405.822714227,/loadcell_data_filtered.wrench.force.z,8898.784210862546
2.057269804,1785795405.823360435,/loadcell_data_filtered.wrench.force.z,8899.103931326545
2.057567866,1785795405.823658497,/loadcell_data_filtered.wrench.force.z,8899.523165210816
2.05808164,1785795405.824172271,/loadcell_data_filtered.wrench.force.z,8900.278637598696
2.058661197,1785795405.824751828,/loadcell_data_filtered.wrench.force.z,8900.169236038304
2.059026572,1785795405.825117203,/loadcell_data_filtered.wrench.force.z,8900.29716811957
2.059540157,1785795405.825630788,/loadcell_data_filtered.wrench.force.z,8900.428522124239
2.059905981,1785795405.825996612,/loadcell_data_filtered.wrench.force.z,8900.470781531885
2.060492007,1785795405.826582638,/loadcell_data_filtered.wrench.force.z,8900.938766377149
2.061024508,1785795405.827115139,/loadcell_data_filtered.wrench.force.z,8901.301991681132
2.06159106,1785795405.827681691,/loadcell_data_filtered.wrench.force.z,8901.631366586676
2.061967579,1785795405.828058210,/loadcell_data_filtered.wrench.force.z,8907.916600978027
2.062669606,1785795405.828760237,/loadcell_data_filtered.wrench.force.z,8912.079919438695
2.063268349,1785795405.829358980,/loadcell_data_filtered.wrench.force.z,8916.548795051891
2.063762983,1785795405.829853614,/loadcell_data_filtered.wrench.force.z,8920.401467001633
2.064172995,1785795405.830263626,/loadcell_data_filtered.wrench.force.z,8923.536439938003
2.064891855,1785795405.830982486,/loadcell_data_filtered.wrench.force.z,8925.588899045728
2.065203513,1785795405.831294144,/loadcell_data_filtered.wrench.force.z,8927.16390085265
2.065518745,1785795405.831609376,/loadcell_data_filtered.wrench.force.z,8928.118161391678
2.0660834,1785795405.832174031,/loadcell_data_filtered.wrench.force.z,8928.45345269264
2.066502792,1785795405.832593423,/loadcell_data_filtered.wrench.force.z,8929.090760280624
2.067451571,1785795405.833542202,/loadcell_data_filtered.wrench.force.z,8929.708322100589
2.067835907,1785795405.833926538,/loadcell_data_filtered.wrench.force.z,8930.140355479478
2.069121781,1785795405.835212412,/loadcell_data_filtered.wrench.force.z,8930.378730991592
2.069593169,1785795405.835683800,/loadcell_data_filtered.wrench.force.z,8930.949371321363
2.06995841,1785795405.836049041,/loadcell_data_filtered.wrench.force.z,8931.713697346027
2.071345766,1785795405.837436397,/loadcell_data_filtered.wrench.force.z,8932.248479280499
2.071893787,1785795405.837984418,/loadcell_data_filtered.wrench.force.z,8932.508550841745
2.072230854,1785795405.838321485,/loadcell_data_filtered.wrench.force.z,8927.430985966274
2.072507383,1785795405.838598014,/loadcell_data_filtered.wrench.force.z,8924.333690939151
2.072782167,1785795405.838872798,/loadcell_data_filtered.wrench.force.z,8921.397952684267
2.072979634,1785795405.839070265,/loadcell_data_filtered.wrench.force.z,8918.394327655555
2.073183091,1785795405.839273722,/loadcell_data_filtered.wrench.force.z,8914.744888080686
2.073431178,1785795405.839521809,/loadcell_data_filtered.wrench.force.z,8912.986005172052
2.073697833,1785795405.839788464,/loadcell_data_filtered.wrench.force.z,8912.03384806979
2.074222982,1785795405.840313613,/loadcell_data_filtered.wrench.force.z,8911.857240608455
2.074826652,1785795405.840917283,/loadcell_data_filtered.wrench.force.z,8911.787792897756
2.075149497,1785795405.841240128,/loadcell_data_filtered.wrench.force.z,8911.725720636892
2.076111362,1785795405.842201993,/loadcell_data_filtered.wrench.force.z,8911.3067772209
2.076549378,1785795405.842640009,/loadcell_data_filtered.wrench.force.z,8910.752526862507
2.078556494,1785795405.844647125,/loadcell_data_filtered.wrench.force.z,8910.21782789858
2.07898188,1785795405.845072511,/loadcell_data_filtered.wrench.force.z,8909.702647513197
2.079306281,1785795405.845396912,/loadcell_data_filtered.wrench.force.z,8909.622651271578
2.07964082,1785795405.845731451,/loadcell_data_filtered.wrench.force.z,8909.63845055225
2.080060804,1785795405.846151435,/loadcell_data_filtered.wrench.force.z,8910.672917379186
2.080496524,1785795405.846587155,/loadcell_data_filtered.wrench.force.z,8915.271783700582
2.080850178,1785795405.846940809,/loadcell_data_filtered.wrench.force.z,8919.500808403312
2.081339004,1785795405.847429635,/loadcell_data_filtered.wrench.force.z,8922.559268363819
2.081682265,1785795405.847772896,/loadcell_data_filtered.wrench.force.z,8925.14120089092
2.082043693,1785795405.848134324,/loadcell_data_filtered.wrench.force.z,8927.783425135947
2.082373616,1785795405.848464247,/loadcell_data_filtered.wrench.force.z,8928.88488057833
2.082763076,1785795405.848853707,/loadcell_data_filtered.wrench.force.z,8929.051130549253
2.083230987,1785795405.849321618,/loadcell_data_filtered.wrench.force.z,8928.926231530704
2.083567295,1785795405.849657926,/loadcell_data_filtered.wrench.force.z,8929.043964991019
2.083892787,1785795405.849983418,/loadcell_data_filtered.wrench.force.z,8929.146915157186
2.084117027,1785795405.850207658,/loadcell_data_filtered.wrench.force.z,8929.165168689922
2.084508608,1785795405.850599239,/loadcell_data_filtered.wrench.force.z,8929.33387937795
2.084897702,1785795405.850988333,/loadcell_data_filtered.wrench.force.z,8929.296414470933
2.10208039,1785795405.868171021,/loadcell_data_filtered.wrench.force.z,8930.950750180331
2.102661949,1785795405.868752580,/loadcell_data_filtered.wrench.force.z,8931.162550121846
2.103023814,1785795405.869114445,/loadcell_data_filtered.wrench.force.z,8927.47249794977
2.10342514,1785795405.869515771,/loadcell_data_filtered.wrench.force.z,8928.49613846218
2.103816547,1785795405.869907178,/loadcell_data_filtered.wrench.force.z,8929.480494914349
2.1041533,1785795405.870243931,/loadcell_data_filtered.wrench.force.z,8931.043751203362
2.104439972,1785795405.870530603,/loadcell_data_filtered.wrench.force.z,8932.161036059984
2.10469608,1785795405.870786711,/loadcell_data_filtered.wrench.force.z,8933.553495007482
2.104962311,1785795405.871052942,/loadcell_data_filtered.wrench.force.z,8932.015785561909
2.105189198,1785795405.871279829,/loadcell_data_filtered.wrench.force.z,8931.603430383904
2.10545336,1785795405.871543991,/loadcell_data_filtered.wrench.force.z,8930.937638397472
2.10575693,1785795405.871847561,/loadcell_data_filtered.wrench.force.z,8931.70653070435
2.106050503,1785795405.872141134,/loadcell_data_filtered.wrench.force.z,8932.302621513421
2.106266976,1785795405.872357607,/loadcell_data_filtered.wrench.force.z,8926.59367091517
2.106517029,1785795405.872607660,/loadcell_data_filtered.wrench.force.z,8922.712048239155
2.106802591,1785795405.872893222,/loadcell_data_filtered.wrench.force.z,8919.482859956383
2.107311024,1785795405.873401655,/loadcell_data_filtered.wrench.force.z,8917.308204742543
2.107752314,1785795405.873842945,/loadcell_data_filtered.wrench.force.z,8915.036345486187
2.108163432,1785795405.874254063,/loadcell_data_filtered.wrench.force.z,8914.516023727198
2.10855201,1785795405.874642641,/loadcell_data_filtered.wrench.force.z,8914.934616783734
2.10902541,1785795405.875116041,/loadcell_data_filtered.wrench.force.z,8916.289329253923
2.109539879,1785795405.875630510,/loadcell_data_filtered.wrench.force.z,8917.517894762648
2.11005713,1785795405.876147761,/loadcell_data_filtered.wrench.force.z,8918.363964966988
2.110479193,1785795405.876569824,/loadcell_data_filtered.wrench.force.z,8918.947040004266
2.110874971,1785795405.876965602,/loadcell_data_filtered.wrench.force.z,8920.191720145373
2.111287383,1785795405.877378014,/loadcell_data_filtered.wrench.force.z,8920.746495336602
2.111561042,1785795405.877651673,/loadcell_data_filtered.wrench.force.z,8921.627320862108
2.111842317,1785795405.877932948,/loadcell_data_filtered.wrench.force.z,8921.85143632794
2.112255108,1785795405.878345739,/loadcell_data_filtered.wrench.force.z,8921.78306616503
2.112753167,1785795405.878843798,/loadcell_data_filtered.wrench.force.z,8925.854503449738
2.113161365,1785795405.879251996,/loadcell_data_filtered.wrench.force.z,8931.474272162615
2.11360147,1785795405.879692101,/loadcell_data_filtered.wrench.force.z,8937.083370464605
2.114036748,1785795405.880127379,/loadcell_data_filtered.wrench.force.z,8941.556296274077
2.114494241,1785795405.880584872,/loadcell_data_filtered.wrench.force.z,8945.066022324858
2.11502372,1785795405.881114351,/loadcell_data_filtered.wrench.force.z,8948.527451508959
2.115576536,1785795405.881667167,/loadcell_data_filtered.wrench.force.z,8950.31766264808
2.116164949,1785795405.882255580,/loadcell_data_filtered.wrench.force.z,8950.968576953583
2.116650618,1785795405.882741249,/loadcell_data_filtered.wrench.force.z,8951.14305981638
2.117193992,1785795405.883284623,/loadcell_data_filtered.wrench.force.z,8951.446056813613
2.11765793,1785795405.883748561,/loadcell_data_filtered.wrench.force.z,8951.93655376367
2.118078198,1785795405.884168829,/loadcell_data_filtered.wrench.force.z,8951.250885441901
2.1185354690000002,1785795405.884626100,/loadcell_data_filtered.wrench.force.z,8951.332190928459
2.119084559,1785795405.885175190,/loadcell_data_filtered.wrench.force.z,8951.313004193205
2.119563733,1785795405.885654364,/loadcell_data_filtered.wrench.force.z,8950.538812600666
2.12003216,1785795405.886122791,/loadcell_data_filtered.wrench.force.z,8950.387974963764
2.120353295,1785795405.886443926,/loadcell_data_filtered.wrench.force.z,8949.72445556981
2.12063919,1785795405.886729821,/loadcell_data_filtered.wrench.force.z,8944.23335815276
2.121156309,1785795405.887246940,/loadcell_data_filtered.wrench.force.z,8939.879228550017
2.121409932,1785795405.887500563,/loadcell_data_filtered.wrench.force.z,8934.512137905473
2.122396951,1785795405.888487582,/loadcell_data_filtered.wrench.force.z,8931.16600061918
2.122794274,1785795405.888884905,/loadcell_data_filtered.wrench.force.z,8926.817251985656
2.123162235,1785795405.889252866,/loadcell_data_filtered.wrench.force.z,8924.766204076685
2.123599639,1785795405.889690270,/loadcell_data_filtered.wrench.force.z,8921.800304444618
2.125091794,1785795405.891182425,/loadcell_data_filtered.wrench.force.z,8921.45382866981
2.125366017,1785795405.891456648,/loadcell_data_filtered.wrench.force.z,8921.194439268118
2.125565299,1785795405.891655930,/loadcell_data_filtered.wrench.force.z,8921.796368191031
2.12624335,1785795405.892333981,/loadcell_data_filtered.wrench.force.z,8922.007391946303
2.126594224,1785795405.892684855,/loadcell_data_filtered.wrench.force.z,8921.170858109876
2.126977549,1785795405.893068180,/loadcell_data_filtered.wrench.force.z,8920.787565859331
2.127396613,1785795405.893487244,/loadcell_data_filtered.wrench.force.z,8921.078298213024
2.128060477,1785795405.894151108,/loadcell_data_filtered.wrench.force.z,8919.770217299141
2.128215489,1785795405.894306120,/loadcell_data_filtered.wrench.force.z,8919.386434593753
2.129116707,1785795405.895207338,/loadcell_data_filtered.wrench.force.z,8919.085415295775
2.130073324,1785795405.896163955,/loadcell_data_filtered.wrench.force.z,8925.328891765414
2.130331794,1785795405.896422425,/loadcell_data_filtered.wrench.force.z,8930.737626316328
2.13161353,1785795405.897704161,/loadcell_data_filtered.wrench.force.z,8935.115542484169
2.13198464,1785795405.898075271,/loadcell_data_filtered.wrench.force.z,8939.292882504256
2.13338537,1785795405.899476001,/loadcell_data_filtered.wrench.force.z,8942.45533828681
2.133848017,1785795405.899938648,/loadcell_data_filtered.wrench.force.z,8944.667554252464
2.134468673,1785795405.900559304,/loadcell_data_filtered.wrench.force.z,8947.098730280335
2.134870948,1785795405.900961579,/loadcell_data_filtered.wrench.force.z,8947.27349477739
2.135285927,1785795405.901376558,/loadcell_data_filtered.wrench.force.z,8948.009260402161
2.135756683,1785795405.901847314,/loadcell_data_filtered.wrench.force.z,8948.812895273664
2.136236625,1785795405.902327256,/loadcell_data_filtered.wrench.force.z,8948.744193972161
2.136620098,1785795405.902710729,/loadcell_data_filtered.wrench.force.z,8948.442915297655
2.136981823,1785795405.903072454,/loadcell_data_filtered.wrench.force.z,8948.382242555628
2.137409358,1785795405.903499989,/loadcell_data_filtered.wrench.force.z,8948.607737905677
2.137865773,1785795405.903956404,/loadcell_data_filtered.wrench.force.z,8948.627596438657
2.138229002,1785795405.904319633,/loadcell_data_filtered.wrench.force.z,8948.408618917032
2.138623479,1785795405.904714110,/loadcell_data_filtered.wrench.force.z,8947.598150633054
2.13901384,1785795405.905104471,/loadcell_data_filtered.wrench.force.z,8941.507774699598
2.139411415,1785795405.905502046,/loadcell_data_filtered.wrench.force.z,8936.95944507269
2.139830787,1785795405.905921418,/loadcell_data_filtered.wrench.force.z,8933.085784845642
2.140183016,1785795405.906273647,/loadcell_data_filtered.wrench.force.z,8930.563043673994
2.140534827,1785795405.906625458,/loadcell_data_filtered.wrench.force.z,8928.223866670205
2.140895334,1785795405.906985965,/loadcell_data_filtered.wrench.force.z,8926.737859433253
2.141181933,1785795405.907272564,/loadcell_data_filtered.wrench.force.z,8925.748402103489
2.141450506,1785795405.907541137,/loadcell_data_filtered.wrench.force.z,8925.889027759873
2.141723946,1785795405.907814577,/loadcell_data_filtered.wrench.force.z,8925.91380336701
2.142028098,1785795405.908118729,/loadcell_data_filtered.wrench.force.z,8926.011529439695
2.14238076,1785795405.908471391,/loadcell_data_filtered.wrench.force.z,8926.143674963065
2.142756891,1785795405.908847522,/loadcell_data_filtered.wrench.force.z,8925.84113169205
2.143331255,1785795405.909421886,/loadcell_data_filtered.wrench.force.z,8926.246333787161
2.143923376,1785795405.910014007,/loadcell_data_filtered.wrench.force.z,8926.466062730993
2.144316467,1785795405.910407098,/loadcell_data_filtered.wrench.force.z,8926.658478065361
2.144900212,1785795405.910990843,/loadcell_data_filtered.wrench.force.z,8926.980677100732
2.145163861,1785795405.911254492,/loadcell_data_filtered.wrench.force.z,8931.338863167097
2.145571223,1785795405.911661854,/loadcell_data_filtered.wrench.force.z,8935.644123715892
2.146173581,1785795405.912264212,/loadcell_data_filtered.wrench.force.z,8940.414231553297
2.146691096,1785795405.912781727,/loadcell_data_filtered.wrench.force.z,8944.915953978716
2.147185489,1785795405.913276120,/loadcell_data_filtered.wrench.force.z,8948.559858396997
2.1478729,1785795405.913963531,/loadcell_data_filtered.wrench.force.z,8951.972826158668
2.148041875,1785795405.914132506,/loadcell_data_filtered.wrench.force.z,8954.076107952442
2.148882985,1785795405.914973616,/loadcell_data_filtered.wrench.force.z,8955.196076958528
2.14958244,1785795405.915673071,/loadcell_data_filtered.wrench.force.z,8955.813643618712
2.149815722,1785795405.915906353,/loadcell_data_filtered.wrench.force.z,8956.524678954835
2.150413289,1785795405.916503920,/loadcell_data_filtered.wrench.force.z,8957.295378236255
2.15080592,1785795405.916896551,/loadcell_data_filtered.wrench.force.z,8957.857233065999
2.151240547,1785795405.917331178,/loadcell_data_filtered.wrench.force.z,8958.83081135214
2.153340472,1785795405.919431103,/loadcell_data_filtered.wrench.force.z,8959.744487225027
2.153664755,1785795405.919755386,/loadcell_data_filtered.wrench.force.z,8960.685763097217
2.153726551,1785795405.919817182,/loadcell_data_filtered.wrench.force.z,8961.557236346363
2.153891245,1785795405.919981876,/loadcell_data_filtered.wrench.force.z,8961.929055260982
2.155629231,1785795405.921719862,/loadcell_data_filtered.wrench.force.z,8956.539475133999
2.15582659,1785795405.921917221,/loadcell_data_filtered.wrench.force.z,8953.153715607894
2.155982365,1785795405.922072996,/loadcell_data_filtered.wrench.force.z,8949.592356918763
2.156114755,1785795405.922205386,/loadcell_data_filtered.wrench.force.z,8941.976982489665
2.15623425,1785795405.922324881,/loadcell_data_filtered.wrench.force.z,8936.749765218643
2.157726617,1785795405.923817248,/loadcell_data_filtered.wrench.force.z,8934.60874645849
2.157895915,1785795405.923986546,/loadcell_data_filtered.wrench.force.z,8933.211390018809
2.158038412,1785795405.924129043,/loadcell_data_filtered.wrench.force.z,8931.169818341328
2.1581698830000002,1785795405.924260514,/loadcell_data_filtered.wrench.force.z,8926.621499966994
2.158291596,1785795405.924382227,/loadcell_data_filtered.wrench.force.z,8926.82839787977
2.158859844,1785795405.924950475,/loadcell_data_filtered.wrench.force.z,8925.760493976295
2.15914022,1785795405.925230851,/loadcell_data_filtered.wrench.force.z,8925.170359571688
2.15954948,1785795405.925640111,/loadcell_data_filtered.wrench.force.z,8925.091077873667
2.160097146,1785795405.926187777,/loadcell_data_filtered.wrench.force.z,8924.3771487416
2.1606332,1785795405.926723831,/loadcell_data_filtered.wrench.force.z,8923.953728485485
2.161033724,1785795405.927124355,/loadcell_data_filtered.wrench.force.z,8923.383107202299
2.161580934,1785795405.927671565,/loadcell_data_filtered.wrench.force.z,8923.394663550338
2.163512894,1785795405.929603525,/loadcell_data_filtered.wrench.force.z,8928.985068649912
2.163688489,1785795405.929779120,/loadcell_data_filtered.wrench.force.z,8933.200148810318
2.165109938,1785795405.931200569,/loadcell_data_filtered.wrench.force.z,8935.315204293955
2.165282757,1785795405.931373388,/loadcell_data_filtered.wrench.force.z,8932.898458579019
2.165425986,1785795405.931516617,/loadcell_data_filtered.wrench.force.z,8935.665877310037
2.165567664,1785795405.931658295,/loadcell_data_filtered.wrench.force.z,8933.313388020242
2.165682118,1785795405.931772749,/loadcell_data_filtered.wrench.force.z,8930.428990404016
2.165800081,1785795405.931890712,/loadcell_data_filtered.wrench.force.z,8930.221454822506
2.168000948,1785795405.934091579,/loadcell_data_filtered.wrench.force.z,8930.161681749863
2.168148327,1785795405.934238958,/loadcell_data_filtered.wrench.force.z,8930.43165180943
2.168263144,1785795405.934353775,/loadcell_data_filtered.wrench.force.z,8930.530331877117
2.168379787,1785795405.934470418,/loadcell_data_filtered.wrench.force.z,8927.459051955995
2.168604727,1785795405.934695358,/loadcell_data_filtered.wrench.force.z,8924.965836516301
2.168706002,1785795405.934796633,/loadcell_data_filtered.wrench.force.z,8925.465398535323
2.169273571,1785795405.935364202,/loadcell_data_filtered.wrench.force.z,8925.252791050876
2.16959435,1785795405.935684981,/loadcell_data_filtered.wrench.force.z,8925.667789419938
2.16998345,1785795405.936074081,/loadcell_data_filtered.wrench.force.z,8924.03088884374
2.175845169,1785795405.941935800,/loadcell_data_filtered.wrench.force.z,8918.904675902426
2.178396429,1785795405.944487060,/loadcell_data_filtered.wrench.force.z,8916.817109742113
2.178577587,1785795405.944668218,/loadcell_data_filtered.wrench.force.z,8917.270998283158
2.178709572,1785795405.944800203,/loadcell_data_filtered.wrench.force.z,8918.480457896672
2.1788434,1785795405.944934031,/loadcell_data_filtered.wrench.force.z,8919.683210499588
2.17899625,1785795405.945086881,/loadcell_data_filtered.wrench.force.z,8920.340106231173
2.179148187,1785795405.945238818,/loadcell_data_filtered.wrench.force.z,8920.781441970872
2.179262621,1785795405.945353252,/loadcell_data_filtered.wrench.force.z,8921.229334713571
2.179388195,1785795405.945478826,/loadcell_data_filtered.wrench.force.z,8920.809140325144
2.179534241,1785795405.945624872,/loadcell_data_filtered.wrench.force.z,8918.885593816793
2.1796480320000002,1785795405.945738663,/loadcell_data_filtered.wrench.force.z,8913.745115668735
2.179765242,1785795405.945855873,/loadcell_data_filtered.wrench.force.z,8911.451893914451
2.179899575,1785795405.945990206,/loadcell_data_filtered.wrench.force.z,8915.473585216921
2.180100538,1785795405.946191169,/loadcell_data_filtered.wrench.force.z,8916.705725998781
2.180326319,1785795405.946416950,/loadcell_data_filtered.wrench.force.z,8920.653057485988
2.180533432,1785795405.946624063,/loadcell_data_filtered.wrench.force.z,8924.148743602524
2.180744722,1785795405.946835353,/loadcell_data_filtered.wrench.force.z,8926.718195456984
2.18102645,1785795405.947117081,/loadcell_data_filtered.wrench.force.z,8928.679247167931
2.181566959,1785795405.947657590,/loadcell_data_filtered.wrench.force.z,8930.06524018018
2.181966842,1785795405.948057473,/loadcell_data_filtered.wrench.force.z,8930.419632723359
2.182549741,1785795405.948640372,/loadcell_data_filtered.wrench.force.z,8930.644222927744
2.183199351,1785795405.949289982,/loadcell_data_filtered.wrench.force.z,8930.936314144134
2.183481039,1785795405.949571670,/loadcell_data_filtered.wrench.force.z,8930.828754814096
2.183941937,1785795405.950032568,/loadcell_data_filtered.wrench.force.z,8930.694455785702
2.184467493,1785795405.950558124,/loadcell_data_filtered.wrench.force.z,8930.705145547894
2.185785291,1785795405.951875922,/loadcell_data_filtered.wrench.force.z,8930.335763410107
2.186191791,1785795405.952282422,/loadcell_data_filtered.wrench.force.z,8930.673537889275
2.186541378,1785795405.952632009,/loadcell_data_filtered.wrench.force.z,8931.018120790426
2.18675813,1785795405.952848761,/loadcell_data_filtered.wrench.force.z,8930.902885836285
2.187138307,1785795405.953228938,/loadcell_data_filtered.wrench.force.z,8925.239908567944
2.187905848,1785795405.953996479,/loadcell_data_filtered.wrench.force.z,8922.10535847536
2.188240713,1785795405.954331344,/loadcell_data_filtered.wrench.force.z,8918.268976762423
2.188656663,1785795405.954747294,/loadcell_data_filtered.wrench.force.z,8915.211101781915
2.18893962,1785795405.955030251,/loadcell_data_filtered.wrench.force.z,8912.12647536411
2.18967837,1785795405.955769001,/loadcell_data_filtered.wrench.force.z,8910.79183478136
2.190101878,1785795405.956192509,/loadcell_data_filtered.wrench.force.z,8909.846713372199
2.190550829,1785795405.956641460,/loadcell_data_filtered.wrench.force.z,8910.024641501288
2.191654093,1785795405.957744724,/loadcell_data_filtered.wrench.force.z,8910.24374454781
2.191920413,1785795405.958011044,/loadcell_data_filtered.wrench.force.z,8910.261491182022
2.192061645,1785795405.958152276,/loadcell_data_filtered.wrench.force.z,8911.074401414044
2.1933844860000002,1785795405.959475117,/loadcell_data_filtered.wrench.force.z,8910.83730006572
2.193738511,1785795405.959829142,/loadcell_data_filtered.wrench.force.z,8910.725749312876
2.193925434,1785795405.960016065,/loadcell_data_filtered.wrench.force.z,8911.574502485257
2.195933003,1785795405.962023634,/loadcell_data_filtered.wrench.force.z,8912.1907859896
2.197779937,1785795405.963870568,/loadcell_data_filtered.wrench.force.z,8911.426676182155
2.197932334,1785795405.964022965,/loadcell_data_filtered.wrench.force.z,8912.175227790038
2.198066356,1785795405.964156987,/loadcell_data_filtered.wrench.force.z,8918.581735795407
2.198198392,1785795405.964289023,/loadcell_data_filtered.wrench.force.z,8923.754287617172
2.198336018,1785795405.964426649,/loadcell_data_filtered.wrench.force.z,8928.443314533037
2.1984706640000002,1785795405.964561295,/loadcell_data_filtered.wrench.force.z,8931.906610018608
2.198605659,1785795405.964696290,/loadcell_data_filtered.wrench.force.z,8927.863968918413
2.200977891,1785795405.967068522,/loadcell_data_filtered.wrench.force.z,8929.950479972726
2.201357357,1785795405.967447988,/loadcell_data_filtered.wrench.force.z,8929.555279146385
2.201679131,1785795405.967769762,/loadcell_data_filtered.wrench.force.z,8930.227377747073
2.20200131,1785795405.968091941,/loadcell_data_filtered.wrench.force.z,8931.105243196525
2.202428848,1785795405.968519479,/loadcell_data_filtered.wrench.force.z,8932.169265879935
2.202804063,1785795405.968894694,/loadcell_data_filtered.wrench.force.z,8932.895980855934
2.203129774,1785795405.969220405,/loadcell_data_filtered.wrench.force.z,8934.049842530441
2.203411987,1785795405.969502618,/loadcell_data_filtered.wrench.force.z,8933.621001760726
2.203672339,1785795405.969762970,/loadcell_data_filtered.wrench.force.z,8931.510500000257
2.203969604,1785795405.970060235,/loadcell_data_filtered.wrench.force.z,8926.294462724993
2.2042736720000002,1785795405.970364303,/loadcell_data_filtered.wrench.force.z,8926.98659298011
2.204531885,1785795405.970622516,/loadcell_data_filtered.wrench.force.z,8923.883817999062
2.204724956,1785795405.970815587,/loadcell_data_filtered.wrench.force.z,8919.762056374255
2.2049274580000002,1785795405.971018089,/loadcell_data_filtered.wrench.force.z,8915.683491823382
2.205250345,1785795405.971340976,/loadcell_data_filtered.wrench.force.z,8912.45561638096
2.205491916,1785795405.971582547,/loadcell_data_filtered.wrench.force.z,8909.65571739505
2.205999648,1785795405.972090279,/loadcell_data_filtered.wrench.force.z,8907.428919542454
2.206463667,1785795405.972554298,/loadcell_data_filtered.wrench.force.z,8905.759202295583
2.206923145,1785795405.973013776,/loadcell_data_filtered.wrench.force.z,8905.372942888014
2.207465891,1785795405.973556522,/loadcell_data_filtered.wrench.force.z,8905.475050700996
2.207838798,1785795405.973929429,/loadcell_data_filtered.wrench.force.z,8905.787118296075
2.208464997,1785795405.974555628,/loadcell_data_filtered.wrench.force.z,8905.697407945827
2.208909599,1785795405.975000230,/loadcell_data_filtered.wrench.force.z,8905.476525480497
2.209787643,1785795405.975878274,/loadcell_data_filtered.wrench.force.z,8905.10258667133
2.211674322,1785795405.977764953,/loadcell_data_filtered.wrench.force.z,8904.980519806048
2.213450307,1785795405.979540938,/loadcell_data_filtered.wrench.force.z,8905.727980863341
2.213858108,1785795405.979948739,/loadcell_data_filtered.wrench.force.z,8905.514909033456
2.214069795,1785795405.980160426,/loadcell_data_filtered.wrench.force.z,8906.174865037472
2.214205951,1785795405.980296582,/loadcell_data_filtered.wrench.force.z,8912.129764180252
2.214335657,1785795405.980426288,/loadcell_data_filtered.wrench.force.z,8915.867227900151
2.214465312,1785795405.980555943,/loadcell_data_filtered.wrench.force.z,8920.928255912097
2.215330759,1785795405.981421390,/loadcell_data_filtered.wrench.force.z,8923.864734379755
2.215608667,1785795405.981699298,/loadcell_data_filtered.wrench.force.z,8926.600095468093
2.215641432,1785795405.981732063,/loadcell_data_filtered.wrench.force.z,8928.970292340591
2.215776161,1785795405.981866792,/loadcell_data_filtered.wrench.force.z,8926.685542383686
2.216670895,1785795405.982761526,/loadcell_data_filtered.wrench.force.z,8924.71984547611
2.218849337,1785795405.984939968,/loadcell_data_filtered.wrench.force.z,8924.525729020017
2.219308092,1785795405.985398723,/loadcell_data_filtered.wrench.force.z,8925.231662784925
2.221725827,1785795405.987816458,/loadcell_data_filtered.wrench.force.z,8925.510799636106
2.222662778,1785795405.988753409,/loadcell_data_filtered.wrench.force.z,8918.871168122774
2.222842206,1785795405.988932837,/loadcell_data_filtered.wrench.force.z,8920.017309188208
2.223246264,1785795405.989336895,/loadcell_data_filtered.wrench.force.z,8920.201916989432
2.223705779,1785795405.989796410,/loadcell_data_filtered.wrench.force.z,8920.8113355017
2.223844985,1785795405.989935616,/loadcell_data_filtered.wrench.force.z,8921.762639640743
2.224245495,1785795405.990336126,/loadcell_data_filtered.wrench.force.z,8916.2717219149
2.2244773970000002,1785795405.990568028,/loadcell_data_filtered.wrench.force.z,8910.777711895516
2.224787581,1785795405.990878212,/loadcell_data_filtered.wrench.force.z,8907.566353988703
2.225519506,1785795405.991610137,/loadcell_data_filtered.wrench.force.z,8904.298305134549
2.225537176,1785795405.991627807,/loadcell_data_filtered.wrench.force.z,8901.570764386835
2.225622125,1785795405.991712756,/loadcell_data_filtered.wrench.force.z,8898.807731186218
2.225894379,1785795405.991985010,/loadcell_data_filtered.wrench.force.z,8897.592904540876
2.226164728,1785795405.992255359,/loadcell_data_filtered.wrench.force.z,8896.782692033541
2.226426166,1785795405.992516797,/loadcell_data_filtered.wrench.force.z,8897.035374282606
2.226695057,1785795405.992785688,/loadcell_data_filtered.wrench.force.z,8897.908710050295
2.2269657990000002,1785795405.993056430,/loadcell_data_filtered.wrench.force.z,8892.452180899787
2.227236187,1785795405.993326818,/loadcell_data_filtered.wrench.force.z,8892.303302941451
2.227489223,1785795405.993579854,/loadcell_data_filtered.wrench.force.z,8891.493843478715
2.227750056,1785795405.993840687,/loadcell_data_filtered.wrench.force.z,8891.325771861526
2.228014448,1785795405.994105079,/loadcell_data_filtered.wrench.force.z,8891.618483464494
2.230714607,1785795405.996805238,/loadcell_data_filtered.wrench.force.z,8891.08242491433
2.230873941,1785795405.996964572,/loadcell_data_filtered.wrench.force.z,8891.613954680797
2.231089785,1785795405.997180416,/loadcell_data_filtered.wrench.force.z,8891.71673450704
2.231320498,1785795405.997411129,/loadcell_data_filtered.wrench.force.z,8898.115628878475
2.231586438,1785795405.997677069,/loadcell_data_filtered.wrench.force.z,8902.464867668697
2.231838927,1785795405.997929558,/loadcell_data_filtered.wrench.force.z,8905.450247468518
2.236259119,1785795406.002349750,/loadcell_data_filtered.wrench.force.z,8902.449097144716
2.236594118,1785795406.002684749,/loadcell_data_filtered.wrench.force.z,8902.335278484623
2.236874505,1785795406.002965136,/loadcell_data_filtered.wrench.force.z,8903.088718620938
2.237154844,1785795406.003245475,/loadcell_data_filtered.wrench.force.z,8897.787225002852
2.237413161,1785795406.003503792,/loadcell_data_filtered.wrench.force.z,8896.408370677187
2.237693189,1785795406.003783820,/loadcell_data_filtered.wrench.force.z,8897.161494030286
2.23791754,1785795406.004008171,/loadcell_data_filtered.wrench.force.z,8897.567226609968
2.238177757,1785795406.004268388,/loadcell_data_filtered.wrench.force.z,8898.37693526014
2.238415804,1785795406.004506435,/loadcell_data_filtered.wrench.force.z,8899.099710110557
2.238652208,1785795406.004742839,/loadcell_data_filtered.wrench.force.z,8899.824388451681
2.238892842,1785795406.004983473,/loadcell_data_filtered.wrench.force.z,8900.681618826624
2.239135287,1785795406.005225918,/loadcell_data_filtered.wrench.force.z,8899.96467949442
2.239374595,1785795406.005465226,/loadcell_data_filtered.wrench.force.z,8897.087897630972
2.239600519,1785795406.005691150,/loadcell_data_filtered.wrench.force.z,8892.70823173431
2.239936768,1785795406.006027399,/loadcell_data_filtered.wrench.force.z,8888.54351351091
2.240077905,1785795406.006168536,/loadcell_data_filtered.wrench.force.z,8885.315047378943
2.240367747,1785795406.006458378,/loadcell_data_filtered.wrench.force.z,8882.570186699144
2.240601817,1785795406.006692448,/loadcell_data_filtered.wrench.force.z,8880.397523417874
2.240822929,1785795406.006913560,/loadcell_data_filtered.wrench.force.z,8878.888343772222
2.242204411,1785795406.008295042,/loadcell_data_filtered.wrench.force.z,8878.964976513103
2.244483393,1785795406.010574024,/loadcell_data_filtered.wrench.force.z,8879.49483096887
2.244804458,1785795406.010895089,/loadcell_data_filtered.wrench.force.z,8880.828583152854
2.245143209,1785795406.011233840,/loadcell_data_filtered.wrench.force.z,8881.762350912892
2.245482134,1785795406.011572765,/loadcell_data_filtered.wrench.force.z,8881.784968065147
2.2457802510000002,1785795406.011870882,/loadcell_data_filtered.wrench.force.z,8881.602196554682
2.246042011,1785795406.012132642,/loadcell_data_filtered.wrench.force.z,8878.529004304812
2.24628187,1785795406.012372501,/loadcell_data_filtered.wrench.force.z,8875.27303947927
2.246498838,1785795406.012589469,/loadcell_data_filtered.wrench.force.z,8875.665444132514
2.246706137,1785795406.012796768,/loadcell_data_filtered.wrench.force.z,8875.231429035672
2.246932377,1785795406.013023008,/loadcell_data_filtered.wrench.force.z,8880.759254490742
2.247122809,1785795406.013213440,/loadcell_data_filtered.wrench.force.z,8884.261967400125
2.247281062,1785795406.013371693,/loadcell_data_filtered.wrench.force.z,8888.541295145978
2.2474496,1785795406.013540231,/loadcell_data_filtered.wrench.force.z,8891.746427709522
2.247622134,1785795406.013712765,/loadcell_data_filtered.wrench.force.z,8894.641040288836
2.247868576,1785795406.013959207,/loadcell_data_filtered.wrench.force.z,8896.442057106175
2.248347151,1785795406.014437782,/loadcell_data_filtered.wrench.force.z,8898.043068809513
2.249329231,1785795406.015419862,/loadcell_data_filtered.wrench.force.z,8898.350622237307
2.250019326,1785795406.016109957,/loadcell_data_filtered.wrench.force.z,8898.4245480171
2.250499433,1785795406.016590064,/loadcell_data_filtered.wrench.force.z,8898.723933856121
2.250789861,1785795406.016880492,/loadcell_data_filtered.wrench.force.z,8899.181463763873
2.251078359,1785795406.017168990,/loadcell_data_filtered.wrench.force.z,8899.619493900242
2.25136123,1785795406.017451861,/loadcell_data_filtered.wrench.force.z,8899.953606457591
2.252210172,1785795406.018300803,/loadcell_data_filtered.wrench.force.z,8900.29029036881
2.252637359,1785795406.018727990,/loadcell_data_filtered.wrench.force.z,8900.357125254568
2.256060797,1785795406.022151428,/loadcell_data_filtered.wrench.force.z,8900.744908557805
2.256535494,1785795406.022626125,/loadcell_data_filtered.wrench.force.z,8901.00243537533
2.256913296,1785795406.023003927,/loadcell_data_filtered.wrench.force.z,8895.88660373547
2.25720415,1785795406.023294781,/loadcell_data_filtered.wrench.force.z,8892.670141670216
2.25743207,1785795406.023522701,/loadcell_data_filtered.wrench.force.z,8890.36504828435
2.25769062,1785795406.023781251,/loadcell_data_filtered.wrench.force.z,8888.960721351583
2.257964292,1785795406.024054923,/loadcell_data_filtered.wrench.force.z,8887.054544874403
2.258141571,1785795406.024232202,/loadcell_data_filtered.wrench.force.z,8887.128287843176
2.258299103,1785795406.024389734,/loadcell_data_filtered.wrench.force.z,8887.191271031512
2.258447494,1785795406.024538125,/loadcell_data_filtered.wrench.force.z,8887.095315705119
2.258599903,1785795406.024690534,/loadcell_data_filtered.wrench.force.z,8887.91447410603
2.258759138,1785795406.024849769,/loadcell_data_filtered.wrench.force.z,8888.981824888802
2.258924144,1785795406.025014775,/loadcell_data_filtered.wrench.force.z,8889.966545389247
2.259160622,1785795406.025251253,/loadcell_data_filtered.wrench.force.z,8890.713014521234
2.259740813,1785795406.025831444,/loadcell_data_filtered.wrench.force.z,8891.25911852353
2.260143334,1785795406.026233965,/loadcell_data_filtered.wrench.force.z,8892.095281353319
2.260661484,1785795406.026752115,/loadcell_data_filtered.wrench.force.z,8892.985246485285
2.261149031,1785795406.027239662,/loadcell_data_filtered.wrench.force.z,8893.938955121894
2.261752794,1785795406.027843425,/loadcell_data_filtered.wrench.force.z,8896.378151695128
2.262118663,1785795406.028209294,/loadcell_data_filtered.wrench.force.z,8902.64273754735
2.262597122,1785795406.028687753,/loadcell_data_filtered.wrench.force.z,8907.963442258007
2.263572731,1785795406.029663362,/loadcell_data_filtered.wrench.force.z,8912.426981433291
2.264190657,1785795406.030281288,/loadcell_data_filtered.wrench.force.z,8915.980126886625
2.264612537,1785795406.030703168,/loadcell_data_filtered.wrench.force.z,8918.856578049015
2.2650640920000003,1785795406.031154723,/loadcell_data_filtered.wrench.force.z,8920.351887184006
2.2654761,1785795406.031566731,/loadcell_data_filtered.wrench.force.z,8920.730268212108
2.266065858,1785795406.032156489,/loadcell_data_filtered.wrench.force.z,8920.75861212948
2.266408313,1785795406.032498944,/loadcell_data_filtered.wrench.force.z,8920.841975965654
2.266707499,1785795406.032798130,/loadcell_data_filtered.wrench.force.z,8920.715656985609
2.267377426,1785795406.033468057,/loadcell_data_filtered.wrench.force.z,8920.71091554357
2.268710803,1785795406.034801434,/loadcell_data_filtered.wrench.force.z,8920.573880026388
2.26914368,1785795406.035234311,/loadcell_data_filtered.wrench.force.z,8920.407987100303
2.269590924,1785795406.035681555,/loadcell_data_filtered.wrench.force.z,8920.913893019777
2.269940822,1785795406.036031453,/loadcell_data_filtered.wrench.force.z,8920.420573809879
2.2703891240000003,1785795406.036479755,/loadcell_data_filtered.wrench.force.z,8919.770168043915
2.270803587,1785795406.036894218,/loadcell_data_filtered.wrench.force.z,8914.312837750382
2.272567176,1785795406.038657807,/loadcell_data_filtered.wrench.force.z,8910.503678575045
2.272760261,1785795406.038850892,/loadcell_data_filtered.wrench.force.z,8905.770426669198
2.272947452,1785795406.039038083,/loadcell_data_filtered.wrench.force.z,8902.224425912043
2.273117028,1785795406.039207659,/loadcell_data_filtered.wrench.force.z,8894.7351796137
2.273277873,1785795406.039368504,/loadcell_data_filtered.wrench.force.z,8888.729366791256
2.273621282,1785795406.039711913,/loadcell_data_filtered.wrench.force.z,8886.082757129427
2.276791742,1785795406.042882373,/loadcell_data_filtered.wrench.force.z,8885.128770178793
2.27779096,1785795406.043881591,/loadcell_data_filtered.wrench.force.z,8885.551522695923
2.277798507,1785795406.043889138,/loadcell_data_filtered.wrench.force.z,8885.273414360683
2.277800823,1785795406.043891454,/loadcell_data_filtered.wrench.force.z,8885.89014691882
2.277802838,1785795406.043893469,/loadcell_data_filtered.wrench.force.z,8886.388339487643
2.277804848,1785795406.043895479,/loadcell_data_filtered.wrench.force.z,8886.541298692899
2.2778067220000002,1785795406.043897353,/loadcell_data_filtered.wrench.force.z,8886.532468481328
2.2780043020000003,1785795406.044094933,/loadcell_data_filtered.wrench.force.z,8885.659135519083
2.278273872,1785795406.044364503,/loadcell_data_filtered.wrench.force.z,8885.367264525721
2.2785659860000003,1785795406.044656617,/loadcell_data_filtered.wrench.force.z,8885.035306869193
2.278838734,1785795406.044929365,/loadcell_data_filtered.wrench.force.z,8890.93168585325
2.279205301,1785795406.045295932,/loadcell_data_filtered.wrench.force.z,8895.132060656215
2.2796404040000002,1785795406.045731035,/loadcell_data_filtered.wrench.force.z,8899.506879988849
2.280064685,1785795406.046155316,/loadcell_data_filtered.wrench.force.z,8903.031171123384
2.280666633,1785795406.046757264,/loadcell_data_filtered.wrench.force.z,8906.134910567815
2.281539012,1785795406.047629643,/loadcell_data_filtered.wrench.force.z,8908.20058470423
2.282048987,1785795406.048139618,/loadcell_data_filtered.wrench.force.z,8909.892643914993
2.282647228,1785795406.048737859,/loadcell_data_filtered.wrench.force.z,8909.99023978767
2.283274756,1785795406.049365387,/loadcell_data_filtered.wrench.force.z,8910.391201939894
2.28386478,1785795406.049955411,/loadcell_data_filtered.wrench.force.z,8911.263025570062
2.284390529,1785795406.050481160,/loadcell_data_filtered.wrench.force.z,8911.365345489588
2.284863648,1785795406.050954279,/loadcell_data_filtered.wrench.force.z,8911.631945519623
2.285483646,1785795406.051574277,/loadcell_data_filtered.wrench.force.z,8912.14654300321
2.285989194,1785795406.052079825,/loadcell_data_filtered.wrench.force.z,8912.791666504987
2.286616002,1785795406.052706633,/loadcell_data_filtered.wrench.force.z,8912.847188573292
2.287147732,1785795406.053238363,/loadcell_data_filtered.wrench.force.z,8912.51898222145
2.287578619,1785795406.053669250,/loadcell_data_filtered.wrench.force.z,8912.253536186161
2.288159999,1785795406.054250630,/loadcell_data_filtered.wrench.force.z,8906.50612841939
2.288473988,1785795406.054564619,/loadcell_data_filtered.wrench.force.z,8902.662088873092
2.288773151,1785795406.054863782,/loadcell_data_filtered.wrench.force.z,8899.352056658729
2.2890544200000003,1785795406.055145051,/loadcell_data_filtered.wrench.force.z,8896.070082548325
2.289511352,1785795406.055601983,/loadcell_data_filtered.wrench.force.z,8892.857158158686
2.289994204,1785795406.056084835,/loadcell_data_filtered.wrench.force.z,8891.234975794128
2.290392424,1785795406.056483055,/loadcell_data_filtered.wrench.force.z,8890.79824443567
2.290790576,1785795406.056881207,/loadcell_data_filtered.wrench.force.z,8890.873286554393
2.291401454,1785795406.057492085,/loadcell_data_filtered.wrench.force.z,8890.843189042535
2.292014267,1785795406.058104898,/loadcell_data_filtered.wrench.force.z,8890.247806559391
2.29240156,1785795406.058492191,/loadcell_data_filtered.wrench.force.z,8890.032118579367
2.292733902,1785795406.058824533,/loadcell_data_filtered.wrench.force.z,8889.493268683376
2.293226637,1785795406.059317268,/loadcell_data_filtered.wrench.force.z,8889.038633513015
2.293937204,1785795406.060027835,/loadcell_data_filtered.wrench.force.z,8888.657470420745
2.29454037,1785795406.060631001,/loadcell_data_filtered.wrench.force.z,8888.49980669599
2.294704287,1785795406.060794918,/loadcell_data_filtered.wrench.force.z,8888.617651454224
2.294981745,1785795406.061072376,/loadcell_data_filtered.wrench.force.z,8891.464599287603
2.295582356,1785795406.061672987,/loadcell_data_filtered.wrench.force.z,8896.230197562229
2.296283017,1785795406.062373648,/loadcell_data_filtered.wrench.force.z,8900.774981340262
2.298271038,1785795406.064361669,/loadcell_data_filtered.wrench.force.z,8904.618206108602
2.299881989,1785795406.065972620,/loadcell_data_filtered.wrench.force.z,8907.666952954658
2.299895111,1785795406.065985742,/loadcell_data_filtered.wrench.force.z,8911.449043600776
2.300035362,1785795406.066125993,/loadcell_data_filtered.wrench.force.z,8913.649971745393
2.300485115,1785795406.066575746,/loadcell_data_filtered.wrench.force.z,8914.68831273092
2.300934216,1785795406.067024847,/loadcell_data_filtered.wrench.force.z,8915.090940388502
2.301346592,1785795406.067437223,/loadcell_data_filtered.wrench.force.z,8915.245111821814
2.301767548,1785795406.067858179,/loadcell_data_filtered.wrench.force.z,8916.105344573514
2.3022486620000002,1785795406.068339293,/loadcell_data_filtered.wrench.force.z,8916.960141432499
2.302730706,1785795406.068821337,/loadcell_data_filtered.wrench.force.z,8918.006099295206
2.303249452,1785795406.069340083,/loadcell_data_filtered.wrench.force.z,8919.122879056178
2.3037042,1785795406.069794831,/loadcell_data_filtered.wrench.force.z,8920.164495183017
2.3041918900000002,1785795406.070282521,/loadcell_data_filtered.wrench.force.z,8920.909378342838
2.30465095,1785795406.070741581,/loadcell_data_filtered.wrench.force.z,8921.409053094221
2.305116597,1785795406.071207228,/loadcell_data_filtered.wrench.force.z,8917.083410605173
2.305540422,1785795406.071631053,/loadcell_data_filtered.wrench.force.z,8914.177833639866
2.305905006,1785795406.071995637,/loadcell_data_filtered.wrench.force.z,8910.53598207251
2.306129923,1785795406.072220554,/loadcell_data_filtered.wrench.force.z,8907.712506485172
2.306363367,1785795406.072453998,/loadcell_data_filtered.wrench.force.z,8905.18181389118
2.30661626,1785795406.072706891,/loadcell_data_filtered.wrench.force.z,8903.216217583016
2.30684338,1785795406.072934011,/loadcell_data_filtered.wrench.force.z,8902.134352342066
2.307285342,1785795406.073375973,/loadcell_data_filtered.wrench.force.z,8902.141489486963
2.307800723,1785795406.073891354,/loadcell_data_filtered.wrench.force.z,8902.330458924487
2.3082089850000003,1785795406.074299616,/loadcell_data_filtered.wrench.force.z,8902.737155851293
2.308585608,1785795406.074676239,/loadcell_data_filtered.wrench.force.z,8903.092230348315
2.309780611,1785795406.075871242,/loadcell_data_filtered.wrench.force.z,8902.955975935827
2.310106411,1785795406.076197042,/loadcell_data_filtered.wrench.force.z,8902.489617682939
2.310342676,1785795406.076433307,/loadcell_data_filtered.wrench.force.z,8902.634441139702
2.31063836,1785795406.076728991,/loadcell_data_filtered.wrench.force.z,8902.121345211204
2.31108824,1785795406.077178871,/loadcell_data_filtered.wrench.force.z,8901.391456397647
2.311617646,1785795406.077708277,/loadcell_data_filtered.wrench.force.z,8901.233079751017
2.315043756,1785795406.081134387,/loadcell_data_filtered.wrench.force.z,8906.747725779529
2.315514606,1785795406.081605237,/loadcell_data_filtered.wrench.force.z,8910.617374841251
2.31597498,1785795406.082065611,/loadcell_data_filtered.wrench.force.z,8915.23453156629
2.316547604,1785795406.082638235,/loadcell_data_filtered.wrench.force.z,8918.964176040874
2.316749111,1785795406.082839742,/loadcell_data_filtered.wrench.force.z,8922.639104687902
2.317053967,1785795406.083144598,/loadcell_data_filtered.wrench.force.z,8924.582916997018
2.317327905,1785795406.083418536,/loadcell_data_filtered.wrench.force.z,8926.080033390574
2.31760391,1785795406.083694541,/loadcell_data_filtered.wrench.force.z,8926.024766281163
2.317853749,1785795406.083944380,/loadcell_data_filtered.wrench.force.z,8925.054951278355
2.318147584,1785795406.084238215,/loadcell_data_filtered.wrench.force.z,8925.636376667804
2.318409952,1785795406.084500583,/loadcell_data_filtered.wrench.force.z,8925.421914006663
2.318693134,1785795406.084783765,/loadcell_data_filtered.wrench.force.z,8925.607054189948
2.319054531,1785795406.085145162,/loadcell_data_filtered.wrench.force.z,8925.769885264057
2.319461044,1785795406.085551675,/loadcell_data_filtered.wrench.force.z,8926.400421463892
2.319811974,1785795406.085902605,/loadcell_data_filtered.wrench.force.z,8926.971401067676
2.320186377,1785795406.086277008,/loadcell_data_filtered.wrench.force.z,8927.563242564342
2.320550033,1785795406.086640664,/loadcell_data_filtered.wrench.force.z,8927.769326761914
2.320969728,1785795406.087060359,/loadcell_data_filtered.wrench.force.z,8922.584006244313
2.3213105450000002,1785795406.087401176,/loadcell_data_filtered.wrench.force.z,8918.441809729306
2.3216948840000002,1785795406.087785515,/loadcell_data_filtered.wrench.force.z,8915.28649626016
2.322022638,1785795406.088113269,/loadcell_data_filtered.wrench.force.z,8912.829536622816
2.322443316,1785795406.088533947,/loadcell_data_filtered.wrench.force.z,8910.054789535043
2.322846412,1785795406.088937043,/loadcell_data_filtered.wrench.force.z,8908.62270449227
2.325865786,1785795406.091956417,/loadcell_data_filtered.wrench.force.z,8908.432576772997
2.326252626,1785795406.092343257,/loadcell_data_filtered.wrench.force.z,8908.72484993459
2.326530816,1785795406.092621447,/loadcell_data_filtered.wrench.force.z,8909.346222424067
2.326934781,1785795406.093025412,/loadcell_data_filtered.wrench.force.z,8909.140371014038
2.327309138,1785795406.093399769,/loadcell_data_filtered.wrench.force.z,8903.820485151206
2.327564,1785795406.093654631,/loadcell_data_filtered.wrench.force.z,8904.164466938648
2.332017831,1785795406.098108462,/loadcell_data_filtered.wrench.force.z,8904.400431377142
2.332527975,1785795406.098618606,/loadcell_data_filtered.wrench.force.z,8904.305141329061
2.332985048,1785795406.099075679,/loadcell_data_filtered.wrench.force.z,8904.606215977912
2.33336434,1785795406.099454971,/loadcell_data_filtered.wrench.force.z,8908.866867503773
2.333758346,1785795406.099848977,/loadcell_data_filtered.wrench.force.z,8913.497048476074
2.334102672,1785795406.100193303,/loadcell_data_filtered.wrench.force.z,8918.910080579844
2.334404757,1785795406.100495388,/loadcell_data_filtered.wrench.force.z,8923.128411657395
2.334685719,1785795406.100776350,/loadcell_data_filtered.wrench.force.z,8926.906222759275
2.334962051,1785795406.101052682,/loadcell_data_filtered.wrench.force.z,8925.668401954623
2.335222005,1785795406.101312636,/loadcell_data_filtered.wrench.force.z,8923.994043198101
2.335447551,1785795406.101538182,/loadcell_data_filtered.wrench.force.z,8924.388606324921
2.335743357,1785795406.101833988,/loadcell_data_filtered.wrench.force.z,8923.486217668064
2.33611973,1785795406.102210361,/loadcell_data_filtered.wrench.force.z,8923.907035384489
2.3365145050000002,1785795406.102605136,/loadcell_data_filtered.wrench.force.z,8923.412242124994
2.336850042,1785795406.102940673,/loadcell_data_filtered.wrench.force.z,8923.53905196209
2.337189858,1785795406.103280489,/loadcell_data_filtered.wrench.force.z,8923.632757919757
2.337550138,1785795406.103640769,/loadcell_data_filtered.wrench.force.z,8917.085513520311
2.337831734,1785795406.103922365,/loadcell_data_filtered.wrench.force.z,8917.644894411245
2.340859046,1785795406.106949677,/loadcell_data_filtered.wrench.force.z,8917.397633767934
2.341060654,1785795406.107151285,/loadcell_data_filtered.wrench.force.z,8918.09780466279
2.341730008,1785795406.107820639,/loadcell_data_filtered.wrench.force.z,8913.569192756628
2.341906801,1785795406.107997432,/loadcell_data_filtered.wrench.force.z,8910.62723253912
2.342048169,1785795406.108138800,/loadcell_data_filtered.wrench.force.z,8907.12164033705
2.3421808410000002,1785795406.108271472,/loadcell_data_filtered.wrench.force.z,8904.681759703943
2.34230948,1785795406.108400111,/loadcell_data_filtered.wrench.force.z,8902.31925271178
2.342439469,1785795406.108530100,/loadcell_data_filtered.wrench.force.z,8901.045518584959
2.342556635,1785795406.108647266,/loadcell_data_filtered.wrench.force.z,8900.263809007223
2.342673204,1785795406.108763835,/loadcell_data_filtered.wrench.force.z,8900.564017738034
2.342794711,1785795406.108885342,/loadcell_data_filtered.wrench.force.z,8901.534236322506
2.342918967,1785795406.109009598,/loadcell_data_filtered.wrench.force.z,8901.42605137221
2.343034086,1785795406.109124717,/loadcell_data_filtered.wrench.force.z,8902.191651542866
2.343148788,1785795406.109239419,/loadcell_data_filtered.wrench.force.z,8900.30993812633
2.343266456,1785795406.109357087,/loadcell_data_filtered.wrench.force.z,8899.896372554198
2.343973065,1785795406.110063696,/loadcell_data_filtered.wrench.force.z,8899.56305651931
2.344377603,1785795406.110468234,/loadcell_data_filtered.wrench.force.z,8898.991421274999
2.34455905,1785795406.110649681,/loadcell_data_filtered.wrench.force.z,8899.370202736314
2.344753891,1785795406.110844522,/loadcell_data_filtered.wrench.force.z,8899.577886921788
2.345373294,1785795406.111463925,/loadcell_data_filtered.wrench.force.z,8904.968906063883
2.347439792,1785795406.113530423,/loadcell_data_filtered.wrench.force.z,8908.97314012766
2.3475849220000002,1785795406.113675553,/loadcell_data_filtered.wrench.force.z,8912.585744077707
2.3477400790000003,1785795406.113830710,/loadcell_data_filtered.wrench.force.z,8915.764051696005
2.347868777,1785795406.113959408,/loadcell_data_filtered.wrench.force.z,8911.979774436862
2.348002996,1785795406.114093627,/loadcell_data_filtered.wrench.force.z,8914.043423781652
2.348242599,1785795406.114333230,/loadcell_data_filtered.wrench.force.z,8914.194985356902
2.348979818,1785795406.115070449,/loadcell_data_filtered.wrench.force.z,8914.172439856988
2.352279307,1785795406.118369938,/loadcell_data_filtered.wrench.force.z,8914.805225522783
2.352552068,1785795406.118642699,/loadcell_data_filtered.wrench.force.z,8915.212294272455
2.353748603,1785795406.119839234,/loadcell_data_filtered.wrench.force.z,8915.73445261277
2.353765853,1785795406.119856484,/loadcell_data_filtered.wrench.force.z,8916.545066064607
2.354088362,1785795406.120178993,/loadcell_data_filtered.wrench.force.z,8917.531497687163
2.354384768,1785795406.120475399,/loadcell_data_filtered.wrench.force.z,8918.60644412903
2.354740477,1785795406.120831108,/loadcell_data_filtered.wrench.force.z,8919.082231734727
2.355037797,1785795406.121128428,/loadcell_data_filtered.wrench.force.z,8919.061616709541
2.3553458000000003,1785795406.121436431,/loadcell_data_filtered.wrench.force.z,8918.494468251078
2.355651938,1785795406.121742569,/loadcell_data_filtered.wrench.force.z,8914.560377207612
2.355963227,1785795406.122053858,/loadcell_data_filtered.wrench.force.z,8910.413156279548
2.3562842010000002,1785795406.122374832,/loadcell_data_filtered.wrench.force.z,8900.783290906065
2.356591001,1785795406.122681632,/loadcell_data_filtered.wrench.force.z,8898.604357004968
2.356917893,1785795406.123008524,/loadcell_data_filtered.wrench.force.z,8896.086208432669
2.357163892,1785795406.123254523,/loadcell_data_filtered.wrench.force.z,8895.532935368232
2.357343369,1785795406.123434000,/loadcell_data_filtered.wrench.force.z,8896.163229370994
2.357576384,1785795406.123667015,/loadcell_data_filtered.wrench.force.z,8897.11778980541
2.357816263,1785795406.123906894,/loadcell_data_filtered.wrench.force.z,8897.83565396862
2.358425199,1785795406.124515830,/loadcell_data_filtered.wrench.force.z,8898.815821675322
2.3589640640000002,1785795406.125054695,/loadcell_data_filtered.wrench.force.z,8899.244905176074
2.359676313,1785795406.125766944,/loadcell_data_filtered.wrench.force.z,8899.026243919348
2.359997582,1785795406.126088213,/loadcell_data_filtered.wrench.force.z,8898.887375020664
2.360400207,1785795406.126490838,/loadcell_data_filtered.wrench.force.z,8898.88610780863
2.361093474,1785795406.127184105,/loadcell_data_filtered.wrench.force.z,8898.646637917476
2.361487985,1785795406.127578616,/loadcell_data_filtered.wrench.force.z,8898.479705255619
2.3619110819999998,1785795406.128001713,/loadcell_data_filtered.wrench.force.z,8903.086660582756
2.362311493,1785795406.128402124,/loadcell_data_filtered.wrench.force.z,8906.7418169616
2.363529627,1785795406.129620258,/loadcell_data_filtered.wrench.force.z,8911.795546520081
2.364237112,1785795406.130327743,/loadcell_data_filtered.wrench.force.z,8915.166899679625
2.364576319,1785795406.130666950,/loadcell_data_filtered.wrench.force.z,8918.134366678596
2.364883393,1785795406.130974024,/loadcell_data_filtered.wrench.force.z,8920.807158913274
2.365341421,1785795406.131432052,/loadcell_data_filtered.wrench.force.z,8922.607867081824
2.365871208,1785795406.131961839,/loadcell_data_filtered.wrench.force.z,8922.989428757153
2.366565357,1785795406.132655988,/loadcell_data_filtered.wrench.force.z,8923.474977961287
2.367117402,1785795406.133208033,/loadcell_data_filtered.wrench.force.z,8924.031541154596
2.367594431,1785795406.133685062,/loadcell_data_filtered.wrench.force.z,8924.031144851384
2.368223045,1785795406.134313676,/loadcell_data_filtered.wrench.force.z,8924.200342068087
2.3687590370000002,1785795406.134849668,/loadcell_data_filtered.wrench.force.z,8924.470371461079
2.369318182,1785795406.135408813,/loadcell_data_filtered.wrench.force.z,8924.905802575226
2.369924404,1785795406.136015035,/loadcell_data_filtered.wrench.force.z,8924.863716145972
2.372154462,1785795406.138245093,/loadcell_data_filtered.wrench.force.z,8924.955423991236
2.375579061,1785795406.141669692,/loadcell_data_filtered.wrench.force.z,8925.321123651436
2.376053698,1785795406.142144329,/loadcell_data_filtered.wrench.force.z,8920.387374491964
2.3763848530000002,1785795406.142475484,/loadcell_data_filtered.wrench.force.z,8918.047203272976
2.3767148110000003,1785795406.142805442,/loadcell_data_filtered.wrench.force.z,8915.090675590025
2.377221263,1785795406.143311894,/loadcell_data_filtered.wrench.force.z,8912.5872877089
2.3776864140000002,1785795406.143777045,/loadcell_data_filtered.wrench.force.z,8910.658812574182
2.378174875,1785795406.144265506,/loadcell_data_filtered.wrench.force.z,8908.997267868774
2.378874233,1785795406.144964864,/loadcell_data_filtered.wrench.force.z,8902.738353120865
2.3798775,1785795406.145968131,/loadcell_data_filtered.wrench.force.z,8903.64836969311
2.380195024,1785795406.146285655,/loadcell_data_filtered.wrench.force.z,8904.52841476372
2.380433252,1785795406.146523883,/loadcell_data_filtered.wrench.force.z,8902.93949223319
2.380694035,1785795406.146784666,/loadcell_data_filtered.wrench.force.z,8903.432231220106
2.380944527,1785795406.147035158,/loadcell_data_filtered.wrench.force.z,8904.02934857788
2.38118863,1785795406.147279261,/loadcell_data_filtered.wrench.force.z,8904.4907070513
2.381461822,1785795406.147552453,/loadcell_data_filtered.wrench.force.z,8904.377494484545
2.381780435,1785795406.147871066,/loadcell_data_filtered.wrench.force.z,8904.78367902526
2.382144586,1785795406.148235217,/loadcell_data_filtered.wrench.force.z,8911.042825641469
2.382482682,1785795406.148573313,/loadcell_data_filtered.wrench.force.z,8915.35084035563
2.382811853,1785795406.148902484,/loadcell_data_filtered.wrench.force.z,8918.212893256086
2.383832928,1785795406.149923559,/loadcell_data_filtered.wrench.force.z,8919.570021023143
2.383860145,1785795406.149950776,/loadcell_data_filtered.wrench.force.z,8922.34369563921
2.384524039,1785795406.150614670,/loadcell_data_filtered.wrench.force.z,8922.894327074815
2.385026255,1785795406.151116886,/loadcell_data_filtered.wrench.force.z,8916.819740069728
2.385527649,1785795406.151618280,/loadcell_data_filtered.wrench.force.z,8917.267892972524
2.385955661,1785795406.152046292,/loadcell_data_filtered.wrench.force.z,8915.966000098899
2.386367231,1785795406.152457862,/loadcell_data_filtered.wrench.force.z,8915.639045163303
2.386722064,1785795406.152812695,/loadcell_data_filtered.wrench.force.z,8914.89547033983
2.387055523,1785795406.153146154,/loadcell_data_filtered.wrench.force.z,8915.02408335223
2.387392249,1785795406.153482880,/loadcell_data_filtered.wrench.force.z,8914.749748121512
2.3877148,1785795406.153805431,/loadcell_data_filtered.wrench.force.z,8914.131334887488
2.388083138,1785795406.154173769,/loadcell_data_filtered.wrench.force.z,8914.018301960537
2.388465341,1785795406.154555972,/loadcell_data_filtered.wrench.force.z,8913.749491286115
2.388861775,1785795406.154952406,/loadcell_data_filtered.wrench.force.z,8911.316028955445
2.389244022,1785795406.155334653,/loadcell_data_filtered.wrench.force.z,8906.537192557791
2.389595085,1785795406.155685716,/loadcell_data_filtered.wrench.force.z,8895.559758485482
2.389891292,1785795406.155981923,/loadcell_data_filtered.wrench.force.z,8891.840661562981
2.390296101,1785795406.156386732,/loadcell_data_filtered.wrench.force.z,8888.432238367732
2.390748708,1785795406.156839339,/loadcell_data_filtered.wrench.force.z,8885.580043521915
2.391237071,1785795406.157327702,/loadcell_data_filtered.wrench.force.z,8884.167854237789
2.3916837,1785795406.157774331,/loadcell_data_filtered.wrench.force.z,8883.922356533792
2.392094383,1785795406.158185014,/loadcell_data_filtered.wrench.force.z,8884.351201221532
2.393442266,1785795406.159532897,/loadcell_data_filtered.wrench.force.z,8884.946135288777
2.394085763,1785795406.160176394,/loadcell_data_filtered.wrench.force.z,8885.351835945017
2.39420021,1785795406.160290841,/loadcell_data_filtered.wrench.force.z,8885.850686713475
2.39452608,1785795406.160616711,/loadcell_data_filtered.wrench.force.z,8881.479142037195
2.394803964,1785795406.160894595,/loadcell_data_filtered.wrench.force.z,8879.958574366268
2.395189141,1785795406.161279772,/loadcell_data_filtered.wrench.force.z,8879.689089888665
2.395639392,1785795406.161730023,/loadcell_data_filtered.wrench.force.z,8879.906370569333
2.395953702,1785795406.162044333,/loadcell_data_filtered.wrench.force.z,8880.722053938223
2.396221996,1785795406.162312627,/loadcell_data_filtered.wrench.force.z,8885.933503651999
2.396495764,1785795406.162586395,/loadcell_data_filtered.wrench.force.z,8889.742092804123
2.396832104,1785795406.162922735,/loadcell_data_filtered.wrench.force.z,8895.101224414293
2.397727556,1785795406.163818187,/loadcell_data_filtered.wrench.force.z,8898.591647477237
2.398006893,1785795406.164097524,/loadcell_data_filtered.wrench.force.z,8902.402914121156
2.398206037,1785795406.164296668,/loadcell_data_filtered.wrench.force.z,8904.963857738761
2.398634394,1785795406.164725025,/loadcell_data_filtered.wrench.force.z,8906.498835267172
2.398813624,1785795406.164904255,/loadcell_data_filtered.wrench.force.z,8907.763131585996
2.401278616,1785795406.167369247,/loadcell_data_filtered.wrench.force.z,8908.579592479336
2.401731028,1785795406.167821659,/loadcell_data_filtered.wrench.force.z,8909.173713387863
2.401872142,1785795406.167962773,/loadcell_data_filtered.wrench.force.z,8909.828247628284
2.402007976,1785795406.168098607,/loadcell_data_filtered.wrench.force.z,8910.789192429813
2.402137829,1785795406.168228460,/loadcell_data_filtered.wrench.force.z,8911.806206053565
2.402264862,1785795406.168355493,/loadcell_data_filtered.wrench.force.z,8912.368899367306
2.4026232690000002,1785795406.168713900,/loadcell_data_filtered.wrench.force.z,8912.550530841498
2.402946669,1785795406.169037300,/loadcell_data_filtered.wrench.force.z,8911.544879951327
2.403151596,1785795406.169242227,/loadcell_data_filtered.wrench.force.z,8912.082602680151
2.4040476330000002,1785795406.170138264,/loadcell_data_filtered.wrench.force.z,8906.341673918845
2.404180062,1785795406.170270693,/loadcell_data_filtered.wrench.force.z,8902.692080822937
2.405063396,1785795406.171154027,/loadcell_data_filtered.wrench.force.z,8899.244249993455
2.405495354,1785795406.171585985,/loadcell_data_filtered.wrench.force.z,8895.894560999699
2.405757863,1785795406.171848494,/loadcell_data_filtered.wrench.force.z,8893.549279575667
2.406455228,1785795406.172545859,/loadcell_data_filtered.wrench.force.z,8892.40512660315
2.406923909,1785795406.173014540,/loadcell_data_filtered.wrench.force.z,8890.7614379954
2.407470116,1785795406.173560747,/loadcell_data_filtered.wrench.force.z,8890.801797936598
2.407924356,1785795406.174014987,/loadcell_data_filtered.wrench.force.z,8891.001912089829
2.40836074,1785795406.174451371,/loadcell_data_filtered.wrench.force.z,8891.39279998981
2.408718258,1785795406.174808889,/loadcell_data_filtered.wrench.force.z,8891.754698753566
2.409304913,1785795406.175395544,/loadcell_data_filtered.wrench.force.z,8891.876716263312
2.409527714,1785795406.175618345,/loadcell_data_filtered.wrench.force.z,8892.046102742775
2.409930571,1785795406.176021202,/loadcell_data_filtered.wrench.force.z,8892.402753496594
2.412208579,1785795406.178299210,/loadcell_data_filtered.wrench.force.z,8892.758986409617
2.41331887,1785795406.179409501,/loadcell_data_filtered.wrench.force.z,8893.118214418995
2.413584775,1785795406.179675406,/loadcell_data_filtered.wrench.force.z,8894.163441059936
2.4138027810000002,1785795406.179893412,/loadcell_data_filtered.wrench.force.z,8901.434852698949
2.4139968,1785795406.180087431,/loadcell_data_filtered.wrench.force.z,8907.148947273114
2.414201931,1785795406.180292562,/loadcell_data_filtered.wrench.force.z,8911.450105782951
2.414373346,1785795406.180463977,/loadcell_data_filtered.wrench.force.z,8915.580420218577
2.414535416,1785795406.180626047,/loadcell_data_filtered.wrench.force.z,8918.658729334727
2.416350589,1785795406.182441220,/loadcell_data_filtered.wrench.force.z,8919.902564964632
2.417485575,1785795406.183576206,/loadcell_data_filtered.wrench.force.z,8921.006761757728
2.417739946,1785795406.183830577,/loadcell_data_filtered.wrench.force.z,8922.304112884027
2.417952508,1785795406.184043139,/loadcell_data_filtered.wrench.force.z,8923.804491543595
2.41815789,1785795406.184248521,/loadcell_data_filtered.wrench.force.z,8924.717433435326
2.418355444,1785795406.184446075,/loadcell_data_filtered.wrench.force.z,8925.241267551
2.418547107,1785795406.184637738,/loadcell_data_filtered.wrench.force.z,8926.559259711117
2.418734605,1785795406.184825236,/loadcell_data_filtered.wrench.force.z,8926.40835836838
2.418948114,1785795406.185038745,/loadcell_data_filtered.wrench.force.z,8925.867383366696
2.419121697,1785795406.185212328,/loadcell_data_filtered.wrench.force.z,8925.915718367854
2.4196501870000002,1785795406.185740818,/loadcell_data_filtered.wrench.force.z,8926.195802590231
2.42028677,1785795406.186377401,/loadcell_data_filtered.wrench.force.z,8922.588975246967
2.420574078,1785795406.186664709,/loadcell_data_filtered.wrench.force.z,8918.794314921339
2.421448875,1785795406.187539506,/loadcell_data_filtered.wrench.force.z,8914.298860845993
2.421826743,1785795406.187917374,/loadcell_data_filtered.wrench.force.z,8910.768822544329
2.422081685,1785795406.188172316,/loadcell_data_filtered.wrench.force.z,8908.31053209026
2.422461989,1785795406.188552620,/loadcell_data_filtered.wrench.force.z,8905.741350988515
2.42294072,1785795406.189031351,/loadcell_data_filtered.wrench.force.z,8903.454781188519
2.423544961,1785795406.189635592,/loadcell_data_filtered.wrench.force.z,8903.136645958111
2.42407623,1785795406.190166861,/loadcell_data_filtered.wrench.force.z,8902.598847931637
2.424459612,1785795406.190550243,/loadcell_data_filtered.wrench.force.z,8902.26035404131
2.424965761,1785795406.191056392,/loadcell_data_filtered.wrench.force.z,8901.940916497028
2.425668203,1785795406.191758834,/loadcell_data_filtered.wrench.force.z,8901.311426974518
2.4261591,1785795406.192249731,/loadcell_data_filtered.wrench.force.z,8900.430894074305
2.426427903,1785795406.192518534,/loadcell_data_filtered.wrench.force.z,8899.782626732915
2.426872622,1785795406.192963253,/loadcell_data_filtered.wrench.force.z,8899.39574737662
2.427448916,1785795406.193539547,/loadcell_data_filtered.wrench.force.z,8899.366486009241
2.430310464,1785795406.196401095,/loadcell_data_filtered.wrench.force.z,8899.113937637612
2.432611822,1785795406.198702453,/loadcell_data_filtered.wrench.force.z,8904.36755737223
2.432793504,1785795406.198884135,/loadcell_data_filtered.wrench.force.z,8908.446018243467
2.432951351,1785795406.199041982,/loadcell_data_filtered.wrench.force.z,8913.62431922966
2.433102449,1785795406.199193080,/loadcell_data_filtered.wrench.force.z,8917.912668979874
2.433283391,1785795406.199374022,/loadcell_data_filtered.wrench.force.z,8921.45332996849
2.433414102,1785795406.199504733,/loadcell_data_filtered.wrench.force.z,8923.476484586121
2.4335459090000002,1785795406.199636540,/loadcell_data_filtered.wrench.force.z,8925.881208178618
2.433682837,1785795406.199773468,/loadcell_data_filtered.wrench.force.z,8927.653918206557
2.433827811,1785795406.199918442,/loadcell_data_filtered.wrench.force.z,8928.921791030447
2.434016791,1785795406.200107422,/loadcell_data_filtered.wrench.force.z,8930.072228021481
2.434287605,1785795406.200378236,/loadcell_data_filtered.wrench.force.z,8929.83199202011
2.434514659,1785795406.200605290,/loadcell_data_filtered.wrench.force.z,8929.880567620936
2.434829021,1785795406.200919652,/loadcell_data_filtered.wrench.force.z,8930.678679467277
2.435213098,1785795406.201303729,/loadcell_data_filtered.wrench.force.z,8930.689880499755
2.437001504,1785795406.203092135,/loadcell_data_filtered.wrench.force.z,8930.934521465924
2.437632389,1785795406.203723020,/loadcell_data_filtered.wrench.force.z,8930.804520395232
2.43806111,1785795406.204151741,/loadcell_data_filtered.wrench.force.z,8931.593121041476
2.438449886,1785795406.204540517,/loadcell_data_filtered.wrench.force.z,8926.760339289864
2.438742605,1785795406.204833236,/loadcell_data_filtered.wrench.force.z,8923.450778086031
2.439078209,1785795406.205168840,/loadcell_data_filtered.wrench.force.z,8920.40314347009
2.4394840220000003,1785795406.205574653,/loadcell_data_filtered.wrench.force.z,8917.325235446793
2.440489459,1785795406.206580090,/loadcell_data_filtered.wrench.force.z,8914.209735695747
2.441088362,1785795406.207178993,/loadcell_data_filtered.wrench.force.z,8911.975843647075
2.441687364,1785795406.207777995,/loadcell_data_filtered.wrench.force.z,8904.52751597938
2.442200478,1785795406.208291109,/loadcell_data_filtered.wrench.force.z,8905.234259861092
2.442661542,1785795406.208752173,/loadcell_data_filtered.wrench.force.z,8904.750490978755
2.443050815,1785795406.209141446,/loadcell_data_filtered.wrench.force.z,8905.255177154642
2.443471187,1785795406.209561818,/loadcell_data_filtered.wrench.force.z,8905.128159284486
2.443837006,1785795406.209927637,/loadcell_data_filtered.wrench.force.z,8904.320347613542
2.444171892,1785795406.210262523,/loadcell_data_filtered.wrench.force.z,8903.910654603369
2.444536121,1785795406.210626752,/loadcell_data_filtered.wrench.force.z,8903.469055060528
2.446824722,1785795406.212915353,/loadcell_data_filtered.wrench.force.z,8902.797950265664
2.447100168,1785795406.213190799,/loadcell_data_filtered.wrench.force.z,8902.391005439824
2.447332918,1785795406.213423549,/loadcell_data_filtered.wrench.force.z,8903.526656448768
2.447550067,1785795406.213640698,/loadcell_data_filtered.wrench.force.z,8902.012696696973
2.447759326,1785795406.213849957,/loadcell_data_filtered.wrench.force.z,8906.98898648392
2.447986896,1785795406.214077527,/loadcell_data_filtered.wrench.force.z,8911.365379442655
2.448237086,1785795406.214327717,/loadcell_data_filtered.wrench.force.z,8915.056349477283
2.448478917,1785795406.214569548,/loadcell_data_filtered.wrench.force.z,8917.56997874296
2.448744232,1785795406.214834863,/loadcell_data_filtered.wrench.force.z,8919.671921144285
2.44907163,1785795406.215162261,/loadcell_data_filtered.wrench.force.z,8920.311278300285
2.450349712,1785795406.216440343,/loadcell_data_filtered.wrench.force.z,8920.193185744196
2.450643844,1785795406.216734475,/loadcell_data_filtered.wrench.force.z,8921.126766720397
2.450849216,1785795406.216939847,/loadcell_data_filtered.wrench.force.z,8914.809514303979
2.451341921,1785795406.217432552,/loadcell_data_filtered.wrench.force.z,8915.893227528548
2.451635614,1785795406.217726245,/loadcell_data_filtered.wrench.force.z,8916.211580132713
2.452487653,1785795406.218578284,/loadcell_data_filtered.wrench.force.z,8916.910924054395
2.452799374,1785795406.218890005,/loadcell_data_filtered.wrench.force.z,8916.957290636947
2.453025416,1785795406.219116047,/loadcell_data_filtered.wrench.force.z,8911.350984506125
2.453496909,1785795406.219587540,/loadcell_data_filtered.wrench.force.z,8911.96908449453
2.456214036,1785795406.222304667,/loadcell_data_filtered.wrench.force.z,8908.075092271665
2.45757274,1785795406.223663371,/loadcell_data_filtered.wrench.force.z,8905.851470629965
2.457711668,1785795406.223802299,/loadcell_data_filtered.wrench.force.z,8902.912195383586
2.457845762,1785795406.223936393,/loadcell_data_filtered.wrench.force.z,8900.961070291658
2.457998184,1785795406.224088815,/loadcell_data_filtered.wrench.force.z,8899.341071426526
2.458102295,1785795406.224192926,/loadcell_data_filtered.wrench.force.z,8898.505268195908
2.458225787,1785795406.224316418,/loadcell_data_filtered.wrench.force.z,8898.164060482433
2.458371089,1785795406.224461720,/loadcell_data_filtered.wrench.force.z,8898.295014071218
2.458476733,1785795406.224567364,/loadcell_data_filtered.wrench.force.z,8891.562428658628
2.458596412,1785795406.224687043,/loadcell_data_filtered.wrench.force.z,8892.284878243476
2.458724794,1785795406.224815425,/loadcell_data_filtered.wrench.force.z,8891.339790783637
2.458831994,1785795406.224922625,/loadcell_data_filtered.wrench.force.z,8891.10560224448
2.459310356,1785795406.225400987,/loadcell_data_filtered.wrench.force.z,8890.515730491923
2.459789337,1785795406.225879968,/loadcell_data_filtered.wrench.force.z,8890.254176229173
2.460198438,1785795406.226289069,/loadcell_data_filtered.wrench.force.z,8889.946766766518
2.460808996,1785795406.226899627,/loadcell_data_filtered.wrench.force.z,8889.776422035982
2.462874291,1785795406.228964922,/loadcell_data_filtered.wrench.force.z,8889.311651770377
2.463391934,1785795406.229482565,/loadcell_data_filtered.wrench.force.z,8894.291136771135
2.4638096210000002,1785795406.229900252,/loadcell_data_filtered.wrench.force.z,8892.87581684709
2.464382185,1785795406.230472816,/loadcell_data_filtered.wrench.force.z,8894.948537004366
2.464746231,1785795406.230836862,/loadcell_data_filtered.wrench.force.z,8897.489424537802
2.465079696,1785795406.231170327,/loadcell_data_filtered.wrench.force.z,8899.867404635854
2.465362698,1785795406.231453329,/loadcell_data_filtered.wrench.force.z,8900.913303603871
2.465695487,1785795406.231786118,/loadcell_data_filtered.wrench.force.z,8901.900028051208
2.466073594,1785795406.232164225,/loadcell_data_filtered.wrench.force.z,8902.129238954592
2.46636122,1785795406.232451851,/loadcell_data_filtered.wrench.force.z,8902.178421451392
2.466608146,1785795406.232698777,/loadcell_data_filtered.wrench.force.z,8902.299443951086
2.467415404,1785795406.233506035,/loadcell_data_filtered.wrench.force.z,8902.035363993924
2.468018067,1785795406.234108698,/loadcell_data_filtered.wrench.force.z,8902.415643434888
2.468473006,1785795406.234563637,/loadcell_data_filtered.wrench.force.z,8903.244817612454
2.468869448,1785795406.234960079,/loadcell_data_filtered.wrench.force.z,8903.651546148667
2.469266745,1785795406.235357376,/loadcell_data_filtered.wrench.force.z,8903.367215032766
2.469554612,1785795406.235645243,/loadcell_data_filtered.wrench.force.z,8904.014790408179
2.469767412,1785795406.235858043,/loadcell_data_filtered.wrench.force.z,8904.114569334395
2.470427192,1785795406.236517823,/loadcell_data_filtered.wrench.force.z,8898.889011017558
2.4708428810000003,1785795406.236933512,/loadcell_data_filtered.wrench.force.z,8895.326759504946
2.471301384,1785795406.237392015,/loadcell_data_filtered.wrench.force.z,8892.49045386491
2.47172752,1785795406.237818151,/loadcell_data_filtered.wrench.force.z,8890.317359942776
2.472270541,1785795406.238361172,/loadcell_data_filtered.wrench.force.z,8888.371334686692
2.472720468,1785795406.238811099,/loadcell_data_filtered.wrench.force.z,8887.564753514831
2.473184695,1785795406.239275326,/loadcell_data_filtered.wrench.force.z,8887.680596730845
2.476375863,1785795406.242466494,/loadcell_data_filtered.wrench.force.z,8888.5258564476
2.4768151880000002,1785795406.242905819,/loadcell_data_filtered.wrench.force.z,8889.462956439229
2.477047793,1785795406.243138424,/loadcell_data_filtered.wrench.force.z,8891.124915588187
2.477299318,1785795406.243389949,/loadcell_data_filtered.wrench.force.z,8892.111372705356
2.477550438,1785795406.243641069,/loadcell_data_filtered.wrench.force.z,8893.207687536791
2.477813971,1785795406.243904602,/loadcell_data_filtered.wrench.force.z,8894.470903357655
2.478449124,1785795406.244539755,/loadcell_data_filtered.wrench.force.z,8895.088181519131
2.478793611,1785795406.244884242,/loadcell_data_filtered.wrench.force.z,8894.24874329172
2.480690685,1785795406.246781316,/loadcell_data_filtered.wrench.force.z,8893.252917383164
2.480987489,1785795406.247078120,/loadcell_data_filtered.wrench.force.z,8895.267424193622
2.481118715,1785795406.247209346,/loadcell_data_filtered.wrench.force.z,8900.74280153677
2.481328723,1785795406.247419354,/loadcell_data_filtered.wrench.force.z,8905.938459330644
2.481461137,1785795406.247551768,/loadcell_data_filtered.wrench.force.z,8910.114759934148
2.483045147,1785795406.249135778,/loadcell_data_filtered.wrench.force.z,8913.675985463053
2.483389196,1785795406.249479827,/loadcell_data_filtered.wrench.force.z,8916.964845293516
2.483403214,1785795406.249493845,/loadcell_data_filtered.wrench.force.z,8918.400590603944
2.483510587,1785795406.249601218,/loadcell_data_filtered.wrench.force.z,8917.50505718883
2.483640702,1785795406.249731333,/loadcell_data_filtered.wrench.force.z,8916.880576993348
2.484175657,1785795406.250266288,/loadcell_data_filtered.wrench.force.z,8911.492619115614
2.484508664,1785795406.250599295,/loadcell_data_filtered.wrench.force.z,8911.85642854889
2.4848582,1785795406.250948831,/loadcell_data_filtered.wrench.force.z,8911.400347128845
2.485196744,1785795406.251287375,/loadcell_data_filtered.wrench.force.z,8912.252904201756
2.485505067,1785795406.251595698,/loadcell_data_filtered.wrench.force.z,8912.353006858688
2.485857669,1785795406.251948300,/loadcell_data_filtered.wrench.force.z,8911.82779377728
2.486249546,1785795406.252340177,/loadcell_data_filtered.wrench.force.z,8911.558593047237
2.486576961,1785795406.252667592,/loadcell_data_filtered.wrench.force.z,8911.588086675696
2.4870417590000002,1785795406.253132390,/loadcell_data_filtered.wrench.force.z,8906.555700316898
2.487506341,1785795406.253596972,/loadcell_data_filtered.wrench.force.z,8903.820877685466
2.487807191,1785795406.253897822,/loadcell_data_filtered.wrench.force.z,8899.844612722856
2.488569226,1785795406.254659857,/loadcell_data_filtered.wrench.force.z,8896.79519423969
2.489044357,1785795406.255134988,/loadcell_data_filtered.wrench.force.z,8893.808984749665
2.48941144,1785795406.255502071,/loadcell_data_filtered.wrench.force.z,8891.783661238102
2.489844237,1785795406.255934868,/loadcell_data_filtered.wrench.force.z,8890.06755846811
2.490196563,1785795406.256287194,/loadcell_data_filtered.wrench.force.z,8889.93868240914
2.490770125,1785795406.256860756,/loadcell_data_filtered.wrench.force.z,8889.982367742437
2.491320676,1785795406.257411307,/loadcell_data_filtered.wrench.force.z,8890.335061237212
2.491993621,1785795406.258084252,/loadcell_data_filtered.wrench.force.z,8890.320826387942
2.492413764,1785795406.258504395,/loadcell_data_filtered.wrench.force.z,8889.94724522029
2.4929156150000003,1785795406.259006246,/loadcell_data_filtered.wrench.force.z,8889.696873676286
2.493174599,1785795406.259265230,/loadcell_data_filtered.wrench.force.z,8889.436180672601
2.493774558,1785795406.259865189,/loadcell_data_filtered.wrench.force.z,8889.104206481576
2.49920817,1785795406.265298801,/loadcell_data_filtered.wrench.force.z,8889.1855937999
2.499378696,1785795406.265469327,/loadcell_data_filtered.wrench.force.z,8889.321055393035
2.499517849,1785795406.265608480,/loadcell_data_filtered.wrench.force.z,8895.482096093448
2.499669665,1785795406.265760296,/loadcell_data_filtered.wrench.force.z,8899.936750887775
2.4998424,1785795406.265933031,/loadcell_data_filtered.wrench.force.z,8904.728002489052
2.499933223,1785795406.266023854,/loadcell_data_filtered.wrench.force.z,8908.199904130788
2.5001589710000003,1785795406.266249602,/loadcell_data_filtered.wrench.force.z,8911.830622357009
2.500435308,1785795406.266525939,/loadcell_data_filtered.wrench.force.z,8913.734841559344
2.5006157079999998,1785795406.266706339,/loadcell_data_filtered.wrench.force.z,8914.511850149835
2.500835905,1785795406.266926536,/loadcell_data_filtered.wrench.force.z,8907.758113059605
2.501071344,1785795406.267161975,/loadcell_data_filtered.wrench.force.z,8908.233463597911
2.501299938,1785795406.267390569,/loadcell_data_filtered.wrench.force.z,8906.87683435371
2.501529902,1785795406.267620533,/loadcell_data_filtered.wrench.force.z,8906.811686657029
2.503493837,1785795406.269584468,/loadcell_data_filtered.wrench.force.z,8906.606586335443
2.50378297,1785795406.269873601,/loadcell_data_filtered.wrench.force.z,8907.048099864889
2.5041163810000002,1785795406.270207012,/loadcell_data_filtered.wrench.force.z,8907.890862023678
2.504351978,1785795406.270442609,/loadcell_data_filtered.wrench.force.z,8908.168486751818
2.504576777,1785795406.270667408,/loadcell_data_filtered.wrench.force.z,8908.66100634043
2.504813307,1785795406.270903938,/loadcell_data_filtered.wrench.force.z,8908.596220558735
2.505022046,1785795406.271112677,/loadcell_data_filtered.wrench.force.z,8903.574240568836
2.50523103,1785795406.271321661,/loadcell_data_filtered.wrench.force.z,8899.132194956284
2.5054340059999998,1785795406.271524637,/loadcell_data_filtered.wrench.force.z,8895.042879284678
2.505639172,1785795406.271729803,/loadcell_data_filtered.wrench.force.z,8892.594467498791
2.505854761,1785795406.271945392,/loadcell_data_filtered.wrench.force.z,8889.894789364515
2.506201358,1785795406.272291989,/loadcell_data_filtered.wrench.force.z,8888.565487408752
2.507234431,1785795406.273325062,/loadcell_data_filtered.wrench.force.z,8888.289217354548
2.5080406230000003,1785795406.274131254,/loadcell_data_filtered.wrench.force.z,8888.850527930896
2.508449401,1785795406.274540032,/loadcell_data_filtered.wrench.force.z,8889.543093354261
2.50875442,1785795406.274845051,/loadcell_data_filtered.wrench.force.z,8889.87239018358
2.509070892,1785795406.275161523,/loadcell_data_filtered.wrench.force.z,8890.007001583863
2.509911066,1785795406.276001697,/loadcell_data_filtered.wrench.force.z,8889.729058670284
2.512955561,1785795406.279046192,/loadcell_data_filtered.wrench.force.z,8889.508685182462
2.513416718,1785795406.279507349,/loadcell_data_filtered.wrench.force.z,8890.085941972015
2.5137736950000003,1785795406.279864326,/loadcell_data_filtered.wrench.force.z,8890.127097626708
2.514121811,1785795406.280212442,/loadcell_data_filtered.wrench.force.z,8890.667117231913
2.51444834,1785795406.280538971,/loadcell_data_filtered.wrench.force.z,8894.636920663335
2.514780577,1785795406.280871208,/loadcell_data_filtered.wrench.force.z,8899.539684135007
2.5151559370000003,1785795406.281246568,/loadcell_data_filtered.wrench.force.z,8904.731225712632
2.5154778440000003,1785795406.281568475,/loadcell_data_filtered.wrench.force.z,8908.280780212885
2.515875449,1785795406.281966080,/loadcell_data_filtered.wrench.force.z,8911.472162339061
2.516438037,1785795406.282528668,/loadcell_data_filtered.wrench.force.z,8913.947272466467
2.517062937,1785795406.283153568,/loadcell_data_filtered.wrench.force.z,8915.47783065515
2.517696528,1785795406.283787159,/loadcell_data_filtered.wrench.force.z,8916.28802715638
2.519563456,1785795406.285654087,/loadcell_data_filtered.wrench.force.z,8916.56207145035
2.519776421,1785795406.285867052,/loadcell_data_filtered.wrench.force.z,8917.488490107868
2.519926073,1785795406.286016704,/loadcell_data_filtered.wrench.force.z,8918.478008571326
2.52009716,1785795406.286187791,/loadcell_data_filtered.wrench.force.z,8918.73717680485
2.520345535,1785795406.286436166,/loadcell_data_filtered.wrench.force.z,8914.066409541432
2.520588403,1785795406.286679034,/loadcell_data_filtered.wrench.force.z,8913.189162864775
2.520829629,1785795406.286920260,/loadcell_data_filtered.wrench.force.z,8914.207564744285
2.521101438,1785795406.287192069,/loadcell_data_filtered.wrench.force.z,8915.220611907625
2.521341084,1785795406.287431715,/loadcell_data_filtered.wrench.force.z,8916.317846594464
2.5215801520000003,1785795406.287670783,/loadcell_data_filtered.wrench.force.z,8911.077844987607
2.521855066,1785795406.287945697,/loadcell_data_filtered.wrench.force.z,8908.358409794435
2.522077173,1785795406.288167804,/loadcell_data_filtered.wrench.force.z,8904.89429331857
2.522308214,1785795406.288398845,/loadcell_data_filtered.wrench.force.z,8902.379724244924
2.522537414,1785795406.288628045,/loadcell_data_filtered.wrench.force.z,8900.00984347508
2.522856837,1785795406.288947468,/loadcell_data_filtered.wrench.force.z,8898.541035168726
2.523082143,1785795406.289172774,/loadcell_data_filtered.wrench.force.z,8898.118345777193
2.52413365,1785795406.290224281,/loadcell_data_filtered.wrench.force.z,8898.339232281982
2.52452204,1785795406.290612671,/loadcell_data_filtered.wrench.force.z,8899.104572782215
2.5248003150000002,1785795406.290890946,/loadcell_data_filtered.wrench.force.z,8899.800442314465
2.525118363,1785795406.291208994,/loadcell_data_filtered.wrench.force.z,8900.391088314112
2.525425159,1785795406.291515790,/loadcell_data_filtered.wrench.force.z,8900.729530431434
2.526058087,1785795406.292148718,/loadcell_data_filtered.wrench.force.z,8900.888165569715
2.52697118,1785795406.293061811,/loadcell_data_filtered.wrench.force.z,8901.053516064792
2.527353156,1785795406.293443787,/loadcell_data_filtered.wrench.force.z,8901.082523609508
2.527612614,1785795406.293703245,/loadcell_data_filtered.wrench.force.z,8901.218935263161
2.529449757,1785795406.295540388,/loadcell_data_filtered.wrench.force.z,8900.899918787834
2.529757858,1785795406.295848489,/loadcell_data_filtered.wrench.force.z,8907.0726509736
2.530050311,1785795406.296140942,/loadcell_data_filtered.wrench.force.z,8911.681231803057
2.530336803,1785795406.296427434,/loadcell_data_filtered.wrench.force.z,8916.199049545083
2.530604905,1785795406.296695536,/loadcell_data_filtered.wrench.force.z,8919.281207102675
2.530882396,1785795406.296973027,/loadcell_data_filtered.wrench.force.z,8922.056559750923
2.531286251,1785795406.297376882,/loadcell_data_filtered.wrench.force.z,8923.661484367587
2.532503142,1785795406.298593773,/loadcell_data_filtered.wrench.force.z,8924.704111486055
2.53313903,1785795406.299229661,/loadcell_data_filtered.wrench.force.z,8924.811912531035
2.5360799849999998,1785795406.302170616,/loadcell_data_filtered.wrench.force.z,8924.79447169434
2.536477248,1785795406.302567879,/loadcell_data_filtered.wrench.force.z,8924.948849728178
2.536632073,1785795406.302722704,/loadcell_data_filtered.wrench.force.z,8925.314633276259
2.536770431,1785795406.302861062,/loadcell_data_filtered.wrench.force.z,8925.89460491362
2.5368967749999998,1785795406.302987406,/loadcell_data_filtered.wrench.force.z,8926.37715219795
2.537063753,1785795406.303154384,/loadcell_data_filtered.wrench.force.z,8926.682318365281
2.537305395,1785795406.303396026,/loadcell_data_filtered.wrench.force.z,8927.080992800104
2.537549889,1785795406.303640520,/loadcell_data_filtered.wrench.force.z,8927.53534544275
2.537796232,1785795406.303886863,/loadcell_data_filtered.wrench.force.z,8926.698574111406
2.53805815,1785795406.304148781,/loadcell_data_filtered.wrench.force.z,8920.270001017796
2.538300632,1785795406.304391263,/loadcell_data_filtered.wrench.force.z,8915.928967132399
2.538538037,1785795406.304628668,/loadcell_data_filtered.wrench.force.z,8911.541602850142
2.538773085,1785795406.304863716,/loadcell_data_filtered.wrench.force.z,8908.324064753106
2.539015591,1785795406.305106222,/loadcell_data_filtered.wrench.force.z,8905.277394251272
2.542744508,1785795406.308835139,/loadcell_data_filtered.wrench.force.z,8904.179447081173
2.543058125,1785795406.309148756,/loadcell_data_filtered.wrench.force.z,8903.70367315439
2.543188226,1785795406.309278857,/loadcell_data_filtered.wrench.force.z,8904.53377287525
2.5433070200000003,1785795406.309397651,/loadcell_data_filtered.wrench.force.z,8905.426915173737
2.543424764,1785795406.309515395,/loadcell_data_filtered.wrench.force.z,8906.390110089002
2.543548791,1785795406.309639422,/loadcell_data_filtered.wrench.force.z,8907.021785955269
2.543668051,1785795406.309758682,/loadcell_data_filtered.wrench.force.z,8907.548330018022
2.543783374,1785795406.309874005,/loadcell_data_filtered.wrench.force.z,8908.170752959753
2.543907272,1785795406.309997903,/loadcell_data_filtered.wrench.force.z,8908.182627315888
2.544144704,1785795406.310235335,/loadcell_data_filtered.wrench.force.z,8907.287534788604
2.544829094,1785795406.310919725,/loadcell_data_filtered.wrench.force.z,8907.46233400026
2.545125239,1785795406.311215870,/loadcell_data_filtered.wrench.force.z,8912.060268373274
2.545410721,1785795406.311501352,/loadcell_data_filtered.wrench.force.z,8916.384536174539
2.5476841009999998,1785795406.313774732,/loadcell_data_filtered.wrench.force.z,8921.189013435029
2.547834127,1785795406.313924758,/loadcell_data_filtered.wrench.force.z,8924.947917943822
2.54798552,1785795406.314076151,/loadcell_data_filtered.wrench.force.z,8928.123500714944
2.54811679,1785795406.314207421,/loadcell_data_filtered.wrench.force.z,8924.134751410636
2.550070237,1785795406.316160868,/loadcell_data_filtered.wrench.force.z,8926.18966542054
2.550684314,1785795406.316774945,/loadcell_data_filtered.wrench.force.z,8926.007996514947
2.551205786,1785795406.317296417,/loadcell_data_filtered.wrench.force.z,8927.058516179834
2.551635385,1785795406.317726016,/loadcell_data_filtered.wrench.force.z,8927.745801725256
2.552112193,1785795406.318202824,/loadcell_data_filtered.wrench.force.z,8927.779467662274
2.552593272,1785795406.318683903,/loadcell_data_filtered.wrench.force.z,8927.092530893722
2.553017257,1785795406.319107888,/loadcell_data_filtered.wrench.force.z,8927.177494994858
2.5534267120000003,1785795406.319517343,/loadcell_data_filtered.wrench.force.z,8927.18308259383
2.553809403,1785795406.319900034,/loadcell_data_filtered.wrench.force.z,8926.812471012337
2.554192955,1785795406.320283586,/loadcell_data_filtered.wrench.force.z,8927.20221665157
2.5545888530000003,1785795406.320679484,/loadcell_data_filtered.wrench.force.z,8926.62007728136
2.5549921490000003,1785795406.321082780,/loadcell_data_filtered.wrench.force.z,8921.197019418207
2.555253837,1785795406.321344468,/loadcell_data_filtered.wrench.force.z,8917.916107840469
2.555512114,1785795406.321602745,/loadcell_data_filtered.wrench.force.z,8913.709247354105
2.555775693,1785795406.321866324,/loadcell_data_filtered.wrench.force.z,8910.137239791029
2.556104186,1785795406.322194817,/loadcell_data_filtered.wrench.force.z,8907.016076048098
2.556484126,1785795406.322574757,/loadcell_data_filtered.wrench.force.z,8905.03300684888
2.5567514510000002,1785795406.322842082,/loadcell_data_filtered.wrench.force.z,8903.479906266959
2.557054741,1785795406.323145372,/loadcell_data_filtered.wrench.force.z,8903.212765530692
2.557524375,1785795406.323615006,/loadcell_data_filtered.wrench.force.z,8903.332993434298
2.558003578,1785795406.324094209,/loadcell_data_filtered.wrench.force.z,8903.44225462491
2.558353726,1785795406.324444357,/loadcell_data_filtered.wrench.force.z,8903.551492357277
2.559091057,1785795406.325181688,/loadcell_data_filtered.wrench.force.z,8903.46693376865
2.56265963,1785795406.328750261,/loadcell_data_filtered.wrench.force.z,8903.48292799002
2.566487407,1785795406.332578038,/loadcell_data_filtered.wrench.force.z,8904.21239906237
2.5667969729999998,1785795406.332887604,/loadcell_data_filtered.wrench.force.z,8911.177468608254
2.567020079,1785795406.333110710,/loadcell_data_filtered.wrench.force.z,8916.74605233451
2.567191933,1785795406.333282564,/loadcell_data_filtered.wrench.force.z,8921.800684534452
2.567379157,1785795406.333469788,/loadcell_data_filtered.wrench.force.z,8925.828377902806
2.567564838,1785795406.333655469,/loadcell_data_filtered.wrench.force.z,8930.166833079931
2.567758225,1785795406.333848856,/loadcell_data_filtered.wrench.force.z,8933.06312769178
2.567947449,1785795406.334038080,/loadcell_data_filtered.wrench.force.z,8935.338639372107
2.568126801,1785795406.334217432,/loadcell_data_filtered.wrench.force.z,8936.480011749625
2.568365061,1785795406.334455692,/loadcell_data_filtered.wrench.force.z,8936.960548277106
2.568631814,1785795406.334722445,/loadcell_data_filtered.wrench.force.z,8936.850294325113
2.569043616,1785795406.335134247,/loadcell_data_filtered.wrench.force.z,8937.181137976057
2.56945348,1785795406.335544111,/loadcell_data_filtered.wrench.force.z,8931.104025844834
2.569853039,1785795406.335943670,/loadcell_data_filtered.wrench.force.z,8931.804160389898
2.570165727,1785795406.336256358,/loadcell_data_filtered.wrench.force.z,8932.241674461688
2.570432351,1785795406.336522982,/loadcell_data_filtered.wrench.force.z,8932.52997380885
2.570656691,1785795406.336747322,/loadcell_data_filtered.wrench.force.z,8932.864870447353
2.570875289,1785795406.336965920,/loadcell_data_filtered.wrench.force.z,8931.707810702037
2.571189586,1785795406.337280217,/loadcell_data_filtered.wrench.force.z,8926.847678751245
2.571497308,1785795406.337587939,/loadcell_data_filtered.wrench.force.z,8922.557053338662
2.571752901,1785795406.337843532,/loadcell_data_filtered.wrench.force.z,8919.334844948524
2.5723138580000002,1785795406.338404489,/loadcell_data_filtered.wrench.force.z,8916.531171577662
2.572533129,1785795406.338623760,/loadcell_data_filtered.wrench.force.z,8913.544525068373
2.572779867,1785795406.338870498,/loadcell_data_filtered.wrench.force.z,8912.159061312954
2.573644933,1785795406.339735564,/loadcell_data_filtered.wrench.force.z,8911.043919372409
2.574265906,1785795406.340356537,/loadcell_data_filtered.wrench.force.z,8910.817191806706
2.57447787,1785795406.340568501,/loadcell_data_filtered.wrench.force.z,8911.336097413283
2.574789634,1785795406.340880265,/loadcell_data_filtered.wrench.force.z,8910.920758220916
2.57603968,1785795406.342130311,/loadcell_data_filtered.wrench.force.z,8910.697902379852
2.576210956,1785795406.342301587,/loadcell_data_filtered.wrench.force.z,8910.301846303604
2.576951024,1785795406.343041655,/loadcell_data_filtered.wrench.force.z,8909.613570742307
2.577586476,1785795406.343677107,/loadcell_data_filtered.wrench.force.z,8909.154432775307
2.578118918,1785795406.344209549,/loadcell_data_filtered.wrench.force.z,8908.55154074746
2.57851763,1785795406.344608261,/loadcell_data_filtered.wrench.force.z,8908.12331623201
2.578911521,1785795406.345002152,/loadcell_data_filtered.wrench.force.z,8912.79110593224
2.581568908,1785795406.347659539,/loadcell_data_filtered.wrench.force.z,8916.412378708761
2.581754489,1785795406.347845120,/loadcell_data_filtered.wrench.force.z,8921.035672497097
2.5818961810000003,1785795406.347986812,/loadcell_data_filtered.wrench.force.z,8924.58014978975
2.582225234,1785795406.348315865,/loadcell_data_filtered.wrench.force.z,8923.883840392537
2.5842143870000003,1785795406.350305018,/loadcell_data_filtered.wrench.force.z,8923.781964442189
2.5844565580000003,1785795406.350547189,/loadcell_data_filtered.wrench.force.z,8925.838341136621
2.584735152,1785795406.350825783,/loadcell_data_filtered.wrench.force.z,8927.16777240529
2.585035528,1785795406.351126159,/loadcell_data_filtered.wrench.force.z,8926.907959715765
2.585355472,1785795406.351446103,/loadcell_data_filtered.wrench.force.z,8928.484488129663
2.585677618,1785795406.351768249,/loadcell_data_filtered.wrench.force.z,8929.986107693514
2.586058568,1785795406.352149199,/loadcell_data_filtered.wrench.force.z,8931.339914780467
2.58639952,1785795406.352490151,/loadcell_data_filtered.wrench.force.z,8932.193138731749
2.586673753,1785795406.352764384,/loadcell_data_filtered.wrench.force.z,8932.079179676057
2.586974693,1785795406.353065324,/loadcell_data_filtered.wrench.force.z,8931.936151900052
2.587261663,1785795406.353352294,/loadcell_data_filtered.wrench.force.z,8932.24159062922
2.587572249,1785795406.353662880,/loadcell_data_filtered.wrench.force.z,8932.774282842052
2.587852647,1785795406.353943278,/loadcell_data_filtered.wrench.force.z,8927.75192763808
2.588131325,1785795406.354221956,/loadcell_data_filtered.wrench.force.z,8924.71530152484
2.589028067,1785795406.355118698,/loadcell_data_filtered.wrench.force.z,8921.503704580678
2.589152517,1785795406.355243148,/loadcell_data_filtered.wrench.force.z,8918.988206298796
2.589272175,1785795406.355362806,/loadcell_data_filtered.wrench.force.z,8917.582794093185
2.58938726,1785795406.355477891,/loadcell_data_filtered.wrench.force.z,8916.888174300053
2.589638769,1785795406.355729400,/loadcell_data_filtered.wrench.force.z,8915.790278915241
2.590300149,1785795406.356390780,/loadcell_data_filtered.wrench.force.z,8915.286801973767
2.5908070260000002,1785795406.356897657,/loadcell_data_filtered.wrench.force.z,8915.481506492804
2.59116595,1785795406.357256581,/loadcell_data_filtered.wrench.force.z,8915.484256290705
2.59174174,1785795406.357832371,/loadcell_data_filtered.wrench.force.z,8915.414812562347
2.5921763440000003,1785795406.358266975,/loadcell_data_filtered.wrench.force.z,8915.172115641977
2.592696682,1785795406.358787313,/loadcell_data_filtered.wrench.force.z,8915.070729028717
2.593185753,1785795406.359276384,/loadcell_data_filtered.wrench.force.z,8914.283283293511
2.593716882,1785795406.359807513,/loadcell_data_filtered.wrench.force.z,8914.010153119225
2.594324415,1785795406.360415046,/loadcell_data_filtered.wrench.force.z,8913.986656605084
2.59491724,1785795406.361007871,/loadcell_data_filtered.wrench.force.z,8914.13659401457
2.595325212,1785795406.361415843,/loadcell_data_filtered.wrench.force.z,8919.876035180758
2.595812908,1785795406.361903539,/loadcell_data_filtered.wrench.force.z,8924.254291131092
2.596356126,1785795406.362446757,/loadcell_data_filtered.wrench.force.z,8927.623963559128
2.5966945949999998,1785795406.362785226,/loadcell_data_filtered.wrench.force.z,8930.850414904397
2.597230996,1785795406.363321627,/loadcell_data_filtered.wrench.force.z,8933.7673082097
2.597945341,1785795406.364035972,/loadcell_data_filtered.wrench.force.z,8935.133762448097
2.598471002,1785795406.364561633,/loadcell_data_filtered.wrench.force.z,8935.782530663117
2.599389958,1785795406.365480589,/loadcell_data_filtered.wrench.force.z,8936.043919370557
2.5999685230000003,1785795406.366059154,/loadcell_data_filtered.wrench.force.z,8936.770143716476
2.6004166570000002,1785795406.366507288,/loadcell_data_filtered.wrench.force.z,8937.379794885863
2.600811165,1785795406.366901796,/loadcell_data_filtered.wrench.force.z,8937.908538011283
2.601189617,1785795406.367280248,/loadcell_data_filtered.wrench.force.z,8938.7611587809
2.601605779,1785795406.367696410,/loadcell_data_filtered.wrench.force.z,8939.52311166675
2.602039307,1785795406.368129938,/loadcell_data_filtered.wrench.force.z,8940.126126359386
2.6025279020000003,1785795406.368618533,/loadcell_data_filtered.wrench.force.z,8940.584256432676
2.60313976,1785795406.369230391,/loadcell_data_filtered.wrench.force.z,8941.294591653597
2.603589533,1785795406.369680164,/loadcell_data_filtered.wrench.force.z,8938.99698496539
2.605888009,1785795406.371978640,/loadcell_data_filtered.wrench.force.z,8935.162894416288
2.6084615810000003,1785795406.374552212,/loadcell_data_filtered.wrench.force.z,8931.537992737627
2.608674421,1785795406.374765052,/loadcell_data_filtered.wrench.force.z,8929.034570687547
2.608814409,1785795406.374905040,/loadcell_data_filtered.wrench.force.z,8927.145484406465
2.608955615,1785795406.375046246,/loadcell_data_filtered.wrench.force.z,8925.065357700985
2.6091365570000002,1785795406.375227188,/loadcell_data_filtered.wrench.force.z,8923.991899423916
2.609322089,1785795406.375412720,/loadcell_data_filtered.wrench.force.z,8922.563610117688
2.609522548,1785795406.375613179,/loadcell_data_filtered.wrench.force.z,8921.79745084714
2.609710974,1785795406.375801605,/loadcell_data_filtered.wrench.force.z,8916.087141276459
2.609924923,1785795406.376015554,/loadcell_data_filtered.wrench.force.z,8916.67149067501
2.61008444,1785795406.376175071,/loadcell_data_filtered.wrench.force.z,8914.996587317244
2.610226501,1785795406.376317132,/loadcell_data_filtered.wrench.force.z,8913.844165064142
2.610361367,1785795406.376451998,/loadcell_data_filtered.wrench.force.z,8911.647874611277
2.610493827,1785795406.376584458,/loadcell_data_filtered.wrench.force.z,8905.535062415076
2.610811864,1785795406.376902495,/loadcell_data_filtered.wrench.force.z,8905.056319924819
2.613871099,1785795406.379961730,/loadcell_data_filtered.wrench.force.z,8903.529346744619
2.614029329,1785795406.380119960,/loadcell_data_filtered.wrench.force.z,8908.16479770473
2.6141458379999998,1785795406.380236469,/loadcell_data_filtered.wrench.force.z,8911.082347570713
2.61427338,1785795406.380364011,/loadcell_data_filtered.wrench.force.z,8915.177284243488
2.614395387,1785795406.380486018,/loadcell_data_filtered.wrench.force.z,8910.63527485591
2.61455838,1785795406.380649011,/loadcell_data_filtered.wrench.force.z,8912.945781579801
2.61465453,1785795406.380745161,/loadcell_data_filtered.wrench.force.z,8914.747187646975
2.614768143,1785795406.380858774,/loadcell_data_filtered.wrench.force.z,8914.634216149941
2.615639453,1785795406.381730084,/loadcell_data_filtered.wrench.force.z,8913.70299500556
2.61612737,1785795406.382218001,/loadcell_data_filtered.wrench.force.z,8913.411595977454
2.616511873,1785795406.382602504,/loadcell_data_filtered.wrench.force.z,8913.182081723822
2.617908721,1785795406.383999352,/loadcell_data_filtered.wrench.force.z,8912.639322645466
2.62226279,1785795406.388353421,/loadcell_data_filtered.wrench.force.z,8912.530179111913
2.622459208,1785795406.388549839,/loadcell_data_filtered.wrench.force.z,8912.868250030482
2.622805303,1785795406.388895934,/loadcell_data_filtered.wrench.force.z,8912.996634372961
2.622822955,1785795406.388913586,/loadcell_data_filtered.wrench.force.z,8913.21123244528
2.622888574,1785795406.388979205,/loadcell_data_filtered.wrench.force.z,8913.785918608954
2.623025339,1785795406.389115970,/loadcell_data_filtered.wrench.force.z,8914.294640512004
2.623193214,1785795406.389283845,/loadcell_data_filtered.wrench.force.z,8909.65914338254
2.623361474,1785795406.389452105,/loadcell_data_filtered.wrench.force.z,8907.09374987207
2.6235264540000003,1785795406.389617085,/loadcell_data_filtered.wrench.force.z,8904.63048117368
2.623694489,1785795406.389785120,/loadcell_data_filtered.wrench.force.z,8902.633120425426
2.623850807,1785795406.389941438,/loadcell_data_filtered.wrench.force.z,8900.70077002114
2.6240166670000002,1785795406.390107298,/loadcell_data_filtered.wrench.force.z,8899.68713465211
2.624173093,1785795406.390263724,/loadcell_data_filtered.wrench.force.z,8897.349435850361
2.624338038,1785795406.390428669,/loadcell_data_filtered.wrench.force.z,8898.345936185844
2.624490679,1785795406.390581310,/loadcell_data_filtered.wrench.force.z,8899.621368691323
2.62539977,1785795406.391490401,/loadcell_data_filtered.wrench.force.z,8900.617174023697
2.6259914870000003,1785795406.392082118,/loadcell_data_filtered.wrench.force.z,8901.25099882706
2.626372908,1785795406.392463539,/loadcell_data_filtered.wrench.force.z,8901.76796134924
2.6266873740000003,1785795406.392778005,/loadcell_data_filtered.wrench.force.z,8902.446558798643
2.6271762450000002,1785795406.393266876,/loadcell_data_filtered.wrench.force.z,8902.709558655772
2.627520484,1785795406.393611115,/loadcell_data_filtered.wrench.force.z,8903.198965881418
2.628863666,1785795406.394954297,/loadcell_data_filtered.wrench.force.z,8903.835146620171
2.628908091,1785795406.394998722,/loadcell_data_filtered.wrench.force.z,8904.268549772429
2.6292540200000003,1785795406.395344651,/loadcell_data_filtered.wrench.force.z,8910.73133806664
2.629351688,1785795406.395442319,/loadcell_data_filtered.wrench.force.z,8915.66570831898
2.6297905679999998,1785795406.395881199,/loadcell_data_filtered.wrench.force.z,8919.618348496597
2.6302469410000002,1785795406.396337572,/loadcell_data_filtered.wrench.force.z,8923.203536909159
2.630932331,1785795406.397022962,/loadcell_data_filtered.wrench.force.z,8926.356891670439
2.63115805,1785795406.397248681,/loadcell_data_filtered.wrench.force.z,8928.107194173603
2.631977086,1785795406.398067717,/loadcell_data_filtered.wrench.force.z,8929.19114890071
2.632477127,1785795406.398567758,/loadcell_data_filtered.wrench.force.z,8929.715192068988
2.63284019,1785795406.398930821,/loadcell_data_filtered.wrench.force.z,8930.500860099959
2.634208315,1785795406.400298946,/loadcell_data_filtered.wrench.force.z,8931.083338757464
2.634607527,1785795406.400698158,/loadcell_data_filtered.wrench.force.z,8931.786968230886
2.6350134,1785795406.401104031,/loadcell_data_filtered.wrench.force.z,8932.460484171328
2.635346029,1785795406.401436660,/loadcell_data_filtered.wrench.force.z,8933.345445113086
2.640163191,1785795406.406253822,/loadcell_data_filtered.wrench.force.z,8933.177428799201
2.640602055,1785795406.406692686,/loadcell_data_filtered.wrench.force.z,8933.00567346185
2.640948784,1785795406.407039415,/loadcell_data_filtered.wrench.force.z,8933.377711265795
2.641931321,1785795406.408021952,/loadcell_data_filtered.wrench.force.z,8930.613097458274
2.642063832,1785795406.408154463,/loadcell_data_filtered.wrench.force.z,8927.918434652574
2.64233499,1785795406.408425621,/loadcell_data_filtered.wrench.force.z,8924.75359907191
2.642623741,1785795406.408714372,/loadcell_data_filtered.wrench.force.z,8922.206414031078
2.642938197,1785795406.409028828,/loadcell_data_filtered.wrench.force.z,8919.988020632014
2.643242835,1785795406.409333466,/loadcell_data_filtered.wrench.force.z,8918.040013895697
2.643541435,1785795406.409632066,/loadcell_data_filtered.wrench.force.z,8915.897604744592
2.6438316840000002,1785795406.409922315,/loadcell_data_filtered.wrench.force.z,8916.27532892434
2.644087498,1785795406.410178129,/loadcell_data_filtered.wrench.force.z,8916.537203120894
2.644324398,1785795406.410415029,/loadcell_data_filtered.wrench.force.z,8917.115211066943
2.644619582,1785795406.410710213,/loadcell_data_filtered.wrench.force.z,8917.692280950636
2.64496958,1785795406.411060211,/loadcell_data_filtered.wrench.force.z,8918.63168081723
2.6453450370000002,1785795406.411435668,/loadcell_data_filtered.wrench.force.z,8919.47583780205
2.645625071,1785795406.411715702,/loadcell_data_filtered.wrench.force.z,8920.08432860138
2.64590822,1785795406.411998851,/loadcell_data_filtered.wrench.force.z,8920.487098302923
2.646219839,1785795406.412310470,/loadcell_data_filtered.wrench.force.z,8919.69337659283
2.646548027,1785795406.412638658,/loadcell_data_filtered.wrench.force.z,8919.815782696058
2.646915409,1785795406.413006040,/loadcell_data_filtered.wrench.force.z,8926.303576555556
2.647234105,1785795406.413324736,/loadcell_data_filtered.wrench.force.z,8930.869163921385
2.647535456,1785795406.413626087,/loadcell_data_filtered.wrench.force.z,8934.986728315895
2.647802903,1785795406.413893534,/loadcell_data_filtered.wrench.force.z,8937.84161114485
2.648088135,1785795406.414178766,/loadcell_data_filtered.wrench.force.z,8941.136197125747
2.648323241,1785795406.414413872,/loadcell_data_filtered.wrench.force.z,8943.1836833167
2.648536673,1785795406.414627304,/loadcell_data_filtered.wrench.force.z,8944.993901690004
2.650502346,1785795406.416592977,/loadcell_data_filtered.wrench.force.z,8945.562626835208
2.650902545,1785795406.416993176,/loadcell_data_filtered.wrench.force.z,8946.22338295268
2.651260461,1785795406.417351092,/loadcell_data_filtered.wrench.force.z,8946.822753522296
2.651727665,1785795406.417818296,/loadcell_data_filtered.wrench.force.z,8941.238275820848
2.652162549,1785795406.418253180,/loadcell_data_filtered.wrench.force.z,8940.907934561863
2.652574841,1785795406.418665472,/loadcell_data_filtered.wrench.force.z,8940.756082511134
2.652939043,1785795406.419029674,/loadcell_data_filtered.wrench.force.z,8941.57252034906
2.653232197,1785795406.419322828,/loadcell_data_filtered.wrench.force.z,8942.376336536245
2.653491,1785795406.419581631,/loadcell_data_filtered.wrench.force.z,8942.108102660028
2.6537933330000003,1785795406.419883964,/loadcell_data_filtered.wrench.force.z,8941.691335524034
2.654093747,1785795406.420184378,/loadcell_data_filtered.wrench.force.z,8936.401884164761
2.654298336,1785795406.420388967,/loadcell_data_filtered.wrench.force.z,8932.542893841093
2.654508163,1785795406.420598794,/loadcell_data_filtered.wrench.force.z,8928.672863457552
2.654982223,1785795406.421072854,/loadcell_data_filtered.wrench.force.z,8925.6478922116
2.655578675,1785795406.421669306,/loadcell_data_filtered.wrench.force.z,8922.52061616487
2.65787641,1785795406.423967041,/loadcell_data_filtered.wrench.force.z,8921.15764180558
2.658135956,1785795406.424226587,/loadcell_data_filtered.wrench.force.z,8920.102975668982
2.658333987,1785795406.424424618,/loadcell_data_filtered.wrench.force.z,8919.49970832661
2.65851198,1785795406.424602611,/loadcell_data_filtered.wrench.force.z,8912.776768410398
2.658681865,1785795406.424772496,/loadcell_data_filtered.wrench.force.z,8913.62164091036
2.660679441,1785795406.426770072,/loadcell_data_filtered.wrench.force.z,8912.835928300789
2.660982592,1785795406.427073223,/loadcell_data_filtered.wrench.force.z,8912.044494290038
2.661437068,1785795406.427527699,/loadcell_data_filtered.wrench.force.z,8911.739972919018
2.661919404,1785795406.428010035,/loadcell_data_filtered.wrench.force.z,8905.538985757217
2.662354912,1785795406.428445543,/loadcell_data_filtered.wrench.force.z,8904.383167894288
2.662735385,1785795406.428826016,/loadcell_data_filtered.wrench.force.z,8903.614458771292
2.663123989,1785795406.429214620,/loadcell_data_filtered.wrench.force.z,8905.069040113327
2.663558133,1785795406.429648764,/loadcell_data_filtered.wrench.force.z,8909.375908792026
2.6640257380000003,1785795406.430116369,/loadcell_data_filtered.wrench.force.z,8913.771929344652
2.664367541,1785795406.430458172,/loadcell_data_filtered.wrench.force.z,8917.221471036708
2.664668557,1785795406.430759188,/loadcell_data_filtered.wrench.force.z,8920.038978612874
2.66501479,1785795406.431105421,/loadcell_data_filtered.wrench.force.z,8922.617854331585
2.6652380950000003,1785795406.431328726,/loadcell_data_filtered.wrench.force.z,8924.228241849569
2.665579137,1785795406.431669768,/loadcell_data_filtered.wrench.force.z,8924.487851067286
2.665978162,1785795406.432068793,/loadcell_data_filtered.wrench.force.z,8924.750301733078
2.6663472500000003,1785795406.432437881,/loadcell_data_filtered.wrench.force.z,8924.965709781422
2.667715105,1785795406.433805736,/loadcell_data_filtered.wrench.force.z,8925.108670577121
2.668018242,1785795406.434108873,/loadcell_data_filtered.wrench.force.z,8925.262157556677
2.668291713,1785795406.434382344,/loadcell_data_filtered.wrench.force.z,8918.988536909786
2.6685572459999998,1785795406.434647877,/loadcell_data_filtered.wrench.force.z,8918.811814669261
2.670224931,1785795406.436315562,/loadcell_data_filtered.wrench.force.z,8918.10660492011
2.670517318,1785795406.436607949,/loadcell_data_filtered.wrench.force.z,8918.560151319
2.670694032,1785795406.436784663,/loadcell_data_filtered.wrench.force.z,8918.477353639297
2.6708642940000002,1785795406.436954925,/loadcell_data_filtered.wrench.force.z,8907.605816265284
2.67106763,1785795406.437158261,/loadcell_data_filtered.wrench.force.z,8905.602053541103
2.671378892,1785795406.437469523,/loadcell_data_filtered.wrench.force.z,8901.470810491395
2.671690289,1785795406.437780920,/loadcell_data_filtered.wrench.force.z,8898.497625410651
2.671865957,1785795406.437956588,/loadcell_data_filtered.wrench.force.z,8896.902543488384
2.6726423070000003,1785795406.438732938,/loadcell_data_filtered.wrench.force.z,8894.637826820264
2.672855115,1785795406.438945746,/loadcell_data_filtered.wrench.force.z,8893.064562584254
2.675538502,1785795406.441629133,/loadcell_data_filtered.wrench.force.z,8893.038741262422
2.675879119,1785795406.441969750,/loadcell_data_filtered.wrench.force.z,8893.520111691128
2.676398417,1785795406.442489048,/loadcell_data_filtered.wrench.force.z,8893.712786775775
2.676948603,1785795406.443039234,/loadcell_data_filtered.wrench.force.z,8887.111443005006
2.678509279,1785795406.444599910,/loadcell_data_filtered.wrench.force.z,8887.725098139743
2.679064238,1785795406.445154869,/loadcell_data_filtered.wrench.force.z,8887.389722487318
2.67955014,1785795406.445640771,/loadcell_data_filtered.wrench.force.z,8888.187153812423
2.679969383,1785795406.446060014,/loadcell_data_filtered.wrench.force.z,8889.252454166557
2.680450366,1785795406.446540997,/loadcell_data_filtered.wrench.force.z,8890.390918588537
2.680796088,1785795406.446886719,/loadcell_data_filtered.wrench.force.z,8891.007004957577
2.681132081,1785795406.447222712,/loadcell_data_filtered.wrench.force.z,8897.520388173742
2.681413087,1785795406.447503718,/loadcell_data_filtered.wrench.force.z,8901.069171107976
2.681707561,1785795406.447798192,/loadcell_data_filtered.wrench.force.z,8904.094185676433
2.682087205,1785795406.448177836,/loadcell_data_filtered.wrench.force.z,8907.368788283662
2.682496429,1785795406.448587060,/loadcell_data_filtered.wrench.force.z,8910.317739703996
2.68299898,1785795406.449089611,/loadcell_data_filtered.wrench.force.z,8912.18361536693
2.683523712,1785795406.449614343,/loadcell_data_filtered.wrench.force.z,8914.06401308424
2.684031473,1785795406.450122104,/loadcell_data_filtered.wrench.force.z,8914.62279662115
2.685724851,1785795406.451815482,/loadcell_data_filtered.wrench.force.z,8914.634528637222
2.687703537,1785795406.453794168,/loadcell_data_filtered.wrench.force.z,8915.15628048589
2.688285346,1785795406.454375977,/loadcell_data_filtered.wrench.force.z,8916.201453557396
2.6886468910000003,1785795406.454737522,/loadcell_data_filtered.wrench.force.z,8917.158535870632
2.68903791,1785795406.455128541,/loadcell_data_filtered.wrench.force.z,8918.264690987711
2.689561348,1785795406.455651979,/loadcell_data_filtered.wrench.force.z,8919.052657441269
2.690111372,1785795406.456202003,/loadcell_data_filtered.wrench.force.z,8919.602320276294
2.690681789,1785795406.456772420,/loadcell_data_filtered.wrench.force.z,8920.093352727043
2.6911810000000003,1785795406.457271631,/loadcell_data_filtered.wrench.force.z,8918.838273800942
2.6916500990000003,1785795406.457740730,/loadcell_data_filtered.wrench.force.z,8913.336888883927
2.6921304580000003,1785795406.458221089,/loadcell_data_filtered.wrench.force.z,8909.587224918676
2.692606315,1785795406.458696946,/loadcell_data_filtered.wrench.force.z,8906.027742044747
2.693096546,1785795406.459187177,/loadcell_data_filtered.wrench.force.z,8903.566324480651
2.693579328,1785795406.459669959,/loadcell_data_filtered.wrench.force.z,8900.624787162995
2.694802953,1785795406.460893584,/loadcell_data_filtered.wrench.force.z,8899.160650039616
2.694813623,1785795406.460904254,/loadcell_data_filtered.wrench.force.z,8898.130423370707
2.695015712,1785795406.461106343,/loadcell_data_filtered.wrench.force.z,8898.99774837923
2.6954536840000003,1785795406.461544315,/loadcell_data_filtered.wrench.force.z,8892.830234078492
2.695877673,1785795406.461968304,/loadcell_data_filtered.wrench.force.z,8893.821573987492
2.696321155,1785795406.462411786,/loadcell_data_filtered.wrench.force.z,8893.321871375781
2.697444344,1785795406.463534975,/loadcell_data_filtered.wrench.force.z,8893.31848564345
2.697454407,1785795406.463545038,/loadcell_data_filtered.wrench.force.z,8893.473415043538
2.69772727,1785795406.463817901,/loadcell_data_filtered.wrench.force.z,8893.904159907404
2.69831136,1785795406.464401991,/loadcell_data_filtered.wrench.force.z,8894.251806024276
2.698753889,1785795406.464844520,/loadcell_data_filtered.wrench.force.z,8894.365324378748
2.69918123,1785795406.465271861,/loadcell_data_filtered.wrench.force.z,8897.203782343746
2.6996277390000003,1785795406.465718370,/loadcell_data_filtered.wrench.force.z,8902.442225057775
2.7000060130000003,1785795406.466096644,/loadcell_data_filtered.wrench.force.z,8907.229703911265
2.700427075,1785795406.466517706,/loadcell_data_filtered.wrench.force.z,8911.30839874285
2.700841961,1785795406.466932592,/loadcell_data_filtered.wrench.force.z,8914.938123769574
2.701253354,1785795406.467343985,/loadcell_data_filtered.wrench.force.z,8918.094617885015
2.701702732,1785795406.467793363,/loadcell_data_filtered.wrench.force.z,8920.46969313384
2.702140157,1785795406.468230788,/loadcell_data_filtered.wrench.force.z,8921.440746958979
2.7027929,1785795406.468883531,/loadcell_data_filtered.wrench.force.z,8921.534255595458
2.703428486,1785795406.469519117,/loadcell_data_filtered.wrench.force.z,8922.309436202819
2.703977414,1785795406.470068045,/loadcell_data_filtered.wrench.force.z,8922.838900415762
2.704387849,1785795406.470478480,/loadcell_data_filtered.wrench.force.z,8923.378474120811
2.7047120380000003,1785795406.470802669,/loadcell_data_filtered.wrench.force.z,8923.780491244785
2.705001179,1785795406.471091810,/loadcell_data_filtered.wrench.force.z,8923.794027593818
2.705289036,1785795406.471379667,/loadcell_data_filtered.wrench.force.z,8924.299288475922
2.705622521,1785795406.471713152,/loadcell_data_filtered.wrench.force.z,8924.64922048872
2.705960734,1785795406.472051365,/loadcell_data_filtered.wrench.force.z,8924.305936342238
2.7063979490000003,1785795406.472488580,/loadcell_data_filtered.wrench.force.z,8919.125330906438
2.7069646780000003,1785795406.473055309,/loadcell_data_filtered.wrench.force.z,8915.62264356891
2.707420243,1785795406.473510874,/loadcell_data_filtered.wrench.force.z,8911.444614554459
2.70777978,1785795406.473870411,/loadcell_data_filtered.wrench.force.z,8905.455022452987
2.708356626,1785795406.474447257,/loadcell_data_filtered.wrench.force.z,8898.697704451826
2.7095244430000003,1785795406.475615074,/loadcell_data_filtered.wrench.force.z,8896.96899807754
2.7100568430000003,1785795406.476147474,/loadcell_data_filtered.wrench.force.z,8894.781220463405
2.710576148,1785795406.476666779,/loadcell_data_filtered.wrench.force.z,8895.037290551121
2.7110796610000003,1785795406.477170292,/loadcell_data_filtered.wrench.force.z,8895.702191553799
2.711452706,1785795406.477543337,/loadcell_data_filtered.wrench.force.z,8896.469750622105
2.71185781,1785795406.477948441,/loadcell_data_filtered.wrench.force.z,8896.579394603335
2.712255532,1785795406.478346163,/loadcell_data_filtered.wrench.force.z,8896.049786306958
2.7126276110000003,1785795406.478718242,/loadcell_data_filtered.wrench.force.z,8896.2249959167
2.713026776,1785795406.479117407,/loadcell_data_filtered.wrench.force.z,8895.01142551797
2.71340673,1785795406.479497361,/loadcell_data_filtered.wrench.force.z,8894.761516761975
2.7138243539999998,1785795406.479914985,/loadcell_data_filtered.wrench.force.z,8895.294400011166
2.71419905,1785795406.480289681,/loadcell_data_filtered.wrench.force.z,8895.377646965835
2.714465198,1785795406.480555829,/loadcell_data_filtered.wrench.force.z,8901.222935301434
2.71471558,1785795406.480806211,/loadcell_data_filtered.wrench.force.z,8904.944335055421
2.715019868,1785795406.481110499,/loadcell_data_filtered.wrench.force.z,8908.67716701187
2.715261623,1785795406.481352254,/loadcell_data_filtered.wrench.force.z,8911.997670885296
2.71546355,1785795406.481554181,/loadcell_data_filtered.wrench.force.z,8915.337162615557
2.715707237,1785795406.481797868,/loadcell_data_filtered.wrench.force.z,8916.891341179931
2.7160204720000003,1785795406.482111103,/loadcell_data_filtered.wrench.force.z,8918.474829121236
2.7162598300000003,1785795406.482350461,/loadcell_data_filtered.wrench.force.z,8919.11920494731
2.716526525,1785795406.482617156,/loadcell_data_filtered.wrench.force.z,8919.934496009802
2.716911048,1785795406.483001679,/loadcell_data_filtered.wrench.force.z,8920.766367004433
2.717264595,1785795406.483355226,/loadcell_data_filtered.wrench.force.z,8921.528282189262
2.71760308,1785795406.483693711,/loadcell_data_filtered.wrench.force.z,8922.289128352117
2.718072446,1785795406.484163077,/loadcell_data_filtered.wrench.force.z,8922.578371513111
2.718589289,1785795406.484679920,/loadcell_data_filtered.wrench.force.z,8922.971226020678
2.71914209,1785795406.485232721,/loadcell_data_filtered.wrench.force.z,8923.316585801631
2.71950324,1785795406.485593871,/loadcell_data_filtered.wrench.force.z,8923.202358145576
2.719861994,1785795406.485952625,/loadcell_data_filtered.wrench.force.z,8923.12760347719
2.720367101,1785795406.486457732,/loadcell_data_filtered.wrench.force.z,8917.367926584795
2.720771692,1785795406.486862323,/loadcell_data_filtered.wrench.force.z,8913.566338499399
2.722547701,1785795406.488638332,/loadcell_data_filtered.wrench.force.z,8909.73941375781
2.7241791810000002,1785795406.490269812,/loadcell_data_filtered.wrench.force.z,8906.493164900481
2.724364947,1785795406.490455578,/loadcell_data_filtered.wrench.force.z,8903.999070772907
2.724508422,1785795406.490599053,/loadcell_data_filtered.wrench.force.z,8902.883054692087
2.724642477,1785795406.490733108,/loadcell_data_filtered.wrench.force.z,8901.844293504188
2.724773038,1785795406.490863669,/loadcell_data_filtered.wrench.force.z,8902.034080952648
2.724910812,1785795406.491001443,/loadcell_data_filtered.wrench.force.z,8902.628700830583
2.725036401,1785795406.491127032,/loadcell_data_filtered.wrench.force.z,8901.974171524871
2.725158555,1785795406.491249186,/loadcell_data_filtered.wrench.force.z,8900.435231372212
2.72574428,1785795406.491834911,/loadcell_data_filtered.wrench.force.z,8899.548484577861
2.7260069490000003,1785795406.492097580,/loadcell_data_filtered.wrench.force.z,8898.354677835234
2.726645295,1785795406.492735926,/loadcell_data_filtered.wrench.force.z,8896.940793505193
2.726998496,1785795406.493089127,/loadcell_data_filtered.wrench.force.z,8896.164296799701
2.727719515,1785795406.493810146,/loadcell_data_filtered.wrench.force.z,8895.57560864936
2.728091122,1785795406.494181753,/loadcell_data_filtered.wrench.force.z,8898.290637950353
2.730215637,1785795406.496306268,/loadcell_data_filtered.wrench.force.z,8901.657158469958
2.730416692,1785795406.496507323,/loadcell_data_filtered.wrench.force.z,8905.45483369766
2.730619988,1785795406.496710619,/loadcell_data_filtered.wrench.force.z,8908.467654978669
2.730768152,1785795406.496858783,/loadcell_data_filtered.wrench.force.z,8904.224770963796
2.730915451,1785795406.497006082,/loadcell_data_filtered.wrench.force.z,8906.425880818108
2.731064741,1785795406.497155372,/loadcell_data_filtered.wrench.force.z,8906.90179823831
2.731862056,1785795406.497952687,/loadcell_data_filtered.wrench.force.z,8906.986229334529
2.732263466,1785795406.498354097,/loadcell_data_filtered.wrench.force.z,8907.052485835236
2.735793898,1785795406.501884529,/loadcell_data_filtered.wrench.force.z,8907.337271450422
2.73704841,1785795406.503139041,/loadcell_data_filtered.wrench.force.z,8907.67193315762
2.737216963,1785795406.503307594,/loadcell_data_filtered.wrench.force.z,8908.429049391276
2.737345016,1785795406.503435647,/loadcell_data_filtered.wrench.force.z,8909.604159854238
2.737469211,1785795406.503559842,/loadcell_data_filtered.wrench.force.z,8911.153629019358
2.73759227,1785795406.503682901,/loadcell_data_filtered.wrench.force.z,8912.130253754778
2.737716215,1785795406.503806846,/loadcell_data_filtered.wrench.force.z,8913.270013366147
2.73782768,1785795406.503918311,/loadcell_data_filtered.wrench.force.z,8914.353930224022
2.7379554,1785795406.504046031,/loadcell_data_filtered.wrench.force.z,8909.667699774243
2.738078798,1785795406.504169429,/loadcell_data_filtered.wrench.force.z,8906.068813492548
2.7382727669999998,1785795406.504363398,/loadcell_data_filtered.wrench.force.z,8902.630900152055
2.740995577,1785795406.507086208,/loadcell_data_filtered.wrench.force.z,8900.00561920425
2.741153982,1785795406.507244613,/loadcell_data_filtered.wrench.force.z,8898.134598900959
2.741677106,1785795406.507767737,/loadcell_data_filtered.wrench.force.z,8896.85119127016
2.741792547,1785795406.507883178,/loadcell_data_filtered.wrench.force.z,8896.702969541788
2.741909484,1785795406.508000115,/loadcell_data_filtered.wrench.force.z,8897.501299569365
2.74202763,1785795406.508118261,/loadcell_data_filtered.wrench.force.z,8899.026119524398
2.742141401,1785795406.508232032,/loadcell_data_filtered.wrench.force.z,8900.981636891302
2.742251683,1785795406.508342314,/loadcell_data_filtered.wrench.force.z,8901.263343749899
2.742362182,1785795406.508452813,/loadcell_data_filtered.wrench.force.z,8902.025071274933
2.742515941,1785795406.508606572,/loadcell_data_filtered.wrench.force.z,8901.10063955985
2.745337446,1785795406.511428077,/loadcell_data_filtered.wrench.force.z,8900.765703700903
2.7458979990000003,1785795406.511988630,/loadcell_data_filtered.wrench.force.z,8900.99076024288
2.74608399,1785795406.512174621,/loadcell_data_filtered.wrench.force.z,8901.555760345462
2.746221422,1785795406.512312053,/loadcell_data_filtered.wrench.force.z,8902.28484808793
2.746351516,1785795406.512442147,/loadcell_data_filtered.wrench.force.z,8908.836704307458
2.746483023,1785795406.512573654,/loadcell_data_filtered.wrench.force.z,8913.59547559846
2.7466155370000003,1785795406.512706168,/loadcell_data_filtered.wrench.force.z,8917.625133838283
2.747702116,1785795406.513792747,/loadcell_data_filtered.wrench.force.z,8920.052830767836
2.747834791,1785795406.513925422,/loadcell_data_filtered.wrench.force.z,8923.701583478552
2.747970408,1785795406.514061039,/loadcell_data_filtered.wrench.force.z,8925.870672076613
2.749541286,1785795406.515631917,/loadcell_data_filtered.wrench.force.z,8927.4376223674
2.750042337,1785795406.516132968,/loadcell_data_filtered.wrench.force.z,8927.198561239673
2.750446224,1785795406.516536855,/loadcell_data_filtered.wrench.force.z,8927.70917502177
2.750757525,1785795406.516848156,/loadcell_data_filtered.wrench.force.z,8928.272576841406
2.751197928,1785795406.517288559,/loadcell_data_filtered.wrench.force.z,8928.634222248853
2.751565765,1785795406.517656396,/loadcell_data_filtered.wrench.force.z,8929.256585571427
2.751868474,1785795406.517959105,/loadcell_data_filtered.wrench.force.z,8929.763277699149
2.754004686,1785795406.520095317,/loadcell_data_filtered.wrench.force.z,8930.570029060093
2.754287433,1785795406.520378064,/loadcell_data_filtered.wrench.force.z,8930.970181143286
2.754473618,1785795406.520564249,/loadcell_data_filtered.wrench.force.z,8932.344032450195
2.754660191,1785795406.520750822,/loadcell_data_filtered.wrench.force.z,8932.855817564501
2.754841891,1785795406.520932522,/loadcell_data_filtered.wrench.force.z,8928.804615111192
2.755084778,1785795406.521175409,/loadcell_data_filtered.wrench.force.z,8925.42733701294
2.755299359,1785795406.521389990,/loadcell_data_filtered.wrench.force.z,8922.482504715143
2.755500767,1785795406.521591398,/loadcell_data_filtered.wrench.force.z,8919.410172977314
2.755832479,1785795406.521923110,/loadcell_data_filtered.wrench.force.z,8916.37221676383
2.756223008,1785795406.522313639,/loadcell_data_filtered.wrench.force.z,8915.618532409884
2.756636062,1785795406.522726693,/loadcell_data_filtered.wrench.force.z,8915.643974699778
2.757180054,1785795406.523270685,/loadcell_data_filtered.wrench.force.z,8916.29624161917
2.75753173,1785795406.523622361,/loadcell_data_filtered.wrench.force.z,8916.87219472155
2.7602475760000003,1785795406.526338207,/loadcell_data_filtered.wrench.force.z,8917.361027701229
2.7605257940000003,1785795406.526616425,/loadcell_data_filtered.wrench.force.z,8917.845520219002
2.760717057,1785795406.526807688,/loadcell_data_filtered.wrench.force.z,8917.84882588722
2.760905401,1785795406.526996032,/loadcell_data_filtered.wrench.force.z,8914.07922423083
2.761155916,1785795406.527246547,/loadcell_data_filtered.wrench.force.z,8911.19785910317
2.7615337120000003,1785795406.527624343,/loadcell_data_filtered.wrench.force.z,8910.52878819899
2.761776946,1785795406.527867577,/loadcell_data_filtered.wrench.force.z,8910.34107777569
2.76200129,1785795406.528091921,/loadcell_data_filtered.wrench.force.z,8914.635783114469
2.7621950010000003,1785795406.528285632,/loadcell_data_filtered.wrench.force.z,8918.123890327865
2.762566564,1785795406.528657195,/loadcell_data_filtered.wrench.force.z,8922.042848131183
2.7630830360000003,1785795406.529173667,/loadcell_data_filtered.wrench.force.z,8925.11228964732
2.763860503,1785795406.529951134,/loadcell_data_filtered.wrench.force.z,8927.549433585718
2.764268318,1785795406.530358949,/loadcell_data_filtered.wrench.force.z,8929.630896141083
2.764608018,1785795406.530698649,/loadcell_data_filtered.wrench.force.z,8930.89584999264
2.764948837,1785795406.531039468,/loadcell_data_filtered.wrench.force.z,8930.248362826414
2.765471157,1785795406.531561788,/loadcell_data_filtered.wrench.force.z,8929.655806081317
2.766412738,1785795406.532503369,/loadcell_data_filtered.wrench.force.z,8929.0680890181
2.76674045,1785795406.532831081,/loadcell_data_filtered.wrench.force.z,8928.55285009983
2.767008614,1785795406.533099245,/loadcell_data_filtered.wrench.force.z,8928.332250365473
2.767583006,1785795406.533673637,/loadcell_data_filtered.wrench.force.z,8928.337743321952
2.768019219,1785795406.534109850,/loadcell_data_filtered.wrench.force.z,8928.39696746206
2.7686521,1785795406.534742731,/loadcell_data_filtered.wrench.force.z,8928.187140756158
2.769000243,1785795406.535090874,/loadcell_data_filtered.wrench.force.z,8927.899005107009
2.769607359,1785795406.535697990,/loadcell_data_filtered.wrench.force.z,8927.503772906824
2.770004666,1785795406.536095297,/loadcell_data_filtered.wrench.force.z,8921.786436815857
2.770552521,1785795406.536643152,/loadcell_data_filtered.wrench.force.z,8918.41817424008
2.772941685,1785795406.539032316,/loadcell_data_filtered.wrench.force.z,8914.282369840239
2.773191143,1785795406.539281774,/loadcell_data_filtered.wrench.force.z,8910.691350723135
2.773376999,1785795406.539467630,/loadcell_data_filtered.wrench.force.z,8907.207085624885
2.773656561,1785795406.539747192,/loadcell_data_filtered.wrench.force.z,8898.06974860313
2.773925477,1785795406.540016108,/loadcell_data_filtered.wrench.force.z,8896.424225513954
2.774316369,1785795406.540407000,/loadcell_data_filtered.wrench.force.z,8895.491115157172
2.77458534,1785795406.540675971,/loadcell_data_filtered.wrench.force.z,8895.487267950737
2.774879411,1785795406.540970042,/loadcell_data_filtered.wrench.force.z,8895.838154775516
2.775207713,1785795406.541298344,/loadcell_data_filtered.wrench.force.z,8895.558233799688
2.775844418,1785795406.541935049,/loadcell_data_filtered.wrench.force.z,8895.053161648453
2.776198791,1785795406.542289422,/loadcell_data_filtered.wrench.force.z,8894.939596151868
2.777868945,1785795406.543959576,/loadcell_data_filtered.wrench.force.z,8894.79399576624
2.778088689,1785795406.544179320,/loadcell_data_filtered.wrench.force.z,8894.666111922015
2.778229131,1785795406.544319762,/loadcell_data_filtered.wrench.force.z,8887.809228099413
2.778356885,1785795406.544447516,/loadcell_data_filtered.wrench.force.z,8888.288859757904
2.778687645,1785795406.544778276,/loadcell_data_filtered.wrench.force.z,8893.842945095297
2.778961627,1785795406.545052258,/loadcell_data_filtered.wrench.force.z,8898.269517785868
2.779426907,1785795406.545517538,/loadcell_data_filtered.wrench.force.z,8902.344394488891
2.779763211,1785795406.545853842,/loadcell_data_filtered.wrench.force.z,8905.337506910982
2.780275171,1785795406.546365802,/loadcell_data_filtered.wrench.force.z,8908.56162921399
2.780873269,1785795406.546963900,/loadcell_data_filtered.wrench.force.z,8910.229129939293
2.783031445,1785795406.549122076,/loadcell_data_filtered.wrench.force.z,8911.07710679099
2.783437992,1785795406.549528623,/loadcell_data_filtered.wrench.force.z,8911.461566533617
2.783732384,1785795406.549823015,/loadcell_data_filtered.wrench.force.z,8905.961245025635
2.783948921,1785795406.550039552,/loadcell_data_filtered.wrench.force.z,8906.193661226205
2.784123073,1785795406.550213704,/loadcell_data_filtered.wrench.force.z,8906.268250694193
2.786102514,1785795406.552193145,/loadcell_data_filtered.wrench.force.z,8906.876283247386
2.786445497,1785795406.552536128,/loadcell_data_filtered.wrench.force.z,8907.458147388525
2.78680346,1785795406.552894091,/loadcell_data_filtered.wrench.force.z,8901.209682372752
2.788566262,1785795406.554656893,/loadcell_data_filtered.wrench.force.z,8902.095540529235
2.788889143,1785795406.554979774,/loadcell_data_filtered.wrench.force.z,8903.122832549972
2.790859687,1785795406.556950318,/loadcell_data_filtered.wrench.force.z,8902.554944538486
2.791221566,1785795406.557312197,/loadcell_data_filtered.wrench.force.z,8898.184963717631
2.7915064320000003,1785795406.557597063,/loadcell_data_filtered.wrench.force.z,8894.797103598472
2.791787059,1785795406.557877690,/loadcell_data_filtered.wrench.force.z,8892.475321725042
2.7921817410000003,1785795406.558272372,/loadcell_data_filtered.wrench.force.z,8890.830919063716
2.7925730570000002,1785795406.558663688,/loadcell_data_filtered.wrench.force.z,8888.655275478864
2.792889363,1785795406.558979994,/loadcell_data_filtered.wrench.force.z,8888.253844693305
2.793183657,1785795406.559274288,/loadcell_data_filtered.wrench.force.z,8888.776469142822
2.793472425,1785795406.559563056,/loadcell_data_filtered.wrench.force.z,8889.810349744024
2.793782486,1785795406.559873117,/loadcell_data_filtered.wrench.force.z,8891.26494775522
2.794117427,1785795406.560208058,/loadcell_data_filtered.wrench.force.z,8890.904947738616
2.794445961,1785795406.560536592,/loadcell_data_filtered.wrench.force.z,8890.36669727056
2.794778782,1785795406.560869413,/loadcell_data_filtered.wrench.force.z,8883.867715860242
2.795166222,1785795406.561256853,/loadcell_data_filtered.wrench.force.z,8884.584911461021
2.795552437,1785795406.561643068,/loadcell_data_filtered.wrench.force.z,8884.37700421629
2.795996775,1785795406.562087406,/loadcell_data_filtered.wrench.force.z,8884.713712668081
2.796369839,1785795406.562460470,/loadcell_data_filtered.wrench.force.z,8884.835352503598
2.796795463,1785795406.562886094,/loadcell_data_filtered.wrench.force.z,8889.733011787032
2.79718204,1785795406.563272671,/loadcell_data_filtered.wrench.force.z,8893.626685117017
2.797513764,1785795406.563604395,/loadcell_data_filtered.wrench.force.z,8898.376220632368
2.797782568,1785795406.563873199,/loadcell_data_filtered.wrench.force.z,8895.344173469559
2.798043501,1785795406.564134132,/loadcell_data_filtered.wrench.force.z,8898.371964539607
2.798247516,1785795406.564338147,/loadcell_data_filtered.wrench.force.z,8900.19853437742
2.798430619,1785795406.564521250,/loadcell_data_filtered.wrench.force.z,8901.957550679484
2.7986067610000003,1785795406.564697392,/loadcell_data_filtered.wrench.force.z,8902.456668706162
2.798783369,1785795406.564874000,/loadcell_data_filtered.wrench.force.z,8902.704289803209
2.799619916,1785795406.565710547,/loadcell_data_filtered.wrench.force.z,8903.30946266332
2.800352215,1785795406.566442846,/loadcell_data_filtered.wrench.force.z,8903.555574143002
2.800549362,1785795406.566639993,/loadcell_data_filtered.wrench.force.z,8904.123490558932
2.800733125,1785795406.566823756,/loadcell_data_filtered.wrench.force.z,8904.643864505118
2.801345305,1785795406.567435936,/loadcell_data_filtered.wrench.force.z,8904.744505770977
2.8018126480000003,1785795406.567903279,/loadcell_data_filtered.wrench.force.z,8904.819787800627
2.802361789,1785795406.568452420,/loadcell_data_filtered.wrench.force.z,8905.009632072293
2.802728425,1785795406.568819056,/loadcell_data_filtered.wrench.force.z,8905.41747576166
2.803245257,1785795406.569335888,/loadcell_data_filtered.wrench.force.z,8900.22892622789
2.803906247,1785795406.569996878,/loadcell_data_filtered.wrench.force.z,8897.434197851371
2.804260158,1785795406.570350789,/loadcell_data_filtered.wrench.force.z,8893.663312556697
2.804850649,1785795406.570941280,/loadcell_data_filtered.wrench.force.z,8890.57971052851
2.805380108,1785795406.571470739,/loadcell_data_filtered.wrench.force.z,8887.416025384799
2.808924879,1785795406.575015510,/loadcell_data_filtered.wrench.force.z,8885.817390083592
2.809218714,1785795406.575309345,/loadcell_data_filtered.wrench.force.z,8884.076311928302
2.809400838,1785795406.575491469,/loadcell_data_filtered.wrench.force.z,8883.792902720557
2.809578801,1785795406.575669432,/loadcell_data_filtered.wrench.force.z,8880.691782619526
2.809787976,1785795406.575878607,/loadcell_data_filtered.wrench.force.z,8877.477842937134
2.80997174,1785795406.576062371,/loadcell_data_filtered.wrench.force.z,8877.714070613825
2.810360712,1785795406.576451343,/loadcell_data_filtered.wrench.force.z,8876.327582222497
2.810658394,1785795406.576749025,/loadcell_data_filtered.wrench.force.z,8876.076033476433
2.810816245,1785795406.576906876,/loadcell_data_filtered.wrench.force.z,8876.114265930437
2.810970938,1785795406.577061569,/loadcell_data_filtered.wrench.force.z,8876.206848357346
2.811100428,1785795406.577191059,/loadcell_data_filtered.wrench.force.z,8876.27667064129
2.811419307,1785795406.577509938,/loadcell_data_filtered.wrench.force.z,8875.770749902216
2.8117703990000003,1785795406.577861030,/loadcell_data_filtered.wrench.force.z,8881.258390658983
2.812144256,1785795406.578234887,/loadcell_data_filtered.wrench.force.z,8885.23623677531
2.813090084,1785795406.579180715,/loadcell_data_filtered.wrench.force.z,8888.849847765736
2.813510725,1785795406.579601356,/loadcell_data_filtered.wrench.force.z,8891.729711095153
2.8137795260000003,1785795406.579870157,/loadcell_data_filtered.wrench.force.z,8895.313169398083
2.814181905,1785795406.580272536,/loadcell_data_filtered.wrench.force.z,8896.599024776768
2.814746603,1785795406.580837234,/loadcell_data_filtered.wrench.force.z,8896.827171102088
2.815245067,1785795406.581335698,/loadcell_data_filtered.wrench.force.z,8897.008081863558
2.815935183,1785795406.582025814,/loadcell_data_filtered.wrench.force.z,8897.142316038746
2.816277373,1785795406.582368004,/loadcell_data_filtered.wrench.force.z,8897.451916593685
2.816715464,1785795406.582806095,/loadcell_data_filtered.wrench.force.z,8897.495676430792
2.817190564,1785795406.583281195,/loadcell_data_filtered.wrench.force.z,8897.714972396818
2.817741901,1785795406.583832532,/loadcell_data_filtered.wrench.force.z,8897.969962140214
2.818275265,1785795406.584365896,/loadcell_data_filtered.wrench.force.z,8898.034482175524
2.818654455,1785795406.584745086,/loadcell_data_filtered.wrench.force.z,8898.027593373738
2.819347986,1785795406.585438617,/loadcell_data_filtered.wrench.force.z,8897.820100196652
2.820090261,1785795406.586180892,/loadcell_data_filtered.wrench.force.z,8895.297357848309
2.820724157,1785795406.586814788,/loadcell_data_filtered.wrench.force.z,8891.218352473958
2.821232771,1785795406.587323402,/loadcell_data_filtered.wrench.force.z,8887.2867706764
2.821685334,1785795406.587775965,/loadcell_data_filtered.wrench.force.z,8884.049438924749
2.8221031080000003,1785795406.588193739,/loadcell_data_filtered.wrench.force.z,8881.494389950729
2.822462777,1785795406.588553408,/loadcell_data_filtered.wrench.force.z,8878.754205775465
2.826640561,1785795406.592731192,/loadcell_data_filtered.wrench.force.z,8877.558307094836
2.8277600730000003,1785795406.593850704,/loadcell_data_filtered.wrench.force.z,8877.384715511187
2.82843393,1785795406.594524561,/loadcell_data_filtered.wrench.force.z,8878.12409032922
2.828831675,1785795406.594922306,/loadcell_data_filtered.wrench.force.z,8879.227406144004
2.829252545,1785795406.595343176,/loadcell_data_filtered.wrench.force.z,8880.572097701453
2.829655309,1785795406.595745940,/loadcell_data_filtered.wrench.force.z,8881.478019059008
2.830043406,1785795406.596134037,/loadcell_data_filtered.wrench.force.z,8882.052741893063
2.830230873,1785795406.596321504,/loadcell_data_filtered.wrench.force.z,8882.70197032524
2.830409711,1785795406.596500342,/loadcell_data_filtered.wrench.force.z,8883.396635538917
2.830587566,1785795406.596678197,/loadcell_data_filtered.wrench.force.z,8882.56116527626
2.830745245,1785795406.596835876,/loadcell_data_filtered.wrench.force.z,8882.780918373455
2.830911727,1785795406.597002358,/loadcell_data_filtered.wrench.force.z,8888.070532452264
2.831085989,1785795406.597176620,/loadcell_data_filtered.wrench.force.z,8891.064448645031
2.831272496,1785795406.597363127,/loadcell_data_filtered.wrench.force.z,8896.174965195743
2.83144928,1785795406.597539911,/loadcell_data_filtered.wrench.force.z,8900.066724427472
2.831604075,1785795406.597694706,/loadcell_data_filtered.wrench.force.z,8903.05331582474
2.831751606,1785795406.597842237,/loadcell_data_filtered.wrench.force.z,8905.215008050513
2.8319320020000003,1785795406.598022633,/loadcell_data_filtered.wrench.force.z,8906.717881929862
2.832162153,1785795406.598252784,/loadcell_data_filtered.wrench.force.z,8907.64188874433
2.83630864,1785795406.602399271,/loadcell_data_filtered.wrench.force.z,8907.780461632181
2.8372897,1785795406.603380331,/loadcell_data_filtered.wrench.force.z,8907.92596958012
2.838074805,1785795406.604165436,/loadcell_data_filtered.wrench.force.z,8908.937259383754
2.838481842,1785795406.604572473,/loadcell_data_filtered.wrench.force.z,8909.685468158483
2.839007049,1785795406.605097680,/loadcell_data_filtered.wrench.force.z,8910.296373203053
2.8395584940000003,1785795406.605649125,/loadcell_data_filtered.wrench.force.z,8911.260421017023
2.840005273,1785795406.606095904,/loadcell_data_filtered.wrench.force.z,8912.029528768906
2.840368669,1785795406.606459300,/loadcell_data_filtered.wrench.force.z,8912.657630721977
2.8407600850000003,1785795406.606850716,/loadcell_data_filtered.wrench.force.z,8913.291808472184
2.841102278,1785795406.607192909,/loadcell_data_filtered.wrench.force.z,8907.63718440916
2.841441102,1785795406.607531733,/loadcell_data_filtered.wrench.force.z,8904.093413023755
2.842745753,1785795406.608836384,/loadcell_data_filtered.wrench.force.z,8899.38567536759
2.842759867,1785795406.608850498,/loadcell_data_filtered.wrench.force.z,8897.095068818437
2.8427632000000003,1785795406.608853831,/loadcell_data_filtered.wrench.force.z,8893.620150574021
2.843119098,1785795406.609209729,/loadcell_data_filtered.wrench.force.z,8892.280424471195
2.843461259,1785795406.609551890,/loadcell_data_filtered.wrench.force.z,8891.577420920454
2.845693423,1785795406.611784054,/loadcell_data_filtered.wrench.force.z,8891.713071167494
2.8459836430000003,1785795406.612074274,/loadcell_data_filtered.wrench.force.z,8892.266673617249
2.846184071,1785795406.612274702,/loadcell_data_filtered.wrench.force.z,8892.916526468407
2.8463648690000003,1785795406.612455500,/loadcell_data_filtered.wrench.force.z,8893.002880197402
2.846586742,1785795406.612677373,/loadcell_data_filtered.wrench.force.z,8891.579510027408
2.846803332,1785795406.612893963,/loadcell_data_filtered.wrench.force.z,8886.515668123862
2.847014038,1785795406.613104669,/loadcell_data_filtered.wrench.force.z,8886.771100852466
2.847187384,1785795406.613278015,/loadcell_data_filtered.wrench.force.z,8887.438194833625
2.847334022,1785795406.613424653,/loadcell_data_filtered.wrench.force.z,8888.343454534626
2.847494551,1785795406.613585182,/loadcell_data_filtered.wrench.force.z,8889.723350639517
2.847654082,1785795406.613744713,/loadcell_data_filtered.wrench.force.z,8895.025947554477
2.848031078,1785795406.614121709,/loadcell_data_filtered.wrench.force.z,8900.405260122969
2.8481952550000003,1785795406.614285886,/loadcell_data_filtered.wrench.force.z,8903.3880179486
2.848353133,1785795406.614443764,/loadcell_data_filtered.wrench.force.z,8906.96311877888
2.850554034,1785795406.616644665,/loadcell_data_filtered.wrench.force.z,8910.62126436947
2.850838475,1785795406.616929106,/loadcell_data_filtered.wrench.force.z,8912.089999876272
2.851054528,1785795406.617145159,/loadcell_data_filtered.wrench.force.z,8913.649185345963
2.852726969,1785795406.618817600,/loadcell_data_filtered.wrench.force.z,8914.289524739685
2.853198499,1785795406.619289130,/loadcell_data_filtered.wrench.force.z,8914.445663397786
2.853600175,1785795406.619690806,/loadcell_data_filtered.wrench.force.z,8915.531843192088
2.854219903,1785795406.620310534,/loadcell_data_filtered.wrench.force.z,8916.44418044975
2.854747789,1785795406.620838420,/loadcell_data_filtered.wrench.force.z,8917.261866174696
2.855292659,1785795406.621383290,/loadcell_data_filtered.wrench.force.z,8917.112122657518
2.855729149,1785795406.621819780,/loadcell_data_filtered.wrench.force.z,8917.792525161662
2.856179141,1785795406.622269772,/loadcell_data_filtered.wrench.force.z,8918.579113042098
2.856489133,1785795406.622579764,/loadcell_data_filtered.wrench.force.z,8919.285540097997
2.856760788,1785795406.622851419,/loadcell_data_filtered.wrench.force.z,8914.630737088355
2.857144479,1785795406.623235110,/loadcell_data_filtered.wrench.force.z,8911.948508929385
2.85747034,1785795406.623560971,/loadcell_data_filtered.wrench.force.z,8908.426750070372
2.857723541,1785795406.623814172,/loadcell_data_filtered.wrench.force.z,8904.886263859375
2.85804986,1785795406.624140491,/loadcell_data_filtered.wrench.force.z,8902.91939610775
2.8583663440000002,1785795406.624456975,/loadcell_data_filtered.wrench.force.z,8900.719674278736
2.858657527,1785795406.624748158,/loadcell_data_filtered.wrench.force.z,8899.812257645988
2.85912483,1785795406.625215461,/loadcell_data_filtered.wrench.force.z,8899.199664939131
2.859443933,1785795406.625534564,/loadcell_data_filtered.wrench.force.z,8899.014326464581
2.859764325,1785795406.625854956,/loadcell_data_filtered.wrench.force.z,8899.813021407028
2.860079824,1785795406.626170455,/loadcell_data_filtered.wrench.force.z,8900.535294523508
2.860390035,1785795406.626480666,/loadcell_data_filtered.wrench.force.z,8901.091627645146
2.860712647,1785795406.626803278,/loadcell_data_filtered.wrench.force.z,8901.242736086113
2.8610342280000003,1785795406.627124859,/loadcell_data_filtered.wrench.force.z,8900.584969316973
2.861356119,1785795406.627446750,/loadcell_data_filtered.wrench.force.z,8900.447169194718
2.861697226,1785795406.627787857,/loadcell_data_filtered.wrench.force.z,8900.409850708425
2.862021414,1785795406.628112045,/loadcell_data_filtered.wrench.force.z,8900.86279364945
2.862224303,1785795406.628314934,/loadcell_data_filtered.wrench.force.z,8907.039550371966
2.862411563,1785795406.628502194,/loadcell_data_filtered.wrench.force.z,8911.191015478045
2.862600343,1785795406.628690974,/loadcell_data_filtered.wrench.force.z,8915.556756702807
2.8632949940000003,1785795406.629385625,/loadcell_data_filtered.wrench.force.z,8919.45296910338
2.863828909,1785795406.629919540,/loadcell_data_filtered.wrench.force.z,8922.6553624911
2.86410331,1785795406.630193941,/loadcell_data_filtered.wrench.force.z,8924.796473321972
2.865015389,1785795406.631106020,/loadcell_data_filtered.wrench.force.z,8926.18228545368
2.8655121990000003,1785795406.631602830,/loadcell_data_filtered.wrench.force.z,8926.753259187659
2.866208706,1785795406.632299337,/loadcell_data_filtered.wrench.force.z,8927.717319205729
2.866405713,1785795406.632496344,/loadcell_data_filtered.wrench.force.z,8928.285345294997
2.86655157,1785795406.632642201,/loadcell_data_filtered.wrench.force.z,8928.720483662908
2.8670045760000002,1785795406.633095207,/loadcell_data_filtered.wrench.force.z,8928.710487595217
2.867473732,1785795406.633564363,/loadcell_data_filtered.wrench.force.z,8929.01929294483
2.868048528,1785795406.634139159,/loadcell_data_filtered.wrench.force.z,8929.356329263144
2.868996767,1785795406.635087398,/loadcell_data_filtered.wrench.force.z,8929.627700932459
2.8691738410000003,1785795406.635264472,/loadcell_data_filtered.wrench.force.z,8930.07419932265
2.869375346,1785795406.635465977,/loadcell_data_filtered.wrench.force.z,8929.993984893212
2.870029261,1785795406.636119892,/loadcell_data_filtered.wrench.force.z,8924.225032742073
2.8707505,1785795406.636841131,/loadcell_data_filtered.wrench.force.z,8920.166021091136
2.871415996,1785795406.637506627,/loadcell_data_filtered.wrench.force.z,8916.257079202718
2.871905742,1785795406.637996373,/loadcell_data_filtered.wrench.force.z,8912.670156139187
2.872339427,1785795406.638430058,/loadcell_data_filtered.wrench.force.z,8909.300671544952
2.87266855,1785795406.638759181,/loadcell_data_filtered.wrench.force.z,8907.407692794959
2.873122147,1785795406.639212778,/loadcell_data_filtered.wrench.force.z,8906.108367466302
2.87373397,1785795406.639824601,/loadcell_data_filtered.wrench.force.z,8905.795249011071
2.874091259,1785795406.640181890,/loadcell_data_filtered.wrench.force.z,8905.547125257255
2.8746599870000002,1785795406.640750618,/loadcell_data_filtered.wrench.force.z,8905.460412740234
2.8751853,1785795406.641275931,/loadcell_data_filtered.wrench.force.z,8905.098404091861
2.877301533,1785795406.643392164,/loadcell_data_filtered.wrench.force.z,8904.153950750033
2.878151459,1785795406.644242090,/loadcell_data_filtered.wrench.force.z,8903.143204770087
2.87852441,1785795406.644615041,/loadcell_data_filtered.wrench.force.z,8902.495617957497
2.8788606310000002,1785795406.644951262,/loadcell_data_filtered.wrench.force.z,8901.69549343526
2.879208058,1785795406.645298689,/loadcell_data_filtered.wrench.force.z,8900.760533705658
2.879574004,1785795406.645664635,/loadcell_data_filtered.wrench.force.z,8901.501939437856
2.879943362,1785795406.646033993,/loadcell_data_filtered.wrench.force.z,8906.20927247003
2.880288203,1785795406.646378834,/loadcell_data_filtered.wrench.force.z,8910.586195888178
2.880623974,1785795406.646714605,/loadcell_data_filtered.wrench.force.z,8914.193206610113
2.880987662,1785795406.647078293,/loadcell_data_filtered.wrench.force.z,8916.917367189948
2.881224083,1785795406.647314714,/loadcell_data_filtered.wrench.force.z,8919.328925413796
2.881408315,1785795406.647498946,/loadcell_data_filtered.wrench.force.z,8920.609248449626
2.881607114,1785795406.647697745,/loadcell_data_filtered.wrench.force.z,8920.864149567804
2.88293865,1785795406.649029281,/loadcell_data_filtered.wrench.force.z,8920.87886993267
2.883740978,1785795406.649831609,/loadcell_data_filtered.wrench.force.z,8921.333414571365
2.883750423,1785795406.649841054,/loadcell_data_filtered.wrench.force.z,8921.976547425314
2.884171632,1785795406.650262263,/loadcell_data_filtered.wrench.force.z,8922.364823680957
2.8846013800000003,1785795406.650692011,/loadcell_data_filtered.wrench.force.z,8922.505435859384
2.884902765,1785795406.650993396,/loadcell_data_filtered.wrench.force.z,8923.221640664578
2.885266249,1785795406.651356880,/loadcell_data_filtered.wrench.force.z,8923.768544338767
2.885796373,1785795406.651887004,/loadcell_data_filtered.wrench.force.z,8924.47887453174
2.886353137,1785795406.652443768,/loadcell_data_filtered.wrench.force.z,8925.155687485532
2.88669265,1785795406.652783281,/loadcell_data_filtered.wrench.force.z,8921.610055449752
2.887694335,1785795406.653784966,/loadcell_data_filtered.wrench.force.z,8919.344185221104
2.887992451,1785795406.654083082,/loadcell_data_filtered.wrench.force.z,8915.812532873579
2.890157532,1785795406.656248163,/loadcell_data_filtered.wrench.force.z,8913.44616399242
2.890524243,1785795406.656614874,/loadcell_data_filtered.wrench.force.z,8910.536733111303
2.8906389040000002,1785795406.656729535,/loadcell_data_filtered.wrench.force.z,8909.721588936
2.8907636830000003,1785795406.656854314,/loadcell_data_filtered.wrench.force.z,8909.47667588889
2.890895215,1785795406.656985846,/loadcell_data_filtered.wrench.force.z,8910.659494576024
2.8910720420000002,1785795406.657162673,/loadcell_data_filtered.wrench.force.z,8912.251529624235
2.892992715,1785795406.659083346,/loadcell_data_filtered.wrench.force.z,8912.842699201668
2.893479616,1785795406.659570247,/loadcell_data_filtered.wrench.force.z,8912.52422359239
2.893883964,1785795406.659974595,/loadcell_data_filtered.wrench.force.z,8912.903892766477
2.894193916,1785795406.660284547,/loadcell_data_filtered.wrench.force.z,8906.239476031098
2.8944479000000003,1785795406.660538531,/loadcell_data_filtered.wrench.force.z,8906.751923011463
2.894694201,1785795406.660784832,/loadcell_data_filtered.wrench.force.z,8906.065138092294
2.895620994,1785795406.661711625,/loadcell_data_filtered.wrench.force.z,8906.034233260749
2.895990013,1785795406.662080644,/loadcell_data_filtered.wrench.force.z,8906.3396323084
2.896270653,1785795406.662361284,/loadcell_data_filtered.wrench.force.z,8906.265319029728
2.896470534,1785795406.662561165,/loadcell_data_filtered.wrench.force.z,8909.800455210134
2.896753543,1785795406.662844174,/loadcell_data_filtered.wrench.force.z,8914.388012106618
2.897064454,1785795406.663155085,/loadcell_data_filtered.wrench.force.z,8917.554612300539
2.8972946950000003,1785795406.663385326,/loadcell_data_filtered.wrench.force.z,8920.804426116967
2.897483286,1785795406.663573917,/loadcell_data_filtered.wrench.force.z,8922.088750792
2.900684611,1785795406.666775242,/loadcell_data_filtered.wrench.force.z,8923.348857751118
2.901068179,1785795406.667158810,/loadcell_data_filtered.wrench.force.z,8923.73768948674
2.901400074,1785795406.667490705,/loadcell_data_filtered.wrench.force.z,8924.794295016925
2.901623715,1785795406.667714346,/loadcell_data_filtered.wrench.force.z,8925.720510295314
2.901824651,1785795406.667915282,/loadcell_data_filtered.wrench.force.z,8926.773663888727
2.902033442,1785795406.668124073,/loadcell_data_filtered.wrench.force.z,8928.397244047348
2.902307875,1785795406.668398506,/loadcell_data_filtered.wrench.force.z,8929.767393984208
2.902612195,1785795406.668702826,/loadcell_data_filtered.wrench.force.z,8930.191171105223
2.90291763,1785795406.669008261,/loadcell_data_filtered.wrench.force.z,8930.002087995228
2.903362884,1785795406.669453515,/loadcell_data_filtered.wrench.force.z,8930.303328982485
2.905445704,1785795406.671536335,/loadcell_data_filtered.wrench.force.z,8930.578696975312
2.905703156,1785795406.671793787,/loadcell_data_filtered.wrench.force.z,8925.667221882048
2.906011854,1785795406.672102485,/loadcell_data_filtered.wrench.force.z,8922.213078434459
2.90632554,1785795406.672416171,/loadcell_data_filtered.wrench.force.z,8919.759469876695
2.906546167,1785795406.672636798,/loadcell_data_filtered.wrench.force.z,8910.43179774854
2.906721798,1785795406.672812429,/loadcell_data_filtered.wrench.force.z,8908.618093146919
2.907027168,1785795406.673117799,/loadcell_data_filtered.wrench.force.z,8907.118713866195
2.907422421,1785795406.673513052,/loadcell_data_filtered.wrench.force.z,8906.977793573024
2.907807193,1785795406.673897824,/loadcell_data_filtered.wrench.force.z,8908.117630469204
2.908200299,1785795406.674290930,/loadcell_data_filtered.wrench.force.z,8908.243190495297
2.908677264,1785795406.674767895,/loadcell_data_filtered.wrench.force.z,8909.742032243854
2.9093989760000003,1785795406.675489607,/loadcell_data_filtered.wrench.force.z,8909.714438603307
2.910074625,1785795406.676165256,/loadcell_data_filtered.wrench.force.z,8909.52235074142
2.910539825,1785795406.676630456,/loadcell_data_filtered.wrench.force.z,8909.917235755676
2.916748068,1785795406.682838699,/loadcell_data_filtered.wrench.force.z,8909.367098526884
2.917375023,1785795406.683465654,/loadcell_data_filtered.wrench.force.z,8909.082637136842
2.9177990300000003,1785795406.683889661,/loadcell_data_filtered.wrench.force.z,8912.890237163881
2.918168413,1785795406.684259044,/loadcell_data_filtered.wrench.force.z,8915.769775145745
2.9185245980000003,1785795406.684615229,/loadcell_data_filtered.wrench.force.z,8918.74542315051
2.918842557,1785795406.684933188,/loadcell_data_filtered.wrench.force.z,8920.500187928616
2.919242446,1785795406.685333077,/loadcell_data_filtered.wrench.force.z,8920.898425270274
2.9195685730000003,1785795406.685659204,/loadcell_data_filtered.wrench.force.z,8920.958616741094
2.919917482,1785795406.686008113,/loadcell_data_filtered.wrench.force.z,8921.145606937982
2.9201844770000003,1785795406.686275108,/loadcell_data_filtered.wrench.force.z,8921.288643876376
2.92053764,1785795406.686628271,/loadcell_data_filtered.wrench.force.z,8921.221149874847
2.9211105120000003,1785795406.687201143,/loadcell_data_filtered.wrench.force.z,8919.735692575523
2.921550459,1785795406.687641090,/loadcell_data_filtered.wrench.force.z,8918.826148404905
2.921901319,1785795406.687991950,/loadcell_data_filtered.wrench.force.z,8918.081133487176
2.922416909,1785795406.688507540,/loadcell_data_filtered.wrench.force.z,8917.424612505374
2.922939849,1785795406.689030480,/loadcell_data_filtered.wrench.force.z,8917.1392713943
2.923706386,1785795406.689797017,/loadcell_data_filtered.wrench.force.z,8906.032050731046
2.924173126,1785795406.690263757,/loadcell_data_filtered.wrench.force.z,8902.17107605493
2.924685754,1785795406.690776385,/loadcell_data_filtered.wrench.force.z,8897.204636026348
2.925141711,1785795406.691232342,/loadcell_data_filtered.wrench.force.z,8893.889853983837
2.925638095,1785795406.691728726,/loadcell_data_filtered.wrench.force.z,8890.454341224973
2.926162605,1785795406.692253236,/loadcell_data_filtered.wrench.force.z,8888.3340239029
2.926610626,1785795406.692701257,/loadcell_data_filtered.wrench.force.z,8886.562120468936
2.927112482,1785795406.693203113,/loadcell_data_filtered.wrench.force.z,8886.341111724485
2.92761498,1785795406.693705611,/loadcell_data_filtered.wrench.force.z,8886.52640612461
2.928002518,1785795406.694093149,/loadcell_data_filtered.wrench.force.z,8886.76602709287
2.928419154,1785795406.694509785,/loadcell_data_filtered.wrench.force.z,8887.015812148915
2.92893183,1785795406.695022461,/loadcell_data_filtered.wrench.force.z,8886.8706386013
2.929808978,1785795406.695899609,/loadcell_data_filtered.wrench.force.z,8886.96454274944
2.930256013,1785795406.696346644,/loadcell_data_filtered.wrench.force.z,8886.634510345837
2.9305743250000003,1785795406.696664956,/loadcell_data_filtered.wrench.force.z,8886.671175737718
2.930846093,1785795406.696936724,/loadcell_data_filtered.wrench.force.z,8885.69672221074
2.931091189,1785795406.697181820,/loadcell_data_filtered.wrench.force.z,8886.43507773281
2.93133446,1785795406.697425091,/loadcell_data_filtered.wrench.force.z,8892.17012697848
2.931582076,1785795406.697672707,/loadcell_data_filtered.wrench.force.z,8896.112680738774
2.931835286,1785795406.697925917,/loadcell_data_filtered.wrench.force.z,8900.859007456746
2.932066389,1785795406.698157020,/loadcell_data_filtered.wrench.force.z,8904.169362702361
2.932303578,1785795406.698394209,/loadcell_data_filtered.wrench.force.z,8907.422832985116
2.932524533,1785795406.698615164,/loadcell_data_filtered.wrench.force.z,8908.888408880539
2.932782199,1785795406.698872830,/loadcell_data_filtered.wrench.force.z,8910.177393732944
2.933032021,1785795406.699122652,/loadcell_data_filtered.wrench.force.z,8910.956965900787
2.933282706,1785795406.699373337,/loadcell_data_filtered.wrench.force.z,8911.510593061612
2.933506904,1785795406.699597535,/loadcell_data_filtered.wrench.force.z,8911.950935374498
2.934338617,1785795406.700429248,/loadcell_data_filtered.wrench.force.z,8912.386726463234
2.9346909500000002,1785795406.700781581,/loadcell_data_filtered.wrench.force.z,8913.40473574447
2.93494044,1785795406.701031071,/loadcell_data_filtered.wrench.force.z,8913.968148169333
2.935210326,1785795406.701300957,/loadcell_data_filtered.wrench.force.z,8914.566710156547
2.935459149,1785795406.701549780,/loadcell_data_filtered.wrench.force.z,8915.004892742247
2.935809354,1785795406.701899985,/loadcell_data_filtered.wrench.force.z,8915.438641388708
2.936430809,1785795406.702521440,/loadcell_data_filtered.wrench.force.z,8915.071536787053
2.937426315,1785795406.703516946,/loadcell_data_filtered.wrench.force.z,8909.851507159348
2.937911862,1785795406.704002493,/loadcell_data_filtered.wrench.force.z,8906.385825596279
2.9382152990000003,1785795406.704305930,/loadcell_data_filtered.wrench.force.z,8903.740836158822
2.938457036,1785795406.704547667,/loadcell_data_filtered.wrench.force.z,8901.017722379349
2.9389323640000002,1785795406.705022995,/loadcell_data_filtered.wrench.force.z,8898.267292946393
2.939498125,1785795406.705588756,/loadcell_data_filtered.wrench.force.z,8897.13205815456
2.9399195010000003,1785795406.706010132,/loadcell_data_filtered.wrench.force.z,8896.965133083551
2.940333536,1785795406.706424167,/loadcell_data_filtered.wrench.force.z,8897.005018645837
2.944273233,1785795406.710363864,/loadcell_data_filtered.wrench.force.z,8897.641552770947
2.944441307,1785795406.710531938,/loadcell_data_filtered.wrench.force.z,8898.027693758106
2.9445937840000003,1785795406.710684415,/loadcell_data_filtered.wrench.force.z,8898.289896000406
2.944716511,1785795406.710807142,/loadcell_data_filtered.wrench.force.z,8890.998277227056
2.944845469,1785795406.710936100,/loadcell_data_filtered.wrench.force.z,8891.229952880029
2.944974328,1785795406.711064959,/loadcell_data_filtered.wrench.force.z,8890.390696879294
2.945095981,1785795406.711186612,/loadcell_data_filtered.wrench.force.z,8883.621024525555
2.945215864,1785795406.711306495,/loadcell_data_filtered.wrench.force.z,8883.559004019211
2.946432278,1785795406.712522909,/loadcell_data_filtered.wrench.force.z,8885.984654949714
2.946589175,1785795406.712679806,/loadcell_data_filtered.wrench.force.z,8890.335347772647
2.947504695,1785795406.713595326,/loadcell_data_filtered.wrench.force.z,8894.445039600496
2.947749126,1785795406.713839757,/loadcell_data_filtered.wrench.force.z,8898.764542983405
2.947955614,1785795406.714046245,/loadcell_data_filtered.wrench.force.z,8902.225956285543
2.948132507,1785795406.714223138,/loadcell_data_filtered.wrench.force.z,8904.617883740877
2.948306822,1785795406.714397453,/loadcell_data_filtered.wrench.force.z,8906.22435354916
2.948896851,1785795406.714987482,/loadcell_data_filtered.wrench.force.z,8906.33462428561
2.9501626930000002,1785795406.716253324,/loadcell_data_filtered.wrench.force.z,8906.22055336617
2.950301149,1785795406.716391780,/loadcell_data_filtered.wrench.force.z,8907.34670069394
2.950432047,1785795406.716522678,/loadcell_data_filtered.wrench.force.z,8907.729650831325
2.950577856,1785795406.716668487,/loadcell_data_filtered.wrench.force.z,8908.56376276108
2.9507066330000002,1785795406.716797264,/loadcell_data_filtered.wrench.force.z,8909.5987330716
2.952304265,1785795406.718394896,/loadcell_data_filtered.wrench.force.z,8909.381132426479
2.95322427,1785795406.719314901,/loadcell_data_filtered.wrench.force.z,8909.373555066622
2.953873905,1785795406.719964536,/loadcell_data_filtered.wrench.force.z,8910.443040652537
2.9542362950000003,1785795406.720326926,/loadcell_data_filtered.wrench.force.z,8911.369530555088
2.954531124,1785795406.720621755,/loadcell_data_filtered.wrench.force.z,8906.801239377332
2.95480544,1785795406.720896071,/loadcell_data_filtered.wrench.force.z,8903.166533538744
2.955038654,1785795406.721129285,/loadcell_data_filtered.wrench.force.z,8900.369954748981
2.9553214,1785795406.721412031,/loadcell_data_filtered.wrench.force.z,8897.730316019739
2.955710389,1785795406.721801020,/loadcell_data_filtered.wrench.force.z,8894.925593141821
2.956102118,1785795406.722192749,/loadcell_data_filtered.wrench.force.z,8893.170456745309
2.956483054,1785795406.722573685,/loadcell_data_filtered.wrench.force.z,8891.64284205657
2.9569230930000003,1785795406.723013724,/loadcell_data_filtered.wrench.force.z,8891.487342880848
2.957328543,1785795406.723419174,/loadcell_data_filtered.wrench.force.z,8892.032976812969
2.957921946,1785795406.724012577,/loadcell_data_filtered.wrench.force.z,8892.324768886834
2.95846163,1785795406.724552261,/loadcell_data_filtered.wrench.force.z,8892.587279936126
2.959370612,1785795406.725461243,/loadcell_data_filtered.wrench.force.z,8892.509521533126
2.959629209,1785795406.725719840,/loadcell_data_filtered.wrench.force.z,8892.370725818771
2.95982343,1785795406.725914061,/loadcell_data_filtered.wrench.force.z,8892.022930570512
2.960516114,1785795406.726606745,/loadcell_data_filtered.wrench.force.z,8891.71526927123
2.960970031,1785795406.727060662,/loadcell_data_filtered.wrench.force.z,8891.137358372538
2.96131964,1785795406.727410271,/loadcell_data_filtered.wrench.force.z,8890.842650560533
2.961820295,1785795406.727910926,/loadcell_data_filtered.wrench.force.z,8896.59705297543
2.964340721,1785795406.730431352,/loadcell_data_filtered.wrench.force.z,8900.55695835177
2.964790568,1785795406.730881199,/loadcell_data_filtered.wrench.force.z,8904.231364423216
2.965096216,1785795406.731186847,/loadcell_data_filtered.wrench.force.z,8907.288765753272
2.965378401,1785795406.731469032,/loadcell_data_filtered.wrench.force.z,8905.155623670435
2.9655960400000003,1785795406.731686671,/loadcell_data_filtered.wrench.force.z,8904.831638829093
2.9658533,1785795406.731943931,/loadcell_data_filtered.wrench.force.z,8905.479470316692
2.966154899,1785795406.732245530,/loadcell_data_filtered.wrench.force.z,8905.277730189786
2.966351493,1785795406.732442124,/loadcell_data_filtered.wrench.force.z,8905.574564760765
2.966531211,1785795406.732621842,/loadcell_data_filtered.wrench.force.z,8905.827532255935
2.966706959,1785795406.732797590,/loadcell_data_filtered.wrench.force.z,8906.130568644217
2.96719942,1785795406.733290051,/loadcell_data_filtered.wrench.force.z,8906.710962922769
2.968219279,1785795406.734309910,/loadcell_data_filtered.wrench.force.z,8906.961858657107
2.968442941,1785795406.734533572,/loadcell_data_filtered.wrench.force.z,8907.064276268562
2.968637325,1785795406.734727956,/loadcell_data_filtered.wrench.force.z,8907.715102805458
2.969167822,1785795406.735258453,/loadcell_data_filtered.wrench.force.z,8907.346976750301
2.969665391,1785795406.735756022,/loadcell_data_filtered.wrench.force.z,8906.38410402699
2.970214129,1785795406.736304760,/loadcell_data_filtered.wrench.force.z,8901.695350015136
2.970647677,1785795406.736738308,/loadcell_data_filtered.wrench.force.z,8897.740436397307
2.971112483,1785795406.737203114,/loadcell_data_filtered.wrench.force.z,8894.623079738065
2.971792179,1785795406.737882810,/loadcell_data_filtered.wrench.force.z,8892.15028950802
2.972209747,1785795406.738300378,/loadcell_data_filtered.wrench.force.z,8889.930940082342
2.972584795,1785795406.738675426,/loadcell_data_filtered.wrench.force.z,8889.112039217462
2.973247918,1785795406.739338549,/loadcell_data_filtered.wrench.force.z,8889.135546379996
2.973664648,1785795406.739755279,/loadcell_data_filtered.wrench.force.z,8889.2452478858
2.978645529,1785795406.744736160,/loadcell_data_filtered.wrench.force.z,8889.506856652213
2.979124967,1785795406.745215598,/loadcell_data_filtered.wrench.force.z,8889.875986674135
2.979483533,1785795406.745574164,/loadcell_data_filtered.wrench.force.z,8890.479015663816
2.979715191,1785795406.745805822,/loadcell_data_filtered.wrench.force.z,8891.019592241377
2.979958055,1785795406.746048686,/loadcell_data_filtered.wrench.force.z,8891.739506263126
2.980181865,1785795406.746272496,/loadcell_data_filtered.wrench.force.z,8892.945208645448
2.980393982,1785795406.746484613,/loadcell_data_filtered.wrench.force.z,8893.813183821676
2.9833423040000002,1785795406.749432935,/loadcell_data_filtered.wrench.force.z,8897.900471050129
2.983728373,1785795406.749819004,/loadcell_data_filtered.wrench.force.z,8901.781256568549
2.984118313,1785795406.750208944,/loadcell_data_filtered.wrench.force.z,8905.770139552164
2.984322703,1785795406.750413334,/loadcell_data_filtered.wrench.force.z,8909.166603798905
2.984529294,1785795406.750619925,/loadcell_data_filtered.wrench.force.z,8912.004614299056
2.984715693,1785795406.750806324,/loadcell_data_filtered.wrench.force.z,8914.143594847937
2.984923991,1785795406.751014622,/loadcell_data_filtered.wrench.force.z,8914.448397920916
2.985047299,1785795406.751137930,/loadcell_data_filtered.wrench.force.z,8908.180997025698
2.985173844,1785795406.751264475,/loadcell_data_filtered.wrench.force.z,8907.90140783672
2.985297493,1785795406.751388124,/loadcell_data_filtered.wrench.force.z,8906.624002231649
2.9854243140000003,1785795406.751514945,/loadcell_data_filtered.wrench.force.z,8906.144065727356
2.985545,1785795406.751635631,/loadcell_data_filtered.wrench.force.z,8906.17682844359
2.98566563,1785795406.751756261,/loadcell_data_filtered.wrench.force.z,8906.329331942383
2.986035005,1785795406.752125636,/loadcell_data_filtered.wrench.force.z,8906.37629430408
2.986231313,1785795406.752321944,/loadcell_data_filtered.wrench.force.z,8906.557473138973
2.9864508020000002,1785795406.752541433,/loadcell_data_filtered.wrench.force.z,8906.20843006857
2.986651801,1785795406.752742432,/loadcell_data_filtered.wrench.force.z,8900.434915630596
2.98748594,1785795406.753576571,/loadcell_data_filtered.wrench.force.z,8897.32526677395
2.988037764,1785795406.754128395,/loadcell_data_filtered.wrench.force.z,8893.36831565984
2.988494862,1785795406.754585493,/loadcell_data_filtered.wrench.force.z,8890.181657069445
2.988977954,1785795406.755068585,/loadcell_data_filtered.wrench.force.z,8887.30499906311
2.9893666640000003,1785795406.755457295,/loadcell_data_filtered.wrench.force.z,8885.744385219517
2.990066659,1785795406.756157290,/loadcell_data_filtered.wrench.force.z,8884.773327306684
2.992551303,1785795406.758641934,/loadcell_data_filtered.wrench.force.z,8884.483805073769
2.992881972,1785795406.758972603,/loadcell_data_filtered.wrench.force.z,8885.800989084517
2.993052031,1785795406.759142662,/loadcell_data_filtered.wrench.force.z,8886.346939515028
2.9931828830000002,1785795406.759273514,/loadcell_data_filtered.wrench.force.z,8887.156293950788
2.99332057,1785795406.759411201,/loadcell_data_filtered.wrench.force.z,8887.87797977858
2.993465731,1785795406.759556362,/loadcell_data_filtered.wrench.force.z,8888.680848198666
2.993915548,1785795406.760006179,/loadcell_data_filtered.wrench.force.z,8889.413829589252
2.993934411,1785795406.760025042,/loadcell_data_filtered.wrench.force.z,8888.904906138368
2.994583166,1785795406.760673797,/loadcell_data_filtered.wrench.force.z,8888.231033521408
2.995174597,1785795406.761265228,/loadcell_data_filtered.wrench.force.z,8888.478715610618
2.996848072,1785795406.762938703,/loadcell_data_filtered.wrench.force.z,8894.392435253962
2.9972359,1785795406.763326531,/loadcell_data_filtered.wrench.force.z,8899.1021021658
2.99760077,1785795406.763691401,/loadcell_data_filtered.wrench.force.z,8903.078008971863
2.997938831,1785795406.764029462,/loadcell_data_filtered.wrench.force.z,8906.064132811805
2.998209719,1785795406.764300350,/loadcell_data_filtered.wrench.force.z,8909.917945417212
3.003187141,1785795406.769277772,/loadcell_data_filtered.wrench.force.z,8909.925401976827
3.003662599,1785795406.769753230,/loadcell_data_filtered.wrench.force.z,8903.346890517369
3.004121878,1785795406.770212509,/loadcell_data_filtered.wrench.force.z,8904.648741435045
3.004534692,1785795406.770625323,/loadcell_data_filtered.wrench.force.z,8903.649304422368
3.004937741,1785795406.771028372,/loadcell_data_filtered.wrench.force.z,8896.9821192679
3.005264842,1785795406.771355473,/loadcell_data_filtered.wrench.force.z,8897.47469962543
3.005574989,1785795406.771665620,/loadcell_data_filtered.wrench.force.z,8896.945004715746
3.005842489,1785795406.771933120,/loadcell_data_filtered.wrench.force.z,8897.17861737577
3.00616528,1785795406.772255911,/loadcell_data_filtered.wrench.force.z,8891.379223482787
3.006409293,1785795406.772499924,/loadcell_data_filtered.wrench.force.z,8888.318797979724
3.006617004,1785795406.772707635,/loadcell_data_filtered.wrench.force.z,8883.371386908977
3.006827653,1785795406.772918284,/loadcell_data_filtered.wrench.force.z,8879.569241533534
3.007211579,1785795406.773302210,/loadcell_data_filtered.wrench.force.z,8873.680431006871
3.007567657,1785795406.773658288,/loadcell_data_filtered.wrench.force.z,8866.163497280377
3.007824761,1785795406.773915392,/loadcell_data_filtered.wrench.force.z,8863.927934107463
3.008102121,1785795406.774192752,/loadcell_data_filtered.wrench.force.z,8861.927418609064
3.008357927,1785795406.774448558,/loadcell_data_filtered.wrench.force.z,8861.822200372095
3.008736512,1785795406.774827143,/loadcell_data_filtered.wrench.force.z,8861.765185070155
3.009013381,1785795406.775104012,/loadcell_data_filtered.wrench.force.z,8863.060156386853
3.009420344,1785795406.775510975,/loadcell_data_filtered.wrench.force.z,8863.54360917762
3.010229403,1785795406.776320034,/loadcell_data_filtered.wrench.force.z,8863.680095407462
3.010610456,1785795406.776701087,/loadcell_data_filtered.wrench.force.z,8863.92955052659
3.01091158,1785795406.777002211,/loadcell_data_filtered.wrench.force.z,8863.87291867511
3.011225029,1785795406.777315660,/loadcell_data_filtered.wrench.force.z,8856.945655286892
3.011680449,1785795406.777771080,/loadcell_data_filtered.wrench.force.z,8857.986671179493
3.012082127,1785795406.778172758,/loadcell_data_filtered.wrench.force.z,8857.858173529099
3.012475797,1785795406.778566428,/loadcell_data_filtered.wrench.force.z,8863.585566937601
3.012894834,1785795406.778985465,/loadcell_data_filtered.wrench.force.z,8867.860060598672
3.013241847,1785795406.779332478,/loadcell_data_filtered.wrench.force.z,8872.425665874807
3.013434242,1785795406.779524873,/loadcell_data_filtered.wrench.force.z,8876.668885453602
3.015205384,1785795406.781296015,/loadcell_data_filtered.wrench.force.z,8880.375506680582
3.015547525,1785795406.781638156,/loadcell_data_filtered.wrench.force.z,8882.906926396794
3.015769644,1785795406.781860275,/loadcell_data_filtered.wrench.force.z,8885.651880177811
3.022475426,1785795406.788566057,/loadcell_data_filtered.wrench.force.z,8887.463328941907
3.022828829,1785795406.788919460,/loadcell_data_filtered.wrench.force.z,8880.662808055951
3.023114678,1785795406.789205309,/loadcell_data_filtered.wrench.force.z,8882.388137411732
3.023341638,1785795406.789432269,/loadcell_data_filtered.wrench.force.z,8881.65946110527
3.023582997,1785795406.789673628,/loadcell_data_filtered.wrench.force.z,8878.96491183207
3.023919962,1785795406.790010593,/loadcell_data_filtered.wrench.force.z,8875.951797254385
3.024194624,1785795406.790285255,/loadcell_data_filtered.wrench.force.z,8870.91195477907
3.024533817,1785795406.790624448,/loadcell_data_filtered.wrench.force.z,8868.320712948216
3.024974873,1785795406.791065504,/loadcell_data_filtered.wrench.force.z,8865.196472472235
3.025503406,1785795406.791594037,/loadcell_data_filtered.wrench.force.z,8862.661127499514
3.026160613,1785795406.792251244,/loadcell_data_filtered.wrench.force.z,8859.936098325921
3.026526348,1785795406.792616979,/loadcell_data_filtered.wrench.force.z,8858.687430905455
3.026884011,1785795406.792974642,/loadcell_data_filtered.wrench.force.z,8856.162132713704
3.027367231,1785795406.793457862,/loadcell_data_filtered.wrench.force.z,8855.26207412792
3.027872293,1785795406.793962924,/loadcell_data_filtered.wrench.force.z,8855.754116957816
3.028313397,1785795406.794404028,/loadcell_data_filtered.wrench.force.z,8856.574867603153
3.02872255,1785795406.794813181,/loadcell_data_filtered.wrench.force.z,8855.591832120293
3.029135228,1785795406.795225859,/loadcell_data_filtered.wrench.force.z,8855.094297893129
3.029458632,1785795406.795549263,/loadcell_data_filtered.wrench.force.z,8854.405822095154
3.029844295,1785795406.795934926,/loadcell_data_filtered.wrench.force.z,8853.97727327845
3.03016087,1785795406.796251501,/loadcell_data_filtered.wrench.force.z,8853.538335489455
3.030420852,1785795406.796511483,/loadcell_data_filtered.wrench.force.z,8848.065891302105
3.030621664,1785795406.796712295,/loadcell_data_filtered.wrench.force.z,8846.547846746413
3.030786977,1785795406.796877608,/loadcell_data_filtered.wrench.force.z,8851.609804686037
3.030960098,1785795406.797050729,/loadcell_data_filtered.wrench.force.z,8855.826575261275
3.031160565,1785795406.797251196,/loadcell_data_filtered.wrench.force.z,8859.22042569837
3.031391593,1785795406.797482224,/loadcell_data_filtered.wrench.force.z,8855.184373552811
3.031619073,1785795406.797709704,/loadcell_data_filtered.wrench.force.z,8858.814150979808
3.031900105,1785795406.797990736,/loadcell_data_filtered.wrench.force.z,8859.699940470673
3.032900844,1785795406.798991475,/loadcell_data_filtered.wrench.force.z,8860.237614625017
3.033244336,1785795406.799334967,/loadcell_data_filtered.wrench.force.z,8860.709473212788
3.033608718,1785795406.799699349,/loadcell_data_filtered.wrench.force.z,8860.759525177196
3.034068291,1785795406.800158922,/loadcell_data_filtered.wrench.force.z,8861.678590620533
3.034301052,1785795406.800391683,/loadcell_data_filtered.wrench.force.z,8861.71558401686
3.034517998,1785795406.800608629,/loadcell_data_filtered.wrench.force.z,8861.522749252073
3.034769114,1785795406.800859745,/loadcell_data_filtered.wrench.force.z,8861.638508418695
3.034989858,1785795406.801080489,/loadcell_data_filtered.wrench.force.z,8861.702400701812
3.035176147,1785795406.801266778,/loadcell_data_filtered.wrench.force.z,8861.656457954961
3.035753614,1785795406.801844245,/loadcell_data_filtered.wrench.force.z,8861.368021840648
3.036744775,1785795406.802835406,/loadcell_data_filtered.wrench.force.z,8857.32855846305
3.037921143,1785795406.804011774,/loadcell_data_filtered.wrench.force.z,8853.58398745946
3.038619021,1785795406.804709652,/loadcell_data_filtered.wrench.force.z,8849.023783431583
3.039133531,1785795406.805224162,/loadcell_data_filtered.wrench.force.z,8845.862060125328
3.039563558,1785795406.805654189,/loadcell_data_filtered.wrench.force.z,8842.816219372493
3.040136865,1785795406.806227496,/loadcell_data_filtered.wrench.force.z,8840.08970611359
3.040615868,1785795406.806706499,/loadcell_data_filtered.wrench.force.z,8838.920361944445
3.041004178,1785795406.807094809,/loadcell_data_filtered.wrench.force.z,8838.806156031977
3.041550609,1785795406.807641240,/loadcell_data_filtered.wrench.force.z,8838.955574829435
3.041995672,1785795406.808086303,/loadcell_data_filtered.wrench.force.z,8839.233140530228
3.042235411,1785795406.808326042,/loadcell_data_filtered.wrench.force.z,8839.580737271397
3.042580461,1785795406.808671092,/loadcell_data_filtered.wrench.force.z,8840.037259975928
3.043001868,1785795406.809092499,/loadcell_data_filtered.wrench.force.z,8840.02032245152
3.043507701,1785795406.809598332,/loadcell_data_filtered.wrench.force.z,8839.841718040741
3.046083848,1785795406.812174479,/loadcell_data_filtered.wrench.force.z,8839.8319813285
3.046283659,1785795406.812374290,/loadcell_data_filtered.wrench.force.z,8839.669029215
3.047727807,1785795406.813818438,/loadcell_data_filtered.wrench.force.z,8839.509596627613
3.048650766,1785795406.814741397,/loadcell_data_filtered.wrench.force.z,8845.087824679553
3.048720297,1785795406.814810928,/loadcell_data_filtered.wrench.force.z,8849.587432159378
3.04886669,1785795406.814957321,/loadcell_data_filtered.wrench.force.z,8854.818246555778
3.049009972,1785795406.815100603,/loadcell_data_filtered.wrench.force.z,8858.869978290291
3.049165741,1785795406.815256372,/loadcell_data_filtered.wrench.force.z,8862.470079623543
3.049300235,1785795406.815390866,/loadcell_data_filtered.wrench.force.z,8865.32925220419
3.049439689,1785795406.815530320,/loadcell_data_filtered.wrench.force.z,8867.571709256423
3.04958449,1785795406.815675121,/loadcell_data_filtered.wrench.force.z,8868.89300735806
3.049755914,1785795406.815846545,/loadcell_data_filtered.wrench.force.z,8869.288143135087
3.04993066,1785795406.816021291,/loadcell_data_filtered.wrench.force.z,8869.195935858652
3.050175507,1785795406.816266138,/loadcell_data_filtered.wrench.force.z,8869.91321195395
3.050414685,1785795406.816505316,/loadcell_data_filtered.wrench.force.z,8869.90750599791
3.05465544,1785795406.820746071,/loadcell_data_filtered.wrench.force.z,8870.513698479655
3.055097188,1785795406.821187819,/loadcell_data_filtered.wrench.force.z,8871.338813254382
3.055400317,1785795406.821490948,/loadcell_data_filtered.wrench.force.z,8872.648911345985
3.055646573,1785795406.821737204,/loadcell_data_filtered.wrench.force.z,8874.041078665554
3.055927203,1785795406.822017834,/loadcell_data_filtered.wrench.force.z,8875.510986673897
3.056157828,1785795406.822248459,/loadcell_data_filtered.wrench.force.z,8870.988929542411
3.05637359,1785795406.822464221,/loadcell_data_filtered.wrench.force.z,8868.52540429747
3.056599486,1785795406.822690117,/loadcell_data_filtered.wrench.force.z,8866.140886860556
3.057949342,1785795406.824039973,/loadcell_data_filtered.wrench.force.z,8864.309436190979
3.058339036,1785795406.824429667,/loadcell_data_filtered.wrench.force.z,8860.563292871599
3.058637671,1785795406.824728302,/loadcell_data_filtered.wrench.force.z,8859.439770109086
3.058860374,1785795406.824951005,/loadcell_data_filtered.wrench.force.z,8859.860242855997
3.059158408,1785795406.825249039,/loadcell_data_filtered.wrench.force.z,8860.548449034952
3.059447245,1785795406.825537876,/loadcell_data_filtered.wrench.force.z,8855.476481374037
3.059781799,1785795406.825872430,/loadcell_data_filtered.wrench.force.z,8855.591727474308
3.060155615,1785795406.826246246,/loadcell_data_filtered.wrench.force.z,8855.153092280563
3.060507682,1785795406.826598313,/loadcell_data_filtered.wrench.force.z,8855.429772340663
3.060832658,1785795406.826923289,/loadcell_data_filtered.wrench.force.z,8855.697946030885
3.06117049,1785795406.827261121,/loadcell_data_filtered.wrench.force.z,8855.813238521954
3.061557456,1785795406.827648087,/loadcell_data_filtered.wrench.force.z,8855.940611921493
3.061983122,1785795406.828073753,/loadcell_data_filtered.wrench.force.z,8856.479850466118
3.06228766,1785795406.828378291,/loadcell_data_filtered.wrench.force.z,8858.124952182394
3.062563058,1785795406.828653689,/loadcell_data_filtered.wrench.force.z,8864.415164468546
3.062816849,1785795406.828907480,/loadcell_data_filtered.wrench.force.z,8869.490915784978
3.063108217,1785795406.829198848,/loadcell_data_filtered.wrench.force.z,8874.045076893552
3.063453793,1785795406.829544424,/loadcell_data_filtered.wrench.force.z,8877.13273770783
3.063724808,1785795406.829815439,/loadcell_data_filtered.wrench.force.z,8880.436816856252
3.064139967,1785795406.830230598,/loadcell_data_filtered.wrench.force.z,8882.032712778802
3.065003322,1785795406.831093953,/loadcell_data_filtered.wrench.force.z,8883.13220620992
3.065356174,1785795406.831446805,/loadcell_data_filtered.wrench.force.z,8883.901053717456
3.065656072,1785795406.831746703,/loadcell_data_filtered.wrench.force.z,8884.576892442283
3.066262756,1785795406.832353387,/loadcell_data_filtered.wrench.force.z,8885.131234758377
3.066656336,1785795406.832746967,/loadcell_data_filtered.wrench.force.z,8885.30459806603
3.067179729,1785795406.833270360,/loadcell_data_filtered.wrench.force.z,8885.375626684747
3.067883616,1785795406.833974247,/loadcell_data_filtered.wrench.force.z,8885.89161384143
3.068458099,1785795406.834548730,/loadcell_data_filtered.wrench.force.z,8886.228123297378
3.070449389,1785795406.836540020,/loadcell_data_filtered.wrench.force.z,8886.509089374704
3.070700694,1785795406.836791325,/loadcell_data_filtered.wrench.force.z,8886.716515538359
3.070850831,1785795406.836941462,/loadcell_data_filtered.wrench.force.z,8879.870403629671
3.071039892,1785795406.837130523,/loadcell_data_filtered.wrench.force.z,8873.100434394097
3.073350493,1785795406.839441124,/loadcell_data_filtered.wrench.force.z,8869.013503308592
3.073470116,1785795406.839560747,/loadcell_data_filtered.wrench.force.z,8865.059371334159
3.073704778,1785795406.839795409,/loadcell_data_filtered.wrench.force.z,8862.02028380947
3.073804683,1785795406.839895314,/loadcell_data_filtered.wrench.force.z,8859.232508013682
3.073903876,1785795406.839994507,/loadcell_data_filtered.wrench.force.z,8854.284945878468
3.07409893,1785795406.840189561,/loadcell_data_filtered.wrench.force.z,8850.79287121722
3.074310756,1785795406.840401387,/loadcell_data_filtered.wrench.force.z,8851.403226545684
3.0745245,1785795406.840615131,/loadcell_data_filtered.wrench.force.z,8850.268498000456
3.0747082900000002,1785795406.840798921,/loadcell_data_filtered.wrench.force.z,8850.290966007235
3.076701785,1785795406.842792416,/loadcell_data_filtered.wrench.force.z,8850.245734048865
3.077234517,1785795406.843325148,/loadcell_data_filtered.wrench.force.z,8849.706397132566
3.077653164,1785795406.843743795,/loadcell_data_filtered.wrench.force.z,8843.209926263618
3.078018222,1785795406.844108853,/loadcell_data_filtered.wrench.force.z,8842.076981290818
3.078334264,1785795406.844424895,/loadcell_data_filtered.wrench.force.z,8841.352020326787
3.07859508,1785795406.844685711,/loadcell_data_filtered.wrench.force.z,8840.947225904165
3.078857916,1785795406.844948547,/loadcell_data_filtered.wrench.force.z,8846.60834457635
3.079099241,1785795406.845189872,/loadcell_data_filtered.wrench.force.z,8850.290465267344
3.079306865,1785795406.845397496,/loadcell_data_filtered.wrench.force.z,8854.257729944342
3.079641439,1785795406.845732070,/loadcell_data_filtered.wrench.force.z,8857.240590147938
3.080066779,1785795406.846157410,/loadcell_data_filtered.wrench.force.z,8860.298667128136
3.080663953,1785795406.846754584,/loadcell_data_filtered.wrench.force.z,8862.07233611745
3.081186575,1785795406.847277206,/loadcell_data_filtered.wrench.force.z,8863.347348830825
3.082071759,1785795406.848162390,/loadcell_data_filtered.wrench.force.z,8863.778849011576
3.082524807,1785795406.848615438,/loadcell_data_filtered.wrench.force.z,8864.250221988043
3.082915886,1785795406.849006517,/loadcell_data_filtered.wrench.force.z,8864.98957600882
3.083269394,1785795406.849360025,/loadcell_data_filtered.wrench.force.z,8865.261800940454
3.083728037,1785795406.849818668,/loadcell_data_filtered.wrench.force.z,8865.73408744926
3.084556581,1785795406.850647212,/loadcell_data_filtered.wrench.force.z,8866.056012474744
3.084770157,1785795406.850860788,/loadcell_data_filtered.wrench.force.z,8866.479501549633
3.085504843,1785795406.851595474,/loadcell_data_filtered.wrench.force.z,8866.883548248492
3.086091161,1785795406.852181792,/loadcell_data_filtered.wrench.force.z,8867.18230753674
3.086666151,1785795406.852756782,/loadcell_data_filtered.wrench.force.z,8867.541899191388
3.089607422,1785795406.855698053,/loadcell_data_filtered.wrench.force.z,8862.37882027929
3.091936804,1785795406.858027435,/loadcell_data_filtered.wrench.force.z,8858.579077434042
3.092045186,1785795406.858135817,/loadcell_data_filtered.wrench.force.z,8855.980385004334
3.09224686,1785795406.858337491,/loadcell_data_filtered.wrench.force.z,8853.98591349164
3.092457974,1785795406.858548605,/loadcell_data_filtered.wrench.force.z,8851.887424018776
3.09265965,1785795406.858750281,/loadcell_data_filtered.wrench.force.z,8851.236043921426
3.093832733,1785795406.859923364,/loadcell_data_filtered.wrench.force.z,8851.498005293714
3.093858454,1785795406.859949085,/loadcell_data_filtered.wrench.force.z,8852.004255506696
3.093862237,1785795406.859952868,/loadcell_data_filtered.wrench.force.z,8851.694602577703
3.093865528,1785795406.859956159,/loadcell_data_filtered.wrench.force.z,8846.493040635713
3.093868718,1785795406.859959349,/loadcell_data_filtered.wrench.force.z,8846.211563374634
3.095363437,1785795406.861454068,/loadcell_data_filtered.wrench.force.z,8845.402263443842
3.096327733,1785795406.862418364,/loadcell_data_filtered.wrench.force.z,8845.126596859494
3.096549825,1785795406.862640456,/loadcell_data_filtered.wrench.force.z,8845.911497049528
3.096751118,1785795406.862841749,/loadcell_data_filtered.wrench.force.z,8846.101538085728
3.096963808,1785795406.863054439,/loadcell_data_filtered.wrench.force.z,8846.51592523531
3.097162687,1785795406.863253318,/loadcell_data_filtered.wrench.force.z,8849.550052789687
3.097354688,1785795406.863445319,/loadcell_data_filtered.wrench.force.z,8854.753722294708
3.0975275,1785795406.863618131,/loadcell_data_filtered.wrench.force.z,8860.092262610338
3.097709264,1785795406.863799895,/loadcell_data_filtered.wrench.force.z,8863.721355478256
3.097912451,1785795406.864003082,/loadcell_data_filtered.wrench.force.z,8865.657476656359
3.09808428,1785795406.864174911,/loadcell_data_filtered.wrench.force.z,8868.078140986232
3.098269487,1785795406.864360118,/loadcell_data_filtered.wrench.force.z,8869.745484874495
3.098457765,1785795406.864548396,/loadcell_data_filtered.wrench.force.z,8870.084429151324
3.098642333,1785795406.864732964,/loadcell_data_filtered.wrench.force.z,8870.208420609226
3.098975048,1785795406.865065679,/loadcell_data_filtered.wrench.force.z,8870.485054381337
3.099794155,1785795406.865884786,/loadcell_data_filtered.wrench.force.z,8870.673853574794
3.100294004,1785795406.866384635,/loadcell_data_filtered.wrench.force.z,8870.652166080448
3.100646533,1785795406.866737164,/loadcell_data_filtered.wrench.force.z,8870.95690603164
3.101047817,1785795406.867138448,/loadcell_data_filtered.wrench.force.z,8871.471545216576
3.10158853,1785795406.867679161,/loadcell_data_filtered.wrench.force.z,8871.683834581872
3.102118282,1785795406.868208913,/loadcell_data_filtered.wrench.force.z,8872.219737370222
3.103395751,1785795406.869486382,/loadcell_data_filtered.wrench.force.z,8872.746713053175
3.104023775,1785795406.870114406,/loadcell_data_filtered.wrench.force.z,8868.037653884925
3.105487868,1785795406.871578499,/loadcell_data_filtered.wrench.force.z,8865.40141536166
3.105778904,1785795406.871869535,/loadcell_data_filtered.wrench.force.z,8861.856928664563
3.106077189,1785795406.872167820,/loadcell_data_filtered.wrench.force.z,8859.83887000721
3.10638317,1785795406.872473801,/loadcell_data_filtered.wrench.force.z,8858.060813518374
3.106645594,1785795406.872736225,/loadcell_data_filtered.wrench.force.z,8856.891293183136
3.106990741,1785795406.873081372,/loadcell_data_filtered.wrench.force.z,8855.667040705897
3.107300051,1785795406.873390682,/loadcell_data_filtered.wrench.force.z,8855.393688220784
3.107600293,1785795406.873690924,/loadcell_data_filtered.wrench.force.z,8855.942449519984
3.107966994,1785795406.874057625,/loadcell_data_filtered.wrench.force.z,8856.731479955522
3.108399255,1785795406.874489886,/loadcell_data_filtered.wrench.force.z,8857.031222817845
3.109290829,1785795406.875381460,/loadcell_data_filtered.wrench.force.z,8857.33309423741
3.109583333,1785795406.875673964,/loadcell_data_filtered.wrench.force.z,8857.76887176019
3.109829455,1785795406.875920086,/loadcell_data_filtered.wrench.force.z,8857.843467813025
3.110039913,1785795406.876130544,/loadcell_data_filtered.wrench.force.z,8857.939759031184
3.110774015,1785795406.876864646,/loadcell_data_filtered.wrench.force.z,8857.996868898606
3.112830828,1785795406.878921459,/loadcell_data_filtered.wrench.force.z,8858.370973615585
3.112981522,1785795406.879072153,/loadcell_data_filtered.wrench.force.z,8863.986906509406
3.113119619,1785795406.879210250,/loadcell_data_filtered.wrench.force.z,8867.838173351869
3.1132482870000002,1785795406.879338918,/loadcell_data_filtered.wrench.force.z,8866.653054510494
3.113374521,1785795406.879465152,/loadcell_data_filtered.wrench.force.z,8868.463858043779
3.11356203,1785795406.879652661,/loadcell_data_filtered.wrench.force.z,8871.027427321946
3.113854209,1785795406.879944840,/loadcell_data_filtered.wrench.force.z,8872.789534442622
3.114356801,1785795406.880447432,/loadcell_data_filtered.wrench.force.z,8874.056348885006
3.114832414,1785795406.880923045,/loadcell_data_filtered.wrench.force.z,8874.21957625692
3.11752005,1785795406.883610681,/loadcell_data_filtered.wrench.force.z,8874.660952872884
3.11810248,1785795406.884193111,/loadcell_data_filtered.wrench.force.z,8875.19967860002
3.118229878,1785795406.884320509,/loadcell_data_filtered.wrench.force.z,8875.747981082874
3.118357502,1785795406.884448133,/loadcell_data_filtered.wrench.force.z,8876.356845278911
3.11848102,1785795406.884571651,/loadcell_data_filtered.wrench.force.z,8876.646155673501
3.11935407,1785795406.885444701,/loadcell_data_filtered.wrench.force.z,8877.238489087105
3.120199122,1785795406.886289753,/loadcell_data_filtered.wrench.force.z,8877.17172855368
3.120749221,1785795406.886839852,/loadcell_data_filtered.wrench.force.z,8876.630289637662
3.121184581,1785795406.887275212,/loadcell_data_filtered.wrench.force.z,8876.683882472294
3.121587064,1785795406.887677695,/loadcell_data_filtered.wrench.force.z,8871.391555596247
3.121934892,1785795406.888025523,/loadcell_data_filtered.wrench.force.z,8867.785502759169
3.122265247,1785795406.888355878,/loadcell_data_filtered.wrench.force.z,8864.374209139107
3.1227167590000002,1785795406.888807390,/loadcell_data_filtered.wrench.force.z,8862.275694491846
3.125225036,1785795406.891315667,/loadcell_data_filtered.wrench.force.z,8859.765625029533
3.125585069,1785795406.891675700,/loadcell_data_filtered.wrench.force.z,8859.64803620419
3.126043432,1785795406.892134063,/loadcell_data_filtered.wrench.force.z,8860.60494211405
3.126452733,1785795406.892543364,/loadcell_data_filtered.wrench.force.z,8861.444803941664
3.126867984,1785795406.892958615,/loadcell_data_filtered.wrench.force.z,8863.155131711792
3.12752501,1785795406.893615641,/loadcell_data_filtered.wrench.force.z,8865.248740533412
3.127937222,1785795406.894027853,/loadcell_data_filtered.wrench.force.z,8866.861393602301
3.12853417,1785795406.894624801,/loadcell_data_filtered.wrench.force.z,8867.386030297745
3.128912339,1785795406.895002970,/loadcell_data_filtered.wrench.force.z,8867.016035807934
3.129290588,1785795406.895381219,/loadcell_data_filtered.wrench.force.z,8867.631137702105
3.129674058,1785795406.895764689,/loadcell_data_filtered.wrench.force.z,8867.977209244284
3.130084378,1785795406.896175009,/loadcell_data_filtered.wrench.force.z,8861.741823984865
3.1308394330000002,1785795406.896930064,/loadcell_data_filtered.wrench.force.z,8866.473718224455
3.131473878,1785795406.897564509,/loadcell_data_filtered.wrench.force.z,8870.408429048994
3.13175564,1785795406.897846271,/loadcell_data_filtered.wrench.force.z,8876.045970166273
3.132449894,1785795406.898540525,/loadcell_data_filtered.wrench.force.z,8880.910012586786
3.132458296,1785795406.898548927,/loadcell_data_filtered.wrench.force.z,8884.644154389463
3.132611755,1785795406.898702386,/loadcell_data_filtered.wrench.force.z,8887.680876127755
3.132962427,1785795406.899053058,/loadcell_data_filtered.wrench.force.z,8889.631199331205
3.133293166,1785795406.899383797,/loadcell_data_filtered.wrench.force.z,8890.153912360038
3.133557154,1785795406.899647785,/loadcell_data_filtered.wrench.force.z,8890.079352305725
3.134391919,1785795406.900482550,/loadcell_data_filtered.wrench.force.z,8889.80258140812
3.134794172,1785795406.900884803,/loadcell_data_filtered.wrench.force.z,8890.371889482385
3.135056307,1785795406.901146938,/loadcell_data_filtered.wrench.force.z,8890.513759449546
3.135431331,1785795406.901521962,/loadcell_data_filtered.wrench.force.z,8890.666196150709
3.135852339,1785795406.901942970,/loadcell_data_filtered.wrench.force.z,8891.049560623762
3.136297312,1785795406.902387943,/loadcell_data_filtered.wrench.force.z,8890.868645120443
3.137663527,1785795406.903754158,/loadcell_data_filtered.wrench.force.z,8889.67297576497
3.138269653,1785795406.904360284,/loadcell_data_filtered.wrench.force.z,8888.949194400977
3.138780221,1785795406.904870852,/loadcell_data_filtered.wrench.force.z,8882.866524919113
3.139273893,1785795406.905364524,/loadcell_data_filtered.wrench.force.z,8872.216070646242
3.139608784,1785795406.905699415,/loadcell_data_filtered.wrench.force.z,8868.08666179041
3.140019816,1785795406.906110447,/loadcell_data_filtered.wrench.force.z,8863.953203992049
3.141761784,1785795406.907852415,/loadcell_data_filtered.wrench.force.z,8860.536455727539
3.142138205,1785795406.908228836,/loadcell_data_filtered.wrench.force.z,8858.38630541515
3.142386579,1785795406.908477210,/loadcell_data_filtered.wrench.force.z,8855.937040900764
3.142617604,1785795406.908708235,/loadcell_data_filtered.wrench.force.z,8851.690761724067
3.142865977,1785795406.908956608,/loadcell_data_filtered.wrench.force.z,8848.340585667553
3.143084903,1785795406.909175534,/loadcell_data_filtered.wrench.force.z,8848.466468657147
3.14333962,1785795406.909430251,/loadcell_data_filtered.wrench.force.z,8847.52608005363
3.143522565,1785795406.909613196,/loadcell_data_filtered.wrench.force.z,8847.546031170008
3.143732263,1785795406.909822894,/loadcell_data_filtered.wrench.force.z,8840.487594091132
3.1439495,1785795406.910040131,/loadcell_data_filtered.wrench.force.z,8840.483147293275
3.144168563,1785795406.910259194,/loadcell_data_filtered.wrench.force.z,8839.877022201284
3.144394449,1785795406.910485080,/loadcell_data_filtered.wrench.force.z,8839.441819579037
3.14458686,1785795406.910677491,/loadcell_data_filtered.wrench.force.z,8839.945864047308
3.144908999,1785795406.910999630,/loadcell_data_filtered.wrench.force.z,8846.15402070988
3.1452028690000002,1785795406.911293500,/loadcell_data_filtered.wrench.force.z,8849.896432038164
3.145741661,1785795406.911832292,/loadcell_data_filtered.wrench.force.z,8853.802360764139
3.146266497,1785795406.912357128,/loadcell_data_filtered.wrench.force.z,8857.026377473956
3.146819619,1785795406.912910250,/loadcell_data_filtered.wrench.force.z,8860.568648092372
3.147263047,1785795406.913353678,/loadcell_data_filtered.wrench.force.z,8862.329435491096
3.149801854,1785795406.915892485,/loadcell_data_filtered.wrench.force.z,8863.693888749798
3.150606385,1785795406.916697016,/loadcell_data_filtered.wrench.force.z,8864.525762787058
3.1509839250000002,1785795406.917074556,/loadcell_data_filtered.wrench.force.z,8865.687809404666
3.151327301,1785795406.917417932,/loadcell_data_filtered.wrench.force.z,8867.41416068223
3.15172302,1785795406.917813651,/loadcell_data_filtered.wrench.force.z,8868.740440583104
3.152319902,1785795406.918410533,/loadcell_data_filtered.wrench.force.z,8870.230061377351
3.153044679,1785795406.919135310,/loadcell_data_filtered.wrench.force.z,8870.27464673998
3.153591339,1785795406.919681970,/loadcell_data_filtered.wrench.force.z,8870.077462693966
3.154201907,1785795406.920292538,/loadcell_data_filtered.wrench.force.z,8870.212386058236
3.154682768,1785795406.920773399,/loadcell_data_filtered.wrench.force.z,8869.802848265188
3.155691801,1785795406.921782432,/loadcell_data_filtered.wrench.force.z,8868.691058224036
3.156161126,1785795406.922251757,/loadcell_data_filtered.wrench.force.z,8863.536324981775
3.156400049,1785795406.922490680,/loadcell_data_filtered.wrench.force.z,8860.053519416299
3.156662802,1785795406.922753433,/loadcell_data_filtered.wrench.force.z,8857.560715470145
3.157059844,1785795406.923150475,/loadcell_data_filtered.wrench.force.z,8855.23917748105
3.157426789,1785795406.923517420,/loadcell_data_filtered.wrench.force.z,8853.206769115683
3.157756937,1785795406.923847568,/loadcell_data_filtered.wrench.force.z,8852.626870380356
3.158134961,1785795406.924225592,/loadcell_data_filtered.wrench.force.z,8852.297252582555
3.158595257,1785795406.924685888,/loadcell_data_filtered.wrench.force.z,8851.218446516265
3.159025141,1785795406.925115772,/loadcell_data_filtered.wrench.force.z,8852.207096267513
3.159434224,1785795406.925524855,/loadcell_data_filtered.wrench.force.z,8852.602223713715
3.160545819,1785795406.926636450,/loadcell_data_filtered.wrench.force.z,8852.228999363511
3.16101981,1785795406.927110441,/loadcell_data_filtered.wrench.force.z,8852.456973510329
3.161455233,1785795406.927545864,/loadcell_data_filtered.wrench.force.z,8852.679096034555
3.161951063,1785795406.928041694,/loadcell_data_filtered.wrench.force.z,8853.53955429042
3.162258727,1785795406.928349358,/loadcell_data_filtered.wrench.force.z,8853.753445398206
3.162465532,1785795406.928556163,/loadcell_data_filtered.wrench.force.z,8854.43839779886
3.162997521,1785795406.929088152,/loadcell_data_filtered.wrench.force.z,8859.79532879299
3.163270038,1785795406.929360669,/loadcell_data_filtered.wrench.force.z,8863.874039251978
3.163482995,1785795406.929573626,/loadcell_data_filtered.wrench.force.z,8864.815076088873
3.1636783250000002,1785795406.929768956,/loadcell_data_filtered.wrench.force.z,8866.657995907997
3.163952158,1785795406.930042789,/loadcell_data_filtered.wrench.force.z,8870.042854251586
3.164263762,1785795406.930354393,/loadcell_data_filtered.wrench.force.z,8873.16621455018
3.164945001,1785795406.931035632,/loadcell_data_filtered.wrench.force.z,8875.152740278763
3.165202735,1785795406.931293366,/loadcell_data_filtered.wrench.force.z,8876.422433579932
3.165369545,1785795406.931460176,/loadcell_data_filtered.wrench.force.z,8878.219193898567
3.16565028,1785795406.931740911,/loadcell_data_filtered.wrench.force.z,8879.49759303113
3.166244508,1785795406.932335139,/loadcell_data_filtered.wrench.force.z,8880.316314300659
3.16684292,1785795406.932933551,/loadcell_data_filtered.wrench.force.z,8881.252276726465
3.167343322,1785795406.933433953,/loadcell_data_filtered.wrench.force.z,8882.150700019884
3.168319212,1785795406.934409843,/loadcell_data_filtered.wrench.force.z,8882.816888370093
3.168994989,1785795406.935085620,/loadcell_data_filtered.wrench.force.z,8883.55029753278
3.169562925,1785795406.935653556,/loadcell_data_filtered.wrench.force.z,8883.789127131016
3.170177481,1785795406.936268112,/loadcell_data_filtered.wrench.force.z,8884.229115004457
3.170656986,1785795406.936747617,/loadcell_data_filtered.wrench.force.z,8879.527682496933
3.1714379,1785795406.937528531,/loadcell_data_filtered.wrench.force.z,8876.728529974795
3.172023701,1785795406.938114332,/loadcell_data_filtered.wrench.force.z,8873.131763474652
3.172546926,1785795406.938637557,/loadcell_data_filtered.wrench.force.z,8870.423757946504
3.17307584,1785795406.939166471,/loadcell_data_filtered.wrench.force.z,8867.753108012708
3.173719996,1785795406.939810627,/loadcell_data_filtered.wrench.force.z,8867.175368279357
3.173969662,1785795406.940060293,/loadcell_data_filtered.wrench.force.z,8866.36807263958
3.174444094,1785795406.940534725,/loadcell_data_filtered.wrench.force.z,8866.570006341562
3.175531042,1785795406.941621673,/loadcell_data_filtered.wrench.force.z,8866.649350693828
3.176529122,1785795406.942619753,/loadcell_data_filtered.wrench.force.z,8866.426259906599
3.177427073,1785795406.943517704,/loadcell_data_filtered.wrench.force.z,8866.96651607932
3.177966715,1785795406.944057346,/loadcell_data_filtered.wrench.force.z,8865.987267378658
3.1784246400000002,1785795406.944515271,/loadcell_data_filtered.wrench.force.z,8865.671728496562
3.17875311,1785795406.944843741,/loadcell_data_filtered.wrench.force.z,8865.534086042337
3.17913337,1785795406.945224001,/loadcell_data_filtered.wrench.force.z,8865.641108706235
3.179629898,1785795406.945720529,/loadcell_data_filtered.wrench.force.z,8865.952756781044
3.180111396,1785795406.946202027,/loadcell_data_filtered.wrench.force.z,8866.256627343806
3.180568967,1785795406.946659598,/loadcell_data_filtered.wrench.force.z,8871.967213473676
3.180971434,1785795406.947062065,/loadcell_data_filtered.wrench.force.z,8876.555304367554
3.181366452,1785795406.947457083,/loadcell_data_filtered.wrench.force.z,8880.872786047428
3.181765575,1785795406.947856206,/loadcell_data_filtered.wrench.force.z,8884.218044778958
3.182117512,1785795406.948208143,/loadcell_data_filtered.wrench.force.z,8887.438356805242
3.182464178,1785795406.948554809,/loadcell_data_filtered.wrench.force.z,8888.915518897116
3.183000719,1785795406.949091350,/loadcell_data_filtered.wrench.force.z,8889.879208423845
3.183564115,1785795406.949654746,/loadcell_data_filtered.wrench.force.z,8890.513792743837
3.18395676,1785795406.950047391,/loadcell_data_filtered.wrench.force.z,8891.042976463084
3.184262582,1785795406.950353213,/loadcell_data_filtered.wrench.force.z,8891.765323250307
3.185460715,1785795406.951551346,/loadcell_data_filtered.wrench.force.z,8892.407183902524
3.185471147,1785795406.951561778,/loadcell_data_filtered.wrench.force.z,8893.191737886387
3.185474015,1785795406.951564646,/loadcell_data_filtered.wrench.force.z,8894.197663584864
3.185931309,1785795406.952021940,/loadcell_data_filtered.wrench.force.z,8894.978820316115
3.186421345,1785795406.952511976,/loadcell_data_filtered.wrench.force.z,8895.319889650094
3.18918317,1785795406.955273801,/loadcell_data_filtered.wrench.force.z,8895.72855482143
3.189676723,1785795406.955767354,/loadcell_data_filtered.wrench.force.z,8893.360992863772
3.190111761,1785795406.956202392,/loadcell_data_filtered.wrench.force.z,8889.886854253946
3.190559748,1785795406.956650379,/loadcell_data_filtered.wrench.force.z,8885.973499235402
3.191000428,1785795406.957091059,/loadcell_data_filtered.wrench.force.z,8883.20328122523
3.191363052,1785795406.957453683,/loadcell_data_filtered.wrench.force.z,8880.732970902338
3.191693344,1785795406.957783975,/loadcell_data_filtered.wrench.force.z,8878.619589775853
3.192001118,1785795406.958091749,/loadcell_data_filtered.wrench.force.z,8877.714128917982
3.192245474,1785795406.958336105,/loadcell_data_filtered.wrench.force.z,8877.327972654377
3.192505961,1785795406.958596592,/loadcell_data_filtered.wrench.force.z,8876.435774402291
3.193745674,1785795406.959836305,/loadcell_data_filtered.wrench.force.z,8876.630743626743
3.193752761,1785795406.959843392,/loadcell_data_filtered.wrench.force.z,8876.225079105758
3.193754781,1785795406.959845412,/loadcell_data_filtered.wrench.force.z,8875.780783317903
3.19398599,1785795406.960076621,/loadcell_data_filtered.wrench.force.z,8874.98525863553
3.194426454,1785795406.960517085,/loadcell_data_filtered.wrench.force.z,8874.313106823132
3.1949249220000002,1785795406.961015553,/loadcell_data_filtered.wrench.force.z,8873.775369482135
3.195294355,1785795406.961384986,/loadcell_data_filtered.wrench.force.z,8873.360740998996
3.197664663,1785795406.963755294,/loadcell_data_filtered.wrench.force.z,8872.408184896281
3.198072886,1785795406.964163517,/loadcell_data_filtered.wrench.force.z,8877.806400377922
3.198380375,1785795406.964471006,/loadcell_data_filtered.wrench.force.z,8881.132092592368
3.198591011,1785795406.964681642,/loadcell_data_filtered.wrench.force.z,8885.939130606643
3.198808146,1785795406.964898777,/loadcell_data_filtered.wrench.force.z,8889.56610477118
3.199097087,1785795406.965187718,/loadcell_data_filtered.wrench.force.z,8892.320605421515
3.199502008,1785795406.965592639,/loadcell_data_filtered.wrench.force.z,8894.538242020926
3.19986064,1785795406.965951271,/loadcell_data_filtered.wrench.force.z,8896.342279120245
3.200172205,1785795406.966262836,/loadcell_data_filtered.wrench.force.z,8896.56252576563
3.200464667,1785795406.966555298,/loadcell_data_filtered.wrench.force.z,8895.819778264451
3.2007559,1785795406.966846531,/loadcell_data_filtered.wrench.force.z,8896.011619019662
3.201053616,1785795406.967144247,/loadcell_data_filtered.wrench.force.z,8896.40111001297
3.201295809,1785795406.967386440,/loadcell_data_filtered.wrench.force.z,8896.72510169385
3.201556082,1785795406.967646713,/loadcell_data_filtered.wrench.force.z,8897.24249003299
3.2018134050000002,1785795406.967904036,/loadcell_data_filtered.wrench.force.z,8897.604226563419
3.202137919,1785795406.968228550,/loadcell_data_filtered.wrench.force.z,8898.073227660198
3.2024965,1785795406.968587131,/loadcell_data_filtered.wrench.force.z,8898.620388001651
3.202770905,1785795406.968861536,/loadcell_data_filtered.wrench.force.z,8898.846848588835
3.202996375,1785795406.969087006,/loadcell_data_filtered.wrench.force.z,8893.560364227162
3.20380667,1785795406.969897301,/loadcell_data_filtered.wrench.force.z,8890.420347066954
3.2042532550000002,1785795406.970343886,/loadcell_data_filtered.wrench.force.z,8887.271744415266
3.204619934,1785795406.970710565,/loadcell_data_filtered.wrench.force.z,8884.592093943602
3.20513963,1785795406.971230261,/loadcell_data_filtered.wrench.force.z,8882.003696376136
3.205463911,1785795406.971554542,/loadcell_data_filtered.wrench.force.z,8881.100299473594
3.20633187,1785795406.972422501,/loadcell_data_filtered.wrench.force.z,8880.54334839622
3.206567101,1785795406.972657732,/loadcell_data_filtered.wrench.force.z,8881.49532483154
3.207343994,1785795406.973434625,/loadcell_data_filtered.wrench.force.z,8882.560531081992
3.207776156,1785795406.973866787,/loadcell_data_filtered.wrench.force.z,8883.2216477717
3.208101697,1785795406.974192328,/loadcell_data_filtered.wrench.force.z,8883.727248191066
3.208694032,1785795406.974784663,/loadcell_data_filtered.wrench.force.z,8884.13850089963
3.209568918,1785795406.975659549,/loadcell_data_filtered.wrench.force.z,8883.93165174269
3.210045393,1785795406.976136024,/loadcell_data_filtered.wrench.force.z,8883.771751723627
3.210386794,1785795406.976477425,/loadcell_data_filtered.wrench.force.z,8883.971191623588
3.21079383,1785795406.976884461,/loadcell_data_filtered.wrench.force.z,8884.331810375825
3.211230129,1785795406.977320760,/loadcell_data_filtered.wrench.force.z,8884.817375784258
3.211514281,1785795406.977604912,/loadcell_data_filtered.wrench.force.z,8891.299799122744
3.212071267,1785795406.978161898,/loadcell_data_filtered.wrench.force.z,8896.417225085606
3.212644059,1785795406.978734690,/loadcell_data_filtered.wrench.force.z,8900.398105161736
3.213057708,1785795406.979148339,/loadcell_data_filtered.wrench.force.z,8903.463623638456
3.213510073,1785795406.979600704,/loadcell_data_filtered.wrench.force.z,8906.07857247903
3.213897554,1785795406.979988185,/loadcell_data_filtered.wrench.force.z,8907.558369344977
3.214557982,1785795406.980648613,/loadcell_data_filtered.wrench.force.z,8908.155704968722
3.215119777,1785795406.981210408,/loadcell_data_filtered.wrench.force.z,8908.892053860442
3.217855724,1785795406.983946355,/loadcell_data_filtered.wrench.force.z,8909.280807907639
3.218040182,1785795406.984130813,/loadcell_data_filtered.wrench.force.z,8909.787322178878
3.218184067,1785795406.984274698,/loadcell_data_filtered.wrench.force.z,8910.692550380432
3.218321114,1785795406.984411745,/loadcell_data_filtered.wrench.force.z,8910.433519966875
3.218462001,1785795406.984552632,/loadcell_data_filtered.wrench.force.z,8904.322663813824
3.220129939,1785795406.986220570,/loadcell_data_filtered.wrench.force.z,8904.803431406599
3.2232273,1785795406.989317931,/loadcell_data_filtered.wrench.force.z,8904.02114125273
3.2233771190000002,1785795406.989467750,/loadcell_data_filtered.wrench.force.z,8904.641424339536
3.223536365,1785795406.989626996,/loadcell_data_filtered.wrench.force.z,8901.178598839882
3.223665068,1785795406.989755699,/loadcell_data_filtered.wrench.force.z,8898.43587791976
3.223862681,1785795406.989953312,/loadcell_data_filtered.wrench.force.z,8895.102707250291
3.223980208,1785795406.990070839,/loadcell_data_filtered.wrench.force.z,8891.912605632586
3.224098192,1785795406.990188823,/loadcell_data_filtered.wrench.force.z,8890.019838251092
3.224212865,1785795406.990303496,/loadcell_data_filtered.wrench.force.z,8888.746725495617
3.224340473,1785795406.990431104,/loadcell_data_filtered.wrench.force.z,8887.511252457942
3.224450695,1785795406.990541326,/loadcell_data_filtered.wrench.force.z,8887.806788998047
3.2245934,1785795406.990684031,/loadcell_data_filtered.wrench.force.z,8888.377986799012
3.224705863,1785795406.990796494,/loadcell_data_filtered.wrench.force.z,8888.363465156255
3.224855483,1785795406.990946114,/loadcell_data_filtered.wrench.force.z,8887.760709360018
3.226335098,1785795406.992425729,/loadcell_data_filtered.wrench.force.z,8887.575139760274
3.226720649,1785795406.992811280,/loadcell_data_filtered.wrench.force.z,8887.102964136318
3.227249736,1785795406.993340367,/loadcell_data_filtered.wrench.force.z,8886.545594867725
3.227579469,1785795406.993670100,/loadcell_data_filtered.wrench.force.z,8886.301254368134
3.227864148,1785795406.993954779,/loadcell_data_filtered.wrench.force.z,8886.104029301174
3.228140953,1785795406.994231584,/loadcell_data_filtered.wrench.force.z,8885.89636401674
3.22841059,1785795406.994501221,/loadcell_data_filtered.wrench.force.z,8891.366004332009
3.230028652,1785795406.996119283,/loadcell_data_filtered.wrench.force.z,8895.172762155122
3.2301803590000002,1785795406.996270990,/loadcell_data_filtered.wrench.force.z,8899.434715312718
3.230327131,1785795406.996417762,/loadcell_data_filtered.wrench.force.z,8900.659024158975
3.23046737,1785795406.996558001,/loadcell_data_filtered.wrench.force.z,8898.510099284907
3.23073792,1785795406.996828551,/loadcell_data_filtered.wrench.force.z,8900.965817959544
3.231261839,1785795406.997352470,/loadcell_data_filtered.wrench.force.z,8901.387559197448
3.231689411,1785795406.997780042,/loadcell_data_filtered.wrench.force.z,8901.704661713358
3.231932268,1785795406.998022899,/loadcell_data_filtered.wrench.force.z,8901.791254069123
3.232781704,1785795406.998872335,/loadcell_data_filtered.wrench.force.z,8902.619328064458
3.233706159,1785795406.999796790,/loadcell_data_filtered.wrench.force.z,8903.09883031565
3.234327513,1785795407.000418144,/loadcell_data_filtered.wrench.force.z,8903.871192597546
3.234946994,1785795407.001037625,/loadcell_data_filtered.wrench.force.z,8904.409107918393
3.239112567,1785795407.005203198,/loadcell_data_filtered.wrench.force.z,8904.884980292318
3.239617532,1785795407.005708163,/loadcell_data_filtered.wrench.force.z,8905.012480532636
3.240374497,1785795407.006465128,/loadcell_data_filtered.wrench.force.z,8905.917157322232
3.240852669,1785795407.006943300,/loadcell_data_filtered.wrench.force.z,8906.476284343178
3.241400448,1785795407.007491079,/loadcell_data_filtered.wrench.force.z,8902.481518604822
3.241833379,1785795407.007924010,/loadcell_data_filtered.wrench.force.z,8899.583509124644
3.242304529,1785795407.008395160,/loadcell_data_filtered.wrench.force.z,8896.196381359585
3.242782776,1785795407.008873407,/loadcell_data_filtered.wrench.force.z,8893.661249858187
3.243271111,1785795407.009361742,/loadcell_data_filtered.wrench.force.z,8891.438928412028
3.243750157,1785795407.009840788,/loadcell_data_filtered.wrench.force.z,8890.435899990594
3.2441288200000002,1785795407.010219451,/loadcell_data_filtered.wrench.force.z,8890.03326349818
3.244501881,1785795407.010592512,/loadcell_data_filtered.wrench.force.z,8890.703111549708
3.245700285,1785795407.011790916,/loadcell_data_filtered.wrench.force.z,8891.586756710081
3.245718481,1785795407.011809112,/loadcell_data_filtered.wrench.force.z,8892.243009503272
3.245839632,1785795407.011930263,/loadcell_data_filtered.wrench.force.z,8892.743868326328
3.246240942,1785795407.012331573,/loadcell_data_filtered.wrench.force.z,8890.548635179965
3.247252058,1785795407.013342689,/loadcell_data_filtered.wrench.force.z,8885.920217873005
3.247263185,1785795407.013353816,/loadcell_data_filtered.wrench.force.z,8885.948621305424
3.247606248,1785795407.013696879,/loadcell_data_filtered.wrench.force.z,8885.170639215154
3.247989485,1785795407.014080116,/loadcell_data_filtered.wrench.force.z,8884.960271753731
3.24832017,1785795407.014410801,/loadcell_data_filtered.wrench.force.z,8886.732183544691
3.248637397,1785795407.014728028,/loadcell_data_filtered.wrench.force.z,8892.084428247612
3.248963299,1785795407.015053930,/loadcell_data_filtered.wrench.force.z,8896.566951410936
3.249585203,1785795407.015675834,/loadcell_data_filtered.wrench.force.z,8900.403456961847
3.250114179,1785795407.016204810,/loadcell_data_filtered.wrench.force.z,8903.258207446414
3.25060107,1785795407.016691701,/loadcell_data_filtered.wrench.force.z,8906.107719843129
3.251041305,1785795407.017131936,/loadcell_data_filtered.wrench.force.z,8900.086684735024
3.25270435,1785795407.018794981,/loadcell_data_filtered.wrench.force.z,8900.64131332399
3.253176596,1785795407.019267227,/loadcell_data_filtered.wrench.force.z,8899.897801772697
3.253478011,1785795407.019568642,/loadcell_data_filtered.wrench.force.z,8900.59928490908
3.253706675,1785795407.019797306,/loadcell_data_filtered.wrench.force.z,8901.256664815968
3.253994483,1785795407.020085114,/loadcell_data_filtered.wrench.force.z,8901.941574927829
3.254279431,1785795407.020370062,/loadcell_data_filtered.wrench.force.z,8902.710882779069
3.254571072,1785795407.020661703,/loadcell_data_filtered.wrench.force.z,8903.622368756965
3.254918848,1785795407.021009479,/loadcell_data_filtered.wrench.force.z,8904.109278627
3.255299014,1785795407.021389645,/loadcell_data_filtered.wrench.force.z,8904.75271505718
3.255656167,1785795407.021746798,/loadcell_data_filtered.wrench.force.z,8905.076427756321
3.256089474,1785795407.022180105,/loadcell_data_filtered.wrench.force.z,8901.103697581308
3.256459972,1785795407.022550603,/loadcell_data_filtered.wrench.force.z,8897.36039261016
3.256832896,1785795407.022923527,/loadcell_data_filtered.wrench.force.z,8891.965076060704
3.257320997,1785795407.023411628,/loadcell_data_filtered.wrench.force.z,8888.607145236834
3.257767442,1785795407.023858073,/loadcell_data_filtered.wrench.force.z,8885.767643518624
3.258184314,1785795407.024274945,/loadcell_data_filtered.wrench.force.z,8884.022365760173
3.258542913,1785795407.024633544,/loadcell_data_filtered.wrench.force.z,8882.369816509039
3.258922482,1785795407.025013113,/loadcell_data_filtered.wrench.force.z,8882.049291618952
3.259201354,1785795407.025291985,/loadcell_data_filtered.wrench.force.z,8882.578382701104
3.259439639,1785795407.025530270,/loadcell_data_filtered.wrench.force.z,8882.844995268359
3.25966691,1785795407.025757541,/loadcell_data_filtered.wrench.force.z,8883.236477425346
3.259878904,1785795407.025969535,/loadcell_data_filtered.wrench.force.z,8882.545493396257
3.260115272,1785795407.026205903,/loadcell_data_filtered.wrench.force.z,8882.421821248132
3.260337936,1785795407.026428567,/loadcell_data_filtered.wrench.force.z,8882.445315931227
3.26056436,1785795407.026654991,/loadcell_data_filtered.wrench.force.z,8882.830431020026
3.2607952,1785795407.026885831,/loadcell_data_filtered.wrench.force.z,8882.039949647811
3.26286761,1785795407.028958241,/loadcell_data_filtered.wrench.force.z,8881.551943466548
3.263092077,1785795407.029182708,/loadcell_data_filtered.wrench.force.z,8887.311191048615
3.263302166,1785795407.029392797,/loadcell_data_filtered.wrench.force.z,8890.921827657048
3.263489936,1785795407.029580567,/loadcell_data_filtered.wrench.force.z,8888.147179041693
3.263857314,1785795407.029947945,/loadcell_data_filtered.wrench.force.z,8891.387235767515
3.263964463,1785795407.030055094,/loadcell_data_filtered.wrench.force.z,8894.037646948567
3.264151596,1785795407.030242227,/loadcell_data_filtered.wrench.force.z,8895.5552026539
3.265509908,1785795407.031600539,/loadcell_data_filtered.wrench.force.z,8896.847709842936
3.266075562,1785795407.032166193,/loadcell_data_filtered.wrench.force.z,8897.171081599216
3.266469967,1785795407.032560598,/loadcell_data_filtered.wrench.force.z,8897.894867278106
3.2667862850000002,1785795407.032876916,/loadcell_data_filtered.wrench.force.z,8898.101663786692
3.267082936,1785795407.033173567,/loadcell_data_filtered.wrench.force.z,8898.369220500124
3.267384901,1785795407.033475532,/loadcell_data_filtered.wrench.force.z,8898.553403937553
3.26764646,1785795407.033737091,/loadcell_data_filtered.wrench.force.z,8898.880673155809
3.267938374,1785795407.034029005,/loadcell_data_filtered.wrench.force.z,8899.214362651175
3.268324449,1785795407.034415080,/loadcell_data_filtered.wrench.force.z,8899.698043648155
3.269308954,1785795407.035399585,/loadcell_data_filtered.wrench.force.z,8899.958521782784
3.270004406,1785795407.036095037,/loadcell_data_filtered.wrench.force.z,8899.896544419345
3.2704063100000003,1785795407.036496941,/loadcell_data_filtered.wrench.force.z,8894.667405977538
3.270641988,1785795407.036732619,/loadcell_data_filtered.wrench.force.z,8890.797739711104
3.270839389,1785795407.036930020,/loadcell_data_filtered.wrench.force.z,8887.758580917038
3.271536224,1785795407.037626855,/loadcell_data_filtered.wrench.force.z,8885.373001435732
3.271824264,1785795407.037914895,/loadcell_data_filtered.wrench.force.z,8882.909424734187
3.272272616,1785795407.038363247,/loadcell_data_filtered.wrench.force.z,8882.061565208722
3.272705164,1785795407.038795795,/loadcell_data_filtered.wrench.force.z,8882.002911240104
3.273707875,1785795407.039798506,/loadcell_data_filtered.wrench.force.z,8882.810905879927
3.274113725,1785795407.040204356,/loadcell_data_filtered.wrench.force.z,8883.839349163298
3.274411839,1785795407.040502470,/loadcell_data_filtered.wrench.force.z,8884.81589661827
3.2748419760000003,1785795407.040932607,/loadcell_data_filtered.wrench.force.z,8885.432653707889
3.275255432,1785795407.041346063,/loadcell_data_filtered.wrench.force.z,8886.298896904249
3.275880438,1785795407.041971069,/loadcell_data_filtered.wrench.force.z,8886.87362348245
3.276319475,1785795407.042410106,/loadcell_data_filtered.wrench.force.z,8887.24321435816
3.276836825,1785795407.042927456,/loadcell_data_filtered.wrench.force.z,8887.988055700514
3.277526501,1785795407.043617132,/loadcell_data_filtered.wrench.force.z,8888.724403715572
3.277843719,1785795407.043934350,/loadcell_data_filtered.wrench.force.z,8891.568021431829
3.279011554,1785795407.045102185,/loadcell_data_filtered.wrench.force.z,8896.536560472516
3.280089183,1785795407.046179814,/loadcell_data_filtered.wrench.force.z,8901.223962667094
3.280580113,1785795407.046670744,/loadcell_data_filtered.wrench.force.z,8905.91362430266
3.281030737,1785795407.047121368,/loadcell_data_filtered.wrench.force.z,8909.481441233607
3.281279507,1785795407.047370138,/loadcell_data_filtered.wrench.force.z,8913.117922576404
3.281497256,1785795407.047587887,/loadcell_data_filtered.wrench.force.z,8914.589185427887
3.281725126,1785795407.047815757,/loadcell_data_filtered.wrench.force.z,8914.869441888635
3.282351015,1785795407.048441646,/loadcell_data_filtered.wrench.force.z,8916.06492231947
3.284081243,1785795407.050171874,/loadcell_data_filtered.wrench.force.z,8916.042254657665
3.284394439,1785795407.050485070,/loadcell_data_filtered.wrench.force.z,8916.276012344277
3.284613814,1785795407.050704445,/loadcell_data_filtered.wrench.force.z,8916.219512236139
3.284871861,1785795407.050962492,/loadcell_data_filtered.wrench.force.z,8916.78614430437
3.2851188860000002,1785795407.051209517,/loadcell_data_filtered.wrench.force.z,8917.559271268501
3.285385253,1785795407.051475884,/loadcell_data_filtered.wrench.force.z,8917.500599596431
3.285607003,1785795407.051697634,/loadcell_data_filtered.wrench.force.z,8916.833447260353
3.285847875,1785795407.051938506,/loadcell_data_filtered.wrench.force.z,8916.926428978373
3.286315625,1785795407.052406256,/loadcell_data_filtered.wrench.force.z,8911.842999590517
3.287180567,1785795407.053271198,/loadcell_data_filtered.wrench.force.z,8908.808696472537
3.289075579,1785795407.055166210,/loadcell_data_filtered.wrench.force.z,8904.738833002357
3.289306929,1785795407.055397560,/loadcell_data_filtered.wrench.force.z,8901.82849890884
3.289509413,1785795407.055600044,/loadcell_data_filtered.wrench.force.z,8898.257608716072
3.289753815,1785795407.055844446,/loadcell_data_filtered.wrench.force.z,8889.295986777037
3.290027434,1785795407.056118065,/loadcell_data_filtered.wrench.force.z,8887.60170056155
3.290297919,1785795407.056388550,/loadcell_data_filtered.wrench.force.z,8886.708565354837
3.290507989,1785795407.056598620,/loadcell_data_filtered.wrench.force.z,8886.81557980365
3.290761217,1785795407.056851848,/loadcell_data_filtered.wrench.force.z,8886.918886822166
3.291427064,1785795407.057517695,/loadcell_data_filtered.wrench.force.z,8886.896733253918
3.292030877,1785795407.058121508,/loadcell_data_filtered.wrench.force.z,8886.742210190347
3.293294347,1785795407.059384978,/loadcell_data_filtered.wrench.force.z,8886.240792343699
3.294098961,1785795407.060189592,/loadcell_data_filtered.wrench.force.z,8886.069460432225
3.295480987,1785795407.061571618,/loadcell_data_filtered.wrench.force.z,8886.356755138513
3.295502726,1785795407.061593357,/loadcell_data_filtered.wrench.force.z,8886.296283541005
3.295506389,1785795407.061597020,/loadcell_data_filtered.wrench.force.z,8886.572337866526
3.296274177,1785795407.062364808,/loadcell_data_filtered.wrench.force.z,8891.761475375135
3.296592562,1785795407.062683193,/loadcell_data_filtered.wrench.force.z,8895.566961004986
3.296844081,1785795407.062934712,/loadcell_data_filtered.wrench.force.z,8899.669519449883
3.3003116869999998,1785795407.066402318,/loadcell_data_filtered.wrench.force.z,8903.786563374942
3.300664914,1785795407.066755545,/loadcell_data_filtered.wrench.force.z,8906.886736912453
3.300965132,1785795407.067055763,/loadcell_data_filtered.wrench.force.z,8908.67159334276
3.301228943,1785795407.067319574,/loadcell_data_filtered.wrench.force.z,8910.95032551283
3.301464478,1785795407.067555109,/loadcell_data_filtered.wrench.force.z,8912.119463795822
3.301676044,1785795407.067766675,/loadcell_data_filtered.wrench.force.z,8913.343423336128
3.301906189,1785795407.067996820,/loadcell_data_filtered.wrench.force.z,8914.390113217338
3.3021192360000002,1785795407.068209867,/loadcell_data_filtered.wrench.force.z,8915.187579521098
3.302303377,1785795407.068394008,/loadcell_data_filtered.wrench.force.z,8916.434461256868
3.302524403,1785795407.068615034,/loadcell_data_filtered.wrench.force.z,8916.480610887365
3.302851817,1785795407.068942448,/loadcell_data_filtered.wrench.force.z,8915.693042065472
3.303147804,1785795407.069238435,/loadcell_data_filtered.wrench.force.z,8915.74685580762
3.303448403,1785795407.069539034,/loadcell_data_filtered.wrench.force.z,8916.452654238155
3.303756821,1785795407.069847452,/loadcell_data_filtered.wrench.force.z,8916.336757386387
3.304031144,1785795407.070121775,/loadcell_data_filtered.wrench.force.z,8910.797298371266
3.304326459,1785795407.070417090,/loadcell_data_filtered.wrench.force.z,8906.798753830833
3.304702019,1785795407.070792650,/loadcell_data_filtered.wrench.force.z,8903.491045988872
3.305109369,1785795407.071200000,/loadcell_data_filtered.wrench.force.z,8900.947611622649
3.305449451,1785795407.071540082,/loadcell_data_filtered.wrench.force.z,8898.158397320683
3.305765685,1785795407.071856316,/loadcell_data_filtered.wrench.force.z,8896.919724814034
3.306201674,1785795407.072292305,/loadcell_data_filtered.wrench.force.z,8896.391784195772
3.306664176,1785795407.072754807,/loadcell_data_filtered.wrench.force.z,8896.562410966439
3.30726288,1785795407.073353511,/loadcell_data_filtered.wrench.force.z,8896.78642428613
3.307663829,1785795407.073754460,/loadcell_data_filtered.wrench.force.z,8896.856048855116
3.308278489,1785795407.074369120,/loadcell_data_filtered.wrench.force.z,8896.76116220202
3.308563392,1785795407.074654023,/loadcell_data_filtered.wrench.force.z,8896.812901857656
3.309101486,1785795407.075192117,/loadcell_data_filtered.wrench.force.z,8896.814627349782
3.309612982,1785795407.075703613,/loadcell_data_filtered.wrench.force.z,8896.766054217678
3.310716111,1785795407.076806742,/loadcell_data_filtered.wrench.force.z,8896.771422051683
3.311280787,1785795407.077371418,/loadcell_data_filtered.wrench.force.z,8896.85885970949
3.311693399,1785795407.077784030,/loadcell_data_filtered.wrench.force.z,8900.856588815148
3.312063538,1785795407.078154169,/loadcell_data_filtered.wrench.force.z,8904.599956832923
3.312728987,1785795407.078819618,/loadcell_data_filtered.wrench.force.z,8909.131322487367
3.313138333,1785795407.079228964,/loadcell_data_filtered.wrench.force.z,8912.813111625148
3.3135050550000003,1785795407.079595686,/loadcell_data_filtered.wrench.force.z,8916.270252006876
3.313856576,1785795407.079947207,/loadcell_data_filtered.wrench.force.z,8918.497601359082
3.314172931,1785795407.080263562,/loadcell_data_filtered.wrench.force.z,8920.474241671916
3.314829176,1785795407.080919807,/loadcell_data_filtered.wrench.force.z,8921.201847368104
3.315048436,1785795407.081139067,/loadcell_data_filtered.wrench.force.z,8921.674154335473
3.316824196,1785795407.082914827,/loadcell_data_filtered.wrench.force.z,8922.585755039641
3.317935644,1785795407.084026275,/loadcell_data_filtered.wrench.force.z,8923.29505339638
3.318213159,1785795407.084303790,/loadcell_data_filtered.wrench.force.z,8924.822038087603
3.318422242,1785795407.084512873,/loadcell_data_filtered.wrench.force.z,8926.590593916537
3.318630553,1785795407.084721184,/loadcell_data_filtered.wrench.force.z,8927.410969779137
3.318883065,1785795407.084973696,/loadcell_data_filtered.wrench.force.z,8928.747403181014
3.319165239,1785795407.085255870,/loadcell_data_filtered.wrench.force.z,8928.883435185018
3.319438049,1785795407.085528680,/loadcell_data_filtered.wrench.force.z,8928.822488272273
3.319777927,1785795407.085868558,/loadcell_data_filtered.wrench.force.z,8923.835668658703
3.320204694,1785795407.086295325,/loadcell_data_filtered.wrench.force.z,8921.0610813616
3.322666077,1785795407.088756708,/loadcell_data_filtered.wrench.force.z,8917.526269476226
3.323865951,1785795407.089956582,/loadcell_data_filtered.wrench.force.z,8914.805806655535
3.32387525,1785795407.089965881,/loadcell_data_filtered.wrench.force.z,8912.855637728464
3.323876948,1785795407.089967579,/loadcell_data_filtered.wrench.force.z,8911.7178354154
3.323878499,1785795407.089969130,/loadcell_data_filtered.wrench.force.z,8910.685180833794
3.32412446,1785795407.090215091,/loadcell_data_filtered.wrench.force.z,8910.270244890326
3.324377276,1785795407.090467907,/loadcell_data_filtered.wrench.force.z,8909.358180620879
3.324674716,1785795407.090765347,/loadcell_data_filtered.wrench.force.z,8909.40315631548
3.324992452,1785795407.091083083,/loadcell_data_filtered.wrench.force.z,8909.161512480652
3.327113578,1785795407.093204209,/loadcell_data_filtered.wrench.force.z,8908.3552632583
3.327570207,1785795407.093660838,/loadcell_data_filtered.wrench.force.z,8908.165418641178
3.327784396,1785795407.093875027,/loadcell_data_filtered.wrench.force.z,8904.327607386958
3.328011702,1785795407.094102333,/loadcell_data_filtered.wrench.force.z,8900.843490453051
3.328212282,1785795407.094302913,/loadcell_data_filtered.wrench.force.z,8900.188031651001
3.328419868,1785795407.094510499,/loadcell_data_filtered.wrench.force.z,8899.612116090362
3.328614746,1785795407.094705377,/loadcell_data_filtered.wrench.force.z,8905.303990673801
3.3290814810000002,1785795407.095172112,/loadcell_data_filtered.wrench.force.z,8909.554708567948
3.32969923,1785795407.095789861,/loadcell_data_filtered.wrench.force.z,8913.229308369942
3.329927396,1785795407.096018027,/loadcell_data_filtered.wrench.force.z,8916.192679340971
3.331144622,1785795407.097235253,/loadcell_data_filtered.wrench.force.z,8918.399258935004
3.331567823,1785795407.097658454,/loadcell_data_filtered.wrench.force.z,8919.696740820818
3.331742808,1785795407.097833439,/loadcell_data_filtered.wrench.force.z,8921.184920276588
3.331914293,1785795407.098004924,/loadcell_data_filtered.wrench.force.z,8922.359251800717
3.332084187,1785795407.098174818,/loadcell_data_filtered.wrench.force.z,8922.651742309965
3.332806289,1785795407.098896920,/loadcell_data_filtered.wrench.force.z,8922.48926798516
3.333076836,1785795407.099167467,/loadcell_data_filtered.wrench.force.z,8922.867281437271
3.334623471,1785795407.100714102,/loadcell_data_filtered.wrench.force.z,8923.365682159972
3.33503989,1785795407.101130521,/loadcell_data_filtered.wrench.force.z,8923.613172585312
3.335051331,1785795407.101141962,/loadcell_data_filtered.wrench.force.z,8924.531949623068
3.335185004,1785795407.101275635,/loadcell_data_filtered.wrench.force.z,8925.277638093661
3.335826679,1785795407.101917310,/loadcell_data_filtered.wrench.force.z,8925.613800515595
3.341381762,1785795407.107472393,/loadcell_data_filtered.wrench.force.z,8924.23714041394
3.341436238,1785795407.107526869,/loadcell_data_filtered.wrench.force.z,8919.496649619068
3.341714496,1785795407.107805127,/loadcell_data_filtered.wrench.force.z,8915.272209296243
3.342928386,1785795407.109019017,/loadcell_data_filtered.wrench.force.z,8912.48601965088
3.342940305,1785795407.109030936,/loadcell_data_filtered.wrench.force.z,8910.234166597633
3.342983853,1785795407.109074484,/loadcell_data_filtered.wrench.force.z,8906.623657652326
3.343431941,1785795407.109522572,/loadcell_data_filtered.wrench.force.z,8899.421651357685
3.343893945,1785795407.109984576,/loadcell_data_filtered.wrench.force.z,8899.600091774671
3.344416929,1785795407.110507560,/loadcell_data_filtered.wrench.force.z,8898.35479532227
3.344808519,1785795407.110899150,/loadcell_data_filtered.wrench.force.z,8898.914217990758
3.34511732,1785795407.111207951,/loadcell_data_filtered.wrench.force.z,8898.403002959058
3.345463028,1785795407.111553659,/loadcell_data_filtered.wrench.force.z,8898.411469228884
3.345706138,1785795407.111796769,/loadcell_data_filtered.wrench.force.z,8898.409074251467
3.345937034,1785795407.112027665,/loadcell_data_filtered.wrench.force.z,8898.349583339555
3.346164864,1785795407.112255495,/loadcell_data_filtered.wrench.force.z,8898.089866620625
3.346397729,1785795407.112488360,/loadcell_data_filtered.wrench.force.z,8897.95215908845
3.346619635,1785795407.112710266,/loadcell_data_filtered.wrench.force.z,8897.757549242073
3.346842689,1785795407.112933320,/loadcell_data_filtered.wrench.force.z,8902.8169627982
3.34709289,1785795407.113183521,/loadcell_data_filtered.wrench.force.z,8905.839148920799
3.347326391,1785795407.113417022,/loadcell_data_filtered.wrench.force.z,8910.204450036937
3.347578421,1785795407.113669052,/loadcell_data_filtered.wrench.force.z,8913.907407406758
3.347823863,1785795407.113914494,/loadcell_data_filtered.wrench.force.z,8916.762979133515
3.348088379,1785795407.114179010,/loadcell_data_filtered.wrench.force.z,8919.216851920839
3.348290283,1785795407.114380914,/loadcell_data_filtered.wrench.force.z,8920.857848851409
3.348538672,1785795407.114629303,/loadcell_data_filtered.wrench.force.z,8921.64046000086
3.348728612,1785795407.114819243,/loadcell_data_filtered.wrench.force.z,8922.476148349182
3.348924179,1785795407.115014810,/loadcell_data_filtered.wrench.force.z,8923.134272212821
3.349577704,1785795407.115668335,/loadcell_data_filtered.wrench.force.z,8923.43111156338
3.350081275,1785795407.116171906,/loadcell_data_filtered.wrench.force.z,8924.529996620324
3.350572308,1785795407.116662939,/loadcell_data_filtered.wrench.force.z,8925.381141737664
3.35294203,1785795407.119032661,/loadcell_data_filtered.wrench.force.z,8925.901776120683
3.353336148,1785795407.119426779,/loadcell_data_filtered.wrench.force.z,8926.35319429189
3.353663318,1785795407.119753949,/loadcell_data_filtered.wrench.force.z,8927.046866743094
3.354054844,1785795407.120145475,/loadcell_data_filtered.wrench.force.z,8920.479855832276
3.354399041,1785795407.120489672,/loadcell_data_filtered.wrench.force.z,8916.092094949363
3.354666466,1785795407.120757097,/loadcell_data_filtered.wrench.force.z,8912.81987469311
3.355242,1785795407.121332631,/loadcell_data_filtered.wrench.force.z,8909.543262826508
3.356058938,1785795407.122149569,/loadcell_data_filtered.wrench.force.z,8907.756170090663
3.356354487,1785795407.122445118,/loadcell_data_filtered.wrench.force.z,8905.189288993204
3.356602157,1785795407.122692788,/loadcell_data_filtered.wrench.force.z,8904.80838549899
3.356866568,1785795407.122957199,/loadcell_data_filtered.wrench.force.z,8904.192178825268
3.3571245530000002,1785795407.123215184,/loadcell_data_filtered.wrench.force.z,8904.864131228012
3.357366324,1785795407.123456955,/loadcell_data_filtered.wrench.force.z,8904.662467422237
3.357604387,1785795407.123695018,/loadcell_data_filtered.wrench.force.z,8904.73313328281
3.359070882,1785795407.125161513,/loadcell_data_filtered.wrench.force.z,8904.09882034434
3.36016284,1785795407.126253471,/loadcell_data_filtered.wrench.force.z,8903.819578284725
3.360861206,1785795407.126951837,/loadcell_data_filtered.wrench.force.z,8904.045217564026
3.360870373,1785795407.126961004,/loadcell_data_filtered.wrench.force.z,8904.517159142379
3.36087277,1785795407.126963401,/loadcell_data_filtered.wrench.force.z,8904.273045281016
3.360973896,1785795407.127064527,/loadcell_data_filtered.wrench.force.z,8904.415382714762
3.36181825,1785795407.127908881,/loadcell_data_filtered.wrench.force.z,8903.009347991692
3.36221207,1785795407.128302701,/loadcell_data_filtered.wrench.force.z,8908.213675117355
3.362348306,1785795407.128438937,/loadcell_data_filtered.wrench.force.z,8912.51489051206
3.36246519,1785795407.128555821,/loadcell_data_filtered.wrench.force.z,8916.232398383689
3.362875038,1785795407.128965669,/loadcell_data_filtered.wrench.force.z,8917.558611705716
