elapsed time,timestamp,topic,value
0.000348795,1785795229.775770891,/loadcell_data_filtered.wrench.force.z,884.6241419197605
0.0007111680000000001,1785795229.776133264,/loadcell_data_filtered.wrench.force.z,879.9966401220636
0.002376432,1785795229.777798528,/loadcell_data_filtered.wrench.force.z,875.9999235655789
0.0026945740000000004,1785795229.778116670,/loadcell_data_filtered.wrench.force.z,871.8755374612911
0.0029528550000000003,1785795229.778374951,/loadcell_data_filtered.wrench.force.z,868.9138087172632
0.003252973,1785795229.778675069,/loadcell_data_filtered.wrench.force.z,861.7279525918873
0.0050675270000000005,1785795229.780489623,/loadcell_data_filtered.wrench.force.z,857.4155308062345
0.0050853040000000006,1785795229.780507400,/loadcell_data_filtered.wrench.force.z,856.2938471646179
0.005090042,1785795229.780512138,/loadcell_data_filtered.wrench.force.z,855.9318394371072
0.005212990000000001,1785795229.780635086,/loadcell_data_filtered.wrench.force.z,856.7097472980745
0.005560654,1785795229.780982750,/loadcell_data_filtered.wrench.force.z,857.320358325424
0.00583758,1785795229.781259676,/loadcell_data_filtered.wrench.force.z,857.2985704987165
0.006683774000000001,1785795229.782105870,/loadcell_data_filtered.wrench.force.z,857.9884572471294
0.007077169,1785795229.782499265,/loadcell_data_filtered.wrench.force.z,858.5049311345307
0.0073757300000000005,1785795229.782797826,/loadcell_data_filtered.wrench.force.z,859.1782314496546
0.0076513580000000005,1785795229.783073454,/loadcell_data_filtered.wrench.force.z,860.2686457704289
0.008080986,1785795229.783503082,/loadcell_data_filtered.wrench.force.z,861.2428082957742
0.008443629000000001,1785795229.783865725,/loadcell_data_filtered.wrench.force.z,861.3017291737651
0.008674179,1785795229.784096275,/loadcell_data_filtered.wrench.force.z,868.3565669649249
0.008856764000000001,1785795229.784278860,/loadcell_data_filtered.wrench.force.z,873.0164848313873
0.009750923,1785795229.785173019,/loadcell_data_filtered.wrench.force.z,878.1035217543425
0.010128111,1785795229.785550207,/loadcell_data_filtered.wrench.force.z,882.3072796763454
0.010285914,1785795229.785708010,/loadcell_data_filtered.wrench.force.z,886.8470589007352
0.010558828000000001,1785795229.785980924,/loadcell_data_filtered.wrench.force.z,889.0384768328142
0.011324623,1785795229.786746719,/loadcell_data_filtered.wrench.force.z,891.3244865207287
0.011793030000000001,1785795229.787215126,/loadcell_data_filtered.wrench.force.z,892.3668786226489
0.012228703,1785795229.787650799,/loadcell_data_filtered.wrench.force.z,893.3849825159411
0.012658904,1785795229.788081000,/loadcell_data_filtered.wrench.force.z,894.6428632579174
0.01478194,1785795229.790204036,/loadcell_data_filtered.wrench.force.z,895.780884431542
0.015122585000000001,1785795229.790544681,/loadcell_data_filtered.wrench.force.z,896.7154409560868
0.01537812,1785795229.790800216,/loadcell_data_filtered.wrench.force.z,891.9040800932611
0.015630104000000002,1785795229.791052200,/loadcell_data_filtered.wrench.force.z,891.6263648097791
0.017236692,1785795229.792658788,/loadcell_data_filtered.wrench.force.z,891.75834323831
0.017454091,1785795229.792876187,/loadcell_data_filtered.wrench.force.z,892.1502024625931
0.01762284,1785795229.793044936,/loadcell_data_filtered.wrench.force.z,892.4020958847588
0.017752904,1785795229.793175000,/loadcell_data_filtered.wrench.force.z,880.654307336963
0.017891606,1785795229.793313702,/loadcell_data_filtered.wrench.force.z,876.2174157958899
0.018021759000000002,1785795229.793443855,/loadcell_data_filtered.wrench.force.z,872.1040191981618
0.018153537,1785795229.793575633,/loadcell_data_filtered.wrench.force.z,869.1408052116886
0.018695516000000002,1785795229.794117612,/loadcell_data_filtered.wrench.force.z,866.2312591991105
0.019674647,1785795229.795096743,/loadcell_data_filtered.wrench.force.z,865.0688187501398
0.019855568,1785795229.795277664,/loadcell_data_filtered.wrench.force.z,864.4830182930897
0.020137147,1785795229.795559243,/loadcell_data_filtered.wrench.force.z,864.5348015580173
0.022247162,1785795229.797669258,/loadcell_data_filtered.wrench.force.z,865.0252656382626
0.022581342,1785795229.798003438,/loadcell_data_filtered.wrench.force.z,865.0359658117179
0.022818547,1785795229.798240643,/loadcell_data_filtered.wrench.force.z,857.3873449990484
0.023002375000000002,1785795229.798424471,/loadcell_data_filtered.wrench.force.z,857.1047138986024
0.023232728,1785795229.798654824,/loadcell_data_filtered.wrench.force.z,856.5092653584402
0.024448828000000002,1785795229.799870924,/loadcell_data_filtered.wrench.force.z,856.0648628148354
0.024853344000000003,1785795229.800275440,/loadcell_data_filtered.wrench.force.z,855.4276029828637
0.025111790000000002,1785795229.800533886,/loadcell_data_filtered.wrench.force.z,848.04703744165
0.025330059000000002,1785795229.800752155,/loadcell_data_filtered.wrench.force.z,851.0305675991436
0.025669381,1785795229.801091477,/loadcell_data_filtered.wrench.force.z,855.4483942196205
0.026032140000000002,1785795229.801454236,/loadcell_data_filtered.wrench.force.z,859.8638178949993
0.026324809,1785795229.801746905,/loadcell_data_filtered.wrench.force.z,864.5010811341787
0.026868126000000003,1785795229.802290222,/loadcell_data_filtered.wrench.force.z,866.7807173867333
0.027297004000000003,1785795229.802719100,/loadcell_data_filtered.wrench.force.z,869.0706792542302
0.028215481,1785795229.803637577,/loadcell_data_filtered.wrench.force.z,870.5199946137981
0.028528082000000003,1785795229.803950178,/loadcell_data_filtered.wrench.force.z,870.8640616612685
0.030427685000000003,1785795229.805849781,/loadcell_data_filtered.wrench.force.z,871.6709096484599
0.030751329,1785795229.806173425,/loadcell_data_filtered.wrench.force.z,871.695192370519
0.031029267000000003,1785795229.806451363,/loadcell_data_filtered.wrench.force.z,871.5552639528299
0.031398696000000004,1785795229.806820792,/loadcell_data_filtered.wrench.force.z,864.3263543278613
0.031910767,1785795229.807332863,/loadcell_data_filtered.wrench.force.z,865.0065226285534
0.032448612,1785795229.807870708,/loadcell_data_filtered.wrench.force.z,864.84286098856
0.032950455000000003,1785795229.808372551,/loadcell_data_filtered.wrench.force.z,864.7669845069173
0.033409285000000004,1785795229.808831381,/loadcell_data_filtered.wrench.force.z,864.7789627230907
0.033885224000000005,1785795229.809307320,/loadcell_data_filtered.wrench.force.z,864.7470063115585
0.034325167000000004,1785795229.809747263,/loadcell_data_filtered.wrench.force.z,859.6141985468983
0.034741202,1785795229.810163298,/loadcell_data_filtered.wrench.force.z,856.8028447382613
0.035171719000000004,1785795229.810593815,/loadcell_data_filtered.wrench.force.z,853.0062725826417
0.035524001,1785795229.810946097,/loadcell_data_filtered.wrench.force.z,849.4462377884848
0.035894504,1785795229.811316600,/loadcell_data_filtered.wrench.force.z,846.6266915688739
0.036229552000000005,1785795229.811651648,/loadcell_data_filtered.wrench.force.z,844.5806993286011
0.036700696000000005,1785795229.812122792,/loadcell_data_filtered.wrench.force.z,842.9660356169675
0.037193028,1785795229.812615124,/loadcell_data_filtered.wrench.force.z,842.8952559405499
0.037596032,1785795229.813018128,/loadcell_data_filtered.wrench.force.z,843.8597632347933
0.038357371,1785795229.813779467,/loadcell_data_filtered.wrench.force.z,843.6306609180978
0.039816436000000004,1785795229.815238532,/loadcell_data_filtered.wrench.force.z,843.3039750880555
0.040194639000000004,1785795229.815616735,/loadcell_data_filtered.wrench.force.z,842.9021055835133
0.040552351,1785795229.815974447,/loadcell_data_filtered.wrench.force.z,835.0947974237233
0.041933667,1785795229.817355763,/loadcell_data_filtered.wrench.force.z,835.1265718480364
0.042294674000000004,1785795229.817716770,/loadcell_data_filtered.wrench.force.z,834.4548731597409
0.042515923000000004,1785795229.817938019,/loadcell_data_filtered.wrench.force.z,834.9890354192877
0.042742108,1785795229.818164204,/loadcell_data_filtered.wrench.force.z,835.814850639254
0.042931796,1785795229.818353892,/loadcell_data_filtered.wrench.force.z,842.4521104819559
0.043126246,1785795229.818548342,/loadcell_data_filtered.wrench.force.z,847.0563825122259
0.043327235000000006,1785795229.818749331,/loadcell_data_filtered.wrench.force.z,851.4549075423209
0.043566433,1785795229.818988529,/loadcell_data_filtered.wrench.force.z,853.9564615671012
0.043820075,1785795229.819242171,/loadcell_data_filtered.wrench.force.z,857.1962637333762
0.044233576000000004,1785795229.819655672,/loadcell_data_filtered.wrench.force.z,858.7629396698599
0.044819048,1785795229.820241144,/loadcell_data_filtered.wrench.force.z,859.9848705873936
0.045144466,1785795229.820566562,/loadcell_data_filtered.wrench.force.z,860.316678274836
0.045526853000000006,1785795229.820948949,/loadcell_data_filtered.wrench.force.z,860.6192526050949
0.046268513000000004,1785795229.821690609,/loadcell_data_filtered.wrench.force.z,860.971939211822
0.046736462,1785795229.822158558,/loadcell_data_filtered.wrench.force.z,861.1931220127555
0.047423770000000004,1785795229.822845866,/loadcell_data_filtered.wrench.force.z,861.6318284197307
0.047713542000000005,1785795229.823135638,/loadcell_data_filtered.wrench.force.z,861.721069892068
0.050404352000000006,1785795229.825826448,/loadcell_data_filtered.wrench.force.z,861.8681571578344
0.050809487,1785795229.826231583,/loadcell_data_filtered.wrench.force.z,861.6332421496858
0.051187378000000006,1785795229.826609474,/loadcell_data_filtered.wrench.force.z,861.3408465110014
0.051529740000000004,1785795229.826951836,/loadcell_data_filtered.wrench.force.z,854.1234273597942
0.051910745,1785795229.827332841,/loadcell_data_filtered.wrench.force.z,847.8748780244881
0.052207389,1785795229.827629485,/loadcell_data_filtered.wrench.force.z,843.267330302884
0.052478689,1785795229.827900785,/loadcell_data_filtered.wrench.force.z,838.1956135801533
0.052851752,1785795229.828273848,/loadcell_data_filtered.wrench.force.z,835.0889087060198
0.053082269,1785795229.828504365,/loadcell_data_filtered.wrench.force.z,832.1733786040062
0.053284499000000006,1785795229.828706595,/loadcell_data_filtered.wrench.force.z,831.079534197821
0.053487148000000005,1785795229.828909244,/loadcell_data_filtered.wrench.force.z,830.6817005464998
0.053710686,1785795229.829132782,/loadcell_data_filtered.wrench.force.z,830.800525923238
0.053996982000000006,1785795229.829419078,/loadcell_data_filtered.wrench.force.z,831.0314932662382
0.054496066,1785795229.829918162,/loadcell_data_filtered.wrench.force.z,830.8516093206897
0.055104098000000004,1785795229.830526194,/loadcell_data_filtered.wrench.force.z,830.5640514755737
0.055630780000000005,1785795229.831052876,/loadcell_data_filtered.wrench.force.z,830.1062914761661
0.056016254,1785795229.831438350,/loadcell_data_filtered.wrench.force.z,829.9358099455903
0.05653367,1785795229.831955766,/loadcell_data_filtered.wrench.force.z,829.5448757685729
0.056955901,1785795229.832377997,/loadcell_data_filtered.wrench.force.z,829.6806845284076
0.057570662,1785795229.832992758,/loadcell_data_filtered.wrench.force.z,829.729580304402
0.058143711,1785795229.833565807,/loadcell_data_filtered.wrench.force.z,834.0377777259837
0.058577698000000004,1785795229.833999794,/loadcell_data_filtered.wrench.force.z,837.7959416935208
0.059138202,1785795229.834560298,/loadcell_data_filtered.wrench.force.z,842.6695476177752
0.05955819700000001,1785795229.834980293,/loadcell_data_filtered.wrench.force.z,846.5143410648805
0.060514492,1785795229.835936588,/loadcell_data_filtered.wrench.force.z,849.9199315397072
0.06078621100000001,1785795229.836208307,/loadcell_data_filtered.wrench.force.z,852.7311643073693
0.061222900000000004,1785795229.836644996,/loadcell_data_filtered.wrench.force.z,854.6886202427279
0.06431237100000001,1785795229.839734467,/loadcell_data_filtered.wrench.force.z,855.322362798071
0.064348158,1785795229.839770254,/loadcell_data_filtered.wrench.force.z,855.9041821612294
0.064350194,1785795229.839772290,/loadcell_data_filtered.wrench.force.z,857.3807143884062
0.064686957,1785795229.840109053,/loadcell_data_filtered.wrench.force.z,858.9702167375841
0.065169527,1785795229.840591623,/loadcell_data_filtered.wrench.force.z,860.020112422768
0.065594132,1785795229.841016228,/loadcell_data_filtered.wrench.force.z,860.5423927617841
0.065997198,1785795229.841419294,/loadcell_data_filtered.wrench.force.z,860.455032799532
0.066550948,1785795229.841973044,/loadcell_data_filtered.wrench.force.z,861.1688220888035
0.06708111600000001,1785795229.842503212,/loadcell_data_filtered.wrench.force.z,861.5549696504378
0.067699048,1785795229.843121144,/loadcell_data_filtered.wrench.force.z,861.7956586433647
0.068607046,1785795229.844029142,/loadcell_data_filtered.wrench.force.z,856.7573615534859
0.06889920100000001,1785795229.844321297,/loadcell_data_filtered.wrench.force.z,853.8844392701736
0.069151208,1785795229.844573304,/loadcell_data_filtered.wrench.force.z,850.111300292474
0.06942487900000001,1785795229.844846975,/loadcell_data_filtered.wrench.force.z,842.6805442397183
0.06975648400000001,1785795229.845178580,/loadcell_data_filtered.wrench.force.z,838.1859857969116
0.069996468,1785795229.845418564,/loadcell_data_filtered.wrench.force.z,835.9793815185136
0.070216125,1785795229.845638221,/loadcell_data_filtered.wrench.force.z,835.1592342031514
0.07045731400000001,1785795229.845879410,/loadcell_data_filtered.wrench.force.z,835.6154097461691
0.072156252,1785795229.847578348,/loadcell_data_filtered.wrench.force.z,835.7241344055485
0.07216515800000001,1785795229.847587254,/loadcell_data_filtered.wrench.force.z,836.2805218056769
0.07216760300000001,1785795229.847589699,/loadcell_data_filtered.wrench.force.z,836.6848993915422
0.072789508,1785795229.848211604,/loadcell_data_filtered.wrench.force.z,836.8486063763224
0.073357168,1785795229.848779264,/loadcell_data_filtered.wrench.force.z,836.5495589045672
0.07381201800000001,1785795229.849234114,/loadcell_data_filtered.wrench.force.z,836.1321408495187
0.074309452,1785795229.849731548,/loadcell_data_filtered.wrench.force.z,836.0443166630047
0.074714585,1785795229.850136681,/loadcell_data_filtered.wrench.force.z,835.9244498167328
0.075038066,1785795229.850460162,/loadcell_data_filtered.wrench.force.z,836.0180194235484
0.075383296,1785795229.850805392,/loadcell_data_filtered.wrench.force.z,842.1937760248339
0.07612623,1785795229.851548326,/loadcell_data_filtered.wrench.force.z,846.9065900804491
0.076692223,1785795229.852114319,/loadcell_data_filtered.wrench.force.z,851.1223936893889
0.07692913200000001,1785795229.852351228,/loadcell_data_filtered.wrench.force.z,854.8814357108217
0.078412384,1785795229.853834480,/loadcell_data_filtered.wrench.force.z,858.0836252993613
0.079526155,1785795229.854948251,/loadcell_data_filtered.wrench.force.z,859.4135641937784
0.079799505,1785795229.855221601,/loadcell_data_filtered.wrench.force.z,861.1714368640194
0.079942469,1785795229.855364565,/loadcell_data_filtered.wrench.force.z,862.6148147320301
0.08007035700000001,1785795229.855492453,/loadcell_data_filtered.wrench.force.z,863.87825746696
0.08021489400000001,1785795229.855636990,/loadcell_data_filtered.wrench.force.z,864.9007789248897
0.08033662300000001,1785795229.855758719,/loadcell_data_filtered.wrench.force.z,866.1455378973527
0.08046286000000001,1785795229.855884956,/loadcell_data_filtered.wrench.force.z,866.6467197902547
0.08119147,1785795229.856613566,/loadcell_data_filtered.wrench.force.z,867.309734561387
0.081659072,1785795229.857081168,/loadcell_data_filtered.wrench.force.z,868.2641841546949
0.081935332,1785795229.857357428,/loadcell_data_filtered.wrench.force.z,869.2891371071055
0.08289908,1785795229.858321176,/loadcell_data_filtered.wrench.force.z,870.2398490536322
0.08314603100000001,1785795229.858568127,/loadcell_data_filtered.wrench.force.z,869.7541351884493
0.08350041100000001,1785795229.858922507,/loadcell_data_filtered.wrench.force.z,865.6630982289321
0.08405889200000001,1785795229.859480988,/loadcell_data_filtered.wrench.force.z,862.2048990052124
0.084480495,1785795229.859902591,/loadcell_data_filtered.wrench.force.z,859.7614367778806
0.084913078,1785795229.860335174,/loadcell_data_filtered.wrench.force.z,857.9838721239947
0.08549498800000001,1785795229.860917084,/loadcell_data_filtered.wrench.force.z,855.8447430677904
0.085955475,1785795229.861377571,/loadcell_data_filtered.wrench.force.z,854.8440201845448
0.086356653,1785795229.861778749,/loadcell_data_filtered.wrench.force.z,854.8133191271302
0.087305292,1785795229.862727388,/loadcell_data_filtered.wrench.force.z,855.5195593244589
0.08788481100000001,1785795229.863306907,/loadcell_data_filtered.wrench.force.z,856.3362481563973
0.088267121,1785795229.863689217,/loadcell_data_filtered.wrench.force.z,856.8554551484634
0.088575834,1785795229.863997930,/loadcell_data_filtered.wrench.force.z,856.4058710769721
0.089035952,1785795229.864458048,/loadcell_data_filtered.wrench.force.z,855.7551381493046
0.09200625100000001,1785795229.867428347,/loadcell_data_filtered.wrench.force.z,855.5206338350215
0.092212002,1785795229.867634098,/loadcell_data_filtered.wrench.force.z,854.8790367957602
0.092373201,1785795229.867795297,/loadcell_data_filtered.wrench.force.z,854.8559144431989
0.092525747,1785795229.867947843,/loadcell_data_filtered.wrench.force.z,854.7677981941249
0.093295788,1785795229.868717884,/loadcell_data_filtered.wrench.force.z,859.3829484749859
0.093471123,1785795229.868893219,/loadcell_data_filtered.wrench.force.z,862.4231999807406
0.093614474,1785795229.869036570,/loadcell_data_filtered.wrench.force.z,866.5764476904203
0.09429901900000001,1785795229.869721115,/loadcell_data_filtered.wrench.force.z,868.4987351236141
0.09449289400000001,1785795229.869914990,/loadcell_data_filtered.wrench.force.z,870.6338926525792
0.095079338,1785795229.870501434,/loadcell_data_filtered.wrench.force.z,872.1731752431441
0.095269901,1785795229.870691997,/loadcell_data_filtered.wrench.force.z,872.0678795883665
0.096263188,1785795229.871685284,/loadcell_data_filtered.wrench.force.z,871.710195864746
0.09693531100000001,1785795229.872357407,/loadcell_data_filtered.wrench.force.z,870.6063952640444
0.09730235200000001,1785795229.872724448,/loadcell_data_filtered.wrench.force.z,869.9808761661426
0.097700254,1785795229.873122350,/loadcell_data_filtered.wrench.force.z,869.6811858267619
0.09797794400000001,1785795229.873400040,/loadcell_data_filtered.wrench.force.z,869.1295795424071
0.09971693000000001,1785795229.875139026,/loadcell_data_filtered.wrench.force.z,868.9252706795936
0.10017030900000001,1785795229.875592405,/loadcell_data_filtered.wrench.force.z,867.4986637722308
0.100530991,1785795229.875953087,/loadcell_data_filtered.wrench.force.z,867.3407439849981
0.101009256,1785795229.876431352,/loadcell_data_filtered.wrench.force.z,866.771945929307
0.10145052,1785795229.876872616,/loadcell_data_filtered.wrench.force.z,866.6694064564757
0.101816898,1785795229.877238994,/loadcell_data_filtered.wrench.force.z,861.0643978095353
0.10219264400000001,1785795229.877614740,/loadcell_data_filtered.wrench.force.z,856.4577902419835
0.10250080700000001,1785795229.877922903,/loadcell_data_filtered.wrench.force.z,852.7516054862764
0.102736305,1785795229.878158401,/loadcell_data_filtered.wrench.force.z,849.906148904054
0.10293998500000001,1785795229.878362081,/loadcell_data_filtered.wrench.force.z,845.9811242226575
0.10446073400000001,1785795229.879882830,/loadcell_data_filtered.wrench.force.z,843.9846606092773
0.10469494700000001,1785795229.880117043,/loadcell_data_filtered.wrench.force.z,841.9562755026977
0.10484270700000001,1785795229.880264803,/loadcell_data_filtered.wrench.force.z,842.3929492433743
0.10498223500000001,1785795229.880404331,/loadcell_data_filtered.wrench.force.z,839.5179430669901
0.105129104,1785795229.880551200,/loadcell_data_filtered.wrench.force.z,835.4406159986522
0.105260802,1785795229.880682898,/loadcell_data_filtered.wrench.force.z,834.8222117926841
0.10688004400000001,1785795229.882302140,/loadcell_data_filtered.wrench.force.z,834.2029674687515
0.10704385300000001,1785795229.882465949,/loadcell_data_filtered.wrench.force.z,834.1937119967989
0.107186184,1785795229.882608280,/loadcell_data_filtered.wrench.force.z,832.1013339207516
0.107318221,1785795229.882740317,/loadcell_data_filtered.wrench.force.z,826.6562915930195
0.10751039600000001,1785795229.882932492,/loadcell_data_filtered.wrench.force.z,827.5934352111266
0.10813088900000001,1785795229.883552985,/loadcell_data_filtered.wrench.force.z,827.1277099288266
0.10848917200000001,1785795229.883911268,/loadcell_data_filtered.wrench.force.z,833.7242022087482
0.108722577,1785795229.884144673,/loadcell_data_filtered.wrench.force.z,839.0123889488431
0.10918915300000001,1785795229.884611249,/loadcell_data_filtered.wrench.force.z,842.9454798610011
0.10963455100000001,1785795229.885056647,/loadcell_data_filtered.wrench.force.z,846.3610705204882
0.110375441,1785795229.885797537,/loadcell_data_filtered.wrench.force.z,850.3603503538017
0.110636147,1785795229.886058243,/loadcell_data_filtered.wrench.force.z,852.2023631354427
0.111326093,1785795229.886748189,/loadcell_data_filtered.wrench.force.z,853.7093881592439
0.11177927600000001,1785795229.887201372,/loadcell_data_filtered.wrench.force.z,854.8249954547199
0.112635048,1785795229.888057144,/loadcell_data_filtered.wrench.force.z,855.7691213560875
0.11305242300000001,1785795229.888474519,/loadcell_data_filtered.wrench.force.z,856.5100642285918
0.11333763100000001,1785795229.888759727,/loadcell_data_filtered.wrench.force.z,857.2566856338655
0.11414855300000001,1785795229.889570649,/loadcell_data_filtered.wrench.force.z,857.9803215104997
0.114639113,1785795229.890061209,/loadcell_data_filtered.wrench.force.z,858.8937927747832
0.11508027000000001,1785795229.890502366,/loadcell_data_filtered.wrench.force.z,859.5928312739659
0.115868148,1785795229.891290244,/loadcell_data_filtered.wrench.force.z,860.4419902901624
0.116297941,1785795229.891720037,/loadcell_data_filtered.wrench.force.z,861.3001106366297
0.11668173700000001,1785795229.892103833,/loadcell_data_filtered.wrench.force.z,860.0798486337018
0.117053238,1785795229.892475334,/loadcell_data_filtered.wrench.force.z,856.5695359783658
0.11742257,1785795229.892844666,/loadcell_data_filtered.wrench.force.z,853.4470070834724
0.118077365,1785795229.893499461,/loadcell_data_filtered.wrench.force.z,851.046775200671
0.118433325,1785795229.893855421,/loadcell_data_filtered.wrench.force.z,849.0968297708998
0.11915127900000001,1785795229.894573375,/loadcell_data_filtered.wrench.force.z,847.1945869979343
0.119503911,1785795229.894926007,/loadcell_data_filtered.wrench.force.z,846.8098826978888
0.119962938,1785795229.895385034,/loadcell_data_filtered.wrench.force.z,847.2043326606911
0.120756415,1785795229.896178511,/loadcell_data_filtered.wrench.force.z,847.9208107469161
0.12105167600000001,1785795229.896473772,/loadcell_data_filtered.wrench.force.z,848.8349675813813
0.12142045200000001,1785795229.896842548,/loadcell_data_filtered.wrench.force.z,849.7675931115914
0.121898927,1785795229.897321023,/loadcell_data_filtered.wrench.force.z,849.9197081239236
0.12242374900000001,1785795229.897845845,/loadcell_data_filtered.wrench.force.z,850.3257560193854
0.122877861,1785795229.898299957,/loadcell_data_filtered.wrench.force.z,850.7425288982201
0.124660565,1785795229.900082661,/loadcell_data_filtered.wrench.force.z,851.273182964989
0.12485420300000001,1785795229.900276299,/loadcell_data_filtered.wrench.force.z,851.184610682712
0.125004849,1785795229.900426945,/loadcell_data_filtered.wrench.force.z,844.2048176070633
0.125285388,1785795229.900707484,/loadcell_data_filtered.wrench.force.z,849.9733312782822
0.12760553700000002,1785795229.903027633,/loadcell_data_filtered.wrench.force.z,853.5193126269634
0.128062944,1785795229.903485040,/loadcell_data_filtered.wrench.force.z,857.9006970510219
0.128452436,1785795229.903874532,/loadcell_data_filtered.wrench.force.z,861.6980979646173
0.128808304,1785795229.904230400,/loadcell_data_filtered.wrench.force.z,861.8678295748155
0.12912642900000001,1785795229.904548525,/loadcell_data_filtered.wrench.force.z,859.8831673499441
0.129504899,1785795229.904926995,/loadcell_data_filtered.wrench.force.z,861.0661612037977
0.129802159,1785795229.905224255,/loadcell_data_filtered.wrench.force.z,860.7511884299938
0.130024151,1785795229.905446247,/loadcell_data_filtered.wrench.force.z,860.6099882950099
0.130208816,1785795229.905630912,/loadcell_data_filtered.wrench.force.z,860.9756392512012
0.130462126,1785795229.905884222,/loadcell_data_filtered.wrench.force.z,860.9919993839529
0.13072851500000002,1785795229.906150611,/loadcell_data_filtered.wrench.force.z,860.8967364522944
0.132046997,1785795229.907469093,/loadcell_data_filtered.wrench.force.z,860.7910936157108
0.13240109,1785795229.907823186,/loadcell_data_filtered.wrench.force.z,861.0089441317039
0.13267525,1785795229.908097346,/loadcell_data_filtered.wrench.force.z,853.9123978240502
0.13291782800000002,1785795229.908339924,/loadcell_data_filtered.wrench.force.z,854.0849208176797
0.133133832,1785795229.908555928,/loadcell_data_filtered.wrench.force.z,853.0073958331842
0.133337188,1785795229.908759284,/loadcell_data_filtered.wrench.force.z,846.871054755262
0.13390611400000002,1785795229.909328210,/loadcell_data_filtered.wrench.force.z,842.6335832633358
0.13442004800000001,1785795229.909842144,/loadcell_data_filtered.wrench.force.z,838.7194341852506
0.136129683,1785795229.911551779,/loadcell_data_filtered.wrench.force.z,835.4064266083687
0.13736916000000002,1785795229.912791256,/loadcell_data_filtered.wrench.force.z,831.9732051382231
0.13740068800000002,1785795229.912822784,/loadcell_data_filtered.wrench.force.z,831.0512458192331
0.138131144,1785795229.913553240,/loadcell_data_filtered.wrench.force.z,830.1229758002025
0.13841055400000002,1785795229.913832650,/loadcell_data_filtered.wrench.force.z,829.3775295662148
0.138605908,1785795229.914028004,/loadcell_data_filtered.wrench.force.z,829.4053565225906
0.140132409,1785795229.915554505,/loadcell_data_filtered.wrench.force.z,829.656530466918
0.14066398700000002,1785795229.916086083,/loadcell_data_filtered.wrench.force.z,829.7991754604338
0.141067215,1785795229.916489311,/loadcell_data_filtered.wrench.force.z,829.4491188137757
0.141361123,1785795229.916783219,/loadcell_data_filtered.wrench.force.z,824.4025781817658
0.142891137,1785795229.918313233,/loadcell_data_filtered.wrench.force.z,821.9209970452273
0.143239837,1785795229.918661933,/loadcell_data_filtered.wrench.force.z,821.6476138167491
0.143456502,1785795229.918878598,/loadcell_data_filtered.wrench.force.z,821.424190492695
0.143646264,1785795229.919068360,/loadcell_data_filtered.wrench.force.z,822.2410740427638
0.14384511800000002,1785795229.919267214,/loadcell_data_filtered.wrench.force.z,828.7078633454934
0.14400816,1785795229.919430256,/loadcell_data_filtered.wrench.force.z,834.0574393243838
0.144171597,1785795229.919593693,/loadcell_data_filtered.wrench.force.z,838.818396330234
0.144336288,1785795229.919758384,/loadcell_data_filtered.wrench.force.z,842.5979389316904
0.14459173,1785795229.920013826,/loadcell_data_filtered.wrench.force.z,845.4076726258085
0.14487455600000002,1785795229.920296652,/loadcell_data_filtered.wrench.force.z,845.5518821029071
0.145131958,1785795229.920554054,/loadcell_data_filtered.wrench.force.z,845.8969724030216
0.145347624,1785795229.920769720,/loadcell_data_filtered.wrench.force.z,846.1986104964992
0.145662653,1785795229.921084749,/loadcell_data_filtered.wrench.force.z,846.5745831426315
0.146281098,1785795229.921703194,/loadcell_data_filtered.wrench.force.z,846.6810702821098
0.146674029,1785795229.922096125,/loadcell_data_filtered.wrench.force.z,846.8481085824757
0.14717275000000002,1785795229.922594846,/loadcell_data_filtered.wrench.force.z,846.8718470814542
0.147584505,1785795229.923006601,/loadcell_data_filtered.wrench.force.z,846.9167253735212
0.148246278,1785795229.923668374,/loadcell_data_filtered.wrench.force.z,846.4337225355911
0.14877927100000002,1785795229.924201367,/loadcell_data_filtered.wrench.force.z,846.5838283725726
0.149273959,1785795229.924696055,/loadcell_data_filtered.wrench.force.z,846.4283846937122
0.149627279,1785795229.925049375,/loadcell_data_filtered.wrench.force.z,842.920883940763
0.150101918,1785795229.925524014,/loadcell_data_filtered.wrench.force.z,839.1113068081619
0.15056190900000002,1785795229.925984005,/loadcell_data_filtered.wrench.force.z,834.454166306382
0.151015802,1785795229.926437898,/loadcell_data_filtered.wrench.force.z,830.7102301750432
0.151746126,1785795229.927168222,/loadcell_data_filtered.wrench.force.z,827.8566207791455
0.152135656,1785795229.927557752,/loadcell_data_filtered.wrench.force.z,825.1693249280154
0.15274542500000002,1785795229.928167521,/loadcell_data_filtered.wrench.force.z,823.6392486251608
0.153609183,1785795229.929031279,/loadcell_data_filtered.wrench.force.z,822.9308192986152
0.15403786700000002,1785795229.929459963,/loadcell_data_filtered.wrench.force.z,822.9275057364173
0.15445624900000002,1785795229.929878345,/loadcell_data_filtered.wrench.force.z,823.1746100144029
0.154864526,1785795229.930286622,/loadcell_data_filtered.wrench.force.z,822.9948331528382
0.15601783500000002,1785795229.931439931,/loadcell_data_filtered.wrench.force.z,822.7897931795683
0.156465516,1785795229.931887612,/loadcell_data_filtered.wrench.force.z,822.4354753270536
0.156838693,1785795229.932260789,/loadcell_data_filtered.wrench.force.z,822.996728360416
0.157131277,1785795229.932553373,/loadcell_data_filtered.wrench.force.z,822.4008649426596
0.15737441400000002,1785795229.932796510,/loadcell_data_filtered.wrench.force.z,821.7965386395064
0.15829103800000002,1785795229.933713134,/loadcell_data_filtered.wrench.force.z,821.3653650890765
0.159292746,1785795229.934714842,/loadcell_data_filtered.wrench.force.z,826.5493737259983
0.15953062,1785795229.934952716,/loadcell_data_filtered.wrench.force.z,830.4291664159791
0.159743547,1785795229.935165643,/loadcell_data_filtered.wrench.force.z,834.1045978748807
0.159914528,1785795229.935336624,/loadcell_data_filtered.wrench.force.z,837.9812333620032
0.16008454,1785795229.935506636,/loadcell_data_filtered.wrench.force.z,840.7355685020661
0.160723989,1785795229.936146085,/loadcell_data_filtered.wrench.force.z,842.0423691528791
0.16122787700000002,1785795229.936649973,/loadcell_data_filtered.wrench.force.z,843.3424613510198
0.161674745,1785795229.937096841,/loadcell_data_filtered.wrench.force.z,843.5589040312259
0.16207880000000002,1785795229.937500896,/loadcell_data_filtered.wrench.force.z,843.4509784597628
0.162659411,1785795229.938081507,/loadcell_data_filtered.wrench.force.z,843.8076475613028
0.163248476,1785795229.938670572,/loadcell_data_filtered.wrench.force.z,843.8682109521811
0.167193333,1785795229.942615429,/loadcell_data_filtered.wrench.force.z,844.1049724779302
0.16771913300000002,1785795229.943141229,/loadcell_data_filtered.wrench.force.z,844.1076005780994
0.168158041,1785795229.943580137,/loadcell_data_filtered.wrench.force.z,844.7744540308195
0.168515245,1785795229.943937341,/loadcell_data_filtered.wrench.force.z,845.1674423428107
0.168963613,1785795229.944385709,/loadcell_data_filtered.wrench.force.z,845.7745888197182
0.16945859900000002,1785795229.944880695,/loadcell_data_filtered.wrench.force.z,846.1581784661407
0.169578434,1785795229.945000530,/loadcell_data_filtered.wrench.force.z,841.5165406481389
0.170034567,1785795229.945456663,/loadcell_data_filtered.wrench.force.z,838.4694980224266
0.170432256,1785795229.945854352,/loadcell_data_filtered.wrench.force.z,835.3211062876744
0.170738512,1785795229.946160608,/loadcell_data_filtered.wrench.force.z,831.6136657112082
0.170998908,1785795229.946421004,/loadcell_data_filtered.wrench.force.z,828.5251459561609
0.171285022,1785795229.946707118,/loadcell_data_filtered.wrench.force.z,826.7785352373041
0.171585719,1785795229.947007815,/loadcell_data_filtered.wrench.force.z,825.9176169603187
0.17198722400000002,1785795229.947409320,/loadcell_data_filtered.wrench.force.z,827.137758619055
0.17481289600000002,1785795229.950234992,/loadcell_data_filtered.wrench.force.z,827.7208414826132
0.175312259,1785795229.950734355,/loadcell_data_filtered.wrench.force.z,828.3672608575771
0.17575785800000002,1785795229.951179954,/loadcell_data_filtered.wrench.force.z,829.6481110773055
0.176208589,1785795229.951630685,/loadcell_data_filtered.wrench.force.z,830.8652676650343
0.176701185,1785795229.952123281,/loadcell_data_filtered.wrench.force.z,832.3093847471607
0.177068802,1785795229.952490898,/loadcell_data_filtered.wrench.force.z,833.1419212114561
0.177349378,1785795229.952771474,/loadcell_data_filtered.wrench.force.z,833.8728628448583
0.17760862800000002,1785795229.953030724,/loadcell_data_filtered.wrench.force.z,835.1682720443802
0.17779913500000002,1785795229.953221231,/loadcell_data_filtered.wrench.force.z,837.325794331523
0.17802393200000002,1785795229.953446028,/loadcell_data_filtered.wrench.force.z,843.482659019581
0.17826471500000002,1785795229.953686811,/loadcell_data_filtered.wrench.force.z,847.2375949267741
0.178454135,1785795229.953876231,/loadcell_data_filtered.wrench.force.z,851.301244081291
0.178708314,1785795229.954130410,/loadcell_data_filtered.wrench.force.z,855.2826708524796
0.178976034,1785795229.954398130,/loadcell_data_filtered.wrench.force.z,858.8193700872912
0.179266959,1785795229.954689055,/loadcell_data_filtered.wrench.force.z,861.3138392120302
0.17956469600000002,1785795229.954986792,/loadcell_data_filtered.wrench.force.z,862.6462372290046
0.17981327400000002,1785795229.955235370,/loadcell_data_filtered.wrench.force.z,863.4852465220407
0.18106792500000002,1785795229.956490021,/loadcell_data_filtered.wrench.force.z,864.7419685757959
0.181277704,1785795229.956699800,/loadcell_data_filtered.wrench.force.z,866.6736943037736
0.18153031900000002,1785795229.956952415,/loadcell_data_filtered.wrench.force.z,867.5447567815028
0.18184313300000002,1785795229.957265229,/loadcell_data_filtered.wrench.force.z,869.0199675495984
0.182238523,1785795229.957660619,/loadcell_data_filtered.wrench.force.z,870.768097056214
0.18254631100000002,1785795229.957968407,/loadcell_data_filtered.wrench.force.z,871.6102523231278
0.182998389,1785795229.958420485,/loadcell_data_filtered.wrench.force.z,871.096469370787
0.18339680300000002,1785795229.958818899,/loadcell_data_filtered.wrench.force.z,871.6654341099697
0.18381081300000002,1785795229.959232909,/loadcell_data_filtered.wrench.force.z,867.8443416416798
0.184169358,1785795229.959591454,/loadcell_data_filtered.wrench.force.z,864.9437839391869
0.18455189400000002,1785795229.959973990,/loadcell_data_filtered.wrench.force.z,860.9199176739692
0.184987554,1785795229.960409650,/loadcell_data_filtered.wrench.force.z,858.1001620894766
0.185383069,1785795229.960805165,/loadcell_data_filtered.wrench.force.z,855.604222770947
0.18576025100000002,1785795229.961182347,/loadcell_data_filtered.wrench.force.z,853.6146598946875
0.186159135,1785795229.961581231,/loadcell_data_filtered.wrench.force.z,852.4524401516611
0.18652009,1785795229.961942186,/loadcell_data_filtered.wrench.force.z,852.220537358098
0.18698058,1785795229.962402676,/loadcell_data_filtered.wrench.force.z,852.2789151198688
0.187588103,1785795229.963010199,/loadcell_data_filtered.wrench.force.z,852.9214855404468
0.18822114,1785795229.963643236,/loadcell_data_filtered.wrench.force.z,852.5847732903013
0.188817553,1785795229.964239649,/loadcell_data_filtered.wrench.force.z,852.3312512819822
0.189037591,1785795229.964459687,/loadcell_data_filtered.wrench.force.z,852.3681061544407
0.18952342700000002,1785795229.964945523,/loadcell_data_filtered.wrench.force.z,851.7819653254741
0.189963816,1785795229.965385912,/loadcell_data_filtered.wrench.force.z,851.4366341890942
0.190653345,1785795229.966075441,/loadcell_data_filtered.wrench.force.z,851.3035916304981
0.191869808,1785795229.967291904,/loadcell_data_filtered.wrench.force.z,851.1991042287037
0.19206002600000002,1785795229.967482122,/loadcell_data_filtered.wrench.force.z,856.8833216953426
0.19224406800000002,1785795229.967666164,/loadcell_data_filtered.wrench.force.z,860.5441894732787
0.192422435,1785795229.967844531,/loadcell_data_filtered.wrench.force.z,864.6318187858417
0.19288612100000002,1785795229.968308217,/loadcell_data_filtered.wrench.force.z,867.9598500014632
0.193416525,1785795229.968838621,/loadcell_data_filtered.wrench.force.z,871.1349039530543
0.196286271,1785795229.971708367,/loadcell_data_filtered.wrench.force.z,872.7785609584738
0.197128233,1785795229.972550329,/loadcell_data_filtered.wrench.force.z,874.5802880099563
0.197525725,1785795229.972947821,/loadcell_data_filtered.wrench.force.z,875.7303796849894
0.19790448500000002,1785795229.973326581,/loadcell_data_filtered.wrench.force.z,876.5346257674303
0.19828508800000003,1785795229.973707184,/loadcell_data_filtered.wrench.force.z,877.8103467051297
0.198989975,1785795229.974412071,/loadcell_data_filtered.wrench.force.z,878.1775985470439
0.19950568800000001,1785795229.974927784,/loadcell_data_filtered.wrench.force.z,878.8877593762645
0.19990201800000001,1785795229.975324114,/loadcell_data_filtered.wrench.force.z,878.7944837701594
0.200248691,1785795229.975670787,/loadcell_data_filtered.wrench.force.z,878.4438699876443
0.200559814,1785795229.975981910,/loadcell_data_filtered.wrench.force.z,878.5154728741514
0.20088382700000001,1785795229.976305923,/loadcell_data_filtered.wrench.force.z,878.9063071048851
0.201232025,1785795229.976654121,/loadcell_data_filtered.wrench.force.z,878.7086926116854
0.20159152600000002,1785795229.977013622,/loadcell_data_filtered.wrench.force.z,872.9581750168718
0.201924457,1785795229.977346553,/loadcell_data_filtered.wrench.force.z,869.3339309066071
0.202280024,1785795229.977702120,/loadcell_data_filtered.wrench.force.z,866.1675550635972
0.202593093,1785795229.978015189,/loadcell_data_filtered.wrench.force.z,863.9593112057722
0.205947083,1785795229.981369179,/loadcell_data_filtered.wrench.force.z,860.6164775993085
0.206494389,1785795229.981916485,/loadcell_data_filtered.wrench.force.z,858.6401842557163
0.20665291900000002,1785795229.982075015,/loadcell_data_filtered.wrench.force.z,857.7488717248856
0.20680025400000002,1785795229.982222350,/loadcell_data_filtered.wrench.force.z,857.8294777460501
0.20695384800000002,1785795229.982375944,/loadcell_data_filtered.wrench.force.z,858.5077592983188
0.207086332,1785795229.982508428,/loadcell_data_filtered.wrench.force.z,858.9162785055711
0.20722220600000002,1785795229.982644302,/loadcell_data_filtered.wrench.force.z,859.0234223723816
0.207358424,1785795229.982780520,/loadcell_data_filtered.wrench.force.z,858.7938326038509
0.20749114600000002,1785795229.982913242,/loadcell_data_filtered.wrench.force.z,858.951294727533
0.20762986,1785795229.983051956,/loadcell_data_filtered.wrench.force.z,858.1204566790823
0.20776111600000002,1785795229.983183212,/loadcell_data_filtered.wrench.force.z,857.4271816496204
0.20789375400000001,1785795229.983315850,/loadcell_data_filtered.wrench.force.z,855.4568935114947
0.209162436,1785795229.984584532,/loadcell_data_filtered.wrench.force.z,855.9856900580409
0.20929266200000002,1785795229.984714758,/loadcell_data_filtered.wrench.force.z,860.5049179992217
0.20940934,1785795229.984831436,/loadcell_data_filtered.wrench.force.z,861.7190071006432
0.20952194400000002,1785795229.984944040,/loadcell_data_filtered.wrench.force.z,859.9956475855953
0.21053046900000003,1785795229.985952565,/loadcell_data_filtered.wrench.force.z,862.4921218410204
0.210859563,1785795229.986281659,/loadcell_data_filtered.wrench.force.z,864.0856350299196
0.21097923500000001,1785795229.986401331,/loadcell_data_filtered.wrench.force.z,865.5116000969467
0.211710205,1785795229.987132301,/loadcell_data_filtered.wrench.force.z,865.6857278206089
0.212001616,1785795229.987423712,/loadcell_data_filtered.wrench.force.z,864.8573064131966
0.21241073800000002,1785795229.987832834,/loadcell_data_filtered.wrench.force.z,864.5350496638331
0.212938638,1785795229.988360734,/loadcell_data_filtered.wrench.force.z,864.1239191622658
0.21337270900000002,1785795229.988794805,/loadcell_data_filtered.wrench.force.z,863.8423662877548
0.21405852800000003,1785795229.989480624,/loadcell_data_filtered.wrench.force.z,863.7939826323066
0.21429572300000002,1785795229.989717819,/loadcell_data_filtered.wrench.force.z,863.8387212881239
0.215373791,1785795229.990795887,/loadcell_data_filtered.wrench.force.z,863.8655094743967
0.21803618900000002,1785795229.993458285,/loadcell_data_filtered.wrench.force.z,863.6560023694411
0.21805680300000002,1785795229.993478899,/loadcell_data_filtered.wrench.force.z,863.5113089075998
0.21824570000000001,1785795229.993667796,/loadcell_data_filtered.wrench.force.z,858.481476600978
0.218526185,1785795229.993948281,/loadcell_data_filtered.wrench.force.z,847.9850453748983
0.21888775600000002,1785795229.994309852,/loadcell_data_filtered.wrench.force.z,844.2005632758045
0.21969907700000002,1785795229.995121173,/loadcell_data_filtered.wrench.force.z,840.189601980196
0.219890993,1785795229.995313089,/loadcell_data_filtered.wrench.force.z,837.109947037792
0.220043217,1785795229.995465313,/loadcell_data_filtered.wrench.force.z,834.8726747124043
0.220190201,1785795229.995612297,/loadcell_data_filtered.wrench.force.z,826.4095546032693
0.220330783,1785795229.995752879,/loadcell_data_filtered.wrench.force.z,827.0981705713575
0.220467039,1785795229.995889135,/loadcell_data_filtered.wrench.force.z,826.4579841589581
0.220682084,1785795229.996104180,/loadcell_data_filtered.wrench.force.z,826.9100259726122
0.222836569,1785795229.998258665,/loadcell_data_filtered.wrench.force.z,826.9686192473536
0.22285558000000003,1785795229.998277676,/loadcell_data_filtered.wrench.force.z,826.8223473176657
0.22286472000000002,1785795229.998286816,/loadcell_data_filtered.wrench.force.z,827.0101451035571
0.223335044,1785795229.998757140,/loadcell_data_filtered.wrench.force.z,827.1252576829985
0.22361167,1785795229.999033766,/loadcell_data_filtered.wrench.force.z,827.2304240366157
0.22388469000000003,1785795229.999306786,/loadcell_data_filtered.wrench.force.z,827.0515591882144
0.225867904,1785795230.001290000,/loadcell_data_filtered.wrench.force.z,827.0069194429609
0.226043598,1785795230.001465694,/loadcell_data_filtered.wrench.force.z,833.2984219252178
0.226225997,1785795230.001648093,/loadcell_data_filtered.wrench.force.z,834.4770639087662
0.226360115,1785795230.001782211,/loadcell_data_filtered.wrench.force.z,834.2183842565122
0.226504383,1785795230.001926479,/loadcell_data_filtered.wrench.force.z,837.9069348371661
0.22691701800000003,1785795230.002339114,/loadcell_data_filtered.wrench.force.z,840.8805966968138
0.22736834,1785795230.002790436,/loadcell_data_filtered.wrench.force.z,843.3050612690206
0.22966142900000003,1785795230.005083525,/loadcell_data_filtered.wrench.force.z,845.0703522900808
0.22984330800000002,1785795230.005265404,/loadcell_data_filtered.wrench.force.z,845.9954154305427
0.229994003,1785795230.005416099,/loadcell_data_filtered.wrench.force.z,846.7859374387353
0.23012689600000003,1785795230.005548992,/loadcell_data_filtered.wrench.force.z,840.9387196913688
0.23026631400000003,1785795230.005688410,/loadcell_data_filtered.wrench.force.z,842.479400563014
0.23252080900000002,1785795230.007942905,/loadcell_data_filtered.wrench.force.z,842.6289508178473
0.23361751300000003,1785795230.009039609,/loadcell_data_filtered.wrench.force.z,843.3654057021932
0.2340944,1785795230.009516496,/loadcell_data_filtered.wrench.force.z,844.7586643721862
0.234481821,1785795230.009903917,/loadcell_data_filtered.wrench.force.z,846.1892084451159
0.23487390900000002,1785795230.010296005,/loadcell_data_filtered.wrench.force.z,847.5844937643186
0.235196858,1785795230.010618954,/loadcell_data_filtered.wrench.force.z,848.3087682029407
0.235505966,1785795230.010928062,/loadcell_data_filtered.wrench.force.z,843.7969590734816
0.23586298000000003,1785795230.011285076,/loadcell_data_filtered.wrench.force.z,840.2418167911823
0.23619505200000002,1785795230.011617148,/loadcell_data_filtered.wrench.force.z,837.2577724940636
0.23659812500000002,1785795230.012020221,/loadcell_data_filtered.wrench.force.z,834.7314959113596
0.23701981000000003,1785795230.012441906,/loadcell_data_filtered.wrench.force.z,832.3983652232513
0.237406995,1785795230.012829091,/loadcell_data_filtered.wrench.force.z,831.5189691090851
0.23780584000000002,1785795230.013227936,/loadcell_data_filtered.wrench.force.z,830.958779391419
0.238205047,1785795230.013627143,/loadcell_data_filtered.wrench.force.z,824.6658357222915
0.23856779,1785795230.013989886,/loadcell_data_filtered.wrench.force.z,825.86796098204
0.23893543700000003,1785795230.014357533,/loadcell_data_filtered.wrench.force.z,826.2523793587711
0.239266114,1785795230.014688210,/loadcell_data_filtered.wrench.force.z,826.5792268922305
0.239752089,1785795230.015174185,/loadcell_data_filtered.wrench.force.z,826.782985693842
0.240129943,1785795230.015552039,/loadcell_data_filtered.wrench.force.z,826.6768441318452
0.24051960400000003,1785795230.015941700,/loadcell_data_filtered.wrench.force.z,826.6457583465408
0.24090551400000002,1785795230.016327610,/loadcell_data_filtered.wrench.force.z,826.5282432878787
0.2412766,1785795230.016698696,/loadcell_data_filtered.wrench.force.z,826.5657335916543
0.241962631,1785795230.017384727,/loadcell_data_filtered.wrench.force.z,829.0245533458543
0.242446873,1785795230.017868969,/loadcell_data_filtered.wrench.force.z,833.5967551693578
0.242732205,1785795230.018154301,/loadcell_data_filtered.wrench.force.z,838.7012159634959
0.244580975,1785795230.020003071,/loadcell_data_filtered.wrench.force.z,842.190136559867
0.245095519,1785795230.020517615,/loadcell_data_filtered.wrench.force.z,844.5887375687325
0.245400201,1785795230.020822297,/loadcell_data_filtered.wrench.force.z,847.6058613063208
0.24580121900000002,1785795230.021223315,/loadcell_data_filtered.wrench.force.z,849.4477887426311
0.24621120900000001,1785795230.021633305,/loadcell_data_filtered.wrench.force.z,850.6353911697711
0.246515211,1785795230.021937307,/loadcell_data_filtered.wrench.force.z,850.2612399302501
0.247190457,1785795230.022612553,/loadcell_data_filtered.wrench.force.z,849.6911260649432
0.247445715,1785795230.022867811,/loadcell_data_filtered.wrench.force.z,849.7230022793574
0.247651897,1785795230.023073993,/loadcell_data_filtered.wrench.force.z,847.0904414613309
0.24782098200000002,1785795230.023243078,/loadcell_data_filtered.wrench.force.z,843.0348624045749
0.249502518,1785795230.024924614,/loadcell_data_filtered.wrench.force.z,843.0964079498881
0.249723718,1785795230.025145814,/loadcell_data_filtered.wrench.force.z,842.174808164685
0.24987313700000002,1785795230.025295233,/loadcell_data_filtered.wrench.force.z,841.6768140843357
0.25001275100000003,1785795230.025434847,/loadcell_data_filtered.wrench.force.z,834.4238997242322
0.25014173900000003,1785795230.025563835,/loadcell_data_filtered.wrench.force.z,829.5505959539389
0.25026940200000003,1785795230.025691498,/loadcell_data_filtered.wrench.force.z,826.0354128015174
0.25247419600000004,1785795230.027896292,/loadcell_data_filtered.wrench.force.z,821.8824740458357
0.25286634,1785795230.028288436,/loadcell_data_filtered.wrench.force.z,818.6629679371116
0.253115682,1785795230.028537778,/loadcell_data_filtered.wrench.force.z,808.944609112905
0.2533743,1785795230.028796396,/loadcell_data_filtered.wrench.force.z,806.9943120723053
0.25435931100000003,1785795230.029781407,/loadcell_data_filtered.wrench.force.z,805.6040774548646
0.254607336,1785795230.030029432,/loadcell_data_filtered.wrench.force.z,805.3848374359294
0.254865538,1785795230.030287634,/loadcell_data_filtered.wrench.force.z,805.8554659871784
0.25543216700000004,1785795230.030854263,/loadcell_data_filtered.wrench.force.z,805.7676728042724
0.255718157,1785795230.031140253,/loadcell_data_filtered.wrench.force.z,806.0687090414522
0.258298109,1785795230.033720205,/loadcell_data_filtered.wrench.force.z,805.1370129341768
0.25881469,1785795230.034236786,/loadcell_data_filtered.wrench.force.z,804.4160123474846
0.25898021600000004,1785795230.034402312,/loadcell_data_filtered.wrench.force.z,804.1826605986864
0.25912582300000003,1785795230.034547919,/loadcell_data_filtered.wrench.force.z,804.3884223533632
0.259262997,1785795230.034685093,/loadcell_data_filtered.wrench.force.z,804.5614077477481
0.259393297,1785795230.034815393,/loadcell_data_filtered.wrench.force.z,804.7592904781843
0.25953687000000003,1785795230.034958966,/loadcell_data_filtered.wrench.force.z,810.6752324284606
0.259740755,1785795230.035162851,/loadcell_data_filtered.wrench.force.z,815.0187920759791
0.262013327,1785795230.037435423,/loadcell_data_filtered.wrench.force.z,818.4953177858749
0.262433863,1785795230.037855959,/loadcell_data_filtered.wrench.force.z,820.1016327391371
0.262720716,1785795230.038142812,/loadcell_data_filtered.wrench.force.z,823.066755591699
0.263000027,1785795230.038422123,/loadcell_data_filtered.wrench.force.z,824.8098299498461
0.26324129100000004,1785795230.038663387,/loadcell_data_filtered.wrench.force.z,826.3457687385018
0.263490481,1785795230.038912577,/loadcell_data_filtered.wrench.force.z,827.2171262224637
0.26376855600000004,1785795230.039190652,/loadcell_data_filtered.wrench.force.z,828.0018404767443
0.26406865700000004,1785795230.039490753,/loadcell_data_filtered.wrench.force.z,827.9581795243984
0.264372384,1785795230.039794480,/loadcell_data_filtered.wrench.force.z,827.1845548056832
0.26470766700000004,1785795230.040129763,/loadcell_data_filtered.wrench.force.z,827.2171018188915
0.265163987,1785795230.040586083,/loadcell_data_filtered.wrench.force.z,827.385201287461
0.26554609500000004,1785795230.040968191,/loadcell_data_filtered.wrench.force.z,827.4761136544942
0.265955696,1785795230.041377792,/loadcell_data_filtered.wrench.force.z,827.6703414192987
0.26628754,1785795230.041709636,/loadcell_data_filtered.wrench.force.z,827.807528380748
0.26830419,1785795230.043726286,/loadcell_data_filtered.wrench.force.z,828.0550981249876
0.26904874900000003,1785795230.044470845,/loadcell_data_filtered.wrench.force.z,822.7700235913856
0.269144946,1785795230.044567042,/loadcell_data_filtered.wrench.force.z,819.7189545581954
0.269531648,1785795230.044953744,/loadcell_data_filtered.wrench.force.z,817.3176233751799
0.269978991,1785795230.045401087,/loadcell_data_filtered.wrench.force.z,815.578138595698
0.27031560400000004,1785795230.045737700,/loadcell_data_filtered.wrench.force.z,812.9436357677134
0.27203519400000004,1785795230.047457290,/loadcell_data_filtered.wrench.force.z,811.1769323046564
0.272266167,1785795230.047688263,/loadcell_data_filtered.wrench.force.z,811.3158401384801
0.272429066,1785795230.047851162,/loadcell_data_filtered.wrench.force.z,811.4871523089373
0.272632464,1785795230.048054560,/loadcell_data_filtered.wrench.force.z,812.3370761675644
0.272814269,1785795230.048236365,/loadcell_data_filtered.wrench.force.z,812.8746776702096
0.273000432,1785795230.048422528,/loadcell_data_filtered.wrench.force.z,813.272150460699
0.27316402900000003,1785795230.048586125,/loadcell_data_filtered.wrench.force.z,813.3108365927145
0.273333867,1785795230.048755963,/loadcell_data_filtered.wrench.force.z,813.4217362150866
0.27350136,1785795230.048923456,/loadcell_data_filtered.wrench.force.z,813.4470608868309
0.273674823,1785795230.049096919,/loadcell_data_filtered.wrench.force.z,813.6613782038743
0.274396835,1785795230.049818931,/loadcell_data_filtered.wrench.force.z,813.7254181159961
0.274617463,1785795230.050039559,/loadcell_data_filtered.wrench.force.z,817.637340388692
0.27498176500000004,1785795230.050403861,/loadcell_data_filtered.wrench.force.z,821.759759187246
0.275700836,1785795230.051122932,/loadcell_data_filtered.wrench.force.z,826.5980563500859
0.276108144,1785795230.051530240,/loadcell_data_filtered.wrench.force.z,830.5549151969865
0.276458512,1785795230.051880608,/loadcell_data_filtered.wrench.force.z,833.7540602394888
0.276903465,1785795230.052325561,/loadcell_data_filtered.wrench.force.z,836.7433969944487
0.278400859,1785795230.053822955,/loadcell_data_filtered.wrench.force.z,838.6082093691094
0.27881957300000004,1785795230.054241669,/loadcell_data_filtered.wrench.force.z,839.3330132954445
0.279096634,1785795230.054518730,/loadcell_data_filtered.wrench.force.z,840.3352225823176
0.279322731,1785795230.054744827,/loadcell_data_filtered.wrench.force.z,841.1386227510213
0.27954075300000003,1785795230.054962849,/loadcell_data_filtered.wrench.force.z,841.1440424976336
0.283527611,1785795230.058949707,/loadcell_data_filtered.wrench.force.z,841.481611195596
0.283721579,1785795230.059143675,/loadcell_data_filtered.wrench.force.z,842.0511428087456
0.283851835,1785795230.059273931,/loadcell_data_filtered.wrench.force.z,843.5994537095676
0.283979719,1785795230.059401815,/loadcell_data_filtered.wrench.force.z,844.1651786867255
0.284102267,1785795230.059524363,/loadcell_data_filtered.wrench.force.z,845.4737013945439
0.284226225,1785795230.059648321,/loadcell_data_filtered.wrench.force.z,846.6369196752925
0.284345401,1785795230.059767497,/loadcell_data_filtered.wrench.force.z,834.7291801707845
0.28446176300000003,1785795230.059883859,/loadcell_data_filtered.wrench.force.z,832.8405054502491
0.284582367,1785795230.060004463,/loadcell_data_filtered.wrench.force.z,828.2938372727881
0.285080934,1785795230.060503030,/loadcell_data_filtered.wrench.force.z,825.9168116513396
0.285372318,1785795230.060794414,/loadcell_data_filtered.wrench.force.z,823.8076919535831
0.285468504,1785795230.060890600,/loadcell_data_filtered.wrench.force.z,823.4799602153978
0.2860122,1785795230.061434296,/loadcell_data_filtered.wrench.force.z,823.0489985857344
0.286579271,1785795230.062001367,/loadcell_data_filtered.wrench.force.z,823.2160246047242
0.28710939900000004,1785795230.062531495,/loadcell_data_filtered.wrench.force.z,824.294504887251
0.287467399,1785795230.062889495,/loadcell_data_filtered.wrench.force.z,825.5535213212167
0.288109659,1785795230.063531755,/loadcell_data_filtered.wrench.force.z,826.356395789989
0.288542361,1785795230.063964457,/loadcell_data_filtered.wrench.force.z,827.0613863064959
0.291958586,1785795230.067380682,/loadcell_data_filtered.wrench.force.z,827.414997938847
0.292160156,1785795230.067582252,/loadcell_data_filtered.wrench.force.z,827.6714222373279
0.29229555700000004,1785795230.067717653,/loadcell_data_filtered.wrench.force.z,828.5852628014904
0.292418993,1785795230.067841089,/loadcell_data_filtered.wrench.force.z,829.6194693481833
0.292541377,1785795230.067963473,/loadcell_data_filtered.wrench.force.z,830.7192916365029
0.29266752100000004,1785795230.068089617,/loadcell_data_filtered.wrench.force.z,837.8562797834757
0.29278745700000003,1785795230.068209553,/loadcell_data_filtered.wrench.force.z,843.0462355252454
0.292909339,1785795230.068331435,/loadcell_data_filtered.wrench.force.z,847.2187481212724
0.293027826,1785795230.068449922,/loadcell_data_filtered.wrench.force.z,849.352763199019
0.29341838600000003,1785795230.068840482,/loadcell_data_filtered.wrench.force.z,852.5274920713767
0.29403306900000004,1785795230.069455165,/loadcell_data_filtered.wrench.force.z,854.1659983088585
0.294363364,1785795230.069785460,/loadcell_data_filtered.wrench.force.z,855.3045859792157
0.29583352100000004,1785795230.071255617,/loadcell_data_filtered.wrench.force.z,855.5579811713839
0.29682769800000003,1785795230.072249794,/loadcell_data_filtered.wrench.force.z,856.1577673194699
0.29695993000000004,1785795230.072382026,/loadcell_data_filtered.wrench.force.z,856.9423491777537
0.297080689,1785795230.072502785,/loadcell_data_filtered.wrench.force.z,857.5861477333573
0.29721231000000004,1785795230.072634406,/loadcell_data_filtered.wrench.force.z,858.6077044814144
0.29816976100000003,1785795230.073591857,/loadcell_data_filtered.wrench.force.z,858.3582534263658
0.29941406600000003,1785795230.074836162,/loadcell_data_filtered.wrench.force.z,858.3200667362162
0.299636267,1785795230.075058363,/loadcell_data_filtered.wrench.force.z,858.8862025225134
0.299916428,1785795230.075338524,/loadcell_data_filtered.wrench.force.z,858.6933972557924
0.300182272,1785795230.075604368,/loadcell_data_filtered.wrench.force.z,858.1111916258753
0.30046841100000005,1785795230.075890507,/loadcell_data_filtered.wrench.force.z,852.3957810781176
0.300761801,1785795230.076183897,/loadcell_data_filtered.wrench.force.z,847.6809829481768
0.301147682,1785795230.076569778,/loadcell_data_filtered.wrench.force.z,844.2009854358628
0.30187942300000004,1785795230.077301519,/loadcell_data_filtered.wrench.force.z,841.1456212425691
0.302119909,1785795230.077542005,/loadcell_data_filtered.wrench.force.z,838.0385194192193
0.306342649,1785795230.081764745,/loadcell_data_filtered.wrench.force.z,836.8066482818188
0.30672831500000003,1785795230.082150411,/loadcell_data_filtered.wrench.force.z,835.4846150725224
0.306992722,1785795230.082414818,/loadcell_data_filtered.wrench.force.z,835.9060663991174
0.30725373500000003,1785795230.082675831,/loadcell_data_filtered.wrench.force.z,836.294573101623
0.307498632,1785795230.082920728,/loadcell_data_filtered.wrench.force.z,836.5285762953931
0.30778124300000004,1785795230.083203339,/loadcell_data_filtered.wrench.force.z,836.8588814413811
0.308031845,1785795230.083453941,/loadcell_data_filtered.wrench.force.z,836.652234069159
0.30831673400000004,1785795230.083738830,/loadcell_data_filtered.wrench.force.z,836.8179707966647
0.308544037,1785795230.083966133,/loadcell_data_filtered.wrench.force.z,836.7542661150517
0.308689579,1785795230.084111675,/loadcell_data_filtered.wrench.force.z,835.2000412016656
0.30882637100000004,1785795230.084248467,/loadcell_data_filtered.wrench.force.z,834.2531178965675
0.308947595,1785795230.084369691,/loadcell_data_filtered.wrench.force.z,838.166910241244
0.309094762,1785795230.084516858,/loadcell_data_filtered.wrench.force.z,841.0902342619382
0.309217096,1785795230.084639192,/loadcell_data_filtered.wrench.force.z,845.2025824570361
0.30941181100000004,1785795230.084833907,/loadcell_data_filtered.wrench.force.z,848.1849934648385
0.312211034,1785795230.087633130,/loadcell_data_filtered.wrench.force.z,851.2335317275842
0.313639335,1785795230.089061431,/loadcell_data_filtered.wrench.force.z,852.8072438323422
0.31401432700000004,1785795230.089436423,/loadcell_data_filtered.wrench.force.z,854.7177748773523
0.314311473,1785795230.089733569,/loadcell_data_filtered.wrench.force.z,855.3878210981095
0.314689587,1785795230.090111683,/loadcell_data_filtered.wrench.force.z,855.7241883122565
0.315041927,1785795230.090464023,/loadcell_data_filtered.wrench.force.z,856.2351306188626
0.31550245800000004,1785795230.090924554,/loadcell_data_filtered.wrench.force.z,856.2803746978299
0.31588849,1785795230.091310586,/loadcell_data_filtered.wrench.force.z,856.7402661396742
0.31633154500000005,1785795230.091753641,/loadcell_data_filtered.wrench.force.z,856.1267976935605
0.316747272,1785795230.092169368,/loadcell_data_filtered.wrench.force.z,855.6788113598434
0.317111852,1785795230.092533948,/loadcell_data_filtered.wrench.force.z,855.5462606773501
0.31747805500000004,1785795230.092900151,/loadcell_data_filtered.wrench.force.z,855.5283632904393
0.317785774,1785795230.093207870,/loadcell_data_filtered.wrench.force.z,855.5426558379761
0.31807519,1785795230.093497286,/loadcell_data_filtered.wrench.force.z,849.6968982233768
0.318348355,1785795230.093770451,/loadcell_data_filtered.wrench.force.z,846.0643936776748
0.31862452500000005,1785795230.094046621,/loadcell_data_filtered.wrench.force.z,842.4666845387317
0.31893502100000004,1785795230.094357117,/loadcell_data_filtered.wrench.force.z,839.2511961874831
0.319251241,1785795230.094673337,/loadcell_data_filtered.wrench.force.z,836.1771074930742
0.319568157,1785795230.094990253,/loadcell_data_filtered.wrench.force.z,835.0465185858966
0.31986773,1785795230.095289826,/loadcell_data_filtered.wrench.force.z,832.7593651754264
0.32018597200000004,1785795230.095608068,/loadcell_data_filtered.wrench.force.z,832.2318427151308
0.320582014,1785795230.096004110,/loadcell_data_filtered.wrench.force.z,832.6742952460381
0.320959186,1785795230.096381282,/loadcell_data_filtered.wrench.force.z,832.52634913736
0.32154501900000004,1785795230.096967115,/loadcell_data_filtered.wrench.force.z,832.3606285867418
0.322032902,1785795230.097454998,/loadcell_data_filtered.wrench.force.z,832.1557091110552
0.32245127700000004,1785795230.097873373,/loadcell_data_filtered.wrench.force.z,831.9193641240406
0.32314315600000004,1785795230.098565252,/loadcell_data_filtered.wrench.force.z,831.5333564275459
0.323453855,1785795230.098875951,/loadcell_data_filtered.wrench.force.z,831.2696695075743
0.32391198400000004,1785795230.099334080,/loadcell_data_filtered.wrench.force.z,831.059742138413
0.32438582800000004,1785795230.099807924,/loadcell_data_filtered.wrench.force.z,830.9043848800059
0.324800452,1785795230.100222548,/loadcell_data_filtered.wrench.force.z,836.6163302223117
0.325354166,1785795230.100776262,/loadcell_data_filtered.wrench.force.z,840.9412522460414
0.32587230300000003,1785795230.101294399,/loadcell_data_filtered.wrench.force.z,844.4865508939804
0.326290605,1785795230.101712701,/loadcell_data_filtered.wrench.force.z,847.3461152215183
0.327070205,1785795230.102492301,/loadcell_data_filtered.wrench.force.z,850.2506801917825
0.32734339700000004,1785795230.102765493,/loadcell_data_filtered.wrench.force.z,851.5841323619558
0.329593368,1785795230.105015464,/loadcell_data_filtered.wrench.force.z,852.361058547821
0.33013839100000003,1785795230.105560487,/loadcell_data_filtered.wrench.force.z,852.5323805771229
0.330618153,1785795230.106040249,/loadcell_data_filtered.wrench.force.z,850.4831948495903
0.33109876000000005,1785795230.106520856,/loadcell_data_filtered.wrench.force.z,845.6348518279822
0.33165453500000003,1785795230.107076631,/loadcell_data_filtered.wrench.force.z,845.7822889602871
0.33211149500000003,1785795230.107533591,/loadcell_data_filtered.wrench.force.z,845.6688997040577
0.33252116800000003,1785795230.107943264,/loadcell_data_filtered.wrench.force.z,845.351598238124
0.33318247700000003,1785795230.108604573,/loadcell_data_filtered.wrench.force.z,845.2748241106185
0.33344194800000004,1785795230.108864044,/loadcell_data_filtered.wrench.force.z,845.1871553143508
0.33367947400000003,1785795230.109101570,/loadcell_data_filtered.wrench.force.z,845.4359422797048
0.333907284,1785795230.109329380,/loadcell_data_filtered.wrench.force.z,844.0287711416906
0.334120013,1785795230.109542109,/loadcell_data_filtered.wrench.force.z,839.5675473167456
0.334330051,1785795230.109752147,/loadcell_data_filtered.wrench.force.z,835.868734745101
0.334532484,1785795230.109954580,/loadcell_data_filtered.wrench.force.z,832.7700053721264
0.334745983,1785795230.110168079,/loadcell_data_filtered.wrench.force.z,830.5741466795796
0.336262755,1785795230.111684851,/loadcell_data_filtered.wrench.force.z,828.4004280717597
0.338240111,1785795230.113662207,/loadcell_data_filtered.wrench.force.z,827.4710766739618
0.338248602,1785795230.113670698,/loadcell_data_filtered.wrench.force.z,828.0022137892116
0.338599052,1785795230.114021148,/loadcell_data_filtered.wrench.force.z,828.5500926987345
0.33896800400000004,1785795230.114390100,/loadcell_data_filtered.wrench.force.z,829.9483842173751
0.339644753,1785795230.115066849,/loadcell_data_filtered.wrench.force.z,830.7432135931087
0.339998367,1785795230.115420463,/loadcell_data_filtered.wrench.force.z,830.3892370664312
0.340197578,1785795230.115619674,/loadcell_data_filtered.wrench.force.z,831.1478435307916
0.34038743200000005,1785795230.115809528,/loadcell_data_filtered.wrench.force.z,826.9358905615103
0.34060732600000004,1785795230.116029422,/loadcell_data_filtered.wrench.force.z,826.2382881944096
0.340811008,1785795230.116233104,/loadcell_data_filtered.wrench.force.z,826.2177268670368
0.342440095,1785795230.117862191,/loadcell_data_filtered.wrench.force.z,827.1166084858022
0.34270683300000004,1785795230.118128929,/loadcell_data_filtered.wrench.force.z,833.5521183932376
0.34289094600000003,1785795230.118313042,/loadcell_data_filtered.wrench.force.z,837.7660749026063
0.343076146,1785795230.118498242,/loadcell_data_filtered.wrench.force.z,843.3994169157589
0.343279549,1785795230.118701645,/loadcell_data_filtered.wrench.force.z,848.3002965096259
0.34353596000000003,1785795230.118958056,/loadcell_data_filtered.wrench.force.z,852.0163694519676
0.34423832600000004,1785795230.119660422,/loadcell_data_filtered.wrench.force.z,854.7211218169354
0.34690489300000005,1785795230.122326989,/loadcell_data_filtered.wrench.force.z,857.2710794638451
0.347142791,1785795230.122564887,/loadcell_data_filtered.wrench.force.z,859.3262223911073
0.34727983300000004,1785795230.122701929,/loadcell_data_filtered.wrench.force.z,860.9849551152546
0.34741696,1785795230.122839056,/loadcell_data_filtered.wrench.force.z,863.5052333520375
0.34755914200000004,1785795230.122981238,/loadcell_data_filtered.wrench.force.z,865.792626392834
0.34769004400000003,1785795230.123112140,/loadcell_data_filtered.wrench.force.z,867.7539570232134
0.347820618,1785795230.123242714,/loadcell_data_filtered.wrench.force.z,868.8759303929393
0.347947756,1785795230.123369852,/loadcell_data_filtered.wrench.force.z,869.4441058931411
0.34953788900000005,1785795230.124959985,/loadcell_data_filtered.wrench.force.z,870.7195053651175
0.349724496,1785795230.125146592,/loadcell_data_filtered.wrench.force.z,870.297843698299
0.34987178100000005,1785795230.125293877,/loadcell_data_filtered.wrench.force.z,865.1577631448314
0.350015293,1785795230.125437389,/loadcell_data_filtered.wrench.force.z,860.9205520430845
0.35045954100000004,1785795230.125881637,/loadcell_data_filtered.wrench.force.z,857.4774963561078
0.351014482,1785795230.126436578,/loadcell_data_filtered.wrench.force.z,854.2155751884718
0.35142258400000004,1785795230.126844680,/loadcell_data_filtered.wrench.force.z,851.510126974758
0.35175209300000004,1785795230.127174189,/loadcell_data_filtered.wrench.force.z,849.1277323282909
0.35238471400000004,1785795230.127806810,/loadcell_data_filtered.wrench.force.z,847.6255061241731
0.352785774,1785795230.128207870,/loadcell_data_filtered.wrench.force.z,846.6554354082713
0.35368851100000004,1785795230.129110607,/loadcell_data_filtered.wrench.force.z,846.6093310376399
0.354125416,1785795230.129547512,/loadcell_data_filtered.wrench.force.z,846.523908166215
0.354398482,1785795230.129820578,/loadcell_data_filtered.wrench.force.z,846.4209263165952
0.35493306300000005,1785795230.130355159,/loadcell_data_filtered.wrench.force.z,846.2465502799887
0.355271222,1785795230.130693318,/loadcell_data_filtered.wrench.force.z,845.3038354199465
0.36019367700000005,1785795230.135615773,/loadcell_data_filtered.wrench.force.z,844.9813652050007
0.364749298,1785795230.140171394,/loadcell_data_filtered.wrench.force.z,843.987426118884
0.364995397,1785795230.140417493,/loadcell_data_filtered.wrench.force.z,844.0070726819553
0.36517108800000003,1785795230.140593184,/loadcell_data_filtered.wrench.force.z,843.7370274814499
0.36528625200000003,1785795230.140708348,/loadcell_data_filtered.wrench.force.z,843.7356311482756
0.365436272,1785795230.140858368,/loadcell_data_filtered.wrench.force.z,849.272287704475
0.36565274600000003,1785795230.141074842,/loadcell_data_filtered.wrench.force.z,853.4833747038429
0.365888033,1785795230.141310129,/loadcell_data_filtered.wrench.force.z,857.0541366742845
0.36615256300000004,1785795230.141574659,/loadcell_data_filtered.wrench.force.z,859.6674769200207
0.366363584,1785795230.141785680,/loadcell_data_filtered.wrench.force.z,859.788512738269
0.366607507,1785795230.142029603,/loadcell_data_filtered.wrench.force.z,860.000074008821
0.366831301,1785795230.142253397,/loadcell_data_filtered.wrench.force.z,859.6619542793931
0.367092342,1785795230.142514438,/loadcell_data_filtered.wrench.force.z,859.7832832417234
0.367294583,1785795230.142716679,/loadcell_data_filtered.wrench.force.z,859.9911529046823
0.367533643,1785795230.142955739,/loadcell_data_filtered.wrench.force.z,860.0251406963961
0.369739612,1785795230.145161708,/loadcell_data_filtered.wrench.force.z,859.3979157179031
0.369958981,1785795230.145381077,/loadcell_data_filtered.wrench.force.z,858.4431420414418
0.370200008,1785795230.145622104,/loadcell_data_filtered.wrench.force.z,858.4005872864477
0.37042698500000004,1785795230.145849081,/loadcell_data_filtered.wrench.force.z,855.0053306128314
0.37066880500000005,1785795230.146090901,/loadcell_data_filtered.wrench.force.z,849.4418784059035
0.37092354,1785795230.146345636,/loadcell_data_filtered.wrench.force.z,844.271642854083
0.371099094,1785795230.146521190,/loadcell_data_filtered.wrench.force.z,840.7656131824396
0.371302907,1785795230.146725003,/loadcell_data_filtered.wrench.force.z,837.5010265424286
0.372081985,1785795230.147504081,/loadcell_data_filtered.wrench.force.z,834.5780121774133
0.372288893,1785795230.147710989,/loadcell_data_filtered.wrench.force.z,832.7661458573036
0.372490802,1785795230.147912898,/loadcell_data_filtered.wrench.force.z,832.590223519237
0.37264836700000004,1785795230.148070463,/loadcell_data_filtered.wrench.force.z,832.685177031105
0.372790746,1785795230.148212842,/loadcell_data_filtered.wrench.force.z,833.245800619146
0.372930504,1785795230.148352600,/loadcell_data_filtered.wrench.force.z,833.0359867323648
0.37307827600000004,1785795230.148500372,/loadcell_data_filtered.wrench.force.z,825.482437434102
0.37321579400000005,1785795230.148637890,/loadcell_data_filtered.wrench.force.z,825.6848598237119
0.373340086,1785795230.148762182,/loadcell_data_filtered.wrench.force.z,824.1099988042195
0.373522664,1785795230.148944760,/loadcell_data_filtered.wrench.force.z,823.6236748093536
0.373648572,1785795230.149070668,/loadcell_data_filtered.wrench.force.z,824.1199457456881
0.374035865,1785795230.149457961,/loadcell_data_filtered.wrench.force.z,823.9133036435686
0.374512934,1785795230.149935030,/loadcell_data_filtered.wrench.force.z,829.0755535983034
0.37510048100000004,1785795230.150522577,/loadcell_data_filtered.wrench.force.z,832.3222156754947
0.375508178,1785795230.150930274,/loadcell_data_filtered.wrench.force.z,836.5952787729191
0.37666327800000005,1785795230.152085374,/loadcell_data_filtered.wrench.force.z,840.048246812313
0.37686131500000003,1785795230.152283411,/loadcell_data_filtered.wrench.force.z,843.4045820233467
0.376980182,1785795230.152402278,/loadcell_data_filtered.wrench.force.z,846.1989046588764
0.37802737000000003,1785795230.153449466,/loadcell_data_filtered.wrench.force.z,847.583923191863
0.378259905,1785795230.153682001,/loadcell_data_filtered.wrench.force.z,847.7753427025341
0.37858070800000004,1785795230.154002804,/loadcell_data_filtered.wrench.force.z,848.9877131447909
0.380860776,1785795230.156282872,/loadcell_data_filtered.wrench.force.z,849.6096265531868
0.38104371400000003,1785795230.156465810,/loadcell_data_filtered.wrench.force.z,850.5409044272104
0.381152176,1785795230.156574272,/loadcell_data_filtered.wrench.force.z,851.6110886557045
0.38129086700000003,1785795230.156712963,/loadcell_data_filtered.wrench.force.z,848.0132853058545
0.38321891300000005,1785795230.158641009,/loadcell_data_filtered.wrench.force.z,846.4031341876669
0.38337792000000004,1785795230.158800016,/loadcell_data_filtered.wrench.force.z,846.3441295331755
0.38350194600000004,1785795230.158924042,/loadcell_data_filtered.wrench.force.z,847.34250141304
0.383640352,1785795230.159062448,/loadcell_data_filtered.wrench.force.z,843.016919526929
0.383763411,1785795230.159185507,/loadcell_data_filtered.wrench.force.z,836.7469991968308
0.384043522,1785795230.159465618,/loadcell_data_filtered.wrench.force.z,834.949008526994
0.384405987,1785795230.159828083,/loadcell_data_filtered.wrench.force.z,831.6961204259331
0.384548447,1785795230.159970543,/loadcell_data_filtered.wrench.force.z,830.3331711331713
0.38587196500000004,1785795230.161294061,/loadcell_data_filtered.wrench.force.z,828.4528479755372
0.386100989,1785795230.161523085,/loadcell_data_filtered.wrench.force.z,827.6695834380074
0.386350548,1785795230.161772644,/loadcell_data_filtered.wrench.force.z,828.366585495648
0.38658440800000005,1785795230.162006504,/loadcell_data_filtered.wrench.force.z,829.0299064873509
0.38726161800000003,1785795230.162683714,/loadcell_data_filtered.wrench.force.z,829.4899175590197
0.387983562,1785795230.163405658,/loadcell_data_filtered.wrench.force.z,830.5842910498517
0.388875256,1785795230.164297352,/loadcell_data_filtered.wrench.force.z,831.8208846219806
0.38930495200000004,1785795230.164727048,/loadcell_data_filtered.wrench.force.z,832.3624175766703
0.389579869,1785795230.165001965,/loadcell_data_filtered.wrench.force.z,833.2748499609606
0.38976691700000005,1785795230.165189013,/loadcell_data_filtered.wrench.force.z,833.9078158235477
0.390029656,1785795230.165451752,/loadcell_data_filtered.wrench.force.z,834.3483475884267
0.39080535200000005,1785795230.166227448,/loadcell_data_filtered.wrench.force.z,835.0953227106008
0.391108724,1785795230.166530820,/loadcell_data_filtered.wrench.force.z,835.9809027347288
0.39141275400000003,1785795230.166834850,/loadcell_data_filtered.wrench.force.z,842.007630638334
0.39225249500000003,1785795230.167674591,/loadcell_data_filtered.wrench.force.z,847.1034971998904
0.392789581,1785795230.168211677,/loadcell_data_filtered.wrench.force.z,851.155066077144
0.393127443,1785795230.168549539,/loadcell_data_filtered.wrench.force.z,854.8205701178439
0.393549295,1785795230.168971391,/loadcell_data_filtered.wrench.force.z,858.0141631483893
0.39421262500000004,1785795230.169634721,/loadcell_data_filtered.wrench.force.z,859.9866598956095
0.394722134,1785795230.170144230,/loadcell_data_filtered.wrench.force.z,860.8667418210623
0.395212732,1785795230.170634828,/loadcell_data_filtered.wrench.force.z,861.3090438433782
0.39606984500000003,1785795230.171491941,/loadcell_data_filtered.wrench.force.z,862.1108777333571
0.396436496,1785795230.171858592,/loadcell_data_filtered.wrench.force.z,863.0409251928098
0.396757992,1785795230.172180088,/loadcell_data_filtered.wrench.force.z,863.7781879807264
0.39707965,1785795230.172501746,/loadcell_data_filtered.wrench.force.z,864.380715159894
0.397649694,1785795230.173071790,/loadcell_data_filtered.wrench.force.z,865.0324550833243
0.39805490200000004,1785795230.173476998,/loadcell_data_filtered.wrench.force.z,865.2580522772228
0.398718932,1785795230.174141028,/loadcell_data_filtered.wrench.force.z,865.68080412436
0.39914472300000003,1785795230.174566819,/loadcell_data_filtered.wrench.force.z,866.124645390534
0.39945321100000003,1785795230.174875307,/loadcell_data_filtered.wrench.force.z,862.5453947033595
0.40070855200000005,1785795230.176130648,/loadcell_data_filtered.wrench.force.z,859.2141319962907
0.40289386000000005,1785795230.178315956,/loadcell_data_filtered.wrench.force.z,855.4277287305454
0.403098616,1785795230.178520712,/loadcell_data_filtered.wrench.force.z,853.2591991065425
0.40327601100000005,1785795230.178698107,/loadcell_data_filtered.wrench.force.z,851.274848838733
0.403446383,1785795230.178868479,/loadcell_data_filtered.wrench.force.z,850.126665743733
0.40364725700000004,1785795230.179069353,/loadcell_data_filtered.wrench.force.z,849.8886819191695
0.405097174,1785795230.180519270,/loadcell_data_filtered.wrench.force.z,849.4456395708953
0.405445636,1785795230.180867732,/loadcell_data_filtered.wrench.force.z,849.2954735509679
0.40573777800000005,1785795230.181159874,/loadcell_data_filtered.wrench.force.z,849.682384051254
0.405996407,1785795230.181418503,/loadcell_data_filtered.wrench.force.z,842.3437371155251
0.40621914800000003,1785795230.181641244,/loadcell_data_filtered.wrench.force.z,842.844163683533
0.409490701,1785795230.184912797,/loadcell_data_filtered.wrench.force.z,842.2376351145946
0.409718548,1785795230.185140644,/loadcell_data_filtered.wrench.force.z,842.6589932743432
0.40988100400000005,1785795230.185303100,/loadcell_data_filtered.wrench.force.z,843.1626451024445
0.410033653,1785795230.185455749,/loadcell_data_filtered.wrench.force.z,843.0382542539514
0.410186435,1785795230.185608531,/loadcell_data_filtered.wrench.force.z,843.3106310754852
0.41034242600000004,1785795230.185764522,/loadcell_data_filtered.wrench.force.z,849.5981424319821
0.410490481,1785795230.185912577,/loadcell_data_filtered.wrench.force.z,853.2445211247696
0.41064629300000005,1785795230.186068389,/loadcell_data_filtered.wrench.force.z,857.8026566581461
0.41246721700000005,1785795230.187889313,/loadcell_data_filtered.wrench.force.z,858.1172491403273
0.41280771200000005,1785795230.188229808,/loadcell_data_filtered.wrench.force.z,857.785716036554
0.41302127600000005,1785795230.188443372,/loadcell_data_filtered.wrench.force.z,857.9536816933728
0.413315506,1785795230.188737602,/loadcell_data_filtered.wrench.force.z,856.913988606797
0.413617922,1785795230.189040018,/loadcell_data_filtered.wrench.force.z,856.1195914048348
0.41697873900000004,1785795230.192400835,/loadcell_data_filtered.wrench.force.z,855.1369214349401
0.417258059,1785795230.192680155,/loadcell_data_filtered.wrench.force.z,853.8675885912819
0.41739911300000004,1785795230.192821209,/loadcell_data_filtered.wrench.force.z,853.7911266624355
0.41755889900000004,1785795230.192980995,/loadcell_data_filtered.wrench.force.z,853.5505229958288
0.41776217000000004,1785795230.193184266,/loadcell_data_filtered.wrench.force.z,853.0146819188869
0.41794432200000003,1785795230.193366418,/loadcell_data_filtered.wrench.force.z,847.0952428563306
0.41812168000000005,1785795230.193543776,/loadcell_data_filtered.wrench.force.z,843.3081499553524
0.421033496,1785795230.196455592,/loadcell_data_filtered.wrench.force.z,839.0976783890156
0.421228869,1785795230.196650965,/loadcell_data_filtered.wrench.force.z,834.3731426382486
0.42145805900000005,1785795230.196880155,/loadcell_data_filtered.wrench.force.z,831.1915841245524
0.42161699500000005,1785795230.197039091,/loadcell_data_filtered.wrench.force.z,829.1721778083331
0.421746869,1785795230.197168965,/loadcell_data_filtered.wrench.force.z,822.9717348029786
0.4218678,1785795230.197289896,/loadcell_data_filtered.wrench.force.z,820.4286552023553
0.42199077,1785795230.197412866,/loadcell_data_filtered.wrench.force.z,815.2678575626538
0.422111711,1785795230.197533807,/loadcell_data_filtered.wrench.force.z,813.4747599454911
0.42224035200000004,1785795230.197662448,/loadcell_data_filtered.wrench.force.z,811.8846996193536
0.422368829,1785795230.197790925,/loadcell_data_filtered.wrench.force.z,811.2493181769569
0.422526473,1785795230.197948569,/loadcell_data_filtered.wrench.force.z,811.2747180530505
0.423183776,1785795230.198605872,/loadcell_data_filtered.wrench.force.z,811.3235060742869
0.424680977,1785795230.200103073,/loadcell_data_filtered.wrench.force.z,811.0861630487477
0.424859686,1785795230.200281782,/loadcell_data_filtered.wrench.force.z,811.4395664208419
0.424998513,1785795230.200420609,/loadcell_data_filtered.wrench.force.z,813.2760461292057
0.425133026,1785795230.200555122,/loadcell_data_filtered.wrench.force.z,819.175512319775
0.425403752,1785795230.200825848,/loadcell_data_filtered.wrench.force.z,824.1008781466857
0.42579184200000003,1785795230.201213938,/loadcell_data_filtered.wrench.force.z,827.3481304037443
0.426329465,1785795230.201751561,/loadcell_data_filtered.wrench.force.z,830.7707890773654
0.426829192,1785795230.202251288,/loadcell_data_filtered.wrench.force.z,833.5348757848842
0.42819101800000003,1785795230.203613114,/loadcell_data_filtered.wrench.force.z,834.832190778146
0.43080369300000004,1785795230.206225789,/loadcell_data_filtered.wrench.force.z,835.6534626066519
0.43098052800000003,1785795230.206402624,/loadcell_data_filtered.wrench.force.z,836.9795058826254
0.431182479,1785795230.206604575,/loadcell_data_filtered.wrench.force.z,837.5995612483204
0.43127836500000005,1785795230.206700461,/loadcell_data_filtered.wrench.force.z,838.5068273215327
0.43141388100000005,1785795230.206835977,/loadcell_data_filtered.wrench.force.z,838.443063939819
0.431593736,1785795230.207015832,/loadcell_data_filtered.wrench.force.z,832.8137491938252
0.43185722000000004,1785795230.207279316,/loadcell_data_filtered.wrench.force.z,834.2500578292374
0.432239615,1785795230.207661711,/loadcell_data_filtered.wrench.force.z,833.516651883752
0.43245716900000003,1785795230.207879265,/loadcell_data_filtered.wrench.force.z,833.7504520854708
0.432964051,1785795230.208386147,/loadcell_data_filtered.wrench.force.z,834.4060801119756
0.433493214,1785795230.208915310,/loadcell_data_filtered.wrench.force.z,830.1478549863866
0.43375202100000004,1785795230.209174117,/loadcell_data_filtered.wrench.force.z,827.8137345122083
0.434207012,1785795230.209629108,/loadcell_data_filtered.wrench.force.z,824.1035057370386
0.43449487200000003,1785795230.209916968,/loadcell_data_filtered.wrench.force.z,821.2059599258583
0.434920424,1785795230.210342520,/loadcell_data_filtered.wrench.force.z,819.543889937846
0.43544125800000005,1785795230.210863354,/loadcell_data_filtered.wrench.force.z,817.3980618867223
0.43587026900000003,1785795230.211292365,/loadcell_data_filtered.wrench.force.z,816.32195736475
0.43630588400000003,1785795230.211727980,/loadcell_data_filtered.wrench.force.z,816.8062240675658
0.43717312300000005,1785795230.212595219,/loadcell_data_filtered.wrench.force.z,817.42078873001
0.43771588,1785795230.213137976,/loadcell_data_filtered.wrench.force.z,818.3144628462117
0.43988935700000004,1785795230.215311453,/loadcell_data_filtered.wrench.force.z,819.046184809072
0.44031308900000005,1785795230.215735185,/loadcell_data_filtered.wrench.force.z,819.1475795565584
0.44074628200000004,1785795230.216168378,/loadcell_data_filtered.wrench.force.z,819.612354666113
0.4411649,1785795230.216586996,/loadcell_data_filtered.wrench.force.z,819.8033800011196
0.441455823,1785795230.216877919,/loadcell_data_filtered.wrench.force.z,820.6198144704933
0.441680406,1785795230.217102502,/loadcell_data_filtered.wrench.force.z,820.652828177347
0.441873277,1785795230.217295373,/loadcell_data_filtered.wrench.force.z,821.8174114012719
0.442045507,1785795230.217467603,/loadcell_data_filtered.wrench.force.z,827.9981244749139
0.442204894,1785795230.217626990,/loadcell_data_filtered.wrench.force.z,831.9960629650847
0.44236537400000003,1785795230.217787470,/loadcell_data_filtered.wrench.force.z,836.4956868435531
0.444569093,1785795230.219991189,/loadcell_data_filtered.wrench.force.z,840.1103156318403
0.44500831500000004,1785795230.220430411,/loadcell_data_filtered.wrench.force.z,843.4888791881258
0.44532029700000003,1785795230.220742393,/loadcell_data_filtered.wrench.force.z,843.7815493328898
0.44561357300000004,1785795230.221035669,/loadcell_data_filtered.wrench.force.z,839.8605920325821
0.445842151,1785795230.221264247,/loadcell_data_filtered.wrench.force.z,841.3778236893936
0.44603767200000005,1785795230.221459768,/loadcell_data_filtered.wrench.force.z,841.2272501071719
0.446672096,1785795230.222094192,/loadcell_data_filtered.wrench.force.z,841.9569113711065
0.44955237400000003,1785795230.224974470,/loadcell_data_filtered.wrench.force.z,842.6486086293443
0.44981478100000005,1785795230.225236877,/loadcell_data_filtered.wrench.force.z,844.1204623789274
0.45000211500000004,1785795230.225424211,/loadcell_data_filtered.wrench.force.z,845.4149835689077
0.450170771,1785795230.225592867,/loadcell_data_filtered.wrench.force.z,846.6816732239008
0.450334968,1785795230.225757064,/loadcell_data_filtered.wrench.force.z,848.0984987903986
0.450494708,1785795230.225916804,/loadcell_data_filtered.wrench.force.z,849.7269241269537
0.45076606500000005,1785795230.226188161,/loadcell_data_filtered.wrench.force.z,850.7855244036178
0.45097807700000003,1785795230.226400173,/loadcell_data_filtered.wrench.force.z,846.4659503041933
0.45122420300000005,1785795230.226646299,/loadcell_data_filtered.wrench.force.z,842.3977831988672
0.451432516,1785795230.226854612,/loadcell_data_filtered.wrench.force.z,838.8170965923571
0.451646829,1785795230.227068925,/loadcell_data_filtered.wrench.force.z,836.4417453601351
0.451849606,1785795230.227271702,/loadcell_data_filtered.wrench.force.z,834.2563187810318
0.452279874,1785795230.227701970,/loadcell_data_filtered.wrench.force.z,833.6181808323155
0.45722968900000005,1785795230.232651785,/loadcell_data_filtered.wrench.force.z,833.7406172521695
0.457725402,1785795230.233147498,/loadcell_data_filtered.wrench.force.z,834.668693189114
0.45807695800000003,1785795230.233499054,/loadcell_data_filtered.wrench.force.z,836.3393983503488
0.45842561600000004,1785795230.233847712,/loadcell_data_filtered.wrench.force.z,837.8326230758357
0.458794537,1785795230.234216633,/loadcell_data_filtered.wrench.force.z,839.0216853393425
0.459035526,1785795230.234457622,/loadcell_data_filtered.wrench.force.z,839.8999391487806
0.45925253600000004,1785795230.234674632,/loadcell_data_filtered.wrench.force.z,840.7402836447704
0.45946300100000004,1785795230.234885097,/loadcell_data_filtered.wrench.force.z,841.3537671449001
0.45977106500000003,1785795230.235193161,/loadcell_data_filtered.wrench.force.z,842.0318516467303
0.46008424200000003,1785795230.235506338,/loadcell_data_filtered.wrench.force.z,840.9481528143253
0.46034065900000004,1785795230.235762755,/loadcell_data_filtered.wrench.force.z,843.3616806896056
0.46056561500000004,1785795230.235987711,/loadcell_data_filtered.wrench.force.z,848.4953302719192
0.46090434100000005,1785795230.236326437,/loadcell_data_filtered.wrench.force.z,853.6227026145865
0.46116453100000004,1785795230.236586627,/loadcell_data_filtered.wrench.force.z,857.4922745311458
0.461422235,1785795230.236844331,/loadcell_data_filtered.wrench.force.z,860.8429018421341
0.46167497500000004,1785795230.237097071,/loadcell_data_filtered.wrench.force.z,863.6686052189929
0.46187768700000004,1785795230.237299783,/loadcell_data_filtered.wrench.force.z,864.856230405756
0.46251807,1785795230.237940166,/loadcell_data_filtered.wrench.force.z,864.9716272539312
0.463230839,1785795230.238652935,/loadcell_data_filtered.wrench.force.z,864.8979320183817
0.46361831600000003,1785795230.239040412,/loadcell_data_filtered.wrench.force.z,865.8365099276982
0.46389076900000004,1785795230.239312865,/loadcell_data_filtered.wrench.force.z,866.2362968158396
0.46411820000000004,1785795230.239540296,/loadcell_data_filtered.wrench.force.z,865.9319076683395
0.464404097,1785795230.239826193,/loadcell_data_filtered.wrench.force.z,865.189841843158
0.464801232,1785795230.240223328,/loadcell_data_filtered.wrench.force.z,865.0899623252317
0.465149729,1785795230.240571825,/loadcell_data_filtered.wrench.force.z,864.9143192450726
0.465516725,1785795230.240938821,/loadcell_data_filtered.wrench.force.z,864.3587291481703
0.46651339000000003,1785795230.241935486,/loadcell_data_filtered.wrench.force.z,863.2562401825992
0.46685344,1785795230.242275536,/loadcell_data_filtered.wrench.force.z,857.1936106891968
0.46793716100000005,1785795230.243359257,/loadcell_data_filtered.wrench.force.z,853.7450561997957
0.46821016800000004,1785795230.243632264,/loadcell_data_filtered.wrench.force.z,847.8528886655829
0.46842838800000003,1785795230.243850484,/loadcell_data_filtered.wrench.force.z,843.6790320524542
0.46860757000000003,1785795230.244029666,/loadcell_data_filtered.wrench.force.z,839.7766812084028
0.46883893800000004,1785795230.244261034,/loadcell_data_filtered.wrench.force.z,836.6733082157764
0.47128345800000004,1785795230.246705554,/loadcell_data_filtered.wrench.force.z,833.9156612118106
0.471582321,1785795230.247004417,/loadcell_data_filtered.wrench.force.z,832.3270916059929
0.471822055,1785795230.247244151,/loadcell_data_filtered.wrench.force.z,831.0488903851923
0.472763586,1785795230.248185682,/loadcell_data_filtered.wrench.force.z,830.139482475081
0.47307563100000005,1785795230.248497727,/loadcell_data_filtered.wrench.force.z,828.9924192241017
0.473255003,1785795230.248677099,/loadcell_data_filtered.wrench.force.z,828.3983418636672
0.47347846000000005,1785795230.248900556,/loadcell_data_filtered.wrench.force.z,828.0919179585192
0.47366520700000003,1785795230.249087303,/loadcell_data_filtered.wrench.force.z,827.1700360443094
0.473892745,1785795230.249314841,/loadcell_data_filtered.wrench.force.z,826.5104771240851
0.474099421,1785795230.249521517,/loadcell_data_filtered.wrench.force.z,824.6495206063937
0.47429630500000003,1785795230.249718401,/loadcell_data_filtered.wrench.force.z,823.2966238518139
0.474613799,1785795230.250035895,/loadcell_data_filtered.wrench.force.z,828.2036847284487
0.47511500100000004,1785795230.250537097,/loadcell_data_filtered.wrench.force.z,831.3196863363468
0.475583036,1785795230.251005132,/loadcell_data_filtered.wrench.force.z,834.697617454831
0.476024308,1785795230.251446404,/loadcell_data_filtered.wrench.force.z,837.0194593424412
0.47664421500000004,1785795230.252066311,/loadcell_data_filtered.wrench.force.z,839.7349472233241
0.47710828800000005,1785795230.252530384,/loadcell_data_filtered.wrench.force.z,840.7766332707253
0.477478226,1785795230.252900322,/loadcell_data_filtered.wrench.force.z,841.1899295524378
0.47803674900000004,1785795230.253458845,/loadcell_data_filtered.wrench.force.z,841.0054654121391
0.47895088500000005,1785795230.254372981,/loadcell_data_filtered.wrench.force.z,840.9803783652198
0.47926790300000005,1785795230.254689999,/loadcell_data_filtered.wrench.force.z,841.1944073436748
0.480265775,1785795230.255687871,/loadcell_data_filtered.wrench.force.z,841.4586657345252
0.48044645,1785795230.255868546,/loadcell_data_filtered.wrench.force.z,841.429395921406
0.48074059900000005,1785795230.256162695,/loadcell_data_filtered.wrench.force.z,841.3421995192999
0.482316558,1785795230.257738654,/loadcell_data_filtered.wrench.force.z,841.5736168958879
0.483334337,1785795230.258756433,/loadcell_data_filtered.wrench.force.z,841.9276677926146
0.483608132,1785795230.259030228,/loadcell_data_filtered.wrench.force.z,842.7442424980749
0.483885691,1785795230.259307787,/loadcell_data_filtered.wrench.force.z,842.9802082680922
0.48413023800000005,1785795230.259552334,/loadcell_data_filtered.wrench.force.z,837.9813727160941
0.48438174700000003,1785795230.259803843,/loadcell_data_filtered.wrench.force.z,834.4132404563316
0.48464157100000005,1785795230.260063667,/loadcell_data_filtered.wrench.force.z,830.3347678579988
0.48495940000000004,1785795230.260381496,/loadcell_data_filtered.wrench.force.z,827.5844834163612
0.488485461,1785795230.263907557,/loadcell_data_filtered.wrench.force.z,825.8300055264054
0.488731375,1785795230.264153471,/loadcell_data_filtered.wrench.force.z,824.6838478654147
0.48887953300000003,1785795230.264301629,/loadcell_data_filtered.wrench.force.z,825.0183143629544
0.489029288,1785795230.264451384,/loadcell_data_filtered.wrench.force.z,826.4988360946342
0.489166578,1785795230.264588674,/loadcell_data_filtered.wrench.force.z,828.6059385291627
0.489297254,1785795230.264719350,/loadcell_data_filtered.wrench.force.z,830.2278682674673
0.48943899500000004,1785795230.264861091,/loadcell_data_filtered.wrench.force.z,831.4384781072197
0.5013458310000001,1785795230.276767927,/loadcell_data_filtered.wrench.force.z,834.9065826845874
0.502814773,1785795230.278236869,/loadcell_data_filtered.wrench.force.z,836.781059565338
0.5028419550000001,1785795230.278264051,/loadcell_data_filtered.wrench.force.z,837.1315181425646
0.502849571,1785795230.278271667,/loadcell_data_filtered.wrench.force.z,838.346542478052
0.502885139,1785795230.278307235,/loadcell_data_filtered.wrench.force.z,839.6539836521202
0.503004981,1785795230.278427077,/loadcell_data_filtered.wrench.force.z,833.6607679869909
0.503347772,1785795230.278769868,/loadcell_data_filtered.wrench.force.z,835.2207497045441
0.503635228,1785795230.279057324,/loadcell_data_filtered.wrench.force.z,829.4208817538456
0.5039419780000001,1785795230.279364074,/loadcell_data_filtered.wrench.force.z,824.0432962429072
0.504252542,1785795230.279674638,/loadcell_data_filtered.wrench.force.z,816.4094842324488
0.5045457240000001,1785795230.279967820,/loadcell_data_filtered.wrench.force.z,814.8192731238164
0.50483148,1785795230.280253576,/loadcell_data_filtered.wrench.force.z,811.5087993721157
0.5051286460000001,1785795230.280550742,/loadcell_data_filtered.wrench.force.z,810.1316959603984
0.505429769,1785795230.280851865,/loadcell_data_filtered.wrench.force.z,809.3305103957259
0.505721563,1785795230.281143659,/loadcell_data_filtered.wrench.force.z,810.3640325776444
0.506035102,1785795230.281457198,/loadcell_data_filtered.wrench.force.z,811.4135171648683
0.5062898370000001,1785795230.281711933,/loadcell_data_filtered.wrench.force.z,811.9900793717134
0.506624056,1785795230.282046152,/loadcell_data_filtered.wrench.force.z,812.944719295432
0.507517803,1785795230.282939899,/loadcell_data_filtered.wrench.force.z,813.0927363108177
0.508358744,1785795230.283780840,/loadcell_data_filtered.wrench.force.z,812.9978151299572
0.5083766040000001,1785795230.283798700,/loadcell_data_filtered.wrench.force.z,813.0696956096517
0.508765894,1785795230.284187990,/loadcell_data_filtered.wrench.force.z,812.258225700937
0.509105865,1785795230.284527961,/loadcell_data_filtered.wrench.force.z,806.1228277298768
0.509418406,1785795230.284840502,/loadcell_data_filtered.wrench.force.z,806.6445891415738
0.509713049,1785795230.285135145,/loadcell_data_filtered.wrench.force.z,811.6705759097617
0.5099905330000001,1785795230.285412629,/loadcell_data_filtered.wrench.force.z,816.5744332416286
0.5103215210000001,1785795230.285743617,/loadcell_data_filtered.wrench.force.z,820.4521192731893
0.5109929980000001,1785795230.286415094,/loadcell_data_filtered.wrench.force.z,823.4988062012962
0.512201727,1785795230.287623823,/loadcell_data_filtered.wrench.force.z,826.5846866861255
0.5124992810000001,1785795230.287921377,/loadcell_data_filtered.wrench.force.z,828.9024256606422
0.512784291,1785795230.288206387,/loadcell_data_filtered.wrench.force.z,830.2491749854977
0.5133196830000001,1785795230.288741779,/loadcell_data_filtered.wrench.force.z,830.041154421249
0.513636041,1785795230.289058137,/loadcell_data_filtered.wrench.force.z,830.5603855508823
0.514389871,1785795230.289811967,/loadcell_data_filtered.wrench.force.z,831.0862172258328
0.5146237330000001,1785795230.290045829,/loadcell_data_filtered.wrench.force.z,830.063469126022
0.514766755,1785795230.290188851,/loadcell_data_filtered.wrench.force.z,830.3216660610458
0.514902437,1785795230.290324533,/loadcell_data_filtered.wrench.force.z,830.1174536287627
0.515038012,1785795230.290460108,/loadcell_data_filtered.wrench.force.z,830.1376806836752
0.515188704,1785795230.290610800,/loadcell_data_filtered.wrench.force.z,829.2386244711264
0.515485194,1785795230.290907290,/loadcell_data_filtered.wrench.force.z,828.7918137486807
0.5166268540000001,1785795230.292048950,/loadcell_data_filtered.wrench.force.z,827.745487456315
0.517024099,1785795230.292446195,/loadcell_data_filtered.wrench.force.z,821.5054409315886
0.51731377,1785795230.292735866,/loadcell_data_filtered.wrench.force.z,816.3699489545946
0.517594423,1785795230.293016519,/loadcell_data_filtered.wrench.force.z,812.431874432607
0.517954295,1785795230.293376391,/loadcell_data_filtered.wrench.force.z,808.7590933349455
0.518780907,1785795230.294203003,/loadcell_data_filtered.wrench.force.z,805.2301260838549
0.519376406,1785795230.294798502,/loadcell_data_filtered.wrench.force.z,803.1047281828932
0.519889837,1785795230.295311933,/loadcell_data_filtered.wrench.force.z,802.0180993570583
0.520417407,1785795230.295839503,/loadcell_data_filtered.wrench.force.z,801.6269565023495
0.522013884,1785795230.297435980,/loadcell_data_filtered.wrench.force.z,801.218748226449
0.52236536,1785795230.297787456,/loadcell_data_filtered.wrench.force.z,800.6631492920072
0.5226932120000001,1785795230.298115308,/loadcell_data_filtered.wrench.force.z,794.1685090849063
0.5230020120000001,1785795230.298424108,/loadcell_data_filtered.wrench.force.z,793.1494662247532
0.523337803,1785795230.298759899,/loadcell_data_filtered.wrench.force.z,792.5090456510944
0.5237690420000001,1785795230.299191138,/loadcell_data_filtered.wrench.force.z,791.9182260224713
0.52827776,1785795230.303699856,/loadcell_data_filtered.wrench.force.z,791.1203192353178
0.528782618,1785795230.304204714,/loadcell_data_filtered.wrench.force.z,790.5002431361409
0.529162148,1785795230.304584244,/loadcell_data_filtered.wrench.force.z,794.3337083352587
0.52971115,1785795230.305133246,/loadcell_data_filtered.wrench.force.z,797.841607205221
0.5300303110000001,1785795230.305452407,/loadcell_data_filtered.wrench.force.z,802.2325382602417
0.530277243,1785795230.305699339,/loadcell_data_filtered.wrench.force.z,806.0475202789742
0.530509189,1785795230.305931285,/loadcell_data_filtered.wrench.force.z,808.9939788497937
0.53081023,1785795230.306232326,/loadcell_data_filtered.wrench.force.z,811.4679325758043
0.5311231780000001,1785795230.306545274,/loadcell_data_filtered.wrench.force.z,812.8656056988386
0.531564836,1785795230.306986932,/loadcell_data_filtered.wrench.force.z,813.0576712566083
0.532125175,1785795230.307547271,/loadcell_data_filtered.wrench.force.z,813.121799989495
0.5324451610000001,1785795230.307867257,/loadcell_data_filtered.wrench.force.z,813.309808084237
0.532832074,1785795230.308254170,/loadcell_data_filtered.wrench.force.z,813.2764025713527
0.533221911,1785795230.308644007,/loadcell_data_filtered.wrench.force.z,813.3402029478453
0.53358317,1785795230.309005266,/loadcell_data_filtered.wrench.force.z,813.0138508067676
0.5339021260000001,1785795230.309324222,/loadcell_data_filtered.wrench.force.z,813.9264443468531
0.534186477,1785795230.309608573,/loadcell_data_filtered.wrench.force.z,814.1875862644773
0.534507601,1785795230.309929697,/loadcell_data_filtered.wrench.force.z,814.8243758948634
0.534842598,1785795230.310264694,/loadcell_data_filtered.wrench.force.z,814.7389120707568
0.5352554110000001,1785795230.310677507,/loadcell_data_filtered.wrench.force.z,810.076538214093
0.535644411,1785795230.311066507,/loadcell_data_filtered.wrench.force.z,808.1197714449281
0.5360083090000001,1785795230.311430405,/loadcell_data_filtered.wrench.force.z,804.3047596733022
0.536972189,1785795230.312394285,/loadcell_data_filtered.wrench.force.z,800.7292278879293
0.537245818,1785795230.312667914,/loadcell_data_filtered.wrench.force.z,798.5233299296268
0.537489153,1785795230.312911249,/loadcell_data_filtered.wrench.force.z,797.6355271919243
0.5377770070000001,1785795230.313199103,/loadcell_data_filtered.wrench.force.z,797.271428179409
0.53806157,1785795230.313483666,/loadcell_data_filtered.wrench.force.z,798.1005736823952
0.538396965,1785795230.313819061,/loadcell_data_filtered.wrench.force.z,798.9263949978548
0.538885132,1785795230.314307228,/loadcell_data_filtered.wrench.force.z,800.1194775769284
0.539199901,1785795230.314621997,/loadcell_data_filtered.wrench.force.z,800.2150303596577
0.54012797,1785795230.315550066,/loadcell_data_filtered.wrench.force.z,800.9079781390121
0.540758892,1785795230.316180988,/loadcell_data_filtered.wrench.force.z,802.3790929518932
0.540973757,1785795230.316395853,/loadcell_data_filtered.wrench.force.z,803.0080604169478
0.541167343,1785795230.316589439,/loadcell_data_filtered.wrench.force.z,803.6067167659804
0.5413564900000001,1785795230.316778586,/loadcell_data_filtered.wrench.force.z,804.752820992376
0.541544614,1785795230.316966710,/loadcell_data_filtered.wrench.force.z,805.9014725407152
0.542066076,1785795230.317488172,/loadcell_data_filtered.wrench.force.z,812.5947586826981
0.542250209,1785795230.317672305,/loadcell_data_filtered.wrench.force.z,817.4887973500465
0.542482287,1785795230.317904383,/loadcell_data_filtered.wrench.force.z,822.5631385292536
0.542987835,1785795230.318409931,/loadcell_data_filtered.wrench.force.z,826.7073778507089
0.543468438,1785795230.318890534,/loadcell_data_filtered.wrench.force.z,831.2946538746213
0.54489379,1785795230.320315886,/loadcell_data_filtered.wrench.force.z,834.1997027063209
0.547293294,1785795230.322715390,/loadcell_data_filtered.wrench.force.z,836.3970317136814
0.5482064720000001,1785795230.323628568,/loadcell_data_filtered.wrench.force.z,838.6828527836057
0.5482117630000001,1785795230.323633859,/loadcell_data_filtered.wrench.force.z,840.8928263049434
0.5485936770000001,1785795230.324015773,/loadcell_data_filtered.wrench.force.z,842.2477099827685
0.548919209,1785795230.324341305,/loadcell_data_filtered.wrench.force.z,841.9551640448026
0.549149647,1785795230.324571743,/loadcell_data_filtered.wrench.force.z,836.9843480662706
0.549365895,1785795230.324787991,/loadcell_data_filtered.wrench.force.z,839.2146050879167
0.549576818,1785795230.324998914,/loadcell_data_filtered.wrench.force.z,839.0996872837216
0.549753837,1785795230.325175933,/loadcell_data_filtered.wrench.force.z,840.8741689030184
0.553675779,1785795230.329097875,/loadcell_data_filtered.wrench.force.z,842.0040506022199
0.5538947630000001,1785795230.329316859,/loadcell_data_filtered.wrench.force.z,841.749615478473
0.5540316350000001,1785795230.329453731,/loadcell_data_filtered.wrench.force.z,838.0171611313834
0.554169742,1785795230.329591838,/loadcell_data_filtered.wrench.force.z,835.1270503773102
0.554297947,1785795230.329720043,/loadcell_data_filtered.wrench.force.z,833.5350856359826
0.5544314300000001,1785795230.329853526,/loadcell_data_filtered.wrench.force.z,831.894237536322
0.554571848,1785795230.329993944,/loadcell_data_filtered.wrench.force.z,830.1751377178323
0.5547535880000001,1785795230.330175684,/loadcell_data_filtered.wrench.force.z,829.9926392701459
0.5549219280000001,1785795230.330344024,/loadcell_data_filtered.wrench.force.z,824.8332925838783
0.5550918450000001,1785795230.330513941,/loadcell_data_filtered.wrench.force.z,823.7793749421389
0.5552573080000001,1785795230.330679404,/loadcell_data_filtered.wrench.force.z,822.8102276799734
0.5554332000000001,1785795230.330855296,/loadcell_data_filtered.wrench.force.z,822.8169744094425
0.555614106,1785795230.331036202,/loadcell_data_filtered.wrench.force.z,822.920896248533
0.5559723320000001,1785795230.331394428,/loadcell_data_filtered.wrench.force.z,823.2954809987157
0.5561538030000001,1785795230.331575899,/loadcell_data_filtered.wrench.force.z,823.2384775768276
0.5563229700000001,1785795230.331745066,/loadcell_data_filtered.wrench.force.z,822.9105757529364
0.556733506,1785795230.332155602,/loadcell_data_filtered.wrench.force.z,822.8503923641895
0.5571923520000001,1785795230.332614448,/loadcell_data_filtered.wrench.force.z,822.4936193256626
0.5579815100000001,1785795230.333403606,/loadcell_data_filtered.wrench.force.z,827.1432326164528
0.558213438,1785795230.333635534,/loadcell_data_filtered.wrench.force.z,830.4759658486273
0.558779115,1785795230.334201211,/loadcell_data_filtered.wrench.force.z,834.8596187377733
0.559740565,1785795230.335162661,/loadcell_data_filtered.wrench.force.z,837.5454101127016
0.560113433,1785795230.335535529,/loadcell_data_filtered.wrench.force.z,840.4481246500106
0.560483194,1785795230.335905290,/loadcell_data_filtered.wrench.force.z,842.7065996856614
0.56087314,1785795230.336295236,/loadcell_data_filtered.wrench.force.z,844.0329269134139
0.562040657,1785795230.337462753,/loadcell_data_filtered.wrench.force.z,843.7023927536607
0.562377318,1785795230.337799414,/loadcell_data_filtered.wrench.force.z,843.6506203699674
0.562717899,1785795230.338139995,/loadcell_data_filtered.wrench.force.z,844.373807629124
0.56332808,1785795230.338750176,/loadcell_data_filtered.wrench.force.z,844.0205347025923
0.5636313940000001,1785795230.339053490,/loadcell_data_filtered.wrench.force.z,843.6642712770529
0.564817871,1785795230.340239967,/loadcell_data_filtered.wrench.force.z,843.7386328254963
0.565942793,1785795230.341364889,/loadcell_data_filtered.wrench.force.z,843.6719566400645
0.5685304,1785795230.343952496,/loadcell_data_filtered.wrench.force.z,843.9092518409811
0.569220727,1785795230.344642823,/loadcell_data_filtered.wrench.force.z,844.4829708016824
0.5698416940000001,1785795230.345263790,/loadcell_data_filtered.wrench.force.z,845.2148041967743
0.570221341,1785795230.345643437,/loadcell_data_filtered.wrench.force.z,840.1435302783547
0.5706016260000001,1785795230.346023722,/loadcell_data_filtered.wrench.force.z,836.4043048965763
0.5708750020000001,1785795230.346297098,/loadcell_data_filtered.wrench.force.z,832.6139898566998
0.571124469,1785795230.346546565,/loadcell_data_filtered.wrench.force.z,829.3011030346671
0.571341477,1785795230.346763573,/loadcell_data_filtered.wrench.force.z,825.8548354906728
0.5715884920000001,1785795230.347010588,/loadcell_data_filtered.wrench.force.z,823.5403038390837
0.571817178,1785795230.347239274,/loadcell_data_filtered.wrench.force.z,814.765720513195
0.572016922,1785795230.347439018,/loadcell_data_filtered.wrench.force.z,815.0364707401967
0.572271238,1785795230.347693334,/loadcell_data_filtered.wrench.force.z,815.1807323504298
0.5725966800000001,1785795230.348018776,/loadcell_data_filtered.wrench.force.z,815.5231288531533
0.5729308790000001,1785795230.348352975,/loadcell_data_filtered.wrench.force.z,815.7983580946288
0.573266271,1785795230.348688367,/loadcell_data_filtered.wrench.force.z,814.954446894928
0.5736465430000001,1785795230.349068639,/loadcell_data_filtered.wrench.force.z,814.1157334842862
0.574036569,1785795230.349458665,/loadcell_data_filtered.wrench.force.z,813.0071574356414
0.5761988210000001,1785795230.351620917,/loadcell_data_filtered.wrench.force.z,812.2802554809463
0.576628087,1785795230.352050183,/loadcell_data_filtered.wrench.force.z,810.0706459145257
0.57692507,1785795230.352347166,/loadcell_data_filtered.wrench.force.z,803.1758599978319
0.577201925,1785795230.352624021,/loadcell_data_filtered.wrench.force.z,808.6567968055361
0.5774930060000001,1785795230.352915102,/loadcell_data_filtered.wrench.force.z,813.1705546476365
0.577805608,1785795230.353227704,/loadcell_data_filtered.wrench.force.z,816.722173029406
0.579674538,1785795230.355096634,/loadcell_data_filtered.wrench.force.z,819.8238635316897
0.5796884210000001,1785795230.355110517,/loadcell_data_filtered.wrench.force.z,821.5722568565512
0.5796914080000001,1785795230.355113504,/loadcell_data_filtered.wrench.force.z,821.2182495509027
0.579693843,1785795230.355115939,/loadcell_data_filtered.wrench.force.z,820.9941478635789
0.5803302250000001,1785795230.355752321,/loadcell_data_filtered.wrench.force.z,820.3391497250531
0.580730009,1785795230.356152105,/loadcell_data_filtered.wrench.force.z,819.5373864759345
0.5810981230000001,1785795230.356520219,/loadcell_data_filtered.wrench.force.z,818.8523388345988
0.581510586,1785795230.356932682,/loadcell_data_filtered.wrench.force.z,818.6514596683523
0.582008221,1785795230.357430317,/loadcell_data_filtered.wrench.force.z,818.9044097779123
0.58236935,1785795230.357791446,/loadcell_data_filtered.wrench.force.z,817.8040077741563
0.582688559,1785795230.358110655,/loadcell_data_filtered.wrench.force.z,816.9609488085646
0.583008015,1785795230.358430111,/loadcell_data_filtered.wrench.force.z,816.6715524572845
0.583325501,1785795230.358747597,/loadcell_data_filtered.wrench.force.z,816.2654647926842
0.58362429,1785795230.359046386,/loadcell_data_filtered.wrench.force.z,813.5102309630071
0.5838652950000001,1785795230.359287391,/loadcell_data_filtered.wrench.force.z,808.7613689925863
0.584117694,1785795230.359539790,/loadcell_data_filtered.wrench.force.z,803.890036972051
0.5844016160000001,1785795230.359823712,/loadcell_data_filtered.wrench.force.z,800.2564804949083
0.588638439,1785795230.364060535,/loadcell_data_filtered.wrench.force.z,796.7949350986087
0.592323718,1785795230.367745814,/loadcell_data_filtered.wrench.force.z,793.8734412376074
0.592556586,1785795230.367978682,/loadcell_data_filtered.wrench.force.z,794.833221028706
0.592714359,1785795230.368136455,/loadcell_data_filtered.wrench.force.z,796.0711034515357
0.5928642000000001,1785795230.368286296,/loadcell_data_filtered.wrench.force.z,797.6757584398767
0.593024726,1785795230.368446822,/loadcell_data_filtered.wrench.force.z,798.1394747299533
0.593187425,1785795230.368609521,/loadcell_data_filtered.wrench.force.z,799.3111115687384
0.5933437410000001,1785795230.368765837,/loadcell_data_filtered.wrench.force.z,800.5358298670918
0.593592772,1785795230.369014868,/loadcell_data_filtered.wrench.force.z,801.8665214203842
0.593818767,1785795230.369240863,/loadcell_data_filtered.wrench.force.z,808.6800051976018
0.594055451,1785795230.369477547,/loadcell_data_filtered.wrench.force.z,813.8283630095368
0.594361264,1785795230.369783360,/loadcell_data_filtered.wrench.force.z,819.9119843674573
0.5947510420000001,1785795230.370173138,/loadcell_data_filtered.wrench.force.z,823.2522232150619
0.595128572,1785795230.370550668,/loadcell_data_filtered.wrench.force.z,825.9188509757154
0.595466891,1785795230.370888987,/loadcell_data_filtered.wrench.force.z,829.6784297768398
0.595857133,1785795230.371279229,/loadcell_data_filtered.wrench.force.z,831.8290085239485
0.596246124,1785795230.371668220,/loadcell_data_filtered.wrench.force.z,833.3124494392266
0.596586599,1785795230.372008695,/loadcell_data_filtered.wrench.force.z,834.3239268547044
0.5968944030000001,1785795230.372316499,/loadcell_data_filtered.wrench.force.z,835.6160611767787
0.5972215430000001,1785795230.372643639,/loadcell_data_filtered.wrench.force.z,837.3591599357974
0.599613586,1785795230.375035682,/loadcell_data_filtered.wrench.force.z,837.8601013984969
0.5998974650000001,1785795230.375319561,/loadcell_data_filtered.wrench.force.z,838.672329522564
0.600088516,1785795230.375510612,/loadcell_data_filtered.wrench.force.z,840.4791332244603
0.600250108,1785795230.375672204,/loadcell_data_filtered.wrench.force.z,842.0887981700101
0.600410522,1785795230.375832618,/loadcell_data_filtered.wrench.force.z,844.0183603015184
0.600586037,1785795230.376008133,/loadcell_data_filtered.wrench.force.z,846.2038183686849
0.6007756270000001,1785795230.376197723,/loadcell_data_filtered.wrench.force.z,842.1100975133832
0.600974564,1785795230.376396660,/loadcell_data_filtered.wrench.force.z,839.4439187814386
0.6012178490000001,1785795230.376639945,/loadcell_data_filtered.wrench.force.z,835.9032476454969
0.601509301,1785795230.376931397,/loadcell_data_filtered.wrench.force.z,833.8442306308776
0.6019392410000001,1785795230.377361337,/loadcell_data_filtered.wrench.force.z,831.830382339798
0.602297991,1785795230.377720087,/loadcell_data_filtered.wrench.force.z,831.1124411029273
0.6028963780000001,1785795230.378318474,/loadcell_data_filtered.wrench.force.z,830.9825941254135
0.603285984,1785795230.378708080,/loadcell_data_filtered.wrench.force.z,831.8657033056123
0.60401265,1785795230.379434746,/loadcell_data_filtered.wrench.force.z,832.7842555105179
0.604256091,1785795230.379678187,/loadcell_data_filtered.wrench.force.z,834.2830387439037
0.6045958760000001,1785795230.380017972,/loadcell_data_filtered.wrench.force.z,835.5376788428633
0.60575219,1785795230.381174286,/loadcell_data_filtered.wrench.force.z,836.2112166858325
0.607266955,1785795230.382689051,/loadcell_data_filtered.wrench.force.z,836.8798045478712
0.607562315,1785795230.382984411,/loadcell_data_filtered.wrench.force.z,838.2399523648608
0.6079364810000001,1785795230.383358577,/loadcell_data_filtered.wrench.force.z,839.0598853173443
0.608181219,1785795230.383603315,/loadcell_data_filtered.wrench.force.z,840.5487031588523
0.608403235,1785795230.383825331,/loadcell_data_filtered.wrench.force.z,841.6787417946111
0.608670895,1785795230.384092991,/loadcell_data_filtered.wrench.force.z,848.4065513848661
0.6089236570000001,1785795230.384345753,/loadcell_data_filtered.wrench.force.z,854.2794461861697
0.609152652,1785795230.384574748,/loadcell_data_filtered.wrench.force.z,859.18101157591
0.6107711690000001,1785795230.386193265,/loadcell_data_filtered.wrench.force.z,862.9283228981876
0.612165253,1785795230.387587349,/loadcell_data_filtered.wrench.force.z,866.9747734762594
0.6124187320000001,1785795230.387840828,/loadcell_data_filtered.wrench.force.z,869.6064938812217
0.6126473330000001,1785795230.388069429,/loadcell_data_filtered.wrench.force.z,871.796122512201
0.614857333,1785795230.390279429,/loadcell_data_filtered.wrench.force.z,872.9567129624165
0.615062957,1785795230.390485053,/loadcell_data_filtered.wrench.force.z,874.4872566156916
0.615253872,1785795230.390675968,/loadcell_data_filtered.wrench.force.z,875.7152706753617
0.6154078470000001,1785795230.390829943,/loadcell_data_filtered.wrench.force.z,875.573046300666
0.615524356,1785795230.390946452,/loadcell_data_filtered.wrench.force.z,876.1154717083751
0.6156578620000001,1785795230.391079958,/loadcell_data_filtered.wrench.force.z,873.6391464647733
0.6157882480000001,1785795230.391210344,/loadcell_data_filtered.wrench.force.z,869.4531515109048
0.615908663,1785795230.391330759,/loadcell_data_filtered.wrench.force.z,869.740322625844
0.6166045050000001,1785795230.392026601,/loadcell_data_filtered.wrench.force.z,868.176118064808
0.616746722,1785795230.392168818,/loadcell_data_filtered.wrench.force.z,864.7191233365863
0.616875929,1785795230.392298025,/loadcell_data_filtered.wrench.force.z,854.3741539469537
0.616995794,1785795230.392417890,/loadcell_data_filtered.wrench.force.z,849.0287434943185
0.6175870130000001,1785795230.393009109,/loadcell_data_filtered.wrench.force.z,844.6026694761099
0.6181672450000001,1785795230.393589341,/loadcell_data_filtered.wrench.force.z,840.6176986973952
0.619326624,1785795230.394748720,/loadcell_data_filtered.wrench.force.z,837.3571414224501
0.6196582770000001,1785795230.395080373,/loadcell_data_filtered.wrench.force.z,834.6274937856241
0.6198097810000001,1785795230.395231877,/loadcell_data_filtered.wrench.force.z,834.0360081280754
0.6204215630000001,1785795230.395843659,/loadcell_data_filtered.wrench.force.z,833.102773812392
0.620726565,1785795230.396148661,/loadcell_data_filtered.wrench.force.z,832.1236434799823
0.62105971,1785795230.396481806,/loadcell_data_filtered.wrench.force.z,831.3972771439581
0.6216254400000001,1785795230.397047536,/loadcell_data_filtered.wrench.force.z,829.857614335843
0.622079528,1785795230.397501624,/loadcell_data_filtered.wrench.force.z,828.1439565372444
0.6233584400000001,1785795230.398780536,/loadcell_data_filtered.wrench.force.z,826.7512637303656
0.623679355,1785795230.399101451,/loadcell_data_filtered.wrench.force.z,825.4644125144839
0.623894774,1785795230.399316870,/loadcell_data_filtered.wrench.force.z,824.7995769611717
0.624077026,1785795230.399499122,/loadcell_data_filtered.wrench.force.z,823.2442778258556
0.6246852500000001,1785795230.400107346,/loadcell_data_filtered.wrench.force.z,827.1815473607094
0.625648855,1785795230.401070951,/loadcell_data_filtered.wrench.force.z,829.5121021642251
0.625829187,1785795230.401251283,/loadcell_data_filtered.wrench.force.z,832.6000895538236
0.6260283670000001,1785795230.401450463,/loadcell_data_filtered.wrench.force.z,835.4387635446632
0.6263663930000001,1785795230.401788489,/loadcell_data_filtered.wrench.force.z,837.2737975147477
0.6270281600000001,1785795230.402450256,/loadcell_data_filtered.wrench.force.z,837.6583793637612
0.630948976,1785795230.406371072,/loadcell_data_filtered.wrench.force.z,838.1084322920378
0.631637365,1785795230.407059461,/loadcell_data_filtered.wrench.force.z,837.7037504897584
0.632181746,1785795230.407603842,/loadcell_data_filtered.wrench.force.z,837.8739492967723
0.632692382,1785795230.408114478,/loadcell_data_filtered.wrench.force.z,838.2902650794248
0.633145991,1785795230.408568087,/loadcell_data_filtered.wrench.force.z,838.1024544661822
0.6336055730000001,1785795230.409027669,/loadcell_data_filtered.wrench.force.z,838.2681290606229
0.634077333,1785795230.409499429,/loadcell_data_filtered.wrench.force.z,838.4040426478891
0.635983093,1785795230.411405189,/loadcell_data_filtered.wrench.force.z,838.4918827448674
0.6359996960000001,1785795230.411421792,/loadcell_data_filtered.wrench.force.z,838.2303007804398
0.636004001,1785795230.411426097,/loadcell_data_filtered.wrench.force.z,836.6642875720263
0.636224287,1785795230.411646383,/loadcell_data_filtered.wrench.force.z,836.5313101290602
0.636796938,1785795230.412219034,/loadcell_data_filtered.wrench.force.z,830.4784366182798
0.6373396100000001,1785795230.412761706,/loadcell_data_filtered.wrench.force.z,826.5436357625763
0.6378670780000001,1785795230.413289174,/loadcell_data_filtered.wrench.force.z,822.7708727911327
0.63832126,1785795230.413743356,/loadcell_data_filtered.wrench.force.z,819.8292256593671
0.63874092,1785795230.414163016,/loadcell_data_filtered.wrench.force.z,817.1574196538023
0.639080953,1785795230.414503049,/loadcell_data_filtered.wrench.force.z,815.9712992043396
0.6394222380000001,1785795230.414844334,/loadcell_data_filtered.wrench.force.z,815.7571527332996
0.63973789,1785795230.415159986,/loadcell_data_filtered.wrench.force.z,816.3657438984075
0.640013888,1785795230.415435984,/loadcell_data_filtered.wrench.force.z,817.1565248572706
0.640292129,1785795230.415714225,/loadcell_data_filtered.wrench.force.z,817.4796644230038
0.640549012,1785795230.415971108,/loadcell_data_filtered.wrench.force.z,818.1105329344992
0.64080685,1785795230.416228946,/loadcell_data_filtered.wrench.force.z,818.1825509653628
0.641050274,1785795230.416472370,/loadcell_data_filtered.wrench.force.z,818.5663077714313
0.641294965,1785795230.416717061,/loadcell_data_filtered.wrench.force.z,819.1765474739643
0.641539007,1785795230.416961103,/loadcell_data_filtered.wrench.force.z,820.0792238019089
0.6418498180000001,1785795230.417271914,/loadcell_data_filtered.wrench.force.z,820.6866172434909
0.6421203240000001,1785795230.417542420,/loadcell_data_filtered.wrench.force.z,822.0776091798845
0.6423964520000001,1785795230.417818548,/loadcell_data_filtered.wrench.force.z,828.3453226460555
0.642687169,1785795230.418109265,/loadcell_data_filtered.wrench.force.z,833.907584068506
0.6436695610000001,1785795230.419091657,/loadcell_data_filtered.wrench.force.z,838.7034102891558
0.6446878060000001,1785795230.420109902,/loadcell_data_filtered.wrench.force.z,843.0021736693428
0.645000078,1785795230.420422174,/loadcell_data_filtered.wrench.force.z,847.2920782752664
0.645427701,1785795230.420849797,/loadcell_data_filtered.wrench.force.z,850.3464498594384
0.645665751,1785795230.421087847,/loadcell_data_filtered.wrench.force.z,852.3680154023241
0.645936599,1785795230.421358695,/loadcell_data_filtered.wrench.force.z,854.074911512137
0.646157622,1785795230.421579718,/loadcell_data_filtered.wrench.force.z,854.5108282386041
0.64643452,1785795230.421856616,/loadcell_data_filtered.wrench.force.z,856.0185793985406
0.646644965,1785795230.422067061,/loadcell_data_filtered.wrench.force.z,857.7282818296073
0.6468441340000001,1785795230.422266230,/loadcell_data_filtered.wrench.force.z,858.731736159152
0.6477728150000001,1785795230.423194911,/loadcell_data_filtered.wrench.force.z,859.7003900836866
0.648204491,1785795230.423626587,/loadcell_data_filtered.wrench.force.z,861.0545262532185
0.648531164,1785795230.423953260,/loadcell_data_filtered.wrench.force.z,862.0038045562466
0.6491572840000001,1785795230.424579380,/loadcell_data_filtered.wrench.force.z,863.1703222759843
0.6494701660000001,1785795230.424892262,/loadcell_data_filtered.wrench.force.z,860.0393335467795
0.649938698,1785795230.425360794,/loadcell_data_filtered.wrench.force.z,857.5806214959807
0.650674737,1785795230.426096833,/loadcell_data_filtered.wrench.force.z,854.2634002066799
0.6541829920000001,1785795230.429605088,/loadcell_data_filtered.wrench.force.z,851.6661024457884
0.6547179590000001,1785795230.430140055,/loadcell_data_filtered.wrench.force.z,849.691916829809
0.655041559,1785795230.430463655,/loadcell_data_filtered.wrench.force.z,848.7418079638281
0.6553019520000001,1785795230.430724048,/loadcell_data_filtered.wrench.force.z,848.835220757731
0.655595491,1785795230.431017587,/loadcell_data_filtered.wrench.force.z,850.1020136174234
0.655937528,1785795230.431359624,/loadcell_data_filtered.wrench.force.z,851.6695173683669
0.656322354,1785795230.431744450,/loadcell_data_filtered.wrench.force.z,853.5809501802297
0.6566635900000001,1785795230.432085686,/loadcell_data_filtered.wrench.force.z,855.0428314258253
0.656988941,1785795230.432411037,/loadcell_data_filtered.wrench.force.z,855.0479149613384
0.6572516860000001,1785795230.432673782,/loadcell_data_filtered.wrench.force.z,854.6616229866447
0.65754257,1785795230.432964666,/loadcell_data_filtered.wrench.force.z,855.0284706711903
0.657874839,1785795230.433296935,/loadcell_data_filtered.wrench.force.z,855.1353338879679
0.658128083,1785795230.433550179,/loadcell_data_filtered.wrench.force.z,855.548572552369
0.6583442180000001,1785795230.433766314,/loadcell_data_filtered.wrench.force.z,856.0524413804095
0.658640196,1785795230.434062292,/loadcell_data_filtered.wrench.force.z,861.8234253563908
0.658993292,1785795230.434415388,/loadcell_data_filtered.wrench.force.z,865.673828124959
0.659193121,1785795230.434615217,/loadcell_data_filtered.wrench.force.z,870.1769756514201
0.6594294900000001,1785795230.434851586,/loadcell_data_filtered.wrench.force.z,873.9991027532589
0.65993369,1785795230.435355786,/loadcell_data_filtered.wrench.force.z,877.3656899140243
0.660301113,1785795230.435723209,/loadcell_data_filtered.wrench.force.z,879.6367436512086
0.6608915820000001,1785795230.436313678,/loadcell_data_filtered.wrench.force.z,881.0832314320145
0.6615731220000001,1785795230.436995218,/loadcell_data_filtered.wrench.force.z,881.54453845265
0.6634517400000001,1785795230.438873836,/loadcell_data_filtered.wrench.force.z,881.674193605025
0.66381566,1785795230.439237756,/loadcell_data_filtered.wrench.force.z,881.7658300824148
0.664043264,1785795230.439465360,/loadcell_data_filtered.wrench.force.z,882.6562339129514
0.664242301,1785795230.439664397,/loadcell_data_filtered.wrench.force.z,883.526202563393
0.664922452,1785795230.440344548,/loadcell_data_filtered.wrench.force.z,883.6657450846395
0.665209334,1785795230.440631430,/loadcell_data_filtered.wrench.force.z,883.4910660623274
0.665497733,1785795230.440919829,/loadcell_data_filtered.wrench.force.z,884.1545207222458
0.665741961,1785795230.441164057,/loadcell_data_filtered.wrench.force.z,884.8719698083526
0.6659492880000001,1785795230.441371384,/loadcell_data_filtered.wrench.force.z,884.4040700407395
0.666255506,1785795230.441677602,/loadcell_data_filtered.wrench.force.z,878.2104505205164
0.666808649,1785795230.442230745,/loadcell_data_filtered.wrench.force.z,873.6769377603806
0.667315842,1785795230.442737938,/loadcell_data_filtered.wrench.force.z,869.7024237071113
0.6679279300000001,1785795230.443350026,/loadcell_data_filtered.wrench.force.z,866.5005928004078
0.668385722,1785795230.443807818,/loadcell_data_filtered.wrench.force.z,863.2395675172731
0.6689471640000001,1785795230.444369260,/loadcell_data_filtered.wrench.force.z,861.2705301171886
0.669418179,1785795230.444840275,/loadcell_data_filtered.wrench.force.z,859.8369345133285
0.6698854590000001,1785795230.445307555,/loadcell_data_filtered.wrench.force.z,859.3602892748215
0.672468999,1785795230.447891095,/loadcell_data_filtered.wrench.force.z,859.3358629182443
0.672780791,1785795230.448202887,/loadcell_data_filtered.wrench.force.z,858.9182663708142
0.672995915,1785795230.448418011,/loadcell_data_filtered.wrench.force.z,858.5342038851417
0.6733334910000001,1785795230.448755587,/loadcell_data_filtered.wrench.force.z,852.6621814702098
0.67411559,1785795230.449537686,/loadcell_data_filtered.wrench.force.z,849.9098326023827
0.6743348800000001,1785795230.449756976,/loadcell_data_filtered.wrench.force.z,848.5019933235302
0.674544272,1785795230.449966368,/loadcell_data_filtered.wrench.force.z,847.6500623123692
0.6747635310000001,1785795230.450185627,/loadcell_data_filtered.wrench.force.z,847.0355787401227
0.6749447620000001,1785795230.450366858,/loadcell_data_filtered.wrench.force.z,847.9070111520743
0.6751276730000001,1785795230.450549769,/loadcell_data_filtered.wrench.force.z,852.5741161827068
0.678650717,1785795230.454072813,/loadcell_data_filtered.wrench.force.z,856.1117448896707
0.6788143160000001,1785795230.454236412,/loadcell_data_filtered.wrench.force.z,858.9078853773625
0.6789388860000001,1785795230.454360982,/loadcell_data_filtered.wrench.force.z,860.5348159447183
0.679121953,1785795230.454544049,/loadcell_data_filtered.wrench.force.z,855.6174329684172
0.679189049,1785795230.454611145,/loadcell_data_filtered.wrench.force.z,857.0064396912447
0.67931913,1785795230.454741226,/loadcell_data_filtered.wrench.force.z,857.3456836730253
0.6809259510000001,1785795230.456348047,/loadcell_data_filtered.wrench.force.z,857.4662379379835
0.680944654,1785795230.456366750,/loadcell_data_filtered.wrench.force.z,857.4558354458495
0.680948788,1785795230.456370884,/loadcell_data_filtered.wrench.force.z,856.4315067980008
0.680952451,1785795230.456374547,/loadcell_data_filtered.wrench.force.z,855.5940710043317
0.6811789650000001,1785795230.456601061,/loadcell_data_filtered.wrench.force.z,855.2781617651594
0.706103055,1785795230.481525151,/loadcell_data_filtered.wrench.force.z,856.0178505333546
0.7063223080000001,1785795230.481744404,/loadcell_data_filtered.wrench.force.z,852.384763444541
0.706471238,1785795230.481893334,/loadcell_data_filtered.wrench.force.z,842.639328022588
0.7066831100000001,1785795230.482105206,/loadcell_data_filtered.wrench.force.z,840.7325116593877
0.706927901,1785795230.482349997,/loadcell_data_filtered.wrench.force.z,840.5512246908593
0.7071209860000001,1785795230.482543082,/loadcell_data_filtered.wrench.force.z,833.0921214898686
0.7073382840000001,1785795230.482760380,/loadcell_data_filtered.wrench.force.z,834.9935716064284
0.7075462530000001,1785795230.482968349,/loadcell_data_filtered.wrench.force.z,835.917823837574
0.707730178,1785795230.483152274,/loadcell_data_filtered.wrench.force.z,835.8645243531572
0.7079002950000001,1785795230.483322391,/loadcell_data_filtered.wrench.force.z,831.3252312025073
0.7080723290000001,1785795230.483494425,/loadcell_data_filtered.wrench.force.z,833.2841900746633
0.708239221,1785795230.483661317,/loadcell_data_filtered.wrench.force.z,832.9969494924003
0.70840881,1785795230.483830906,/loadcell_data_filtered.wrench.force.z,833.8156174119923
0.708546741,1785795230.483968837,/loadcell_data_filtered.wrench.force.z,826.6956430845108
0.7086834200000001,1785795230.484105516,/loadcell_data_filtered.wrench.force.z,828.4913863216913
0.7091325580000001,1785795230.484554654,/loadcell_data_filtered.wrench.force.z,831.6406049561928
0.709270209,1785795230.484692305,/loadcell_data_filtered.wrench.force.z,838.8550468904175
0.709400216,1785795230.484822312,/loadcell_data_filtered.wrench.force.z,846.2046070523527
0.710073273,1785795230.485495369,/loadcell_data_filtered.wrench.force.z,851.1738920900169
0.710391528,1785795230.485813624,/loadcell_data_filtered.wrench.force.z,856.0007163485616
0.710511156,1785795230.485933252,/loadcell_data_filtered.wrench.force.z,859.2854507374216
0.7106316650000001,1785795230.486053761,/loadcell_data_filtered.wrench.force.z,862.1033874945973
0.7110147290000001,1785795230.486436825,/loadcell_data_filtered.wrench.force.z,863.1116431491535
0.7116861010000001,1785795230.487108197,/loadcell_data_filtered.wrench.force.z,863.5906580270272
0.7133484130000001,1785795230.488770509,/loadcell_data_filtered.wrench.force.z,864.1380541255909
0.714265288,1785795230.489687384,/loadcell_data_filtered.wrench.force.z,864.8809436668095
0.7144250790000001,1785795230.489847175,/loadcell_data_filtered.wrench.force.z,866.2942826606359
0.7145702970000001,1785795230.489992393,/loadcell_data_filtered.wrench.force.z,867.2359119250588
0.7147036910000001,1785795230.490125787,/loadcell_data_filtered.wrench.force.z,867.5275397056444
0.714835144,1785795230.490257240,/loadcell_data_filtered.wrench.force.z,868.4734370333699
0.715784795,1785795230.491206891,/loadcell_data_filtered.wrench.force.z,867.6233090911695
0.716144353,1785795230.491566449,/loadcell_data_filtered.wrench.force.z,867.1934999982218
0.716387171,1785795230.491809267,/loadcell_data_filtered.wrench.force.z,862.5572246779279
0.716748417,1785795230.492170513,/loadcell_data_filtered.wrench.force.z,858.7803498387392
0.7182217580000001,1785795230.493643854,/loadcell_data_filtered.wrench.force.z,854.1484695961306
0.718433242,1785795230.493855338,/loadcell_data_filtered.wrench.force.z,850.7588337569184
0.7185849990000001,1785795230.494007095,/loadcell_data_filtered.wrench.force.z,848.1458210773428
0.7187456590000001,1785795230.494167755,/loadcell_data_filtered.wrench.force.z,846.9225304836485
0.7191436670000001,1785795230.494565763,/loadcell_data_filtered.wrench.force.z,844.834879900125
0.720838341,1785795230.496260437,/loadcell_data_filtered.wrench.force.z,844.3902795306901
0.721662836,1785795230.497084932,/loadcell_data_filtered.wrench.force.z,844.7975765309677
0.7221602650000001,1785795230.497582361,/loadcell_data_filtered.wrench.force.z,845.4152149805476
0.7225845630000001,1785795230.498006659,/loadcell_data_filtered.wrench.force.z,845.2220618164445
0.725687637,1785795230.501109733,/loadcell_data_filtered.wrench.force.z,844.6516380694786
0.727078919,1785795230.502501015,/loadcell_data_filtered.wrench.force.z,843.95691676677
0.7271204130000001,1785795230.502542509,/loadcell_data_filtered.wrench.force.z,843.9095018561356
0.727652446,1785795230.503074542,/loadcell_data_filtered.wrench.force.z,844.284060770806
0.7286078610000001,1785795230.504029957,/loadcell_data_filtered.wrench.force.z,844.0494782120965
0.7289378390000001,1785795230.504359935,/loadcell_data_filtered.wrench.force.z,839.3627442461104
0.729336981,1785795230.504759077,/loadcell_data_filtered.wrench.force.z,842.4521791070844
0.7297011640000001,1785795230.505123260,/loadcell_data_filtered.wrench.force.z,846.366649836958
0.730037241,1785795230.505459337,/loadcell_data_filtered.wrench.force.z,849.9462406826076
0.730410584,1785795230.505832680,/loadcell_data_filtered.wrench.force.z,852.8768392420711
0.730912031,1785795230.506334127,/loadcell_data_filtered.wrench.force.z,854.8052685344438
0.731364455,1785795230.506786551,/loadcell_data_filtered.wrench.force.z,855.5609966698157
0.731939309,1785795230.507361405,/loadcell_data_filtered.wrench.force.z,855.9351077231034
0.732430005,1785795230.507852101,/loadcell_data_filtered.wrench.force.z,855.5539104329406
0.7331384350000001,1785795230.508560531,/loadcell_data_filtered.wrench.force.z,855.1292903579775
0.733604769,1785795230.509026865,/loadcell_data_filtered.wrench.force.z,855.4192543175179
0.7340271030000001,1785795230.509449199,/loadcell_data_filtered.wrench.force.z,854.6570397334265
0.7344002030000001,1785795230.509822299,/loadcell_data_filtered.wrench.force.z,855.0040321642616
0.734734689,1785795230.510156785,/loadcell_data_filtered.wrench.force.z,854.7867367617935
0.735084046,1785795230.510506142,/loadcell_data_filtered.wrench.force.z,854.7950497697058
0.735434534,1785795230.510856630,/loadcell_data_filtered.wrench.force.z,853.835059006061
0.7358277480000001,1785795230.511249844,/loadcell_data_filtered.wrench.force.z,852.1987227175449
0.7362757430000001,1785795230.511697839,/loadcell_data_filtered.wrench.force.z,850.9121437753221
0.7366776100000001,1785795230.512099706,/loadcell_data_filtered.wrench.force.z,843.4898392786985
0.737031936,1785795230.512454032,/loadcell_data_filtered.wrench.force.z,837.7166453579246
0.737439358,1785795230.512861454,/loadcell_data_filtered.wrench.force.z,832.7649321104599
0.7379178310000001,1785795230.513339927,/loadcell_data_filtered.wrench.force.z,828.5205569418664
0.7383864160000001,1785795230.513808512,/loadcell_data_filtered.wrench.force.z,824.507551154703
0.738902633,1785795230.514324729,/loadcell_data_filtered.wrench.force.z,822.1674249992554
0.7394037790000001,1785795230.514825875,/loadcell_data_filtered.wrench.force.z,820.733278998261
0.7398370740000001,1785795230.515259170,/loadcell_data_filtered.wrench.force.z,819.8513857208427
0.7402113300000001,1785795230.515633426,/loadcell_data_filtered.wrench.force.z,819.7547329689598
0.740595047,1785795230.516017143,/loadcell_data_filtered.wrench.force.z,819.562868219192
0.7409925940000001,1785795230.516414690,/loadcell_data_filtered.wrench.force.z,819.0322532889957
0.741392229,1785795230.516814325,/loadcell_data_filtered.wrench.force.z,818.0565375668207
0.7417331060000001,1785795230.517155202,/loadcell_data_filtered.wrench.force.z,817.2066563992868
0.742108803,1785795230.517530899,/loadcell_data_filtered.wrench.force.z,816.3193807507388
0.74247341,1785795230.517895506,/loadcell_data_filtered.wrench.force.z,815.6776184646934
0.742894951,1785795230.518317047,/loadcell_data_filtered.wrench.force.z,815.280973928225
0.7444477270000001,1785795230.519869823,/loadcell_data_filtered.wrench.force.z,819.5537570035774
0.7444614540000001,1785795230.519883550,/loadcell_data_filtered.wrench.force.z,823.7517416631038
0.744465802,1785795230.519887898,/loadcell_data_filtered.wrench.force.z,828.5221471915837
0.7445824980000001,1785795230.520004594,/loadcell_data_filtered.wrench.force.z,832.1157867204372
0.745181901,1785795230.520603997,/loadcell_data_filtered.wrench.force.z,835.8145683721646
0.745623169,1785795230.521045265,/loadcell_data_filtered.wrench.force.z,838.8641376098285
0.7459973350000001,1785795230.521419431,/loadcell_data_filtered.wrench.force.z,840.6394396752855
0.746344811,1785795230.521766907,/loadcell_data_filtered.wrench.force.z,841.4659633504399
0.7467917740000001,1785795230.522213870,/loadcell_data_filtered.wrench.force.z,842.4686175314312
0.747249275,1785795230.522671371,/loadcell_data_filtered.wrench.force.z,843.8648374565834
0.747711482,1785795230.523133578,/loadcell_data_filtered.wrench.force.z,844.6235985104588
0.7482468840000001,1785795230.523668980,/loadcell_data_filtered.wrench.force.z,845.4198516144723
0.7490568320000001,1785795230.524478928,/loadcell_data_filtered.wrench.force.z,846.3643761717151
0.7494383440000001,1785795230.524860440,/loadcell_data_filtered.wrench.force.z,847.3853676533828
0.7499968960000001,1785795230.525418992,/loadcell_data_filtered.wrench.force.z,848.0913875306646
0.750465814,1785795230.525887910,/loadcell_data_filtered.wrench.force.z,849.0087821769778
0.75086797,1785795230.526290066,/loadcell_data_filtered.wrench.force.z,849.9515485595265
0.751221001,1785795230.526643097,/loadcell_data_filtered.wrench.force.z,845.0488291482079
0.751558739,1785795230.526980835,/loadcell_data_filtered.wrench.force.z,842.9135186912422
0.751968186,1785795230.527390282,/loadcell_data_filtered.wrench.force.z,840.1252969741556
0.752401412,1785795230.527823508,/loadcell_data_filtered.wrench.force.z,838.6099166446267
0.753984957,1785795230.529407053,/loadcell_data_filtered.wrench.force.z,836.7282487967641
0.7546893720000001,1785795230.530111468,/loadcell_data_filtered.wrench.force.z,836.0330677044335
0.7567544700000001,1785795230.532176566,/loadcell_data_filtered.wrench.force.z,835.9974856779719
0.7570822370000001,1785795230.532504333,/loadcell_data_filtered.wrench.force.z,837.3548210969791
0.757281975,1785795230.532704071,/loadcell_data_filtered.wrench.force.z,839.6250830512276
0.7574642380000001,1785795230.532886334,/loadcell_data_filtered.wrench.force.z,841.6928120411355
0.7576392580000001,1785795230.533061354,/loadcell_data_filtered.wrench.force.z,843.2992325338632
0.75785959,1785795230.533281686,/loadcell_data_filtered.wrench.force.z,845.2509633149222
0.758077509,1785795230.533499605,/loadcell_data_filtered.wrench.force.z,847.3389013845773
0.758275816,1785795230.533697912,/loadcell_data_filtered.wrench.force.z,849.5155278504103
0.758478074,1785795230.533900170,/loadcell_data_filtered.wrench.force.z,851.6471581445041
0.758705272,1785795230.534127368,/loadcell_data_filtered.wrench.force.z,853.2869544021418
0.758926592,1785795230.534348688,/loadcell_data_filtered.wrench.force.z,852.7553062898645
0.759133063,1785795230.534555159,/loadcell_data_filtered.wrench.force.z,860.1501572325279
0.759332458,1785795230.534754554,/loadcell_data_filtered.wrench.force.z,865.947388771446
0.759526444,1785795230.534948540,/loadcell_data_filtered.wrench.force.z,871.4948254455111
0.7597299550000001,1785795230.535152051,/loadcell_data_filtered.wrench.force.z,876.5306329124974
0.7599251880000001,1785795230.535347284,/loadcell_data_filtered.wrench.force.z,881.0252471807747
0.760836963,1785795230.536259059,/loadcell_data_filtered.wrench.force.z,883.9135987316874
0.761156492,1785795230.536578588,/loadcell_data_filtered.wrench.force.z,886.3800578214799
0.761670246,1785795230.537092342,/loadcell_data_filtered.wrench.force.z,887.7456084318057
0.761857293,1785795230.537279389,/loadcell_data_filtered.wrench.force.z,889.2764909024235
0.7625961250000001,1785795230.538018221,/loadcell_data_filtered.wrench.force.z,890.4316034757832
0.763147144,1785795230.538569240,/loadcell_data_filtered.wrench.force.z,891.5252505555549
0.763482729,1785795230.538904825,/loadcell_data_filtered.wrench.force.z,892.5579800318836
0.76397736,1785795230.539399456,/loadcell_data_filtered.wrench.force.z,893.6237306424766
0.7645944600000001,1785795230.540016556,/loadcell_data_filtered.wrench.force.z,894.5370033878082
0.7654793940000001,1785795230.540901490,/loadcell_data_filtered.wrench.force.z,895.3233464270023
0.765751984,1785795230.541174080,/loadcell_data_filtered.wrench.force.z,896.0736003893714
0.766186754,1785795230.541608850,/loadcell_data_filtered.wrench.force.z,895.6385815287045
0.7730012860000001,1785795230.548423382,/loadcell_data_filtered.wrench.force.z,892.853086664217
0.773405333,1785795230.548827429,/loadcell_data_filtered.wrench.force.z,889.8106160842651
0.7737131580000001,1785795230.549135254,/loadcell_data_filtered.wrench.force.z,888.7157699335825
0.7740541670000001,1785795230.549476263,/loadcell_data_filtered.wrench.force.z,888.5854170329129
0.77442257,1785795230.549844666,/loadcell_data_filtered.wrench.force.z,889.228441693701
0.7748122070000001,1785795230.550234303,/loadcell_data_filtered.wrench.force.z,887.2851239172885
0.7752656950000001,1785795230.550687791,/loadcell_data_filtered.wrench.force.z,881.5292785748596
0.775580613,1785795230.551002709,/loadcell_data_filtered.wrench.force.z,881.8457875261965
0.7758441960000001,1785795230.551266292,/loadcell_data_filtered.wrench.force.z,881.7376816182214
0.776128751,1785795230.551550847,/loadcell_data_filtered.wrench.force.z,881.4343213988075
0.776409232,1785795230.551831328,/loadcell_data_filtered.wrench.force.z,880.8348109260367
0.77669226,1785795230.552114356,/loadcell_data_filtered.wrench.force.z,877.917425744325
0.7769272610000001,1785795230.552349357,/loadcell_data_filtered.wrench.force.z,876.657250610513
0.7771325640000001,1785795230.552554660,/loadcell_data_filtered.wrench.force.z,880.1199766857628
0.7773349060000001,1785795230.552757002,/loadcell_data_filtered.wrench.force.z,883.120697322648
0.7775579180000001,1785795230.552980014,/loadcell_data_filtered.wrench.force.z,887.2864678051774
0.777914867,1785795230.553336963,/loadcell_data_filtered.wrench.force.z,890.3121047087013
0.7782342040000001,1785795230.553656300,/loadcell_data_filtered.wrench.force.z,892.9081176793385
0.778531054,1785795230.553953150,/loadcell_data_filtered.wrench.force.z,894.4444427519845
0.7788911550000001,1785795230.554313251,/loadcell_data_filtered.wrench.force.z,895.2447901425472
0.7802422560000001,1785795230.555664352,/loadcell_data_filtered.wrench.force.z,894.6083971887141
0.7805628320000001,1785795230.555984928,/loadcell_data_filtered.wrench.force.z,894.0944407642554
0.780801202,1785795230.556223298,/loadcell_data_filtered.wrench.force.z,894.368169107179
0.7810307780000001,1785795230.556452874,/loadcell_data_filtered.wrench.force.z,894.4272491865288
0.781294145,1785795230.556716241,/loadcell_data_filtered.wrench.force.z,894.3807198471923
0.7815879710000001,1785795230.557010067,/loadcell_data_filtered.wrench.force.z,893.9125844948857
0.781892079,1785795230.557314175,/loadcell_data_filtered.wrench.force.z,893.0539380314501
0.782149929,1785795230.557572025,/loadcell_data_filtered.wrench.force.z,890.8782278501602
0.7824153530000001,1785795230.557837449,/loadcell_data_filtered.wrench.force.z,890.4857802450151
0.782724097,1785795230.558146193,/loadcell_data_filtered.wrench.force.z,889.1740501363713
0.783303104,1785795230.558725200,/loadcell_data_filtered.wrench.force.z,882.7832689539086
0.783583133,1785795230.559005229,/loadcell_data_filtered.wrench.force.z,878.348251746295
0.7839823410000001,1785795230.559404437,/loadcell_data_filtered.wrench.force.z,873.710735742545
0.7844630530000001,1785795230.559885149,/loadcell_data_filtered.wrench.force.z,868.7403853039501
0.784900459,1785795230.560322555,/loadcell_data_filtered.wrench.force.z,864.5382503509755
0.785502,1785795230.560924096,/loadcell_data_filtered.wrench.force.z,861.8135601247442
0.786621267,1785795230.562043363,/loadcell_data_filtered.wrench.force.z,859.366842193437
0.787174241,1785795230.562596337,/loadcell_data_filtered.wrench.force.z,858.206925846962
0.787401409,1785795230.562823505,/loadcell_data_filtered.wrench.force.z,858.2952437355243
0.787516313,1785795230.562938409,/loadcell_data_filtered.wrench.force.z,857.6064977720932
0.7878892550000001,1785795230.563311351,/loadcell_data_filtered.wrench.force.z,856.679608267701
0.788288324,1785795230.563710420,/loadcell_data_filtered.wrench.force.z,855.9790046698314
0.788943916,1785795230.564366012,/loadcell_data_filtered.wrench.force.z,855.2418784015886
0.789251766,1785795230.564673862,/loadcell_data_filtered.wrench.force.z,854.2476614090194
0.7896663650000001,1785795230.565088461,/loadcell_data_filtered.wrench.force.z,852.9473500554335
0.790251908,1785795230.565674004,/loadcell_data_filtered.wrench.force.z,852.2519886768619
0.790687824,1785795230.566109920,/loadcell_data_filtered.wrench.force.z,851.5853344639769
0.791309455,1785795230.566731551,/loadcell_data_filtered.wrench.force.z,857.5797918261109
0.7916338260000001,1785795230.567055922,/loadcell_data_filtered.wrench.force.z,861.9722533369564
0.792229328,1785795230.567651424,/loadcell_data_filtered.wrench.force.z,865.7527455712153
0.793208463,1785795230.568630559,/loadcell_data_filtered.wrench.force.z,869.0158386475074
0.795417899,1785795230.570839995,/loadcell_data_filtered.wrench.force.z,872.405784676094
0.7956035130000001,1785795230.571025609,/loadcell_data_filtered.wrench.force.z,874.7403115021034
0.795771336,1785795230.571193432,/loadcell_data_filtered.wrench.force.z,876.0388173598844
0.7958848540000001,1785795230.571306950,/loadcell_data_filtered.wrench.force.z,877.4565074978219
0.7960381160000001,1785795230.571460212,/loadcell_data_filtered.wrench.force.z,878.9402962529741
0.7962016300000001,1785795230.571623726,/loadcell_data_filtered.wrench.force.z,880.6156424487772
0.7963516020000001,1785795230.571773698,/loadcell_data_filtered.wrench.force.z,880.8329907311698
0.7971912950000001,1785795230.572613391,/loadcell_data_filtered.wrench.force.z,881.109975338379
0.7975046840000001,1785795230.572926780,/loadcell_data_filtered.wrench.force.z,881.6126830186378
0.797654009,1785795230.573076105,/loadcell_data_filtered.wrench.force.z,882.3824221138449
0.7981455310000001,1785795230.573567627,/loadcell_data_filtered.wrench.force.z,883.5913317559614
0.798622923,1785795230.574045019,/loadcell_data_filtered.wrench.force.z,884.4560856591694
0.7993289990000001,1785795230.574751095,/loadcell_data_filtered.wrench.force.z,883.1696594009684
0.79985008,1785795230.575272176,/loadcell_data_filtered.wrench.force.z,878.9864500439244
0.800372717,1785795230.575794813,/loadcell_data_filtered.wrench.force.z,874.9166987937948
0.8013804130000001,1785795230.576802509,/loadcell_data_filtered.wrench.force.z,872.3194347577611
0.8020134980000001,1785795230.577435594,/loadcell_data_filtered.wrench.force.z,869.9271802794021
0.802481718,1785795230.577903814,/loadcell_data_filtered.wrench.force.z,868.190851809044
0.8031256370000001,1785795230.578547733,/loadcell_data_filtered.wrench.force.z,867.6705834579179
0.805211989,1785795230.580634085,/loadcell_data_filtered.wrench.force.z,868.5193972951705
0.805938844,1785795230.581360940,/loadcell_data_filtered.wrench.force.z,868.9882181840626
0.80643767,1785795230.581859766,/loadcell_data_filtered.wrench.force.z,870.2044763121999
0.8068660190000001,1785795230.582288115,/loadcell_data_filtered.wrench.force.z,866.9506475903431
0.8073208510000001,1785795230.582742947,/loadcell_data_filtered.wrench.force.z,864.5562363338458
0.8077472,1785795230.583169296,/loadcell_data_filtered.wrench.force.z,864.3111113836952
0.8081078030000001,1785795230.583529899,/loadcell_data_filtered.wrench.force.z,864.7575431146291
0.808528836,1785795230.583950932,/loadcell_data_filtered.wrench.force.z,864.6874057965753
0.808924728,1785795230.584346824,/loadcell_data_filtered.wrench.force.z,864.6176846014155
0.809259756,1785795230.584681852,/loadcell_data_filtered.wrench.force.z,864.7765208815615
0.8095613920000001,1785795230.584983488,/loadcell_data_filtered.wrench.force.z,870.2790713033675
0.8097794,1785795230.585201496,/loadcell_data_filtered.wrench.force.z,874.8999044082456
0.809958912,1785795230.585381008,/loadcell_data_filtered.wrench.force.z,880.1756149480748
0.8117492620000001,1785795230.587171358,/loadcell_data_filtered.wrench.force.z,884.6090788243879
0.812155362,1785795230.587577458,/loadcell_data_filtered.wrench.force.z,889.2067580875395
0.812410952,1785795230.587833048,/loadcell_data_filtered.wrench.force.z,892.3416083087027
0.8126785160000001,1785795230.588100612,/loadcell_data_filtered.wrench.force.z,895.3915798330412
0.813052234,1785795230.588474330,/loadcell_data_filtered.wrench.force.z,897.2410719882922
0.8135668970000001,1785795230.588988993,/loadcell_data_filtered.wrench.force.z,899.0031336031168
0.8141101770000001,1785795230.589532273,/loadcell_data_filtered.wrench.force.z,900.643357282739
0.8146155350000001,1785795230.590037631,/loadcell_data_filtered.wrench.force.z,901.0118037771039
0.8150589410000001,1785795230.590481037,/loadcell_data_filtered.wrench.force.z,902.0880169453916
0.816971761,1785795230.592393857,/loadcell_data_filtered.wrench.force.z,903.0556783466383
0.817915107,1785795230.593337203,/loadcell_data_filtered.wrench.force.z,904.3355062954766
0.818142809,1785795230.593564905,/loadcell_data_filtered.wrench.force.z,906.2988056120204
0.8182945150000001,1785795230.593716611,/loadcell_data_filtered.wrench.force.z,908.0739380027135
0.8184256990000001,1785795230.593847795,/loadcell_data_filtered.wrench.force.z,909.9602325575022
0.818614948,1785795230.594037044,/loadcell_data_filtered.wrench.force.z,905.5003272997347
0.818805314,1785795230.594227410,/loadcell_data_filtered.wrench.force.z,903.5162808199186
0.818989614,1785795230.594411710,/loadcell_data_filtered.wrench.force.z,900.8436728394993
0.8191705410000001,1785795230.594592637,/loadcell_data_filtered.wrench.force.z,898.3029317172906
0.819453258,1785795230.594875354,/loadcell_data_filtered.wrench.force.z,894.1025766201561
0.8196554880000001,1785795230.595077584,/loadcell_data_filtered.wrench.force.z,892.4349156153357
0.819840874,1785795230.595262970,/loadcell_data_filtered.wrench.force.z,887.5869173620027
0.820035441,1785795230.595457537,/loadcell_data_filtered.wrench.force.z,884.923982997342
0.8218719010000001,1785795230.597293997,/loadcell_data_filtered.wrench.force.z,885.6080335126543
0.821989454,1785795230.597411550,/loadcell_data_filtered.wrench.force.z,886.0635156380933
0.8221006160000001,1785795230.597522712,/loadcell_data_filtered.wrench.force.z,886.0565076094798
0.8222211190000001,1785795230.597643215,/loadcell_data_filtered.wrench.force.z,878.7218267580567
0.822350164,1785795230.597772260,/loadcell_data_filtered.wrench.force.z,878.9903874007678
0.822474017,1785795230.597896113,/loadcell_data_filtered.wrench.force.z,878.1723097853933
0.823068935,1785795230.598491031,/loadcell_data_filtered.wrench.force.z,877.6904391917076
0.8234514540000001,1785795230.598873550,/loadcell_data_filtered.wrench.force.z,877.429170889883
0.824039799,1785795230.599461895,/loadcell_data_filtered.wrench.force.z,876.9343613035511
0.828013277,1785795230.603435373,/loadcell_data_filtered.wrench.force.z,883.1416997301673
0.828822323,1785795230.604244419,/loadcell_data_filtered.wrench.force.z,887.4990148872513
0.829242459,1785795230.604664555,/loadcell_data_filtered.wrench.force.z,891.8989017181647
0.829557459,1785795230.604979555,/loadcell_data_filtered.wrench.force.z,895.6372181957723
0.82986384,1785795230.605285936,/loadcell_data_filtered.wrench.force.z,899.0808572128518
0.830098761,1785795230.605520857,/loadcell_data_filtered.wrench.force.z,900.7517443089386
0.8303311670000001,1785795230.605753263,/loadcell_data_filtered.wrench.force.z,901.6960059429675
0.8306176000000001,1785795230.606039696,/loadcell_data_filtered.wrench.force.z,901.9987831517868
0.8308795320000001,1785795230.606301628,/loadcell_data_filtered.wrench.force.z,902.4899796325857
0.831157765,1785795230.606579861,/loadcell_data_filtered.wrench.force.z,900.990344778991
0.8327979440000001,1785795230.608220040,/loadcell_data_filtered.wrench.force.z,900.2142201827394
0.8333152330000001,1785795230.608737329,/loadcell_data_filtered.wrench.force.z,899.993032244858
0.8338257440000001,1785795230.609247840,/loadcell_data_filtered.wrench.force.z,899.6894421961512
0.834266147,1785795230.609688243,/loadcell_data_filtered.wrench.force.z,900.4573371110721
0.8347659070000001,1785795230.610188003,/loadcell_data_filtered.wrench.force.z,896.3394827226103
0.835209308,1785795230.610631404,/loadcell_data_filtered.wrench.force.z,892.7367215952418
0.835582852,1785795230.611004948,/loadcell_data_filtered.wrench.force.z,890.328826226506
0.8359370850000001,1785795230.611359181,/loadcell_data_filtered.wrench.force.z,885.0938556779912
0.836278092,1785795230.611700188,/loadcell_data_filtered.wrench.force.z,880.6922259825601
0.8365955030000001,1785795230.612017599,/loadcell_data_filtered.wrench.force.z,876.5365168265723
0.836947316,1785795230.612369412,/loadcell_data_filtered.wrench.force.z,872.9561722945891
0.8373425800000001,1785795230.612764676,/loadcell_data_filtered.wrench.force.z,870.0319094053353
0.8377802430000001,1785795230.613202339,/loadcell_data_filtered.wrench.force.z,868.3918605037182
0.8382877440000001,1785795230.613709840,/loadcell_data_filtered.wrench.force.z,867.4479494122785
0.838818986,1785795230.614241082,/loadcell_data_filtered.wrench.force.z,862.4144118720604
0.8391788920000001,1785795230.614600988,/loadcell_data_filtered.wrench.force.z,860.2367453256936
0.839563037,1785795230.614985133,/loadcell_data_filtered.wrench.force.z,859.148987503291
0.839946579,1785795230.615368675,/loadcell_data_filtered.wrench.force.z,858.5760543343491
0.840363653,1785795230.615785749,/loadcell_data_filtered.wrench.force.z,857.3350203527197
0.840969136,1785795230.616391232,/loadcell_data_filtered.wrench.force.z,856.3098958337763
0.841523847,1785795230.616945943,/loadcell_data_filtered.wrench.force.z,855.3319827964707
0.841977414,1785795230.617399510,/loadcell_data_filtered.wrench.force.z,854.6813436529113
0.842412573,1785795230.617834669,/loadcell_data_filtered.wrench.force.z,853.7183445417804
0.842700878,1785795230.618122974,/loadcell_data_filtered.wrench.force.z,858.3823127837035
0.842921271,1785795230.618343367,/loadcell_data_filtered.wrench.force.z,861.5909186207791
0.8431695130000001,1785795230.618591609,/loadcell_data_filtered.wrench.force.z,865.2659486047421
0.843453698,1785795230.618875794,/loadcell_data_filtered.wrench.force.z,867.8920656116624
0.843767821,1785795230.619189917,/loadcell_data_filtered.wrench.force.z,869.6050460197091
0.843995787,1785795230.619417883,/loadcell_data_filtered.wrench.force.z,871.32949965315
0.8442349570000001,1785795230.619657053,/loadcell_data_filtered.wrench.force.z,872.3297419240671
0.8446241510000001,1785795230.620046247,/loadcell_data_filtered.wrench.force.z,871.7100935403844
0.8451092520000001,1785795230.620531348,/loadcell_data_filtered.wrench.force.z,871.2553359518067
0.845480981,1785795230.620903077,/loadcell_data_filtered.wrench.force.z,870.8095621545579
0.8461489390000001,1785795230.621571035,/loadcell_data_filtered.wrench.force.z,870.4647701217403
0.8465419310000001,1785795230.621964027,/loadcell_data_filtered.wrench.force.z,870.0800332008862
0.8470452940000001,1785795230.622467390,/loadcell_data_filtered.wrench.force.z,870.0088555928523
0.848447174,1785795230.623869270,/loadcell_data_filtered.wrench.force.z,869.8597229094875
0.849040102,1785795230.624462198,/loadcell_data_filtered.wrench.force.z,869.5280880270153
0.849280538,1785795230.624702634,/loadcell_data_filtered.wrench.force.z,869.35011957638
0.8494503430000001,1785795230.624872439,/loadcell_data_filtered.wrench.force.z,868.8749664928799
0.8496214150000001,1785795230.625043511,/loadcell_data_filtered.wrench.force.z,862.4826115043035
0.8499327630000001,1785795230.625354859,/loadcell_data_filtered.wrench.force.z,858.5625176188883
0.850377877,1785795230.625799973,/loadcell_data_filtered.wrench.force.z,854.688353366658
0.850913969,1785795230.626336065,/loadcell_data_filtered.wrench.force.z,851.7965577451887
0.8513823070000001,1785795230.626804403,/loadcell_data_filtered.wrench.force.z,849.0597069344149
0.851878511,1785795230.627300607,/loadcell_data_filtered.wrench.force.z,847.926617434931
0.853331284,1785795230.628753380,/loadcell_data_filtered.wrench.force.z,847.2749284413981
0.8542405860000001,1785795230.629662682,/loadcell_data_filtered.wrench.force.z,848.0658039227967
0.854350845,1785795230.629772941,/loadcell_data_filtered.wrench.force.z,849.6196353385419
0.857723636,1785795230.633145732,/loadcell_data_filtered.wrench.force.z,850.9585102007483
0.8578675210000001,1785795230.633289617,/loadcell_data_filtered.wrench.force.z,852.2684933756545
0.85913479,1785795230.634556886,/loadcell_data_filtered.wrench.force.z,852.5923933229335
0.8593184730000001,1785795230.634740569,/loadcell_data_filtered.wrench.force.z,853.5424930062335
0.8594741770000001,1785795230.634896273,/loadcell_data_filtered.wrench.force.z,854.7723472312065
0.8596150130000001,1785795230.635037109,/loadcell_data_filtered.wrench.force.z,855.8697178564471
0.8597574280000001,1785795230.635179524,/loadcell_data_filtered.wrench.force.z,857.3206013104754
0.8598899350000001,1785795230.635312031,/loadcell_data_filtered.wrench.force.z,858.4050493927675
0.860020883,1785795230.635442979,/loadcell_data_filtered.wrench.force.z,866.0125315839105
0.86016599,1785795230.635588086,/loadcell_data_filtered.wrench.force.z,872.1879171804388
0.8603038430000001,1785795230.635725939,/loadcell_data_filtered.wrench.force.z,877.9497543877866
0.860444772,1785795230.635866868,/loadcell_data_filtered.wrench.force.z,882.554951188628
0.8606017490000001,1785795230.636023845,/loadcell_data_filtered.wrench.force.z,886.1876549971904
0.8607582880000001,1785795230.636180384,/loadcell_data_filtered.wrench.force.z,888.1909609551111
0.860915194,1785795230.636337290,/loadcell_data_filtered.wrench.force.z,889.5054736938849
0.8615186720000001,1785795230.636940768,/loadcell_data_filtered.wrench.force.z,890.3615806586936
0.861920407,1785795230.637342503,/loadcell_data_filtered.wrench.force.z,891.4010783387662
0.8622688430000001,1785795230.637690939,/loadcell_data_filtered.wrench.force.z,892.6893032880922
0.8630705120000001,1785795230.638492608,/loadcell_data_filtered.wrench.force.z,893.9163282126344
0.8633539830000001,1785795230.638776079,/loadcell_data_filtered.wrench.force.z,894.9320005089065
0.864400276,1785795230.639822372,/loadcell_data_filtered.wrench.force.z,896.2983883142482
0.8649144190000001,1785795230.640336515,/loadcell_data_filtered.wrench.force.z,897.3683064778561
0.8653944060000001,1785795230.640816502,/loadcell_data_filtered.wrench.force.z,899.1640459517245
0.865512002,1785795230.640934098,/loadcell_data_filtered.wrench.force.z,900.5095226165073
0.8661662750000001,1785795230.641588371,/loadcell_data_filtered.wrench.force.z,897.161638916544
0.8664811060000001,1785795230.641903202,/loadcell_data_filtered.wrench.force.z,894.6540379835442
0.867388793,1785795230.642810889,/loadcell_data_filtered.wrench.force.z,891.518539097528
0.867949301,1785795230.643371397,/loadcell_data_filtered.wrench.force.z,889.384878538694
0.8683975920000001,1785795230.643819688,/loadcell_data_filtered.wrench.force.z,887.6034001985969
0.8689178350000001,1785795230.644339931,/loadcell_data_filtered.wrench.force.z,886.3415745576272
0.8695635450000001,1785795230.644985641,/loadcell_data_filtered.wrench.force.z,886.059968743973
0.8698045050000001,1785795230.645226601,/loadcell_data_filtered.wrench.force.z,887.2578372151528
0.8702137940000001,1785795230.645635890,/loadcell_data_filtered.wrench.force.z,888.5784278875499
0.870997825,1785795230.646419921,/loadcell_data_filtered.wrench.force.z,890.5557307161148
0.871301689,1785795230.646723785,/loadcell_data_filtered.wrench.force.z,891.8034097811309
0.871606513,1785795230.647028609,/loadcell_data_filtered.wrench.force.z,892.8037974649257
0.8719217440000001,1785795230.647343840,/loadcell_data_filtered.wrench.force.z,893.928280216694
0.8724155990000001,1785795230.647837695,/loadcell_data_filtered.wrench.force.z,894.3321068475652
0.872877169,1785795230.648299265,/loadcell_data_filtered.wrench.force.z,894.7675667598305
0.8732498590000001,1785795230.648671955,/loadcell_data_filtered.wrench.force.z,895.4191049711311
0.8738081510000001,1785795230.649230247,/loadcell_data_filtered.wrench.force.z,895.7489887968127
0.8744335320000001,1785795230.649855628,/loadcell_data_filtered.wrench.force.z,901.7506630055957
0.8748833500000001,1785795230.650305446,/loadcell_data_filtered.wrench.force.z,906.0941090529091
0.875494451,1785795230.650916547,/loadcell_data_filtered.wrench.force.z,910.9987343970505
0.875816244,1785795230.651238340,/loadcell_data_filtered.wrench.force.z,914.711926695281
0.876271274,1785795230.651693370,/loadcell_data_filtered.wrench.force.z,917.8251559164072
0.876813252,1785795230.652235348,/loadcell_data_filtered.wrench.force.z,919.9348142450493
0.8775622790000001,1785795230.652984375,/loadcell_data_filtered.wrench.force.z,921.1856375966051
0.878152554,1785795230.653574650,/loadcell_data_filtered.wrench.force.z,921.2167683314442
0.8785777020000001,1785795230.653999798,/loadcell_data_filtered.wrench.force.z,920.8321387199468
0.879298639,1785795230.654720735,/loadcell_data_filtered.wrench.force.z,920.2912490933433
0.879522804,1785795230.654944900,/loadcell_data_filtered.wrench.force.z,920.0450483780463
0.8799452350000001,1785795230.655367331,/loadcell_data_filtered.wrench.force.z,919.9848730234015
0.884908694,1785795230.660330790,/loadcell_data_filtered.wrench.force.z,918.683945392494
0.885339816,1785795230.660761912,/loadcell_data_filtered.wrench.force.z,918.1140432515816
0.885612014,1785795230.661034110,/loadcell_data_filtered.wrench.force.z,917.0119308938747
0.8858965010000001,1785795230.661318597,/loadcell_data_filtered.wrench.force.z,916.4520494550087
0.8861173990000001,1785795230.661539495,/loadcell_data_filtered.wrench.force.z,915.3471109440706
0.886298409,1785795230.661720505,/loadcell_data_filtered.wrench.force.z,908.8792840923677
0.886465787,1785795230.661887883,/loadcell_data_filtered.wrench.force.z,904.2733131919952
0.886640708,1785795230.662062804,/loadcell_data_filtered.wrench.force.z,896.036958173173
0.8867988800000001,1785795230.662220976,/loadcell_data_filtered.wrench.force.z,888.0165489385691
0.886966236,1785795230.662388332,/loadcell_data_filtered.wrench.force.z,883.8305212542787
0.8871328850000001,1785795230.662554981,/loadcell_data_filtered.wrench.force.z,879.3271630544026
0.887295559,1785795230.662717655,/loadcell_data_filtered.wrench.force.z,876.8484548190743
0.8874692190000001,1785795230.662891315,/loadcell_data_filtered.wrench.force.z,875.2808325323556
0.8876323580000001,1785795230.663054454,/loadcell_data_filtered.wrench.force.z,874.3980403000171
0.8895971380000001,1785795230.665019234,/loadcell_data_filtered.wrench.force.z,873.1800552460898
0.8899691230000001,1785795230.665391219,/loadcell_data_filtered.wrench.force.z,871.4403099059915
0.890329821,1785795230.665751917,/loadcell_data_filtered.wrench.force.z,870.678632871351
0.8906492570000001,1785795230.666071353,/loadcell_data_filtered.wrench.force.z,870.2151808133456
0.8908967310000001,1785795230.666318827,/loadcell_data_filtered.wrench.force.z,869.26566159864
0.891125044,1785795230.666547140,/loadcell_data_filtered.wrench.force.z,868.7208690914704
0.891335344,1785795230.666757440,/loadcell_data_filtered.wrench.force.z,867.81844252356
0.891571616,1785795230.666993712,/loadcell_data_filtered.wrench.force.z,867.5365301245431
0.891880801,1785795230.667302897,/loadcell_data_filtered.wrench.force.z,872.2174045026559
0.892157889,1785795230.667579985,/loadcell_data_filtered.wrench.force.z,875.9559936205089
0.892325998,1785795230.667748094,/loadcell_data_filtered.wrench.force.z,878.8043945886857
0.894645762,1785795230.670067858,/loadcell_data_filtered.wrench.force.z,880.3893421090074
0.8950628350000001,1785795230.670484931,/loadcell_data_filtered.wrench.force.z,881.9886191885437
0.8953705150000001,1785795230.670792611,/loadcell_data_filtered.wrench.force.z,881.0504008126331
0.89582751,1785795230.671249606,/loadcell_data_filtered.wrench.force.z,874.1609083991549
0.898433205,1785795230.673855301,/loadcell_data_filtered.wrench.force.z,874.3218595896863
0.899073957,1785795230.674496053,/loadcell_data_filtered.wrench.force.z,873.3211245957051
0.8995481150000001,1785795230.674970211,/loadcell_data_filtered.wrench.force.z,872.7944516835266
0.899970292,1785795230.675392388,/loadcell_data_filtered.wrench.force.z,873.0691246894003
0.900326767,1785795230.675748863,/loadcell_data_filtered.wrench.force.z,873.3615643486709
0.900691754,1785795230.676113850,/loadcell_data_filtered.wrench.force.z,873.8287645322987
0.901068674,1785795230.676490770,/loadcell_data_filtered.wrench.force.z,874.3605419320925
0.9014714130000001,1785795230.676893509,/loadcell_data_filtered.wrench.force.z,874.5589134809277
0.901905519,1785795230.677327615,/loadcell_data_filtered.wrench.force.z,874.1108088222767
0.902341677,1785795230.677763773,/loadcell_data_filtered.wrench.force.z,868.3876955848467
0.90278502,1785795230.678207116,/loadcell_data_filtered.wrench.force.z,864.811685398267
0.9033862490000001,1785795230.678808345,/loadcell_data_filtered.wrench.force.z,859.7537676355272
0.903933446,1785795230.679355542,/loadcell_data_filtered.wrench.force.z,856.2863223879352
0.9044929380000001,1785795230.679915034,/loadcell_data_filtered.wrench.force.z,853.599624151692
0.9054192670000001,1785795230.680841363,/loadcell_data_filtered.wrench.force.z,851.3634702949453
0.905612701,1785795230.681034797,/loadcell_data_filtered.wrench.force.z,849.7118890058916
0.906083182,1785795230.681505278,/loadcell_data_filtered.wrench.force.z,849.617372030827
0.906525341,1785795230.681947437,/loadcell_data_filtered.wrench.force.z,849.9500278835436
0.907027774,1785795230.682449870,/loadcell_data_filtered.wrench.force.z,850.6682833816983
0.907496323,1785795230.682918419,/loadcell_data_filtered.wrench.force.z,851.2321137367758
0.9079581400000001,1785795230.683380236,/loadcell_data_filtered.wrench.force.z,851.5868941338705
0.9083817420000001,1785795230.683803838,/loadcell_data_filtered.wrench.force.z,851.6605061798109
0.90887545,1785795230.684297546,/loadcell_data_filtered.wrench.force.z,851.8285587472859
0.911196757,1785795230.686618853,/loadcell_data_filtered.wrench.force.z,852.5174597130448
0.911709803,1785795230.687131899,/loadcell_data_filtered.wrench.force.z,853.8645579077133
0.911927475,1785795230.687349571,/loadcell_data_filtered.wrench.force.z,854.6951184125043
0.9121236180000001,1785795230.687545714,/loadcell_data_filtered.wrench.force.z,861.4251022542393
0.912297188,1785795230.687719284,/loadcell_data_filtered.wrench.force.z,866.8702588324021
0.9124580750000001,1785795230.687880171,/loadcell_data_filtered.wrench.force.z,872.3806585714955
0.912752925,1785795230.688175021,/loadcell_data_filtered.wrench.force.z,877.6218009826911
0.9131060350000001,1785795230.688528131,/loadcell_data_filtered.wrench.force.z,882.6881658278824
0.9134935940000001,1785795230.688915690,/loadcell_data_filtered.wrench.force.z,886.3575349311111
0.9146739930000001,1785795230.690096089,/loadcell_data_filtered.wrench.force.z,888.8508949303256
0.91546775,1785795230.690889846,/loadcell_data_filtered.wrench.force.z,889.3785221831857
0.9158735130000001,1785795230.691295609,/loadcell_data_filtered.wrench.force.z,891.6247907410796
0.916204691,1785795230.691626787,/loadcell_data_filtered.wrench.force.z,893.8567283317485
0.9164938650000001,1785795230.691915961,/loadcell_data_filtered.wrench.force.z,895.9196446231265
0.9167955870000001,1785795230.692217683,/loadcell_data_filtered.wrench.force.z,898.1131570923048
0.917080918,1785795230.692503014,/loadcell_data_filtered.wrench.force.z,899.9642320366077
0.9173575540000001,1785795230.692779650,/loadcell_data_filtered.wrench.force.z,901.9895607979141
0.9176420590000001,1785795230.693064155,/loadcell_data_filtered.wrench.force.z,903.1590700326142
0.9179160860000001,1785795230.693338182,/loadcell_data_filtered.wrench.force.z,902.4261860933274
0.9182225030000001,1785795230.693644599,/loadcell_data_filtered.wrench.force.z,902.9072914473453
0.920251106,1785795230.695673202,/loadcell_data_filtered.wrench.force.z,898.4658745594127
0.9211701080000001,1785795230.696592204,/loadcell_data_filtered.wrench.force.z,895.1933860802734
0.92185198,1785795230.697274076,/loadcell_data_filtered.wrench.force.z,893.1186295534914
0.922356413,1785795230.697778509,/loadcell_data_filtered.wrench.force.z,891.4079954314525
0.923590836,1785795230.699012932,/loadcell_data_filtered.wrench.force.z,889.8569929047887
0.923608851,1785795230.699030947,/loadcell_data_filtered.wrench.force.z,889.7290170276545
0.9240014950000001,1785795230.699423591,/loadcell_data_filtered.wrench.force.z,890.1861999286621
0.9248992880000001,1785795230.700321384,/loadcell_data_filtered.wrench.force.z,891.3651038072533
0.9252982970000001,1785795230.700720393,/loadcell_data_filtered.wrench.force.z,890.4666179969436
0.92565196,1785795230.701074056,/loadcell_data_filtered.wrench.force.z,890.6709132395819
0.9260426110000001,1785795230.701464707,/loadcell_data_filtered.wrench.force.z,890.6574196639265
0.9263855830000001,1785795230.701807679,/loadcell_data_filtered.wrench.force.z,890.5524669208962
0.926765201,1785795230.702187297,/loadcell_data_filtered.wrench.force.z,890.7607707481217
0.927245736,1785795230.702667832,/loadcell_data_filtered.wrench.force.z,890.4551687774556
0.927793811,1785795230.703215907,/loadcell_data_filtered.wrench.force.z,890.7726709490673
0.9282070040000001,1785795230.703629100,/loadcell_data_filtered.wrench.force.z,893.2962491797293
0.9286620720000001,1785795230.704084168,/loadcell_data_filtered.wrench.force.z,898.5189772409212
0.929276681,1785795230.704698777,/loadcell_data_filtered.wrench.force.z,903.58243146679
0.929736714,1785795230.705158810,/loadcell_data_filtered.wrench.force.z,907.4309501296925
0.930045801,1785795230.705467897,/loadcell_data_filtered.wrench.force.z,910.8196544401405
0.9305002640000001,1785795230.705922360,/loadcell_data_filtered.wrench.force.z,914.096424872599
0.9309459370000001,1785795230.706368033,/loadcell_data_filtered.wrench.force.z,916.4316516416803
0.931388058,1785795230.706810154,/loadcell_data_filtered.wrench.force.z,917.3396320738381
0.933594816,1785795230.709016912,/loadcell_data_filtered.wrench.force.z,917.1582050590054
0.933610103,1785795230.709032199,/loadcell_data_filtered.wrench.force.z,918.3578854098652
0.933613561,1785795230.709035657,/loadcell_data_filtered.wrench.force.z,918.2609479010662
0.93361685,1785795230.709038946,/loadcell_data_filtered.wrench.force.z,918.3870616438676
0.933859502,1785795230.709281598,/loadcell_data_filtered.wrench.force.z,918.8409823475798
0.9341511250000001,1785795230.709573221,/loadcell_data_filtered.wrench.force.z,919.3693983247618
0.9344164,1785795230.709838496,/loadcell_data_filtered.wrench.force.z,920.3157805901474
0.934685681,1785795230.710107777,/loadcell_data_filtered.wrench.force.z,920.3571741054026
0.9350162270000001,1785795230.710438323,/loadcell_data_filtered.wrench.force.z,920.5646565852951
0.935313338,1785795230.710735434,/loadcell_data_filtered.wrench.force.z,916.2943089428995
0.937738649,1785795230.713160745,/loadcell_data_filtered.wrench.force.z,913.3735706665435
0.93830979,1785795230.713731886,/loadcell_data_filtered.wrench.force.z,909.5425948825118
0.9386869390000001,1785795230.714109035,/loadcell_data_filtered.wrench.force.z,900.9277269243978
0.93908789,1785795230.714509986,/loadcell_data_filtered.wrench.force.z,896.9873981361421
0.93942965,1785795230.714851746,/loadcell_data_filtered.wrench.force.z,895.3733867804794
0.9398958340000001,1785795230.715317930,/loadcell_data_filtered.wrench.force.z,894.3880701892692
0.940356042,1785795230.715778138,/loadcell_data_filtered.wrench.force.z,894.7335555018631
0.9407886560000001,1785795230.716210752,/loadcell_data_filtered.wrench.force.z,895.4086438411085
0.9411816700000001,1785795230.716603766,/loadcell_data_filtered.wrench.force.z,896.1223511795545
0.941655207,1785795230.717077303,/loadcell_data_filtered.wrench.force.z,895.5864691104562
0.9419530570000001,1785795230.717375153,/loadcell_data_filtered.wrench.force.z,894.945355952755
0.9422639810000001,1785795230.717686077,/loadcell_data_filtered.wrench.force.z,893.2568422717666
0.942533991,1785795230.717956087,/loadcell_data_filtered.wrench.force.z,891.6377644388539
0.9427047350000001,1785795230.718126831,/loadcell_data_filtered.wrench.force.z,891.3917139147673
0.9428716030000001,1785795230.718293699,/loadcell_data_filtered.wrench.force.z,890.1425737915539
0.943063167,1785795230.718485263,/loadcell_data_filtered.wrench.force.z,889.0722381283673
0.9432537580000001,1785795230.718675854,/loadcell_data_filtered.wrench.force.z,894.0841607029502
0.9434192560000001,1785795230.718841352,/loadcell_data_filtered.wrench.force.z,897.1632863166678
0.943605122,1785795230.719027218,/loadcell_data_filtered.wrench.force.z,900.3091339075683
0.943775455,1785795230.719197551,/loadcell_data_filtered.wrench.force.z,903.0329010418068
0.9439491790000001,1785795230.719371275,/loadcell_data_filtered.wrench.force.z,905.0930688526224
0.94410457,1785795230.719526666,/loadcell_data_filtered.wrench.force.z,906.0183089298596
0.9442645270000001,1785795230.719686623,/loadcell_data_filtered.wrench.force.z,906.3475394046503
0.9447483630000001,1785795230.720170459,/loadcell_data_filtered.wrench.force.z,905.6207322457278
0.9451788240000001,1785795230.720600920,/loadcell_data_filtered.wrench.force.z,904.8050592434189
0.9457284850000001,1785795230.721150581,/loadcell_data_filtered.wrench.force.z,904.4218337760013
0.9460346140000001,1785795230.721456710,/loadcell_data_filtered.wrench.force.z,903.767462924382
0.9464606000000001,1785795230.721882696,/loadcell_data_filtered.wrench.force.z,903.3531223127382
0.947073005,1785795230.722495101,/loadcell_data_filtered.wrench.force.z,902.9404477082408
0.947626088,1785795230.723048184,/loadcell_data_filtered.wrench.force.z,902.2303035873373
0.9483404120000001,1785795230.723762508,/loadcell_data_filtered.wrench.force.z,901.5910709719851
0.9495774640000001,1785795230.724999560,/loadcell_data_filtered.wrench.force.z,900.7027813293892
0.9500099710000001,1785795230.725432067,/loadcell_data_filtered.wrench.force.z,900.1494329018193
0.9503801420000001,1785795230.725802238,/loadcell_data_filtered.wrench.force.z,893.9148994647882
0.950717546,1785795230.726139642,/loadcell_data_filtered.wrench.force.z,889.4052073152816
0.9510831160000001,1785795230.726505212,/loadcell_data_filtered.wrench.force.z,884.9768441295491
0.9513726360000001,1785795230.726794732,/loadcell_data_filtered.wrench.force.z,881.5596510759269
0.951707233,1785795230.727129329,/loadcell_data_filtered.wrench.force.z,877.942633103077
0.9521724170000001,1785795230.727594513,/loadcell_data_filtered.wrench.force.z,875.9328268036586
0.9527193610000001,1785795230.728141457,/loadcell_data_filtered.wrench.force.z,874.7302809790485
0.953247338,1785795230.728669434,/loadcell_data_filtered.wrench.force.z,874.315275923741
0.953662184,1785795230.729084280,/loadcell_data_filtered.wrench.force.z,874.4584437842199
0.9544560040000001,1785795230.729878100,/loadcell_data_filtered.wrench.force.z,874.0802093726038
0.9549544980000001,1785795230.730376594,/loadcell_data_filtered.wrench.force.z,873.6772258319346
0.9552529310000001,1785795230.730675027,/loadcell_data_filtered.wrench.force.z,873.0581529075253
0.9556784620000001,1785795230.731100558,/loadcell_data_filtered.wrench.force.z,872.317208124238
0.9571599380000001,1785795230.732582034,/loadcell_data_filtered.wrench.force.z,872.0947234722768
0.9574201600000001,1785795230.732842256,/loadcell_data_filtered.wrench.force.z,872.0176196278202
0.9576955340000001,1785795230.733117630,/loadcell_data_filtered.wrench.force.z,872.0127055283687
0.9579369480000001,1785795230.733359044,/loadcell_data_filtered.wrench.force.z,875.3640183168046
0.9611869220000001,1785795230.736609018,/loadcell_data_filtered.wrench.force.z,879.2762819639528
0.9616783080000001,1785795230.737100404,/loadcell_data_filtered.wrench.force.z,883.7236364569061
0.961900069,1785795230.737322165,/loadcell_data_filtered.wrench.force.z,888.425318947678
0.9621004590000001,1785795230.737522555,/loadcell_data_filtered.wrench.force.z,892.279731654446
0.9622850460000001,1785795230.737707142,/loadcell_data_filtered.wrench.force.z,895.472491964362
0.962477565,1785795230.737899661,/loadcell_data_filtered.wrench.force.z,897.664938051013
0.9626905490000001,1785795230.738112645,/loadcell_data_filtered.wrench.force.z,898.7542335552217
0.9629168690000001,1785795230.738338965,/loadcell_data_filtered.wrench.force.z,899.993359079534
0.963147347,1785795230.738569443,/loadcell_data_filtered.wrench.force.z,900.2910959057186
0.963443248,1785795230.738865344,/loadcell_data_filtered.wrench.force.z,899.9149310368482
0.963784548,1785795230.739206644,/loadcell_data_filtered.wrench.force.z,900.1899983041142
0.964022629,1785795230.739444725,/loadcell_data_filtered.wrench.force.z,901.0673753499291
0.9642053020000001,1785795230.739627398,/loadcell_data_filtered.wrench.force.z,901.752395674154
0.9644625470000001,1785795230.739884643,/loadcell_data_filtered.wrench.force.z,902.6338751552877
0.96705532,1785795230.742477416,/loadcell_data_filtered.wrench.force.z,903.1134267645804
0.967964021,1785795230.743386117,/loadcell_data_filtered.wrench.force.z,903.3245501595661
0.9682235880000001,1785795230.743645684,/loadcell_data_filtered.wrench.force.z,899.7496040375324
0.968423468,1785795230.743845564,/loadcell_data_filtered.wrench.force.z,898.0920109911459
0.9686512970000001,1785795230.744073393,/loadcell_data_filtered.wrench.force.z,895.4195853805454
0.9691714360000001,1785795230.744593532,/loadcell_data_filtered.wrench.force.z,893.3333727037239
0.969444897,1785795230.744866993,/loadcell_data_filtered.wrench.force.z,891.8724811276658
0.969722878,1785795230.745144974,/loadcell_data_filtered.wrench.force.z,890.2832760993311
0.969994927,1785795230.745417023,/loadcell_data_filtered.wrench.force.z,882.4095680893453
0.97027562,1785795230.745697716,/loadcell_data_filtered.wrench.force.z,882.7444088351336
0.9725096710000001,1785795230.747931767,/loadcell_data_filtered.wrench.force.z,883.0398525626755
0.972887135,1785795230.748309231,/loadcell_data_filtered.wrench.force.z,884.1050594778188
0.9731729920000001,1785795230.748595088,/loadcell_data_filtered.wrench.force.z,885.1510524445134
0.9734330390000001,1785795230.748855135,/loadcell_data_filtered.wrench.force.z,885.700251083498
0.9737383530000001,1785795230.749160449,/loadcell_data_filtered.wrench.force.z,886.8475745420321
0.97408892,1785795230.749511016,/loadcell_data_filtered.wrench.force.z,887.9458963219996
0.974323433,1785795230.749745529,/loadcell_data_filtered.wrench.force.z,888.2264742872466
0.9745711260000001,1785795230.749993222,/loadcell_data_filtered.wrench.force.z,888.1390362250637
0.974845371,1785795230.750267467,/loadcell_data_filtered.wrench.force.z,888.6318402550285
0.9751609000000001,1785795230.750582996,/loadcell_data_filtered.wrench.force.z,895.310174274047
0.9754286110000001,1785795230.750850707,/loadcell_data_filtered.wrench.force.z,899.8007657756805
0.9756543400000001,1785795230.751076436,/loadcell_data_filtered.wrench.force.z,904.1200139660976
0.9760890750000001,1785795230.751511171,/loadcell_data_filtered.wrench.force.z,908.0020209271073
0.978919537,1785795230.754341633,/loadcell_data_filtered.wrench.force.z,911.880655597971
0.9792892870000001,1785795230.754711383,/loadcell_data_filtered.wrench.force.z,913.7249691764604
0.979567214,1785795230.754989310,/loadcell_data_filtered.wrench.force.z,916.2056356416039
0.9798328810000001,1785795230.755254977,/loadcell_data_filtered.wrench.force.z,917.7349517114225
0.980050053,1785795230.755472149,/loadcell_data_filtered.wrench.force.z,919.426868972598
0.980277099,1785795230.755699195,/loadcell_data_filtered.wrench.force.z,920.938976843073
0.9805041900000001,1785795230.755926286,/loadcell_data_filtered.wrench.force.z,921.7559689809046
0.9824639930000001,1785795230.757886089,/loadcell_data_filtered.wrench.force.z,921.8669156397646
0.9827919230000001,1785795230.758214019,/loadcell_data_filtered.wrench.force.z,922.5160271549236
0.9830164440000001,1785795230.758438540,/loadcell_data_filtered.wrench.force.z,924.1838575771532
0.983266776,1785795230.758688872,/loadcell_data_filtered.wrench.force.z,926.0749402624762
0.9836189630000001,1785795230.759041059,/loadcell_data_filtered.wrench.force.z,927.7348061336821
0.9839709820000001,1785795230.759393078,/loadcell_data_filtered.wrench.force.z,928.238730002097
0.98624814,1785795230.761670236,/loadcell_data_filtered.wrench.force.z,923.6515314145623
0.986787457,1785795230.762209553,/loadcell_data_filtered.wrench.force.z,919.1250852172587
0.9870666440000001,1785795230.762488740,/loadcell_data_filtered.wrench.force.z,916.667708710804
0.987309109,1785795230.762731205,/loadcell_data_filtered.wrench.force.z,914.9722134250064
0.987550103,1785795230.762972199,/loadcell_data_filtered.wrench.force.z,913.0059886922475
0.9878019520000001,1785795230.763224048,/loadcell_data_filtered.wrench.force.z,912.2570461642201
0.9880556380000001,1785795230.763477734,/loadcell_data_filtered.wrench.force.z,912.5617410516269
0.9883173970000001,1785795230.763739493,/loadcell_data_filtered.wrench.force.z,913.1306571243961
0.988598814,1785795230.764020910,/loadcell_data_filtered.wrench.force.z,913.5413371376519
0.9897492920000001,1785795230.765171388,/loadcell_data_filtered.wrench.force.z,912.3594952308463
0.989976413,1785795230.765398509,/loadcell_data_filtered.wrench.force.z,912.0967739193425
0.9903106690000001,1785795230.765732765,/loadcell_data_filtered.wrench.force.z,912.0830335310545
0.990536158,1785795230.765958254,/loadcell_data_filtered.wrench.force.z,911.6699913024551
0.990717787,1785795230.766139883,/loadcell_data_filtered.wrench.force.z,911.3833070234468
0.990908793,1785795230.766330889,/loadcell_data_filtered.wrench.force.z,911.3244453069757
0.9910962990000001,1785795230.766518395,/loadcell_data_filtered.wrench.force.z,910.160926452573
0.9913505690000001,1785795230.766772665,/loadcell_data_filtered.wrench.force.z,912.3571264182664
0.991596695,1785795230.767018791,/loadcell_data_filtered.wrench.force.z,915.4847842719155
0.9922085860000001,1785795230.767630682,/loadcell_data_filtered.wrench.force.z,917.7826362115401
0.9925030890000001,1785795230.767925185,/loadcell_data_filtered.wrench.force.z,919.9307612846222
0.992981588,1785795230.768403684,/loadcell_data_filtered.wrench.force.z,921.2803670326985
0.993404915,1785795230.768827011,/loadcell_data_filtered.wrench.force.z,921.8067602271335
0.9942191130000001,1785795230.769641209,/loadcell_data_filtered.wrench.force.z,921.4251604887256
0.994629999,1785795230.770052095,/loadcell_data_filtered.wrench.force.z,920.1763761067006
0.9950688470000001,1785795230.770490943,/loadcell_data_filtered.wrench.force.z,919.1177794289978
0.9958254700000001,1785795230.771247566,/loadcell_data_filtered.wrench.force.z,917.0640032017584
0.9963368090000001,1785795230.771758905,/loadcell_data_filtered.wrench.force.z,915.4170442821405
0.9967259020000001,1785795230.772147998,/loadcell_data_filtered.wrench.force.z,914.1937922146564
0.9970575700000001,1785795230.772479666,/loadcell_data_filtered.wrench.force.z,912.5627234034438
0.9987383320000001,1785795230.774160428,/loadcell_data_filtered.wrench.force.z,911.3908584496248
1.000730141,1785795230.776152237,/loadcell_data_filtered.wrench.force.z,909.9554633920064
1.001132078,1785795230.776554174,/loadcell_data_filtered.wrench.force.z,909.2162924351985
1.00222778,1785795230.777649876,/loadcell_data_filtered.wrench.force.z,908.3420017864728
1.002534784,1785795230.777956880,/loadcell_data_filtered.wrench.force.z,901.6431719154895
1.002897672,1785795230.778319768,/loadcell_data_filtered.wrench.force.z,898.0314215815398
1.003246454,1785795230.778668550,/loadcell_data_filtered.wrench.force.z,893.72120314693
1.003684257,1785795230.779106353,/loadcell_data_filtered.wrench.force.z,890.2610423988318
1.004132003,1785795230.779554099,/loadcell_data_filtered.wrench.force.z,885.7497915856658
1.004501524,1785795230.779923620,/loadcell_data_filtered.wrench.force.z,876.489666261598
1.004884,1785795230.780306096,/loadcell_data_filtered.wrench.force.z,874.955808203276
1.005217162,1785795230.780639258,/loadcell_data_filtered.wrench.force.z,873.3636559181828
1.005566772,1785795230.780988868,/loadcell_data_filtered.wrench.force.z,873.2843267436217
1.005896973,1785795230.781319069,/loadcell_data_filtered.wrench.force.z,873.3383103963291
1.006209435,1785795230.781631531,/loadcell_data_filtered.wrench.force.z,872.9715060592758
1.00649952,1785795230.781921616,/loadcell_data_filtered.wrench.force.z,872.5407357009874
1.007645244,1785795230.783067340,/loadcell_data_filtered.wrench.force.z,872.1574561846085
1.00802309,1785795230.783445186,/loadcell_data_filtered.wrench.force.z,872.2493749792816
1.008317419,1785795230.783739515,/loadcell_data_filtered.wrench.force.z,872.2153176860716
1.008562663,1785795230.783984759,/loadcell_data_filtered.wrench.force.z,865.0793804981132
1.008749755,1785795230.784171851,/loadcell_data_filtered.wrench.force.z,865.320763607171
1.008920595,1785795230.784342691,/loadcell_data_filtered.wrench.force.z,871.035084945784
1.009079838,1785795230.784501934,/loadcell_data_filtered.wrench.force.z,875.3696248491211
1.009241775,1785795230.784663871,/loadcell_data_filtered.wrench.force.z,879.5487132460843
1.009401417,1785795230.784823513,/loadcell_data_filtered.wrench.force.z,882.7640198271802
1.009671042,1785795230.785093138,/loadcell_data_filtered.wrench.force.z,885.9592355268455
1.010388696,1785795230.785810792,/loadcell_data_filtered.wrench.force.z,887.6101640835104
1.010675903,1785795230.786097999,/loadcell_data_filtered.wrench.force.z,888.3711447434395
1.01206306,1785795230.787485156,/loadcell_data_filtered.wrench.force.z,888.6665617718756
1.012442196,1785795230.787864292,/loadcell_data_filtered.wrench.force.z,889.1701909299193
1.01269538,1785795230.788117476,/loadcell_data_filtered.wrench.force.z,889.6438936712982
1.01493971,1785795230.790361806,/loadcell_data_filtered.wrench.force.z,890.1921634331387
1.015247115,1785795230.790669211,/loadcell_data_filtered.wrench.force.z,890.279630434855
1.015482677,1785795230.790904773,/loadcell_data_filtered.wrench.force.z,890.8982097935288
1.015709989,1785795230.791132085,/loadcell_data_filtered.wrench.force.z,888.4339455771534
1.017083586,1785795230.792505682,/loadcell_data_filtered.wrench.force.z,885.7265654829839
1.017369792,1785795230.792791888,/loadcell_data_filtered.wrench.force.z,886.6443117173724
1.017566909,1785795230.792989005,/loadcell_data_filtered.wrench.force.z,885.7142420379928
1.017770988,1785795230.793193084,/loadcell_data_filtered.wrench.force.z,882.1103440418191
1.018016773,1785795230.793438869,/loadcell_data_filtered.wrench.force.z,879.1990451065894
1.018279666,1785795230.793701762,/loadcell_data_filtered.wrench.force.z,877.1405491369568
1.018567736,1785795230.793989832,/loadcell_data_filtered.wrench.force.z,875.0392655710797
1.018864895,1785795230.794286991,/loadcell_data_filtered.wrench.force.z,872.7550605604202
1.019176853,1785795230.794598949,/loadcell_data_filtered.wrench.force.z,872.4355690142352
1.02047459,1785795230.795896686,/loadcell_data_filtered.wrench.force.z,873.0430543344532
1.023233629,1785795230.798655725,/loadcell_data_filtered.wrench.force.z,874.123356317595
1.023466124,1785795230.798888220,/loadcell_data_filtered.wrench.force.z,876.2356126453956
1.023661195,1785795230.799083291,/loadcell_data_filtered.wrench.force.z,877.9453813621889
1.023935589,1785795230.799357685,/loadcell_data_filtered.wrench.force.z,879.3074874380993
1.02416899,1785795230.799591086,/loadcell_data_filtered.wrench.force.z,880.9899559263581
1.024399899,1785795230.799821995,/loadcell_data_filtered.wrench.force.z,882.6371148077378
1.024740631,1785795230.800162727,/loadcell_data_filtered.wrench.force.z,884.2701873398037
1.025048592,1785795230.800470688,/loadcell_data_filtered.wrench.force.z,886.1303327964665
1.025379137,1785795230.800801233,/loadcell_data_filtered.wrench.force.z,887.2222070895198
1.025699959,1785795230.801122055,/loadcell_data_filtered.wrench.force.z,892.0525659355874
1.025950286,1785795230.801372382,/loadcell_data_filtered.wrench.force.z,896.7149960511957
1.026184227,1785795230.801606323,/loadcell_data_filtered.wrench.force.z,902.3676700180217
1.026378736,1785795230.801800832,/loadcell_data_filtered.wrench.force.z,906.6235986973066
1.026643019,1785795230.802065115,/loadcell_data_filtered.wrench.force.z,910.5562470257032
1.026941071,1785795230.802363167,/loadcell_data_filtered.wrench.force.z,913.7630123981259
1.02727062,1785795230.802692716,/loadcell_data_filtered.wrench.force.z,915.6805870702085
1.027717197,1785795230.803139293,/loadcell_data_filtered.wrench.force.z,916.7742486546391
1.031839181,1785795230.807261277,/loadcell_data_filtered.wrench.force.z,917.545234704229
1.032363179,1785795230.807785275,/loadcell_data_filtered.wrench.force.z,918.3913083464267
1.032613327,1785795230.808035423,/loadcell_data_filtered.wrench.force.z,919.544892266384
1.032828582,1785795230.808250678,/loadcell_data_filtered.wrench.force.z,920.947159874088
1.033009257,1785795230.808431353,/loadcell_data_filtered.wrench.force.z,922.0781234486396
1.033173017,1785795230.808595113,/loadcell_data_filtered.wrench.force.z,923.084687746611
1.033336612,1785795230.808758708,/loadcell_data_filtered.wrench.force.z,923.5301323742293
1.033578827,1785795230.809000923,/loadcell_data_filtered.wrench.force.z,924.2323492520541
1.033808364,1785795230.809230460,/loadcell_data_filtered.wrench.force.z,924.1803173415412
1.034103021,1785795230.809525117,/loadcell_data_filtered.wrench.force.z,919.1235394220308
1.03437559,1785795230.809797686,/loadcell_data_filtered.wrench.force.z,914.4137551694496
1.034654834,1785795230.810076930,/loadcell_data_filtered.wrench.force.z,909.7574858294199
1.034945909,1785795230.810368005,/loadcell_data_filtered.wrench.force.z,899.3177311460486
1.035238613,1785795230.810660709,/loadcell_data_filtered.wrench.force.z,896.6987909755342
1.03551152,1785795230.810933616,/loadcell_data_filtered.wrench.force.z,894.4248193468019
1.037142593,1785795230.812564689,/loadcell_data_filtered.wrench.force.z,892.9872414828019
1.038127848,1785795230.813549944,/loadcell_data_filtered.wrench.force.z,892.8827373752749
1.038138208,1785795230.813560304,/loadcell_data_filtered.wrench.force.z,886.918184410022
1.038240288,1785795230.813662384,/loadcell_data_filtered.wrench.force.z,886.4843009316892
1.038501688,1785795230.813923784,/loadcell_data_filtered.wrench.force.z,886.1476147586532
1.03878234,1785795230.814204436,/loadcell_data_filtered.wrench.force.z,885.4060480492129
1.039075717,1785795230.814497813,/loadcell_data_filtered.wrench.force.z,884.7090748291172
1.039369919,1785795230.814792015,/loadcell_data_filtered.wrench.force.z,884.0313515351976
1.039898274,1785795230.815320370,/loadcell_data_filtered.wrench.force.z,883.5915009634454
1.040836481,1785795230.816258577,/loadcell_data_filtered.wrench.force.z,883.3315380370497
1.041947733,1785795230.817369829,/loadcell_data_filtered.wrench.force.z,883.3270014444415
1.042140239,1785795230.817562335,/loadcell_data_filtered.wrench.force.z,888.8330722394185
1.042286738,1785795230.817708834,/loadcell_data_filtered.wrench.force.z,887.5991472534041
1.042483915,1785795230.817906011,/loadcell_data_filtered.wrench.force.z,890.4231688847832
1.042651066,1785795230.818073162,/loadcell_data_filtered.wrench.force.z,893.1553505404052
1.043076547,1785795230.818498643,/loadcell_data_filtered.wrench.force.z,895.9359271121483
1.043512747,1785795230.818934843,/loadcell_data_filtered.wrench.force.z,897.1525011414985
1.044065247,1785795230.819487343,/loadcell_data_filtered.wrench.force.z,897.717266924782
1.044473026,1785795230.819895122,/loadcell_data_filtered.wrench.force.z,897.7934385739596
1.045607338,1785795230.821029434,/loadcell_data_filtered.wrench.force.z,897.8804099160549
1.04576575,1785795230.821187846,/loadcell_data_filtered.wrench.force.z,897.8380904342703
1.046450232,1785795230.821872328,/loadcell_data_filtered.wrench.force.z,898.1720903995606
1.04689911,1785795230.822321206,/loadcell_data_filtered.wrench.force.z,897.5159355309492
1.047231968,1785795230.822654064,/loadcell_data_filtered.wrench.force.z,897.3161555499331
1.047630453,1785795230.823052549,/loadcell_data_filtered.wrench.force.z,897.2994782726955
1.048152298,1785795230.823574394,/loadcell_data_filtered.wrench.force.z,897.1250450379995
1.048916115,1785795230.824338211,/loadcell_data_filtered.wrench.force.z,896.5891618317698
1.049155012,1785795230.824577108,/loadcell_data_filtered.wrench.force.z,893.8780075783588
1.049787626,1785795230.825209722,/loadcell_data_filtered.wrench.force.z,889.5664441773478
1.0506083,1785795230.826030396,/loadcell_data_filtered.wrench.force.z,884.7751099927443
1.050875199,1785795230.826297295,/loadcell_data_filtered.wrench.force.z,880.9996042341013
1.051114849,1785795230.826536945,/loadcell_data_filtered.wrench.force.z,878.2021631384885
1.051626352,1785795230.827048448,/loadcell_data_filtered.wrench.force.z,874.116103416003
1.052140281,1785795230.827562377,/loadcell_data_filtered.wrench.force.z,872.0443868942118
1.056325346,1785795230.831747442,/loadcell_data_filtered.wrench.force.z,870.8867555121899
1.056860923,1785795230.832283019,/loadcell_data_filtered.wrench.force.z,870.7382051623158
1.057371454,1785795230.832793550,/loadcell_data_filtered.wrench.force.z,870.6007089908486
1.057933941,1785795230.833356037,/loadcell_data_filtered.wrench.force.z,870.37388523388
1.058429353,1785795230.833851449,/loadcell_data_filtered.wrench.force.z,869.8894261712454
1.058889779,1785795230.834311875,/loadcell_data_filtered.wrench.force.z,869.1981565993676
1.059326239,1785795230.834748335,/loadcell_data_filtered.wrench.force.z,868.497292449743
1.060090988,1785795230.835513084,/loadcell_data_filtered.wrench.force.z,867.5147560182412
1.061613489,1785795230.837035585,/loadcell_data_filtered.wrench.force.z,866.6091552544575
1.061633601,1785795230.837055697,/loadcell_data_filtered.wrench.force.z,865.99201257788
1.062004957,1785795230.837427053,/loadcell_data_filtered.wrench.force.z,870.603518540384
1.0625414850000001,1785795230.837963581,/loadcell_data_filtered.wrench.force.z,873.4438777621849
1.063031152,1785795230.838453248,/loadcell_data_filtered.wrench.force.z,877.1999324369207
1.06352817,1785795230.838950266,/loadcell_data_filtered.wrench.force.z,880.278885952055
1.064112909,1785795230.839535005,/loadcell_data_filtered.wrench.force.z,882.7363876729546
1.064700452,1785795230.840122548,/loadcell_data_filtered.wrench.force.z,884.4262862217804
1.065187893,1785795230.840609989,/loadcell_data_filtered.wrench.force.z,885.7399724614226
1.06597737,1785795230.841399466,/loadcell_data_filtered.wrench.force.z,885.5647898803916
1.066587501,1785795230.842009597,/loadcell_data_filtered.wrench.force.z,885.2071449949183
1.067211894,1785795230.842633990,/loadcell_data_filtered.wrench.force.z,885.6669369713925
1.067758364,1785795230.843180460,/loadcell_data_filtered.wrench.force.z,886.1043635653509
1.068390873,1785795230.843812969,/loadcell_data_filtered.wrench.force.z,886.9170951761778
1.069110752,1785795230.844532848,/loadcell_data_filtered.wrench.force.z,887.8581589055929
1.069669611,1785795230.845091707,/loadcell_data_filtered.wrench.force.z,886.9198462577388
1.070187247,1785795230.845609343,/loadcell_data_filtered.wrench.force.z,886.2956115397321
1.070690314,1785795230.846112410,/loadcell_data_filtered.wrench.force.z,886.2299252060384
1.071152501,1785795230.846574597,/loadcell_data_filtered.wrench.force.z,882.6536707415152
1.071601778,1785795230.847023874,/loadcell_data_filtered.wrench.force.z,878.777635819073
1.072002309,1785795230.847424405,/loadcell_data_filtered.wrench.force.z,875.7457021617074
1.07249506,1785795230.847917156,/loadcell_data_filtered.wrench.force.z,865.6427585780274
1.072904624,1785795230.848326720,/loadcell_data_filtered.wrench.force.z,865.0478587709642
1.073299657,1785795230.848721753,/loadcell_data_filtered.wrench.force.z,863.5598037490018
1.073665073,1785795230.849087169,/loadcell_data_filtered.wrench.force.z,863.668603802916
1.073949023,1785795230.849371119,/loadcell_data_filtered.wrench.force.z,863.8205471826939
1.074221496,1785795230.849643592,/loadcell_data_filtered.wrench.force.z,858.3611626586517
1.074496611,1785795230.849918707,/loadcell_data_filtered.wrench.force.z,859.2798670636987
1.074797866,1785795230.850219962,/loadcell_data_filtered.wrench.force.z,859.0721299423072
1.075130032,1785795230.850552128,/loadcell_data_filtered.wrench.force.z,859.4308826395501
1.075489537,1785795230.850911633,/loadcell_data_filtered.wrench.force.z,859.5619086762755
1.075814109,1785795230.851236205,/loadcell_data_filtered.wrench.force.z,858.5138656533177
1.07614256,1785795230.851564656,/loadcell_data_filtered.wrench.force.z,854.0318350604259
1.076476958,1785795230.851899054,/loadcell_data_filtered.wrench.force.z,855.5712743470257
1.076789905,1785795230.852212001,/loadcell_data_filtered.wrench.force.z,861.0812030784255
1.07709792,1785795230.852520016,/loadcell_data_filtered.wrench.force.z,866.8547022442943
1.077402554,1785795230.852824650,/loadcell_data_filtered.wrench.force.z,871.2549082191549
1.077788836,1785795230.853210932,/loadcell_data_filtered.wrench.force.z,875.5135670932622
1.079814224,1785795230.855236320,/loadcell_data_filtered.wrench.force.z,879.6416331006241
1.079856307,1785795230.855278403,/loadcell_data_filtered.wrench.force.z,882.0285138356949
1.079874663,1785795230.855296759,/loadcell_data_filtered.wrench.force.z,883.7548340185634
1.079877885,1785795230.855299981,/loadcell_data_filtered.wrench.force.z,879.4554533813339
1.079880184,1785795230.855302280,/loadcell_data_filtered.wrench.force.z,879.643991243971
1.079882627,1785795230.855304723,/loadcell_data_filtered.wrench.force.z,880.0697148544948
1.080282511,1785795230.855704607,/loadcell_data_filtered.wrench.force.z,880.9884454396839
1.080491444,1785795230.855913540,/loadcell_data_filtered.wrench.force.z,882.0063093186046
1.08068523,1785795230.856107326,/loadcell_data_filtered.wrench.force.z,883.5806902929517
1.080938921,1785795230.856361017,/loadcell_data_filtered.wrench.force.z,884.7017460871796
1.0816666,1785795230.857088696,/loadcell_data_filtered.wrench.force.z,885.4678315385596
1.082420203,1785795230.857842299,/loadcell_data_filtered.wrench.force.z,886.3871920020907
1.083126945,1785795230.858549041,/loadcell_data_filtered.wrench.force.z,883.2625711465178
1.083134487,1785795230.858556583,/loadcell_data_filtered.wrench.force.z,880.2947429473455
1.083491528,1785795230.858913624,/loadcell_data_filtered.wrench.force.z,876.9143012403811
1.08393149,1785795230.859353586,/loadcell_data_filtered.wrench.force.z,874.2104429369781
1.08447231,1785795230.859894406,/loadcell_data_filtered.wrench.force.z,871.3027360505127
1.084904621,1785795230.860326717,/loadcell_data_filtered.wrench.force.z,869.0127487061494
1.0871511520000001,1785795230.862573248,/loadcell_data_filtered.wrench.force.z,867.7247811340962
1.08758804,1785795230.863010136,/loadcell_data_filtered.wrench.force.z,867.8729300124426
1.087718799,1785795230.863140895,/loadcell_data_filtered.wrench.force.z,868.2729320150809
1.0878326170000001,1785795230.863254713,/loadcell_data_filtered.wrench.force.z,868.9315653916593
1.087954026,1785795230.863376122,/loadcell_data_filtered.wrench.force.z,869.5997520583479
1.088071715,1785795230.863493811,/loadcell_data_filtered.wrench.force.z,869.3266702816867
1.088419832,1785795230.863841928,/loadcell_data_filtered.wrench.force.z,868.5642106139314
1.088861192,1785795230.864283288,/loadcell_data_filtered.wrench.force.z,868.5020799313355
1.089324651,1785795230.864746747,/loadcell_data_filtered.wrench.force.z,868.443584360355
1.092310921,1785795230.867733017,/loadcell_data_filtered.wrench.force.z,868.1007502798875
1.092736619,1785795230.868158715,/loadcell_data_filtered.wrench.force.z,867.7225865522696
1.092867207,1785795230.868289303,/loadcell_data_filtered.wrench.force.z,873.7148736765068
1.092996978,1785795230.868419074,/loadcell_data_filtered.wrench.force.z,877.4887648943952
1.093107732,1785795230.868529828,/loadcell_data_filtered.wrench.force.z,882.2459281618756
1.093237659,1785795230.868659755,/loadcell_data_filtered.wrench.force.z,886.2597597606687
1.095041428,1785795230.870463524,/loadcell_data_filtered.wrench.force.z,889.2113856909338
1.095207153,1785795230.870629249,/loadcell_data_filtered.wrench.force.z,890.325096741083
1.0953916320000001,1785795230.870813728,/loadcell_data_filtered.wrench.force.z,891.6703471019316
1.095527713,1785795230.870949809,/loadcell_data_filtered.wrench.force.z,887.7858880731874
1.095624879,1785795230.871046975,/loadcell_data_filtered.wrench.force.z,886.1985358925092
1.095751472,1785795230.871173568,/loadcell_data_filtered.wrench.force.z,886.1507467124882
1.095919721,1785795230.871341817,/loadcell_data_filtered.wrench.force.z,886.113851819763
1.096299781,1785795230.871721877,/loadcell_data_filtered.wrench.force.z,886.6782392386954
1.096837412,1785795230.872259508,/loadcell_data_filtered.wrench.force.z,886.8706246623871
1.101287957,1785795230.876710053,/loadcell_data_filtered.wrench.force.z,887.221164149026
1.101438256,1785795230.876860352,/loadcell_data_filtered.wrench.force.z,887.5243271741514
1.101596083,1785795230.877018179,/loadcell_data_filtered.wrench.force.z,888.2223951392506
1.101703076,1785795230.877125172,/loadcell_data_filtered.wrench.force.z,888.9301665609577
1.101828083,1785795230.877250179,/loadcell_data_filtered.wrench.force.z,884.0908143379817
1.10195324,1785795230.877375336,/loadcell_data_filtered.wrench.force.z,881.1676846569402
1.102058725,1785795230.877480821,/loadcell_data_filtered.wrench.force.z,877.6921782125883
1.102173544,1785795230.877595640,/loadcell_data_filtered.wrench.force.z,866.7633386686848
1.104993161,1785795230.880415257,/loadcell_data_filtered.wrench.force.z,864.166890627945
1.105120492,1785795230.880542588,/loadcell_data_filtered.wrench.force.z,860.6965599927635
1.105241932,1785795230.880664028,/loadcell_data_filtered.wrench.force.z,859.9399507002604
1.105356312,1785795230.880778408,/loadcell_data_filtered.wrench.force.z,860.1986474928794
1.105471283,1785795230.880893379,/loadcell_data_filtered.wrench.force.z,860.2736167215719
1.1055961970000001,1785795230.881018293,/loadcell_data_filtered.wrench.force.z,860.1505085081666
1.105706464,1785795230.881128560,/loadcell_data_filtered.wrench.force.z,857.7502211878295
1.10931014,1785795230.884732236,/loadcell_data_filtered.wrench.force.z,851.3935032040665
1.109317345,1785795230.884739441,/loadcell_data_filtered.wrench.force.z,850.7828379156957
1.109321198,1785795230.884743294,/loadcell_data_filtered.wrench.force.z,848.7852821909237
1.109324726,1785795230.884746822,/loadcell_data_filtered.wrench.force.z,848.2084876816677
1.109386531,1785795230.884808627,/loadcell_data_filtered.wrench.force.z,847.7877062586241
1.10988738,1785795230.885309476,/loadcell_data_filtered.wrench.force.z,848.4646142185559
1.110337681,1785795230.885759777,/loadcell_data_filtered.wrench.force.z,853.4206092079357
1.11100606,1785795230.886428156,/loadcell_data_filtered.wrench.force.z,855.4578950321927
1.112642803,1785795230.888064899,/loadcell_data_filtered.wrench.force.z,858.7652295825459
1.113025436,1785795230.888447532,/loadcell_data_filtered.wrench.force.z,860.6956970922339
1.113323727,1785795230.888745823,/loadcell_data_filtered.wrench.force.z,863.0363276470027
1.113651629,1785795230.889073725,/loadcell_data_filtered.wrench.force.z,863.7327753898682
1.113977645,1785795230.889399741,/loadcell_data_filtered.wrench.force.z,864.1043778668445
1.114286031,1785795230.889708127,/loadcell_data_filtered.wrench.force.z,864.3888367326987
1.114595822,1785795230.890017918,/loadcell_data_filtered.wrench.force.z,859.9762241690692
1.115205719,1785795230.890627815,/loadcell_data_filtered.wrench.force.z,856.6539995609246
1.115534322,1785795230.890956418,/loadcell_data_filtered.wrench.force.z,856.0527178844447
1.116021652,1785795230.891443748,/loadcell_data_filtered.wrench.force.z,854.9354196288625
1.116444813,1785795230.891866909,/loadcell_data_filtered.wrench.force.z,854.9743217936825
1.116858266,1785795230.892280362,/loadcell_data_filtered.wrench.force.z,854.642441335241
1.117236599,1785795230.892658695,/loadcell_data_filtered.wrench.force.z,854.2612270448898
1.117489557,1785795230.892911653,/loadcell_data_filtered.wrench.force.z,854.4128581047347
1.117760678,1785795230.893182774,/loadcell_data_filtered.wrench.force.z,849.7461444166934
1.117986301,1785795230.893408397,/loadcell_data_filtered.wrench.force.z,846.706632162516
1.11821778,1785795230.893639876,/loadcell_data_filtered.wrench.force.z,842.6650567514773
1.118938028,1785795230.894360124,/loadcell_data_filtered.wrench.force.z,840.3795439971276
1.119256611,1785795230.894678707,/loadcell_data_filtered.wrench.force.z,837.7984570571147
1.119480232,1785795230.894902328,/loadcell_data_filtered.wrench.force.z,836.2522331280037
1.120961578,1785795230.896383674,/loadcell_data_filtered.wrench.force.z,836.184099346956
1.121300043,1785795230.896722139,/loadcell_data_filtered.wrench.force.z,836.7868436800698
1.121541662,1785795230.896963758,/loadcell_data_filtered.wrench.force.z,836.6077317261526
1.121780293,1785795230.897202389,/loadcell_data_filtered.wrench.force.z,835.8472500478782
1.122052894,1785795230.897474990,/loadcell_data_filtered.wrench.force.z,831.389057565118
1.122470544,1785795230.897892640,/loadcell_data_filtered.wrench.force.z,832.2873589915646
1.122764635,1785795230.898186731,/loadcell_data_filtered.wrench.force.z,831.7572767124888
1.122996073,1785795230.898418169,/loadcell_data_filtered.wrench.force.z,832.2180642266864
1.123231314,1785795230.898653410,/loadcell_data_filtered.wrench.force.z,833.2159634799663
1.123755035,1785795230.899177131,/loadcell_data_filtered.wrench.force.z,833.6841060377873
1.1251720490000001,1785795230.900594145,/loadcell_data_filtered.wrench.force.z,833.8127056637661
1.125527326,1785795230.900949422,/loadcell_data_filtered.wrench.force.z,840.1503608145523
1.125774597,1785795230.901196693,/loadcell_data_filtered.wrench.force.z,844.9078407950036
1.125965114,1785795230.901387210,/loadcell_data_filtered.wrench.force.z,849.8656773118977
1.126142082,1785795230.901564178,/loadcell_data_filtered.wrench.force.z,852.6900572274565
1.126358278,1785795230.901780374,/loadcell_data_filtered.wrench.force.z,855.9590416496054
1.126817678,1785795230.902239774,/loadcell_data_filtered.wrench.force.z,858.4780424781543
1.127203861,1785795230.902625957,/loadcell_data_filtered.wrench.force.z,860.3996021068648
1.128195201,1785795230.903617297,/loadcell_data_filtered.wrench.force.z,861.3437489583418
1.128589081,1785795230.904011177,/loadcell_data_filtered.wrench.force.z,861.9955291607957
1.132601566,1785795230.908023662,/loadcell_data_filtered.wrench.force.z,862.9618947047594
1.133429682,1785795230.908851778,/loadcell_data_filtered.wrench.force.z,863.9554495543132
1.133824716,1785795230.909246812,/loadcell_data_filtered.wrench.force.z,865.4036571223044
1.134169986,1785795230.909592082,/loadcell_data_filtered.wrench.force.z,867.0645927438247
1.134539807,1785795230.909961903,/loadcell_data_filtered.wrench.force.z,868.7190348515753
1.134784687,1785795230.910206783,/loadcell_data_filtered.wrench.force.z,870.13326719064
1.135081063,1785795230.910503159,/loadcell_data_filtered.wrench.force.z,871.541344062012
1.1354027740000001,1785795230.910824870,/loadcell_data_filtered.wrench.force.z,872.7277093908119
1.135842197,1785795230.911264293,/loadcell_data_filtered.wrench.force.z,868.375642688239
1.136319971,1785795230.911742067,/loadcell_data_filtered.wrench.force.z,865.2815759457127
1.136711269,1785795230.912133365,/loadcell_data_filtered.wrench.force.z,861.420936534771
1.137030713,1785795230.912452809,/loadcell_data_filtered.wrench.force.z,859.3310943600472
1.137363648,1785795230.912785744,/loadcell_data_filtered.wrench.force.z,857.3819748948733
1.1376715370000001,1785795230.913093633,/loadcell_data_filtered.wrench.force.z,856.5250473056116
1.137901819,1785795230.913323915,/loadcell_data_filtered.wrench.force.z,856.6931222259625
1.138130019,1785795230.913552115,/loadcell_data_filtered.wrench.force.z,857.2417127461554
1.138337075,1785795230.913759171,/loadcell_data_filtered.wrench.force.z,858.4539521124735
1.138542144,1785795230.913964240,/loadcell_data_filtered.wrench.force.z,859.3265039331939
1.138787641,1785795230.914209737,/loadcell_data_filtered.wrench.force.z,860.0430326746231
1.139031927,1785795230.914454023,/loadcell_data_filtered.wrench.force.z,860.5893862370963
1.139317606,1785795230.914739702,/loadcell_data_filtered.wrench.force.z,860.7971543814695
1.139720437,1785795230.915142533,/loadcell_data_filtered.wrench.force.z,861.5577303276726
1.140375737,1785795230.915797833,/loadcell_data_filtered.wrench.force.z,861.799377084502
1.140708882,1785795230.916130978,/loadcell_data_filtered.wrench.force.z,862.0409803274598
1.142274965,1785795230.917697061,/loadcell_data_filtered.wrench.force.z,864.3581974550427
1.142644173,1785795230.918066269,/loadcell_data_filtered.wrench.force.z,869.1349671739437
1.14291179,1785795230.918333886,/loadcell_data_filtered.wrench.force.z,873.6514084946765
1.143170125,1785795230.918592221,/loadcell_data_filtered.wrench.force.z,876.9851909209938
1.144302074,1785795230.919724170,/loadcell_data_filtered.wrench.force.z,879.9969145391455
1.14465504,1785795230.920077136,/loadcell_data_filtered.wrench.force.z,882.4321195186792
1.144897537,1785795230.920319633,/loadcell_data_filtered.wrench.force.z,883.2827108462382
1.145279804,1785795230.920701900,/loadcell_data_filtered.wrench.force.z,876.2964188900332
1.145663273,1785795230.921085369,/loadcell_data_filtered.wrench.force.z,877.0037552701937
1.146070204,1785795230.921492300,/loadcell_data_filtered.wrench.force.z,875.9968209839216
1.146885325,1785795230.922307421,/loadcell_data_filtered.wrench.force.z,875.9685190863285
1.147128149,1785795230.922550245,/loadcell_data_filtered.wrench.force.z,875.6169391861218
1.147342449,1785795230.922764545,/loadcell_data_filtered.wrench.force.z,868.0095683749091
1.1475498960000001,1785795230.922971992,/loadcell_data_filtered.wrench.force.z,868.1535612363023
1.147818708,1785795230.923240804,/loadcell_data_filtered.wrench.force.z,867.4571355866109
1.148690941,1785795230.924113037,/loadcell_data_filtered.wrench.force.z,866.8446251566794
1.14903382,1785795230.924455916,/loadcell_data_filtered.wrench.force.z,865.8885407714884
1.149287447,1785795230.924709543,/loadcell_data_filtered.wrench.force.z,860.3530044450902
1.149728608,1785795230.925150704,/loadcell_data_filtered.wrench.force.z,856.3319571327792
1.150095993,1785795230.925518089,/loadcell_data_filtered.wrench.force.z,851.7689445875309
1.150538046,1785795230.925960142,/loadcell_data_filtered.wrench.force.z,848.2017667437863
1.152161326,1785795230.927583422,/loadcell_data_filtered.wrench.force.z,844.612291786905
1.152521173,1785795230.927943269,/loadcell_data_filtered.wrench.force.z,842.3433429114742
1.152640971,1785795230.928063067,/loadcell_data_filtered.wrench.force.z,841.2023526323088
1.152750336,1785795230.928172432,/loadcell_data_filtered.wrench.force.z,841.3846796262746
1.153080651,1785795230.928502747,/loadcell_data_filtered.wrench.force.z,841.1315483013238
1.153573535,1785795230.928995631,/loadcell_data_filtered.wrench.force.z,840.3264564939719
1.1540643,1785795230.929486396,/loadcell_data_filtered.wrench.force.z,839.8678724490353
1.154501685,1785795230.929923781,/loadcell_data_filtered.wrench.force.z,839.0195338844462
1.155713214,1785795230.931135310,/loadcell_data_filtered.wrench.force.z,838.2262399898459
1.157596444,1785795230.933018540,/loadcell_data_filtered.wrench.force.z,837.3481065875953
1.15795223,1785795230.933374326,/loadcell_data_filtered.wrench.force.z,836.9027736782972
1.158174851,1785795230.933596947,/loadcell_data_filtered.wrench.force.z,830.0265737817055
1.158387902,1785795230.933809998,/loadcell_data_filtered.wrench.force.z,828.9153267288497
1.15873491,1785795230.934157006,/loadcell_data_filtered.wrench.force.z,834.6076294560534
1.159178853,1785795230.934600949,/loadcell_data_filtered.wrench.force.z,838.1924810138179
1.159451708,1785795230.934873804,/loadcell_data_filtered.wrench.force.z,842.1392987221209
1.159663885,1785795230.935085981,/loadcell_data_filtered.wrench.force.z,844.7936782505499
1.16003438,1785795230.935456476,/loadcell_data_filtered.wrench.force.z,847.2171189654355
1.162272594,1785795230.937694690,/loadcell_data_filtered.wrench.force.z,849.4108354607766
1.162530402,1785795230.937952498,/loadcell_data_filtered.wrench.force.z,850.2861565192603
1.162791933,1785795230.938214029,/loadcell_data_filtered.wrench.force.z,850.0162026597686
1.163048348,1785795230.938470444,/loadcell_data_filtered.wrench.force.z,845.2387501281007
1.163329732,1785795230.938751828,/loadcell_data_filtered.wrench.force.z,844.2772514480953
1.166144007,1785795230.941566103,/loadcell_data_filtered.wrench.force.z,843.7269607696527
1.166432163,1785795230.941854259,/loadcell_data_filtered.wrench.force.z,844.0041052164199
1.166632456,1785795230.942054552,/loadcell_data_filtered.wrench.force.z,844.9835004127544
1.166821457,1785795230.942243553,/loadcell_data_filtered.wrench.force.z,845.9538429258849
1.166989168,1785795230.942411264,/loadcell_data_filtered.wrench.force.z,846.7111192952916
1.167151476,1785795230.942573572,/loadcell_data_filtered.wrench.force.z,847.5169919006044
1.167317392,1785795230.942739488,/loadcell_data_filtered.wrench.force.z,848.0954975240402
1.167500153,1785795230.942922249,/loadcell_data_filtered.wrench.force.z,843.4416357496785
1.1676922410000001,1785795230.943114337,/loadcell_data_filtered.wrench.force.z,839.60681386467
1.1678620880000001,1785795230.943284184,/loadcell_data_filtered.wrench.force.z,834.8817837179373
1.168107038,1785795230.943529134,/loadcell_data_filtered.wrench.force.z,832.6133033175065
1.168340999,1785795230.943763095,/loadcell_data_filtered.wrench.force.z,830.1618014152097
1.1688301,1785795230.944252196,/loadcell_data_filtered.wrench.force.z,829.2871363581389
1.169276947,1785795230.944699043,/loadcell_data_filtered.wrench.force.z,829.3179077880724
1.169763711,1785795230.945185807,/loadcell_data_filtered.wrench.force.z,829.9513695886118
1.170249829,1785795230.945671925,/loadcell_data_filtered.wrench.force.z,831.071763265179
1.170668098,1785795230.946090194,/loadcell_data_filtered.wrench.force.z,831.354432357705
1.171185014,1785795230.946607110,/loadcell_data_filtered.wrench.force.z,831.7768984697897
1.171624798,1785795230.947046894,/loadcell_data_filtered.wrench.force.z,832.0514829481348
1.172321522,1785795230.947743618,/loadcell_data_filtered.wrench.force.z,832.2318801538298
1.172626448,1785795230.948048544,/loadcell_data_filtered.wrench.force.z,832.4666757162769
1.173108878,1785795230.948530974,/loadcell_data_filtered.wrench.force.z,832.9192160980908
1.1736047410000001,1785795230.949026837,/loadcell_data_filtered.wrench.force.z,833.2351212421934
1.174213301,1785795230.949635397,/loadcell_data_filtered.wrench.force.z,837.0091937320268
1.1769630150000001,1785795230.952385111,/loadcell_data_filtered.wrench.force.z,841.2387406757401
1.177279461,1785795230.952701557,/loadcell_data_filtered.wrench.force.z,846.0350450106804
1.177523174,1785795230.952945270,/loadcell_data_filtered.wrench.force.z,850.1409506496907
1.177775223,1785795230.953197319,/loadcell_data_filtered.wrench.force.z,853.5257042119011
1.17801123,1785795230.953433326,/loadcell_data_filtered.wrench.force.z,856.3303339970156
1.178215993,1785795230.953638089,/loadcell_data_filtered.wrench.force.z,857.9423881570026
1.178420987,1785795230.953843083,/loadcell_data_filtered.wrench.force.z,858.8093734305645
1.1786436,1785795230.954065696,/loadcell_data_filtered.wrench.force.z,859.0505279916734
1.178842413,1785795230.954264509,/loadcell_data_filtered.wrench.force.z,859.7825407103832
1.180851637,1785795230.956273733,/loadcell_data_filtered.wrench.force.z,860.0508235955505
1.181275029,1785795230.956697125,/loadcell_data_filtered.wrench.force.z,860.5085965046318
1.1813993680000001,1785795230.956821464,/loadcell_data_filtered.wrench.force.z,861.668728070794
1.181525135,1785795230.956947231,/loadcell_data_filtered.wrench.force.z,862.7047037763108
1.181714733,1785795230.957136829,/loadcell_data_filtered.wrench.force.z,863.355011435062
1.181863888,1785795230.957285984,/loadcell_data_filtered.wrench.force.z,864.0149683032022
1.183474684,1785795230.958896780,/loadcell_data_filtered.wrench.force.z,863.1206751219135
1.184434683,1785795230.959856779,/loadcell_data_filtered.wrench.force.z,858.2936183123526
1.1846397610000001,1785795230.960061857,/loadcell_data_filtered.wrench.force.z,855.5125303473054
1.184802554,1785795230.960224650,/loadcell_data_filtered.wrench.force.z,852.2812827546412
1.184956227,1785795230.960378323,/loadcell_data_filtered.wrench.force.z,849.5179120361194
1.185102475,1785795230.960524571,/loadcell_data_filtered.wrench.force.z,847.6530551891329
1.185795015,1785795230.961217111,/loadcell_data_filtered.wrench.force.z,845.6509038111756
1.19246802,1785795230.967890116,/loadcell_data_filtered.wrench.force.z,846.6353380133754
1.192682972,1785795230.968105068,/loadcell_data_filtered.wrench.force.z,847.6308497085233
1.192834769,1785795230.968256865,/loadcell_data_filtered.wrench.force.z,848.8505303930793
1.192974824,1785795230.968396920,/loadcell_data_filtered.wrench.force.z,849.5291046098314
1.193102364,1785795230.968524460,/loadcell_data_filtered.wrench.force.z,850.2724880151097
1.19322898,1785795230.968651076,/loadcell_data_filtered.wrench.force.z,851.3121990060346
1.193351,1785795230.968773096,/loadcell_data_filtered.wrench.force.z,852.9029496965073
1.193479659,1785795230.968901755,/loadcell_data_filtered.wrench.force.z,859.4139331013065
1.193608584,1785795230.969030680,/loadcell_data_filtered.wrench.force.z,858.2156259796649
1.193729747,1785795230.969151843,/loadcell_data_filtered.wrench.force.z,861.9637541666316
1.193846717,1785795230.969268813,/loadcell_data_filtered.wrench.force.z,864.5235829062644
1.193962154,1785795230.969384250,/loadcell_data_filtered.wrench.force.z,867.6745063058216
1.1940798479999999,1785795230.969501944,/loadcell_data_filtered.wrench.force.z,869.739780737931
1.194194614,1785795230.969616710,/loadcell_data_filtered.wrench.force.z,871.2704340623693
1.195877139,1785795230.971299235,/loadcell_data_filtered.wrench.force.z,871.5623235396537
1.196129788,1785795230.971551884,/loadcell_data_filtered.wrench.force.z,872.6496644558657
1.196466064,1785795230.971888160,/loadcell_data_filtered.wrench.force.z,873.880169192563
1.19671934,1785795230.972141436,/loadcell_data_filtered.wrench.force.z,874.5052390170291
1.196941987,1785795230.972364083,/loadcell_data_filtered.wrench.force.z,875.543199290252
1.198263578,1785795230.973685674,/loadcell_data_filtered.wrench.force.z,875.9942737367336
1.198666204,1785795230.974088300,/loadcell_data_filtered.wrench.force.z,876.8076391087033
1.198807889,1785795230.974229985,/loadcell_data_filtered.wrench.force.z,870.2190716218607
1.198946198,1785795230.974368294,/loadcell_data_filtered.wrench.force.z,870.6580166526246
1.202015555,1785795230.977437651,/loadcell_data_filtered.wrench.force.z,869.7628938736165
1.202375681,1785795230.977797777,/loadcell_data_filtered.wrench.force.z,864.5686988655025
1.202668778,1785795230.978090874,/loadcell_data_filtered.wrench.force.z,860.013000793856
1.202919982,1785795230.978342078,/loadcell_data_filtered.wrench.force.z,848.8448276236725
1.203163965,1785795230.978586061,/loadcell_data_filtered.wrench.force.z,846.4283971573483
1.203928751,1785795230.979350847,/loadcell_data_filtered.wrench.force.z,842.5607903993322
1.204397644,1785795230.979819740,/loadcell_data_filtered.wrench.force.z,841.3260031874526
1.204681915,1785795230.980104011,/loadcell_data_filtered.wrench.force.z,840.4166202964103
1.204877338,1785795230.980299434,/loadcell_data_filtered.wrench.force.z,840.1481842316605
1.20506625,1785795230.980488346,/loadcell_data_filtered.wrench.force.z,841.0606841242852
1.205245956,1785795230.980668052,/loadcell_data_filtered.wrench.force.z,841.0124301113268
1.205520377,1785795230.980942473,/loadcell_data_filtered.wrench.force.z,839.8608405371876
1.205760845,1785795230.981182941,/loadcell_data_filtered.wrench.force.z,840.088300415914
1.206334814,1785795230.981756910,/loadcell_data_filtered.wrench.force.z,839.4649638409795
1.20667023,1785795230.982092326,/loadcell_data_filtered.wrench.force.z,838.0300698810534
1.207033966,1785795230.982456062,/loadcell_data_filtered.wrench.force.z,837.3710366433112
1.207357395,1785795230.982779491,/loadcell_data_filtered.wrench.force.z,837.040080319814
1.207810822,1785795230.983232918,/loadcell_data_filtered.wrench.force.z,840.9884798582538
1.208493447,1785795230.983915543,/loadcell_data_filtered.wrench.force.z,844.0948887656853
1.2116999,1785795230.987121996,/loadcell_data_filtered.wrench.force.z,848.189324966926
1.212369693,1785795230.987791789,/loadcell_data_filtered.wrench.force.z,851.0461899264552
1.212767565,1785795230.988189661,/loadcell_data_filtered.wrench.force.z,854.0249904869928
1.213098052,1785795230.988520148,/loadcell_data_filtered.wrench.force.z,856.979774775406
1.213486785,1785795230.988908881,/loadcell_data_filtered.wrench.force.z,858.866037528923
1.213968683,1785795230.989390779,/loadcell_data_filtered.wrench.force.z,859.9870504530811
1.214500363,1785795230.989922459,/loadcell_data_filtered.wrench.force.z,860.4311263205689
1.21512778,1785795230.990549876,/loadcell_data_filtered.wrench.force.z,861.3823095897128
1.215665443,1785795230.991087539,/loadcell_data_filtered.wrench.force.z,861.4575347912352
1.216218354,1785795230.991640450,/loadcell_data_filtered.wrench.force.z,860.0345954078381
1.216559108,1785795230.991981204,/loadcell_data_filtered.wrench.force.z,859.9095683983676
1.216857887,1785795230.992279983,/loadcell_data_filtered.wrench.force.z,860.0311563933577
1.217124169,1785795230.992546265,/loadcell_data_filtered.wrench.force.z,859.9203902548938
1.217369294,1785795230.992791390,/loadcell_data_filtered.wrench.force.z,859.7265386328322
1.217655808,1785795230.993077904,/loadcell_data_filtered.wrench.force.z,860.2727813325955
1.217980874,1785795230.993402970,/loadcell_data_filtered.wrench.force.z,853.8565260395274
1.218340964,1785795230.993763060,/loadcell_data_filtered.wrench.force.z,850.3027764579724
1.218669454,1785795230.994091550,/loadcell_data_filtered.wrench.force.z,846.2008403417465
1.21896083,1785795230.994382926,/loadcell_data_filtered.wrench.force.z,842.7015068518236
1.219341329,1785795230.994763425,/loadcell_data_filtered.wrench.force.z,833.4123174887461
1.219761334,1785795230.995183430,/loadcell_data_filtered.wrench.force.z,830.773849590251
1.220159909,1785795230.995582005,/loadcell_data_filtered.wrench.force.z,828.2923872227824
1.223461833,1785795230.998883929,/loadcell_data_filtered.wrench.force.z,827.7340460693101
1.223778323,1785795230.999200419,/loadcell_data_filtered.wrench.force.z,827.9542274860178
1.223849865,1785795230.999271961,/loadcell_data_filtered.wrench.force.z,828.2565913518054
1.223991238,1785795230.999413334,/loadcell_data_filtered.wrench.force.z,828.5855536675484
1.224117902,1785795230.999539998,/loadcell_data_filtered.wrench.force.z,828.8822112021837
1.224240721,1785795230.999662817,/loadcell_data_filtered.wrench.force.z,829.4384748007558
1.224361736,1785795230.999783832,/loadcell_data_filtered.wrench.force.z,829.7839467220748
1.224480714,1785795230.999902810,/loadcell_data_filtered.wrench.force.z,830.0164482007023
1.2247231840000001,1785795231.000145280,/loadcell_data_filtered.wrench.force.z,830.3977837050185
1.225757601,1785795231.001179697,/loadcell_data_filtered.wrench.force.z,830.4034964693749
1.226466343,1785795231.001888439,/loadcell_data_filtered.wrench.force.z,835.4354205689268
1.226591691,1785795231.002013787,/loadcell_data_filtered.wrench.force.z,840.6999874182334
1.22821071,1785795231.003632806,/loadcell_data_filtered.wrench.force.z,845.0093234577907
1.228335978,1785795231.003758074,/loadcell_data_filtered.wrench.force.z,848.8069755339684
1.228456165,1785795231.003878261,/loadcell_data_filtered.wrench.force.z,852.4274591791304
1.228597189,1785795231.004019285,/loadcell_data_filtered.wrench.force.z,854.2484076076184
1.228734694,1785795231.004156790,/loadcell_data_filtered.wrench.force.z,854.5454350170756
1.228842138,1785795231.004264234,/loadcell_data_filtered.wrench.force.z,849.4359634539161
1.228953963,1785795231.004376059,/loadcell_data_filtered.wrench.force.z,849.3539137705295
1.229074917,1785795231.004497013,/loadcell_data_filtered.wrench.force.z,849.6597833393702
1.2293436500000001,1785795231.004765746,/loadcell_data_filtered.wrench.force.z,849.6871520794867
1.229880961,1785795231.005303057,/loadcell_data_filtered.wrench.force.z,850.6333371394825
1.230465241,1785795231.005887337,/loadcell_data_filtered.wrench.force.z,851.2015690241362
1.230889295,1785795231.006311391,/loadcell_data_filtered.wrench.force.z,851.862575868022
1.231181699,1785795231.006603795,/loadcell_data_filtered.wrench.force.z,852.1567221587765
1.231943046,1785795231.007365142,/loadcell_data_filtered.wrench.force.z,852.9430158029775
1.232497553,1785795231.007919649,/loadcell_data_filtered.wrench.force.z,851.643043447651
1.232979141,1785795231.008401237,/loadcell_data_filtered.wrench.force.z,847.1968572401378
1.23330191,1785795231.008724006,/loadcell_data_filtered.wrench.force.z,843.2734470747163
1.234293839,1785795231.009715935,/loadcell_data_filtered.wrench.force.z,840.2397480203482
1.23450518,1785795231.009927276,/loadcell_data_filtered.wrench.force.z,837.8675307317944
1.234843771,1785795231.010265867,/loadcell_data_filtered.wrench.force.z,835.886309282602
1.236728432,1785795231.012150528,/loadcell_data_filtered.wrench.force.z,833.65557122168
1.236859155,1785795231.012281251,/loadcell_data_filtered.wrench.force.z,833.5716542618005
1.236991726,1785795231.012413822,/loadcell_data_filtered.wrench.force.z,832.6160101417638
1.2371330710000001,1785795231.012555167,/loadcell_data_filtered.wrench.force.z,827.3357589448788
1.237257918,1785795231.012680014,/loadcell_data_filtered.wrench.force.z,827.638549041624
1.23798302,1785795231.013405116,/loadcell_data_filtered.wrench.force.z,826.7777427534073
1.238330228,1785795231.013752324,/loadcell_data_filtered.wrench.force.z,826.7539557919382
1.238907504,1785795231.014329600,/loadcell_data_filtered.wrench.force.z,826.8060120021644
1.239336974,1785795231.014759070,/loadcell_data_filtered.wrench.force.z,826.6735005159494
1.240383926,1785795231.015806022,/loadcell_data_filtered.wrench.force.z,826.4478765896113
1.24101297,1785795231.016435066,/loadcell_data_filtered.wrench.force.z,826.3885977317143
1.242078649,1785795231.017500745,/loadcell_data_filtered.wrench.force.z,831.2404431967891
1.242451935,1785795231.017874031,/loadcell_data_filtered.wrench.force.z,834.9949607705311
1.24269503,1785795231.018117126,/loadcell_data_filtered.wrench.force.z,839.2303876712249
1.242898142,1785795231.018320238,/loadcell_data_filtered.wrench.force.z,843.3749963748353
1.244415448,1785795231.019837544,/loadcell_data_filtered.wrench.force.z,846.6985546174591
1.244456045,1785795231.019878141,/loadcell_data_filtered.wrench.force.z,849.0611304012107
1.244639144,1785795231.020061240,/loadcell_data_filtered.wrench.force.z,850.7219517040767
1.244743655,1785795231.020165751,/loadcell_data_filtered.wrench.force.z,844.0938558158194
1.244876423,1785795231.020298519,/loadcell_data_filtered.wrench.force.z,844.9789778305731
1.247020615,1785795231.022442711,/loadcell_data_filtered.wrench.force.z,845.2299367413877
1.24721125,1785795231.022633346,/loadcell_data_filtered.wrench.force.z,845.8062577591727
1.247915199,1785795231.023337295,/loadcell_data_filtered.wrench.force.z,846.4098819773789
1.247934295,1785795231.023356391,/loadcell_data_filtered.wrench.force.z,840.1138441236051
1.2479379800000001,1785795231.023360076,/loadcell_data_filtered.wrench.force.z,841.2405866057899
1.2500939450000002,1785795231.025516041,/loadcell_data_filtered.wrench.force.z,841.3580064308641
1.250232438,1785795231.025654534,/loadcell_data_filtered.wrench.force.z,842.2737627037684
1.25038624,1785795231.025808336,/loadcell_data_filtered.wrench.force.z,842.5198045679623
1.250521251,1785795231.025943347,/loadcell_data_filtered.wrench.force.z,833.6592554669708
1.250631307,1785795231.026053403,/loadcell_data_filtered.wrench.force.z,828.2623088238935
1.250754341,1785795231.026176437,/loadcell_data_filtered.wrench.force.z,824.4822638623517
1.250864963,1785795231.026287059,/loadcell_data_filtered.wrench.force.z,822.2461721633398
1.25116691,1785795231.026589006,/loadcell_data_filtered.wrench.force.z,820.0512031617766
1.252055922,1785795231.027478018,/loadcell_data_filtered.wrench.force.z,818.9185653685164
1.254063796,1785795231.029485892,/loadcell_data_filtered.wrench.force.z,818.1276071284926
1.2546367059999999,1785795231.030058802,/loadcell_data_filtered.wrench.force.z,818.6782577083133
1.25477408,1785795231.030196176,/loadcell_data_filtered.wrench.force.z,819.719569388118
1.254925129,1785795231.030347225,/loadcell_data_filtered.wrench.force.z,820.9902040450764
1.2550568,1785795231.030478896,/loadcell_data_filtered.wrench.force.z,821.8608506669761
1.255188412,1785795231.030610508,/loadcell_data_filtered.wrench.force.z,821.8851912752066
1.255312876,1785795231.030734972,/loadcell_data_filtered.wrench.force.z,822.7655075753072
1.25555674,1785795231.030978836,/loadcell_data_filtered.wrench.force.z,821.1089282574545
1.256231657,1785795231.031653753,/loadcell_data_filtered.wrench.force.z,821.0555820553026
1.256582762,1785795231.032004858,/loadcell_data_filtered.wrench.force.z,820.9228757232528
1.2570463680000001,1785795231.032468464,/loadcell_data_filtered.wrench.force.z,821.0577446983784
1.257530329,1785795231.032952425,/loadcell_data_filtered.wrench.force.z,827.2725586238064
1.258138059,1785795231.033560155,/loadcell_data_filtered.wrench.force.z,831.8734833949819
1.258850575,1785795231.034272671,/loadcell_data_filtered.wrench.force.z,835.4686364817109
1.259104662,1785795231.034526758,/loadcell_data_filtered.wrench.force.z,838.4656802553396
1.259513659,1785795231.034935755,/loadcell_data_filtered.wrench.force.z,841.0383838878237
1.2600978710000001,1785795231.035519967,/loadcell_data_filtered.wrench.force.z,841.8009836985239
1.260694461,1785795231.036116557,/loadcell_data_filtered.wrench.force.z,842.4363996054785
1.2612423320000001,1785795231.036664428,/loadcell_data_filtered.wrench.force.z,842.6157357433119
1.261604143,1785795231.037026239,/loadcell_data_filtered.wrench.force.z,842.4119879448464
1.262041744,1785795231.037463840,/loadcell_data_filtered.wrench.force.z,842.320928811427
1.262504657,1785795231.037926753,/loadcell_data_filtered.wrench.force.z,841.8688300789979
1.263290732,1785795231.038712828,/loadcell_data_filtered.wrench.force.z,841.3457557736772
1.263687248,1785795231.039109344,/loadcell_data_filtered.wrench.force.z,840.7186033303179
1.264041134,1785795231.039463230,/loadcell_data_filtered.wrench.force.z,839.8947547685591
1.264600272,1785795231.040022368,/loadcell_data_filtered.wrench.force.z,839.357186009629
1.268322564,1785795231.043744660,/loadcell_data_filtered.wrench.force.z,838.6982495596417
1.268507281,1785795231.043929377,/loadcell_data_filtered.wrench.force.z,834.8363883364273
1.26865889,1785795231.044080986,/loadcell_data_filtered.wrench.force.z,830.3725484804609
1.2688121030000001,1785795231.044234199,/loadcell_data_filtered.wrench.force.z,825.2204070842776
1.268968103,1785795231.044390199,/loadcell_data_filtered.wrench.force.z,821.4704055972309
1.269081364,1785795231.044503460,/loadcell_data_filtered.wrench.force.z,818.2543581575059
1.269229449,1785795231.044651545,/loadcell_data_filtered.wrench.force.z,815.8348202544674
1.271155656,1785795231.046577752,/loadcell_data_filtered.wrench.force.z,814.2812372926353
1.271971727,1785795231.047393823,/loadcell_data_filtered.wrench.force.z,812.121194320068
1.272324651,1785795231.047746747,/loadcell_data_filtered.wrench.force.z,811.8926004114375
1.272568693,1785795231.047990789,/loadcell_data_filtered.wrench.force.z,812.2700138217263
1.272784109,1785795231.048206205,/loadcell_data_filtered.wrench.force.z,812.1421073663455
1.273003002,1785795231.048425098,/loadcell_data_filtered.wrench.force.z,811.7289642249143
1.2732089580000001,1785795231.048631054,/loadcell_data_filtered.wrench.force.z,811.464605802485
1.273399783,1785795231.048821879,/loadcell_data_filtered.wrench.force.z,809.9382556637619
1.275329961,1785795231.050752057,/loadcell_data_filtered.wrench.force.z,809.5997992338972
1.275984164,1785795231.051406260,/loadcell_data_filtered.wrench.force.z,809.3031952211644
1.276140442,1785795231.051562538,/loadcell_data_filtered.wrench.force.z,809.5213786591605
1.2762935180000001,1785795231.051715614,/loadcell_data_filtered.wrench.force.z,815.0310403899936
1.2764533359999999,1785795231.051875432,/loadcell_data_filtered.wrench.force.z,819.420995083626
1.276630678,1785795231.052052774,/loadcell_data_filtered.wrench.force.z,824.8119728332779
1.276791545,1785795231.052213641,/loadcell_data_filtered.wrench.force.z,829.464953088009
1.276942499,1785795231.052364595,/loadcell_data_filtered.wrench.force.z,832.8183029989445
1.278258877,1785795231.053680973,/loadcell_data_filtered.wrench.force.z,835.1090276494259
1.278561606,1785795231.053983702,/loadcell_data_filtered.wrench.force.z,836.2785715263473
1.278756928,1785795231.054179024,/loadcell_data_filtered.wrench.force.z,837.9833611492561
1.278935941,1785795231.054358037,/loadcell_data_filtered.wrench.force.z,839.9262931055144
1.279152223,1785795231.054574319,/loadcell_data_filtered.wrench.force.z,841.8800212643248
1.279339782,1785795231.054761878,/loadcell_data_filtered.wrench.force.z,843.0011609865036
1.280098554,1785795231.055520650,/loadcell_data_filtered.wrench.force.z,843.9111696776229
1.280590363,1785795231.056012459,/loadcell_data_filtered.wrench.force.z,845.3529303192745
1.2808328549999999,1785795231.056254951,/loadcell_data_filtered.wrench.force.z,847.2282796014268
1.281445776,1785795231.056867872,/loadcell_data_filtered.wrench.force.z,848.7506023518646
1.28177241,1785795231.057194506,/loadcell_data_filtered.wrench.force.z,849.3583917722489
1.282116293,1785795231.057538389,/loadcell_data_filtered.wrench.force.z,851.1469687888143
1.28472482,1785795231.060146916,/loadcell_data_filtered.wrench.force.z,846.3848697674243
1.285046029,1785795231.060468125,/loadcell_data_filtered.wrench.force.z,844.2907150800194
1.285259924,1785795231.060682020,/loadcell_data_filtered.wrench.force.z,842.1393546148803
1.285464926,1785795231.060887022,/loadcell_data_filtered.wrench.force.z,836.6769510654552
1.285721136,1785795231.061143232,/loadcell_data_filtered.wrench.force.z,831.9384497636418
1.285958634,1785795231.061380730,/loadcell_data_filtered.wrench.force.z,831.1099643789222
1.286178153,1785795231.061600249,/loadcell_data_filtered.wrench.force.z,830.8643003355577
1.286429117,1785795231.061851213,/loadcell_data_filtered.wrench.force.z,832.0344293481563
1.288477258,1785795231.063899354,/loadcell_data_filtered.wrench.force.z,833.2495960004431
1.288881722,1785795231.064303818,/loadcell_data_filtered.wrench.force.z,834.4333198344415
1.289231467,1785795231.064653563,/loadcell_data_filtered.wrench.force.z,834.9454111795499
1.289607813,1785795231.065029909,/loadcell_data_filtered.wrench.force.z,828.3891526572735
1.2898824260000001,1785795231.065304522,/loadcell_data_filtered.wrench.force.z,829.1749586294376
1.290100188,1785795231.065522284,/loadcell_data_filtered.wrench.force.z,828.4896993982903
1.2902940360000001,1785795231.065716132,/loadcell_data_filtered.wrench.force.z,828.724826576648
1.292132784,1785795231.067554880,/loadcell_data_filtered.wrench.force.z,829.1501707483562
1.2933234900000001,1785795231.068745586,/loadcell_data_filtered.wrench.force.z,829.6722727267307
1.293623704,1785795231.069045800,/loadcell_data_filtered.wrench.force.z,836.2291003038205
1.293824479,1785795231.069246575,/loadcell_data_filtered.wrench.force.z,841.6650938762847
1.293993028,1785795231.069415124,/loadcell_data_filtered.wrench.force.z,845.7653153992045
1.2941647010000001,1785795231.069586797,/loadcell_data_filtered.wrench.force.z,848.2338268274005
1.294343966,1785795231.069766062,/loadcell_data_filtered.wrench.force.z,851.2039696028952
1.295286545,1785795231.070708641,/loadcell_data_filtered.wrench.force.z,850.9609794778743
1.2955124150000001,1785795231.070934511,/loadcell_data_filtered.wrench.force.z,850.5850573082594
1.295908073,1785795231.071330169,/loadcell_data_filtered.wrench.force.z,851.2435605703839
1.296203841,1785795231.071625937,/loadcell_data_filtered.wrench.force.z,851.228643320849
1.2969247369999999,1785795231.072346833,/loadcell_data_filtered.wrench.force.z,850.8996211898433
1.297167663,1785795231.072589759,/loadcell_data_filtered.wrench.force.z,851.1526772932642
1.297499981,1785795231.072922077,/loadcell_data_filtered.wrench.force.z,851.6260053149493
1.29772871,1785795231.073150806,/loadcell_data_filtered.wrench.force.z,851.8451793739468
1.298045266,1785795231.073467362,/loadcell_data_filtered.wrench.force.z,851.7320443639281
1.2988219540000001,1785795231.074244050,/loadcell_data_filtered.wrench.force.z,851.6151392725618
1.300746627,1785795231.076168723,/loadcell_data_filtered.wrench.force.z,847.7171223165711
1.301063318,1785795231.076485414,/loadcell_data_filtered.wrench.force.z,844.0641879616935
1.301262605,1785795231.076684701,/loadcell_data_filtered.wrench.force.z,840.4116672991161
1.301407974,1785795231.076830070,/loadcell_data_filtered.wrench.force.z,838.0624077964206
1.301644464,1785795231.077066560,/loadcell_data_filtered.wrench.force.z,836.1544392078323
1.301966679,1785795231.077388775,/loadcell_data_filtered.wrench.force.z,833.9419044183867
1.302265723,1785795231.077687819,/loadcell_data_filtered.wrench.force.z,832.2703235147525
1.3045094050000001,1785795231.079931501,/loadcell_data_filtered.wrench.force.z,832.2759393707648
1.306117553,1785795231.081539649,/loadcell_data_filtered.wrench.force.z,832.6614158556544
1.306320763,1785795231.081742859,/loadcell_data_filtered.wrench.force.z,833.8549063268069
1.306482216,1785795231.081904312,/loadcell_data_filtered.wrench.force.z,834.5551304896507
1.30684134,1785795231.082263436,/loadcell_data_filtered.wrench.force.z,835.474096829322
1.307689935,1785795231.083112031,/loadcell_data_filtered.wrench.force.z,836.0378012885425
1.3081664050000001,1785795231.083588501,/loadcell_data_filtered.wrench.force.z,836.0770007875542
1.308799067,1785795231.084221163,/loadcell_data_filtered.wrench.force.z,836.9829284449261
1.309250686,1785795231.084672782,/loadcell_data_filtered.wrench.force.z,837.7425991907555
1.310791328,1785795231.086213424,/loadcell_data_filtered.wrench.force.z,837.0818760684077
1.311290431,1785795231.086712527,/loadcell_data_filtered.wrench.force.z,843.5444321862647
1.311982333,1785795231.087404429,/loadcell_data_filtered.wrench.force.z,847.0853090618409
1.312005412,1785795231.087427508,/loadcell_data_filtered.wrench.force.z,850.6706004087761
1.312338814,1785795231.087760910,/loadcell_data_filtered.wrench.force.z,854.1087016741836
1.312724607,1785795231.088146703,/loadcell_data_filtered.wrench.force.z,857.1755817453048
1.3130850010000001,1785795231.088507097,/loadcell_data_filtered.wrench.force.z,859.0278762753999
1.3134618869999999,1785795231.088883983,/loadcell_data_filtered.wrench.force.z,860.3571356643155
1.3139326630000001,1785795231.089354759,/loadcell_data_filtered.wrench.force.z,860.6518719638033
1.314326802,1785795231.089748898,/loadcell_data_filtered.wrench.force.z,860.9641366235065
1.31458636,1785795231.090008456,/loadcell_data_filtered.wrench.force.z,861.719495781789
1.314857713,1785795231.090279809,/loadcell_data_filtered.wrench.force.z,861.6690095785134
1.315160944,1785795231.090583040,/loadcell_data_filtered.wrench.force.z,862.0694939027699
1.315495606,1785795231.090917702,/loadcell_data_filtered.wrench.force.z,862.2167461266071
1.315884315,1785795231.091306411,/loadcell_data_filtered.wrench.force.z,862.1544114282223
1.316186825,1785795231.091608921,/loadcell_data_filtered.wrench.force.z,862.2293554352971
1.316485807,1785795231.091907903,/loadcell_data_filtered.wrench.force.z,862.3869815946687
1.316823077,1785795231.092245173,/loadcell_data_filtered.wrench.force.z,862.0863172520897
1.317124703,1785795231.092546799,/loadcell_data_filtered.wrench.force.z,856.2929814114484
1.317398125,1785795231.092820221,/loadcell_data_filtered.wrench.force.z,852.18030163733
1.317627157,1785795231.093049253,/loadcell_data_filtered.wrench.force.z,848.2701055089879
1.3178396220000002,1785795231.093261718,/loadcell_data_filtered.wrench.force.z,845.0774789894554
1.318044526,1785795231.093466622,/loadcell_data_filtered.wrench.force.z,841.6927347827952
1.318362371,1785795231.093784467,/loadcell_data_filtered.wrench.force.z,840.1605930290661
1.319142395,1785795231.094564491,/loadcell_data_filtered.wrench.force.z,839.0459765176147
1.320774858,1785795231.096196954,/loadcell_data_filtered.wrench.force.z,839.0584632055951
1.3209263230000001,1785795231.096348419,/loadcell_data_filtered.wrench.force.z,839.2770540519653
1.321032594,1785795231.096454690,/loadcell_data_filtered.wrench.force.z,834.2525478427854
1.321252634,1785795231.096674730,/loadcell_data_filtered.wrench.force.z,832.0916363724842
1.321581482,1785795231.097003578,/loadcell_data_filtered.wrench.force.z,831.1078487947597
1.322446799,1785795231.097868895,/loadcell_data_filtered.wrench.force.z,830.5805609498666
1.3234371679999999,1785795231.098859264,/loadcell_data_filtered.wrench.force.z,830.2193908822607
1.324131961,1785795231.099554057,/loadcell_data_filtered.wrench.force.z,829.9246668644939
1.324423893,1785795231.099845989,/loadcell_data_filtered.wrench.force.z,830.1062074661393
1.324742136,1785795231.100164232,/loadcell_data_filtered.wrench.force.z,831.1265144946499
1.325039072,1785795231.100461168,/loadcell_data_filtered.wrench.force.z,836.8246954554564
1.325309663,1785795231.100731759,/loadcell_data_filtered.wrench.force.z,841.3042619521862
1.3288308739999999,1785795231.104252970,/loadcell_data_filtered.wrench.force.z,844.4061775421548
1.332859622,1785795231.108281718,/loadcell_data_filtered.wrench.force.z,846.7778760447338
1.333500627,1785795231.108922723,/loadcell_data_filtered.wrench.force.z,847.8823168612918
1.334087826,1785795231.109509922,/loadcell_data_filtered.wrench.force.z,848.3446007065886
1.33453048,1785795231.109952576,/loadcell_data_filtered.wrench.force.z,848.9308156433531
1.334881894,1785795231.110303990,/loadcell_data_filtered.wrench.force.z,849.6127622184579
1.335184735,1785795231.110606831,/loadcell_data_filtered.wrench.force.z,850.3116398356065
1.3354708020000001,1785795231.110892898,/loadcell_data_filtered.wrench.force.z,849.3662656403969
1.335659985,1785795231.111082081,/loadcell_data_filtered.wrench.force.z,848.8188142472139
1.335889318,1785795231.111311414,/loadcell_data_filtered.wrench.force.z,844.0050871362298
1.336100445,1785795231.111522541,/loadcell_data_filtered.wrench.force.z,840.9934479166458
1.336285039,1785795231.111707135,/loadcell_data_filtered.wrench.force.z,836.796324164543
1.336453679,1785795231.111875775,/loadcell_data_filtered.wrench.force.z,833.560672026165
1.336629087,1785795231.112051183,/loadcell_data_filtered.wrench.force.z,830.8376770436523
1.336794962,1785795231.112217058,/loadcell_data_filtered.wrench.force.z,828.7133476007766
1.337061136,1785795231.112483232,/loadcell_data_filtered.wrench.force.z,827.531423908589
1.337277853,1785795231.112699949,/loadcell_data_filtered.wrench.force.z,827.7953566782664
1.337549144,1785795231.112971240,/loadcell_data_filtered.wrench.force.z,828.2238174769335
1.3378861610000001,1785795231.113308257,/loadcell_data_filtered.wrench.force.z,822.4245324842633
1.338165671,1785795231.113587767,/loadcell_data_filtered.wrench.force.z,822.529395410232
1.339588995,1785795231.115011091,/loadcell_data_filtered.wrench.force.z,822.3564281581066
1.339796998,1785795231.115219094,/loadcell_data_filtered.wrench.force.z,822.6416628122996
1.339979367,1785795231.115401463,/loadcell_data_filtered.wrench.force.z,820.9898141276057
1.340140861,1785795231.115562957,/loadcell_data_filtered.wrench.force.z,816.13360358974
1.340313379,1785795231.115735475,/loadcell_data_filtered.wrench.force.z,817.8212500642949
1.340512474,1785795231.115934570,/loadcell_data_filtered.wrench.force.z,817.4156149600748
1.341999391,1785795231.117421487,/loadcell_data_filtered.wrench.force.z,824.1971693297223
1.3423654250000001,1785795231.117787521,/loadcell_data_filtered.wrench.force.z,828.9114203921737
1.342645507,1785795231.118067603,/loadcell_data_filtered.wrench.force.z,833.755585315967
1.342885107,1785795231.118307203,/loadcell_data_filtered.wrench.force.z,837.5912240599631
1.343121455,1785795231.118543551,/loadcell_data_filtered.wrench.force.z,841.609657792411
1.344393619,1785795231.119815715,/loadcell_data_filtered.wrench.force.z,844.3431279806969
1.344595743,1785795231.120017839,/loadcell_data_filtered.wrench.force.z,846.1755175464514
1.344749644,1785795231.120171740,/loadcell_data_filtered.wrench.force.z,840.524061423288
1.344915397,1785795231.120337493,/loadcell_data_filtered.wrench.force.z,842.165124169672
1.345606689,1785795231.121028785,/loadcell_data_filtered.wrench.force.z,843.7453952008675
1.345900213,1785795231.121322309,/loadcell_data_filtered.wrench.force.z,845.0039705176434
1.346308954,1785795231.121731050,/loadcell_data_filtered.wrench.force.z,846.303934737186
1.346660417,1785795231.122082513,/loadcell_data_filtered.wrench.force.z,847.0275639448964
1.347179608,1785795231.122601704,/loadcell_data_filtered.wrench.force.z,847.4719135805219
1.347773261,1785795231.123195357,/loadcell_data_filtered.wrench.force.z,848.3101560095972
1.349324929,1785795231.124747025,/loadcell_data_filtered.wrench.force.z,848.8030519555891
1.349454843,1785795231.124876939,/loadcell_data_filtered.wrench.force.z,848.8092075714824
1.349597106,1785795231.125019202,/loadcell_data_filtered.wrench.force.z,836.6425506849566
1.349721772,1785795231.125143868,/loadcell_data_filtered.wrench.force.z,833.970634832801
1.350395678,1785795231.125817774,/loadcell_data_filtered.wrench.force.z,830.3876838625488
1.350770377,1785795231.126192473,/loadcell_data_filtered.wrench.force.z,827.8562822178468
1.351187863,1785795231.126609959,/loadcell_data_filtered.wrench.force.z,825.2530691128705
1.35171699,1785795231.127139086,/loadcell_data_filtered.wrench.force.z,823.9631974623786
1.3521789800000001,1785795231.127601076,/loadcell_data_filtered.wrench.force.z,823.8627726453287
1.3542338919999999,1785795231.129655988,/loadcell_data_filtered.wrench.force.z,824.12442380158
1.354425862,1785795231.129847958,/loadcell_data_filtered.wrench.force.z,824.4949815990218
1.3544940140000001,1785795231.129916110,/loadcell_data_filtered.wrench.force.z,824.488812355596
1.354629837,1785795231.130051933,/loadcell_data_filtered.wrench.force.z,817.188516477002
1.354750452,1785795231.130172548,/loadcell_data_filtered.wrench.force.z,817.2721981226266
1.355071744,1785795231.130493840,/loadcell_data_filtered.wrench.force.z,816.3016725404738
1.35567606,1785795231.131098156,/loadcell_data_filtered.wrench.force.z,816.1764886376869
1.356570225,1785795231.131992321,/loadcell_data_filtered.wrench.force.z,816.1496523838008
1.356969279,1785795231.132391375,/loadcell_data_filtered.wrench.force.z,816.1566700969811
1.357302297,1785795231.132724393,/loadcell_data_filtered.wrench.force.z,818.6115236218469
1.3578395109999999,1785795231.133261607,/loadcell_data_filtered.wrench.force.z,823.7510585360258
1.3585489750000002,1785795231.133971071,/loadcell_data_filtered.wrench.force.z,828.483089977528
1.361732868,1785795231.137154964,/loadcell_data_filtered.wrench.force.z,831.8817274977325
1.362254833,1785795231.137676929,/loadcell_data_filtered.wrench.force.z,834.8139493657197
1.362387315,1785795231.137809411,/loadcell_data_filtered.wrench.force.z,837.9961552460568
1.362521361,1785795231.137943457,/loadcell_data_filtered.wrench.force.z,840.0011327617091
1.362696956,1785795231.138119052,/loadcell_data_filtered.wrench.force.z,841.4006138220179
1.362858626,1785795231.138280722,/loadcell_data_filtered.wrench.force.z,842.2248369935567
1.362999972,1785795231.138422068,/loadcell_data_filtered.wrench.force.z,843.4487511407227
1.363149983,1785795231.138572079,/loadcell_data_filtered.wrench.force.z,843.9627064173162
1.363273124,1785795231.138695220,/loadcell_data_filtered.wrench.force.z,843.947329890179
1.363406645,1785795231.138828741,/loadcell_data_filtered.wrench.force.z,842.834673701051
1.363639145,1785795231.139061241,/loadcell_data_filtered.wrench.force.z,842.5333927218446
1.36461988,1785795231.140041976,/loadcell_data_filtered.wrench.force.z,842.5460140929612
1.365039187,1785795231.140461283,/loadcell_data_filtered.wrench.force.z,842.6210372633143
1.365360923,1785795231.140783019,/loadcell_data_filtered.wrench.force.z,842.3128744916627
1.367053993,1785795231.142476089,/loadcell_data_filtered.wrench.force.z,836.918988019701
1.367330712,1785795231.142752808,/loadcell_data_filtered.wrench.force.z,833.4844412253648
1.367534396,1785795231.142956492,/loadcell_data_filtered.wrench.force.z,829.8347877102455
1.3677682340000001,1785795231.143190330,/loadcell_data_filtered.wrench.force.z,827.0263866346986
1.36793869,1785795231.143360786,/loadcell_data_filtered.wrench.force.z,823.5129626406622
1.368382141,1785795231.143804237,/loadcell_data_filtered.wrench.force.z,820.8407667457494
1.368607541,1785795231.144029637,/loadcell_data_filtered.wrench.force.z,819.0739938572793
1.369309312,1785795231.144731408,/loadcell_data_filtered.wrench.force.z,818.5398851799432
1.369862858,1785795231.145284954,/loadcell_data_filtered.wrench.force.z,817.8784034879181
1.370375615,1785795231.145797711,/loadcell_data_filtered.wrench.force.z,817.2461655340828
1.373252981,1785795231.148675077,/loadcell_data_filtered.wrench.force.z,816.5535080782628
1.373665315,1785795231.149087411,/loadcell_data_filtered.wrench.force.z,815.5450269479686
1.3739200710000001,1785795231.149342167,/loadcell_data_filtered.wrench.force.z,815.3188818852909
1.374169389,1785795231.149591485,/loadcell_data_filtered.wrench.force.z,814.979630001358
1.374404892,1785795231.149826988,/loadcell_data_filtered.wrench.force.z,814.7711992585371
1.374665101,1785795231.150087197,/loadcell_data_filtered.wrench.force.z,814.5722467127631
1.374962564,1785795231.150384660,/loadcell_data_filtered.wrench.force.z,813.7646477996884
1.375224673,1785795231.150646769,/loadcell_data_filtered.wrench.force.z,817.7954524990855
1.37550671,1785795231.150928806,/loadcell_data_filtered.wrench.force.z,820.9242240059464
1.375847909,1785795231.151270005,/loadcell_data_filtered.wrench.force.z,824.3082237060817
1.376233322,1785795231.151655418,/loadcell_data_filtered.wrench.force.z,826.69632958782
1.376682709,1785795231.152104805,/loadcell_data_filtered.wrench.force.z,829.1780099867425
1.377177786,1785795231.152599882,/loadcell_data_filtered.wrench.force.z,830.2581380664333
1.37766001,1785795231.153082106,/loadcell_data_filtered.wrench.force.z,830.9945231871862
1.378085526,1785795231.153507622,/loadcell_data_filtered.wrench.force.z,830.9257347897594
1.379974851,1785795231.155396947,/loadcell_data_filtered.wrench.force.z,830.8708939646635
1.380293377,1785795231.155715473,/loadcell_data_filtered.wrench.force.z,830.5306444120607
1.380640764,1785795231.156062860,/loadcell_data_filtered.wrench.force.z,823.3620359340243
1.381073041,1785795231.156495137,/loadcell_data_filtered.wrench.force.z,824.208770626767
1.382481413,1785795231.157903509,/loadcell_data_filtered.wrench.force.z,825.0481020779572
1.382973532,1785795231.158395628,/loadcell_data_filtered.wrench.force.z,824.3286344831923
1.383300714,1785795231.158722810,/loadcell_data_filtered.wrench.force.z,824.5422940205433
1.383597773,1785795231.159019869,/loadcell_data_filtered.wrench.force.z,818.8347095147064
1.383769518,1785795231.159191614,/loadcell_data_filtered.wrench.force.z,817.8835712414683
1.3839350320000001,1785795231.159357128,/loadcell_data_filtered.wrench.force.z,811.6476246203263
1.384113941,1785795231.159536037,/loadcell_data_filtered.wrench.force.z,807.5420428702337
1.384301062,1785795231.159723158,/loadcell_data_filtered.wrench.force.z,804.2340663836721
1.384486131,1785795231.159908227,/loadcell_data_filtered.wrench.force.z,802.0938610296513
1.38467486,1785795231.160096956,/loadcell_data_filtered.wrench.force.z,799.5156182475341
1.385000633,1785795231.160422729,/loadcell_data_filtered.wrench.force.z,798.8382126930268
1.385642614,1785795231.161064710,/loadcell_data_filtered.wrench.force.z,798.7874368747794
1.386212165,1785795231.161634261,/loadcell_data_filtered.wrench.force.z,799.6231645001543
1.386937718,1785795231.162359814,/loadcell_data_filtered.wrench.force.z,800.7185702417087
1.387293061,1785795231.162715157,/loadcell_data_filtered.wrench.force.z,801.45613457604
1.387607278,1785795231.163029374,/loadcell_data_filtered.wrench.force.z,801.8843012174498
1.388063674,1785795231.163485770,/loadcell_data_filtered.wrench.force.z,801.9516013263706
1.388637035,1785795231.164059131,/loadcell_data_filtered.wrench.force.z,802.2814068829878
1.389567162,1785795231.164989258,/loadcell_data_filtered.wrench.force.z,802.68193563606
1.390230425,1785795231.165652521,/loadcell_data_filtered.wrench.force.z,803.1727995755411
1.390730575,1785795231.166152671,/loadcell_data_filtered.wrench.force.z,803.7963708996546
1.391082742,1785795231.166504838,/loadcell_data_filtered.wrench.force.z,808.025730066244
1.39138033,1785795231.166802426,/loadcell_data_filtered.wrench.force.z,813.0240922158656
1.391878806,1785795231.167300902,/loadcell_data_filtered.wrench.force.z,818.5525458792081
1.392161432,1785795231.167583528,/loadcell_data_filtered.wrench.force.z,823.3078021600911
1.3963115720000001,1785795231.171733668,/loadcell_data_filtered.wrench.force.z,827.5283073427464
1.396782227,1785795231.172204323,/loadcell_data_filtered.wrench.force.z,830.543477229702
1.397147056,1785795231.172569152,/loadcell_data_filtered.wrench.force.z,833.3242849291953
1.397482155,1785795231.172904251,/loadcell_data_filtered.wrench.force.z,835.3704901506063
1.397724056,1785795231.173146152,/loadcell_data_filtered.wrench.force.z,837.2603106985129
1.397925172,1785795231.173347268,/loadcell_data_filtered.wrench.force.z,839.3389934655297
1.398134416,1785795231.173556512,/loadcell_data_filtered.wrench.force.z,841.3664254739299
1.398370638,1785795231.173792734,/loadcell_data_filtered.wrench.force.z,843.5896315453182
1.398645356,1785795231.174067452,/loadcell_data_filtered.wrench.force.z,845.7866690937467
1.398856601,1785795231.174278697,/loadcell_data_filtered.wrench.force.z,845.7964438104544
1.399049089,1785795231.174471185,/loadcell_data_filtered.wrench.force.z,846.7020149759098
1.399231245,1785795231.174653341,/loadcell_data_filtered.wrench.force.z,847.7000343945465
1.399413202,1785795231.174835298,/loadcell_data_filtered.wrench.force.z,848.8375616468776
1.399585202,1785795231.175007298,/loadcell_data_filtered.wrench.force.z,844.5236265756922
1.399741744,1785795231.175163840,/loadcell_data_filtered.wrench.force.z,842.643454096421
1.3999263960000001,1785795231.175348492,/loadcell_data_filtered.wrench.force.z,839.8749674340256
1.400619029,1785795231.176041125,/loadcell_data_filtered.wrench.force.z,837.286085658648
1.402115908,1785795231.177538004,/loadcell_data_filtered.wrench.force.z,835.4013209922766
1.403505003,1785795231.178927099,/loadcell_data_filtered.wrench.force.z,834.5751592801697
1.404018485,1785795231.179440581,/loadcell_data_filtered.wrench.force.z,834.7908681815394
1.404376448,1785795231.179798544,/loadcell_data_filtered.wrench.force.z,835.3066598401135
1.404959096,1785795231.180381192,/loadcell_data_filtered.wrench.force.z,836.6696735649521
1.406422003,1785795231.181844099,/loadcell_data_filtered.wrench.force.z,837.8998376864249
1.4067540840000001,1785795231.182176180,/loadcell_data_filtered.wrench.force.z,837.4642124069104
1.406976129,1785795231.182398225,/loadcell_data_filtered.wrench.force.z,837.4609138900022
1.407184164,1785795231.182606260,/loadcell_data_filtered.wrench.force.z,837.7000171716163
1.407369946,1785795231.182792042,/loadcell_data_filtered.wrench.force.z,837.0154730743229
1.407587026,1785795231.183009122,/loadcell_data_filtered.wrench.force.z,836.7811045924575
1.407756266,1785795231.183178362,/loadcell_data_filtered.wrench.force.z,835.9064329770349
1.408177769,1785795231.183599865,/loadcell_data_filtered.wrench.force.z,835.5111275536191
1.409710791,1785795231.185132887,/loadcell_data_filtered.wrench.force.z,841.0129030066962
1.409850417,1785795231.185272513,/loadcell_data_filtered.wrench.force.z,845.030200601151
1.4099639320000001,1785795231.185386028,/loadcell_data_filtered.wrench.force.z,848.6957889201989
1.410081017,1785795231.185503113,/loadcell_data_filtered.wrench.force.z,850.9603759126326
1.4101950840000002,1785795231.185617180,/loadcell_data_filtered.wrench.force.z,853.9085978772225
1.410307411,1785795231.185729507,/loadcell_data_filtered.wrench.force.z,855.6383416625455
1.41041807,1785795231.185840166,/loadcell_data_filtered.wrench.force.z,855.4100243594083
1.4109128640000002,1785795231.186334960,/loadcell_data_filtered.wrench.force.z,854.5086091881187
1.41147046,1785795231.186892556,/loadcell_data_filtered.wrench.force.z,853.833364262185
1.411885123,1785795231.187307219,/loadcell_data_filtered.wrench.force.z,853.474360047731
1.4124101150000001,1785795231.187832211,/loadcell_data_filtered.wrench.force.z,853.210078962641
1.413008293,1785795231.188430389,/loadcell_data_filtered.wrench.force.z,852.8884069564614
1.414424403,1785795231.189846499,/loadcell_data_filtered.wrench.force.z,852.5817950037293
1.417341849,1785795231.192763945,/loadcell_data_filtered.wrench.force.z,852.539970069703
1.417612449,1785795231.193034545,/loadcell_data_filtered.wrench.force.z,853.2145778484162
1.417793246,1785795231.193215342,/loadcell_data_filtered.wrench.force.z,853.5876735889791
1.41796102,1785795231.193383116,/loadcell_data_filtered.wrench.force.z,852.5634823221327
1.418117789,1785795231.193539885,/loadcell_data_filtered.wrench.force.z,847.0367555268734
1.418285535,1785795231.193707631,/loadcell_data_filtered.wrench.force.z,839.6036580555116
1.418503462,1785795231.193925558,/loadcell_data_filtered.wrench.force.z,831.8663218412561
1.418760887,1785795231.194182983,/loadcell_data_filtered.wrench.force.z,829.1098974327194
1.4190269660000001,1785795231.194449062,/loadcell_data_filtered.wrench.force.z,824.9364139990215
1.419349914,1785795231.194772010,/loadcell_data_filtered.wrench.force.z,823.7096793583253
1.419702822,1785795231.195124918,/loadcell_data_filtered.wrench.force.z,823.3448756359466
1.420159515,1785795231.195581611,/loadcell_data_filtered.wrench.force.z,823.46210369464
1.420564269,1785795231.195986365,/loadcell_data_filtered.wrench.force.z,823.9731594906038
1.421090926,1785795231.196513022,/loadcell_data_filtered.wrench.force.z,823.7676610928982
1.421503071,1785795231.196925167,/loadcell_data_filtered.wrench.force.z,823.7358088276029
1.42184247,1785795231.197264566,/loadcell_data_filtered.wrench.force.z,824.0624986502772
1.42213047,1785795231.197552566,/loadcell_data_filtered.wrench.force.z,823.4443032307422
1.422960371,1785795231.198382467,/loadcell_data_filtered.wrench.force.z,823.6816558708892
1.423655745,1785795231.199077841,/loadcell_data_filtered.wrench.force.z,823.5308130735056
1.423965854,1785795231.199387950,/loadcell_data_filtered.wrench.force.z,823.6592312469256
1.424255476,1785795231.199677572,/loadcell_data_filtered.wrench.force.z,827.3618589500659
1.425956583,1785795231.201378679,/loadcell_data_filtered.wrench.force.z,831.0542430722012
1.42629831,1785795231.201720406,/loadcell_data_filtered.wrench.force.z,835.4008891376931
1.426560254,1785795231.201982350,/loadcell_data_filtered.wrench.force.z,839.3997571799285
1.426818831,1785795231.202240927,/loadcell_data_filtered.wrench.force.z,842.4876695456759
1.428413419,1785795231.203835515,/loadcell_data_filtered.wrench.force.z,844.9120339277227
1.428627603,1785795231.204049699,/loadcell_data_filtered.wrench.force.z,845.7455496086867
1.4287807190000001,1785795231.204202815,/loadcell_data_filtered.wrench.force.z,844.7531814361115
1.428903814,1785795231.204325910,/loadcell_data_filtered.wrench.force.z,838.4986553507742
1.429031432,1785795231.204453528,/loadcell_data_filtered.wrench.force.z,838.16614826362
1.433563757,1785795231.208985853,/loadcell_data_filtered.wrench.force.z,837.2417872584474
1.433713257,1785795231.209135353,/loadcell_data_filtered.wrench.force.z,836.9769274654125
1.434097858,1785795231.209519954,/loadcell_data_filtered.wrench.force.z,837.4097424275228
1.434577845,1785795231.209999941,/loadcell_data_filtered.wrench.force.z,837.7405522528255
1.434589654,1785795231.210011750,/loadcell_data_filtered.wrench.force.z,838.0525137506482
1.434593212,1785795231.210015308,/loadcell_data_filtered.wrench.force.z,838.5086697441004
1.434799014,1785795231.210221110,/loadcell_data_filtered.wrench.force.z,830.7916407741402
1.435008752,1785795231.210430848,/loadcell_data_filtered.wrench.force.z,825.7607041423438
1.435222535,1785795231.210644631,/loadcell_data_filtered.wrench.force.z,823.3906337907334
1.435438901,1785795231.210860997,/loadcell_data_filtered.wrench.force.z,820.0933000265601
1.435713213,1785795231.211135309,/loadcell_data_filtered.wrench.force.z,817.6721903051105
1.435928191,1785795231.211350287,/loadcell_data_filtered.wrench.force.z,813.9312340494383
1.436138097,1785795231.211560193,/loadcell_data_filtered.wrench.force.z,811.8537183700794
1.436361012,1785795231.211783108,/loadcell_data_filtered.wrench.force.z,810.6499171696133
1.436570557,1785795231.211992653,/loadcell_data_filtered.wrench.force.z,811.041444188171
1.436779301,1785795231.212201397,/loadcell_data_filtered.wrench.force.z,811.6923730581046
1.43709251,1785795231.212514606,/loadcell_data_filtered.wrench.force.z,812.2335006500082
1.43746843,1785795231.212890526,/loadcell_data_filtered.wrench.force.z,812.7123665662411
1.438185688,1785795231.213607784,/loadcell_data_filtered.wrench.force.z,812.9452761704757
1.439813548,1785795231.215235644,/loadcell_data_filtered.wrench.force.z,813.1272018579147
1.440284152,1785795231.215706248,/loadcell_data_filtered.wrench.force.z,813.5318898739656
1.440617519,1785795231.216039615,/loadcell_data_filtered.wrench.force.z,814.5145451343203
1.440990632,1785795231.216412728,/loadcell_data_filtered.wrench.force.z,815.2023209067014
1.441435166,1785795231.216857262,/loadcell_data_filtered.wrench.force.z,815.1204738202185
1.441859028,1785795231.217281124,/loadcell_data_filtered.wrench.force.z,821.6709426592685
1.4422287360000001,1785795231.217650832,/loadcell_data_filtered.wrench.force.z,826.5925268347818
1.442656433,1785795231.218078529,/loadcell_data_filtered.wrench.force.z,830.743678921003
1.4430153190000001,1785795231.218437415,/loadcell_data_filtered.wrench.force.z,834.3387968889311
1.443270517,1785795231.218692613,/loadcell_data_filtered.wrench.force.z,837.8588170592184
1.443511997,1785795231.218934093,/loadcell_data_filtered.wrench.force.z,839.9291894690981
1.4438743600000001,1785795231.219296456,/loadcell_data_filtered.wrench.force.z,841.0904881661761
1.4443365830000001,1785795231.219758679,/loadcell_data_filtered.wrench.force.z,842.004326886424
1.445162854,1785795231.220584950,/loadcell_data_filtered.wrench.force.z,842.9814142817162
1.445682631,1785795231.221104727,/loadcell_data_filtered.wrench.force.z,843.5382019327959
1.446061774,1785795231.221483870,/loadcell_data_filtered.wrench.force.z,844.1625657138469
1.446383467,1785795231.221805563,/loadcell_data_filtered.wrench.force.z,845.1644469076633
1.4468957470000001,1785795231.222317843,/loadcell_data_filtered.wrench.force.z,845.6127394033103
1.447387961,1785795231.222810057,/loadcell_data_filtered.wrench.force.z,846.1972353097287
1.44802431,1785795231.223446406,/loadcell_data_filtered.wrench.force.z,846.9572772696043
1.448630021,1785795231.224052117,/loadcell_data_filtered.wrench.force.z,847.7772143387981
1.448959353,1785795231.224381449,/loadcell_data_filtered.wrench.force.z,846.6523622472462
1.449385014,1785795231.224807110,/loadcell_data_filtered.wrench.force.z,842.6886925744494
1.44992968,1785795231.225351776,/loadcell_data_filtered.wrench.force.z,839.1652013319366
1.450428051,1785795231.225850147,/loadcell_data_filtered.wrench.force.z,836.3727189083453
1.450953577,1785795231.226375673,/loadcell_data_filtered.wrench.force.z,834.717584893958
1.451343874,1785795231.226765970,/loadcell_data_filtered.wrench.force.z,832.9822531119773
1.452580091,1785795231.228002187,/loadcell_data_filtered.wrench.force.z,832.6600577294956
1.452768137,1785795231.228190233,/loadcell_data_filtered.wrench.force.z,833.5310615824725
1.452926673,1785795231.228348769,/loadcell_data_filtered.wrench.force.z,835.1611864634531
1.45394799,1785795231.229370086,/loadcell_data_filtered.wrench.force.z,836.5935972370232
1.454132907,1785795231.229555003,/loadcell_data_filtered.wrench.force.z,837.3278933773853
1.456950184,1785795231.232372280,/loadcell_data_filtered.wrench.force.z,838.1868710887654
1.457475706,1785795231.232897802,/loadcell_data_filtered.wrench.force.z,838.9038205010376
1.457782349,1785795231.233204445,/loadcell_data_filtered.wrench.force.z,839.7528344312068
1.458074546,1785795231.233496642,/loadcell_data_filtered.wrench.force.z,841.2380237386459
1.4583026860000001,1785795231.233724782,/loadcell_data_filtered.wrench.force.z,842.3600621078815
1.458506103,1785795231.233928199,/loadcell_data_filtered.wrench.force.z,843.5305478066841
1.458647764,1785795231.234069860,/loadcell_data_filtered.wrench.force.z,849.6703546363418
1.458783551,1785795231.234205647,/loadcell_data_filtered.wrench.force.z,853.4283270880916
1.458929299,1785795231.234351395,/loadcell_data_filtered.wrench.force.z,857.474868414283
1.460457716,1785795231.235879812,/loadcell_data_filtered.wrench.force.z,861.225162893241
1.4609233000000001,1785795231.236345396,/loadcell_data_filtered.wrench.force.z,864.5369402986767
1.461261992,1785795231.236684088,/loadcell_data_filtered.wrench.force.z,863.6637198458445
1.461610543,1785795231.237032639,/loadcell_data_filtered.wrench.force.z,862.1583718578355
1.461945147,1785795231.237367243,/loadcell_data_filtered.wrench.force.z,862.4536190779459
1.462221726,1785795231.237643822,/loadcell_data_filtered.wrench.force.z,862.552657895077
1.462474071,1785795231.237896167,/loadcell_data_filtered.wrench.force.z,863.1164353480592
1.462994314,1785795231.238416410,/loadcell_data_filtered.wrench.force.z,863.2977247597955
1.463362794,1785795231.238784890,/loadcell_data_filtered.wrench.force.z,863.8672702578228
1.463710729,1785795231.239132825,/loadcell_data_filtered.wrench.force.z,864.0036003414479
1.464052377,1785795231.239474473,/loadcell_data_filtered.wrench.force.z,864.3807548986138
1.464356416,1785795231.239778512,/loadcell_data_filtered.wrench.force.z,864.5738202407485
1.464941884,1785795231.240363980,/loadcell_data_filtered.wrench.force.z,864.5395352063167
1.4652669120000001,1785795231.240689008,/loadcell_data_filtered.wrench.force.z,864.5880694919706
1.465681545,1785795231.241103641,/loadcell_data_filtered.wrench.force.z,859.124611341683
1.466476845,1785795231.241898941,/loadcell_data_filtered.wrench.force.z,856.1302493210641
1.466937808,1785795231.242359904,/loadcell_data_filtered.wrench.force.z,852.2880982683462
1.467423908,1785795231.242846004,/loadcell_data_filtered.wrench.force.z,849.4934288850096
1.468493167,1785795231.243915263,/loadcell_data_filtered.wrench.force.z,846.2396227849375
1.468754706,1785795231.244176802,/loadcell_data_filtered.wrench.force.z,844.1148358559211
1.468931183,1785795231.244353279,/loadcell_data_filtered.wrench.force.z,843.1135186799014
1.469317251,1785795231.244739347,/loadcell_data_filtered.wrench.force.z,843.0317568654586
1.4722991250000002,1785795231.247721221,/loadcell_data_filtered.wrench.force.z,843.0221035311384
1.472812884,1785795231.248234980,/loadcell_data_filtered.wrench.force.z,842.8397991154005
1.473176442,1785795231.248598538,/loadcell_data_filtered.wrench.force.z,843.1904524343897
1.473487121,1785795231.248909217,/loadcell_data_filtered.wrench.force.z,843.0942161776205
1.473830831,1785795231.249252927,/loadcell_data_filtered.wrench.force.z,842.5843527624054
1.474588001,1785795231.250010097,/loadcell_data_filtered.wrench.force.z,842.4316824650183
1.475972781,1785795231.251394877,/loadcell_data_filtered.wrench.force.z,840.660106131816
1.476201782,1785795231.251623878,/loadcell_data_filtered.wrench.force.z,840.5830503646507
1.476361368,1785795231.251783464,/loadcell_data_filtered.wrench.force.z,840.6895989191089
1.476513321,1785795231.251935417,/loadcell_data_filtered.wrench.force.z,846.3041240568218
1.47667933,1785795231.252101426,/loadcell_data_filtered.wrench.force.z,850.3468349080892
1.476832012,1785795231.252254108,/loadcell_data_filtered.wrench.force.z,853.7059898803246
1.476982301,1785795231.252404397,/loadcell_data_filtered.wrench.force.z,856.2887013744121
1.477140698,1785795231.252562794,/loadcell_data_filtered.wrench.force.z,859.3126515896442
1.47731947,1785795231.252741566,/loadcell_data_filtered.wrench.force.z,858.8565674420039
1.477482934,1785795231.252905030,/loadcell_data_filtered.wrench.force.z,858.1922884955115
1.477715709,1785795231.253137805,/loadcell_data_filtered.wrench.force.z,857.5832436103536
1.47828034,1785795231.253702436,/loadcell_data_filtered.wrench.force.z,856.4753588789356
1.479195313,1785795231.254617409,/loadcell_data_filtered.wrench.force.z,855.5853717468455
1.47965876,1785795231.255080856,/loadcell_data_filtered.wrench.force.z,854.8912037834928
1.480819869,1785795231.256241965,/loadcell_data_filtered.wrench.force.z,853.953671828091
1.481233224,1785795231.256655320,/loadcell_data_filtered.wrench.force.z,853.791067573703
1.481607104,1785795231.257029200,/loadcell_data_filtered.wrench.force.z,852.8591747658628
1.48199805,1785795231.257420146,/loadcell_data_filtered.wrench.force.z,852.1556125964588
1.482279712,1785795231.257701808,/loadcell_data_filtered.wrench.force.z,851.0648718681944
1.4825697340000001,1785795231.257991830,/loadcell_data_filtered.wrench.force.z,847.8869845967848
1.482854055,1785795231.258276151,/loadcell_data_filtered.wrench.force.z,843.1402399686295
1.484521579,1785795231.259943675,/loadcell_data_filtered.wrench.force.z,838.0819935730915
1.484875231,1785795231.260297327,/loadcell_data_filtered.wrench.force.z,834.3098662519644
1.485078912,1785795231.260501008,/loadcell_data_filtered.wrench.force.z,824.2099880234401
1.485275523,1785795231.260697619,/loadcell_data_filtered.wrench.force.z,821.4649465570104
1.485481018,1785795231.260903114,/loadcell_data_filtered.wrench.force.z,819.4827344323317
1.4859092440000001,1785795231.261331340,/loadcell_data_filtered.wrench.force.z,818.9910819854422
1.48628047,1785795231.261702566,/loadcell_data_filtered.wrench.force.z,819.0002017651567
1.486835987,1785795231.262258083,/loadcell_data_filtered.wrench.force.z,819.4585247689675
1.4872289950000002,1785795231.262651091,/loadcell_data_filtered.wrench.force.z,819.8375181955947
1.48769051,1785795231.263112606,/loadcell_data_filtered.wrench.force.z,819.7122771895966
1.4882490000000002,1785795231.263671096,/loadcell_data_filtered.wrench.force.z,819.7602846186484
1.4915369790000002,1785795231.266959075,/loadcell_data_filtered.wrench.force.z,819.6313692613085
1.49214818,1785795231.267570276,/loadcell_data_filtered.wrench.force.z,819.2127823011876
1.492544502,1785795231.267966598,/loadcell_data_filtered.wrench.force.z,819.0924313411737
1.492957561,1785795231.268379657,/loadcell_data_filtered.wrench.force.z,819.6487345342545
1.4933660560000002,1785795231.268788152,/loadcell_data_filtered.wrench.force.z,825.6514566621582
1.493751219,1785795231.269173315,/loadcell_data_filtered.wrench.force.z,830.5655008206943
1.494032528,1785795231.269454624,/loadcell_data_filtered.wrench.force.z,836.1279684057442
1.4975271700000001,1785795231.272949266,/loadcell_data_filtered.wrench.force.z,840.5555512620798
1.498019397,1785795231.273441493,/loadcell_data_filtered.wrench.force.z,842.334992178317
1.498438148,1785795231.273860244,/loadcell_data_filtered.wrench.force.z,844.4339018229931
1.498725562,1785795231.274147658,/loadcell_data_filtered.wrench.force.z,845.9483221306203
1.498965148,1785795231.274387244,/loadcell_data_filtered.wrench.force.z,842.8232360501338
1.499200893,1785795231.274622989,/loadcell_data_filtered.wrench.force.z,840.7493930654124
1.499478826,1785795231.274900922,/loadcell_data_filtered.wrench.force.z,841.960312498476
1.499808307,1785795231.275230403,/loadcell_data_filtered.wrench.force.z,842.8914438974351
1.5001480850000002,1785795231.275570181,/loadcell_data_filtered.wrench.force.z,843.9542246699948
1.50045566,1785795231.275877756,/loadcell_data_filtered.wrench.force.z,844.9825317230934
1.5008407460000002,1785795231.276262842,/loadcell_data_filtered.wrench.force.z,844.4769025376278
1.501177868,1785795231.276599964,/loadcell_data_filtered.wrench.force.z,844.1020617401559
1.501564696,1785795231.276986792,/loadcell_data_filtered.wrench.force.z,844.6074568445187
1.50195825,1785795231.277380346,/loadcell_data_filtered.wrench.force.z,839.9396834903487
1.502321941,1785795231.277744037,/loadcell_data_filtered.wrench.force.z,837.1154045936768
1.50266601,1785795231.278088106,/loadcell_data_filtered.wrench.force.z,834.0042494813239
1.502975865,1785795231.278397961,/loadcell_data_filtered.wrench.force.z,831.4828814374347
1.5032669040000002,1785795231.278689000,/loadcell_data_filtered.wrench.force.z,828.9876806898764
1.50352683,1785795231.278948926,/loadcell_data_filtered.wrench.force.z,828.5225416182682
1.503754901,1785795231.279176997,/loadcell_data_filtered.wrench.force.z,828.3140299165001
1.503955354,1785795231.279377450,/loadcell_data_filtered.wrench.force.z,828.9456496190293
1.5041358,1785795231.279557896,/loadcell_data_filtered.wrench.force.z,830.2713629663282
1.504338886,1785795231.279760982,/loadcell_data_filtered.wrench.force.z,831.2706875928835
1.504540536,1785795231.279962632,/loadcell_data_filtered.wrench.force.z,832.1418733558772
1.504935073,1785795231.280357169,/loadcell_data_filtered.wrench.force.z,832.8783426522076
1.5052219359999999,1785795231.280644032,/loadcell_data_filtered.wrench.force.z,833.8761828703061
1.505456557,1785795231.280878653,/loadcell_data_filtered.wrench.force.z,835.0815493690711
1.506223289,1785795231.281645385,/loadcell_data_filtered.wrench.force.z,836.1979883754885
1.5084875420000001,1785795231.283909638,/loadcell_data_filtered.wrench.force.z,837.3124923447632
1.508776193,1785795231.284198289,/loadcell_data_filtered.wrench.force.z,839.0010603776899
1.508985182,1785795231.284407278,/loadcell_data_filtered.wrench.force.z,846.0461772975171
1.509191065,1785795231.284613161,/loadcell_data_filtered.wrench.force.z,844.9312510738819
1.509379057,1785795231.284801153,/loadcell_data_filtered.wrench.force.z,850.4666691815914
1.510772505,1785795231.286194601,/loadcell_data_filtered.wrench.force.z,853.9967832525884
1.512222658,1785795231.287644754,/loadcell_data_filtered.wrench.force.z,858.5141201653188
1.512375534,1785795231.287797630,/loadcell_data_filtered.wrench.force.z,861.8166627930426
1.512511542,1785795231.287933638,/loadcell_data_filtered.wrench.force.z,864.522521903357
1.512662989,1785795231.288085085,/loadcell_data_filtered.wrench.force.z,866.265497971177
1.512802768,1785795231.288224864,/loadcell_data_filtered.wrench.force.z,867.6667977917801
1.5129419689999999,1785795231.288364065,/loadcell_data_filtered.wrench.force.z,869.4325370586535
1.5141801209999999,1785795231.289602217,/loadcell_data_filtered.wrench.force.z,871.0723206426944
1.5143130020000002,1785795231.289735098,/loadcell_data_filtered.wrench.force.z,871.654728511502
1.514439632,1785795231.289861728,/loadcell_data_filtered.wrench.force.z,872.1924386927744
1.514558101,1785795231.289980197,/loadcell_data_filtered.wrench.force.z,866.4433259493405
1.515162066,1785795231.290584162,/loadcell_data_filtered.wrench.force.z,866.4326207547834
1.5155395120000001,1785795231.290961608,/loadcell_data_filtered.wrench.force.z,866.0579567738532
1.515632345,1785795231.291054441,/loadcell_data_filtered.wrench.force.z,862.872694568414
1.51608872,1785795231.291510816,/loadcell_data_filtered.wrench.force.z,859.4159622710158
1.516725668,1785795231.292147764,/loadcell_data_filtered.wrench.force.z,854.9759436326112
1.517038676,1785795231.292460772,/loadcell_data_filtered.wrench.force.z,851.8326211281682
1.517473865,1785795231.292895961,/loadcell_data_filtered.wrench.force.z,848.7274696099262
1.517925246,1785795231.293347342,/loadcell_data_filtered.wrench.force.z,846.0779984351738
1.518433251,1785795231.293855347,/loadcell_data_filtered.wrench.force.z,844.1064241450218
1.5190003710000002,1785795231.294422467,/loadcell_data_filtered.wrench.force.z,843.5888168335073
1.519456348,1785795231.294878444,/loadcell_data_filtered.wrench.force.z,842.888562838062
1.5198646550000001,1785795231.295286751,/loadcell_data_filtered.wrench.force.z,842.639570167977
1.520454956,1785795231.295877052,/loadcell_data_filtered.wrench.force.z,842.315381423373
1.520890832,1785795231.296312928,/loadcell_data_filtered.wrench.force.z,841.3730193024211
1.521613949,1785795231.297036045,/loadcell_data_filtered.wrench.force.z,840.3135969321063
1.521984489,1785795231.297406585,/loadcell_data_filtered.wrench.force.z,839.2058402655664
1.522338259,1785795231.297760355,/loadcell_data_filtered.wrench.force.z,838.3124754289321
1.52335061,1785795231.298772706,/loadcell_data_filtered.wrench.force.z,837.3882732065831
1.523732638,1785795231.299154734,/loadcell_data_filtered.wrench.force.z,836.404588382119
1.523987724,1785795231.299409820,/loadcell_data_filtered.wrench.force.z,840.9343378618462
1.524558557,1785795231.299980653,/loadcell_data_filtered.wrench.force.z,843.7972031836239
1.525921071,1785795231.301343167,/loadcell_data_filtered.wrench.force.z,846.8095022362323
1.528429236,1785795231.303851332,/loadcell_data_filtered.wrench.force.z,849.1615267696029
1.528665144,1785795231.304087240,/loadcell_data_filtered.wrench.force.z,851.8400742872246
1.529319616,1785795231.304741712,/loadcell_data_filtered.wrench.force.z,852.6686513272531
1.529478174,1785795231.304900270,/loadcell_data_filtered.wrench.force.z,853.8587595863241
1.5296398390000001,1785795231.305061935,/loadcell_data_filtered.wrench.force.z,854.3058235844792
1.529774491,1785795231.305196587,/loadcell_data_filtered.wrench.force.z,854.5506372279166
1.529896922,1785795231.305319018,/loadcell_data_filtered.wrench.force.z,854.6870593779757
1.530040235,1785795231.305462331,/loadcell_data_filtered.wrench.force.z,854.1507560388117
1.530175731,1785795231.305597827,/loadcell_data_filtered.wrench.force.z,854.4065511722647
1.5303027820000001,1785795231.305724878,/loadcell_data_filtered.wrench.force.z,853.0939902237092
1.5304253110000001,1785795231.305847407,/loadcell_data_filtered.wrench.force.z,852.4526575741885
1.5309031960000001,1785795231.306325292,/loadcell_data_filtered.wrench.force.z,851.7369423528188
1.5348659470000001,1785795231.310288043,/loadcell_data_filtered.wrench.force.z,851.241944576586
1.5350036519999999,1785795231.310425748,/loadcell_data_filtered.wrench.force.z,850.8700791031395
1.5351257980000002,1785795231.310547894,/loadcell_data_filtered.wrench.force.z,845.6845928314622
1.5352458,1785795231.310667896,/loadcell_data_filtered.wrench.force.z,842.5292506579619
1.5353531120000001,1785795231.310775208,/loadcell_data_filtered.wrench.force.z,838.498685320554
1.535467896,1785795231.310889992,/loadcell_data_filtered.wrench.force.z,836.0110282882052
1.535588463,1785795231.311010559,/loadcell_data_filtered.wrench.force.z,825.5328862910975
1.535745827,1785795231.311167923,/loadcell_data_filtered.wrench.force.z,823.866503915273
1.536823869,1785795231.312245965,/loadcell_data_filtered.wrench.force.z,820.8193202609026
1.537039191,1785795231.312461287,/loadcell_data_filtered.wrench.force.z,821.1218327533979
1.537265201,1785795231.312687297,/loadcell_data_filtered.wrench.force.z,820.9194886427314
1.537417583,1785795231.312839679,/loadcell_data_filtered.wrench.force.z,821.3768884088411
1.5382120650000002,1785795231.313634161,/loadcell_data_filtered.wrench.force.z,821.1021923011257
1.539292035,1785795231.314714131,/loadcell_data_filtered.wrench.force.z,821.3828136840846
1.539467464,1785795231.314889560,/loadcell_data_filtered.wrench.force.z,820.972078853624
1.5399090819999999,1785795231.315331178,/loadcell_data_filtered.wrench.force.z,820.6133488073166
1.540355762,1785795231.315777858,/loadcell_data_filtered.wrench.force.z,820.7577586494365
1.540709447,1785795231.316131543,/loadcell_data_filtered.wrench.force.z,820.3841737931158
1.54095552,1785795231.316377616,/loadcell_data_filtered.wrench.force.z,820.8059991045972
1.5421411329999999,1785795231.317563229,/loadcell_data_filtered.wrench.force.z,825.8457966009095
1.5428062,1785795231.318228296,/loadcell_data_filtered.wrench.force.z,830.4122960550571
1.543383999,1785795231.318806095,/loadcell_data_filtered.wrench.force.z,834.5859874969562
1.543890791,1785795231.319312887,/loadcell_data_filtered.wrench.force.z,837.0914493571794
1.544319984,1785795231.319742080,/loadcell_data_filtered.wrench.force.z,839.5678598003421
1.5449204550000002,1785795231.320342551,/loadcell_data_filtered.wrench.force.z,841.0331232368112
1.545452219,1785795231.320874315,/loadcell_data_filtered.wrench.force.z,841.9210513193715
1.545811174,1785795231.321233270,/loadcell_data_filtered.wrench.force.z,842.3545212118421
1.546176674,1785795231.321598770,/loadcell_data_filtered.wrench.force.z,843.0351867806623
1.546503644,1785795231.321925740,/loadcell_data_filtered.wrench.force.z,843.6319329291643
1.54672456,1785795231.322146656,/loadcell_data_filtered.wrench.force.z,844.0803467672512
1.546934593,1785795231.322356689,/loadcell_data_filtered.wrench.force.z,844.448864314229
1.547155413,1785795231.322577509,/loadcell_data_filtered.wrench.force.z,844.9101392110389
1.5474869230000001,1785795231.322909019,/loadcell_data_filtered.wrench.force.z,845.6507574118042
1.548100667,1785795231.323522763,/loadcell_data_filtered.wrench.force.z,846.519359534588
1.5489167080000001,1785795231.324338804,/loadcell_data_filtered.wrench.force.z,847.5372267512064
1.5493110360000002,1785795231.324733132,/loadcell_data_filtered.wrench.force.z,844.1673425230979
1.549772801,1785795231.325194897,/loadcell_data_filtered.wrench.force.z,842.0141359643651
1.55054887,1785795231.325970966,/loadcell_data_filtered.wrench.force.z,838.6760689150889
1.551135803,1785795231.326557899,/loadcell_data_filtered.wrench.force.z,836.3425236021568
1.551597368,1785795231.327019464,/loadcell_data_filtered.wrench.force.z,834.4156169179763
1.552004346,1785795231.327426442,/loadcell_data_filtered.wrench.force.z,833.5233197468979
1.5523553950000002,1785795231.327777491,/loadcell_data_filtered.wrench.force.z,832.7437597271188
1.5526856530000002,1785795231.328107749,/loadcell_data_filtered.wrench.force.z,833.4488850279052
1.5538625220000002,1785795231.329284618,/loadcell_data_filtered.wrench.force.z,834.4042363040144
1.554296435,1785795231.329718531,/loadcell_data_filtered.wrench.force.z,835.7493285830074
1.554609272,1785795231.330031368,/loadcell_data_filtered.wrench.force.z,836.5316092155
1.554923627,1785795231.330345723,/loadcell_data_filtered.wrench.force.z,837.4454999393688
1.555984482,1785795231.331406578,/loadcell_data_filtered.wrench.force.z,838.1853203024353
1.556874434,1785795231.332296530,/loadcell_data_filtered.wrench.force.z,839.1320648126907
1.557332358,1785795231.332754454,/loadcell_data_filtered.wrench.force.z,840.4003962967971
1.557756211,1785795231.333178307,/loadcell_data_filtered.wrench.force.z,841.1025807117875
1.558169157,1785795231.333591253,/loadcell_data_filtered.wrench.force.z,841.6706689795072
1.558578725,1785795231.334000821,/loadcell_data_filtered.wrench.force.z,848.4204871980854
1.558913293,1785795231.334335389,/loadcell_data_filtered.wrench.force.z,852.8563754825057
1.559267704,1785795231.334689800,/loadcell_data_filtered.wrench.force.z,857.6254464472088
1.5596781700000002,1785795231.335100266,/loadcell_data_filtered.wrench.force.z,861.5418286999897
1.559890964,1785795231.335313060,/loadcell_data_filtered.wrench.force.z,865.641101094517
1.560082457,1785795231.335504553,/loadcell_data_filtered.wrench.force.z,867.9568152308948
1.5608942670000001,1785795231.336316363,/loadcell_data_filtered.wrench.force.z,869.4128416554928
1.56184725,1785795231.337269346,/loadcell_data_filtered.wrench.force.z,870.0008494409176
1.562266116,1785795231.337688212,/loadcell_data_filtered.wrench.force.z,871.3058893776754
1.562483158,1785795231.337905254,/loadcell_data_filtered.wrench.force.z,872.4934881859082
1.562691394,1785795231.338113490,/loadcell_data_filtered.wrench.force.z,873.0007863397902
1.565081205,1785795231.340503301,/loadcell_data_filtered.wrench.force.z,873.402795470381
1.565472044,1785795231.340894140,/loadcell_data_filtered.wrench.force.z,874.0119724242173
1.565829129,1785795231.341251225,/loadcell_data_filtered.wrench.force.z,874.5306099199345
1.566212648,1785795231.341634744,/loadcell_data_filtered.wrench.force.z,871.9609641990004
1.566622288,1785795231.342044384,/loadcell_data_filtered.wrench.force.z,868.3951784445637
1.567009855,1785795231.342431951,/loadcell_data_filtered.wrench.force.z,868.34573299373
1.5673695890000001,1785795231.342791685,/loadcell_data_filtered.wrench.force.z,863.3975466531678
1.567781259,1785795231.343203355,/loadcell_data_filtered.wrench.force.z,859.9435021313324
1.5681010739999999,1785795231.343523170,/loadcell_data_filtered.wrench.force.z,856.5211365690858
1.568396782,1785795231.343818878,/loadcell_data_filtered.wrench.force.z,853.8982343295611
1.5687305500000002,1785795231.344152646,/loadcell_data_filtered.wrench.force.z,851.4666971435937
1.569044842,1785795231.344466938,/loadcell_data_filtered.wrench.force.z,850.5934643872932
1.569322005,1785795231.344744101,/loadcell_data_filtered.wrench.force.z,849.6357036527022
1.572131937,1785795231.347554033,/loadcell_data_filtered.wrench.force.z,849.9498765140889
1.576012997,1785795231.351435093,/loadcell_data_filtered.wrench.force.z,850.303048073153
1.576421909,1785795231.351844005,/loadcell_data_filtered.wrench.force.z,851.0855232503977
1.576745386,1785795231.352167482,/loadcell_data_filtered.wrench.force.z,851.5852552016407
1.5771114750000002,1785795231.352533571,/loadcell_data_filtered.wrench.force.z,851.2427984899364
1.577367186,1785795231.352789282,/loadcell_data_filtered.wrench.force.z,851.8762571131329
1.577608793,1785795231.353030889,/loadcell_data_filtered.wrench.force.z,854.2852444244995
1.57791435,1785795231.353336446,/loadcell_data_filtered.wrench.force.z,859.2746162879715
1.5782665470000001,1785795231.353688643,/loadcell_data_filtered.wrench.force.z,863.5729974480846
1.578573064,1785795231.353995160,/loadcell_data_filtered.wrench.force.z,867.5257168769411
1.578840328,1785795231.354262424,/loadcell_data_filtered.wrench.force.z,870.590283087319
1.5790929089999999,1785795231.354515005,/loadcell_data_filtered.wrench.force.z,871.5212644968764
1.579361891,1785795231.354783987,/loadcell_data_filtered.wrench.force.z,871.1640271058807
1.579646169,1785795231.355068265,/loadcell_data_filtered.wrench.force.z,870.8646250410721
1.579928147,1785795231.355350243,/loadcell_data_filtered.wrench.force.z,870.729145446314
1.580204328,1785795231.355626424,/loadcell_data_filtered.wrench.force.z,870.3983995971265
1.580470389,1785795231.355892485,/loadcell_data_filtered.wrench.force.z,870.5965414445171
1.580833051,1785795231.356255147,/loadcell_data_filtered.wrench.force.z,870.2876833133369
1.581136024,1785795231.356558120,/loadcell_data_filtered.wrench.force.z,870.3555139840829
1.581455423,1785795231.356877519,/loadcell_data_filtered.wrench.force.z,869.5908665981971
1.5818094600000001,1785795231.357231556,/loadcell_data_filtered.wrench.force.z,869.3734134255434
1.582085968,1785795231.357508064,/loadcell_data_filtered.wrench.force.z,867.9872411230664
1.582321879,1785795231.357743975,/loadcell_data_filtered.wrench.force.z,866.9760965761243
1.582540772,1785795231.357962868,/loadcell_data_filtered.wrench.force.z,861.6131389941064
1.582748375,1785795231.358170471,/loadcell_data_filtered.wrench.force.z,857.7849597168214
1.583278932,1785795231.358701028,/loadcell_data_filtered.wrench.force.z,852.8994455054735
1.583728247,1785795231.359150343,/loadcell_data_filtered.wrench.force.z,849.171169650166
1.5842532679999999,1785795231.359675364,/loadcell_data_filtered.wrench.force.z,845.5151166995341
1.5846611890000002,1785795231.360083285,/loadcell_data_filtered.wrench.force.z,843.021189594528
1.585967179,1785795231.361389275,/loadcell_data_filtered.wrench.force.z,841.198222811737
1.5880663190000002,1785795231.363488415,/loadcell_data_filtered.wrench.force.z,840.769196903141
1.588690127,1785795231.364112223,/loadcell_data_filtered.wrench.force.z,841.4126697370742
1.588895173,1785795231.364317269,/loadcell_data_filtered.wrench.force.z,841.3380413145708
1.5890656440000002,1785795231.364487740,/loadcell_data_filtered.wrench.force.z,841.4736603051805
1.589237008,1785795231.364659104,/loadcell_data_filtered.wrench.force.z,841.8405883036437
1.5893925960000002,1785795231.364814692,/loadcell_data_filtered.wrench.force.z,841.414045111641
1.589544931,1785795231.364967027,/loadcell_data_filtered.wrench.force.z,840.5144817114568
1.5912628450000001,1785795231.366684941,/loadcell_data_filtered.wrench.force.z,840.170019251317
1.591401667,1785795231.366823763,/loadcell_data_filtered.wrench.force.z,840.130605858526
1.591565217,1785795231.366987313,/loadcell_data_filtered.wrench.force.z,840.2140118118638
1.5917717370000002,1785795231.367193833,/loadcell_data_filtered.wrench.force.z,842.1215031525855
1.5918573440000001,1785795231.367279440,/loadcell_data_filtered.wrench.force.z,842.8382596548811
1.592043253,1785795231.367465349,/loadcell_data_filtered.wrench.force.z,846.3436322589346
1.592186537,1785795231.367608633,/loadcell_data_filtered.wrench.force.z,848.7460645243666
1.593201,1785795231.368623096,/loadcell_data_filtered.wrench.force.z,851.3573094973477
1.594343137,1785795231.369765233,/loadcell_data_filtered.wrench.force.z,852.9652099807115
1.594501736,1785795231.369923832,/loadcell_data_filtered.wrench.force.z,854.8339466210913
1.594929306,1785795231.370351402,/loadcell_data_filtered.wrench.force.z,855.6105019690426
1.595073541,1785795231.370495637,/loadcell_data_filtered.wrench.force.z,856.7471678003769
1.595461349,1785795231.370883445,/loadcell_data_filtered.wrench.force.z,857.0135410436822
1.5959080490000002,1785795231.371330145,/loadcell_data_filtered.wrench.force.z,857.2107962664287
1.596211797,1785795231.371633893,/loadcell_data_filtered.wrench.force.z,858.2320678662808
1.596662065,1785795231.372084161,/loadcell_data_filtered.wrench.force.z,858.2351528685688
1.5996902,1785795231.375112296,/loadcell_data_filtered.wrench.force.z,858.3286076083982
1.600166586,1785795231.375588682,/loadcell_data_filtered.wrench.force.z,858.5522242159719
1.600527284,1785795231.375949380,/loadcell_data_filtered.wrench.force.z,859.1367485008432
1.600918301,1785795231.376340397,/loadcell_data_filtered.wrench.force.z,859.658696913433
1.601379508,1785795231.376801604,/loadcell_data_filtered.wrench.force.z,855.0095266045638
1.601821913,1785795231.377244009,/loadcell_data_filtered.wrench.force.z,851.7501447575994
1.602184528,1785795231.377606624,/loadcell_data_filtered.wrench.force.z,848.7679748517153
1.602505468,1785795231.377927564,/loadcell_data_filtered.wrench.force.z,845.5853570253363
1.602820624,1785795231.378242720,/loadcell_data_filtered.wrench.force.z,843.6089088874163
1.603090312,1785795231.378512408,/loadcell_data_filtered.wrench.force.z,843.5049166099064
1.603344523,1785795231.378766619,/loadcell_data_filtered.wrench.force.z,843.6359999644073
1.604718877,1785795231.380140973,/loadcell_data_filtered.wrench.force.z,843.112807916856
1.6050150360000002,1785795231.380437132,/loadcell_data_filtered.wrench.force.z,843.8591618978853
1.605286078,1785795231.380708174,/loadcell_data_filtered.wrench.force.z,844.6365990266526
1.6056087250000002,1785795231.381030821,/loadcell_data_filtered.wrench.force.z,841.6687791952221
1.605968253,1785795231.381390349,/loadcell_data_filtered.wrench.force.z,838.7354509178449
1.606295463,1785795231.381717559,/loadcell_data_filtered.wrench.force.z,839.0450601867024
1.606664158,1785795231.382086254,/loadcell_data_filtered.wrench.force.z,839.3906211958251
1.6070309100000002,1785795231.382453006,/loadcell_data_filtered.wrench.force.z,840.6674884609341
1.6092273970000002,1785795231.384649493,/loadcell_data_filtered.wrench.force.z,840.4535226895362
1.6097789040000001,1785795231.385201000,/loadcell_data_filtered.wrench.force.z,844.0441998193924
1.6101245130000001,1785795231.385546609,/loadcell_data_filtered.wrench.force.z,848.5745482985328
1.6109265220000002,1785795231.386348618,/loadcell_data_filtered.wrench.force.z,854.3173954971528
1.611316363,1785795231.386738459,/loadcell_data_filtered.wrench.force.z,858.7309477576005
1.611700874,1785795231.387122970,/loadcell_data_filtered.wrench.force.z,862.197284418608
1.611959329,1785795231.387381425,/loadcell_data_filtered.wrench.force.z,865.3750096933774
1.6122134730000002,1785795231.387635569,/loadcell_data_filtered.wrench.force.z,866.6615924469088
1.612445744,1785795231.387867840,/loadcell_data_filtered.wrench.force.z,860.1701092109902
1.612695781,1785795231.388117877,/loadcell_data_filtered.wrench.force.z,861.105195070483
1.612925881,1785795231.388347977,/loadcell_data_filtered.wrench.force.z,860.6549818446788
1.613168903,1785795231.388590999,/loadcell_data_filtered.wrench.force.z,861.4406445831071
1.614429855,1785795231.389851951,/loadcell_data_filtered.wrench.force.z,862.4520046505718
1.6149046880000002,1785795231.390326784,/loadcell_data_filtered.wrench.force.z,862.9419048123686
1.615366039,1785795231.390788135,/loadcell_data_filtered.wrench.force.z,864.430479289092
1.6157907950000001,1785795231.391212891,/loadcell_data_filtered.wrench.force.z,865.2706380216116
1.6161219770000002,1785795231.391544073,/loadcell_data_filtered.wrench.force.z,866.3287003053113
1.616389736,1785795231.391811832,/loadcell_data_filtered.wrench.force.z,866.8076495019292
1.616669326,1785795231.392091422,/loadcell_data_filtered.wrench.force.z,862.4842965148692
1.61700375,1785795231.392425846,/loadcell_data_filtered.wrench.force.z,859.9667153099399
1.6172421350000001,1785795231.392664231,/loadcell_data_filtered.wrench.force.z,856.4540017688579
1.6174720470000001,1785795231.392894143,/loadcell_data_filtered.wrench.force.z,855.1025253838382
1.617712717,1785795231.393134813,/loadcell_data_filtered.wrench.force.z,852.9018770586437
1.618055025,1785795231.393477121,/loadcell_data_filtered.wrench.force.z,851.6327698400256
1.61857368,1785795231.393995776,/loadcell_data_filtered.wrench.force.z,850.8280358962646
1.619623162,1785795231.395045258,/loadcell_data_filtered.wrench.force.z,851.5908872347203
1.619829769,1785795231.395251865,/loadcell_data_filtered.wrench.force.z,852.7420648333873
1.61997269,1785795231.395394786,/loadcell_data_filtered.wrench.force.z,854.1256086088221
1.6204935580000002,1785795231.395915654,/loadcell_data_filtered.wrench.force.z,854.7416628137596
1.621360034,1785795231.396782130,/loadcell_data_filtered.wrench.force.z,855.587394023372
1.622030536,1785795231.397452632,/loadcell_data_filtered.wrench.force.z,855.91919461446
1.6225656210000001,1785795231.397987717,/loadcell_data_filtered.wrench.force.z,856.4451344501811
1.6229059490000002,1785795231.398328045,/loadcell_data_filtered.wrench.force.z,856.9701861651529
1.6249670200000002,1785795231.400389116,/loadcell_data_filtered.wrench.force.z,857.5374281633726
1.625163477,1785795231.400585573,/loadcell_data_filtered.wrench.force.z,858.1797734730774
1.6253176150000002,1785795231.400739711,/loadcell_data_filtered.wrench.force.z,864.7862468792287
1.625462197,1785795231.400884293,/loadcell_data_filtered.wrench.force.z,869.7755390235197
1.6256124390000002,1785795231.401034535,/loadcell_data_filtered.wrench.force.z,874.3662015814884
1.626074421,1785795231.401496517,/loadcell_data_filtered.wrench.force.z,878.2523387173724
1.626284333,1785795231.401706429,/loadcell_data_filtered.wrench.force.z,881.8418040527766
1.6264504020000001,1785795231.401872498,/loadcell_data_filtered.wrench.force.z,883.7193533672006
1.627112785,1785795231.402534881,/loadcell_data_filtered.wrench.force.z,884.9470000256144
1.627481413,1785795231.402903509,/loadcell_data_filtered.wrench.force.z,885.5814944369388
1.6283634710000001,1785795231.403785567,/loadcell_data_filtered.wrench.force.z,885.8503669474699
1.631009026,1785795231.406431122,/loadcell_data_filtered.wrench.force.z,886.4826680500775
1.63146297,1785795231.406885066,/loadcell_data_filtered.wrench.force.z,886.6709953591675
1.631718052,1785795231.407140148,/loadcell_data_filtered.wrench.force.z,886.6622758846512
1.631728361,1785795231.407150457,/loadcell_data_filtered.wrench.force.z,886.9181190921277
1.631929419,1785795231.407351515,/loadcell_data_filtered.wrench.force.z,887.4612303908666
1.6320503020000001,1785795231.407472398,/loadcell_data_filtered.wrench.force.z,887.2431162197369
1.6321927710000002,1785795231.407614867,/loadcell_data_filtered.wrench.force.z,886.5141718555635
1.632309449,1785795231.407731545,/loadcell_data_filtered.wrench.force.z,884.2091222608527
1.633031125,1785795231.408453221,/loadcell_data_filtered.wrench.force.z,877.4073313984566
1.633500613,1785795231.408922709,/loadcell_data_filtered.wrench.force.z,871.6991924962709
1.636894652,1785795231.412316748,/loadcell_data_filtered.wrench.force.z,866.8669505507224
1.637464915,1785795231.412887011,/loadcell_data_filtered.wrench.force.z,862.8002471205759
1.637896684,1785795231.413318780,/loadcell_data_filtered.wrench.force.z,859.4041727342232
1.638383275,1785795231.413805371,/loadcell_data_filtered.wrench.force.z,857.6326818604743
1.638720674,1785795231.414142770,/loadcell_data_filtered.wrench.force.z,855.8535975301273
1.6389441640000002,1785795231.414366260,/loadcell_data_filtered.wrench.force.z,848.2004432853861
1.639203921,1785795231.414626017,/loadcell_data_filtered.wrench.force.z,846.9142804287187
1.639466676,1785795231.414888772,/loadcell_data_filtered.wrench.force.z,844.747758986826
1.639699715,1785795231.415121811,/loadcell_data_filtered.wrench.force.z,843.8175293749405
1.6399396560000001,1785795231.415361752,/loadcell_data_filtered.wrench.force.z,842.4025796073464
1.640186651,1785795231.415608747,/loadcell_data_filtered.wrench.force.z,841.4264713896106
1.640408528,1785795231.415830624,/loadcell_data_filtered.wrench.force.z,840.145669182213
1.640635277,1785795231.416057373,/loadcell_data_filtered.wrench.force.z,839.55905265824
1.640834036,1785795231.416256132,/loadcell_data_filtered.wrench.force.z,837.8854478189496
1.641029282,1785795231.416451378,/loadcell_data_filtered.wrench.force.z,841.0930291448093
1.641231719,1785795231.416653815,/loadcell_data_filtered.wrench.force.z,843.7755839190824
1.6418571210000001,1785795231.417279217,/loadcell_data_filtered.wrench.force.z,847.620272447891
1.642183652,1785795231.417605748,/loadcell_data_filtered.wrench.force.z,850.7231109550299
1.643879891,1785795231.419301987,/loadcell_data_filtered.wrench.force.z,853.4168287532033
1.6441115370000001,1785795231.419533633,/loadcell_data_filtered.wrench.force.z,854.6288731807845
1.6442671240000002,1785795231.419689220,/loadcell_data_filtered.wrench.force.z,856.0364910892542
1.644452222,1785795231.419874318,/loadcell_data_filtered.wrench.force.z,856.7825550057355
1.6446982,1785795231.420120296,/loadcell_data_filtered.wrench.force.z,856.926002516803
1.645029809,1785795231.420451905,/loadcell_data_filtered.wrench.force.z,856.0714555734003
1.645390865,1785795231.420812961,/loadcell_data_filtered.wrench.force.z,856.2374955827831
1.64598239,1785795231.421404486,/loadcell_data_filtered.wrench.force.z,856.1080563918193
1.646507831,1785795231.421929927,/loadcell_data_filtered.wrench.force.z,856.4396272853495
1.648502546,1785795231.423924642,/loadcell_data_filtered.wrench.force.z,856.803090885211
1.648901589,1785795231.424323685,/loadcell_data_filtered.wrench.force.z,856.7013787174035
1.6491891440000002,1785795231.424611240,/loadcell_data_filtered.wrench.force.z,850.5332969298463
1.650934745,1785795231.426356841,/loadcell_data_filtered.wrench.force.z,850.1009252501636
1.65218734,1785795231.427609436,/loadcell_data_filtered.wrench.force.z,844.6002961126042
1.652663919,1785795231.428086015,/loadcell_data_filtered.wrench.force.z,842.8037301458731
1.653082978,1785795231.428505074,/loadcell_data_filtered.wrench.force.z,839.6533750296453
1.653437725,1785795231.428859821,/loadcell_data_filtered.wrench.force.z,837.6030501138058
1.653790774,1785795231.429212870,/loadcell_data_filtered.wrench.force.z,835.9453896847467
1.654156066,1785795231.429578162,/loadcell_data_filtered.wrench.force.z,834.7329971496188
1.654568174,1785795231.429990270,/loadcell_data_filtered.wrench.force.z,834.2507581575065
1.6548349560000002,1785795231.430257052,/loadcell_data_filtered.wrench.force.z,833.7151526423108
1.655110562,1785795231.430532658,/loadcell_data_filtered.wrench.force.z,834.2099667643237
1.65534025,1785795231.430762346,/loadcell_data_filtered.wrench.force.z,834.9629290795915
1.655568259,1785795231.430990355,/loadcell_data_filtered.wrench.force.z,835.7866670962716
1.655888601,1785795231.431310697,/loadcell_data_filtered.wrench.force.z,836.3784640751751
1.656209253,1785795231.431631349,/loadcell_data_filtered.wrench.force.z,836.6238855934107
1.656425456,1785795231.431847552,/loadcell_data_filtered.wrench.force.z,837.2645812375979
1.6566582730000001,1785795231.432080369,/loadcell_data_filtered.wrench.force.z,837.9796648284819
1.656882465,1785795231.432304561,/loadcell_data_filtered.wrench.force.z,838.6864593515087
1.657094807,1785795231.432516903,/loadcell_data_filtered.wrench.force.z,839.5321829520346
1.6581236590000001,1785795231.433545755,/loadcell_data_filtered.wrench.force.z,846.6440313228994
1.658353463,1785795231.433775559,/loadcell_data_filtered.wrench.force.z,851.879255335905
1.658492678,1785795231.433914774,/loadcell_data_filtered.wrench.force.z,857.4281907988656
1.659588596,1785795231.435010692,/loadcell_data_filtered.wrench.force.z,861.7870131138739
1.659730754,1785795231.435152850,/loadcell_data_filtered.wrench.force.z,865.551410796049
1.659857265,1785795231.435279361,/loadcell_data_filtered.wrench.force.z,868.4561144952974
1.660370417,1785795231.435792513,/loadcell_data_filtered.wrench.force.z,870.506431092799
1.660864791,1785795231.436286887,/loadcell_data_filtered.wrench.force.z,871.679127916454
1.661469837,1785795231.436891933,/loadcell_data_filtered.wrench.force.z,873.0938745141601
1.6621887210000001,1785795231.437610817,/loadcell_data_filtered.wrench.force.z,874.5024203700327
1.663153566,1785795231.438575662,/loadcell_data_filtered.wrench.force.z,875.3397109202438
1.663433177,1785795231.438855273,/loadcell_data_filtered.wrench.force.z,876.6973573067136
1.663665864,1785795231.439087960,/loadcell_data_filtered.wrench.force.z,877.713635897164
1.664101363,1785795231.439523459,/loadcell_data_filtered.wrench.force.z,878.4917145446427
1.664616873,1785795231.440038969,/loadcell_data_filtered.wrench.force.z,879.2063122645174
1.665719216,1785795231.441141312,/loadcell_data_filtered.wrench.force.z,880.0602920335016
1.666839805,1785795231.442261901,/loadcell_data_filtered.wrench.force.z,878.8621688181903
1.6670247630000001,1785795231.442446859,/loadcell_data_filtered.wrench.force.z,875.0518204301375
1.667224918,1785795231.442647014,/loadcell_data_filtered.wrench.force.z,871.37150322052
1.66743904,1785795231.442861136,/loadcell_data_filtered.wrench.force.z,868.7725287985367
1.6675525900000001,1785795231.442974686,/loadcell_data_filtered.wrench.force.z,866.8075976375318
1.668329409,1785795231.443751505,/loadcell_data_filtered.wrench.force.z,864.004954078245
1.66867367,1785795231.444095766,/loadcell_data_filtered.wrench.force.z,862.3469649586186
1.669298192,1785795231.444720288,/loadcell_data_filtered.wrench.force.z,862.3351098706114
1.672049037,1785795231.447471133,/loadcell_data_filtered.wrench.force.z,862.747694253344
1.67235984,1785795231.447781936,/loadcell_data_filtered.wrench.force.z,863.0154961151229
1.672601623,1785795231.448023719,/loadcell_data_filtered.wrench.force.z,864.2532422147809
1.672850194,1785795231.448272290,/loadcell_data_filtered.wrench.force.z,864.9100885762705
1.673112664,1785795231.448534760,/loadcell_data_filtered.wrench.force.z,865.5334419186869
1.673320952,1785795231.448743048,/loadcell_data_filtered.wrench.force.z,866.0619177053347
1.6736168120000001,1785795231.449038908,/loadcell_data_filtered.wrench.force.z,865.6408543253334
1.67379803,1785795231.449220126,/loadcell_data_filtered.wrench.force.z,864.6846372535343
1.674004369,1785795231.449426465,/loadcell_data_filtered.wrench.force.z,865.3902765061421
1.674231164,1785795231.449653260,/loadcell_data_filtered.wrench.force.z,869.9372391378519
1.6744204740000002,1785795231.449842570,/loadcell_data_filtered.wrench.force.z,873.3148340578368
1.6747982920000002,1785795231.450220388,/loadcell_data_filtered.wrench.force.z,877.7069583392552
1.6795975300000001,1785795231.455019626,/loadcell_data_filtered.wrench.force.z,881.1709191140401
1.679893429,1785795231.455315525,/loadcell_data_filtered.wrench.force.z,884.150598592936
1.6801444490000002,1785795231.455566545,/loadcell_data_filtered.wrench.force.z,887.4187407603623
1.680365716,1785795231.455787812,/loadcell_data_filtered.wrench.force.z,889.6529026284408
1.680608158,1785795231.456030254,/loadcell_data_filtered.wrench.force.z,890.5109655553109
1.680839495,1785795231.456261591,/loadcell_data_filtered.wrench.force.z,891.8153343937302
1.6810970680000001,1785795231.456519164,/loadcell_data_filtered.wrench.force.z,893.0608649986681
1.681377802,1785795231.456799898,/loadcell_data_filtered.wrench.force.z,894.2097952783491
1.681655367,1785795231.457077463,/loadcell_data_filtered.wrench.force.z,895.1808837093452
1.682050846,1785795231.457472942,/loadcell_data_filtered.wrench.force.z,895.6329866745541
1.682392556,1785795231.457814652,/loadcell_data_filtered.wrench.force.z,894.4486917727166
1.682717419,1785795231.458139515,/loadcell_data_filtered.wrench.force.z,895.2563970299146
1.6830398670000002,1785795231.458461963,/loadcell_data_filtered.wrench.force.z,895.6936968942105
1.6833744350000002,1785795231.458796531,/loadcell_data_filtered.wrench.force.z,895.9388535851878
1.683707882,1785795231.459129978,/loadcell_data_filtered.wrench.force.z,891.0387946580771
1.6847357760000001,1785795231.460157872,/loadcell_data_filtered.wrench.force.z,886.5720410852783
1.685151961,1785795231.460574057,/loadcell_data_filtered.wrench.force.z,882.9713676089159
1.685384487,1785795231.460806583,/loadcell_data_filtered.wrench.force.z,879.5572722496073
1.685726277,1785795231.461148373,/loadcell_data_filtered.wrench.force.z,869.1337377322903
1.686042616,1785795231.461464712,/loadcell_data_filtered.wrench.force.z,867.8460592052738
1.68685758,1785795231.462279676,/loadcell_data_filtered.wrench.force.z,865.3033014887295
1.697180627,1785795231.472602723,/loadcell_data_filtered.wrench.force.z,864.9491960732805
1.697361226,1785795231.472783322,/loadcell_data_filtered.wrench.force.z,865.5364965667519
1.697512894,1785795231.472934990,/loadcell_data_filtered.wrench.force.z,865.8318467038339
1.699773086,1785795231.475195182,/loadcell_data_filtered.wrench.force.z,871.9373875827599
1.700231185,1785795231.475653281,/loadcell_data_filtered.wrench.force.z,876.7699430660608
1.700783823,1785795231.476205919,/loadcell_data_filtered.wrench.force.z,880.138939558818
1.701362311,1785795231.476784407,/loadcell_data_filtered.wrench.force.z,883.1807520600851
1.701910609,1785795231.477332705,/loadcell_data_filtered.wrench.force.z,886.2571010774803
1.702491239,1785795231.477913335,/loadcell_data_filtered.wrench.force.z,886.9221019603845
1.7029972450000002,1785795231.478419341,/loadcell_data_filtered.wrench.force.z,888.0615351569398
1.703406635,1785795231.478828731,/loadcell_data_filtered.wrench.force.z,886.5473179378603
1.703714227,1785795231.479136323,/loadcell_data_filtered.wrench.force.z,882.9974188797086
1.7039316549999999,1785795231.479353751,/loadcell_data_filtered.wrench.force.z,875.2265660429348
1.704159339,1785795231.479581435,/loadcell_data_filtered.wrench.force.z,872.5588803537139
1.704397965,1785795231.479820061,/loadcell_data_filtered.wrench.force.z,869.8591593643314
1.704670071,1785795231.480092167,/loadcell_data_filtered.wrench.force.z,867.8860917291689
1.704945055,1785795231.480367151,/loadcell_data_filtered.wrench.force.z,866.8581058118158
1.705276652,1785795231.480698748,/loadcell_data_filtered.wrench.force.z,867.5279888820594
1.70558804,1785795231.481010136,/loadcell_data_filtered.wrench.force.z,866.7663835394526
1.705908105,1785795231.481330201,/loadcell_data_filtered.wrench.force.z,866.2155677195111
1.706256839,1785795231.481678935,/loadcell_data_filtered.wrench.force.z,866.2296247774027
1.706580149,1785795231.482002245,/loadcell_data_filtered.wrench.force.z,866.2934667485935
1.706992775,1785795231.482414871,/loadcell_data_filtered.wrench.force.z,865.7511007668156
1.707384436,1785795231.482806532,/loadcell_data_filtered.wrench.force.z,864.9522472260522
1.707851739,1785795231.483273835,/loadcell_data_filtered.wrench.force.z,864.7006038874997
1.70825112,1785795231.483673216,/loadcell_data_filtered.wrench.force.z,864.9035410934551
1.708647949,1785795231.484070045,/loadcell_data_filtered.wrench.force.z,864.7501920601729
1.709083884,1785795231.484505980,/loadcell_data_filtered.wrench.force.z,869.9810466183587
1.709534047,1785795231.484956143,/loadcell_data_filtered.wrench.force.z,873.4033638261259
1.71003572,1785795231.485457816,/loadcell_data_filtered.wrench.force.z,877.6800793322677
1.710454471,1785795231.485876567,/loadcell_data_filtered.wrench.force.z,881.5431476132293
1.710869706,1785795231.486291802,/loadcell_data_filtered.wrench.force.z,885.2537694117455
1.711243895,1785795231.486665991,/loadcell_data_filtered.wrench.force.z,888.4600654302841
1.711658088,1785795231.487080184,/loadcell_data_filtered.wrench.force.z,890.3147818318076
1.7119208490000002,1785795231.487342945,/loadcell_data_filtered.wrench.force.z,891.666526821457
1.71216908,1785795231.487591176,/loadcell_data_filtered.wrench.force.z,892.8905294068995
1.712421659,1785795231.487843755,/loadcell_data_filtered.wrench.force.z,893.3723873352359
1.712652078,1785795231.488074174,/loadcell_data_filtered.wrench.force.z,893.7235916690345
1.71285213,1785795231.488274226,/loadcell_data_filtered.wrench.force.z,894.6221414181941
1.713130825,1785795231.488552921,/loadcell_data_filtered.wrench.force.z,895.2421222153899
1.7136168920000001,1785795231.489038988,/loadcell_data_filtered.wrench.force.z,896.1752142305604
1.714384698,1785795231.489806794,/loadcell_data_filtered.wrench.force.z,896.9721531431882
1.7148626390000001,1785795231.490284735,/loadcell_data_filtered.wrench.force.z,897.8219964351222
1.716126738,1785795231.491548834,/loadcell_data_filtered.wrench.force.z,898.5814172681131
1.7168735050000001,1785795231.492295601,/loadcell_data_filtered.wrench.force.z,893.7056986524266
1.717251678,1785795231.492673774,/loadcell_data_filtered.wrench.force.z,891.8314265659078
1.7176168569999999,1785795231.493038953,/loadcell_data_filtered.wrench.force.z,888.9484100187542
1.717974418,1785795231.493396514,/loadcell_data_filtered.wrench.force.z,887.4084687990929
1.718258526,1785795231.493680622,/loadcell_data_filtered.wrench.force.z,885.1533023130089
1.718620802,1785795231.494042898,/loadcell_data_filtered.wrench.force.z,884.0089889737455
1.719001663,1785795231.494423759,/loadcell_data_filtered.wrench.force.z,883.7223365757297
1.719397348,1785795231.494819444,/loadcell_data_filtered.wrench.force.z,884.2257329931488
1.71986104,1785795231.495283136,/loadcell_data_filtered.wrench.force.z,885.007219011476
1.720841912,1785795231.496264008,/loadcell_data_filtered.wrench.force.z,885.8426808598705
1.723466801,1785795231.498888897,/loadcell_data_filtered.wrench.force.z,886.4172607845953
1.723852503,1785795231.499274599,/loadcell_data_filtered.wrench.force.z,887.6329231008972
1.7241038020000001,1785795231.499525898,/loadcell_data_filtered.wrench.force.z,887.5683027963721
1.724278215,1785795231.499700311,/loadcell_data_filtered.wrench.force.z,888.4653779343187
1.724435337,1785795231.499857433,/loadcell_data_filtered.wrench.force.z,883.6146314855816
1.724620377,1785795231.500042473,/loadcell_data_filtered.wrench.force.z,881.578295399946
1.724788138,1785795231.500210234,/loadcell_data_filtered.wrench.force.z,882.2757615919934
1.72496668,1785795231.500388776,/loadcell_data_filtered.wrench.force.z,887.2725162556217
1.725185997,1785795231.500608093,/loadcell_data_filtered.wrench.force.z,891.7882249679736
1.725925621,1785795231.501347717,/loadcell_data_filtered.wrench.force.z,895.731323465025
1.727279532,1785795231.502701628,/loadcell_data_filtered.wrench.force.z,898.9720154806241
1.727595644,1785795231.503017740,/loadcell_data_filtered.wrench.force.z,902.0914850644567
1.7278174179999999,1785795231.503239514,/loadcell_data_filtered.wrench.force.z,897.6524984189609
1.728049574,1785795231.503471670,/loadcell_data_filtered.wrench.force.z,896.6674187864402
1.72832457,1785795231.503746666,/loadcell_data_filtered.wrench.force.z,896.0958679400014
1.728986435,1785795231.504408531,/loadcell_data_filtered.wrench.force.z,896.0463530310434
1.729344695,1785795231.504766791,/loadcell_data_filtered.wrench.force.z,895.977953354891
1.72965197,1785795231.505074066,/loadcell_data_filtered.wrench.force.z,896.3156500859993
1.7299741530000001,1785795231.505396249,/loadcell_data_filtered.wrench.force.z,896.4978640315649
1.730933601,1785795231.506355697,/loadcell_data_filtered.wrench.force.z,896.3730742876469
1.733337085,1785795231.508759181,/loadcell_data_filtered.wrench.force.z,896.4008761059175
1.733815742,1785795231.509237838,/loadcell_data_filtered.wrench.force.z,897.1782012995498
1.73414932,1785795231.509571416,/loadcell_data_filtered.wrench.force.z,896.8831803283585
1.734407467,1785795231.509829563,/loadcell_data_filtered.wrench.force.z,893.877988607935
1.73469447,1785795231.510116566,/loadcell_data_filtered.wrench.force.z,890.9915129127791
1.734959263,1785795231.510381359,/loadcell_data_filtered.wrench.force.z,887.1571176169404
1.7352386850000001,1785795231.510660781,/loadcell_data_filtered.wrench.force.z,884.2219561408975
1.735480535,1785795231.510902631,/loadcell_data_filtered.wrench.force.z,880.1698159704133
1.735755042,1785795231.511177138,/loadcell_data_filtered.wrench.force.z,877.8019543532463
1.736001715,1785795231.511423811,/loadcell_data_filtered.wrench.force.z,876.4416086485381
1.737219766,1785795231.512641862,/loadcell_data_filtered.wrench.force.z,876.4036372391606
1.737419548,1785795231.512841644,/loadcell_data_filtered.wrench.force.z,877.4683573208691
1.73869588,1785795231.514117976,/loadcell_data_filtered.wrench.force.z,877.7982179317091
1.7392476540000001,1785795231.514669750,/loadcell_data_filtered.wrench.force.z,878.5273097022045
1.7402330990000001,1785795231.515655195,/loadcell_data_filtered.wrench.force.z,879.6205327026835
1.740650681,1785795231.516072777,/loadcell_data_filtered.wrench.force.z,879.5499098729165
1.741015379,1785795231.516437475,/loadcell_data_filtered.wrench.force.z,879.7037392765664
1.741375592,1785795231.516797688,/loadcell_data_filtered.wrench.force.z,879.4014608008542
1.7416496220000002,1785795231.517071718,/loadcell_data_filtered.wrench.force.z,879.8798172656003
1.741978194,1785795231.517400290,/loadcell_data_filtered.wrench.force.z,879.6481689475627
1.742395662,1785795231.517817758,/loadcell_data_filtered.wrench.force.z,883.8497531398926
1.7427545389999999,1785795231.518176635,/loadcell_data_filtered.wrench.force.z,887.2804123641204
1.74295062,1785795231.518372716,/loadcell_data_filtered.wrench.force.z,891.4692141933357
1.7431172140000002,1785795231.518539310,/loadcell_data_filtered.wrench.force.z,894.6160786416666
1.743295037,1785795231.518717133,/loadcell_data_filtered.wrench.force.z,897.1546891929818
1.74349159,1785795231.518913686,/loadcell_data_filtered.wrench.force.z,898.0331576565748
1.743688208,1785795231.519110304,/loadcell_data_filtered.wrench.force.z,898.5485473578905
1.743977853,1785795231.519399949,/loadcell_data_filtered.wrench.force.z,897.7617792068326
1.744845489,1785795231.520267585,/loadcell_data_filtered.wrench.force.z,897.0330201351896
1.745197359,1785795231.520619455,/loadcell_data_filtered.wrench.force.z,896.014192673503
1.745763357,1785795231.521185453,/loadcell_data_filtered.wrench.force.z,894.998118817718
1.746737756,1785795231.522159852,/loadcell_data_filtered.wrench.force.z,894.5090085603032
1.7471648050000002,1785795231.522586901,/loadcell_data_filtered.wrench.force.z,893.8794884107868
1.7474696870000002,1785795231.522891783,/loadcell_data_filtered.wrench.force.z,893.4592817613927
1.749741401,1785795231.525163497,/loadcell_data_filtered.wrench.force.z,892.3033569267755
1.75011202,1785795231.525534116,/loadcell_data_filtered.wrench.force.z,890.6731614445516
1.750371442,1785795231.525793538,/loadcell_data_filtered.wrench.force.z,889.1991162713192
1.750651921,1785795231.526074017,/loadcell_data_filtered.wrench.force.z,877.1457323274128
1.750895874,1785795231.526317970,/loadcell_data_filtered.wrench.force.z,869.7742397273527
1.7511361920000001,1785795231.526558288,/loadcell_data_filtered.wrench.force.z,863.9276041015927
1.7513669470000002,1785795231.526789043,/loadcell_data_filtered.wrench.force.z,859.3723703564808
1.7516122950000002,1785795231.527034391,/loadcell_data_filtered.wrench.force.z,855.2172145075239
1.751907016,1785795231.527329112,/loadcell_data_filtered.wrench.force.z,852.642905223631
1.752179816,1785795231.527601912,/loadcell_data_filtered.wrench.force.z,851.0104546513319
1.752457504,1785795231.527879600,/loadcell_data_filtered.wrench.force.z,850.2767219760525
1.75306803,1785795231.528490126,/loadcell_data_filtered.wrench.force.z,849.7377357551103
1.753547615,1785795231.528969711,/loadcell_data_filtered.wrench.force.z,849.5417098945352
1.754005231,1785795231.529427327,/loadcell_data_filtered.wrench.force.z,848.9041357267191
1.754773245,1785795231.530195341,/loadcell_data_filtered.wrench.force.z,848.2791037971523
1.754973232,1785795231.530395328,/loadcell_data_filtered.wrench.force.z,847.8669588129742
1.755400313,1785795231.530822409,/loadcell_data_filtered.wrench.force.z,847.3481620024428
1.755912095,1785795231.531334191,/loadcell_data_filtered.wrench.force.z,847.1162512325145
1.7563677659999999,1785795231.531789862,/loadcell_data_filtered.wrench.force.z,847.1036307773106
1.758332591,1785795231.533754687,/loadcell_data_filtered.wrench.force.z,847.870069382151
1.758470639,1785795231.533892735,/loadcell_data_filtered.wrench.force.z,852.2768856252056
1.759462256,1785795231.534884352,/loadcell_data_filtered.wrench.force.z,851.2792126987823
1.759585999,1785795231.535008095,/loadcell_data_filtered.wrench.force.z,855.5963958591855
1.760380706,1785795231.535802802,/loadcell_data_filtered.wrench.force.z,858.8147175472221
1.760508393,1785795231.535930489,/loadcell_data_filtered.wrench.force.z,863.0046665286649
1.760784917,1785795231.536207013,/loadcell_data_filtered.wrench.force.z,865.8221066689047
1.760906821,1785795231.536328917,/loadcell_data_filtered.wrench.force.z,866.8886985027735
1.761019862,1785795231.536441958,/loadcell_data_filtered.wrench.force.z,868.1862035896645
1.761663157,1785795231.537085253,/loadcell_data_filtered.wrench.force.z,868.9514991848988
1.761916506,1785795231.537338602,/loadcell_data_filtered.wrench.force.z,869.1113894776612
1.7624314060000001,1785795231.537853502,/loadcell_data_filtered.wrench.force.z,869.7152952341064
1.763131366,1785795231.538553462,/loadcell_data_filtered.wrench.force.z,870.7992530764406
1.763441481,1785795231.538863577,/loadcell_data_filtered.wrench.force.z,872.0102145377442
1.7641386890000001,1785795231.539560785,/loadcell_data_filtered.wrench.force.z,873.5482219608972
1.764446881,1785795231.539868977,/loadcell_data_filtered.wrench.force.z,874.5166226104224
1.764840225,1785795231.540262321,/loadcell_data_filtered.wrench.force.z,875.33138108557
1.766045926,1785795231.541468022,/loadcell_data_filtered.wrench.force.z,871.7759584949556
1.766599821,1785795231.542021917,/loadcell_data_filtered.wrench.force.z,869.7663900751851
1.768651079,1785795231.544073175,/loadcell_data_filtered.wrench.force.z,866.0747649211288
1.768949985,1785795231.544372081,/loadcell_data_filtered.wrench.force.z,863.8068948287793
1.769193819,1785795231.544615915,/loadcell_data_filtered.wrench.force.z,861.9207376395683
1.7694345930000002,1785795231.544856689,/loadcell_data_filtered.wrench.force.z,853.7812746280359
1.769656732,1785795231.545078828,/loadcell_data_filtered.wrench.force.z,853.3673273059366
1.769896061,1785795231.545318157,/loadcell_data_filtered.wrench.force.z,854.3029073891122
1.770135231,1785795231.545557327,/loadcell_data_filtered.wrench.force.z,855.3844444462269
1.7704068240000002,1785795231.545828920,/loadcell_data_filtered.wrench.force.z,856.8182533442335
1.770866667,1785795231.546288763,/loadcell_data_filtered.wrench.force.z,857.5030649692783
1.771239277,1785795231.546661373,/loadcell_data_filtered.wrench.force.z,858.4855555522814
1.773699654,1785795231.549121750,/loadcell_data_filtered.wrench.force.z,859.8093529896082
1.7739978299999999,1785795231.549419926,/loadcell_data_filtered.wrench.force.z,860.3109234760404
1.7742060400000002,1785795231.549628136,/loadcell_data_filtered.wrench.force.z,861.0475969663506
1.774427883,1785795231.549849979,/loadcell_data_filtered.wrench.force.z,861.5097447302522
1.774711118,1785795231.550133214,/loadcell_data_filtered.wrench.force.z,862.2365202823132
1.774877534,1785795231.550299630,/loadcell_data_filtered.wrench.force.z,868.9309998193717
1.775076251,1785795231.550498347,/loadcell_data_filtered.wrench.force.z,873.3428353125538
1.7755656260000001,1785795231.550987722,/loadcell_data_filtered.wrench.force.z,878.2032843361304
1.7757561210000001,1785795231.551178217,/loadcell_data_filtered.wrench.force.z,882.1608247281885
1.775878116,1785795231.551300212,/loadcell_data_filtered.wrench.force.z,886.6704557778771
1.77630008,1785795231.551722176,/loadcell_data_filtered.wrench.force.z,888.7159456306321
1.780989304,1785795231.556411400,/loadcell_data_filtered.wrench.force.z,890.2517225803263
1.781133569,1785795231.556555665,/loadcell_data_filtered.wrench.force.z,891.0181419598738
1.781254352,1785795231.556676448,/loadcell_data_filtered.wrench.force.z,891.4617304178719
1.781382013,1785795231.556804109,/loadcell_data_filtered.wrench.force.z,890.5343409577347
1.781962799,1785795231.557384895,/loadcell_data_filtered.wrench.force.z,885.6741415763137
1.782108153,1785795231.557530249,/loadcell_data_filtered.wrench.force.z,886.920348677058
1.7823367110000001,1785795231.557758807,/loadcell_data_filtered.wrench.force.z,887.779488734749
1.782479667,1785795231.557901763,/loadcell_data_filtered.wrench.force.z,889.1053073572094
1.782625117,1785795231.558047213,/loadcell_data_filtered.wrench.force.z,889.971699538976
1.782809345,1785795231.558231441,/loadcell_data_filtered.wrench.force.z,890.6078853528911
1.7829870780000001,1785795231.558409174,/loadcell_data_filtered.wrench.force.z,890.0983692489643
1.783164465,1785795231.558586561,/loadcell_data_filtered.wrench.force.z,883.0833780971357
1.783376013,1785795231.558798109,/loadcell_data_filtered.wrench.force.z,878.8826050022311
1.7835503730000002,1785795231.558972469,/loadcell_data_filtered.wrench.force.z,875.2683269388888
1.783871387,1785795231.559293483,/loadcell_data_filtered.wrench.force.z,871.9590266888133
1.784288062,1785795231.559710158,/loadcell_data_filtered.wrench.force.z,869.0206060852848
1.784777857,1785795231.560199953,/loadcell_data_filtered.wrench.force.z,867.6108781606825
1.7853983960000002,1785795231.560820492,/loadcell_data_filtered.wrench.force.z,867.1194117353808
1.78579614,1785795231.561218236,/loadcell_data_filtered.wrench.force.z,867.092241834838
1.786226592,1785795231.561648688,/loadcell_data_filtered.wrench.force.z,867.4508496995076
1.786879375,1785795231.562301471,/loadcell_data_filtered.wrench.force.z,867.4891988362197
1.787847945,1785795231.563270041,/loadcell_data_filtered.wrench.force.z,867.3914172708775
1.789864702,1785795231.565286798,/loadcell_data_filtered.wrench.force.z,867.2019230116921
1.7902434710000001,1785795231.565665567,/loadcell_data_filtered.wrench.force.z,866.9503105380394
1.790592723,1785795231.566014819,/loadcell_data_filtered.wrench.force.z,866.9122483973194
1.790815441,1785795231.566237537,/loadcell_data_filtered.wrench.force.z,859.473425857667
1.7909856,1785795231.566407696,/loadcell_data_filtered.wrench.force.z,860.0812788537394
1.791163316,1785795231.566585412,/loadcell_data_filtered.wrench.force.z,861.4002402998236
1.7913341260000002,1785795231.566756222,/loadcell_data_filtered.wrench.force.z,866.3954153791425
1.7915262090000001,1785795231.566948305,/loadcell_data_filtered.wrench.force.z,871.2737583973536
1.791851053,1785795231.567273149,/loadcell_data_filtered.wrench.force.z,874.6776366148497
1.7925610170000001,1785795231.567983113,/loadcell_data_filtered.wrench.force.z,877.6267105211871
1.7929862619999999,1785795231.568408358,/loadcell_data_filtered.wrench.force.z,879.9792315818131
1.793407623,1785795231.568829719,/loadcell_data_filtered.wrench.force.z,880.6719883009571
1.7937936790000002,1785795231.569215775,/loadcell_data_filtered.wrench.force.z,880.626054435418
1.794336549,1785795231.569758645,/loadcell_data_filtered.wrench.force.z,880.4002706643729
1.794975669,1785795231.570397765,/loadcell_data_filtered.wrench.force.z,880.065002816745
1.797332141,1785795231.572754237,/loadcell_data_filtered.wrench.force.z,879.4003083444271
1.7978126680000002,1785795231.573234764,/loadcell_data_filtered.wrench.force.z,878.6963044202781
1.7982833390000001,1785795231.573705435,/loadcell_data_filtered.wrench.force.z,877.9021044008144
1.798799077,1785795231.574221173,/loadcell_data_filtered.wrench.force.z,870.2805788069617
1.799296166,1785795231.574718262,/loadcell_data_filtered.wrench.force.z,869.5539519816782
1.799706784,1785795231.575128880,/loadcell_data_filtered.wrench.force.z,867.993050796734
1.802346879,1785795231.577768975,/loadcell_data_filtered.wrench.force.z,866.3987920469574
1.8025628070000002,1785795231.577984903,/loadcell_data_filtered.wrench.force.z,860.2205854334484
1.802708468,1785795231.578130564,/loadcell_data_filtered.wrench.force.z,855.9303308730155
1.8028342,1785795231.578256296,/loadcell_data_filtered.wrench.force.z,850.6453234894506
1.802968205,1785795231.578390301,/loadcell_data_filtered.wrench.force.z,839.6027845523226
1.8030809030000001,1785795231.578502999,/loadcell_data_filtered.wrench.force.z,835.8698845104316
1.803200826,1785795231.578622922,/loadcell_data_filtered.wrench.force.z,831.4741047908068
1.803319911,1785795231.578742007,/loadcell_data_filtered.wrench.force.z,822.2583483036615
1.804590868,1785795231.580012964,/loadcell_data_filtered.wrench.force.z,821.6719810981732
1.8051839200000002,1785795231.580606016,/loadcell_data_filtered.wrench.force.z,819.2949280764147
1.805641886,1785795231.581063982,/loadcell_data_filtered.wrench.force.z,819.4583565584943
1.806009618,1785795231.581431714,/loadcell_data_filtered.wrench.force.z,819.0414075657377
1.806344598,1785795231.581766694,/loadcell_data_filtered.wrench.force.z,818.2969910584965
1.8068291950000002,1785795231.582251291,/loadcell_data_filtered.wrench.force.z,817.373588555719
1.807310036,1785795231.582732132,/loadcell_data_filtered.wrench.force.z,815.361638535319
1.807670064,1785795231.583092160,/loadcell_data_filtered.wrench.force.z,815.6175807191792
1.8079165330000002,1785795231.583338629,/loadcell_data_filtered.wrench.force.z,816.042839020116
1.8081592670000002,1785795231.583581363,/loadcell_data_filtered.wrench.force.z,816.4493920079835
1.808390382,1785795231.583812478,/loadcell_data_filtered.wrench.force.z,823.048913199703
1.80865214,1785795231.584074236,/loadcell_data_filtered.wrench.force.z,827.247249003315
1.808953323,1785795231.584375419,/loadcell_data_filtered.wrench.force.z,830.5573386493477
1.809236762,1785795231.584658858,/loadcell_data_filtered.wrench.force.z,834.5001662825025
1.809472108,1785795231.584894204,/loadcell_data_filtered.wrench.force.z,838.3000785997884
1.809861164,1785795231.585283260,/loadcell_data_filtered.wrench.force.z,840.4623989545692
1.810184331,1785795231.585606427,/loadcell_data_filtered.wrench.force.z,842.3504477197358
1.810642928,1785795231.586065024,/loadcell_data_filtered.wrench.force.z,843.2919435282623
1.811681015,1785795231.587103111,/loadcell_data_filtered.wrench.force.z,844.5022615153509
1.813804105,1785795231.589226201,/loadcell_data_filtered.wrench.force.z,845.6987680504807
1.814525146,1785795231.589947242,/loadcell_data_filtered.wrench.force.z,846.9258972385431
1.814980194,1785795231.590402290,/loadcell_data_filtered.wrench.force.z,848.6732547132708
1.81536161,1785795231.590783706,/loadcell_data_filtered.wrench.force.z,850.4861121621595
1.815734798,1785795231.591156894,/loadcell_data_filtered.wrench.force.z,852.3064354520443
1.81975957,1785795231.595181666,/loadcell_data_filtered.wrench.force.z,853.6996375747644
1.820088325,1785795231.595510421,/loadcell_data_filtered.wrench.force.z,854.0827144124078
1.820396782,1785795231.595818878,/loadcell_data_filtered.wrench.force.z,849.8365364536724
1.820640072,1785795231.596062168,/loadcell_data_filtered.wrench.force.z,847.2365063080242
1.820842195,1785795231.596264291,/loadcell_data_filtered.wrench.force.z,844.8359161488722
1.821541488,1785795231.596963584,/loadcell_data_filtered.wrench.force.z,843.1499573545829
1.821551907,1785795231.596974003,/loadcell_data_filtered.wrench.force.z,841.7534565289285
1.82156288,1785795231.596984976,/loadcell_data_filtered.wrench.force.z,841.6445097660697
1.8216200480000002,1785795231.597042144,/loadcell_data_filtered.wrench.force.z,842.2932785145874
1.821823582,1785795231.597245678,/loadcell_data_filtered.wrench.force.z,843.4641680290471
1.821997626,1785795231.597419722,/loadcell_data_filtered.wrench.force.z,844.8997291722089
1.822183214,1785795231.597605310,/loadcell_data_filtered.wrench.force.z,844.8908561896283
1.822368436,1785795231.597790532,/loadcell_data_filtered.wrench.force.z,843.0493046466427
1.8225362610000002,1785795231.597958357,/loadcell_data_filtered.wrench.force.z,842.7190013816002
1.8227336360000002,1785795231.598155732,/loadcell_data_filtered.wrench.force.z,842.4987956740465
1.8228665990000001,1785795231.598288695,/loadcell_data_filtered.wrench.force.z,842.3193578653469
1.8230211870000002,1785795231.598443283,/loadcell_data_filtered.wrench.force.z,842.1217589722386
1.823180081,1785795231.598602177,/loadcell_data_filtered.wrench.force.z,842.0675239371022
1.8236539870000001,1785795231.599076083,/loadcell_data_filtered.wrench.force.z,845.2959428385576
1.8240773460000002,1785795231.599499442,/loadcell_data_filtered.wrench.force.z,849.6254946947807
1.824950587,1785795231.600372683,/loadcell_data_filtered.wrench.force.z,854.0667962150815
1.825404677,1785795231.600826773,/loadcell_data_filtered.wrench.force.z,858.0059956378287
1.82583193,1785795231.601254026,/loadcell_data_filtered.wrench.force.z,861.7839360527615
1.8283149920000001,1785795231.603737088,/loadcell_data_filtered.wrench.force.z,865.2180234404465
1.831235687,1785795231.606657783,/loadcell_data_filtered.wrench.force.z,867.436252473234
1.8315769190000002,1785795231.606999015,/loadcell_data_filtered.wrench.force.z,869.4527708595626
1.83194072,1785795231.607362816,/loadcell_data_filtered.wrench.force.z,871.162010049663
1.832252321,1785795231.607674417,/loadcell_data_filtered.wrench.force.z,872.9884472618
1.832498296,1785795231.607920392,/loadcell_data_filtered.wrench.force.z,874.4459084135809
1.832817033,1785795231.608239129,/loadcell_data_filtered.wrench.force.z,875.294753235949
1.833296753,1785795231.608718849,/loadcell_data_filtered.wrench.force.z,876.8056549356061
1.833726111,1785795231.609148207,/loadcell_data_filtered.wrench.force.z,878.6276949549767
1.83429448,1785795231.609716576,/loadcell_data_filtered.wrench.force.z,880.1613878880088
1.834547466,1785795231.609969562,/loadcell_data_filtered.wrench.force.z,881.6700731369441
1.834873998,1785795231.610296094,/loadcell_data_filtered.wrench.force.z,881.5925455943344
1.835319739,1785795231.610741835,/loadcell_data_filtered.wrench.force.z,876.042004869122
1.8357310340000002,1785795231.611153130,/loadcell_data_filtered.wrench.force.z,873.4060331488926
1.835921463,1785795231.611343559,/loadcell_data_filtered.wrench.force.z,870.1336134700948
1.837418731,1785795231.612840827,/loadcell_data_filtered.wrench.force.z,867.6373287362791
1.837469637,1785795231.612891733,/loadcell_data_filtered.wrench.force.z,865.2257891527205
1.837512855,1785795231.612934951,/loadcell_data_filtered.wrench.force.z,864.1027839163614
1.837515628,1785795231.612937724,/loadcell_data_filtered.wrench.force.z,862.6503049242476
1.837683906,1785795231.613106002,/loadcell_data_filtered.wrench.force.z,863.0087903641045
1.837983312,1785795231.613405408,/loadcell_data_filtered.wrench.force.z,863.738401713552
1.8392281129999999,1785795231.614650209,/loadcell_data_filtered.wrench.force.z,862.4874679262464
1.839515575,1785795231.614937671,/loadcell_data_filtered.wrench.force.z,862.416059473987
1.8416134510000002,1785795231.617035547,/loadcell_data_filtered.wrench.force.z,861.6452454872341
1.8417864490000002,1785795231.617208545,/loadcell_data_filtered.wrench.force.z,860.9523711627884
1.841927599,1785795231.617349695,/loadcell_data_filtered.wrench.force.z,860.3301086789626
1.842055078,1785795231.617477174,/loadcell_data_filtered.wrench.force.z,853.1589078327852
1.842183237,1785795231.617605333,/loadcell_data_filtered.wrench.force.z,851.6442891568375
1.842302549,1785795231.617724645,/loadcell_data_filtered.wrench.force.z,851.4149761620222
1.842426721,1785795231.617848817,/loadcell_data_filtered.wrench.force.z,857.2569272498904
1.842598766,1785795231.618020862,/loadcell_data_filtered.wrench.force.z,861.2738544288928
1.842774259,1785795231.618196355,/loadcell_data_filtered.wrench.force.z,865.0571710522006
1.842955585,1785795231.618377681,/loadcell_data_filtered.wrench.force.z,866.812572270019
1.843134542,1785795231.618556638,/loadcell_data_filtered.wrench.force.z,867.9346456100445
1.843312869,1785795231.618734965,/loadcell_data_filtered.wrench.force.z,869.0032578511349
1.844039058,1785795231.619461154,/loadcell_data_filtered.wrench.force.z,870.0734990782861
1.844423109,1785795231.619845205,/loadcell_data_filtered.wrench.force.z,869.4532098348815
1.844557945,1785795231.619980041,/loadcell_data_filtered.wrench.force.z,869.7579173073054
1.845437618,1785795231.620859714,/loadcell_data_filtered.wrench.force.z,869.483689202948
1.8458904880000002,1785795231.621312584,/loadcell_data_filtered.wrench.force.z,868.868082440392
1.846201852,1785795231.621623948,/loadcell_data_filtered.wrench.force.z,868.3117193606214
1.846772641,1785795231.622194737,/loadcell_data_filtered.wrench.force.z,868.0002692580953
1.847170222,1785795231.622592318,/loadcell_data_filtered.wrench.force.z,867.9584887960372
1.848049362,1785795231.623471458,/loadcell_data_filtered.wrench.force.z,867.6585441861264
1.8482660430000002,1785795231.623688139,/loadcell_data_filtered.wrench.force.z,867.1482137484608
1.8483682730000002,1785795231.623790369,/loadcell_data_filtered.wrench.force.z,866.9697246672913
1.851075129,1785795231.626497225,/loadcell_data_filtered.wrench.force.z,860.4289516300397
1.8512429990000001,1785795231.626665095,/loadcell_data_filtered.wrench.force.z,855.7369654200133
1.8514131360000001,1785795231.626835232,/loadcell_data_filtered.wrench.force.z,852.0391488238132
1.851546179,1785795231.626968275,/loadcell_data_filtered.wrench.force.z,841.7661595843391
1.851710433,1785795231.627132529,/loadcell_data_filtered.wrench.force.z,839.214707722141
1.852122691,1785795231.627544787,/loadcell_data_filtered.wrench.force.z,836.8457942101379
1.852270543,1785795231.627692639,/loadcell_data_filtered.wrench.force.z,837.0843193754954
1.8525919970000002,1785795231.628014093,/loadcell_data_filtered.wrench.force.z,836.3553241379825
1.8531485970000001,1785795231.628570693,/loadcell_data_filtered.wrench.force.z,835.9226660744876
1.853930491,1785795231.629352587,/loadcell_data_filtered.wrench.force.z,835.540800735442
1.854487953,1785795231.629910049,/loadcell_data_filtered.wrench.force.z,834.7283898491639
1.854882907,1785795231.630305003,/loadcell_data_filtered.wrench.force.z,833.5794275758698
1.855253448,1785795231.630675544,/loadcell_data_filtered.wrench.force.z,832.5710633247226
1.8557194240000001,1785795231.631141520,/loadcell_data_filtered.wrench.force.z,831.429901527041
1.856240738,1785795231.631662834,/loadcell_data_filtered.wrench.force.z,830.4842830875117
1.858509538,1785795231.633931634,/loadcell_data_filtered.wrench.force.z,829.5073271185037
1.858706125,1785795231.634128221,/loadcell_data_filtered.wrench.force.z,832.188090040288
1.8588505990000002,1785795231.634272695,/loadcell_data_filtered.wrench.force.z,834.8423877930637
1.858989146,1785795231.634411242,/loadcell_data_filtered.wrench.force.z,831.4948717037381
1.8591147650000002,1785795231.634536861,/loadcell_data_filtered.wrench.force.z,834.4912877510657
1.859243634,1785795231.634665730,/loadcell_data_filtered.wrench.force.z,835.6052441178541
1.860014357,1785795231.635436453,/loadcell_data_filtered.wrench.force.z,836.7501589293171
1.860431056,1785795231.635853152,/loadcell_data_filtered.wrench.force.z,837.0689166329397
1.8607311700000002,1785795231.636153266,/loadcell_data_filtered.wrench.force.z,836.9409831714951
1.86111091,1785795231.636533006,/loadcell_data_filtered.wrench.force.z,836.3309103304415
1.861501858,1785795231.636923954,/loadcell_data_filtered.wrench.force.z,835.8054480518005
1.8621562370000002,1785795231.637578333,/loadcell_data_filtered.wrench.force.z,835.1072042397191
1.862423103,1785795231.637845199,/loadcell_data_filtered.wrench.force.z,834.8777870154927
1.862952697,1785795231.638374793,/loadcell_data_filtered.wrench.force.z,834.7290793834422
1.863513833,1785795231.638935929,/loadcell_data_filtered.wrench.force.z,834.772768011253
1.8641504260000001,1785795231.639572522,/loadcell_data_filtered.wrench.force.z,834.7510886753317
1.864557825,1785795231.639979921,/loadcell_data_filtered.wrench.force.z,834.8238747547218
1.8649732860000001,1785795231.640395382,/loadcell_data_filtered.wrench.force.z,835.0231672752233
1.8656695,1785795231.641091596,/loadcell_data_filtered.wrench.force.z,829.763308765571
1.8662968260000001,1785795231.641718922,/loadcell_data_filtered.wrench.force.z,827.1048323100804
1.868399196,1785795231.643821292,/loadcell_data_filtered.wrench.force.z,823.7199836515272
1.868542287,1785795231.643964383,/loadcell_data_filtered.wrench.force.z,820.9647008900155
1.868685901,1785795231.644107997,/loadcell_data_filtered.wrench.force.z,818.6717492865599
1.86878779,1785795231.644209886,/loadcell_data_filtered.wrench.force.z,813.8753826452722
1.868912074,1785795231.644334170,/loadcell_data_filtered.wrench.force.z,810.6149263067823
1.872547521,1785795231.647969617,/loadcell_data_filtered.wrench.force.z,811.4890473138979
1.872708812,1785795231.648130908,/loadcell_data_filtered.wrench.force.z,813.1323969104758
1.872841981,1785795231.648264077,/loadcell_data_filtered.wrench.force.z,815.0355774828788
1.872971964,1785795231.648394060,/loadcell_data_filtered.wrench.force.z,809.4405181877537
1.8730876090000002,1785795231.648509705,/loadcell_data_filtered.wrench.force.z,810.53602684726
1.873205075,1785795231.648627171,/loadcell_data_filtered.wrench.force.z,811.2741415610744
1.873324846,1785795231.648746942,/loadcell_data_filtered.wrench.force.z,806.7136831685374
1.8734425350000001,1785795231.648864631,/loadcell_data_filtered.wrench.force.z,806.6981811141409
1.873557018,1785795231.648979114,/loadcell_data_filtered.wrench.force.z,807.4653732221258
1.8736743790000001,1785795231.649096475,/loadcell_data_filtered.wrench.force.z,808.4532936638082
1.873863508,1785795231.649285604,/loadcell_data_filtered.wrench.force.z,816.2272301375972
1.874319635,1785795231.649741731,/loadcell_data_filtered.wrench.force.z,823.27992254344
1.874794988,1785795231.650217084,/loadcell_data_filtered.wrench.force.z,829.432239875172
1.875649576,1785795231.651071672,/loadcell_data_filtered.wrench.force.z,834.2011226451126
1.876050924,1785795231.651473020,/loadcell_data_filtered.wrench.force.z,839.0984504702062
1.878659367,1785795231.654081463,/loadcell_data_filtered.wrench.force.z,842.7089775940034
1.879190987,1785795231.654613083,/loadcell_data_filtered.wrench.force.z,845.6936440784103
1.8795220490000002,1785795231.654944145,/loadcell_data_filtered.wrench.force.z,848.0286356265018
1.8798628540000002,1785795231.655284950,/loadcell_data_filtered.wrench.force.z,845.315367636175
1.88016314,1785795231.655585236,/loadcell_data_filtered.wrench.force.z,845.8487830419831
1.880494669,1785795231.655916765,/loadcell_data_filtered.wrench.force.z,847.1701764144412
1.880884379,1785795231.656306475,/loadcell_data_filtered.wrench.force.z,849.4477293498855
1.882037986,1785795231.657460082,/loadcell_data_filtered.wrench.force.z,850.9647514930332
1.882821505,1785795231.658243601,/loadcell_data_filtered.wrench.force.z,852.1895940965618
1.883044667,1785795231.658466763,/loadcell_data_filtered.wrench.force.z,854.4030296938745
1.883194891,1785795231.658616987,/loadcell_data_filtered.wrench.force.z,856.4024916740888
1.8833370600000001,1785795231.658759156,/loadcell_data_filtered.wrench.force.z,856.9155148778312
1.883474895,1785795231.658896991,/loadcell_data_filtered.wrench.force.z,853.0812663440718
1.883611062,1785795231.659033158,/loadcell_data_filtered.wrench.force.z,850.2631450514677
1.883738286,1785795231.659160382,/loadcell_data_filtered.wrench.force.z,847.3057584617941
1.883889569,1785795231.659311665,/loadcell_data_filtered.wrench.force.z,845.142163576816
1.884472357,1785795231.659894453,/loadcell_data_filtered.wrench.force.z,842.4874911184373
1.884816511,1785795231.660238607,/loadcell_data_filtered.wrench.force.z,841.7499679343122
1.8853370850000002,1785795231.660759181,/loadcell_data_filtered.wrench.force.z,842.0044458567191
1.8858258870000002,1785795231.661247983,/loadcell_data_filtered.wrench.force.z,843.0824097543382
1.886367451,1785795231.661789547,/loadcell_data_filtered.wrench.force.z,844.3823847863621
1.888280774,1785795231.663702870,/loadcell_data_filtered.wrench.force.z,845.1776900501317
1.8883990060000002,1785795231.663821102,/loadcell_data_filtered.wrench.force.z,845.3102103199726
1.8885349900000001,1785795231.663957086,/loadcell_data_filtered.wrench.force.z,841.2370566305503
1.888661901,1785795231.664083997,/loadcell_data_filtered.wrench.force.z,838.6920430955123
1.8889705650000002,1785795231.664392661,/loadcell_data_filtered.wrench.force.z,838.7354948325946
1.889518394,1785795231.664940490,/loadcell_data_filtered.wrench.force.z,838.8187701203822
1.889904895,1785795231.665326991,/loadcell_data_filtered.wrench.force.z,838.5983303313901
1.8903636590000001,1785795231.665785755,/loadcell_data_filtered.wrench.force.z,843.1317553912105
1.8907728490000002,1785795231.666194945,/loadcell_data_filtered.wrench.force.z,846.4900372128761
1.8912625900000002,1785795231.666684686,/loadcell_data_filtered.wrench.force.z,850.6038991242999
1.8920132930000002,1785795231.667435389,/loadcell_data_filtered.wrench.force.z,853.9155140978255
1.892203934,1785795231.667626030,/loadcell_data_filtered.wrench.force.z,856.5166588971802
1.892860604,1785795231.668282700,/loadcell_data_filtered.wrench.force.z,858.3510188475225
1.893377922,1785795231.668800018,/loadcell_data_filtered.wrench.force.z,859.7016010014463
1.8937778010000001,1785795231.669199897,/loadcell_data_filtered.wrench.force.z,859.9412450249907
1.894304488,1785795231.669726584,/loadcell_data_filtered.wrench.force.z,859.8230960246959
1.894855968,1785795231.670278064,/loadcell_data_filtered.wrench.force.z,859.5823133883863
1.895496365,1785795231.670918461,/loadcell_data_filtered.wrench.force.z,859.4972378651801
1.896286149,1785795231.671708245,/loadcell_data_filtered.wrench.force.z,859.0694338528632
1.896684568,1785795231.672106664,/loadcell_data_filtered.wrench.force.z,858.6460295515582
1.89716592,1785795231.672588016,/loadcell_data_filtered.wrench.force.z,858.1547878707859
1.89752815,1785795231.672950246,/loadcell_data_filtered.wrench.force.z,857.6645131164607
1.898283989,1785795231.673706085,/loadcell_data_filtered.wrench.force.z,857.4746621756237
1.899690563,1785795231.675112659,/loadcell_data_filtered.wrench.force.z,857.0506488988697
1.89992465,1785795231.675346746,/loadcell_data_filtered.wrench.force.z,851.4570101714183
1.900067852,1785795231.675489948,/loadcell_data_filtered.wrench.force.z,847.7500045437024
1.900231978,1785795231.675654074,/loadcell_data_filtered.wrench.force.z,844.2774511832874
1.9003642790000002,1785795231.675786375,/loadcell_data_filtered.wrench.force.z,840.4754112136067
1.900717537,1785795231.676139633,/loadcell_data_filtered.wrench.force.z,836.2739440969892
1.901400618,1785795231.676822714,/loadcell_data_filtered.wrench.force.z,833.4830111396114
1.90197607,1785795231.677398166,/loadcell_data_filtered.wrench.force.z,831.3129341109898
1.902468456,1785795231.677890552,/loadcell_data_filtered.wrench.force.z,830.4401768204402
1.903089831,1785795231.678511927,/loadcell_data_filtered.wrench.force.z,830.2003444321413
1.903599849,1785795231.679021945,/loadcell_data_filtered.wrench.force.z,829.6755213201759
1.903845248,1785795231.679267344,/loadcell_data_filtered.wrench.force.z,828.6003258829035
1.906514722,1785795231.681936818,/loadcell_data_filtered.wrench.force.z,827.8010096890969
1.90717833,1785795231.682600426,/loadcell_data_filtered.wrench.force.z,826.7510981395957
1.907520517,1785795231.682942613,/loadcell_data_filtered.wrench.force.z,826.2871307008878
1.9078215310000002,1785795231.683243627,/loadcell_data_filtered.wrench.force.z,826.1235631854482
1.908080387,1785795231.683502483,/loadcell_data_filtered.wrench.force.z,825.6826058112305
1.908342846,1785795231.683764942,/loadcell_data_filtered.wrench.force.z,825.2750111967523
1.908636949,1785795231.684059045,/loadcell_data_filtered.wrench.force.z,829.8386080395159
1.908893788,1785795231.684315884,/loadcell_data_filtered.wrench.force.z,832.6026442890523
1.909153877,1785795231.684575973,/loadcell_data_filtered.wrench.force.z,834.9437435124444
1.909374367,1785795231.684796463,/loadcell_data_filtered.wrench.force.z,836.8372613938726
1.909611846,1785795231.685033942,/loadcell_data_filtered.wrench.force.z,838.9539837852558
1.9098412960000002,1785795231.685263392,/loadcell_data_filtered.wrench.force.z,839.7696681023016
1.9102821900000002,1785795231.685704286,/loadcell_data_filtered.wrench.force.z,840.0104999344478
1.910743384,1785795231.686165480,/loadcell_data_filtered.wrench.force.z,839.5668286289908
1.911593185,1785795231.687015281,/loadcell_data_filtered.wrench.force.z,838.9505995572856
1.9167926240000002,1785795231.692214720,/loadcell_data_filtered.wrench.force.z,838.8477467488201
1.9171452690000002,1785795231.692567365,/loadcell_data_filtered.wrench.force.z,838.1536077017807
1.917425492,1785795231.692847588,/loadcell_data_filtered.wrench.force.z,838.3261204390359
1.917513928,1785795231.692936024,/loadcell_data_filtered.wrench.force.z,838.1089653019454
1.91783889,1785795231.693260986,/loadcell_data_filtered.wrench.force.z,838.5370393808996
1.918143437,1785795231.693565533,/loadcell_data_filtered.wrench.force.z,838.6366425082941
1.918435434,1785795231.693857530,/loadcell_data_filtered.wrench.force.z,838.815287946482
1.918793913,1785795231.694216009,/loadcell_data_filtered.wrench.force.z,836.9730578663283
1.9190902360000002,1785795231.694512332,/loadcell_data_filtered.wrench.force.z,832.8586362058292
1.919367728,1785795231.694789824,/loadcell_data_filtered.wrench.force.z,829.0036750284864
1.919663466,1785795231.695085562,/loadcell_data_filtered.wrench.force.z,826.1503764322957
1.919956358,1785795231.695378454,/loadcell_data_filtered.wrench.force.z,823.6607874178561
1.920233492,1785795231.695655588,/loadcell_data_filtered.wrench.force.z,819.4791354678855
1.920510787,1785795231.695932883,/loadcell_data_filtered.wrench.force.z,818.3714339896065
1.920638352,1785795231.696060448,/loadcell_data_filtered.wrench.force.z,818.3430549078495
1.9214225600000001,1785795231.696844656,/loadcell_data_filtered.wrench.force.z,819.1644644423735
1.92187489,1785795231.697296986,/loadcell_data_filtered.wrench.force.z,820.5781817169441
1.921990182,1785795231.697412278,/loadcell_data_filtered.wrench.force.z,821.4993421399063
1.9221032340000002,1785795231.697525330,/loadcell_data_filtered.wrench.force.z,823.0823233561069
1.922213581,1785795231.697635677,/loadcell_data_filtered.wrench.force.z,824.5211758171152
1.922325045,1785795231.697747141,/loadcell_data_filtered.wrench.force.z,825.7851670484815
1.922436958,1785795231.697859054,/loadcell_data_filtered.wrench.force.z,826.376865104194
1.9228238160000002,1785795231.698245912,/loadcell_data_filtered.wrench.force.z,826.5500751765078
1.923195201,1785795231.698617297,/loadcell_data_filtered.wrench.force.z,827.5767119662063
1.9242180430000002,1785795231.699640139,/loadcell_data_filtered.wrench.force.z,833.7252707602916
1.925893204,1785795231.701315300,/loadcell_data_filtered.wrench.force.z,838.6105218475709
1.927083545,1785795231.702505641,/loadcell_data_filtered.wrench.force.z,844.4868017352865
1.927473395,1785795231.702895491,/loadcell_data_filtered.wrench.force.z,850.1471003140377
1.927720659,1785795231.703142755,/loadcell_data_filtered.wrench.force.z,855.2713972918738
1.927816288,1785795231.703238384,/loadcell_data_filtered.wrench.force.z,859.6091345605963
1.927953374,1785795231.703375470,/loadcell_data_filtered.wrench.force.z,862.6652739483069
1.928089734,1785795231.703511830,/loadcell_data_filtered.wrench.force.z,865.0967733121248
1.9282191430000002,1785795231.703641239,/loadcell_data_filtered.wrench.force.z,865.7323609109267
1.929537105,1785795231.704959201,/loadcell_data_filtered.wrench.force.z,867.2013390885332
1.9298367920000001,1785795231.705258888,/loadcell_data_filtered.wrench.force.z,868.9694834073464
1.9298493900000002,1785795231.705271486,/loadcell_data_filtered.wrench.force.z,863.7924144865576
1.930509558,1785795231.705931654,/loadcell_data_filtered.wrench.force.z,865.0490209090758
1.931103438,1785795231.706525534,/loadcell_data_filtered.wrench.force.z,865.7633904383351
1.931407434,1785795231.706829530,/loadcell_data_filtered.wrench.force.z,867.7132895766226
1.9316744250000002,1785795231.707096521,/loadcell_data_filtered.wrench.force.z,869.109841989227
1.9319339690000001,1785795231.707356065,/loadcell_data_filtered.wrench.force.z,869.7229968418369
1.932208662,1785795231.707630758,/loadcell_data_filtered.wrench.force.z,865.3293935806479
1.934769533,1785795231.710191629,/loadcell_data_filtered.wrench.force.z,863.2600046534243
1.9352000130000002,1785795231.710622109,/loadcell_data_filtered.wrench.force.z,860.5757559305107
1.9354724120000002,1785795231.710894508,/loadcell_data_filtered.wrench.force.z,858.0870666479874
1.935946611,1785795231.711368707,/loadcell_data_filtered.wrench.force.z,848.7791374897502
1.936410804,1785795231.711832900,/loadcell_data_filtered.wrench.force.z,848.2246943312323
1.937549433,1785795231.712971529,/loadcell_data_filtered.wrench.force.z,847.5993358912514
1.9381467570000002,1785795231.713568853,/loadcell_data_filtered.wrench.force.z,848.6182726001491
1.940045323,1785795231.715467419,/loadcell_data_filtered.wrench.force.z,849.9190880294686
1.9402194270000002,1785795231.715641523,/loadcell_data_filtered.wrench.force.z,850.419618237116
1.940362495,1785795231.715784591,/loadcell_data_filtered.wrench.force.z,851.5805830067876
1.940491968,1785795231.715914064,/loadcell_data_filtered.wrench.force.z,851.4921503631092
1.9406305910000001,1785795231.716052687,/loadcell_data_filtered.wrench.force.z,852.3850989912379
1.9407529860000001,1785795231.716175082,/loadcell_data_filtered.wrench.force.z,852.1514755452373
1.940880712,1785795231.716302808,/loadcell_data_filtered.wrench.force.z,848.7987882455859
1.941000684,1785795231.716422780,/loadcell_data_filtered.wrench.force.z,844.9134046822064
1.941122524,1785795231.716544620,/loadcell_data_filtered.wrench.force.z,845.2610814514597
1.941679925,1785795231.717102021,/loadcell_data_filtered.wrench.force.z,849.3275456386607
1.9418076860000002,1785795231.717229782,/loadcell_data_filtered.wrench.force.z,853.6272673576125
1.94193229,1785795231.717354386,/loadcell_data_filtered.wrench.force.z,850.1074168359502
1.944962,1785795231.720384096,/loadcell_data_filtered.wrench.force.z,853.6148478895353
1.945266748,1785795231.720688844,/loadcell_data_filtered.wrench.force.z,856.5050139051218
1.945320718,1785795231.720742814,/loadcell_data_filtered.wrench.force.z,858.153830669094
1.946735425,1785795231.722157521,/loadcell_data_filtered.wrench.force.z,858.9625595019828
1.949533195,1785795231.724955291,/loadcell_data_filtered.wrench.force.z,858.9131961320504
1.94968705,1785795231.725109146,/loadcell_data_filtered.wrench.force.z,859.243765140335
1.9498241090000001,1785795231.725246205,/loadcell_data_filtered.wrench.force.z,859.5340659557813
1.9499571750000002,1785795231.725379271,/loadcell_data_filtered.wrench.force.z,859.5029641881496
1.950084514,1785795231.725506610,/loadcell_data_filtered.wrench.force.z,859.5872269669711
1.950205852,1785795231.725627948,/loadcell_data_filtered.wrench.force.z,859.6965432801738
1.950324969,1785795231.725747065,/loadcell_data_filtered.wrench.force.z,858.8577455726904
1.950446775,1785795231.725868871,/loadcell_data_filtered.wrench.force.z,856.9753995101228
1.9506113250000001,1785795231.726033421,/loadcell_data_filtered.wrench.force.z,846.8400118601152
1.950787756,1785795231.726209852,/loadcell_data_filtered.wrench.force.z,841.2709413091649
1.9509622800000002,1785795231.726384376,/loadcell_data_filtered.wrench.force.z,836.675366910461
1.953321276,1785795231.728743372,/loadcell_data_filtered.wrench.force.z,830.9520019315157
1.953462397,1785795231.728884493,/loadcell_data_filtered.wrench.force.z,826.5131695693187
1.953588028,1785795231.729010124,/loadcell_data_filtered.wrench.force.z,823.624254505969
1.953712711,1785795231.729134807,/loadcell_data_filtered.wrench.force.z,821.1190604948915
1.953827435,1785795231.729249531,/loadcell_data_filtered.wrench.force.z,820.6755472190564
1.9539468150000001,1785795231.729368911,/loadcell_data_filtered.wrench.force.z,817.6935643126982
1.954489921,1785795231.729912017,/loadcell_data_filtered.wrench.force.z,812.5772415803053
1.9558545600000001,1785795231.731276656,/loadcell_data_filtered.wrench.force.z,812.2963326101407
1.9559760540000002,1785795231.731398150,/loadcell_data_filtered.wrench.force.z,810.1527352406068
1.956095767,1785795231.731517863,/loadcell_data_filtered.wrench.force.z,810.2668542900143
1.956252447,1785795231.731674543,/loadcell_data_filtered.wrench.force.z,809.822327771913
1.956369996,1785795231.731792092,/loadcell_data_filtered.wrench.force.z,809.1186563370666
1.956488288,1785795231.731910384,/loadcell_data_filtered.wrench.force.z,808.865207549398
1.95666107,1785795231.732083166,/loadcell_data_filtered.wrench.force.z,807.8042900439666
1.957004522,1785795231.732426618,/loadcell_data_filtered.wrench.force.z,812.4745230095479
1.95952772,1785795231.734949816,/loadcell_data_filtered.wrench.force.z,815.235471926497
1.960971306,1785795231.736393402,/loadcell_data_filtered.wrench.force.z,819.0532710028682
1.961438669,1785795231.736860765,/loadcell_data_filtered.wrench.force.z,822.2778963638759
1.961813513,1785795231.737235609,/loadcell_data_filtered.wrench.force.z,825.4167179666401
1.962062556,1785795231.737484652,/loadcell_data_filtered.wrench.force.z,827.3799559835843
1.962263783,1785795231.737685879,/loadcell_data_filtered.wrench.force.z,829.4146543466128
1.96246443,1785795231.737886526,/loadcell_data_filtered.wrench.force.z,829.3584485306731
1.9626510320000001,1785795231.738073128,/loadcell_data_filtered.wrench.force.z,829.9173424358414
1.962843093,1785795231.738265189,/loadcell_data_filtered.wrench.force.z,829.3487114071893
1.963019905,1785795231.738442001,/loadcell_data_filtered.wrench.force.z,828.8751328128991
1.963187307,1785795231.738609403,/loadcell_data_filtered.wrench.force.z,828.7009277357325
1.963358485,1785795231.738780581,/loadcell_data_filtered.wrench.force.z,828.4840111619928
1.963525539,1785795231.738947635,/loadcell_data_filtered.wrench.force.z,828.0802423677615
1.9638942990000001,1785795231.739316395,/loadcell_data_filtered.wrench.force.z,828.3110663647217
1.964510695,1785795231.739932791,/loadcell_data_filtered.wrench.force.z,828.2715341376863
1.965176548,1785795231.740598644,/loadcell_data_filtered.wrench.force.z,827.9332863977802
1.966469896,1785795231.741891992,/loadcell_data_filtered.wrench.force.z,821.9747231873497
1.967120242,1785795231.742542338,/loadcell_data_filtered.wrench.force.z,818.0680005606081
1.9674114610000002,1785795231.742833557,/loadcell_data_filtered.wrench.force.z,814.2295927612698
1.967651464,1785795231.743073560,/loadcell_data_filtered.wrench.force.z,810.9278235428241
1.967853839,1785795231.743275935,/loadcell_data_filtered.wrench.force.z,807.5486461732595
1.968073435,1785795231.743495531,/loadcell_data_filtered.wrench.force.z,805.8280711834482
1.968473246,1785795231.743895342,/loadcell_data_filtered.wrench.force.z,804.6681552720642
1.970732939,1785795231.746155035,/loadcell_data_filtered.wrench.force.z,804.4136882744614
1.970852075,1785795231.746274171,/loadcell_data_filtered.wrench.force.z,804.7455521784073
1.9709745230000002,1785795231.746396619,/loadcell_data_filtered.wrench.force.z,804.2214533981571
1.97109225,1785795231.746514346,/loadcell_data_filtered.wrench.force.z,796.8427511075159
1.971208894,1785795231.746630990,/loadcell_data_filtered.wrench.force.z,796.8435884065323
1.9716981310000001,1785795231.747120227,/loadcell_data_filtered.wrench.force.z,795.693575120795
1.972002153,1785795231.747424249,/loadcell_data_filtered.wrench.force.z,794.9141359285164
1.972464019,1785795231.747886115,/loadcell_data_filtered.wrench.force.z,794.720964334085
1.972845202,1785795231.748267298,/loadcell_data_filtered.wrench.force.z,794.583072048666
1.973431566,1785795231.748853662,/loadcell_data_filtered.wrench.force.z,795.5634886221238
1.9737489780000002,1785795231.749171074,/loadcell_data_filtered.wrench.force.z,801.2042056228547
1.974293695,1785795231.749715791,/loadcell_data_filtered.wrench.force.z,806.1895492113797
1.975662456,1785795231.751084552,/loadcell_data_filtered.wrench.force.z,810.1201642363269
1.977083934,1785795231.752506030,/loadcell_data_filtered.wrench.force.z,813.737674639887
1.977866459,1785795231.753288555,/loadcell_data_filtered.wrench.force.z,817.7045786229481
1.9778822950000001,1785795231.753304391,/loadcell_data_filtered.wrench.force.z,819.9098206212481
1.978094518,1785795231.753516614,/loadcell_data_filtered.wrench.force.z,822.1754731646264
1.978352251,1785795231.753774347,/loadcell_data_filtered.wrench.force.z,823.6744039855279
1.978616927,1785795231.754039023,/loadcell_data_filtered.wrench.force.z,824.9664789298328
1.978910975,1785795231.754333071,/loadcell_data_filtered.wrench.force.z,826.137898426544
1.9799004450000002,1785795231.755322541,/loadcell_data_filtered.wrench.force.z,827.8420379323085
1.980176114,1785795231.755598210,/loadcell_data_filtered.wrench.force.z,828.9324544613993
1.980522239,1785795231.755944335,/loadcell_data_filtered.wrench.force.z,830.559903420529
1.9808150640000002,1785795231.756237160,/loadcell_data_filtered.wrench.force.z,832.2674370411175
1.9809857430000002,1785795231.756407839,/loadcell_data_filtered.wrench.force.z,834.3955677249809
1.981398821,1785795231.756820917,/loadcell_data_filtered.wrench.force.z,835.7575554181948
1.982503817,1785795231.757925913,/loadcell_data_filtered.wrench.force.z,832.4636380316499
1.984490759,1785795231.759912855,/loadcell_data_filtered.wrench.force.z,831.0834999857767
1.984900063,1785795231.760322159,/loadcell_data_filtered.wrench.force.z,828.7718879735675
1.985241889,1785795231.760663985,/loadcell_data_filtered.wrench.force.z,826.9058095623072
1.985487187,1785795231.760909283,/loadcell_data_filtered.wrench.force.z,820.7176853560092
1.985787811,1785795231.761209907,/loadcell_data_filtered.wrench.force.z,818.2263103844451
1.986718274,1785795231.762140370,/loadcell_data_filtered.wrench.force.z,817.8229044913089
1.987550428,1785795231.762972524,/loadcell_data_filtered.wrench.force.z,819.7576238871575
1.987951379,1785795231.763373475,/loadcell_data_filtered.wrench.force.z,822.3904726250469
1.988182358,1785795231.763604454,/loadcell_data_filtered.wrench.force.z,824.9750911698337
1.988374601,1785795231.763796697,/loadcell_data_filtered.wrench.force.z,827.2351551721217
1.988587409,1785795231.764009505,/loadcell_data_filtered.wrench.force.z,828.6574497254626
1.988746386,1785795231.764168482,/loadcell_data_filtered.wrench.force.z,829.9977349052989
1.988906342,1785795231.764328438,/loadcell_data_filtered.wrench.force.z,829.8423118521389
1.989359473,1785795231.764781569,/loadcell_data_filtered.wrench.force.z,830.8325729931544
1.990738247,1785795231.766160343,/loadcell_data_filtered.wrench.force.z,831.4619450268855
1.991051002,1785795231.766473098,/loadcell_data_filtered.wrench.force.z,832.9234401869121
1.9912986840000002,1785795231.766720780,/loadcell_data_filtered.wrench.force.z,839.6018150963257
1.991575014,1785795231.766997110,/loadcell_data_filtered.wrench.force.z,844.421635606628
1.9921270990000002,1785795231.767549195,/loadcell_data_filtered.wrench.force.z,848.8662050297979
1.992656334,1785795231.768078430,/loadcell_data_filtered.wrench.force.z,852.3650778070688
1.993087588,1785795231.768509684,/loadcell_data_filtered.wrench.force.z,856.1664355910568
1.9934946720000002,1785795231.768916768,/loadcell_data_filtered.wrench.force.z,858.4307126292302
1.994206148,1785795231.769628244,/loadcell_data_filtered.wrench.force.z,860.529127440647
1.9973235690000002,1785795231.772745665,/loadcell_data_filtered.wrench.force.z,861.8662418141756
1.9975430420000002,1785795231.772965138,/loadcell_data_filtered.wrench.force.z,863.0564172073346
1.9977531380000002,1785795231.773175234,/loadcell_data_filtered.wrench.force.z,863.9360464798566
1.9979457760000001,1785795231.773367872,/loadcell_data_filtered.wrench.force.z,865.3237299233716
1.99813535,1785795231.773557446,/loadcell_data_filtered.wrench.force.z,866.1669987234462
1.9983702820000002,1785795231.773792378,/loadcell_data_filtered.wrench.force.z,862.7349375377069
1.998616307,1785795231.774038403,/loadcell_data_filtered.wrench.force.z,860.084885475931
1.998901277,1785795231.774323373,/loadcell_data_filtered.wrench.force.z,861.0271539299426
1.9992182820000002,1785795231.774640378,/loadcell_data_filtered.wrench.force.z,860.4232771050811
1.999527641,1785795231.774949737,/loadcell_data_filtered.wrench.force.z,860.0539146302211
1.9997847210000002,1785795231.775206817,/loadcell_data_filtered.wrench.force.z,854.823813858693
2.001203877,1785795231.776625973,/loadcell_data_filtered.wrench.force.z,851.344612073684
2.001589512,1785795231.777011608,/loadcell_data_filtered.wrench.force.z,848.7190982436496
2.001759506,1785795231.777181602,/loadcell_data_filtered.wrench.force.z,845.7752973595702
2.001903115,1785795231.777325211,/loadcell_data_filtered.wrench.force.z,843.2102708160753
2.002059629,1785795231.777481725,/loadcell_data_filtered.wrench.force.z,842.2906578964875
2.002227342,1785795231.777649438,/loadcell_data_filtered.wrench.force.z,841.7747153763231
2.002393353,1785795231.777815449,/loadcell_data_filtered.wrench.force.z,841.8879156921714
2.003415938,1785795231.778838034,/loadcell_data_filtered.wrench.force.z,841.8789875440403
2.003653643,1785795231.779075739,/loadcell_data_filtered.wrench.force.z,841.791103249995
2.003858242,1785795231.779280338,/loadcell_data_filtered.wrench.force.z,841.5558762084335
2.004497318,1785795231.779919414,/loadcell_data_filtered.wrench.force.z,841.0484547838635
2.004855792,1785795231.780277888,/loadcell_data_filtered.wrench.force.z,840.6537199925361
2.005317951,1785795231.780740047,/loadcell_data_filtered.wrench.force.z,840.1876257471936
2.005838665,1785795231.781260761,/loadcell_data_filtered.wrench.force.z,839.7908122623767
2.006350069,1785795231.781772165,/loadcell_data_filtered.wrench.force.z,839.3588492724508
2.009252585,1785795231.784674681,/loadcell_data_filtered.wrench.force.z,840.5891655773951
2.009759352,1785795231.785181448,/loadcell_data_filtered.wrench.force.z,844.526885320145
2.010126114,1785795231.785548210,/loadcell_data_filtered.wrench.force.z,848.5040646034711
2.010485817,1785795231.785907913,/loadcell_data_filtered.wrench.force.z,851.5947058300845
2.010852613,1785795231.786274709,/loadcell_data_filtered.wrench.force.z,853.6102837678536
2.011196731,1785795231.786618827,/loadcell_data_filtered.wrench.force.z,855.0732765002588
2.011548453,1785795231.786970549,/loadcell_data_filtered.wrench.force.z,854.4128164506714
2.011873216,1785795231.787295312,/loadcell_data_filtered.wrench.force.z,853.7785523855057
2.01219406,1785795231.787616156,/loadcell_data_filtered.wrench.force.z,852.7111183168
2.012468294,1785795231.787890390,/loadcell_data_filtered.wrench.force.z,851.9041531637808
2.012749558,1785795231.788171654,/loadcell_data_filtered.wrench.force.z,851.1560284662825
2.013104302,1785795231.788526398,/loadcell_data_filtered.wrench.force.z,849.8962078613655
2.013436341,1785795231.788858437,/loadcell_data_filtered.wrench.force.z,848.861141868077
2.013682797,1785795231.789104893,/loadcell_data_filtered.wrench.force.z,847.7813270006529
2.013884496,1785795231.789306592,/loadcell_data_filtered.wrench.force.z,847.2739414482544
2.014851507,1785795231.790273603,/loadcell_data_filtered.wrench.force.z,845.7665454710534
2.015428765,1785795231.790850861,/loadcell_data_filtered.wrench.force.z,845.1050123026962
2.01825624,1785795231.793678336,/loadcell_data_filtered.wrench.force.z,839.3073186603449
2.018738047,1785795231.794160143,/loadcell_data_filtered.wrench.force.z,835.5940687845161
2.019167467,1785795231.794589563,/loadcell_data_filtered.wrench.force.z,831.378114827137
2.019468679,1785795231.794890775,/loadcell_data_filtered.wrench.force.z,827.9554998298246
2.019734541,1785795231.795156637,/loadcell_data_filtered.wrench.force.z,825.1525889365083
2.019951622,1785795231.795373718,/loadcell_data_filtered.wrench.force.z,823.4022732552673
2.020150846,1785795231.795572942,/loadcell_data_filtered.wrench.force.z,822.2686954564759
2.020344966,1785795231.795767062,/loadcell_data_filtered.wrench.force.z,821.958270895583
2.020880408,1785795231.796302504,/loadcell_data_filtered.wrench.force.z,820.9280363615517
2.021315209,1785795231.796737305,/loadcell_data_filtered.wrench.force.z,821.409770173317
2.022273647,1785795231.797695743,/loadcell_data_filtered.wrench.force.z,820.9721469777526
2.022678064,1785795231.798100160,/loadcell_data_filtered.wrench.force.z,821.2244173512615
2.022982728,1785795231.798404824,/loadcell_data_filtered.wrench.force.z,821.5549220078815
2.02324442,1785795231.798666516,/loadcell_data_filtered.wrench.force.z,821.1602598461279
2.026056036,1785795231.801478132,/loadcell_data_filtered.wrench.force.z,821.2689818862557
2.026243352,1785795231.801665448,/loadcell_data_filtered.wrench.force.z,820.2690299419519
2.027864015,1785795231.803286111,/loadcell_data_filtered.wrench.force.z,820.5518686678387
2.027886221,1785795231.803308317,/loadcell_data_filtered.wrench.force.z,826.5249821536967
2.0278914,1785795231.803313496,/loadcell_data_filtered.wrench.force.z,830.9597324888695
2.02789628,1785795231.803318376,/loadcell_data_filtered.wrench.force.z,834.8552519505657
2.027900804,1785795231.803322900,/loadcell_data_filtered.wrench.force.z,836.0909123121041
2.027905263,1785795231.803327359,/loadcell_data_filtered.wrench.force.z,833.3762167406373
2.028131881,1785795231.803553977,/loadcell_data_filtered.wrench.force.z,835.1733844417968
2.028730912,1785795231.804153008,/loadcell_data_filtered.wrench.force.z,834.4825120483831
2.029086568,1785795231.804508664,/loadcell_data_filtered.wrench.force.z,834.6754122441358
2.029409952,1785795231.804832048,/loadcell_data_filtered.wrench.force.z,834.6347458639082
2.033333978,1785795231.808756074,/loadcell_data_filtered.wrench.force.z,834.8543709222406
2.033481618,1785795231.808903714,/loadcell_data_filtered.wrench.force.z,835.3891036504626
2.033621345,1785795231.809043441,/loadcell_data_filtered.wrench.force.z,836.5130771438721
2.033745551,1785795231.809167647,/loadcell_data_filtered.wrench.force.z,837.7320508973072
2.033858051,1785795231.809280147,/loadcell_data_filtered.wrench.force.z,838.5062488268013
2.0339812840000002,1785795231.809403380,/loadcell_data_filtered.wrench.force.z,839.5632585234914
2.034121268,1785795231.809543364,/loadcell_data_filtered.wrench.force.z,840.4096907245636
2.03422132,1785795231.809643416,/loadcell_data_filtered.wrench.force.z,835.7363259333058
2.034339365,1785795231.809761461,/loadcell_data_filtered.wrench.force.z,824.8049611498728
2.034445659,1785795231.809867755,/loadcell_data_filtered.wrench.force.z,821.4655137601234
2.034668022,1785795231.810090118,/loadcell_data_filtered.wrench.force.z,817.0217431397122
2.034893238,1785795231.810315334,/loadcell_data_filtered.wrench.force.z,814.7578246533168
2.035105395,1785795231.810527491,/loadcell_data_filtered.wrench.force.z,814.1138845421705
2.035513913,1785795231.810936009,/loadcell_data_filtered.wrench.force.z,814.2909434083239
2.03588531,1785795231.811307406,/loadcell_data_filtered.wrench.force.z,815.3708905610346
2.036885184,1785795231.812307280,/loadcell_data_filtered.wrench.force.z,816.7252228675277
2.037250702,1785795231.812672798,/loadcell_data_filtered.wrench.force.z,818.2936070331752
2.037365209,1785795231.812787305,/loadcell_data_filtered.wrench.force.z,819.8954922774881
2.037851621,1785795231.813273717,/loadcell_data_filtered.wrench.force.z,820.7236748440364
2.038429412,1785795231.813851508,/loadcell_data_filtered.wrench.force.z,821.5547022816899
2.040455595,1785795231.815877691,/loadcell_data_filtered.wrench.force.z,822.7911361104607
2.040837981,1785795231.816260077,/loadcell_data_filtered.wrench.force.z,824.2474518751649
2.041017395,1785795231.816439491,/loadcell_data_filtered.wrench.force.z,826.1940034143843
2.04117398,1785795231.816596076,/loadcell_data_filtered.wrench.force.z,831.4094775245834
2.041304823,1785795231.816726919,/loadcell_data_filtered.wrench.force.z,837.4457516935137
2.0414528,1785795231.816874896,/loadcell_data_filtered.wrench.force.z,843.571720376365
2.041652596,1785795231.817074692,/loadcell_data_filtered.wrench.force.z,848.1116268178416
2.042116621,1785795231.817538717,/loadcell_data_filtered.wrench.force.z,852.6144625953709
2.045581277,1785795231.821003373,/loadcell_data_filtered.wrench.force.z,856.8030927327222
2.045586177,1785795231.821008273,/loadcell_data_filtered.wrench.force.z,859.1978450884804
2.045588026,1785795231.821010122,/loadcell_data_filtered.wrench.force.z,861.5799328707833
2.045589771,1785795231.821011867,/loadcell_data_filtered.wrench.force.z,863.7248576655497
2.045820346,1785795231.821242442,/loadcell_data_filtered.wrench.force.z,865.9407448100353
2.046183578,1785795231.821605674,/loadcell_data_filtered.wrench.force.z,867.1862500980216
2.046357716,1785795231.821779812,/loadcell_data_filtered.wrench.force.z,868.0075815342149
2.04653962,1785795231.821961716,/loadcell_data_filtered.wrench.force.z,869.3243272958409
2.046753762,1785795231.822175858,/loadcell_data_filtered.wrench.force.z,870.7067435611918
2.048462967,1785795231.823885063,/loadcell_data_filtered.wrench.force.z,871.119863776808
2.049191011,1785795231.824613107,/loadcell_data_filtered.wrench.force.z,871.34833336356
2.049318482,1785795231.824740578,/loadcell_data_filtered.wrench.force.z,872.5613466307336
2.049454369,1785795231.824876465,/loadcell_data_filtered.wrench.force.z,868.269336604869
2.049574025,1785795231.824996121,/loadcell_data_filtered.wrench.force.z,865.3732687077628
2.049736913,1785795231.825159009,/loadcell_data_filtered.wrench.force.z,862.3089097024388
2.050032738,1785795231.825454834,/loadcell_data_filtered.wrench.force.z,858.2519383395928
2.051719155,1785795231.827141251,/loadcell_data_filtered.wrench.force.z,854.6581501459914
2.051834045,1785795231.827256141,/loadcell_data_filtered.wrench.force.z,852.2534021079341
2.051953629,1785795231.827375725,/loadcell_data_filtered.wrench.force.z,843.1731804966313
2.052071158,1785795231.827493254,/loadcell_data_filtered.wrench.force.z,843.3836708280469
2.052899138,1785795231.828321234,/loadcell_data_filtered.wrench.force.z,843.0226112036426
2.053421557,1785795231.828843653,/loadcell_data_filtered.wrench.force.z,843.2083162423545
2.053773716,1785795231.829195812,/loadcell_data_filtered.wrench.force.z,843.6200973200613
2.05416803,1785795231.829590126,/loadcell_data_filtered.wrench.force.z,842.2381106565025
2.054611275,1785795231.830033371,/loadcell_data_filtered.wrench.force.z,841.2649206965738
2.058862025,1785795231.834284121,/loadcell_data_filtered.wrench.force.z,840.3077895431501
2.059353123,1785795231.834775219,/loadcell_data_filtered.wrench.force.z,839.3272210114948
2.059846034,1785795231.835268130,/loadcell_data_filtered.wrench.force.z,838.6575241694749
2.060311414,1785795231.835733510,/loadcell_data_filtered.wrench.force.z,830.8546610851074
2.06069445,1785795231.836116546,/loadcell_data_filtered.wrench.force.z,836.6844323403363
2.061097947,1785795231.836520043,/loadcell_data_filtered.wrench.force.z,840.653799290033
2.061533572,1785795231.836955668,/loadcell_data_filtered.wrench.force.z,844.1703040784599
2.061841493,1785795231.837263589,/loadcell_data_filtered.wrench.force.z,847.6050061313578
2.062230387,1785795231.837652483,/loadcell_data_filtered.wrench.force.z,848.8961764798185
2.062562123,1785795231.837984219,/loadcell_data_filtered.wrench.force.z,849.1613090614981
2.06344611,1785795231.838868206,/loadcell_data_filtered.wrench.force.z,849.4259020856942
2.063867614,1785795231.839289710,/loadcell_data_filtered.wrench.force.z,848.4688016961818
2.064098635,1785795231.839520731,/loadcell_data_filtered.wrench.force.z,848.1994443422938
2.064321692,1785795231.839743788,/loadcell_data_filtered.wrench.force.z,848.0635013083754
2.064600602,1785795231.840022698,/loadcell_data_filtered.wrench.force.z,848.0319591305528
2.064897552,1785795231.840319648,/loadcell_data_filtered.wrench.force.z,847.9789294652137
2.065194893,1785795231.840616989,/loadcell_data_filtered.wrench.force.z,847.6710056859993
2.065479902,1785795231.840901998,/loadcell_data_filtered.wrench.force.z,847.3672409136711
2.065782013,1785795231.841204109,/loadcell_data_filtered.wrench.force.z,846.230886793222
2.066097934,1785795231.841520030,/loadcell_data_filtered.wrench.force.z,843.9148635094108
2.066401544,1785795231.841823640,/loadcell_data_filtered.wrench.force.z,842.4402119483401
2.066704344,1785795231.842126440,/loadcell_data_filtered.wrench.force.z,835.6534527200773
2.067034575,1785795231.842456671,/loadcell_data_filtered.wrench.force.z,830.1539235779633
2.067349174,1785795231.842771270,/loadcell_data_filtered.wrench.force.z,825.6593456857362
2.067706106,1785795231.843128202,/loadcell_data_filtered.wrench.force.z,822.591546847317
2.068060101,1785795231.843482197,/loadcell_data_filtered.wrench.force.z,819.0945170115616
2.068382598,1785795231.843804694,/loadcell_data_filtered.wrench.force.z,816.7351537218474
2.068710436,1785795231.844132532,/loadcell_data_filtered.wrench.force.z,815.6761100032578
2.069292535,1785795231.844714631,/loadcell_data_filtered.wrench.force.z,815.4057330456415
2.069857415,1785795231.845279511,/loadcell_data_filtered.wrench.force.z,815.7820919250728
2.070264363,1785795231.845686459,/loadcell_data_filtered.wrench.force.z,815.5728812433088
2.070615688,1785795231.846037784,/loadcell_data_filtered.wrench.force.z,815.8197599456356
2.071000406,1785795231.846422502,/loadcell_data_filtered.wrench.force.z,815.7398158496993
2.071406224,1785795231.846828320,/loadcell_data_filtered.wrench.force.z,815.397937671939
2.072114884,1785795231.847536980,/loadcell_data_filtered.wrench.force.z,815.1538238866059
2.072561545,1785795231.847983641,/loadcell_data_filtered.wrench.force.z,815.3478731427936
2.073054582,1785795231.848476678,/loadcell_data_filtered.wrench.force.z,816.1666191945784
2.07356449,1785795231.848986586,/loadcell_data_filtered.wrench.force.z,821.083028621659
2.073988852,1785795231.849410948,/loadcell_data_filtered.wrench.force.z,825.4992688004562
2.074788345,1785795231.850210441,/loadcell_data_filtered.wrench.force.z,830.8585013282956
2.075469343,1785795231.850891439,/loadcell_data_filtered.wrench.force.z,835.2962164124062
2.075762735,1785795231.851184831,/loadcell_data_filtered.wrench.force.z,839.4674377756992
2.07598591,1785795231.851408006,/loadcell_data_filtered.wrench.force.z,843.5162116976602
2.076998476,1785795231.852420572,/loadcell_data_filtered.wrench.force.z,845.2353840984118
2.077474941,1785795231.852897037,/loadcell_data_filtered.wrench.force.z,847.0770301261823
2.077837112,1785795231.853259208,/loadcell_data_filtered.wrench.force.z,848.9046105477559
2.080090793,1785795231.855512889,/loadcell_data_filtered.wrench.force.z,850.9871591603428
2.080413344,1785795231.855835440,/loadcell_data_filtered.wrench.force.z,852.6353481751572
2.08065353,1785795231.856075626,/loadcell_data_filtered.wrench.force.z,854.2301875026277
2.080872926,1785795231.856295022,/loadcell_data_filtered.wrench.force.z,848.5225726240037
2.081302724,1785795231.856724820,/loadcell_data_filtered.wrench.force.z,850.3508469995993
2.081501901,1785795231.856923997,/loadcell_data_filtered.wrench.force.z,851.0059784669194
2.081656054,1785795231.857078150,/loadcell_data_filtered.wrench.force.z,852.9479547990165
2.081925179,1785795231.857347275,/loadcell_data_filtered.wrench.force.z,854.0577049054964
2.082221889,1785795231.857643985,/loadcell_data_filtered.wrench.force.z,849.7179511585373
2.082979582,1785795231.858401678,/loadcell_data_filtered.wrench.force.z,847.9949277936942
2.084446352,1785795231.859868448,/loadcell_data_filtered.wrench.force.z,845.8839506159542
2.084460312,1785795231.859882408,/loadcell_data_filtered.wrench.force.z,844.0099951462821
2.085003117,1785795231.860425213,/loadcell_data_filtered.wrench.force.z,842.279475199379
2.085700722,1785795231.861122818,/loadcell_data_filtered.wrench.force.z,841.5818370705996
2.087365876,1785795231.862787972,/loadcell_data_filtered.wrench.force.z,841.1546001644568
2.087526319,1785795231.862948415,/loadcell_data_filtered.wrench.force.z,842.0952228848145
2.08767594,1785795231.863098036,/loadcell_data_filtered.wrench.force.z,843.5219652304611
2.087808071,1785795231.863230167,/loadcell_data_filtered.wrench.force.z,844.1138031897748
2.091153232,1785795231.866575328,/loadcell_data_filtered.wrench.force.z,845.3001441295041
2.09132355,1785795231.866745646,/loadcell_data_filtered.wrench.force.z,846.1363118033769
2.091450801,1785795231.866872897,/loadcell_data_filtered.wrench.force.z,846.0059033687696
2.09170436,1785795231.867126456,/loadcell_data_filtered.wrench.force.z,845.5062277991238
2.09190085,1785795231.867322946,/loadcell_data_filtered.wrench.force.z,839.371557051051
2.092066606,1785795231.867488702,/loadcell_data_filtered.wrench.force.z,838.4962818815867
2.092229259,1785795231.867651355,/loadcell_data_filtered.wrench.force.z,837.683947570202
2.092396632,1785795231.867818728,/loadcell_data_filtered.wrench.force.z,840.9516586167657
2.092646013,1785795231.868068109,/loadcell_data_filtered.wrench.force.z,840.7195772980256
2.092910726,1785795231.868332822,/loadcell_data_filtered.wrench.force.z,844.8497702507017
2.093179984,1785795231.868602080,/loadcell_data_filtered.wrench.force.z,846.0490558978369
2.093447776,1785795231.868869872,/loadcell_data_filtered.wrench.force.z,849.2368708676163
2.093720114,1785795231.869142210,/loadcell_data_filtered.wrench.force.z,850.8335870088159
2.093978291,1785795231.869400387,/loadcell_data_filtered.wrench.force.z,851.9825344996278
2.094238845,1785795231.869660941,/loadcell_data_filtered.wrench.force.z,852.7241279072302
2.0945622249999998,1785795231.869984321,/loadcell_data_filtered.wrench.force.z,853.1342751294162
2.095021969,1785795231.870444065,/loadcell_data_filtered.wrench.force.z,853.3644397593589
2.095544555,1785795231.870966651,/loadcell_data_filtered.wrench.force.z,853.4541352402649
2.096253662,1785795231.871675758,/loadcell_data_filtered.wrench.force.z,853.8915930160898
2.098384841,1785795231.873806937,/loadcell_data_filtered.wrench.force.z,854.1202386938833
2.098868336,1785795231.874290432,/loadcell_data_filtered.wrench.force.z,853.943224768999
2.098970471,1785795231.874392567,/loadcell_data_filtered.wrench.force.z,854.1501241208061
2.09920526,1785795231.874627356,/loadcell_data_filtered.wrench.force.z,850.1033202152089
2.099424985,1785795231.874847081,/loadcell_data_filtered.wrench.force.z,846.3686806329184
2.099729132,1785795231.875151228,/loadcell_data_filtered.wrench.force.z,841.6724416100438
2.100894992,1785795231.876317088,/loadcell_data_filtered.wrench.force.z,837.3147783930851
2.101049533,1785795231.876471629,/loadcell_data_filtered.wrench.force.z,834.0052878429256
2.101196921,1785795231.876619017,/loadcell_data_filtered.wrench.force.z,824.8354921194788
2.10130305,1785795231.876725146,/loadcell_data_filtered.wrench.force.z,822.9023935429623
2.101417069,1785795231.876839165,/loadcell_data_filtered.wrench.force.z,822.4273119912078
2.101901235,1785795231.877323331,/loadcell_data_filtered.wrench.force.z,822.6344177652743
2.102393925,1785795231.877816021,/loadcell_data_filtered.wrench.force.z,823.353550330768
2.103037562,1785795231.878459658,/loadcell_data_filtered.wrench.force.z,824.6736161414401
2.103682598,1785795231.879104694,/loadcell_data_filtered.wrench.force.z,825.8195453926863
2.104134061,1785795231.879556157,/loadcell_data_filtered.wrench.force.z,827.0279097427657
2.104410729,1785795231.879832825,/loadcell_data_filtered.wrench.force.z,827.6783150827016
2.104823984,1785795231.880246080,/loadcell_data_filtered.wrench.force.z,828.8331489645024
2.105626528,1785795231.881048624,/loadcell_data_filtered.wrench.force.z,829.4013476836753
2.106025409,1785795231.881447505,/loadcell_data_filtered.wrench.force.z,830.2522201837198
2.106703741,1785795231.882125837,/loadcell_data_filtered.wrench.force.z,831.1653922475722
2.107155629,1785795231.882577725,/loadcell_data_filtered.wrench.force.z,837.0075225327258
2.107514702,1785795231.882936798,/loadcell_data_filtered.wrench.force.z,841.8066490990456
2.107861496,1785795231.883283592,/loadcell_data_filtered.wrench.force.z,847.9805828686935
2.108385862,1785795231.883807958,/loadcell_data_filtered.wrench.force.z,853.3401960352186
2.108785853,1785795231.884207949,/loadcell_data_filtered.wrench.force.z,857.9550664370599
2.111518447,1785795231.886940543,/loadcell_data_filtered.wrench.force.z,861.6509049099926
2.111847442,1785795231.887269538,/loadcell_data_filtered.wrench.force.z,864.3291679427284
2.112142548,1785795231.887564644,/loadcell_data_filtered.wrench.force.z,866.7045899549718
2.11242331,1785795231.887845406,/loadcell_data_filtered.wrench.force.z,868.4988465999713
2.112812975,1785795231.888235071,/loadcell_data_filtered.wrench.force.z,870.214244825605
2.113060064,1785795231.888482160,/loadcell_data_filtered.wrench.force.z,871.5900461234609
2.113320819,1785795231.888742915,/loadcell_data_filtered.wrench.force.z,872.3117605749646
2.113550815,1785795231.888972911,/loadcell_data_filtered.wrench.force.z,873.291012763448
2.113777982,1785795231.889200078,/loadcell_data_filtered.wrench.force.z,874.3276608769931
2.113995722,1785795231.889417818,/loadcell_data_filtered.wrench.force.z,874.8883814854548
2.114392558,1785795231.889814654,/loadcell_data_filtered.wrench.force.z,875.4199313229849
2.114955034,1785795231.890377130,/loadcell_data_filtered.wrench.force.z,875.4339648227694
2.115647382,1785795231.891069478,/loadcell_data_filtered.wrench.force.z,869.397680417776
2.115878422,1785795231.891300518,/loadcell_data_filtered.wrench.force.z,865.8774803255325
2.116707906,1785795231.892130002,/loadcell_data_filtered.wrench.force.z,861.9767423564574
2.117057197,1785795231.892479293,/loadcell_data_filtered.wrench.force.z,858.5774456685143
2.11742903,1785795231.892851126,/loadcell_data_filtered.wrench.force.z,854.9944168191673
2.117708808,1785795231.893130904,/loadcell_data_filtered.wrench.force.z,852.7475331392202
2.118178293,1785795231.893600389,/loadcell_data_filtered.wrench.force.z,850.7484550670312
2.118794577,1785795231.894216673,/loadcell_data_filtered.wrench.force.z,849.5485893209789
2.119292281,1785795231.894714377,/loadcell_data_filtered.wrench.force.z,848.7666444367698
2.119760734,1785795231.895182830,/loadcell_data_filtered.wrench.force.z,847.340999084351
2.120255763,1785795231.895677859,/loadcell_data_filtered.wrench.force.z,845.9788626258991
2.120740123,1785795231.896162219,/loadcell_data_filtered.wrench.force.z,843.7160650570826
2.121279413,1785795231.896701509,/loadcell_data_filtered.wrench.force.z,841.6831764666761
2.122251661,1785795231.897673757,/loadcell_data_filtered.wrench.force.z,839.8153022491553
2.122809667,1785795231.898231763,/loadcell_data_filtered.wrench.force.z,837.674813589372
2.123264362,1785795231.898686458,/loadcell_data_filtered.wrench.force.z,835.925146454052
2.123743569,1785795231.899165665,/loadcell_data_filtered.wrench.force.z,834.4798525661932
2.126676428,1785795231.902098524,/loadcell_data_filtered.wrench.force.z,839.0396792306499
2.12710837,1785795231.902530466,/loadcell_data_filtered.wrench.force.z,841.975086570591
2.130717915,1785795231.906140011,/loadcell_data_filtered.wrench.force.z,845.1703116061145
2.130728261,1785795231.906150357,/loadcell_data_filtered.wrench.force.z,847.8186457426541
2.130731644,1785795231.906153740,/loadcell_data_filtered.wrench.force.z,850.3869325394647
2.130734386,1785795231.906156482,/loadcell_data_filtered.wrench.force.z,851.2844113693934
2.130737026,1785795231.906159122,/loadcell_data_filtered.wrench.force.z,851.5673792487436
2.130739609,1785795231.906161705,/loadcell_data_filtered.wrench.force.z,850.7427299176994
2.130917699,1785795231.906339795,/loadcell_data_filtered.wrench.force.z,849.1456021042706
2.131996544,1785795231.907418640,/loadcell_data_filtered.wrench.force.z,848.5868185084526
2.132009879,1785795231.907431975,/loadcell_data_filtered.wrench.force.z,848.2870628769261
2.13225985,1785795231.907681946,/loadcell_data_filtered.wrench.force.z,848.3819356857841
2.132488234,1785795231.907910330,/loadcell_data_filtered.wrench.force.z,848.6199882371976
2.132740415,1785795231.908162511,/loadcell_data_filtered.wrench.force.z,849.0116137943361
2.13291416,1785795231.908336256,/loadcell_data_filtered.wrench.force.z,849.4240992134077
2.133139581,1785795231.908561677,/loadcell_data_filtered.wrench.force.z,849.7748890534792
2.133351032,1785795231.908773128,/loadcell_data_filtered.wrench.force.z,847.5812156967561
2.134083857,1785795231.909505953,/loadcell_data_filtered.wrench.force.z,843.7864492898897
2.134365008,1785795231.909787104,/loadcell_data_filtered.wrench.force.z,840.2170256159817
2.134615757,1785795231.910037853,/loadcell_data_filtered.wrench.force.z,837.2166283966754
2.134848252,1785795231.910270348,/loadcell_data_filtered.wrench.force.z,835.6404446829101
2.135070612,1785795231.910492708,/loadcell_data_filtered.wrench.force.z,833.9918744206409
2.135294903,1785795231.910716999,/loadcell_data_filtered.wrench.force.z,833.9191673029237
2.135517629,1785795231.910939725,/loadcell_data_filtered.wrench.force.z,834.5020545438753
2.135680399,1785795231.911102495,/loadcell_data_filtered.wrench.force.z,835.8113027079233
2.136488152,1785795231.911910248,/loadcell_data_filtered.wrench.force.z,836.8888386055618
2.136785707,1785795231.912207803,/loadcell_data_filtered.wrench.force.z,838.3694520732781
2.137135988,1785795231.912558084,/loadcell_data_filtered.wrench.force.z,839.5391563768211
2.137720461,1785795231.913142557,/loadcell_data_filtered.wrench.force.z,840.1980758380605
2.138159349,1785795231.913581445,/loadcell_data_filtered.wrench.force.z,840.5550214977477
2.138791721,1785795231.914213817,/loadcell_data_filtered.wrench.force.z,841.4200589651953
2.142840707,1785795231.918262803,/loadcell_data_filtered.wrench.force.z,841.932364526752
2.1432080190000002,1785795231.918630115,/loadcell_data_filtered.wrench.force.z,842.6264867417867
2.143341571,1785795231.918763667,/loadcell_data_filtered.wrench.force.z,849.3014461547978
2.143491278,1785795231.918913374,/loadcell_data_filtered.wrench.force.z,853.6896852097223
2.143738011,1785795231.919160107,/loadcell_data_filtered.wrench.force.z,859.1555257615485
2.143977292,1785795231.919399388,/loadcell_data_filtered.wrench.force.z,863.865929725406
2.144228043,1785795231.919650139,/loadcell_data_filtered.wrench.force.z,867.9019596894124
2.144462366,1785795231.919884462,/loadcell_data_filtered.wrench.force.z,870.6804378463022
2.144704397,1785795231.920126493,/loadcell_data_filtered.wrench.force.z,872.9311816212476
2.14796338,1785795231.923385476,/loadcell_data_filtered.wrench.force.z,873.0463885248195
2.148703538,1785795231.924125634,/loadcell_data_filtered.wrench.force.z,873.0894776732268
2.150541504,1785795231.925963600,/loadcell_data_filtered.wrench.force.z,873.6372445972124
2.151158466,1785795231.926580562,/loadcell_data_filtered.wrench.force.z,874.625921772583
2.151508363,1785795231.926930459,/loadcell_data_filtered.wrench.force.z,875.791215460498
2.151825569,1785795231.927247665,/loadcell_data_filtered.wrench.force.z,876.6550887301055
2.1520609840000002,1785795231.927483080,/loadcell_data_filtered.wrench.force.z,876.6158386322888
2.152273911,1785795231.927696007,/loadcell_data_filtered.wrench.force.z,877.1127193876019
2.152556322,1785795231.927978418,/loadcell_data_filtered.wrench.force.z,871.9467437945831
2.152777485,1785795231.928199581,/loadcell_data_filtered.wrench.force.z,867.7967197543355
2.152945193,1785795231.928367289,/loadcell_data_filtered.wrench.force.z,864.4908010997079
2.153107494,1785795231.928529590,/loadcell_data_filtered.wrench.force.z,860.8088640746688
2.153280695,1785795231.928702791,/loadcell_data_filtered.wrench.force.z,858.6083991340157
2.1534429409999998,1785795231.928865037,/loadcell_data_filtered.wrench.force.z,856.9747570149846
2.153606831,1785795231.929028927,/loadcell_data_filtered.wrench.force.z,855.0157603170796
2.153815712,1785795231.929237808,/loadcell_data_filtered.wrench.force.z,854.6578863325784
2.15422764,1785795231.929649736,/loadcell_data_filtered.wrench.force.z,855.151627910452
2.154522392,1785795231.929944488,/loadcell_data_filtered.wrench.force.z,855.3054773236298
2.154794714,1785795231.930216810,/loadcell_data_filtered.wrench.force.z,854.449501587024
2.155084347,1785795231.930506443,/loadcell_data_filtered.wrench.force.z,847.1341875916982
2.155443467,1785795231.930865563,/loadcell_data_filtered.wrench.force.z,847.5116648155713
2.155804893,1785795231.931226989,/loadcell_data_filtered.wrench.force.z,846.4175247954124
2.156631202,1785795231.932053298,/loadcell_data_filtered.wrench.force.z,846.8431628851243
2.159194092,1785795231.934616188,/loadcell_data_filtered.wrench.force.z,847.8051253922133
2.159388964,1785795231.934811060,/loadcell_data_filtered.wrench.force.z,848.9311515926734
2.159506516,1785795231.934928612,/loadcell_data_filtered.wrench.force.z,856.0929931595955
2.159653511,1785795231.935075607,/loadcell_data_filtered.wrench.force.z,861.1506148092902
2.159776095,1785795231.935198191,/loadcell_data_filtered.wrench.force.z,862.7929965649562
2.159891708,1785795231.935313804,/loadcell_data_filtered.wrench.force.z,862.370200085353
2.161212379,1785795231.936634475,/loadcell_data_filtered.wrench.force.z,867.0740553101565
2.1617589759999998,1785795231.937181072,/loadcell_data_filtered.wrench.force.z,868.1536379801136
2.162205132,1785795231.937627228,/loadcell_data_filtered.wrench.force.z,866.2829244377398
2.16264396,1785795231.938066056,/loadcell_data_filtered.wrench.force.z,863.9149583410957
2.163024253,1785795231.938446349,/loadcell_data_filtered.wrench.force.z,865.8081589805274
2.163452884,1785795231.938874980,/loadcell_data_filtered.wrench.force.z,866.723579952268
2.163832721,1785795231.939254817,/loadcell_data_filtered.wrench.force.z,868.5169574629006
2.164509215,1785795231.939931311,/loadcell_data_filtered.wrench.force.z,869.8851907230891
2.164877884,1785795231.940299980,/loadcell_data_filtered.wrench.force.z,871.2403420315206
2.165124567,1785795231.940546663,/loadcell_data_filtered.wrench.force.z,872.643014082167
2.165395982,1785795231.940818078,/loadcell_data_filtered.wrench.force.z,866.653294455434
2.165670848,1785795231.941092944,/loadcell_data_filtered.wrench.force.z,868.0860644864006
2.165924369,1785795231.941346465,/loadcell_data_filtered.wrench.force.z,865.0882078937107
2.166164093,1785795231.941586189,/loadcell_data_filtered.wrench.force.z,863.3203745465694
2.16638493,1785795231.941807026,/loadcell_data_filtered.wrench.force.z,860.9724249184061
2.166672241,1785795231.942094337,/loadcell_data_filtered.wrench.force.z,859.1764153924206
2.16817118,1785795231.943593276,/loadcell_data_filtered.wrench.force.z,858.0968892261494
2.169784173,1785795231.945206269,/loadcell_data_filtered.wrench.force.z,857.0661811030741
2.1700036320000002,1785795231.945425728,/loadcell_data_filtered.wrench.force.z,858.0508315613788
2.170157697,1785795231.945579793,/loadcell_data_filtered.wrench.force.z,860.0204976974109
2.170429038,1785795231.945851134,/loadcell_data_filtered.wrench.force.z,861.5001631792378
2.17057517,1785795231.945997266,/loadcell_data_filtered.wrench.force.z,863.46712456046
2.170868395,1785795231.946290491,/loadcell_data_filtered.wrench.force.z,864.9547139083107
2.171003107,1785795231.946425203,/loadcell_data_filtered.wrench.force.z,865.3775210007254
2.171126314,1785795231.946548410,/loadcell_data_filtered.wrench.force.z,866.2098085808424
2.171528057,1785795231.946950153,/loadcell_data_filtered.wrench.force.z,865.1970617538353
2.172437973,1785795231.947860069,/loadcell_data_filtered.wrench.force.z,865.5031401829687
2.173005781,1785795231.948427877,/loadcell_data_filtered.wrench.force.z,866.0722720164343
2.173571004,1785795231.948993100,/loadcell_data_filtered.wrench.force.z,866.3772457742296
2.173758448,1785795231.949180544,/loadcell_data_filtered.wrench.force.z,872.1442706699637
2.174210795,1785795231.949632891,/loadcell_data_filtered.wrench.force.z,875.6820500655368
2.174643969,1785795231.950066065,/loadcell_data_filtered.wrench.force.z,879.3000144882641
2.175072454,1785795231.950494550,/loadcell_data_filtered.wrench.force.z,882.3670418271662
2.175741423,1785795231.951163519,/loadcell_data_filtered.wrench.force.z,884.5973726792031
2.1760672420000002,1785795231.951489338,/loadcell_data_filtered.wrench.force.z,885.5947324864264
2.17717954,1785795231.952601636,/loadcell_data_filtered.wrench.force.z,886.1377148584987
2.177532674,1785795231.952954770,/loadcell_data_filtered.wrench.force.z,885.2818358529398
2.177838408,1785795231.953260504,/loadcell_data_filtered.wrench.force.z,884.3916982662774
2.178701547,1785795231.954123643,/loadcell_data_filtered.wrench.force.z,883.503459832657
2.178716382,1785795231.954138478,/loadcell_data_filtered.wrench.force.z,882.7964807289435
2.17922578,1785795231.954647876,/loadcell_data_filtered.wrench.force.z,882.0005919434141
2.179587985,1785795231.955010081,/loadcell_data_filtered.wrench.force.z,881.1953878147964
2.180097974,1785795231.955520070,/loadcell_data_filtered.wrench.force.z,880.7984096070186
2.181994252,1785795231.957416348,/loadcell_data_filtered.wrench.force.z,879.7791583873384
2.182179308,1785795231.957601404,/loadcell_data_filtered.wrench.force.z,879.0065467881486
2.182320094,1785795231.957742190,/loadcell_data_filtered.wrench.force.z,870.5006029044963
2.182453278,1785795231.957875374,/loadcell_data_filtered.wrench.force.z,864.4113332455761
2.184357595,1785795231.959779691,/loadcell_data_filtered.wrench.force.z,859.3763802786707
2.184509159,1785795231.959931255,/loadcell_data_filtered.wrench.force.z,854.7647891054855
2.184648985,1785795231.960071081,/loadcell_data_filtered.wrench.force.z,851.0936630177257
2.184778532,1785795231.960200628,/loadcell_data_filtered.wrench.force.z,841.6715346966358
2.184910588,1785795231.960332684,/loadcell_data_filtered.wrench.force.z,839.5391907099571
2.185036405,1785795231.960458501,/loadcell_data_filtered.wrench.force.z,837.2815965168372
2.185560785,1785795231.960982881,/loadcell_data_filtered.wrench.force.z,837.2265474267297
2.186273813,1785795231.961695909,/loadcell_data_filtered.wrench.force.z,837.8840343292787
2.188286119,1785795231.963708215,/loadcell_data_filtered.wrench.force.z,838.4502920630861
2.191005247,1785795231.966427343,/loadcell_data_filtered.wrench.force.z,838.4474424141716
2.191222159,1785795231.966644255,/loadcell_data_filtered.wrench.force.z,839.7000758582906
2.1913914070000002,1785795231.966813503,/loadcell_data_filtered.wrench.force.z,841.7347024745085
2.191606972,1785795231.967029068,/loadcell_data_filtered.wrench.force.z,843.431033538054
2.191903382,1785795231.967325478,/loadcell_data_filtered.wrench.force.z,844.6097924966172
2.192181796,1785795231.967603892,/loadcell_data_filtered.wrench.force.z,846.6822244818441
2.19246809,1785795231.967890186,/loadcell_data_filtered.wrench.force.z,849.7760320991481
2.19276432,1785795231.968186416,/loadcell_data_filtered.wrench.force.z,858.1700296013512
2.193071185,1785795231.968493281,/loadcell_data_filtered.wrench.force.z,865.4229327689068
2.19337233,1785795231.968794426,/loadcell_data_filtered.wrench.force.z,870.3893694885412
2.193630334,1785795231.969052430,/loadcell_data_filtered.wrench.force.z,874.4790629543196
2.193861736,1785795231.969283832,/loadcell_data_filtered.wrench.force.z,879.5108040308578
2.194078961,1785795231.969501057,/loadcell_data_filtered.wrench.force.z,882.7607019622114
2.194339381,1785795231.969761477,/loadcell_data_filtered.wrench.force.z,884.8238138854528
2.194569571,1785795231.969991667,/loadcell_data_filtered.wrench.force.z,886.5993734098772
2.194851417,1785795231.970273513,/loadcell_data_filtered.wrench.force.z,888.8641298762715
2.195134496,1785795231.970556592,/loadcell_data_filtered.wrench.force.z,890.9449188707711
2.195884445,1785795231.971306541,/loadcell_data_filtered.wrench.force.z,892.9857958757375
2.196257899,1785795231.971679995,/loadcell_data_filtered.wrench.force.z,894.6241090718679
2.196674117,1785795231.972096213,/loadcell_data_filtered.wrench.force.z,896.5247555365582
2.197263771,1785795231.972685867,/loadcell_data_filtered.wrench.force.z,898.3064954902031
2.197768265,1785795231.973190361,/loadcell_data_filtered.wrench.force.z,899.8048473951666
2.199083261,1785795231.974505357,/loadcell_data_filtered.wrench.force.z,900.8324709782191
2.199654617,1785795231.975076713,/loadcell_data_filtered.wrench.force.z,897.2015479148238
2.200035048,1785795231.975457144,/loadcell_data_filtered.wrench.force.z,894.8104794277473
2.200647479,1785795231.976069575,/loadcell_data_filtered.wrench.force.z,890.777322568537
2.20089231,1785795231.976314406,/loadcell_data_filtered.wrench.force.z,887.8153879962505
2.201128675,1785795231.976550771,/loadcell_data_filtered.wrench.force.z,877.7038078634371
2.201375794,1785795231.976797890,/loadcell_data_filtered.wrench.force.z,875.9664959491723
2.201702369,1785795231.977124465,/loadcell_data_filtered.wrench.force.z,873.9263447048627
2.202107272,1785795231.977529368,/loadcell_data_filtered.wrench.force.z,873.284879360833
2.203592237,1785795231.979014333,/loadcell_data_filtered.wrench.force.z,873.1443116779461
2.2037886540000002,1785795231.979210750,/loadcell_data_filtered.wrench.force.z,872.8349684747321
2.203935251,1785795231.979357347,/loadcell_data_filtered.wrench.force.z,872.4217204471456
2.204065835,1785795231.979487931,/loadcell_data_filtered.wrench.force.z,871.3625456582923
2.209095792,1785795231.984517888,/loadcell_data_filtered.wrench.force.z,870.0172943785155
2.209250724,1785795231.984672820,/loadcell_data_filtered.wrench.force.z,868.3329742146456
2.209378245,1785795231.984800341,/loadcell_data_filtered.wrench.force.z,867.6223335700719
2.20950899,1785795231.984931086,/loadcell_data_filtered.wrench.force.z,866.2190971990965
2.209641504,1785795231.985063600,/loadcell_data_filtered.wrench.force.z,865.4043243539095
2.209765201,1785795231.985187297,/loadcell_data_filtered.wrench.force.z,870.5069260572711
2.209885226,1785795231.985307322,/loadcell_data_filtered.wrench.force.z,873.5443468426245
2.210004315,1785795231.985426411,/loadcell_data_filtered.wrench.force.z,868.7053059445726
2.210125048,1785795231.985547144,/loadcell_data_filtered.wrench.force.z,870.7937855257734
2.210242151,1785795231.985664247,/loadcell_data_filtered.wrench.force.z,871.7462666495505
2.210584167,1785795231.986006263,/loadcell_data_filtered.wrench.force.z,871.0689147710142
2.211684298,1785795231.987106394,/loadcell_data_filtered.wrench.force.z,872.0768150214699
2.211863685,1785795231.987285781,/loadcell_data_filtered.wrench.force.z,870.6227094751926
2.212006249,1785795231.987428345,/loadcell_data_filtered.wrench.force.z,870.4496299551101
2.2144419490000002,1785795231.989864045,/loadcell_data_filtered.wrench.force.z,870.3025104091463
2.214927327,1785795231.990349423,/loadcell_data_filtered.wrench.force.z,870.5433460471619
2.215148417,1785795231.990570513,/loadcell_data_filtered.wrench.force.z,869.6665006330031
2.215436844,1785795231.990858940,/loadcell_data_filtered.wrench.force.z,869.9407691410319
2.215624161,1785795231.991046257,/loadcell_data_filtered.wrench.force.z,870.5560946717914
2.21582807,1785795231.991250166,/loadcell_data_filtered.wrench.force.z,871.16995779973
2.216006207,1785795231.991428303,/loadcell_data_filtered.wrench.force.z,871.6499067459528
2.216212514,1785795231.991634610,/loadcell_data_filtered.wrench.force.z,871.3709493298034
2.216393896,1785795231.991815992,/loadcell_data_filtered.wrench.force.z,865.0453090765943
2.216587931,1785795231.992010027,/loadcell_data_filtered.wrench.force.z,861.8604962675151
2.218225373,1785795231.993647469,/loadcell_data_filtered.wrench.force.z,858.6530872537438
2.218392708,1785795231.993814804,/loadcell_data_filtered.wrench.force.z,855.7351568756096
2.218529512,1785795231.993951608,/loadcell_data_filtered.wrench.force.z,853.6344404083958
2.2186665850000002,1785795231.994088681,/loadcell_data_filtered.wrench.force.z,847.3452198428284
2.219205721,1785795231.994627817,/loadcell_data_filtered.wrench.force.z,846.8367320844851
2.220923192,1785795231.996345288,/loadcell_data_filtered.wrench.force.z,847.4788368015113
2.221102167,1785795231.996524263,/loadcell_data_filtered.wrench.force.z,850.0488419543508
2.224734998,1785795232.000157094,/loadcell_data_filtered.wrench.force.z,852.0573494651785
2.225129706,1785795232.000551802,/loadcell_data_filtered.wrench.force.z,854.2668463154628
2.225401548,1785795232.000823644,/loadcell_data_filtered.wrench.force.z,856.0986820336424
2.225678702,1785795232.001100798,/loadcell_data_filtered.wrench.force.z,857.4964036676229
2.225990375,1785795232.001412471,/loadcell_data_filtered.wrench.force.z,859.315058381219
2.226282242,1785795232.001704338,/loadcell_data_filtered.wrench.force.z,860.8395259180877
2.226587009,1785795232.002009105,/loadcell_data_filtered.wrench.force.z,862.8280238313494
2.226894355,1785795232.002316451,/loadcell_data_filtered.wrench.force.z,866.5081681453605
2.227141864,1785795232.002563960,/loadcell_data_filtered.wrench.force.z,873.3310978323609
2.227447672,1785795232.002869768,/loadcell_data_filtered.wrench.force.z,880.1775960596051
2.227829627,1785795232.003251723,/loadcell_data_filtered.wrench.force.z,885.1188165497028
2.228193404,1785795232.003615500,/loadcell_data_filtered.wrench.force.z,887.4116321239275
2.228602284,1785795232.004024380,/loadcell_data_filtered.wrench.force.z,891.2438231024727
2.228973574,1785795232.004395670,/loadcell_data_filtered.wrench.force.z,893.4031984716936
2.229806213,1785795232.005228309,/loadcell_data_filtered.wrench.force.z,893.9993956826206
2.23019903,1785795232.005621126,/loadcell_data_filtered.wrench.force.z,894.1063007735735
2.230586116,1785795232.006008212,/loadcell_data_filtered.wrench.force.z,895.3223005222442
2.230817856,1785795232.006239952,/loadcell_data_filtered.wrench.force.z,896.3638995334925
2.231009223,1785795232.006431319,/loadcell_data_filtered.wrench.force.z,897.2018982449817
2.231188501,1785795232.006610597,/loadcell_data_filtered.wrench.force.z,897.8985084202528
2.2313757020000002,1785795232.006797798,/loadcell_data_filtered.wrench.force.z,897.474247620773
2.231555798,1785795232.006977894,/loadcell_data_filtered.wrench.force.z,895.6602408511989
2.2317719240000002,1785795232.007194020,/loadcell_data_filtered.wrench.force.z,894.5205474540638
2.232006564,1785795232.007428660,/loadcell_data_filtered.wrench.force.z,893.6699137566
2.232225666,1785795232.007647762,/loadcell_data_filtered.wrench.force.z,887.960023593697
2.232420399,1785795232.007842495,/loadcell_data_filtered.wrench.force.z,883.8757003907031
2.232979804,1785795232.008401900,/loadcell_data_filtered.wrench.force.z,878.4132630619671
2.23341405,1785795232.008836146,/loadcell_data_filtered.wrench.force.z,873.8688231234387
2.233989228,1785795232.009411324,/loadcell_data_filtered.wrench.force.z,869.9969311371825
2.234402608,1785795232.009824704,/loadcell_data_filtered.wrench.force.z,866.7062888184926
2.234915419,1785795232.010337515,/loadcell_data_filtered.wrench.force.z,864.1395812882341
2.235350233,1785795232.010772329,/loadcell_data_filtered.wrench.force.z,862.6938407271386
2.236021551,1785795232.011443647,/loadcell_data_filtered.wrench.force.z,861.8468575233808
2.236675013,1785795232.012097109,/loadcell_data_filtered.wrench.force.z,860.8324675569087
2.236935784,1785795232.012357880,/loadcell_data_filtered.wrench.force.z,859.5759402608371
2.2374159750000002,1785795232.012838071,/loadcell_data_filtered.wrench.force.z,857.9805868826517
2.237746403,1785795232.013168499,/loadcell_data_filtered.wrench.force.z,856.7399865096938
2.238545479,1785795232.013967575,/loadcell_data_filtered.wrench.force.z,855.3795155320536
2.239028621,1785795232.014450717,/loadcell_data_filtered.wrench.force.z,854.0969336134606
2.239398825,1785795232.014820921,/loadcell_data_filtered.wrench.force.z,852.8274413951914
2.240101144,1785795232.015523240,/loadcell_data_filtered.wrench.force.z,851.9909576303002
2.240620973,1785795232.016043069,/loadcell_data_filtered.wrench.force.z,857.1785322207272
2.240892016,1785795232.016314112,/loadcell_data_filtered.wrench.force.z,860.6985431971917
2.241255109,1785795232.016677205,/loadcell_data_filtered.wrench.force.z,864.7145119052908
2.241949803,1785795232.017371899,/loadcell_data_filtered.wrench.force.z,867.5138209017264
2.243018137,1785795232.018440233,/loadcell_data_filtered.wrench.force.z,870.3292282495421
2.2433242,1785795232.018746296,/loadcell_data_filtered.wrench.force.z,871.6396503101536
2.243649464,1785795232.019071560,/loadcell_data_filtered.wrench.force.z,873.4029672645295
2.244171608,1785795232.019593704,/loadcell_data_filtered.wrench.force.z,874.0724974739537
2.245723815,1785795232.021145911,/loadcell_data_filtered.wrench.force.z,874.5575063861428
2.24602538,1785795232.021447476,/loadcell_data_filtered.wrench.force.z,875.8061558974648
2.246454331,1785795232.021876427,/loadcell_data_filtered.wrench.force.z,875.8399645876602
2.246851514,1785795232.022273610,/loadcell_data_filtered.wrench.force.z,877.0854085778891
2.247250542,1785795232.022672638,/loadcell_data_filtered.wrench.force.z,877.9060042701403
2.247551586,1785795232.022973682,/loadcell_data_filtered.wrench.force.z,878.0569005118015
2.247847275,1785795232.023269371,/loadcell_data_filtered.wrench.force.z,878.5269656896029
2.2510449230000003,1785795232.026467019,/loadcell_data_filtered.wrench.force.z,879.0286574208637
2.25155977,1785795232.026981866,/loadcell_data_filtered.wrench.force.z,879.4356983961378
2.251895256,1785795232.027317352,/loadcell_data_filtered.wrench.force.z,875.4397024126583
2.2521767280000002,1785795232.027598824,/loadcell_data_filtered.wrench.force.z,872.516482242047
2.252506683,1785795232.027928779,/loadcell_data_filtered.wrench.force.z,870.3486170283952
2.252838859,1785795232.028260955,/loadcell_data_filtered.wrench.force.z,868.9916556119869
2.25311358,1785795232.028535676,/loadcell_data_filtered.wrench.force.z,867.87410710166
2.253387609,1785795232.028809705,/loadcell_data_filtered.wrench.force.z,867.8309964470309
2.253627301,1785795232.029049397,/loadcell_data_filtered.wrench.force.z,867.3685147997376
2.2538072749999998,1785795232.029229371,/loadcell_data_filtered.wrench.force.z,867.1292910295521
2.2540053970000002,1785795232.029427493,/loadcell_data_filtered.wrench.force.z,866.9939435109604
2.254509219,1785795232.029931315,/loadcell_data_filtered.wrench.force.z,867.5946955989075
2.25480567,1785795232.030227766,/loadcell_data_filtered.wrench.force.z,868.2263559163013
2.255048441,1785795232.030470537,/loadcell_data_filtered.wrench.force.z,861.3307510518861
2.255263928,1785795232.030686024,/loadcell_data_filtered.wrench.force.z,861.7586417074605
2.256938557,1785795232.032360653,/loadcell_data_filtered.wrench.force.z,861.9164125674995
2.257239801,1785795232.032661897,/loadcell_data_filtered.wrench.force.z,862.1672187438762
2.257462628,1785795232.032884724,/loadcell_data_filtered.wrench.force.z,860.5917151884202
2.257710904,1785795232.033133000,/loadcell_data_filtered.wrench.force.z,858.2048031020014
2.260034514,1785795232.035456610,/loadcell_data_filtered.wrench.force.z,863.6671177611655
2.260450451,1785795232.035872547,/loadcell_data_filtered.wrench.force.z,868.0038472302344
2.260782474,1785795232.036204570,/loadcell_data_filtered.wrench.force.z,871.6796116130101
2.261124303,1785795232.036546399,/loadcell_data_filtered.wrench.force.z,874.7351174493367
2.261581143,1785795232.037003239,/loadcell_data_filtered.wrench.force.z,873.2197869608082
2.261993062,1785795232.037415158,/loadcell_data_filtered.wrench.force.z,872.556706337498
2.262275357,1785795232.037697453,/loadcell_data_filtered.wrench.force.z,872.1642748232324
2.2625611,1785795232.037983196,/loadcell_data_filtered.wrench.force.z,872.0837751189772
2.262884408,1785795232.038306504,/loadcell_data_filtered.wrench.force.z,872.5884134727223
2.263200599,1785795232.038622695,/loadcell_data_filtered.wrench.force.z,872.3458403406969
2.263464534,1785795232.038886630,/loadcell_data_filtered.wrench.force.z,872.4088131489588
2.265348757,1785795232.040770853,/loadcell_data_filtered.wrench.force.z,872.4139779900893
2.265369106,1785795232.040791202,/loadcell_data_filtered.wrench.force.z,872.5556762109205
2.26537176,1785795232.040793856,/loadcell_data_filtered.wrench.force.z,872.205303844717
2.265374047,1785795232.040796143,/loadcell_data_filtered.wrench.force.z,866.2076822545004
2.265620736,1785795232.041042832,/loadcell_data_filtered.wrench.force.z,864.7466686758468
2.265951189,1785795232.041373285,/loadcell_data_filtered.wrench.force.z,858.9558166334749
2.266222163,1785795232.041644259,/loadcell_data_filtered.wrench.force.z,856.0444863668569
2.266532042,1785795232.041954138,/loadcell_data_filtered.wrench.force.z,851.7901853352638
2.266877699,1785795232.042299795,/loadcell_data_filtered.wrench.force.z,848.8704455496107
2.2672353960000002,1785795232.042657492,/loadcell_data_filtered.wrench.force.z,846.1064809270055
2.267592323,1785795232.043014419,/loadcell_data_filtered.wrench.force.z,844.2228283590125
2.268423474,1785795232.043845570,/loadcell_data_filtered.wrench.force.z,842.8368793945375
2.268638131,1785795232.044060227,/loadcell_data_filtered.wrench.force.z,842.6516094233364
2.269155163,1785795232.044577259,/loadcell_data_filtered.wrench.force.z,842.8321129981473
2.269565763,1785795232.044987859,/loadcell_data_filtered.wrench.force.z,843.1597502300334
2.272284019,1785795232.047706115,/loadcell_data_filtered.wrench.force.z,842.9772259947296
2.272754845,1785795232.048176941,/loadcell_data_filtered.wrench.force.z,842.9283163030634
2.273033145,1785795232.048455241,/loadcell_data_filtered.wrench.force.z,843.0151536086544
2.273236918,1785795232.048659014,/loadcell_data_filtered.wrench.force.z,835.4692847660854
2.2734145310000002,1785795232.048836627,/loadcell_data_filtered.wrench.force.z,836.1178523981047
2.273602744,1785795232.049024840,/loadcell_data_filtered.wrench.force.z,835.4609001010307
2.27377825,1785795232.049200346,/loadcell_data_filtered.wrench.force.z,836.0277948486817
2.273940277,1785795232.049362373,/loadcell_data_filtered.wrench.force.z,842.2191154878819
2.274104289,1785795232.049526385,/loadcell_data_filtered.wrench.force.z,846.5558965295832
2.274570842,1785795232.049992938,/loadcell_data_filtered.wrench.force.z,850.8743783616086
2.277636153,1785795232.053058249,/loadcell_data_filtered.wrench.force.z,854.571924793967
2.278227914,1785795232.053650010,/loadcell_data_filtered.wrench.force.z,858.0117334628227
2.278794456,1785795232.054216552,/loadcell_data_filtered.wrench.force.z,859.9685295621439
2.279253681,1785795232.054675777,/loadcell_data_filtered.wrench.force.z,855.1534813988026
2.279654344,1785795232.055076440,/loadcell_data_filtered.wrench.force.z,855.480608932493
2.280092598,1785795232.055514694,/loadcell_data_filtered.wrench.force.z,855.523874998781
2.280505375,1785795232.055927471,/loadcell_data_filtered.wrench.force.z,856.7966683129906
2.280856037,1785795232.056278133,/loadcell_data_filtered.wrench.force.z,858.0168110172556
2.281180381,1785795232.056602477,/loadcell_data_filtered.wrench.force.z,859.561132319398
2.281508809,1785795232.056930905,/loadcell_data_filtered.wrench.force.z,861.0199724513715
2.281709739,1785795232.057131835,/loadcell_data_filtered.wrench.force.z,862.472761213702
2.293171082,1785795232.068593178,/loadcell_data_filtered.wrench.force.z,864.0164478783296
2.293367112,1785795232.068789208,/loadcell_data_filtered.wrench.force.z,860.2415418157245
2.293513399,1785795232.068935495,/loadcell_data_filtered.wrench.force.z,861.2901574684463
2.29364957,1785795232.069071666,/loadcell_data_filtered.wrench.force.z,860.8527563626257
2.29377686,1785795232.069198956,/loadcell_data_filtered.wrench.force.z,860.6385018601111
2.29390217,1785795232.069324266,/loadcell_data_filtered.wrench.force.z,866.5451174312968
2.294024393,1785795232.069446489,/loadcell_data_filtered.wrench.force.z,871.9040899490002
2.294146732,1785795232.069568828,/loadcell_data_filtered.wrench.force.z,878.3390059249757
2.2942672870000003,1785795232.069689383,/loadcell_data_filtered.wrench.force.z,876.8221848660227
2.294488522,1785795232.069910618,/loadcell_data_filtered.wrench.force.z,879.0782167893103
2.294510913,1785795232.069933009,/loadcell_data_filtered.wrench.force.z,881.1623982543667
2.294647524,1785795232.070069620,/loadcell_data_filtered.wrench.force.z,879.7650526073961
2.2947520900000002,1785795232.070174186,/loadcell_data_filtered.wrench.force.z,881.5091482227109
2.296264292,1785795232.071686388,/loadcell_data_filtered.wrench.force.z,882.4942930511728
2.296706574,1785795232.072128670,/loadcell_data_filtered.wrench.force.z,884.491216920216
2.297181035,1785795232.072603131,/loadcell_data_filtered.wrench.force.z,885.4433164751731
2.297509209,1785795232.072931305,/loadcell_data_filtered.wrench.force.z,887.1334138558433
2.297808416,1785795232.073230512,/loadcell_data_filtered.wrench.force.z,888.7071229001016
2.298076862,1785795232.073498958,/loadcell_data_filtered.wrench.force.z,889.9806086857777
2.298340772,1785795232.073762868,/loadcell_data_filtered.wrench.force.z,891.8590924482244
2.298634261,1785795232.074056357,/loadcell_data_filtered.wrench.force.z,893.1291375310119
2.300127598,1785795232.075549694,/loadcell_data_filtered.wrench.force.z,893.3840119223822
2.300667702,1785795232.076089798,/loadcell_data_filtered.wrench.force.z,888.4601048684403
2.300883017,1785795232.076305113,/loadcell_data_filtered.wrench.force.z,886.6456109950705
2.30106259,1785795232.076484686,/loadcell_data_filtered.wrench.force.z,884.1631820535076
2.301699993,1785795232.077122089,/loadcell_data_filtered.wrench.force.z,882.5821116477313
2.301894076,1785795232.077316172,/loadcell_data_filtered.wrench.force.z,880.2849506642273
2.302132851,1785795232.077554947,/loadcell_data_filtered.wrench.force.z,880.0386611792152
2.302465456,1785795232.077887552,/loadcell_data_filtered.wrench.force.z,879.0739175662386
2.303000661,1785795232.078422757,/loadcell_data_filtered.wrench.force.z,880.0252737930575
2.3033795980000003,1785795232.078801694,/loadcell_data_filtered.wrench.force.z,880.2183280244806
2.304306094,1785795232.079728190,/loadcell_data_filtered.wrench.force.z,880.743710519756
2.308506425,1785795232.083928521,/loadcell_data_filtered.wrench.force.z,880.6955735087984
2.309583549,1785795232.085005645,/loadcell_data_filtered.wrench.force.z,881.137133335653
2.309594416,1785795232.085016512,/loadcell_data_filtered.wrench.force.z,881.6868581629283
2.309598197,1785795232.085020293,/loadcell_data_filtered.wrench.force.z,881.3593727776806
2.309601828,1785795232.085023924,/loadcell_data_filtered.wrench.force.z,880.3778396890738
2.309605455,1785795232.085027551,/loadcell_data_filtered.wrench.force.z,872.817081578211
2.312663656,1785795232.088085752,/loadcell_data_filtered.wrench.force.z,877.532449356
2.313486478,1785795232.088908574,/loadcell_data_filtered.wrench.force.z,880.9585717321818
2.313758697,1785795232.089180793,/loadcell_data_filtered.wrench.force.z,883.2970354669399
2.314193502,1785795232.089615598,/loadcell_data_filtered.wrench.force.z,884.4616116729537
2.3155318190000003,1785795232.090953915,/loadcell_data_filtered.wrench.force.z,884.0343411857509
2.315574248,1785795232.090996344,/loadcell_data_filtered.wrench.force.z,883.1610534787839
2.315769703,1785795232.091191799,/loadcell_data_filtered.wrench.force.z,882.4568922273
2.316336564,1785795232.091758660,/loadcell_data_filtered.wrench.force.z,882.3560587052756
2.316926033,1785795232.092348129,/loadcell_data_filtered.wrench.force.z,881.8359186853266
2.31743268,1785795232.092854776,/loadcell_data_filtered.wrench.force.z,881.6437453438774
2.317864692,1785795232.093286788,/loadcell_data_filtered.wrench.force.z,880.5232242969031
2.3183355900000002,1785795232.093757686,/loadcell_data_filtered.wrench.force.z,880.1337183361071
2.318721894,1785795232.094143990,/loadcell_data_filtered.wrench.force.z,879.3223548888902
2.319331799,1785795232.094753895,/loadcell_data_filtered.wrench.force.z,878.4187114303759
2.319361216,1785795232.094783312,/loadcell_data_filtered.wrench.force.z,877.3245562740042
2.3198943290000003,1785795232.095316425,/loadcell_data_filtered.wrench.force.z,871.8127077564717
2.320375108,1785795232.095797204,/loadcell_data_filtered.wrench.force.z,867.0362980545092
2.320938686,1785795232.096360782,/loadcell_data_filtered.wrench.force.z,863.6189860359902
2.321597494,1785795232.097019590,/loadcell_data_filtered.wrench.force.z,859.192046003581
2.322008367,1785795232.097430463,/loadcell_data_filtered.wrench.force.z,854.95191660513
2.322541422,1785795232.097963518,/loadcell_data_filtered.wrench.force.z,853.0362539714538
2.323058592,1785795232.098480688,/loadcell_data_filtered.wrench.force.z,851.862457602871
2.323563341,1785795232.098985437,/loadcell_data_filtered.wrench.force.z,851.7336116856484
2.323983512,1785795232.099405608,/loadcell_data_filtered.wrench.force.z,848.5690021794034
2.324353583,1785795232.099775679,/loadcell_data_filtered.wrench.force.z,843.4445275007936
2.32473491,1785795232.100157006,/loadcell_data_filtered.wrench.force.z,843.2119886875187
2.325217135,1785795232.100639231,/loadcell_data_filtered.wrench.force.z,841.521465890484
2.325693595,1785795232.101115691,/loadcell_data_filtered.wrench.force.z,840.4511479320563
2.32610403,1785795232.101526126,/loadcell_data_filtered.wrench.force.z,839.8265474465774
2.326519277,1785795232.101941373,/loadcell_data_filtered.wrench.force.z,838.6474096606772
2.326982307,1785795232.102404403,/loadcell_data_filtered.wrench.force.z,837.553481746841
2.327341721,1785795232.102763817,/loadcell_data_filtered.wrench.force.z,841.5285433856981
2.3276921,1785795232.103114196,/loadcell_data_filtered.wrench.force.z,844.4171760645195
2.328166954,1785795232.103589050,/loadcell_data_filtered.wrench.force.z,848.5796888851561
2.32843882,1785795232.103860916,/loadcell_data_filtered.wrench.force.z,851.4682930456605
2.328835871,1785795232.104257967,/loadcell_data_filtered.wrench.force.z,845.5021109441719
2.329190176,1785795232.104612272,/loadcell_data_filtered.wrench.force.z,847.5551466340572
2.3295902330000002,1785795232.105012329,/loadcell_data_filtered.wrench.force.z,847.368034947047
2.332647584,1785795232.108069680,/loadcell_data_filtered.wrench.force.z,846.6153213098437
2.333274961,1785795232.108697057,/loadcell_data_filtered.wrench.force.z,846.8577817168153
2.333817313,1785795232.109239409,/loadcell_data_filtered.wrench.force.z,847.5122048059578
2.334263641,1785795232.109685737,/loadcell_data_filtered.wrench.force.z,847.7190216349115
2.336352431,1785795232.111774527,/loadcell_data_filtered.wrench.force.z,847.5206000024781
2.3363699430000002,1785795232.111792039,/loadcell_data_filtered.wrench.force.z,847.4803814347974
2.336374078,1785795232.111796174,/loadcell_data_filtered.wrench.force.z,848.1631464920989
2.33659227,1785795232.112014366,/loadcell_data_filtered.wrench.force.z,848.6233165434834
2.337064192,1785795232.112486288,/loadcell_data_filtered.wrench.force.z,849.6377108975237
2.337419158,1785795232.112841254,/loadcell_data_filtered.wrench.force.z,844.1609254302808
2.337816171,1785795232.113238267,/loadcell_data_filtered.wrench.force.z,839.9992827372848
2.338120151,1785795232.113542247,/loadcell_data_filtered.wrench.force.z,836.5714864311053
2.338448539,1785795232.113870635,/loadcell_data_filtered.wrench.force.z,832.1677700450848
2.338757244,1785795232.114179340,/loadcell_data_filtered.wrench.force.z,830.3564589444844
2.339034385,1785795232.114456481,/loadcell_data_filtered.wrench.force.z,829.982529858264
2.339334031,1785795232.114756127,/loadcell_data_filtered.wrench.force.z,830.1051487358135
2.339607794,1785795232.115029890,/loadcell_data_filtered.wrench.force.z,831.0524148799664
2.339828079,1785795232.115250175,/loadcell_data_filtered.wrench.force.z,832.5231161863225
2.3400651310000002,1785795232.115487227,/loadcell_data_filtered.wrench.force.z,833.5515410052594
2.34029244,1785795232.115714536,/loadcell_data_filtered.wrench.force.z,834.682728648102
2.3405032,1785795232.115925296,/loadcell_data_filtered.wrench.force.z,834.0840236607366
2.340728786,1785795232.116150882,/loadcell_data_filtered.wrench.force.z,835.1729654921016
2.340942188,1785795232.116364284,/loadcell_data_filtered.wrench.force.z,835.5775181025352
2.341198911,1785795232.116621007,/loadcell_data_filtered.wrench.force.z,836.8056007048647
2.34145965,1785795232.116881746,/loadcell_data_filtered.wrench.force.z,837.2893459060374
2.341733551,1785795232.117155647,/loadcell_data_filtered.wrench.force.z,838.7044971166084
2.342015461,1785795232.117437557,/loadcell_data_filtered.wrench.force.z,845.0397912435176
2.342289312,1785795232.117711408,/loadcell_data_filtered.wrench.force.z,849.6208231108191
2.342639025,1785795232.118061121,/loadcell_data_filtered.wrench.force.z,854.397764632111
2.34292886,1785795232.118350956,/loadcell_data_filtered.wrench.force.z,857.8922443757564
2.343265172,1785795232.118687268,/loadcell_data_filtered.wrench.force.z,861.5473197475147
2.343544614,1785795232.118966710,/loadcell_data_filtered.wrench.force.z,863.7696955214989
2.343832499,1785795232.119254595,/loadcell_data_filtered.wrench.force.z,865.5307866626902
2.3447628480000002,1785795232.120184944,/loadcell_data_filtered.wrench.force.z,866.3686215321846
2.345911178,1785795232.121333274,/loadcell_data_filtered.wrench.force.z,867.548100176686
2.346136216,1785795232.121558312,/loadcell_data_filtered.wrench.force.z,868.979502562001
2.346784723,1785795232.122206819,/loadcell_data_filtered.wrench.force.z,869.6456202345653
2.347015281,1785795232.122437377,/loadcell_data_filtered.wrench.force.z,871.1092543981304
2.349219424,1785795232.124641520,/loadcell_data_filtered.wrench.force.z,871.726115055655
2.349474702,1785795232.124896798,/loadcell_data_filtered.wrench.force.z,872.2178001614046
2.349738894,1785795232.125160990,/loadcell_data_filtered.wrench.force.z,872.6716292786592
2.349960455,1785795232.125382551,/loadcell_data_filtered.wrench.force.z,872.5975004263056
2.35015961,1785795232.125581706,/loadcell_data_filtered.wrench.force.z,871.3219733055831
2.350383319,1785795232.125805415,/loadcell_data_filtered.wrench.force.z,867.5826959154338
2.3505779110000002,1785795232.126000007,/loadcell_data_filtered.wrench.force.z,862.9523702592844
2.350780628,1785795232.126202724,/loadcell_data_filtered.wrench.force.z,858.7124073459445
2.351914975,1785795232.127337071,/loadcell_data_filtered.wrench.force.z,855.9135686169784
2.352615494,1785795232.128037590,/loadcell_data_filtered.wrench.force.z,853.1020651295331
2.35318851,1785795232.128610606,/loadcell_data_filtered.wrench.force.z,852.3545353289071
2.353729925,1785795232.129152021,/loadcell_data_filtered.wrench.force.z,853.1888809381157
2.354213388,1785795232.129635484,/loadcell_data_filtered.wrench.force.z,853.4922882334847
2.354756548,1785795232.130178644,/loadcell_data_filtered.wrench.force.z,853.1728223076215
2.355181835,1785795232.130603931,/loadcell_data_filtered.wrench.force.z,853.0664379591975
2.355500488,1785795232.130922584,/loadcell_data_filtered.wrench.force.z,854.0478035078514
2.35583254,1785795232.131254636,/loadcell_data_filtered.wrench.force.z,853.4071589001662
2.356118556,1785795232.131540652,/loadcell_data_filtered.wrench.force.z,853.0956750393195
2.356531722,1785795232.131953818,/loadcell_data_filtered.wrench.force.z,853.2947178967715
2.3568515530000003,1785795232.132273649,/loadcell_data_filtered.wrench.force.z,854.0702908683708
2.357088054,1785795232.132510150,/loadcell_data_filtered.wrench.force.z,854.6618228926028
2.357585374,1785795232.133007470,/loadcell_data_filtered.wrench.force.z,860.4198497815368
2.357747757,1785795232.133169853,/loadcell_data_filtered.wrench.force.z,864.2015535332037
2.35802178,1785795232.133443876,/loadcell_data_filtered.wrench.force.z,869.1761473875125
2.359733865,1785795232.135155961,/loadcell_data_filtered.wrench.force.z,873.6724661401506
2.3610570920000002,1785795232.136479188,/loadcell_data_filtered.wrench.force.z,877.5041407286612
2.361482893,1785795232.136904989,/loadcell_data_filtered.wrench.force.z,880.2942382131947
2.36189975,1785795232.137321846,/loadcell_data_filtered.wrench.force.z,882.777257231053
2.362196461,1785795232.137618557,/loadcell_data_filtered.wrench.force.z,883.8243330892088
2.362427775,1785795232.137849871,/loadcell_data_filtered.wrench.force.z,885.107596326493
2.362674961,1785795232.138097057,/loadcell_data_filtered.wrench.force.z,886.6469112365145
2.362933368,1785795232.138355464,/loadcell_data_filtered.wrench.force.z,887.1924794652896
2.363215145,1785795232.138637241,/loadcell_data_filtered.wrench.force.z,888.0666304366243
2.363512352,1785795232.138934448,/loadcell_data_filtered.wrench.force.z,889.3211048355109
2.363820594,1785795232.139242690,/loadcell_data_filtered.wrench.force.z,891.2447777091594
2.364096318,1785795232.139518414,/loadcell_data_filtered.wrench.force.z,892.4519828066907
2.364379145,1785795232.139801241,/loadcell_data_filtered.wrench.force.z,893.0332940216578
2.364828301,1785795232.140250397,/loadcell_data_filtered.wrench.force.z,893.620308220441
2.365853859,1785795232.141275955,/loadcell_data_filtered.wrench.force.z,888.6492909527366
2.366238838,1785795232.141660934,/loadcell_data_filtered.wrench.force.z,885.5691389718703
2.366560121,1785795232.141982217,/loadcell_data_filtered.wrench.force.z,882.9481377113259
2.366897745,1785795232.142319841,/loadcell_data_filtered.wrench.force.z,879.8875198733857
2.3679002430000002,1785795232.143322339,/loadcell_data_filtered.wrench.force.z,876.8364473269014
2.368172623,1785795232.143594719,/loadcell_data_filtered.wrench.force.z,875.7454238857174
2.369682214,1785795232.145104310,/loadcell_data_filtered.wrench.force.z,875.0568317377092
2.3699927020000002,1785795232.145414798,/loadcell_data_filtered.wrench.force.z,875.0661655997428
2.370248147,1785795232.145670243,/loadcell_data_filtered.wrench.force.z,875.238357549238
2.370400112,1785795232.145822208,/loadcell_data_filtered.wrench.force.z,875.6838798910925
2.370609805,1785795232.146031901,/loadcell_data_filtered.wrench.force.z,875.628957582219
2.3716553830000002,1785795232.147077479,/loadcell_data_filtered.wrench.force.z,875.685040842733
2.37179243,1785795232.147214526,/loadcell_data_filtered.wrench.force.z,873.5235866698746
2.371954376,1785795232.147376472,/loadcell_data_filtered.wrench.force.z,867.5838163400701
2.372079913,1785795232.147502009,/loadcell_data_filtered.wrench.force.z,867.6813378629173
2.372985581,1785795232.148407677,/loadcell_data_filtered.wrench.force.z,867.1572125675597
2.373208766,1785795232.148630862,/loadcell_data_filtered.wrench.force.z,867.5140588331657
2.373725004,1785795232.149147100,/loadcell_data_filtered.wrench.force.z,874.00723321695
2.374476293,1785795232.149898389,/loadcell_data_filtered.wrench.force.z,878.7180349067073
2.374818282,1785795232.150240378,/loadcell_data_filtered.wrench.force.z,882.6539444814006
2.376343348,1785795232.151765444,/loadcell_data_filtered.wrench.force.z,886.0492641260663
2.376882501,1785795232.152304597,/loadcell_data_filtered.wrench.force.z,889.2861111406198
2.377260606,1785795232.152682702,/loadcell_data_filtered.wrench.force.z,891.3068311086944
2.377595794,1785795232.153017890,/loadcell_data_filtered.wrench.force.z,892.0489496458106
2.377978828,1785795232.153400924,/loadcell_data_filtered.wrench.force.z,892.901293908913
2.378372582,1785795232.153794678,/loadcell_data_filtered.wrench.force.z,892.9814841655391
2.3788100070000002,1785795232.154232103,/loadcell_data_filtered.wrench.force.z,893.5087035310772
2.379227143,1785795232.154649239,/loadcell_data_filtered.wrench.force.z,894.0426153010059
2.379592584,1785795232.155014680,/loadcell_data_filtered.wrench.force.z,894.6006398153211
2.379936162,1785795232.155358258,/loadcell_data_filtered.wrench.force.z,895.3760064116975
2.38223528,1785795232.157657376,/loadcell_data_filtered.wrench.force.z,895.8465782753617
2.382455345,1785795232.157877441,/loadcell_data_filtered.wrench.force.z,896.7700279820849
2.382660095,1785795232.158082191,/loadcell_data_filtered.wrench.force.z,897.9463642401627
2.382857997,1785795232.158280093,/loadcell_data_filtered.wrench.force.z,888.5705628649794
2.383085025,1785795232.158507121,/loadcell_data_filtered.wrench.force.z,884.7160083944036
2.383280551,1785795232.158702647,/loadcell_data_filtered.wrench.force.z,879.9273240660076
2.383463104,1785795232.158885200,/loadcell_data_filtered.wrench.force.z,876.9751650198032
2.385937963,1785795232.161360059,/loadcell_data_filtered.wrench.force.z,874.2161914112671
2.3861116,1785795232.161533696,/loadcell_data_filtered.wrench.force.z,871.8136195258427
2.386258248,1785795232.161680344,/loadcell_data_filtered.wrench.force.z,870.2932832012068
2.386806597,1785795232.162228693,/loadcell_data_filtered.wrench.force.z,870.0658932303297
2.386993189,1785795232.162415285,/loadcell_data_filtered.wrench.force.z,870.7345468780707
2.387155953,1785795232.162578049,/loadcell_data_filtered.wrench.force.z,871.8143565578939
2.387314984,1785795232.162737080,/loadcell_data_filtered.wrench.force.z,865.1593209793263
2.387503155,1785795232.162925251,/loadcell_data_filtered.wrench.force.z,865.5535032560249
2.387698677,1785795232.163120773,/loadcell_data_filtered.wrench.force.z,864.9043762463075
2.388094611,1785795232.163516707,/loadcell_data_filtered.wrench.force.z,864.8716949054218
2.3894330950000002,1785795232.164855191,/loadcell_data_filtered.wrench.force.z,865.2916438861914
2.398978328,1785795232.174400424,/loadcell_data_filtered.wrench.force.z,866.71458986346
2.399225733,1785795232.174647829,/loadcell_data_filtered.wrench.force.z,867.8808956878337
2.399374076,1785795232.174796172,/loadcell_data_filtered.wrench.force.z,869.7355915283849
2.399548165,1785795232.174970261,/loadcell_data_filtered.wrench.force.z,871.3049374315813
2.399731055,1785795232.175153151,/loadcell_data_filtered.wrench.force.z,864.2727497986712
2.399893983,1785795232.175316079,/loadcell_data_filtered.wrench.force.z,865.8828268011315
2.400061049,1785795232.175483145,/loadcell_data_filtered.wrench.force.z,864.8181440457075
2.400255285,1785795232.175677381,/loadcell_data_filtered.wrench.force.z,864.6170377337401
2.400401096,1785795232.175823192,/loadcell_data_filtered.wrench.force.z,862.3265996451593
2.4005366820000003,1785795232.175958778,/loadcell_data_filtered.wrench.force.z,858.2445715820236
2.40066069,1785795232.176082786,/loadcell_data_filtered.wrench.force.z,853.3189970784066
2.400779277,1785795232.176201373,/loadcell_data_filtered.wrench.force.z,849.0977996583908
2.400893754,1785795232.176315850,/loadcell_data_filtered.wrench.force.z,845.5536602488856
2.401051064,1785795232.176473160,/loadcell_data_filtered.wrench.force.z,843.3803980148252
2.401170188,1785795232.176592284,/loadcell_data_filtered.wrench.force.z,840.224332136514
2.401287034,1785795232.176709130,/loadcell_data_filtered.wrench.force.z,839.9217857020823
2.401433955,1785795232.176856051,/loadcell_data_filtered.wrench.force.z,838.3902317725235
2.401913963,1785795232.177336059,/loadcell_data_filtered.wrench.force.z,838.4212276344672
2.4026665720000002,1785795232.178088668,/loadcell_data_filtered.wrench.force.z,839.0267159314852
2.403115641,1785795232.178537737,/loadcell_data_filtered.wrench.force.z,839.7859455055884
2.403510933,1785795232.178933029,/loadcell_data_filtered.wrench.force.z,840.2451636843035
2.403994207,1785795232.179416303,/loadcell_data_filtered.wrench.force.z,840.5710290818407
2.404534676,1785795232.179956772,/loadcell_data_filtered.wrench.force.z,840.9526345086837
2.404968277,1785795232.180390373,/loadcell_data_filtered.wrench.force.z,841.9380001985045
2.4054978240000002,1785795232.180919920,/loadcell_data_filtered.wrench.force.z,842.7361204024113
2.405883764,1785795232.181305860,/loadcell_data_filtered.wrench.force.z,843.6533625415827
2.406448589,1785795232.181870685,/loadcell_data_filtered.wrench.force.z,845.1725213036617
2.406904061,1785795232.182326157,/loadcell_data_filtered.wrench.force.z,852.5456618009357
2.407433486,1785795232.182855582,/loadcell_data_filtered.wrench.force.z,858.3853787927459
2.408459932,1785795232.183882028,/loadcell_data_filtered.wrench.force.z,863.4649923901139
2.40890212,1785795232.184324216,/loadcell_data_filtered.wrench.force.z,867.3755365052988
2.4092086200000002,1785795232.184630716,/loadcell_data_filtered.wrench.force.z,871.5977716211213
2.409529408,1785795232.184951504,/loadcell_data_filtered.wrench.force.z,873.8729070325471
2.410173775,1785795232.185595871,/loadcell_data_filtered.wrench.force.z,875.8940300368147
2.41051246,1785795232.185934556,/loadcell_data_filtered.wrench.force.z,877.1456987769748
2.411424319,1785795232.186846415,/loadcell_data_filtered.wrench.force.z,878.4058641027198
2.411912716,1785795232.187334812,/loadcell_data_filtered.wrench.force.z,879.5841394988938
2.4122885910000003,1785795232.187710687,/loadcell_data_filtered.wrench.force.z,880.6619979175522
2.412866899,1785795232.188288995,/loadcell_data_filtered.wrench.force.z,881.9479454331781
2.41352883,1785795232.188950926,/loadcell_data_filtered.wrench.force.z,883.0805976334075
2.414012968,1785795232.189435064,/loadcell_data_filtered.wrench.force.z,883.8348828172079
2.414393794,1785795232.189815890,/loadcell_data_filtered.wrench.force.z,884.5893378284401
2.414830765,1785795232.190252861,/loadcell_data_filtered.wrench.force.z,885.5511044358982
2.415471597,1785795232.190893693,/loadcell_data_filtered.wrench.force.z,881.4419049209488
2.4161850620000003,1785795232.191607158,/loadcell_data_filtered.wrench.force.z,878.2017132698069
2.416858657,1785795232.192280753,/loadcell_data_filtered.wrench.force.z,873.950674908327
2.41896224,1785795232.194384336,/loadcell_data_filtered.wrench.force.z,870.5469619817785
2.419896807,1785795232.195318903,/loadcell_data_filtered.wrench.force.z,867.2596899189205
2.420214832,1785795232.195636928,/loadcell_data_filtered.wrench.force.z,864.9711183972083
2.420520701,1785795232.195942797,/loadcell_data_filtered.wrench.force.z,863.6939279695766
2.420822256,1785795232.196244352,/loadcell_data_filtered.wrench.force.z,863.3917374342124
2.421100803,1785795232.196522899,/loadcell_data_filtered.wrench.force.z,862.4974241875203
2.421392039,1785795232.196814135,/loadcell_data_filtered.wrench.force.z,862.4448685856826
2.421686059,1785795232.197108155,/loadcell_data_filtered.wrench.force.z,861.9957224061101
2.421981932,1785795232.197404028,/loadcell_data_filtered.wrench.force.z,859.4628343873953
2.422267401,1785795232.197689497,/loadcell_data_filtered.wrench.force.z,858.2577752653565
2.422550629,1785795232.197972725,/loadcell_data_filtered.wrench.force.z,856.7147727377738
2.422839678,1785795232.198261774,/loadcell_data_filtered.wrench.force.z,854.6092308071331
2.423112008,1785795232.198534104,/loadcell_data_filtered.wrench.force.z,853.0404024563433
2.423425544,1785795232.198847640,/loadcell_data_filtered.wrench.force.z,851.0218355103851
2.423712806,1785795232.199134902,/loadcell_data_filtered.wrench.force.z,855.2172966986949
2.424106976,1785795232.199529072,/loadcell_data_filtered.wrench.force.z,857.4040323974881
2.424499567,1785795232.199921663,/loadcell_data_filtered.wrench.force.z,860.1512246939191
2.4250076,1785795232.200429696,/loadcell_data_filtered.wrench.force.z,862.3909301843305
2.425672869,1785795232.201094965,/loadcell_data_filtered.wrench.force.z,864.0904592177658
2.426391422,1785795232.201813518,/loadcell_data_filtered.wrench.force.z,864.5330856765929
2.4293476050000002,1785795232.204769701,/loadcell_data_filtered.wrench.force.z,864.6941204875287
2.429630659,1785795232.205052755,/loadcell_data_filtered.wrench.force.z,864.0171335603823
2.429798338,1785795232.205220434,/loadcell_data_filtered.wrench.force.z,863.9098978966496
2.42995265,1785795232.205374746,/loadcell_data_filtered.wrench.force.z,863.3692658484034
2.430109964,1785795232.205532060,/loadcell_data_filtered.wrench.force.z,863.1773937288652
2.430254955,1785795232.205677051,/loadcell_data_filtered.wrench.force.z,862.9597745120269
2.430394571,1785795232.205816667,/loadcell_data_filtered.wrench.force.z,862.7313884575975
2.43058673,1785795232.206008826,/loadcell_data_filtered.wrench.force.z,862.0292253511051
2.430791246,1785795232.206213342,/loadcell_data_filtered.wrench.force.z,860.4062295431896
2.431026518,1785795232.206448614,/loadcell_data_filtered.wrench.force.z,859.7200928480904
2.431798465,1785795232.207220561,/loadcell_data_filtered.wrench.force.z,859.1324865796
2.43289279,1785795232.208314886,/loadcell_data_filtered.wrench.force.z,852.6834152997728
2.433358136,1785795232.208780232,/loadcell_data_filtered.wrench.force.z,848.2224427222553
2.434092716,1785795232.209514812,/loadcell_data_filtered.wrench.force.z,843.9982485805064
2.434366221,1785795232.209788317,/loadcell_data_filtered.wrench.force.z,841.4993962500479
2.434606123,1785795232.210028219,/loadcell_data_filtered.wrench.force.z,838.1890835904844
2.434827629,1785795232.210249725,/loadcell_data_filtered.wrench.force.z,837.1224150428046
2.435865137,1785795232.211287233,/loadcell_data_filtered.wrench.force.z,835.0822961042413
2.436772145,1785795232.212194241,/loadcell_data_filtered.wrench.force.z,834.8054079376755
2.437007237,1785795232.212429333,/loadcell_data_filtered.wrench.force.z,835.475414013373
2.437198032,1785795232.212620128,/loadcell_data_filtered.wrench.force.z,835.2309323735792
2.437379763,1785795232.212801859,/loadcell_data_filtered.wrench.force.z,835.3454004087705
2.437522298,1785795232.212944394,/loadcell_data_filtered.wrench.force.z,834.7254076483036
2.437775253,1785795232.213197349,/loadcell_data_filtered.wrench.force.z,834.1298419976885
2.438325941,1785795232.213748037,/loadcell_data_filtered.wrench.force.z,833.8328674973448
2.441006426,1785795232.216428522,/loadcell_data_filtered.wrench.force.z,833.4883087495256
2.441398499,1785795232.216820595,/loadcell_data_filtered.wrench.force.z,833.1671540163197
2.441596502,1785795232.217018598,/loadcell_data_filtered.wrench.force.z,835.7071167527328
2.441738663,1785795232.217160759,/loadcell_data_filtered.wrench.force.z,841.4736123190386
2.441869698,1785795232.217291794,/loadcell_data_filtered.wrench.force.z,846.8558948545862
2.441997085,1785795232.217419181,/loadcell_data_filtered.wrench.force.z,851.1744789746848
2.442118208,1785795232.217540304,/loadcell_data_filtered.wrench.force.z,854.290623090793
2.442332481,1785795232.217754577,/loadcell_data_filtered.wrench.force.z,856.0623535339759
2.442808007,1785795232.218230103,/loadcell_data_filtered.wrench.force.z,857.3436029704199
2.443390838,1785795232.218812934,/loadcell_data_filtered.wrench.force.z,858.0277090583464
2.443820456,1785795232.219242552,/loadcell_data_filtered.wrench.force.z,858.1680924969721
2.446354402,1785795232.221776498,/loadcell_data_filtered.wrench.force.z,858.6832213899522
2.446362214,1785795232.221784310,/loadcell_data_filtered.wrench.force.z,859.015337730289
2.446461076,1785795232.221883172,/loadcell_data_filtered.wrench.force.z,857.4536418943118
2.4466190340000002,1785795232.222041130,/loadcell_data_filtered.wrench.force.z,852.9189526863225
2.446763539,1785795232.222185635,/loadcell_data_filtered.wrench.force.z,854.3900758425108
2.446928945,1785795232.222351041,/loadcell_data_filtered.wrench.force.z,853.8620873455644
2.450738261,1785795232.226160357,/loadcell_data_filtered.wrench.force.z,854.7560801435742
2.451229375,1785795232.226651471,/loadcell_data_filtered.wrench.force.z,855.1251998942298
2.451549842,1785795232.226971938,/loadcell_data_filtered.wrench.force.z,851.4335900380244
2.451863671,1785795232.227285767,/loadcell_data_filtered.wrench.force.z,849.5291112497016
2.452123372,1785795232.227545468,/loadcell_data_filtered.wrench.force.z,846.787386787964
2.452368404,1785795232.227790500,/loadcell_data_filtered.wrench.force.z,844.8704960737987
2.452672149,1785795232.228094245,/loadcell_data_filtered.wrench.force.z,843.6913255166933
2.452947792,1785795232.228369888,/loadcell_data_filtered.wrench.force.z,843.1332310874591
2.453243495,1785795232.228665591,/loadcell_data_filtered.wrench.force.z,841.8616835227265
2.453508424,1785795232.228930520,/loadcell_data_filtered.wrench.force.z,842.0369454653262
2.453771976,1785795232.229194072,/loadcell_data_filtered.wrench.force.z,843.0157549655409
2.45638648,1785795232.231808576,/loadcell_data_filtered.wrench.force.z,844.006768247993
2.456854301,1785795232.232276397,/loadcell_data_filtered.wrench.force.z,845.1552309127858
2.457056945,1785795232.232479041,/loadcell_data_filtered.wrench.force.z,847.1079530676069
2.457226113,1785795232.232648209,/loadcell_data_filtered.wrench.force.z,848.5977531216922
2.457391792,1785795232.232813888,/loadcell_data_filtered.wrench.force.z,849.7478568288275
2.457559077,1785795232.232981173,/loadcell_data_filtered.wrench.force.z,851.1803171035579
2.457733114,1785795232.233155210,/loadcell_data_filtered.wrench.force.z,852.779768515145
2.4579419380000003,1785795232.233364034,/loadcell_data_filtered.wrench.force.z,854.3390199078792
2.458166954,1785795232.233589050,/loadcell_data_filtered.wrench.force.z,861.2365222505256
2.458467283,1785795232.233889379,/loadcell_data_filtered.wrench.force.z,864.6417090990907
2.4588049290000003,1785795232.234227025,/loadcell_data_filtered.wrench.force.z,869.5842577006131
2.459072158,1785795232.234494254,/loadcell_data_filtered.wrench.force.z,873.692575623393
2.459326979,1785795232.234749075,/loadcell_data_filtered.wrench.force.z,877.6037799028162
2.459639502,1785795232.235061598,/loadcell_data_filtered.wrench.force.z,879.8519311712628
2.460437846,1785795232.235859942,/loadcell_data_filtered.wrench.force.z,882.5717590830693
2.460671761,1785795232.236093857,/loadcell_data_filtered.wrench.force.z,883.5689063018343
2.460838369,1785795232.236260465,/loadcell_data_filtered.wrench.force.z,885.2762843015034
2.461233892,1785795232.236655988,/loadcell_data_filtered.wrench.force.z,885.9319474564854
2.464219085,1785795232.239641181,/loadcell_data_filtered.wrench.force.z,886.9292774459473
2.464898186,1785795232.240320282,/loadcell_data_filtered.wrench.force.z,888.0791975325334
2.465232291,1785795232.240654387,/loadcell_data_filtered.wrench.force.z,890.0421455957159
2.465482034,1785795232.240904130,/loadcell_data_filtered.wrench.force.z,891.8200400899382
2.465779172,1785795232.241201268,/loadcell_data_filtered.wrench.force.z,893.2697000503529
2.466001401,1785795232.241423497,/loadcell_data_filtered.wrench.force.z,894.867287232892
2.466204759,1785795232.241626855,/loadcell_data_filtered.wrench.force.z,895.7468682316527
2.466390578,1785795232.241812674,/loadcell_data_filtered.wrench.force.z,890.0408513588851
2.466571621,1785795232.241993717,/loadcell_data_filtered.wrench.force.z,887.5185221887219
2.466788028,1785795232.242210124,/loadcell_data_filtered.wrench.force.z,884.9656726450087
2.466969405,1785795232.242391501,/loadcell_data_filtered.wrench.force.z,883.055194072276
2.46735655,1785795232.242778646,/loadcell_data_filtered.wrench.force.z,881.2224600359947
2.467954862,1785795232.243376958,/loadcell_data_filtered.wrench.force.z,880.8701742896374
2.468232884,1785795232.243654980,/loadcell_data_filtered.wrench.force.z,881.0751932939415
2.468645299,1785795232.244067395,/loadcell_data_filtered.wrench.force.z,881.8682357121817
2.469228619,1785795232.244650715,/loadcell_data_filtered.wrench.force.z,883.2637436757677
2.46978091,1785795232.245203006,/loadcell_data_filtered.wrench.force.z,884.8145892424747
2.470523825,1785795232.245945921,/loadcell_data_filtered.wrench.force.z,885.6147395502327
2.470835605,1785795232.246257701,/loadcell_data_filtered.wrench.force.z,886.2662442078458
2.471277705,1785795232.246699801,/loadcell_data_filtered.wrench.force.z,887.0895619893934
2.471648529,1785795232.247070625,/loadcell_data_filtered.wrench.force.z,887.5384442179998
2.472241207,1785795232.247663303,/loadcell_data_filtered.wrench.force.z,887.862256453312
2.472950915,1785795232.248373011,/loadcell_data_filtered.wrench.force.z,888.3503055777435
2.473256969,1785795232.248679065,/loadcell_data_filtered.wrench.force.z,891.5660734680163
2.473695575,1785795232.249117671,/loadcell_data_filtered.wrench.force.z,896.4911143869242
2.4741511320000003,1785795232.249573228,/loadcell_data_filtered.wrench.force.z,901.6570902199012
2.476136585,1785795232.251558681,/loadcell_data_filtered.wrench.force.z,904.8998785264537
2.478006062,1785795232.253428158,/loadcell_data_filtered.wrench.force.z,907.6925249402908
2.478647711,1785795232.254069807,/loadcell_data_filtered.wrench.force.z,910.9334973267227
2.479143299,1785795232.254565395,/loadcell_data_filtered.wrench.force.z,912.581301973318
2.479657523,1785795232.255079619,/loadcell_data_filtered.wrench.force.z,913.0062696443347
2.480108552,1785795232.255530648,/loadcell_data_filtered.wrench.force.z,913.5291879630875
2.480537119,1785795232.255959215,/loadcell_data_filtered.wrench.force.z,912.934556137003
2.481020824,1785795232.256442920,/loadcell_data_filtered.wrench.force.z,912.459213745034
2.481525965,1785795232.256948061,/loadcell_data_filtered.wrench.force.z,911.8851883798977
2.482102346,1785795232.257524442,/loadcell_data_filtered.wrench.force.z,911.1672563894696
2.482606118,1785795232.258028214,/loadcell_data_filtered.wrench.force.z,910.7792617348917
2.48298991,1785795232.258412006,/loadcell_data_filtered.wrench.force.z,910.3433284300213
2.483326094,1785795232.258748190,/loadcell_data_filtered.wrench.force.z,909.6154934954025
2.483586564,1785795232.259008660,/loadcell_data_filtered.wrench.force.z,909.0382168203798
2.483798156,1785795232.259220252,/loadcell_data_filtered.wrench.force.z,903.122601288909
2.484033369,1785795232.259455465,/loadcell_data_filtered.wrench.force.z,899.3488689376211
2.484294641,1785795232.259716737,/loadcell_data_filtered.wrench.force.z,894.29620585982
2.484548255,1785795232.259970351,/loadcell_data_filtered.wrench.force.z,890.2397065479992
2.484776681,1785795232.260198777,/loadcell_data_filtered.wrench.force.z,887.1301673040944
2.485009342,1785795232.260431438,/loadcell_data_filtered.wrench.force.z,884.1808754284483
2.485733119,1785795232.261155215,/loadcell_data_filtered.wrench.force.z,882.1202562302994
2.486325417,1785795232.261747513,/loadcell_data_filtered.wrench.force.z,880.5040789209019
2.486750092,1785795232.262172188,/loadcell_data_filtered.wrench.force.z,880.642037652204
2.48706863,1785795232.262490726,/loadcell_data_filtered.wrench.force.z,880.7617537806856
2.488340423,1785795232.263762519,/loadcell_data_filtered.wrench.force.z,880.4011282929894
2.488756911,1785795232.264179007,/loadcell_data_filtered.wrench.force.z,878.9167698131433
2.489138934,1785795232.264561030,/loadcell_data_filtered.wrench.force.z,875.0113117433754
2.489488027,1785795232.264910123,/loadcell_data_filtered.wrench.force.z,870.3703523947235
2.48985726,1785795232.265279356,/loadcell_data_filtered.wrench.force.z,870.0478906184713
2.490971457,1785795232.266393553,/loadcell_data_filtered.wrench.force.z,868.9535763568327
2.490981088,1785795232.266403184,/loadcell_data_filtered.wrench.force.z,868.381153248693
2.492494103,1785795232.267916199,/loadcell_data_filtered.wrench.force.z,874.3127180478792
2.492691172,1785795232.268113268,/loadcell_data_filtered.wrench.force.z,878.2490259777285
2.49283199,1785795232.268254086,/loadcell_data_filtered.wrench.force.z,882.3164767286202
2.492966083,1785795232.268388179,/loadcell_data_filtered.wrench.force.z,878.0718077024919
2.493123986,1785795232.268546082,/loadcell_data_filtered.wrench.force.z,881.5094223034544
2.493233789,1785795232.268655885,/loadcell_data_filtered.wrench.force.z,882.4460666804193
2.494417539,1785795232.269839635,/loadcell_data_filtered.wrench.force.z,883.6323073382604
2.494595188,1785795232.270017284,/loadcell_data_filtered.wrench.force.z,883.9685438892546
2.494896862,1785795232.270318958,/loadcell_data_filtered.wrench.force.z,876.9959657797756
2.495590697,1785795232.271012793,/loadcell_data_filtered.wrench.force.z,878.2983044524885
2.496660861,1785795232.272082957,/loadcell_data_filtered.wrench.force.z,878.3298510825445
2.497710227,1785795232.273132323,/loadcell_data_filtered.wrench.force.z,878.6641836469639
2.498261914,1785795232.273684010,/loadcell_data_filtered.wrench.force.z,879.645264073941
2.498861751,1785795232.274283847,/loadcell_data_filtered.wrench.force.z,880.21078477156
2.499328935,1785795232.274751031,/loadcell_data_filtered.wrench.force.z,881.5716958292777
2.499738901,1785795232.275160997,/loadcell_data_filtered.wrench.force.z,882.8457952292438
2.500032698,1785795232.275454794,/loadcell_data_filtered.wrench.force.z,882.7519324889923
2.500292572,1785795232.275714668,/loadcell_data_filtered.wrench.force.z,876.8697309486852
2.500519301,1785795232.275941397,/loadcell_data_filtered.wrench.force.z,872.9747218300747
2.500702956,1785795232.276125052,/loadcell_data_filtered.wrench.force.z,870.0914499487195
2.502211038,1785795232.277633134,/loadcell_data_filtered.wrench.force.z,867.6374983065131
2.50244272,1785795232.277864816,/loadcell_data_filtered.wrench.force.z,865.1810880057459
2.502634432,1785795232.278056528,/loadcell_data_filtered.wrench.force.z,864.1784458280682
2.502796166,1785795232.278218262,/loadcell_data_filtered.wrench.force.z,860.4228376117941
2.502951978,1785795232.278374074,/loadcell_data_filtered.wrench.force.z,857.926075798416
2.503113404,1785795232.278535500,/loadcell_data_filtered.wrench.force.z,858.8417724667163
2.504235563,1785795232.279657659,/loadcell_data_filtered.wrench.force.z,858.3584757654831
2.504431034,1785795232.279853130,/loadcell_data_filtered.wrench.force.z,858.2812408973833
2.504659185,1785795232.280081281,/loadcell_data_filtered.wrench.force.z,851.3773237789588
2.505989724,1785795232.281411820,/loadcell_data_filtered.wrench.force.z,851.9401959068529
2.506324339,1785795232.281746435,/loadcell_data_filtered.wrench.force.z,851.3208701459859
2.506618345,1785795232.282040441,/loadcell_data_filtered.wrench.force.z,852.1537863565812
2.506905266,1785795232.282327362,/loadcell_data_filtered.wrench.force.z,853.2764922812806
2.507132984,1785795232.282555080,/loadcell_data_filtered.wrench.force.z,857.4184146734389
2.507347038,1785795232.282769134,/loadcell_data_filtered.wrench.force.z,861.1622223144044
2.50945228,1785795232.284874376,/loadcell_data_filtered.wrench.force.z,865.911584755222
2.5098202130000002,1785795232.285242309,/loadcell_data_filtered.wrench.force.z,869.8826421835209
2.510103675,1785795232.285525771,/loadcell_data_filtered.wrench.force.z,872.9496818043754
2.5103796970000003,1785795232.285801793,/loadcell_data_filtered.wrench.force.z,867.887506156269
2.512824058,1785795232.288246154,/loadcell_data_filtered.wrench.force.z,869.6427142210241
2.512906531,1785795232.288328627,/loadcell_data_filtered.wrench.force.z,869.1401252747132
2.513389137,1785795232.288811233,/loadcell_data_filtered.wrench.force.z,869.3667262113354
2.51378944,1785795232.289211536,/loadcell_data_filtered.wrench.force.z,869.8113672943716
2.514178933,1785795232.289601029,/loadcell_data_filtered.wrench.force.z,863.1741483548363
2.51456359,1785795232.289985686,/loadcell_data_filtered.wrench.force.z,862.9459318027857
2.5149652920000003,1785795232.290387388,/loadcell_data_filtered.wrench.force.z,863.5734587467983
2.515411341,1785795232.290833437,/loadcell_data_filtered.wrench.force.z,862.9842281759932
2.5159315060000003,1785795232.291353602,/loadcell_data_filtered.wrench.force.z,862.3852181722127
2.516404546,1785795232.291826642,/loadcell_data_filtered.wrench.force.z,855.7399800685017
2.5168982890000002,1785795232.292320385,/loadcell_data_filtered.wrench.force.z,855.7112014306871
2.517306896,1785795232.292728992,/loadcell_data_filtered.wrench.force.z,850.1823570933769
2.517683706,1785795232.293105802,/loadcell_data_filtered.wrench.force.z,847.3921651672831
2.518095097,1785795232.293517193,/loadcell_data_filtered.wrench.force.z,844.2513217515278
2.51853399,1785795232.293956086,/loadcell_data_filtered.wrench.force.z,840.658082427396
2.521642719,1785795232.297064815,/loadcell_data_filtered.wrench.force.z,838.2070323116379
2.522002132,1785795232.297424228,/loadcell_data_filtered.wrench.force.z,836.9533780577754
2.522282656,1785795232.297704752,/loadcell_data_filtered.wrench.force.z,836.764534989712
2.522534958,1785795232.297957054,/loadcell_data_filtered.wrench.force.z,837.6544268957645
2.522932629,1785795232.298354725,/loadcell_data_filtered.wrench.force.z,833.9969760871477
2.523291375,1785795232.298713471,/loadcell_data_filtered.wrench.force.z,832.3409131829267
2.523673492,1785795232.299095588,/loadcell_data_filtered.wrench.force.z,833.6943705473677
2.523926565,1785795232.299348661,/loadcell_data_filtered.wrench.force.z,834.6999117878338
2.524202009,1785795232.299624105,/loadcell_data_filtered.wrench.force.z,836.299315307915
2.524465136,1785795232.299887232,/loadcell_data_filtered.wrench.force.z,837.2997471629891
2.524775407,1785795232.300197503,/loadcell_data_filtered.wrench.force.z,837.2149833089212
2.525085588,1785795232.300507684,/loadcell_data_filtered.wrench.force.z,837.6838738858588
2.5253670919999998,1785795232.300789188,/loadcell_data_filtered.wrench.force.z,839.121143160005
2.5256933,1785795232.301115396,/loadcell_data_filtered.wrench.force.z,846.1630040610285
2.528699166,1785795232.304121262,/loadcell_data_filtered.wrench.force.z,851.7457414298777
2.5292881300000003,1785795232.304710226,/loadcell_data_filtered.wrench.force.z,856.5368298630916
2.529723753,1785795232.305145849,/loadcell_data_filtered.wrench.force.z,861.4747020929485
2.530361133,1785795232.305783229,/loadcell_data_filtered.wrench.force.z,866.272157544579
2.53211591,1785795232.307538006,/loadcell_data_filtered.wrench.force.z,869.3360550090894
2.532139934,1785795232.307562030,/loadcell_data_filtered.wrench.force.z,871.6680445440942
2.532144337,1785795232.307566433,/loadcell_data_filtered.wrench.force.z,873.3095398631267
2.5321472480000002,1785795232.307569344,/loadcell_data_filtered.wrench.force.z,874.1132642971974
2.532150138,1785795232.307572234,/loadcell_data_filtered.wrench.force.z,873.8012569760014
2.5325400570000003,1785795232.307962153,/loadcell_data_filtered.wrench.force.z,874.5783530230767
2.533070989,1785795232.308493085,/loadcell_data_filtered.wrench.force.z,871.2290327268123
2.533564612,1785795232.308986708,/loadcell_data_filtered.wrench.force.z,868.2309252081931
2.534060668,1785795232.309482764,/loadcell_data_filtered.wrench.force.z,867.8973536933772
2.5345227169999998,1785795232.309944813,/loadcell_data_filtered.wrench.force.z,867.8580530501499
2.535015857,1785795232.310437953,/loadcell_data_filtered.wrench.force.z,867.5505783583978
2.53549079,1785795232.310912886,/loadcell_data_filtered.wrench.force.z,866.2572232976845
2.536009152,1785795232.311431248,/loadcell_data_filtered.wrench.force.z,860.2456291246996
2.536423369,1785795232.311845465,/loadcell_data_filtered.wrench.force.z,855.8554576500875
2.536819878,1785795232.312241974,/loadcell_data_filtered.wrench.force.z,851.8327767687342
2.53710963,1785795232.312531726,/loadcell_data_filtered.wrench.force.z,848.8801153125758
2.5373458170000003,1785795232.312767913,/loadcell_data_filtered.wrench.force.z,845.9765858412887
2.537557761,1785795232.312979857,/loadcell_data_filtered.wrench.force.z,844.1770548722542
2.537750952,1785795232.313173048,/loadcell_data_filtered.wrench.force.z,843.2036376528661
2.537962941,1785795232.313385037,/loadcell_data_filtered.wrench.force.z,842.8009247909371
2.538156404,1785795232.313578500,/loadcell_data_filtered.wrench.force.z,842.5439747726524
2.5384352100000003,1785795232.313857306,/loadcell_data_filtered.wrench.force.z,842.0520136494845
2.5388137310000003,1785795232.314235827,/loadcell_data_filtered.wrench.force.z,839.5106681256026
2.53916772,1785795232.314589816,/loadcell_data_filtered.wrench.force.z,837.8586038998342
2.539469833,1785795232.314891929,/loadcell_data_filtered.wrench.force.z,830.1285572307869
2.5397485470000003,1785795232.315170643,/loadcell_data_filtered.wrench.force.z,827.8735991493879
2.540025566,1785795232.315447662,/loadcell_data_filtered.wrench.force.z,825.7186599671787
2.540291007,1785795232.315713103,/loadcell_data_filtered.wrench.force.z,824.5084789345644
2.540533255,1785795232.315955351,/loadcell_data_filtered.wrench.force.z,827.9838828987052
2.540782344,1785795232.316204440,/loadcell_data_filtered.wrench.force.z,831.042511735877
2.540998661,1785795232.316420757,/loadcell_data_filtered.wrench.force.z,834.7370814953836
2.543391303,1785795232.318813399,/loadcell_data_filtered.wrench.force.z,837.8268053961594
2.543770967,1785795232.319193063,/loadcell_data_filtered.wrench.force.z,840.0669458974021
2.54409403,1785795232.319516126,/loadcell_data_filtered.wrench.force.z,841.2498139446891
2.544447576,1785795232.319869672,/loadcell_data_filtered.wrench.force.z,835.4601565787476
2.544893312,1785795232.320315408,/loadcell_data_filtered.wrench.force.z,835.8117666983907
2.546051806,1785795232.321473902,/loadcell_data_filtered.wrench.force.z,834.6968887951621
2.5473492330000003,1785795232.322771329,/loadcell_data_filtered.wrench.force.z,834.7280786326626
2.547372061,1785795232.322794157,/loadcell_data_filtered.wrench.force.z,834.3649162925457
2.547673086,1785795232.323095182,/loadcell_data_filtered.wrench.force.z,834.2780437069912
2.548078864,1785795232.323500960,/loadcell_data_filtered.wrench.force.z,834.375159252462
2.548520135,1785795232.323942231,/loadcell_data_filtered.wrench.force.z,834.55609336029
2.5490391480000003,1785795232.324461244,/loadcell_data_filtered.wrench.force.z,834.6670296174258
2.549509168,1785795232.324931264,/loadcell_data_filtered.wrench.force.z,834.6630148856152
2.549963687,1785795232.325385783,/loadcell_data_filtered.wrench.force.z,834.4811596802068
2.550351457,1785795232.325773553,/loadcell_data_filtered.wrench.force.z,828.8435081605678
2.55069971,1785795232.326121806,/loadcell_data_filtered.wrench.force.z,825.6358101476824
2.550925732,1785795232.326347828,/loadcell_data_filtered.wrench.force.z,822.2608661345736
2.55259117,1785795232.328013266,/loadcell_data_filtered.wrench.force.z,819.1668235888907
2.552876365,1785795232.328298461,/loadcell_data_filtered.wrench.force.z,816.0937322399781
2.553110718,1785795232.328532814,/loadcell_data_filtered.wrench.force.z,815.1418764886155
2.553367728,1785795232.328789824,/loadcell_data_filtered.wrench.force.z,814.559687081692
2.553825914,1785795232.329248010,/loadcell_data_filtered.wrench.force.z,815.6414954576121
2.554461889,1785795232.329883985,/loadcell_data_filtered.wrench.force.z,817.1330217334973
2.554675308,1785795232.330097404,/loadcell_data_filtered.wrench.force.z,818.3978019728626
2.555071717,1785795232.330493813,/loadcell_data_filtered.wrench.force.z,817.6002845904574
2.555609182,1785795232.331031278,/loadcell_data_filtered.wrench.force.z,818.1353443608022
2.556085473,1785795232.331507569,/loadcell_data_filtered.wrench.force.z,818.5674617634687
2.5588031840000003,1785795232.334225280,/loadcell_data_filtered.wrench.force.z,818.9556736681376
2.5599694790000003,1785795232.335391575,/loadcell_data_filtered.wrench.force.z,819.7007392113661
2.560371271,1785795232.335793367,/loadcell_data_filtered.wrench.force.z,821.1349269754619
2.56071367,1785795232.336135766,/loadcell_data_filtered.wrench.force.z,822.6419155283272
2.560913455,1785795232.336335551,/loadcell_data_filtered.wrench.force.z,830.4013667833791
2.561182916,1785795232.336605012,/loadcell_data_filtered.wrench.force.z,836.6902664989242
2.5615288620000003,1785795232.336950958,/loadcell_data_filtered.wrench.force.z,842.3103930040044
2.561932717,1785795232.337354813,/loadcell_data_filtered.wrench.force.z,847.6562186625845
2.562322292,1785795232.337744388,/loadcell_data_filtered.wrench.force.z,852.6488479052741
2.5626737310000003,1785795232.338095827,/loadcell_data_filtered.wrench.force.z,855.4658519388934
2.563021118,1785795232.338443214,/loadcell_data_filtered.wrench.force.z,858.4255505824693
2.563332568,1785795232.338754664,/loadcell_data_filtered.wrench.force.z,859.2535017050543
2.563644491,1785795232.339066587,/loadcell_data_filtered.wrench.force.z,860.5021979569658
2.564000301,1785795232.339422397,/loadcell_data_filtered.wrench.force.z,862.0371909285016
2.5643076970000003,1785795232.339729793,/loadcell_data_filtered.wrench.force.z,863.5513000965618
2.564593677,1785795232.340015773,/loadcell_data_filtered.wrench.force.z,865.5604369121123
2.564983033,1785795232.340405129,/loadcell_data_filtered.wrench.force.z,867.2410367603117
2.565232392,1785795232.340654488,/loadcell_data_filtered.wrench.force.z,868.8316722302098
2.565412335,1785795232.340834431,/loadcell_data_filtered.wrench.force.z,870.3653180751921
2.565594181,1785795232.341016277,/loadcell_data_filtered.wrench.force.z,871.740759283971
2.565785172,1785795232.341207268,/loadcell_data_filtered.wrench.force.z,871.3892479929517
2.565948215,1785795232.341370311,/loadcell_data_filtered.wrench.force.z,867.9358347332742
2.566104469,1785795232.341526565,/loadcell_data_filtered.wrench.force.z,865.6216815312932
2.566349116,1785795232.341771212,/loadcell_data_filtered.wrench.force.z,863.2578828720539
2.568385204,1785795232.343807300,/loadcell_data_filtered.wrench.force.z,860.519750558652
2.5686263,1785795232.344048396,/loadcell_data_filtered.wrench.force.z,858.6812470147396
2.568783882,1785795232.344205978,/loadcell_data_filtered.wrench.force.z,853.0488893538513
2.568936775,1785795232.344358871,/loadcell_data_filtered.wrench.force.z,851.4117444353485
2.57095757,1785795232.346379666,/loadcell_data_filtered.wrench.force.z,852.0675279840561
2.571436313,1785795232.346858409,/loadcell_data_filtered.wrench.force.z,852.941970797965
2.571793823,1785795232.347215919,/loadcell_data_filtered.wrench.force.z,853.3101007649361
2.572065398,1785795232.347487494,/loadcell_data_filtered.wrench.force.z,850.418536252375
2.572304869,1785795232.347726965,/loadcell_data_filtered.wrench.force.z,846.861890762799
2.572521446,1785795232.347943542,/loadcell_data_filtered.wrench.force.z,846.3612510961825
2.573025541,1785795232.348447637,/loadcell_data_filtered.wrench.force.z,845.8550241202066
2.573287574,1785795232.348709670,/loadcell_data_filtered.wrench.force.z,845.4070989037124
2.573523041,1785795232.348945137,/loadcell_data_filtered.wrench.force.z,837.903584281348
2.573780102,1785795232.349202198,/loadcell_data_filtered.wrench.force.z,843.1896099789305
2.574039717,1785795232.349461813,/loadcell_data_filtered.wrench.force.z,846.0730256210755
2.574373443,1785795232.349795539,/loadcell_data_filtered.wrench.force.z,850.4932825503219
2.576078741,1785795232.351500837,/loadcell_data_filtered.wrench.force.z,853.9504947512308
2.578033052,1785795232.353455148,/loadcell_data_filtered.wrench.force.z,856.8390459909106
2.578667825,1785795232.354089921,/loadcell_data_filtered.wrench.force.z,859.5275867871328
2.579190526,1785795232.354612622,/loadcell_data_filtered.wrench.force.z,861.5156954496762
2.579631303,1785795232.355053399,/loadcell_data_filtered.wrench.force.z,861.6376457000295
2.580130164,1785795232.355552260,/loadcell_data_filtered.wrench.force.z,862.0583165382627
2.580670022,1785795232.356092118,/loadcell_data_filtered.wrench.force.z,862.3845866777579
2.581064065,1785795232.356486161,/loadcell_data_filtered.wrench.force.z,861.8313340597786
2.581449709,1785795232.356871805,/loadcell_data_filtered.wrench.force.z,862.175920817323
2.581893119,1785795232.357315215,/loadcell_data_filtered.wrench.force.z,862.2425504827028
2.58223883,1785795232.357660926,/loadcell_data_filtered.wrench.force.z,862.1217686591666
2.582579311,1785795232.358001407,/loadcell_data_filtered.wrench.force.z,862.3901260980708
2.582909054,1785795232.358331150,/loadcell_data_filtered.wrench.force.z,862.4491464616167
2.583231865,1785795232.358653961,/loadcell_data_filtered.wrench.force.z,862.3352585454049
2.58352842,1785795232.358950516,/loadcell_data_filtered.wrench.force.z,856.9179765199852
2.5837555720000003,1785795232.359177668,/loadcell_data_filtered.wrench.force.z,853.7286736271731
2.583991288,1785795232.359413384,/loadcell_data_filtered.wrench.force.z,850.365421702665
2.584226014,1785795232.359648110,/loadcell_data_filtered.wrench.force.z,848.0164078270631
2.5844731530000002,1785795232.359895249,/loadcell_data_filtered.wrench.force.z,845.3188595632354
2.584761576,1785795232.360183672,/loadcell_data_filtered.wrench.force.z,843.9731769155381
2.585116512,1785795232.360538608,/loadcell_data_filtered.wrench.force.z,842.9680508962589
2.585610507,1785795232.361032603,/loadcell_data_filtered.wrench.force.z,843.0770516936171
2.58609866,1785795232.361520756,/loadcell_data_filtered.wrench.force.z,843.556695937755
2.586657297,1785795232.362079393,/loadcell_data_filtered.wrench.force.z,843.9275159449395
2.587062777,1785795232.362484873,/loadcell_data_filtered.wrench.force.z,844.2577466650595
2.587673643,1785795232.363095739,/loadcell_data_filtered.wrench.force.z,844.1200684262658
2.5896816730000003,1785795232.365103769,/loadcell_data_filtered.wrench.force.z,844.1011262121301
2.589949325,1785795232.365371421,/loadcell_data_filtered.wrench.force.z,844.017808256979
2.59016622,1785795232.365588316,/loadcell_data_filtered.wrench.force.z,843.9307828595907
2.5904149370000003,1785795232.365837033,/loadcell_data_filtered.wrench.force.z,836.5194503236604
2.5907575300000003,1785795232.366179626,/loadcell_data_filtered.wrench.force.z,836.9135330681077
2.591123178,1785795232.366545274,/loadcell_data_filtered.wrench.force.z,842.3975062822813
2.592621296,1785795232.368043392,/loadcell_data_filtered.wrench.force.z,847.113056790889
2.593040035,1785795232.368462131,/loadcell_data_filtered.wrench.force.z,850.7365771058455
2.5933532,1785795232.368775296,/loadcell_data_filtered.wrench.force.z,854.0799151389384
2.593671812,1785795232.369093908,/loadcell_data_filtered.wrench.force.z,856.8271694768836
2.59562367,1785795232.371045766,/loadcell_data_filtered.wrench.force.z,857.8969160381961
2.596086264,1785795232.371508360,/loadcell_data_filtered.wrench.force.z,857.8102366038642
2.596491565,1785795232.371913661,/loadcell_data_filtered.wrench.force.z,857.6625835704687
2.596835161,1785795232.372257257,/loadcell_data_filtered.wrench.force.z,851.89117409561
2.597090017,1785795232.372512113,/loadcell_data_filtered.wrench.force.z,850.196943009351
2.597359377,1785795232.372781473,/loadcell_data_filtered.wrench.force.z,850.5093426796186
2.59765507,1785795232.373077166,/loadcell_data_filtered.wrench.force.z,850.7094885436073
2.5979397029999998,1785795232.373361799,/loadcell_data_filtered.wrench.force.z,849.258835851996
2.598680746,1785795232.374102842,/loadcell_data_filtered.wrench.force.z,848.4438707790196
2.598938992,1785795232.374361088,/loadcell_data_filtered.wrench.force.z,848.6622515660893
2.59934318,1785795232.374765276,/loadcell_data_filtered.wrench.force.z,848.387719377018
2.599520778,1785795232.374942874,/loadcell_data_filtered.wrench.force.z,845.7950941960786
2.5996638340000002,1785795232.375085930,/loadcell_data_filtered.wrench.force.z,841.629383504249
2.599796059,1785795232.375218155,/loadcell_data_filtered.wrench.force.z,837.1440635824096
2.599917547,1785795232.375339643,/loadcell_data_filtered.wrench.force.z,833.9147529005626
2.600041554,1785795232.375463650,/loadcell_data_filtered.wrench.force.z,830.9570147661847
2.600586959,1785795232.376009055,/loadcell_data_filtered.wrench.force.z,827.6642777927858
2.6011288610000003,1785795232.376550957,/loadcell_data_filtered.wrench.force.z,825.9331391339078
2.603352951,1785795232.378775047,/loadcell_data_filtered.wrench.force.z,825.7330821243112
2.6034943630000003,1785795232.378916459,/loadcell_data_filtered.wrench.force.z,825.5726808146638
2.603649777,1785795232.379071873,/loadcell_data_filtered.wrench.force.z,825.5059898138923
2.6037853,1785795232.379207396,/loadcell_data_filtered.wrench.force.z,818.3330467282482
2.603906315,1785795232.379328411,/loadcell_data_filtered.wrench.force.z,818.6634523658133
2.604205143,1785795232.379627239,/loadcell_data_filtered.wrench.force.z,817.5108537957906
2.604824277,1785795232.380246373,/loadcell_data_filtered.wrench.force.z,817.0711927212762
2.60551636,1785795232.380938456,/loadcell_data_filtered.wrench.force.z,816.9134270800146
2.605685847,1785795232.381107943,/loadcell_data_filtered.wrench.force.z,816.9963470704727
2.606246818,1785795232.381668914,/loadcell_data_filtered.wrench.force.z,817.1748136587464
2.607158666,1785795232.382580762,/loadcell_data_filtered.wrench.force.z,821.8640083209219
2.607297363,1785795232.382719459,/loadcell_data_filtered.wrench.force.z,825.1350361702533
2.60950323,1785795232.384925326,/loadcell_data_filtered.wrench.force.z,829.3958359917617
2.609684775,1785795232.385106871,/loadcell_data_filtered.wrench.force.z,832.6100158424389
2.609869675,1785795232.385291771,/loadcell_data_filtered.wrench.force.z,835.3811110873361
2.610038638,1785795232.385460734,/loadcell_data_filtered.wrench.force.z,831.7173637892661
2.610150031,1785795232.385572127,/loadcell_data_filtered.wrench.force.z,832.0249484634552
2.610372135,1785795232.385794231,/loadcell_data_filtered.wrench.force.z,832.1709681198723
2.61234389,1785795232.387765986,/loadcell_data_filtered.wrench.force.z,832.6266695085291
2.61261881,1785795232.388040906,/loadcell_data_filtered.wrench.force.z,832.9432575182539
2.612840281,1785795232.388262377,/loadcell_data_filtered.wrench.force.z,826.2986972878118
2.613050602,1785795232.388472698,/loadcell_data_filtered.wrench.force.z,826.9290237207213
2.613355046,1785795232.388777142,/loadcell_data_filtered.wrench.force.z,827.3111627318735
2.613782311,1785795232.389204407,/loadcell_data_filtered.wrench.force.z,827.8683079994834
2.613981146,1785795232.389403242,/loadcell_data_filtered.wrench.force.z,829.2183699768004
2.61421648,1785795232.389638576,/loadcell_data_filtered.wrench.force.z,829.6103507093396
2.614652254,1785795232.390074350,/loadcell_data_filtered.wrench.force.z,830.0884289890007
2.6156437610000003,1785795232.391065857,/loadcell_data_filtered.wrench.force.z,825.4096498692217
2.615883164,1785795232.391305260,/loadcell_data_filtered.wrench.force.z,822.6614996066826
2.616031491,1785795232.391453587,/loadcell_data_filtered.wrench.force.z,820.5713254426439
2.616596065,1785795232.392018161,/loadcell_data_filtered.wrench.force.z,817.93579083172
2.617019017,1785795232.392441113,/loadcell_data_filtered.wrench.force.z,815.4277382262525
2.617518965,1785795232.392941061,/loadcell_data_filtered.wrench.force.z,814.865079661906
2.61952418,1785795232.394946276,/loadcell_data_filtered.wrench.force.z,814.5956377868208
2.619667641,1785795232.395089737,/loadcell_data_filtered.wrench.force.z,815.3230009839784
2.619801237,1785795232.395223333,/loadcell_data_filtered.wrench.force.z,811.5830829491703
2.619929643,1785795232.395351739,/loadcell_data_filtered.wrench.force.z,811.5835717187241
2.620055216,1785795232.395477312,/loadcell_data_filtered.wrench.force.z,812.3176090074727
2.623162544,1785795232.398584640,/loadcell_data_filtered.wrench.force.z,813.1812638038227
2.623860162,1785795232.399282258,/loadcell_data_filtered.wrench.force.z,813.5751153175958
2.6243114,1785795232.399733496,/loadcell_data_filtered.wrench.force.z,815.139050227038
2.624704967,1785795232.400127063,/loadcell_data_filtered.wrench.force.z,816.3158309674208
2.6249881950000002,1785795232.400410291,/loadcell_data_filtered.wrench.force.z,817.7769570355745
2.6252503750000002,1785795232.400672471,/loadcell_data_filtered.wrench.force.z,819.5810060800515
2.6256015660000003,1785795232.401023662,/loadcell_data_filtered.wrench.force.z,826.3067281651399
2.6259867850000003,1785795232.401408881,/loadcell_data_filtered.wrench.force.z,830.6421314310177
2.626280012,1785795232.401702108,/loadcell_data_filtered.wrench.force.z,834.6798170962579
2.627089636,1785795232.402511732,/loadcell_data_filtered.wrench.force.z,838.6490241361815
2.627417061,1785795232.402839157,/loadcell_data_filtered.wrench.force.z,843.1844761118487
2.627638886,1785795232.403060982,/loadcell_data_filtered.wrench.force.z,846.0579379571595
2.627870625,1785795232.403292721,/loadcell_data_filtered.wrench.force.z,847.6775652499337
2.628198667,1785795232.403620763,/loadcell_data_filtered.wrench.force.z,849.1401199570779
2.62861961,1785795232.404041706,/loadcell_data_filtered.wrench.force.z,850.0368373877689
2.628919341,1785795232.404341437,/loadcell_data_filtered.wrench.force.z,850.8817291537167
2.629406713,1785795232.404828809,/loadcell_data_filtered.wrench.force.z,851.6389642981957
2.63074057,1785795232.406162666,/loadcell_data_filtered.wrench.force.z,852.4055865399766
2.63104508,1785795232.406467176,/loadcell_data_filtered.wrench.force.z,853.7625882078938
2.631246161,1785795232.406668257,/loadcell_data_filtered.wrench.force.z,854.3567743251243
2.631431236,1785795232.406853332,/loadcell_data_filtered.wrench.force.z,855.2152691622784
2.631896163,1785795232.407318259,/loadcell_data_filtered.wrench.force.z,856.5814091388843
2.632105512,1785795232.407527608,/loadcell_data_filtered.wrench.force.z,853.0068078462422
2.633357886,1785795232.408779982,/loadcell_data_filtered.wrench.force.z,849.6862732368963
2.634427068,1785795232.409849164,/loadcell_data_filtered.wrench.force.z,846.1493550941826
2.634794126,1785795232.410216222,/loadcell_data_filtered.wrench.force.z,844.1469097604898
2.635094096,1785795232.410516192,/loadcell_data_filtered.wrench.force.z,842.6033692262015
2.635288353,1785795232.410710449,/loadcell_data_filtered.wrench.force.z,840.4781134071627
2.6354912329999998,1785795232.410913329,/loadcell_data_filtered.wrench.force.z,840.4543683657542
2.635797804,1785795232.411219900,/loadcell_data_filtered.wrench.force.z,840.2696202553573
2.63719362,1785795232.412615716,/loadcell_data_filtered.wrench.force.z,840.4579347344315
2.63749897,1785795232.412921066,/loadcell_data_filtered.wrench.force.z,841.9367679825571
2.638235858,1785795232.413657954,/loadcell_data_filtered.wrench.force.z,842.175933597726
2.63844346,1785795232.413865556,/loadcell_data_filtered.wrench.force.z,843.1748035613825
2.6386851829999998,1785795232.414107279,/loadcell_data_filtered.wrench.force.z,843.9245825652658
2.63887982,1785795232.414301916,/loadcell_data_filtered.wrench.force.z,843.3463413846532
2.639078385,1785795232.414500481,/loadcell_data_filtered.wrench.force.z,843.6729469782346
2.639297762,1785795232.414719858,/loadcell_data_filtered.wrench.force.z,843.7442320280246
2.639433982,1785795232.414856078,/loadcell_data_filtered.wrench.force.z,843.0590900168764
2.641022319,1785795232.416444415,/loadcell_data_filtered.wrench.force.z,848.4726512566695
2.641314002,1785795232.416736098,/loadcell_data_filtered.wrench.force.z,851.8797835722456
2.641526763,1785795232.416948859,/loadcell_data_filtered.wrench.force.z,855.7646317135647
2.641786674,1785795232.417208770,/loadcell_data_filtered.wrench.force.z,858.7210553174107
2.642163416,1785795232.417585512,/loadcell_data_filtered.wrench.force.z,861.4858870818723
2.642550353,1785795232.417972449,/loadcell_data_filtered.wrench.force.z,862.9336343148433
2.6429963,1785795232.418418396,/loadcell_data_filtered.wrench.force.z,863.8913136479
2.643471772,1785795232.418893868,/loadcell_data_filtered.wrench.force.z,863.7075386801565
2.644083836,1785795232.419505932,/loadcell_data_filtered.wrench.force.z,863.1405927794816
2.644570877,1785795232.419992973,/loadcell_data_filtered.wrench.force.z,863.1588183723371
2.644997352,1785795232.420419448,/loadcell_data_filtered.wrench.force.z,862.9082028624856
2.645537479,1785795232.420959575,/loadcell_data_filtered.wrench.force.z,862.5720914412361
2.646292051,1785795232.421714147,/loadcell_data_filtered.wrench.force.z,861.9030816753101
2.646688218,1785795232.422110314,/loadcell_data_filtered.wrench.force.z,861.944988922286
2.6469984980000003,1785795232.422420594,/loadcell_data_filtered.wrench.force.z,861.6032703317666
2.647354026,1785795232.422776122,/loadcell_data_filtered.wrench.force.z,861.0008251540725
2.647965242,1785795232.423387338,/loadcell_data_filtered.wrench.force.z,860.237768810851
2.648535202,1785795232.423957298,/loadcell_data_filtered.wrench.force.z,854.2269839919753
2.649414221,1785795232.424836317,/loadcell_data_filtered.wrench.force.z,850.1691962003932
2.649843614,1785795232.425265710,/loadcell_data_filtered.wrench.force.z,845.5491136202846
2.650258718,1785795232.425680814,/loadcell_data_filtered.wrench.force.z,841.9942139802579
2.650558655,1785795232.425980751,/loadcell_data_filtered.wrench.force.z,838.62504100929
2.650962707,1785795232.426384803,/loadcell_data_filtered.wrench.force.z,836.6668954025052
2.651602682,1785795232.427024778,/loadcell_data_filtered.wrench.force.z,835.174542393859
2.6519104110000002,1785795232.427332507,/loadcell_data_filtered.wrench.force.z,834.873988295106
2.653589632,1785795232.429011728,/loadcell_data_filtered.wrench.force.z,834.7821859276486
2.65437873,1785795232.429800826,/loadcell_data_filtered.wrench.force.z,834.73690288391
2.65473741,1785795232.430159506,/loadcell_data_filtered.wrench.force.z,834.8139201230805
2.655053604,1785795232.430475700,/loadcell_data_filtered.wrench.force.z,834.2635151787591
2.655384002,1785795232.430806098,/loadcell_data_filtered.wrench.force.z,834.2664275315105
2.655760642,1785795232.431182738,/loadcell_data_filtered.wrench.force.z,833.5023009120197
2.6561301420000003,1785795232.431552238,/loadcell_data_filtered.wrench.force.z,833.1625434322336
2.656512673,1785795232.431934769,/loadcell_data_filtered.wrench.force.z,832.9485368279558
2.660814937,1785795232.436237033,/loadcell_data_filtered.wrench.force.z,834.096601463403
2.661391814,1785795232.436813910,/loadcell_data_filtered.wrench.force.z,839.5119988576574
2.661900417,1785795232.437322513,/loadcell_data_filtered.wrench.force.z,843.9721190468374
2.662286845,1785795232.437708941,/loadcell_data_filtered.wrench.force.z,840.3580332854735
2.662649626,1785795232.438071722,/loadcell_data_filtered.wrench.force.z,843.8529499172942
2.663980608,1785795232.439402704,/loadcell_data_filtered.wrench.force.z,846.1954440099122
2.664391746,1785795232.439813842,/loadcell_data_filtered.wrench.force.z,848.2866516557414
2.664810618,1785795232.440232714,/loadcell_data_filtered.wrench.force.z,849.6075764532065
2.665223819,1785795232.440645915,/loadcell_data_filtered.wrench.force.z,850.546429354751
2.665685425,1785795232.441107521,/loadcell_data_filtered.wrench.force.z,851.6770199387028
2.66608773,1785795232.441509826,/loadcell_data_filtered.wrench.force.z,852.4295073574835
2.666423975,1785795232.441846071,/loadcell_data_filtered.wrench.force.z,853.0338262480826
2.666712973,1785795232.442135069,/loadcell_data_filtered.wrench.force.z,852.6306865710563
2.667061317,1785795232.442483413,/loadcell_data_filtered.wrench.force.z,853.9043370623507
2.667392748,1785795232.442814844,/loadcell_data_filtered.wrench.force.z,847.1254085360507
2.667663853,1785795232.443085949,/loadcell_data_filtered.wrench.force.z,848.2047581785564
2.66790941,1785795232.443331506,/loadcell_data_filtered.wrench.force.z,846.8400321676299
2.668126221,1785795232.443548317,/loadcell_data_filtered.wrench.force.z,842.856352998433
2.668353832,1785795232.443775928,/loadcell_data_filtered.wrench.force.z,840.4522863221249
2.668630597,1785795232.444052693,/loadcell_data_filtered.wrench.force.z,836.8169530390262
2.668845428,1785795232.444267524,/loadcell_data_filtered.wrench.force.z,834.1627280586337
2.66907122,1785795232.444493316,/loadcell_data_filtered.wrench.force.z,832.3828146159404
2.669433995,1785795232.444856091,/loadcell_data_filtered.wrench.force.z,830.8069941241367
2.669923665,1785795232.445345761,/loadcell_data_filtered.wrench.force.z,827.0214232449059
2.670583235,1785795232.446005331,/loadcell_data_filtered.wrench.force.z,824.0374660633655
2.670926966,1785795232.446349062,/loadcell_data_filtered.wrench.force.z,825.8499477293029
2.671185362,1785795232.446607458,/loadcell_data_filtered.wrench.force.z,826.3127101403893
2.671435459,1785795232.446857555,/loadcell_data_filtered.wrench.force.z,827.4052282691638
2.6717225520000003,1785795232.447144648,/loadcell_data_filtered.wrench.force.z,827.8294573245098
2.672921006,1785795232.448343102,/loadcell_data_filtered.wrench.force.z,828.5110492241254
2.6731308350000003,1785795232.448552931,/loadcell_data_filtered.wrench.force.z,829.2736529241412
2.673267787,1785795232.448689883,/loadcell_data_filtered.wrench.force.z,830.1745863277596
2.673402312,1785795232.448824408,/loadcell_data_filtered.wrench.force.z,824.2865864674706
2.673603075,1785795232.449025171,/loadcell_data_filtered.wrench.force.z,825.3291462676156
2.673793231,1785795232.449215327,/loadcell_data_filtered.wrench.force.z,831.4460521305707
2.67469188,1785795232.450113976,/loadcell_data_filtered.wrench.force.z,835.9448642497839
2.676963729,1785795232.452385825,/loadcell_data_filtered.wrench.force.z,840.8078982195802
2.677208299,1785795232.452630395,/loadcell_data_filtered.wrench.force.z,844.7995078571993
2.677427485,1785795232.452849581,/loadcell_data_filtered.wrench.force.z,848.4292961025903
2.67762326,1785795232.453045356,/loadcell_data_filtered.wrench.force.z,850.7854307433081
2.677819276,1785795232.453241372,/loadcell_data_filtered.wrench.force.z,853.1444349042282
2.677997125,1785795232.453419221,/loadcell_data_filtered.wrench.force.z,854.4753935732172
2.678185762,1785795232.453607858,/loadcell_data_filtered.wrench.force.z,855.4138096248761
2.678379335,1785795232.453801431,/loadcell_data_filtered.wrench.force.z,856.636803704864
2.67855745,1785795232.453979546,/loadcell_data_filtered.wrench.force.z,857.4424534503105
2.6789505250000003,1785795232.454372621,/loadcell_data_filtered.wrench.force.z,858.328901652852
2.679338854,1785795232.454760950,/loadcell_data_filtered.wrench.force.z,858.7341565585131
2.679871428,1785795232.455293524,/loadcell_data_filtered.wrench.force.z,859.1851109717884
2.680313892,1785795232.455735988,/loadcell_data_filtered.wrench.force.z,859.4634896805147
2.680778263,1785795232.456200359,/loadcell_data_filtered.wrench.force.z,859.7340937840754
2.681339597,1785795232.456761693,/loadcell_data_filtered.wrench.force.z,859.7108126198633
2.681795472,1785795232.457217568,/loadcell_data_filtered.wrench.force.z,854.2901855545706
2.684203685,1785795232.459625781,/loadcell_data_filtered.wrench.force.z,850.5114264196849
2.68440125,1785795232.459823346,/loadcell_data_filtered.wrench.force.z,846.7932599967173
2.684521756,1785795232.459943852,/loadcell_data_filtered.wrench.force.z,844.2628180502073
2.684659267,1785795232.460081363,/loadcell_data_filtered.wrench.force.z,841.755092395359
2.684800256,1785795232.460222352,/loadcell_data_filtered.wrench.force.z,840.6330168653415
2.6849075,1785795232.460329596,/loadcell_data_filtered.wrench.force.z,839.5772765433425
2.685223453,1785795232.460645549,/loadcell_data_filtered.wrench.force.z,838.8890787659369
2.685688196,1785795232.461110292,/loadcell_data_filtered.wrench.force.z,838.7281120940274
2.686213499,1785795232.461635595,/loadcell_data_filtered.wrench.force.z,838.4204911388744
2.686903891,1785795232.462325987,/loadcell_data_filtered.wrench.force.z,837.8777114044626
2.6873246,1785795232.462746696,/loadcell_data_filtered.wrench.force.z,837.31410756053
2.687692116,1785795232.463114212,/loadcell_data_filtered.wrench.force.z,837.0596137467788
2.688309896,1785795232.463731992,/loadcell_data_filtered.wrench.force.z,836.6048840462895
2.6889254190000003,1785795232.464347515,/loadcell_data_filtered.wrench.force.z,835.7756463767331
2.689752165,1785795232.465174261,/loadcell_data_filtered.wrench.force.z,835.3089440823547
2.690292898,1785795232.465714994,/loadcell_data_filtered.wrench.force.z,837.0013670847346
2.690800512,1785795232.466222608,/loadcell_data_filtered.wrench.force.z,841.4422452772187
2.6912192150000003,1785795232.466641311,/loadcell_data_filtered.wrench.force.z,845.9613618601579
2.692241234,1785795232.467663330,/loadcell_data_filtered.wrench.force.z,849.3700273249784
2.692550347,1785795232.467972443,/loadcell_data_filtered.wrench.force.z,852.1284482882752
2.692791115,1785795232.468213211,/loadcell_data_filtered.wrench.force.z,854.3988528795085
2.693022201,1785795232.468444297,/loadcell_data_filtered.wrench.force.z,855.5988413252661
2.69334558,1785795232.468767676,/loadcell_data_filtered.wrench.force.z,856.1383104542965
2.6936953,1785795232.469117396,/loadcell_data_filtered.wrench.force.z,855.9611114874275
2.6942121500000002,1785795232.469634246,/loadcell_data_filtered.wrench.force.z,856.2494317885523
2.694832633,1785795232.470254729,/loadcell_data_filtered.wrench.force.z,856.4727534542143
2.695388111,1785795232.470810207,/loadcell_data_filtered.wrench.force.z,856.2556397757907
2.69565435,1785795232.471076446,/loadcell_data_filtered.wrench.force.z,856.3286507050336
2.696216109,1785795232.471638205,/loadcell_data_filtered.wrench.force.z,856.4230485986235
2.69665996,1785795232.472082056,/loadcell_data_filtered.wrench.force.z,856.2918189230513
2.6972740809999998,1785795232.472696177,/loadcell_data_filtered.wrench.force.z,855.99267675376
2.698096917,1785795232.473519013,/loadcell_data_filtered.wrench.force.z,855.4221187599496
2.69834527,1785795232.473767366,/loadcell_data_filtered.wrench.force.z,850.6307953348671
2.699179566,1785795232.474601662,/loadcell_data_filtered.wrench.force.z,847.6048838497455
2.702253415,1785795232.477675511,/loadcell_data_filtered.wrench.force.z,843.4285318138476
2.702783991,1785795232.478206087,/loadcell_data_filtered.wrench.force.z,840.4050163480877
2.703198555,1785795232.478620651,/loadcell_data_filtered.wrench.force.z,836.6891734386295
2.703595249,1785795232.479017345,/loadcell_data_filtered.wrench.force.z,834.9013904636139
2.703931905,1785795232.479354001,/loadcell_data_filtered.wrench.force.z,833.8500896227124
2.704284942,1785795232.479707038,/loadcell_data_filtered.wrench.force.z,834.0745403940241
2.704560175,1785795232.479982271,/loadcell_data_filtered.wrench.force.z,834.6847517124334
2.70477519,1785795232.480197286,/loadcell_data_filtered.wrench.force.z,834.3318469426519
2.704973549,1785795232.480395645,/loadcell_data_filtered.wrench.force.z,832.9202147279966
2.705171176,1785795232.480593272,/loadcell_data_filtered.wrench.force.z,832.4242245649347
2.70691403,1785795232.482336126,/loadcell_data_filtered.wrench.force.z,831.7996755014436
2.707342578,1785795232.482764674,/loadcell_data_filtered.wrench.force.z,831.0086275740749
2.707798756,1785795232.483220852,/loadcell_data_filtered.wrench.force.z,831.1311428002572
2.7082787770000003,1785795232.483700873,/loadcell_data_filtered.wrench.force.z,831.5793337550043
2.708752605,1785795232.484174701,/loadcell_data_filtered.wrench.force.z,831.9582961522141
2.709208978,1785795232.484631074,/loadcell_data_filtered.wrench.force.z,837.6634446743434
2.709685885,1785795232.485107981,/loadcell_data_filtered.wrench.force.z,842.0095996602669
2.710314874,1785795232.485736970,/loadcell_data_filtered.wrench.force.z,844.5200552296461
2.710831519,1785795232.486253615,/loadcell_data_filtered.wrench.force.z,847.4340088872702
2.711296067,1785795232.486718163,/loadcell_data_filtered.wrench.force.z,851.0437322568454
2.711726884,1785795232.487148980,/loadcell_data_filtered.wrench.force.z,852.8011784900923
2.712090759,1785795232.487512855,/loadcell_data_filtered.wrench.force.z,854.8523574452413
2.712437731,1785795232.487859827,/loadcell_data_filtered.wrench.force.z,855.6050323685453
2.7128688270000003,1785795232.488290923,/loadcell_data_filtered.wrench.force.z,856.0306337846825
2.7132059,1785795232.488627996,/loadcell_data_filtered.wrench.force.z,856.6810174521065
2.713517766,1785795232.488939862,/loadcell_data_filtered.wrench.force.z,856.8436074544873
2.713768003,1785795232.489190099,/loadcell_data_filtered.wrench.force.z,858.2006234988323
2.714004318,1785795232.489426414,/loadcell_data_filtered.wrench.force.z,858.5537498932306
2.714249553,1785795232.489671649,/loadcell_data_filtered.wrench.force.z,858.9525407553987
2.714478967,1785795232.489901063,/loadcell_data_filtered.wrench.force.z,859.4939763072692
2.714790887,1785795232.490212983,/loadcell_data_filtered.wrench.force.z,859.8552633300338
2.7161895300000003,1785795232.491611626,/loadcell_data_filtered.wrench.force.z,860.4482972717011
2.717008507,1785795232.492430603,/loadcell_data_filtered.wrench.force.z,855.5750537249255
2.7172291680000003,1785795232.492651264,/loadcell_data_filtered.wrench.force.z,852.6205585829787
2.717396452,1785795232.492818548,/loadcell_data_filtered.wrench.force.z,850.8409581613314
2.717640935,1785795232.493063031,/loadcell_data_filtered.wrench.force.z,848.6210601935842
2.717824954,1785795232.493247050,/loadcell_data_filtered.wrench.force.z,846.8915884362401
2.718039341,1785795232.493461437,/loadcell_data_filtered.wrench.force.z,845.8662188521166
2.718228331,1785795232.493650427,/loadcell_data_filtered.wrench.force.z,844.8428435619874
2.718598094,1785795232.494020190,/loadcell_data_filtered.wrench.force.z,845.4628022053421
2.719221524,1785795232.494643620,/loadcell_data_filtered.wrench.force.z,846.5576129494688
2.721287088,1785795232.496709184,/loadcell_data_filtered.wrench.force.z,846.9922715200607
2.721424334,1785795232.496846430,/loadcell_data_filtered.wrench.force.z,847.4333203994734
2.721577429,1785795232.496999525,/loadcell_data_filtered.wrench.force.z,846.7537927466205
2.721685237,1785795232.497107333,/loadcell_data_filtered.wrench.force.z,840.7109274934288
2.721802252,1785795232.497224348,/loadcell_data_filtered.wrench.force.z,841.5175379258379
2.722291224,1785795232.497713320,/loadcell_data_filtered.wrench.force.z,840.3661773608142
2.726396395,1785795232.501818491,/loadcell_data_filtered.wrench.force.z,840.7369224162292
2.7265872460000002,1785795232.502009342,/loadcell_data_filtered.wrench.force.z,844.4977362240077
2.726724898,1785795232.502146994,/loadcell_data_filtered.wrench.force.z,849.3746849615978
2.726899083,1785795232.502321179,/loadcell_data_filtered.wrench.force.z,847.4118100635243
2.72698485,1785795232.502406946,/loadcell_data_filtered.wrench.force.z,851.5539493839453
2.727086743,1785795232.502508839,/loadcell_data_filtered.wrench.force.z,855.6207559739086
2.727205788,1785795232.502627884,/loadcell_data_filtered.wrench.force.z,858.9863226203446
2.727320935,1785795232.502743031,/loadcell_data_filtered.wrench.force.z,860.9618406478692
2.7285950469999998,1785795232.504017143,/loadcell_data_filtered.wrench.force.z,861.7572354700379
2.728745513,1785795232.504167609,/loadcell_data_filtered.wrench.force.z,861.3996745821796
2.728900201,1785795232.504322297,/loadcell_data_filtered.wrench.force.z,861.4749647069343
2.729052292,1785795232.504474388,/loadcell_data_filtered.wrench.force.z,856.0606122739644
2.729148811,1785795232.504570907,/loadcell_data_filtered.wrench.force.z,857.4081374346091
2.72927263,1785795232.504694726,/loadcell_data_filtered.wrench.force.z,858.5922682061278
2.7295332180000003,1785795232.504955314,/loadcell_data_filtered.wrench.force.z,858.5298114774312
2.7321957450000003,1785795232.507617841,/loadcell_data_filtered.wrench.force.z,858.9750953982453
2.7325525920000002,1785795232.507974688,/loadcell_data_filtered.wrench.force.z,859.6772718341116
2.73277853,1785795232.508200626,/loadcell_data_filtered.wrench.force.z,860.034603865385
2.7329871910000003,1785795232.508409287,/loadcell_data_filtered.wrench.force.z,848.364770782925
2.733281377,1785795232.508703473,/loadcell_data_filtered.wrench.force.z,846.5216740798287
2.733572106,1785795232.508994202,/loadcell_data_filtered.wrench.force.z,842.9186278742118
2.733907078,1785795232.509329174,/loadcell_data_filtered.wrench.force.z,840.3704364511303
2.734226239,1785795232.509648335,/loadcell_data_filtered.wrench.force.z,838.5451388153691
2.734503655,1785795232.509925751,/loadcell_data_filtered.wrench.force.z,837.5066163823464
2.734813441,1785795232.510235537,/loadcell_data_filtered.wrench.force.z,836.7344159271258
2.735202878,1785795232.510624974,/loadcell_data_filtered.wrench.force.z,837.0867097929207
2.735836126,1785795232.511258222,/loadcell_data_filtered.wrench.force.z,837.9031593012238
2.737920032,1785795232.513342128,/loadcell_data_filtered.wrench.force.z,838.3358476166421
2.7399379,1785795232.515359996,/loadcell_data_filtered.wrench.force.z,839.021272980986
2.740133953,1785795232.515556049,/loadcell_data_filtered.wrench.force.z,839.2805629515593
2.740273436,1785795232.515695532,/loadcell_data_filtered.wrench.force.z,834.260661684964
2.740422085,1785795232.515844181,/loadcell_data_filtered.wrench.force.z,832.8900858296594
2.740707843,1785795232.516129939,/loadcell_data_filtered.wrench.force.z,832.2124731219502
2.740995217,1785795232.516417313,/loadcell_data_filtered.wrench.force.z,827.4886175536642
2.7420687089999998,1785795232.517490805,/loadcell_data_filtered.wrench.force.z,826.0942400149095
2.7424209580000003,1785795232.517843054,/loadcell_data_filtered.wrench.force.z,832.2454715555315
2.742621348,1785795232.518043444,/loadcell_data_filtered.wrench.force.z,836.0425746387028
2.742791074,1785795232.518213170,/loadcell_data_filtered.wrench.force.z,840.9348047790083
2.742970376,1785795232.518392472,/loadcell_data_filtered.wrench.force.z,844.9169005828408
2.743133571,1785795232.518555667,/loadcell_data_filtered.wrench.force.z,848.7130964105985
2.7433149930000003,1785795232.518737089,/loadcell_data_filtered.wrench.force.z,850.2139530004716
2.743472704,1785795232.518894800,/loadcell_data_filtered.wrench.force.z,850.9504624555024
2.743614153,1785795232.519036249,/loadcell_data_filtered.wrench.force.z,851.1993313483506
2.744007382,1785795232.519429478,/loadcell_data_filtered.wrench.force.z,851.8697142357232
2.744845834,1785795232.520267930,/loadcell_data_filtered.wrench.force.z,852.3314959605705
2.745281422,1785795232.520703518,/loadcell_data_filtered.wrench.force.z,852.3526171897021
2.745601604,1785795232.521023700,/loadcell_data_filtered.wrench.force.z,852.6526205338524
2.746172688,1785795232.521594784,/loadcell_data_filtered.wrench.force.z,853.2381463880478
2.749630892,1785795232.525052988,/loadcell_data_filtered.wrench.force.z,853.5651536362201
2.749887515,1785795232.525309611,/loadcell_data_filtered.wrench.force.z,853.7735728096114
2.750069306,1785795232.525491402,/loadcell_data_filtered.wrench.force.z,854.6681572019423
2.7502402640000003,1785795232.525662360,/loadcell_data_filtered.wrench.force.z,854.7923324680414
2.750411227,1785795232.525833323,/loadcell_data_filtered.wrench.force.z,850.4716154403701
2.750583083,1785795232.526005179,/loadcell_data_filtered.wrench.force.z,847.1777546276417
2.750751043,1785795232.526173139,/loadcell_data_filtered.wrench.force.z,844.6800338956396
2.750946482,1785795232.526368578,/loadcell_data_filtered.wrench.force.z,842.1762092883598
2.751114635,1785795232.526536731,/loadcell_data_filtered.wrench.force.z,838.5782512267658
2.751283175,1785795232.526705271,/loadcell_data_filtered.wrench.force.z,837.3016098408857
2.751441078,1785795232.526863174,/loadcell_data_filtered.wrench.force.z,837.2102279801043
2.7519709,1785795232.527392996,/loadcell_data_filtered.wrench.force.z,837.3515294218389
2.753011092,1785795232.528433188,/loadcell_data_filtered.wrench.force.z,837.9003021439887
2.754006091,1785795232.529428187,/loadcell_data_filtered.wrench.force.z,838.0475614055073
2.754274019,1785795232.529696115,/loadcell_data_filtered.wrench.force.z,838.0017100421093
2.754530593,1785795232.529952689,/loadcell_data_filtered.wrench.force.z,838.8282030924057
2.755315654,1785795232.530737750,/loadcell_data_filtered.wrench.force.z,838.9594077604679
2.7560654920000003,1785795232.531487588,/loadcell_data_filtered.wrench.force.z,838.8085291108127
2.7572475880000002,1785795232.532669684,/loadcell_data_filtered.wrench.force.z,838.2177892369871
2.757676162,1785795232.533098258,/loadcell_data_filtered.wrench.force.z,838.5437006765159
2.7579141480000002,1785795232.533336244,/loadcell_data_filtered.wrench.force.z,842.3479126143475
2.758137082,1785795232.533559178,/loadcell_data_filtered.wrench.force.z,846.892802952544
2.758329633,1785795232.533751729,/loadcell_data_filtered.wrench.force.z,851.5260885612181
2.758701038,1785795232.534123134,/loadcell_data_filtered.wrench.force.z,853.8769698672332
2.7589740430000003,1785795232.534396139,/loadcell_data_filtered.wrench.force.z,856.6848922583408
2.759175056,1785795232.534597152,/loadcell_data_filtered.wrench.force.z,859.4269533489208
2.759513555,1785795232.534935651,/loadcell_data_filtered.wrench.force.z,860.4406414108521
2.761857418,1785795232.537279514,/loadcell_data_filtered.wrench.force.z,860.4442436683952
2.762161848,1785795232.537583944,/loadcell_data_filtered.wrench.force.z,860.0366456963311
2.762438722,1785795232.537860818,/loadcell_data_filtered.wrench.force.z,860.913152467185
2.762716564,1785795232.538138660,/loadcell_data_filtered.wrench.force.z,861.380644226158
2.763006104,1785795232.538428200,/loadcell_data_filtered.wrench.force.z,861.5146760924124
2.763318108,1785795232.538740204,/loadcell_data_filtered.wrench.force.z,861.1444248205659
2.763598977,1785795232.539021073,/loadcell_data_filtered.wrench.force.z,860.5029258076991
2.763857179,1785795232.539279275,/loadcell_data_filtered.wrench.force.z,860.155803361736
2.764087276,1785795232.539509372,/loadcell_data_filtered.wrench.force.z,859.809131472616
2.764525828,1785795232.539947924,/loadcell_data_filtered.wrench.force.z,859.5526432033213
2.764961675,1785795232.540383771,/loadcell_data_filtered.wrench.force.z,854.3801505912278
2.765714161,1785795232.541136257,/loadcell_data_filtered.wrench.force.z,851.1262258646035
2.765988865,1785795232.541410961,/loadcell_data_filtered.wrench.force.z,847.4991834513883
2.7663779,1785795232.541799996,/loadcell_data_filtered.wrench.force.z,844.5363704803494
2.767027377,1785795232.542449473,/loadcell_data_filtered.wrench.force.z,841.5789842346784
2.769703479,1785795232.545125575,/loadcell_data_filtered.wrench.force.z,840.2072841580868
2.769857794,1785795232.545279890,/loadcell_data_filtered.wrench.force.z,838.7952682683331
2.769973884,1785795232.545395980,/loadcell_data_filtered.wrench.force.z,838.6944616478933
2.770104918,1785795232.545527014,/loadcell_data_filtered.wrench.force.z,839.9452675690652
2.770238566,1785795232.545660662,/loadcell_data_filtered.wrench.force.z,833.4459486586491
2.770844813,1785795232.546266909,/loadcell_data_filtered.wrench.force.z,834.7454336791484
2.7712974900000003,1785795232.546719586,/loadcell_data_filtered.wrench.force.z,834.2728301375262
2.771513218,1785795232.546935314,/loadcell_data_filtered.wrench.force.z,835.585830000387
2.771732263,1785795232.547154359,/loadcell_data_filtered.wrench.force.z,836.1162376179974
2.7719024,1785795232.547324496,/loadcell_data_filtered.wrench.force.z,836.6284791939609
2.7724330100000003,1785795232.547855106,/loadcell_data_filtered.wrench.force.z,837.3433975400487
2.7729881890000003,1785795232.548410285,/loadcell_data_filtered.wrench.force.z,837.9465302360792
2.773373411,1785795232.548795507,/loadcell_data_filtered.wrench.force.z,844.5481002917517
2.775803576,1785795232.551225672,/loadcell_data_filtered.wrench.force.z,849.5110717664776
2.775980783,1785795232.551402879,/loadcell_data_filtered.wrench.force.z,853.9789402199347
2.776116864,1785795232.551538960,/loadcell_data_filtered.wrench.force.z,857.9344135577663
2.776246067,1785795232.551668163,/loadcell_data_filtered.wrench.force.z,855.9835191229103
2.776373275,1785795232.551795371,/loadcell_data_filtered.wrench.force.z,857.586586771916
2.77649667,1785795232.551918766,/loadcell_data_filtered.wrench.force.z,858.6968059646721
2.776789728,1785795232.552211824,/loadcell_data_filtered.wrench.force.z,860.0837519553637
2.777303024,1785795232.552725120,/loadcell_data_filtered.wrench.force.z,861.357526048215
2.777900226,1785795232.553322322,/loadcell_data_filtered.wrench.force.z,862.5216984939447
2.778416234,1785795232.553838330,/loadcell_data_filtered.wrench.force.z,863.2225238295247
2.779532453,1785795232.554954549,/loadcell_data_filtered.wrench.force.z,864.15451211591
2.77973179,1785795232.555153886,/loadcell_data_filtered.wrench.force.z,865.0919035964463
2.779973474,1785795232.555395570,/loadcell_data_filtered.wrench.force.z,866.0024936090518
2.780399216,1785795232.555821312,/loadcell_data_filtered.wrench.force.z,867.0008458102616
2.780842335,1785795232.556264431,/loadcell_data_filtered.wrench.force.z,867.7862915669406
2.7814543,1785795232.556876396,/loadcell_data_filtered.wrench.force.z,867.3476577686126
2.781884056,1785795232.557306152,/loadcell_data_filtered.wrench.force.z,863.3271628636008
2.782290551,1785795232.557712647,/loadcell_data_filtered.wrench.force.z,859.8857269245798
2.782760959,1785795232.558183055,/loadcell_data_filtered.wrench.force.z,857.3944369320457
2.783347987,1785795232.558770083,/loadcell_data_filtered.wrench.force.z,855.1864933370729
2.783902494,1785795232.559324590,/loadcell_data_filtered.wrench.force.z,852.7250406788024
2.784390042,1785795232.559812138,/loadcell_data_filtered.wrench.force.z,851.7267516029139
2.784778191,1785795232.560200287,/loadcell_data_filtered.wrench.force.z,851.6956090269261
2.785379751,1785795232.560801847,/loadcell_data_filtered.wrench.force.z,852.150782893446
2.7857703540000003,1785795232.561192450,/loadcell_data_filtered.wrench.force.z,853.0163188063057
2.786308242,1785795232.561730338,/loadcell_data_filtered.wrench.force.z,853.7372768056804
2.786771599,1785795232.562193695,/loadcell_data_filtered.wrench.force.z,853.7203997901744
2.787294127,1785795232.562716223,/loadcell_data_filtered.wrench.force.z,854.1791041673463
2.787725415,1785795232.563147511,/loadcell_data_filtered.wrench.force.z,854.0434397757614
2.788269034,1785795232.563691130,/loadcell_data_filtered.wrench.force.z,854.0903330731782
2.788786402,1785795232.564208498,/loadcell_data_filtered.wrench.force.z,854.1121410391585
2.789260864,1785795232.564682960,/loadcell_data_filtered.wrench.force.z,854.1732055615364
2.789685563,1785795232.565107659,/loadcell_data_filtered.wrench.force.z,858.5854910499506
2.7902939250000003,1785795232.565716021,/loadcell_data_filtered.wrench.force.z,861.7205307391273
2.790934147,1785795232.566356243,/loadcell_data_filtered.wrench.force.z,866.0905013236058
2.79132658,1785795232.566748676,/loadcell_data_filtered.wrench.force.z,869.6343182893447
2.791880203,1785795232.567302299,/loadcell_data_filtered.wrench.force.z,872.5597422006515
2.792275446,1785795232.567697542,/loadcell_data_filtered.wrench.force.z,874.7151746928452
2.7927289980000003,1785795232.568151094,/loadcell_data_filtered.wrench.force.z,875.9619437472435
2.793214953,1785795232.568637049,/loadcell_data_filtered.wrench.force.z,876.2765226142725
2.793746657,1785795232.569168753,/loadcell_data_filtered.wrench.force.z,876.0974017654397
2.794228133,1785795232.569650229,/loadcell_data_filtered.wrench.force.z,876.1327889138317
2.794778726,1785795232.570200822,/loadcell_data_filtered.wrench.force.z,875.7928771107987
2.795308207,1785795232.570730303,/loadcell_data_filtered.wrench.force.z,875.1206559488153
2.796039304,1785795232.571461400,/loadcell_data_filtered.wrench.force.z,874.5967195421161
2.7964853290000002,1785795232.571907425,/loadcell_data_filtered.wrench.force.z,874.1411726156687
2.797026165,1785795232.572448261,/loadcell_data_filtered.wrench.force.z,873.9652558303318
2.797468645,1785795232.572890741,/loadcell_data_filtered.wrench.force.z,873.4679490074722
2.799419044,1785795232.574841140,/loadcell_data_filtered.wrench.force.z,872.8784223197428
2.799680219,1785795232.575102315,/loadcell_data_filtered.wrench.force.z,866.9660031771145
2.799825426,1785795232.575247522,/loadcell_data_filtered.wrench.force.z,863.6776631864584
2.799969495,1785795232.575391591,/loadcell_data_filtered.wrench.force.z,860.0808351877357
2.800101625,1785795232.575523721,/loadcell_data_filtered.wrench.force.z,856.8907251474327
2.800506731,1785795232.575928827,/loadcell_data_filtered.wrench.force.z,852.1616682780414
2.80076921,1785795232.576191306,/loadcell_data_filtered.wrench.force.z,850.2907093590053
2.801749981,1785795232.577172077,/loadcell_data_filtered.wrench.force.z,848.3409027400796
2.802924291,1785795232.578346387,/loadcell_data_filtered.wrench.force.z,847.7102907708496
2.803121743,1785795232.578543839,/loadcell_data_filtered.wrench.force.z,848.0426169714983
2.8032514500000003,1785795232.578673546,/loadcell_data_filtered.wrench.force.z,848.2278006490532
2.803376296,1785795232.578798392,/loadcell_data_filtered.wrench.force.z,848.5306482650328
2.803994488,1785795232.579416584,/loadcell_data_filtered.wrench.force.z,847.610117567457
2.804294256,1785795232.579716352,/loadcell_data_filtered.wrench.force.z,846.3622975184788
2.804689298,1785795232.580111394,/loadcell_data_filtered.wrench.force.z,845.949840651396
2.805408869,1785795232.580830965,/loadcell_data_filtered.wrench.force.z,844.9375220742254
2.805652216,1785795232.581074312,/loadcell_data_filtered.wrench.force.z,843.9735352395729
2.8062737220000002,1785795232.581695818,/loadcell_data_filtered.wrench.force.z,843.5797278451298
2.806868686,1785795232.582290782,/loadcell_data_filtered.wrench.force.z,849.1146518565934
2.808208462,1785795232.583630558,/loadcell_data_filtered.wrench.force.z,852.7125878671736
2.808417715,1785795232.583839811,/loadcell_data_filtered.wrench.force.z,855.9643860805508
2.80863051,1785795232.584052606,/loadcell_data_filtered.wrench.force.z,859.4248195946377
2.809313276,1785795232.584735372,/loadcell_data_filtered.wrench.force.z,861.92799779829
2.809863413,1785795232.585285509,/loadcell_data_filtered.wrench.force.z,862.4747314050768
2.810295458,1785795232.585717554,/loadcell_data_filtered.wrench.force.z,862.8736475946355
2.813400972,1785795232.588823068,/loadcell_data_filtered.wrench.force.z,862.678449016036
2.813816165,1785795232.589238261,/loadcell_data_filtered.wrench.force.z,862.136671687178
2.8141902080000003,1785795232.589612304,/loadcell_data_filtered.wrench.force.z,862.3250416036378
2.814525242,1785795232.589947338,/loadcell_data_filtered.wrench.force.z,862.1557195653714
2.8148165,1785795232.590238596,/loadcell_data_filtered.wrench.force.z,862.8911206628252
2.815098743,1785795232.590520839,/loadcell_data_filtered.wrench.force.z,863.0818353989573
2.815369479,1785795232.590791575,/loadcell_data_filtered.wrench.force.z,863.6297158923254
2.815610885,1785795232.591032981,/loadcell_data_filtered.wrench.force.z,863.4471648509078
2.815812723,1785795232.591234819,/loadcell_data_filtered.wrench.force.z,862.1243815054455
2.816024231,1785795232.591446327,/loadcell_data_filtered.wrench.force.z,860.117325345655
2.816268913,1785795232.591691009,/loadcell_data_filtered.wrench.force.z,855.9544481695392
2.816530075,1785795232.591952171,/loadcell_data_filtered.wrench.force.z,851.7095112657639
2.816806077,1785795232.592228173,/loadcell_data_filtered.wrench.force.z,848.6304782790257
2.81704472,1785795232.592466816,/loadcell_data_filtered.wrench.force.z,845.2565819045469
2.818497087,1785795232.593919183,/loadcell_data_filtered.wrench.force.z,843.9378118649394
2.821063397,1785795232.596485493,/loadcell_data_filtered.wrench.force.z,842.4889073320595
2.8214217440000002,1785795232.596843840,/loadcell_data_filtered.wrench.force.z,843.6670959286861
2.821757891,1785795232.597179987,/loadcell_data_filtered.wrench.force.z,845.1757149368409
2.822060172,1785795232.597482268,/loadcell_data_filtered.wrench.force.z,846.1416734653978
2.8224161480000003,1785795232.597838244,/loadcell_data_filtered.wrench.force.z,847.9211431612592
2.82280227,1785795232.598224366,/loadcell_data_filtered.wrench.force.z,849.3470520026482
2.823133789,1785795232.598555885,/loadcell_data_filtered.wrench.force.z,850.7132570416468
2.823465735,1785795232.598887831,/loadcell_data_filtered.wrench.force.z,852.5024669617337
2.823900037,1785795232.599322133,/loadcell_data_filtered.wrench.force.z,852.8762205026682
2.8242625820000002,1785795232.599684678,/loadcell_data_filtered.wrench.force.z,852.4483693914442
2.824599273,1785795232.600021369,/loadcell_data_filtered.wrench.force.z,853.6517404889739
2.824886048,1785795232.600308144,/loadcell_data_filtered.wrench.force.z,859.5333511262414
2.825156619,1785795232.600578715,/loadcell_data_filtered.wrench.force.z,864.2786788666976
2.825457714,1785795232.600879810,/loadcell_data_filtered.wrench.force.z,870.2122276204394
2.825709189,1785795232.601131285,/loadcell_data_filtered.wrench.force.z,874.9594489146562
2.8258953,1785795232.601317396,/loadcell_data_filtered.wrench.force.z,879.1643557442543
2.82606673,1785795232.601488826,/loadcell_data_filtered.wrench.force.z,882.7443838522892
2.828350333,1785795232.603772429,/loadcell_data_filtered.wrench.force.z,885.902428644233
2.828848375,1785795232.604270471,/loadcell_data_filtered.wrench.force.z,887.3997624660333
2.829125659,1785795232.604547755,/loadcell_data_filtered.wrench.force.z,889.1688442014471
2.829359535,1785795232.604781631,/loadcell_data_filtered.wrench.force.z,890.9315761106964
2.829623702,1785795232.605045798,/loadcell_data_filtered.wrench.force.z,892.1328363239263
2.829979151,1785795232.605401247,/loadcell_data_filtered.wrench.force.z,892.8580204675326
2.830287586,1785795232.605709682,/loadcell_data_filtered.wrench.force.z,892.8078953843628
2.83052183,1785795232.605943926,/loadcell_data_filtered.wrench.force.z,893.6551930129926
2.832002121,1785795232.607424217,/loadcell_data_filtered.wrench.force.z,894.3649641861409
2.8322524700000002,1785795232.607674566,/loadcell_data_filtered.wrench.force.z,894.9203351787179
2.832420652,1785795232.607842748,/loadcell_data_filtered.wrench.force.z,895.1772138917778
2.832659222,1785795232.608081318,/loadcell_data_filtered.wrench.force.z,883.1370951129063
2.832908212,1785795232.608330308,/loadcell_data_filtered.wrench.force.z,880.4369014603622
2.833186097,1785795232.608608193,/loadcell_data_filtered.wrench.force.z,876.0459142908979
2.834728956,1785795232.610151052,/loadcell_data_filtered.wrench.force.z,873.2294523340184
2.835125537,1785795232.610547633,/loadcell_data_filtered.wrench.force.z,870.1632900752049
2.8353936600000003,1785795232.610815756,/loadcell_data_filtered.wrench.force.z,862.7589503645223
2.835654296,1785795232.611076392,/loadcell_data_filtered.wrench.force.z,860.6666867811756
2.83597592,1785795232.611398016,/loadcell_data_filtered.wrench.force.z,860.2298467735253
2.836955054,1785795232.612377150,/loadcell_data_filtered.wrench.force.z,860.6588922170492
2.837171043,1785795232.612593139,/loadcell_data_filtered.wrench.force.z,861.0374724227532
2.837319721,1785795232.612741817,/loadcell_data_filtered.wrench.force.z,854.0388275335033
2.837453754,1785795232.612875850,/loadcell_data_filtered.wrench.force.z,854.5220263135321
2.8375915000000003,1785795232.613013596,/loadcell_data_filtered.wrench.force.z,853.996038591905
2.837965896,1785795232.613387992,/loadcell_data_filtered.wrench.force.z,853.9036356716066
2.84159415,1785795232.617016246,/loadcell_data_filtered.wrench.force.z,853.5861437174408
2.8416157330000003,1785795232.617037829,/loadcell_data_filtered.wrench.force.z,853.5481028419213
2.841618093,1785795232.617040189,/loadcell_data_filtered.wrench.force.z,854.1322724344859
2.841620141,1785795232.617042237,/loadcell_data_filtered.wrench.force.z,860.1715863369496
2.843763853,1785795232.619185949,/loadcell_data_filtered.wrench.force.z,864.7842104474059
2.84412726,1785795232.619549356,/loadcell_data_filtered.wrench.force.z,868.5878585906505
2.844417649,1785795232.619839745,/loadcell_data_filtered.wrench.force.z,872.4128365996309
2.844772416,1785795232.620194512,/loadcell_data_filtered.wrench.force.z,876.2096925439955
2.8451074800000002,1785795232.620529576,/loadcell_data_filtered.wrench.force.z,878.5444721918955
2.845371023,1785795232.620793119,/loadcell_data_filtered.wrench.force.z,879.8736671925035
2.845609237,1785795232.621031333,/loadcell_data_filtered.wrench.force.z,881.132957313967
2.845839892,1785795232.621261988,/loadcell_data_filtered.wrench.force.z,881.7745348383285
2.846052954,1785795232.621475050,/loadcell_data_filtered.wrench.force.z,881.1352153684973
2.847371948,1785795232.622794044,/loadcell_data_filtered.wrench.force.z,881.762119030783
2.847701535,1785795232.623123631,/loadcell_data_filtered.wrench.force.z,881.8374708475747
2.847986997,1785795232.623409093,/loadcell_data_filtered.wrench.force.z,881.9838102990013
2.848244142,1785795232.623666238,/loadcell_data_filtered.wrench.force.z,880.2101377726034
2.8484551600000003,1785795232.623877256,/loadcell_data_filtered.wrench.force.z,874.8709453572113
2.848735381,1785795232.624157477,/loadcell_data_filtered.wrench.force.z,875.105478315385
2.848956477,1785795232.624378573,/loadcell_data_filtered.wrench.force.z,871.294517943495
2.849181123,1785795232.624603219,/loadcell_data_filtered.wrench.force.z,867.6695280786436
2.8493980690000003,1785795232.624820165,/loadcell_data_filtered.wrench.force.z,862.6100592260167
2.84988929,1785795232.625311386,/loadcell_data_filtered.wrench.force.z,858.9252604077095
2.850107515,1785795232.625529611,/loadcell_data_filtered.wrench.force.z,855.6333175016379
2.852186575,1785795232.627608671,/loadcell_data_filtered.wrench.force.z,853.0587105139763
2.852412916,1785795232.627835012,/loadcell_data_filtered.wrench.force.z,851.2861507360767
2.85258363,1785795232.628005726,/loadcell_data_filtered.wrench.force.z,847.2213602769534
2.852743964,1785795232.628166060,/loadcell_data_filtered.wrench.force.z,843.8215398462096
2.852877331,1785795232.628299427,/loadcell_data_filtered.wrench.force.z,843.9639884083336
2.854120811,1785795232.629542907,/loadcell_data_filtered.wrench.force.z,843.0550690182855
2.854260812,1785795232.629682908,/loadcell_data_filtered.wrench.force.z,843.1210372351543
2.8544188950000002,1785795232.629840991,/loadcell_data_filtered.wrench.force.z,835.4485372909762
2.855382139,1785795232.630804235,/loadcell_data_filtered.wrench.force.z,835.6171242762714
2.8555161140000003,1785795232.630938210,/loadcell_data_filtered.wrench.force.z,834.8449370024756
2.855663652,1785795232.631085748,/loadcell_data_filtered.wrench.force.z,834.3282755816641
2.855929052,1785795232.631351148,/loadcell_data_filtered.wrench.force.z,833.708691361538
2.856691878,1785795232.632113974,/loadcell_data_filtered.wrench.force.z,838.7184527534902
2.857029677,1785795232.632451773,/loadcell_data_filtered.wrench.force.z,842.027999612701
2.858135377,1785795232.633557473,/loadcell_data_filtered.wrench.force.z,846.1971257264621
2.862200668,1785795232.637622764,/loadcell_data_filtered.wrench.force.z,849.7114231104669
2.862378546,1785795232.637800642,/loadcell_data_filtered.wrench.force.z,853.4913235683772
2.864434282,1785795232.639856378,/loadcell_data_filtered.wrench.force.z,855.6196467222014
2.864809358,1785795232.640231454,/loadcell_data_filtered.wrench.force.z,857.8943100919273
2.864823825,1785795232.640245921,/loadcell_data_filtered.wrench.force.z,859.1923585898043
2.864914956,1785795232.640337052,/loadcell_data_filtered.wrench.force.z,860.1053379175034
2.865063617,1785795232.640485713,/loadcell_data_filtered.wrench.force.z,861.4567133258105
2.865217727,1785795232.640639823,/loadcell_data_filtered.wrench.force.z,862.5229290236133
2.865353326,1785795232.640775422,/loadcell_data_filtered.wrench.force.z,863.6552966901921
2.865569003,1785795232.640991099,/loadcell_data_filtered.wrench.force.z,864.6031434511499
2.865832083,1785795232.641254179,/loadcell_data_filtered.wrench.force.z,864.8380606631129
2.866096814,1785795232.641518910,/loadcell_data_filtered.wrench.force.z,865.9730396375375
2.866357037,1785795232.641779133,/loadcell_data_filtered.wrench.force.z,867.1134264503715
2.866634363,1785795232.642056459,/loadcell_data_filtered.wrench.force.z,868.0549805273754
2.866860373,1785795232.642282469,/loadcell_data_filtered.wrench.force.z,861.932986319403
2.867099872,1785795232.642521968,/loadcell_data_filtered.wrench.force.z,857.8811999465595
2.867316016,1785795232.642738112,/loadcell_data_filtered.wrench.force.z,855.3421792529556
2.867656361,1785795232.643078457,/loadcell_data_filtered.wrench.force.z,852.5716946673992
2.867890169,1785795232.643312265,/loadcell_data_filtered.wrench.force.z,849.7453848973308
2.8681024710000003,1785795232.643524567,/loadcell_data_filtered.wrench.force.z,848.7655314553585
2.868352002,1785795232.643774098,/loadcell_data_filtered.wrench.force.z,847.8876840512174
2.868654774,1785795232.644076870,/loadcell_data_filtered.wrench.force.z,848.2379018600326
2.870633117,1785795232.646055213,/loadcell_data_filtered.wrench.force.z,848.9879946802017
2.870748759,1785795232.646170855,/loadcell_data_filtered.wrench.force.z,849.5078808274711
2.870888511,1785795232.646310607,/loadcell_data_filtered.wrench.force.z,850.1341597334365
2.871019995,1785795232.646442091,/loadcell_data_filtered.wrench.force.z,843.2395118316063
2.871148088,1785795232.646570184,/loadcell_data_filtered.wrench.force.z,844.1416262967001
2.87474116,1785795232.650163256,/loadcell_data_filtered.wrench.force.z,843.4545194500367
2.874949789,1785795232.650371885,/loadcell_data_filtered.wrench.force.z,843.4981707969634
2.8750803300000003,1785795232.650502426,/loadcell_data_filtered.wrench.force.z,843.8670995361251
2.875254719,1785795232.650676815,/loadcell_data_filtered.wrench.force.z,844.7612054085233
2.875375158,1785795232.650797254,/loadcell_data_filtered.wrench.force.z,851.4749002497739
2.875510865,1785795232.650932961,/loadcell_data_filtered.wrench.force.z,856.864292534028
2.875679355,1785795232.651101451,/loadcell_data_filtered.wrench.force.z,853.8554113291136
2.8758429000000003,1785795232.651264996,/loadcell_data_filtered.wrench.force.z,857.6887286221664
2.876762973,1785795232.652185069,/loadcell_data_filtered.wrench.force.z,859.7488472280967
2.876886129,1785795232.652308225,/loadcell_data_filtered.wrench.force.z,861.7478124759893
2.877016819,1785795232.652438915,/loadcell_data_filtered.wrench.force.z,857.3391881751204
2.877148451,1785795232.652570547,/loadcell_data_filtered.wrench.force.z,856.6607931426344
2.877558108,1785795232.652980204,/loadcell_data_filtered.wrench.force.z,856.8596163291915
2.879851626,1785795232.655273722,/loadcell_data_filtered.wrench.force.z,857.5550773702874
2.880055606,1785795232.655477702,/loadcell_data_filtered.wrench.force.z,858.2636909824973
2.880182499,1785795232.655604595,/loadcell_data_filtered.wrench.force.z,859.146062640679
2.8803393760000002,1785795232.655761472,/loadcell_data_filtered.wrench.force.z,859.8089178808285
2.880454175,1785795232.655876271,/loadcell_data_filtered.wrench.force.z,860.7457608662635
2.880641459,1785795232.656063555,/loadcell_data_filtered.wrench.force.z,861.7382462766915
2.881413776,1785795232.656835872,/loadcell_data_filtered.wrench.force.z,862.37842454402
2.883563548,1785795232.658985644,/loadcell_data_filtered.wrench.force.z,859.2914351524927
2.88454229,1785795232.659964386,/loadcell_data_filtered.wrench.force.z,857.0395516965089
2.8848899020000003,1785795232.660311998,/loadcell_data_filtered.wrench.force.z,853.5830563251744
2.885128342,1785795232.660550438,/loadcell_data_filtered.wrench.force.z,851.4450582958088
2.8853508430000003,1785795232.660772939,/loadcell_data_filtered.wrench.force.z,850.1726790703126
2.885630939,1785795232.661053035,/loadcell_data_filtered.wrench.force.z,848.7093532523601
2.885945678,1785795232.661367774,/loadcell_data_filtered.wrench.force.z,848.7292764926437
2.886203483,1785795232.661625579,/loadcell_data_filtered.wrench.force.z,848.9206873224487
2.887116279,1785795232.662538375,/loadcell_data_filtered.wrench.force.z,849.083134961165
2.887465938,1785795232.662888034,/loadcell_data_filtered.wrench.force.z,850.8868199280615
2.888165862,1785795232.663587958,/loadcell_data_filtered.wrench.force.z,851.6143324828009
2.888354568,1785795232.663776664,/loadcell_data_filtered.wrench.force.z,852.6518233338909
2.893691091,1785795232.669113187,/loadcell_data_filtered.wrench.force.z,853.5085846335339
2.894040884,1785795232.669462980,/loadcell_data_filtered.wrench.force.z,854.5105309577264
2.894247928,1785795232.669670024,/loadcell_data_filtered.wrench.force.z,861.1595331490475
2.894649131,1785795232.670071227,/loadcell_data_filtered.wrench.force.z,866.0792536428941
2.89506913,1785795232.670491226,/loadcell_data_filtered.wrench.force.z,871.1850873764873
2.895393158,1785795232.670815254,/loadcell_data_filtered.wrench.force.z,875.73564011084
2.8958184080000002,1785795232.671240504,/loadcell_data_filtered.wrench.force.z,879.3346953687163
2.896260759,1785795232.671682855,/loadcell_data_filtered.wrench.force.z,881.9001280493437
2.896815658,1785795232.672237754,/loadcell_data_filtered.wrench.force.z,884.3348266684302
2.897170799,1785795232.672592895,/loadcell_data_filtered.wrench.force.z,885.5649771658113
2.897562228,1785795232.672984324,/loadcell_data_filtered.wrench.force.z,885.8536621503708
2.898027195,1785795232.673449291,/loadcell_data_filtered.wrench.force.z,884.1184761492502
2.898504103,1785795232.673926199,/loadcell_data_filtered.wrench.force.z,884.3729155425925
2.8992984230000003,1785795232.674720519,/loadcell_data_filtered.wrench.force.z,885.2810237123326
2.899824528,1785795232.675246624,/loadcell_data_filtered.wrench.force.z,885.3454846785796
2.900273079,1785795232.675695175,/loadcell_data_filtered.wrench.force.z,885.8468410500182
2.9006763280000003,1785795232.676098424,/loadcell_data_filtered.wrench.force.z,885.0540511371738
2.901057384,1785795232.676479480,/loadcell_data_filtered.wrench.force.z,884.6383125162774
2.901461557,1785795232.676883653,/loadcell_data_filtered.wrench.force.z,883.9489354876613
2.901954388,1785795232.677376484,/loadcell_data_filtered.wrench.force.z,878.8503041062178
2.9024271070000003,1785795232.677849203,/loadcell_data_filtered.wrench.force.z,874.8012066101363
2.902904044,1785795232.678326140,/loadcell_data_filtered.wrench.force.z,871.5900488775698
2.903359054,1785795232.678781150,/loadcell_data_filtered.wrench.force.z,869.1110836010931
2.903793249,1785795232.679215345,/loadcell_data_filtered.wrench.force.z,866.4091591620379
2.904356376,1785795232.679778472,/loadcell_data_filtered.wrench.force.z,865.3300832191586
2.905872059,1785795232.681294155,/loadcell_data_filtered.wrench.force.z,864.0472241180175
2.905905,1785795232.681327096,/loadcell_data_filtered.wrench.force.z,862.8857532471769
2.906602745,1785795232.682024841,/loadcell_data_filtered.wrench.force.z,863.6474245421587
2.907157176,1785795232.682579272,/loadcell_data_filtered.wrench.force.z,863.8010945904626
2.907660494,1785795232.683082590,/loadcell_data_filtered.wrench.force.z,863.6006049854907
2.909179164,1785795232.684601260,/loadcell_data_filtered.wrench.force.z,863.3788832964748
2.911684042,1785795232.687106138,/loadcell_data_filtered.wrench.force.z,862.0237350453176
2.912558829,1785795232.687980925,/loadcell_data_filtered.wrench.force.z,866.9516642847175
2.913276136,1785795232.688698232,/loadcell_data_filtered.wrench.force.z,869.8776429426053
2.913819636,1785795232.689241732,/loadcell_data_filtered.wrench.force.z,873.2082247645636
2.914247869,1785795232.689669965,/loadcell_data_filtered.wrench.force.z,874.5629147388684
2.9146523330000003,1785795232.690074429,/loadcell_data_filtered.wrench.force.z,868.5745503674395
2.915078715,1785795232.690500811,/loadcell_data_filtered.wrench.force.z,867.1772837668525
2.915511119,1785795232.690933215,/loadcell_data_filtered.wrench.force.z,865.6304022285733
2.915995632,1785795232.691417728,/loadcell_data_filtered.wrench.force.z,864.2790810049181
2.916473742,1785795232.691895838,/loadcell_data_filtered.wrench.force.z,863.6965462272447
2.916904053,1785795232.692326149,/loadcell_data_filtered.wrench.force.z,863.4066057792927
2.9172972130000003,1785795232.692719309,/loadcell_data_filtered.wrench.force.z,862.9217617817271
2.91772867,1785795232.693150766,/loadcell_data_filtered.wrench.force.z,862.4048678151715
2.918181584,1785795232.693603680,/loadcell_data_filtered.wrench.force.z,861.8593808687907
2.918616091,1785795232.694038187,/loadcell_data_filtered.wrench.force.z,861.4992357033726
2.919034392,1785795232.694456488,/loadcell_data_filtered.wrench.force.z,856.4002063310465
2.919392833,1785795232.694814929,/loadcell_data_filtered.wrench.force.z,852.972029235404
2.9197488810000003,1785795232.695170977,/loadcell_data_filtered.wrench.force.z,848.5641685046822
2.920150851,1785795232.695572947,/loadcell_data_filtered.wrench.force.z,845.1404843437347
2.920706897,1785795232.696128993,/loadcell_data_filtered.wrench.force.z,842.0479649287138
2.9212199070000002,1785795232.696642003,/loadcell_data_filtered.wrench.force.z,839.4397398624342
2.921798955,1785795232.697221051,/loadcell_data_filtered.wrench.force.z,837.6726838348228
2.9222941760000003,1785795232.697716272,/loadcell_data_filtered.wrench.force.z,837.4173710715805
2.922969779,1785795232.698391875,/loadcell_data_filtered.wrench.force.z,837.258871493874
2.923588317,1785795232.699010413,/loadcell_data_filtered.wrench.force.z,837.5087293602687
2.9244089950000003,1785795232.699831091,/loadcell_data_filtered.wrench.force.z,838.2588615609804
2.925547081,1785795232.700969177,/loadcell_data_filtered.wrench.force.z,837.9257244073772
2.926047441,1785795232.701469537,/loadcell_data_filtered.wrench.force.z,837.3250148901743
2.926428831,1785795232.701850927,/loadcell_data_filtered.wrench.force.z,838.1087984091743
2.926826676,1785795232.702248772,/loadcell_data_filtered.wrench.force.z,839.0740384754818
2.9272283530000003,1785795232.702650449,/loadcell_data_filtered.wrench.force.z,840.0671744895693
2.9276857400000003,1785795232.703107836,/loadcell_data_filtered.wrench.force.z,838.8741362187268
2.9283237150000003,1785795232.703745811,/loadcell_data_filtered.wrench.force.z,843.0618119363243
2.928827831,1785795232.704249927,/loadcell_data_filtered.wrench.force.z,846.4665767569381
2.929259629,1785795232.704681725,/loadcell_data_filtered.wrench.force.z,850.3034525338486
2.92976193,1785795232.705184026,/loadcell_data_filtered.wrench.force.z,853.8596106529656
2.930327078,1785795232.705749174,/loadcell_data_filtered.wrench.force.z,855.9855036510319
2.930614325,1785795232.706036421,/loadcell_data_filtered.wrench.force.z,857.6572479082859
2.931083842,1785795232.706505938,/loadcell_data_filtered.wrench.force.z,858.3745628778669
2.93159446,1785795232.707016556,/loadcell_data_filtered.wrench.force.z,859.1898573797723
2.9320284560000003,1785795232.707450552,/loadcell_data_filtered.wrench.force.z,860.6633097791101
2.9323912290000003,1785795232.707813325,/loadcell_data_filtered.wrench.force.z,861.492412134501
2.932855062,1785795232.708277158,/loadcell_data_filtered.wrench.force.z,862.8100053153792
2.933290956,1785795232.708713052,/loadcell_data_filtered.wrench.force.z,863.9811269749704
2.933726069,1785795232.709148165,/loadcell_data_filtered.wrench.force.z,865.7355477587934
2.934126702,1785795232.709548798,/loadcell_data_filtered.wrench.force.z,867.2690375044168
2.9345593770000002,1785795232.709981473,/loadcell_data_filtered.wrench.force.z,868.4131180597979
2.935060299,1785795232.710482395,/loadcell_data_filtered.wrench.force.z,868.9689052458228
2.935529581,1785795232.710951677,/loadcell_data_filtered.wrench.force.z,863.7654706457848
2.936038793,1785795232.711460889,/loadcell_data_filtered.wrench.force.z,860.7885436133244
2.936662325,1785795232.712084421,/loadcell_data_filtered.wrench.force.z,858.4765212925305
2.93731098,1785795232.712733076,/loadcell_data_filtered.wrench.force.z,857.0119581185606
2.937928949,1785795232.713351045,/loadcell_data_filtered.wrench.force.z,855.0646008350868
2.93835154,1785795232.713773636,/loadcell_data_filtered.wrench.force.z,847.9070596183926
2.9388030880000002,1785795232.714225184,/loadcell_data_filtered.wrench.force.z,848.9833546608539
2.939167255,1785795232.714589351,/loadcell_data_filtered.wrench.force.z,849.7853536768367
2.939604688,1785795232.715026784,/loadcell_data_filtered.wrench.force.z,851.6119908443219
2.940008396,1785795232.715430492,/loadcell_data_filtered.wrench.force.z,852.945817917356
2.940280632,1785795232.715702728,/loadcell_data_filtered.wrench.force.z,847.1388553504903
2.9405334940000003,1785795232.715955590,/loadcell_data_filtered.wrench.force.z,848.5727356700912
2.941009469,1785795232.716431565,/loadcell_data_filtered.wrench.force.z,848.8529253567475
2.941295959,1785795232.716718055,/loadcell_data_filtered.wrench.force.z,849.8127843778633
2.941575692,1785795232.716997788,/loadcell_data_filtered.wrench.force.z,850.9545809019705
2.941898918,1785795232.717321014,/loadcell_data_filtered.wrench.force.z,844.6476606760681
2.942295369,1785795232.717717465,/loadcell_data_filtered.wrench.force.z,849.1504845988713
2.942717985,1785795232.718140081,/loadcell_data_filtered.wrench.force.z,854.1700373080336
2.943050645,1785795232.718472741,/loadcell_data_filtered.wrench.force.z,859.7711458251421
2.943349697,1785795232.718771793,/loadcell_data_filtered.wrench.force.z,864.24777901597
2.943663246,1785795232.719085342,/loadcell_data_filtered.wrench.force.z,868.0762468910417
2.944355547,1785795232.719777643,/loadcell_data_filtered.wrench.force.z,871.3935876475335
2.944851462,1785795232.720273558,/loadcell_data_filtered.wrench.force.z,873.0995634181935
2.9452948230000002,1785795232.720716919,/loadcell_data_filtered.wrench.force.z,873.5276576496182
2.945682595,1785795232.721104691,/loadcell_data_filtered.wrench.force.z,874.1310953124344
2.9460789480000003,1785795232.721501044,/loadcell_data_filtered.wrench.force.z,874.9646521792703
2.9464234830000002,1785795232.721845579,/loadcell_data_filtered.wrench.force.z,876.3028029490259
2.946744479,1785795232.722166575,/loadcell_data_filtered.wrench.force.z,876.7247346585178
2.9469983820000003,1785795232.722420478,/loadcell_data_filtered.wrench.force.z,876.909779743001
2.947279093,1785795232.722701189,/loadcell_data_filtered.wrench.force.z,877.9688979978761
2.947508399,1785795232.722930495,/loadcell_data_filtered.wrench.force.z,878.1706199911094
2.9477110250000003,1785795232.723133121,/loadcell_data_filtered.wrench.force.z,877.59416642812
2.949736421,1785795232.725158517,/loadcell_data_filtered.wrench.force.z,877.15017731263
2.950048021,1785795232.725470117,/loadcell_data_filtered.wrench.force.z,871.6380758595651
2.950311821,1785795232.725733917,/loadcell_data_filtered.wrench.force.z,868.3666013540734
2.950665847,1785795232.726087943,/loadcell_data_filtered.wrench.force.z,856.3730861716383
2.951015118,1785795232.726437214,/loadcell_data_filtered.wrench.force.z,853.4612722749401
2.951333549,1785795232.726755645,/loadcell_data_filtered.wrench.force.z,849.5100783609175
2.952028593,1785795232.727450689,/loadcell_data_filtered.wrench.force.z,847.1838437679395
2.952274724,1785795232.727696820,/loadcell_data_filtered.wrench.force.z,845.5331251625104
2.952526012,1785795232.727948108,/loadcell_data_filtered.wrench.force.z,837.603311342441
2.952748276,1785795232.728170372,/loadcell_data_filtered.wrench.force.z,837.9092143781606
2.952930057,1785795232.728352153,/loadcell_data_filtered.wrench.force.z,837.4126872719521
2.953277136,1785795232.728699232,/loadcell_data_filtered.wrench.force.z,837.147942940075
2.9540645960000003,1785795232.729486692,/loadcell_data_filtered.wrench.force.z,836.8807151163262
2.954289477,1785795232.729711573,/loadcell_data_filtered.wrench.force.z,836.3279774995301
2.95476783,1785795232.730189926,/loadcell_data_filtered.wrench.force.z,835.5017292657117
2.955608546,1785795232.731030642,/loadcell_data_filtered.wrench.force.z,835.2702239413161
2.9572112280000002,1785795232.732633324,/loadcell_data_filtered.wrench.force.z,834.9626865565572
2.957484076,1785795232.732906172,/loadcell_data_filtered.wrench.force.z,834.7911042585421
2.957689997,1785795232.733112093,/loadcell_data_filtered.wrench.force.z,833.279957295255
2.95785981,1785795232.733281906,/loadcell_data_filtered.wrench.force.z,837.1971697723391
2.958034967,1785795232.733457063,/loadcell_data_filtered.wrench.force.z,840.5698096701615
2.958202708,1785795232.733624804,/loadcell_data_filtered.wrench.force.z,843.4371941252613
2.9588170600000003,1785795232.734239156,/loadcell_data_filtered.wrench.force.z,846.372397160355
2.962183713,1785795232.737605809,/loadcell_data_filtered.wrench.force.z,847.8230950984273
2.962497626,1785795232.737919722,/loadcell_data_filtered.wrench.force.z,848.798909177426
2.962748683,1785795232.738170779,/loadcell_data_filtered.wrench.force.z,849.3957821020649
2.963001349,1785795232.738423445,/loadcell_data_filtered.wrench.force.z,849.8782010422274
2.96326289,1785795232.738684986,/loadcell_data_filtered.wrench.force.z,850.4254088963139
2.963534107,1785795232.738956203,/loadcell_data_filtered.wrench.force.z,850.7777644524773
2.963746235,1785795232.739168331,/loadcell_data_filtered.wrench.force.z,851.0635476542054
2.963921567,1785795232.739343663,/loadcell_data_filtered.wrench.force.z,850.5953388986401
2.964094039,1785795232.739516135,/loadcell_data_filtered.wrench.force.z,848.9394538627415
2.9642694570000003,1785795232.739691553,/loadcell_data_filtered.wrench.force.z,848.0951360096971
2.9644984350000003,1785795232.739920531,/loadcell_data_filtered.wrench.force.z,847.5083838804142
2.967283011,1785795232.742705107,/loadcell_data_filtered.wrench.force.z,846.4146611012976
2.968458993,1785795232.743881089,/loadcell_data_filtered.wrench.force.z,840.0662961498855
2.968706873,1785795232.744128969,/loadcell_data_filtered.wrench.force.z,836.0738496570026
2.968943619,1785795232.744365715,/loadcell_data_filtered.wrench.force.z,832.838080775528
2.96923663,1785795232.744658726,/loadcell_data_filtered.wrench.force.z,830.3657373145863
2.969453492,1785795232.744875588,/loadcell_data_filtered.wrench.force.z,827.9890347335413
2.969676649,1785795232.745098745,/loadcell_data_filtered.wrench.force.z,827.1156429397099
2.969904202,1785795232.745326298,/loadcell_data_filtered.wrench.force.z,826.4591026826139
2.970130864,1785795232.745552960,/loadcell_data_filtered.wrench.force.z,826.9190762909872
2.970342997,1785795232.745765093,/loadcell_data_filtered.wrench.force.z,826.2083007533529
2.9705930460000003,1785795232.746015142,/loadcell_data_filtered.wrench.force.z,825.8469181829129
2.970890067,1785795232.746312163,/loadcell_data_filtered.wrench.force.z,825.7337576154226
2.971194876,1785795232.746616972,/loadcell_data_filtered.wrench.force.z,825.764562664747
2.971560596,1785795232.746982692,/loadcell_data_filtered.wrench.force.z,825.6227450675617
2.9719978730000003,1785795232.747419969,/loadcell_data_filtered.wrench.force.z,825.8105110429005
2.973140031,1785795232.748562127,/loadcell_data_filtered.wrench.force.z,825.4568503044893
2.973149952,1785795232.748572048,/loadcell_data_filtered.wrench.force.z,825.5468130066708
2.973299274,1785795232.748721370,/loadcell_data_filtered.wrench.force.z,829.8443907921542
2.973771889,1785795232.749193985,/loadcell_data_filtered.wrench.force.z,834.079287029535
2.974209381,1785795232.749631477,/loadcell_data_filtered.wrench.force.z,838.7654811135906
2.974749315,1785795232.750171411,/loadcell_data_filtered.wrench.force.z,842.9756796876467
2.97516849,1785795232.750590586,/loadcell_data_filtered.wrench.force.z,846.5281280160951
2.975543521,1785795232.750965617,/loadcell_data_filtered.wrench.force.z,849.5555264544001
2.976073029,1785795232.751495125,/loadcell_data_filtered.wrench.force.z,851.9130030603554
2.976528354,1785795232.751950450,/loadcell_data_filtered.wrench.force.z,853.3685492149455
2.977005585,1785795232.752427681,/loadcell_data_filtered.wrench.force.z,854.5294323922978
2.977499473,1785795232.752921569,/loadcell_data_filtered.wrench.force.z,855.6005039260541
2.97829309,1785795232.753715186,/loadcell_data_filtered.wrench.force.z,856.6585496279786
2.9784977660000003,1785795232.753919862,/loadcell_data_filtered.wrench.force.z,857.3388920634324
2.980828739,1785795232.756250835,/loadcell_data_filtered.wrench.force.z,858.1127640875545
2.980979497,1785795232.756401593,/loadcell_data_filtered.wrench.force.z,858.8339568539469
2.98111452,1785795232.756536616,/loadcell_data_filtered.wrench.force.z,859.4480848969447
2.98124047,1785795232.756662566,/loadcell_data_filtered.wrench.force.z,853.630874590008
2.981385478,1785795232.756807574,/loadcell_data_filtered.wrench.force.z,853.8900803174137
2.982112772,1785795232.757534868,/loadcell_data_filtered.wrench.force.z,848.2918692956032
2.9824817230000003,1785795232.757903819,/loadcell_data_filtered.wrench.force.z,845.8278166574437
2.98270681,1785795232.758128906,/loadcell_data_filtered.wrench.force.z,842.3300966878254
2.983193645,1785795232.758615741,/loadcell_data_filtered.wrench.force.z,839.9578607854644
2.9852635210000003,1785795232.760685617,/loadcell_data_filtered.wrench.force.z,837.601180848121
2.985496642,1785795232.760918738,/loadcell_data_filtered.wrench.force.z,836.8338459991888
2.9857431190000003,1785795232.761165215,/loadcell_data_filtered.wrench.force.z,835.8274363488158
2.985950322,1785795232.761372418,/loadcell_data_filtered.wrench.force.z,829.1745676519575
2.986117556,1785795232.761539652,/loadcell_data_filtered.wrench.force.z,830.4151678586359
2.986821107,1785795232.762243203,/loadcell_data_filtered.wrench.force.z,830.7431751189894
2.988207553,1785795232.763629649,/loadcell_data_filtered.wrench.force.z,831.67565047291
2.9883887270000002,1785795232.763810823,/loadcell_data_filtered.wrench.force.z,832.4348343520783
2.988583898,1785795232.764005994,/loadcell_data_filtered.wrench.force.z,832.9376072022321
2.9887587360000003,1785795232.764180832,/loadcell_data_filtered.wrench.force.z,827.1202492216626
2.988925577,1785795232.764347673,/loadcell_data_filtered.wrench.force.z,827.2319474713651
2.989158541,1785795232.764580637,/loadcell_data_filtered.wrench.force.z,826.8491327047739
2.989484903,1785795232.764906999,/loadcell_data_filtered.wrench.force.z,827.5412274379496
2.9899057,1785795232.765327796,/loadcell_data_filtered.wrench.force.z,834.6115497300887
2.990618283,1785795232.766040379,/loadcell_data_filtered.wrench.force.z,839.6558957257507
2.9910259320000003,1785795232.766448028,/loadcell_data_filtered.wrench.force.z,844.3446288095515
2.99135892,1785795232.766781016,/loadcell_data_filtered.wrench.force.z,848.50031355455
2.992227282,1785795232.767649378,/loadcell_data_filtered.wrench.force.z,852.2114293233301
2.992434495,1785795232.767856591,/loadcell_data_filtered.wrench.force.z,854.8712791464575
2.992804293,1785795232.768226389,/loadcell_data_filtered.wrench.force.z,856.8312514311034
2.993246332,1785795232.768668428,/loadcell_data_filtered.wrench.force.z,858.176208717287
2.993963102,1785795232.769385198,/loadcell_data_filtered.wrench.force.z,859.1441661162323
2.994252047,1785795232.769674143,/loadcell_data_filtered.wrench.force.z,860.3827949687396
2.9951994600000003,1785795232.770621556,/loadcell_data_filtered.wrench.force.z,861.2773116729543
2.995420542,1785795232.770842638,/loadcell_data_filtered.wrench.force.z,862.122552556533
2.9959332610000002,1785795232.771355357,/loadcell_data_filtered.wrench.force.z,862.624683389245
2.996589183,1785795232.772011279,/loadcell_data_filtered.wrench.force.z,863.4856030339188
2.996889295,1785795232.772311391,/loadcell_data_filtered.wrench.force.z,864.1049048954131
2.998625027,1785795232.774047123,/loadcell_data_filtered.wrench.force.z,864.628346138943
2.999117022,1785795232.774539118,/loadcell_data_filtered.wrench.force.z,863.7480217370345
2.9992702490000003,1785795232.774692345,/loadcell_data_filtered.wrench.force.z,859.8236459257317
2.999419024,1785795232.774841120,/loadcell_data_filtered.wrench.force.z,856.9499242167401
2.99958069,1785795232.775002786,/loadcell_data_filtered.wrench.force.z,854.1180897945618
2.9999619710000003,1785795232.775384067,/loadcell_data_filtered.wrench.force.z,850.9572985229206
3.000358001,1785795232.775780097,/loadcell_data_filtered.wrench.force.z,848.3622748332027
3.001206854,1785795232.776628950,/loadcell_data_filtered.wrench.force.z,846.981982275422
3.001620575,1785795232.777042671,/loadcell_data_filtered.wrench.force.z,846.8213503739306
3.002301863,1785795232.777723959,/loadcell_data_filtered.wrench.force.z,846.7372053799154
3.002734714,1785795232.778156810,/loadcell_data_filtered.wrench.force.z,847.1109822856955
3.003808616,1785795232.779230712,/loadcell_data_filtered.wrench.force.z,846.9138412313189
3.004110578,1785795232.779532674,/loadcell_data_filtered.wrench.force.z,846.6517841718074
3.004337593,1785795232.779759689,/loadcell_data_filtered.wrench.force.z,846.8695706397928
3.009589297,1785795232.785011393,/loadcell_data_filtered.wrench.force.z,846.4660538895414
3.009944082,1785795232.785366178,/loadcell_data_filtered.wrench.force.z,845.6529005196733
3.01022288,1785795232.785644976,/loadcell_data_filtered.wrench.force.z,845.135625313339
3.010591732,1785795232.786013828,/loadcell_data_filtered.wrench.force.z,838.1905246228832
3.010939414,1785795232.786361510,/loadcell_data_filtered.wrench.force.z,841.6979675120967
3.011219112,1785795232.786641208,/loadcell_data_filtered.wrench.force.z,845.2061203301776
3.011525044,1785795232.786947140,/loadcell_data_filtered.wrench.force.z,849.6076156032325
3.011862647,1785795232.787284743,/loadcell_data_filtered.wrench.force.z,853.3182945099383
3.012084868,1785795232.787506964,/loadcell_data_filtered.wrench.force.z,856.2308020694672
3.012309797,1785795232.787731893,/loadcell_data_filtered.wrench.force.z,858.4410866055689
3.012496276,1785795232.787918372,/loadcell_data_filtered.wrench.force.z,859.7725664464506
3.012700793,1785795232.788122889,/loadcell_data_filtered.wrench.force.z,858.9249267729822
3.012929112,1785795232.788351208,/loadcell_data_filtered.wrench.force.z,858.1947386343076
3.013183877,1785795232.788605973,/loadcell_data_filtered.wrench.force.z,858.151644138717
3.013514745,1785795232.788936841,/loadcell_data_filtered.wrench.force.z,858.0071007764254
3.01386212,1785795232.789284216,/loadcell_data_filtered.wrench.force.z,857.2642202846353
3.014184009,1785795232.789606105,/loadcell_data_filtered.wrench.force.z,856.7658476786199
3.014413099,1785795232.789835195,/loadcell_data_filtered.wrench.force.z,856.3989240411672
3.01462559,1785795232.790047686,/loadcell_data_filtered.wrench.force.z,855.9747675499602
3.01482721,1785795232.790249306,/loadcell_data_filtered.wrench.force.z,855.4969435832061
3.015089816,1785795232.790511912,/loadcell_data_filtered.wrench.force.z,854.7481442956362
3.015305807,1785795232.790727903,/loadcell_data_filtered.wrench.force.z,848.8852533734313
3.015489853,1785795232.790911949,/loadcell_data_filtered.wrench.force.z,845.3936129270387
3.01581049,1785795232.791232586,/loadcell_data_filtered.wrench.force.z,841.7783496542622
3.016952957,1785795232.792375053,/loadcell_data_filtered.wrench.force.z,838.4417380214079
3.017612185,1785795232.793034281,/loadcell_data_filtered.wrench.force.z,834.9050877320776
3.018000525,1785795232.793422621,/loadcell_data_filtered.wrench.force.z,833.618474013817
3.018339207,1785795232.793761303,/loadcell_data_filtered.wrench.force.z,831.9941274405938
3.018872455,1785795232.794294551,/loadcell_data_filtered.wrench.force.z,831.52763799777
3.019634875,1785795232.795056971,/loadcell_data_filtered.wrench.force.z,831.6724839572958
3.020074824,1785795232.795496920,/loadcell_data_filtered.wrench.force.z,831.2077256026149
3.020420879,1785795232.795842975,/loadcell_data_filtered.wrench.force.z,831.7041481552803
3.02076162,1785795232.796183716,/loadcell_data_filtered.wrench.force.z,830.9784569407083
3.021016298,1785795232.796438394,/loadcell_data_filtered.wrench.force.z,830.7725446694491
3.021397306,1785795232.796819402,/loadcell_data_filtered.wrench.force.z,830.1758156470054
3.022018335,1785795232.797440431,/loadcell_data_filtered.wrench.force.z,829.9351662642296
3.023734615,1785795232.799156711,/loadcell_data_filtered.wrench.force.z,829.8364604823656
3.024124979,1785795232.799547075,/loadcell_data_filtered.wrench.force.z,829.3433590142279
3.024422436,1785795232.799844532,/loadcell_data_filtered.wrench.force.z,835.1882387416218
3.024667136,1785795232.800089232,/loadcell_data_filtered.wrench.force.z,839.7112288642312
3.024923316,1785795232.800345412,/loadcell_data_filtered.wrench.force.z,842.8207087542386
3.025093384,1785795232.800515480,/loadcell_data_filtered.wrench.force.z,845.7506891419858
3.025263275,1785795232.800685371,/loadcell_data_filtered.wrench.force.z,848.5663962643725
3.026064668,1785795232.801486764,/loadcell_data_filtered.wrench.force.z,850.4318969176167
3.026373655,1785795232.801795751,/loadcell_data_filtered.wrench.force.z,851.1427418591448
3.026865191,1785795232.802287287,/loadcell_data_filtered.wrench.force.z,851.3962000739353
3.027282389,1785795232.802704485,/loadcell_data_filtered.wrench.force.z,851.7541179720395
3.028377718,1785795232.803799814,/loadcell_data_filtered.wrench.force.z,852.136703740205
3.028766383,1785795232.804188479,/loadcell_data_filtered.wrench.force.z,852.4859890002352
3.029100767,1785795232.804522863,/loadcell_data_filtered.wrench.force.z,852.8056885056657
3.029418269,1785795232.804840365,/loadcell_data_filtered.wrench.force.z,853.0089648819481
3.029926792,1785795232.805348888,/loadcell_data_filtered.wrench.force.z,853.3059191281499
3.030672949,1785795232.806095045,/loadcell_data_filtered.wrench.force.z,853.7361799813099
3.033196684,1785795232.808618780,/loadcell_data_filtered.wrench.force.z,854.2994625619426
3.033735405,1785795232.809157501,/loadcell_data_filtered.wrench.force.z,852.9769457668801
3.034121505,1785795232.809543601,/loadcell_data_filtered.wrench.force.z,850.1160149593196
3.034479814,1785795232.809901910,/loadcell_data_filtered.wrench.force.z,847.6077062475237
3.034886565,1785795232.810308661,/loadcell_data_filtered.wrench.force.z,845.6286405680486
3.036009842,1785795232.811431938,/loadcell_data_filtered.wrench.force.z,843.9752724834003
3.037042079,1785795232.812464175,/loadcell_data_filtered.wrench.force.z,841.5832920025051
3.037060073,1785795232.812482169,/loadcell_data_filtered.wrench.force.z,840.0173149898809
3.037062881,1785795232.812484977,/loadcell_data_filtered.wrench.force.z,833.2510180762129
3.037181879,1785795232.812603975,/loadcell_data_filtered.wrench.force.z,834.4338551202601
3.037395944,1785795232.812818040,/loadcell_data_filtered.wrench.force.z,836.1679865150506
3.038589404,1785795232.814011500,/loadcell_data_filtered.wrench.force.z,836.618817557273
3.038993413,1785795232.814415509,/loadcell_data_filtered.wrench.force.z,837.524304854921
3.039289979,1785795232.814712075,/loadcell_data_filtered.wrench.force.z,839.1618621266498
3.039587078,1785795232.815009174,/loadcell_data_filtered.wrench.force.z,840.2582127928852
3.039856324,1785795232.815278420,/loadcell_data_filtered.wrench.force.z,841.2834995466104
3.040066289,1785795232.815488385,/loadcell_data_filtered.wrench.force.z,841.4144502764153
3.040229219,1785795232.815651315,/loadcell_data_filtered.wrench.force.z,841.992988517128
3.040396136,1785795232.815818232,/loadcell_data_filtered.wrench.force.z,847.482002003267
3.040571518,1785795232.815993614,/loadcell_data_filtered.wrench.force.z,851.9921029169709
3.040735007,1785795232.816157103,/loadcell_data_filtered.wrench.force.z,856.8622033439916
3.041233011,1785795232.816655107,/loadcell_data_filtered.wrench.force.z,861.1955002458051
3.04169149,1785795232.817113586,/loadcell_data_filtered.wrench.force.z,865.1447781442823
3.042096479,1785795232.817518575,/loadcell_data_filtered.wrench.force.z,868.2377720826
3.04294902,1785795232.818371116,/loadcell_data_filtered.wrench.force.z,870.8295011501103
3.043215522,1785795232.818637618,/loadcell_data_filtered.wrench.force.z,872.4954951010326
3.043551081,1785795232.818973177,/loadcell_data_filtered.wrench.force.z,874.1002728227377
3.044142859,1785795232.819564955,/loadcell_data_filtered.wrench.force.z,875.3841672658145
3.044708166,1785795232.820130262,/loadcell_data_filtered.wrench.force.z,876.2609565391529
3.045635236,1785795232.821057332,/loadcell_data_filtered.wrench.force.z,877.6816398329981
3.04712012,1785795232.822542216,/loadcell_data_filtered.wrench.force.z,878.3948815106612
3.048330379,1785795232.823752475,/loadcell_data_filtered.wrench.force.z,880.4214393963802
3.048567627,1785795232.823989723,/loadcell_data_filtered.wrench.force.z,881.9279352609733
3.048929311,1785795232.824351407,/loadcell_data_filtered.wrench.force.z,883.8388637251762
3.049295479,1785795232.824717575,/loadcell_data_filtered.wrench.force.z,885.1620756019712
3.049750377,1785795232.825172473,/loadcell_data_filtered.wrench.force.z,880.9327894683154
3.050179386,1785795232.825601482,/loadcell_data_filtered.wrench.force.z,879.2242500579491
3.050519442,1785795232.825941538,/loadcell_data_filtered.wrench.force.z,875.6238249149279
3.050783647,1785795232.826205743,/loadcell_data_filtered.wrench.force.z,873.5423993678984
3.051000484,1785795232.826422580,/loadcell_data_filtered.wrench.force.z,871.7535650048934
3.051844971,1785795232.827267067,/loadcell_data_filtered.wrench.force.z,871.2026717786262
3.05210844,1785795232.827530536,/loadcell_data_filtered.wrench.force.z,871.2339135346386
3.052333251,1785795232.827755347,/loadcell_data_filtered.wrench.force.z,865.526235521648
3.053082108,1785795232.828504204,/loadcell_data_filtered.wrench.force.z,866.7267302354542
3.053422586,1785795232.828844682,/loadcell_data_filtered.wrench.force.z,867.6532573671657
3.053689367,1785795232.829111463,/loadcell_data_filtered.wrench.force.z,869.1736638887276
3.053906484,1785795232.829328580,/loadcell_data_filtered.wrench.force.z,870.2114893985529
3.05472561,1785795232.830147706,/loadcell_data_filtered.wrench.force.z,870.4317551764094
3.055199004,1785795232.830621100,/loadcell_data_filtered.wrench.force.z,870.4781897670537
3.055508087,1785795232.830930183,/loadcell_data_filtered.wrench.force.z,870.5789046171425
3.05580954,1785795232.831231636,/loadcell_data_filtered.wrench.force.z,871.1951425155554
3.056532049,1785795232.831954145,/loadcell_data_filtered.wrench.force.z,872.0302897548729
3.056773679,1785795232.832195775,/loadcell_data_filtered.wrench.force.z,878.2418508000136
3.057159537,1785795232.832581633,/loadcell_data_filtered.wrench.force.z,882.9093770398654
3.057528479,1785795232.832950575,/loadcell_data_filtered.wrench.force.z,886.6942979856414
3.05802605,1785795232.833448146,/loadcell_data_filtered.wrench.force.z,889.7807898920817
3.059038823,1785795232.834460919,/loadcell_data_filtered.wrench.force.z,892.7736655205885
3.059584019,1785795232.835006115,/loadcell_data_filtered.wrench.force.z,893.6158264196966
3.059716076,1785795232.835138172,/loadcell_data_filtered.wrench.force.z,894.4833927714288
3.060064153,1785795232.835486249,/loadcell_data_filtered.wrench.force.z,893.6715229285643
3.062034461,1785795232.837456557,/loadcell_data_filtered.wrench.force.z,892.6353687885446
3.062386253,1785795232.837808349,/loadcell_data_filtered.wrench.force.z,891.9628406349669
3.062659826,1785795232.838081922,/loadcell_data_filtered.wrench.force.z,884.122341174402
3.062931224,1785795232.838353320,/loadcell_data_filtered.wrench.force.z,883.1600501561786
3.06319742,1785795232.838619516,/loadcell_data_filtered.wrench.force.z,881.9690886882704
3.063467302,1785795232.838889398,/loadcell_data_filtered.wrench.force.z,881.1532136197777
3.06436683,1785795232.839788926,/loadcell_data_filtered.wrench.force.z,880.4065407408278
3.064719604,1785795232.840141700,/loadcell_data_filtered.wrench.force.z,879.1250118998872
3.065674447,1785795232.841096543,/loadcell_data_filtered.wrench.force.z,875.4230328019561
3.0659968,1785795232.841418896,/loadcell_data_filtered.wrench.force.z,870.3227862739587
3.066382828,1785795232.841804924,/loadcell_data_filtered.wrench.force.z,865.6134515792809
3.066866449,1785795232.842288545,/loadcell_data_filtered.wrench.force.z,861.6844437500438
3.067262959,1785795232.842685055,/loadcell_data_filtered.wrench.force.z,857.3987093829019
3.06847875,1785795232.843900846,/loadcell_data_filtered.wrench.force.z,853.2615359925544
3.06874027,1785795232.844162366,/loadcell_data_filtered.wrench.force.z,850.7393855640738
3.068937155,1785795232.844359251,/loadcell_data_filtered.wrench.force.z,849.976679631627
3.06915142,1785795232.844573516,/loadcell_data_filtered.wrench.force.z,849.9216830594478
3.072502095,1785795232.847924191,/loadcell_data_filtered.wrench.force.z,849.0596463814455
3.072795693,1785795232.848217789,/loadcell_data_filtered.wrench.force.z,848.1922116518854
3.072989292,1785795232.848411388,/loadcell_data_filtered.wrench.force.z,848.2268472980506
3.07316278,1785795232.848584876,/loadcell_data_filtered.wrench.force.z,848.1498777736366
3.07333907,1785795232.848761166,/loadcell_data_filtered.wrench.force.z,848.1090715231436
3.073520994,1785795232.848943090,/loadcell_data_filtered.wrench.force.z,848.1476074775716
3.07373637,1785795232.849158466,/loadcell_data_filtered.wrench.force.z,848.3914018475757
3.074204986,1785795232.849627082,/loadcell_data_filtered.wrench.force.z,848.4006446999681
3.074435352,1785795232.849857448,/loadcell_data_filtered.wrench.force.z,852.8579316568184
3.074670023,1785795232.850092119,/loadcell_data_filtered.wrench.force.z,854.5229600169472
3.074845589,1785795232.850267685,/loadcell_data_filtered.wrench.force.z,850.4408126180571
3.075030049,1785795232.850452145,/loadcell_data_filtered.wrench.force.z,853.673003981127
3.075222725,1785795232.850644821,/loadcell_data_filtered.wrench.force.z,856.0385436258279
3.075542323,1785795232.850964419,/loadcell_data_filtered.wrench.force.z,857.6038861836856
3.076056768,1785795232.851478864,/loadcell_data_filtered.wrench.force.z,859.2023278298069
3.076729413,1785795232.852151509,/loadcell_data_filtered.wrench.force.z,859.436694254965
3.077276833,1785795232.852698929,/loadcell_data_filtered.wrench.force.z,859.6562218261411
3.078380028,1785795232.853802124,/loadcell_data_filtered.wrench.force.z,859.8646397928828
3.078838642,1785795232.854260738,/loadcell_data_filtered.wrench.force.z,859.7124854376173
3.079194328,1785795232.854616424,/loadcell_data_filtered.wrench.force.z,860.1439637026359
3.079549059,1785795232.854971155,/loadcell_data_filtered.wrench.force.z,859.7968275046618
3.079787523,1785795232.855209619,/loadcell_data_filtered.wrench.force.z,860.0948887389698
3.080105401,1785795232.855527497,/loadcell_data_filtered.wrench.force.z,860.0934144930735
3.080526566,1785795232.855948662,/loadcell_data_filtered.wrench.force.z,860.3728853616204
3.080989118,1785795232.856411214,/loadcell_data_filtered.wrench.force.z,860.6911322137386
3.081868682,1785795232.857290778,/loadcell_data_filtered.wrench.force.z,855.6391437585514
3.082550835,1785795232.857972931,/loadcell_data_filtered.wrench.force.z,852.2521090711296
3.082977301,1785795232.858399397,/loadcell_data_filtered.wrench.force.z,848.964762815895
3.08361638,1785795232.859038476,/loadcell_data_filtered.wrench.force.z,846.8821000502655
3.084093127,1785795232.859515223,/loadcell_data_filtered.wrench.force.z,843.943216661782
3.084558628,1785795232.859980724,/loadcell_data_filtered.wrench.force.z,842.4055807882669
3.084907166,1785795232.860329262,/loadcell_data_filtered.wrench.force.z,841.9149565339743
3.085293269,1785795232.860715365,/loadcell_data_filtered.wrench.force.z,842.3426193484723
3.085782458,1785795232.861204554,/loadcell_data_filtered.wrench.force.z,843.2587145343321
3.086144201,1785795232.861566297,/loadcell_data_filtered.wrench.force.z,844.1192892890427
3.087136238,1785795232.862558334,/loadcell_data_filtered.wrench.force.z,844.9637669648574
3.087503523,1785795232.862925619,/loadcell_data_filtered.wrench.force.z,845.6341588198839
3.087655522,1785795232.863077618,/loadcell_data_filtered.wrench.force.z,846.3895249192053
3.089569827,1785795232.864991923,/loadcell_data_filtered.wrench.force.z,846.67612269032
3.089775566,1785795232.865197662,/loadcell_data_filtered.wrench.force.z,847.3216253415138
3.089916125,1785795232.865338221,/loadcell_data_filtered.wrench.force.z,841.6786738079959
3.090055122,1785795232.865477218,/loadcell_data_filtered.wrench.force.z,842.804432736659
3.090193056,1785795232.865615152,/loadcell_data_filtered.wrench.force.z,849.2479642569388
3.090456944,1785795232.865879040,/loadcell_data_filtered.wrench.force.z,854.686862356863
3.091075848,1785795232.866497944,/loadcell_data_filtered.wrench.force.z,858.8424618120582
3.091585692,1785795232.867007788,/loadcell_data_filtered.wrench.force.z,862.6811566548021
3.091834827,1785795232.867256923,/loadcell_data_filtered.wrench.force.z,866.5125144694016
3.092814213,1785795232.868236309,/loadcell_data_filtered.wrench.force.z,868.8732433561316
3.093135195,1785795232.868557291,/loadcell_data_filtered.wrench.force.z,870.3952439757393
3.093514866,1785795232.868936962,/loadcell_data_filtered.wrench.force.z,871.295833116165
3.094154478,1785795232.869576574,/loadcell_data_filtered.wrench.force.z,872.4862648802347
3.095236292,1785795232.870658388,/loadcell_data_filtered.wrench.force.z,873.4941963102069
3.095623402,1785795232.871045498,/loadcell_data_filtered.wrench.force.z,874.6049518230066
3.095904266,1785795232.871326362,/loadcell_data_filtered.wrench.force.z,875.4583559285031
3.096157432,1785795232.871579528,/loadcell_data_filtered.wrench.force.z,876.288010174932
3.096484648,1785795232.871906744,/loadcell_data_filtered.wrench.force.z,877.4221908343545
3.097130204,1785795232.872552300,/loadcell_data_filtered.wrench.force.z,878.5138951679504
3.09768724,1785795232.873109336,/loadcell_data_filtered.wrench.force.z,879.3600119863207
3.09806474,1785795232.873486836,/loadcell_data_filtered.wrench.force.z,876.0269870522397
3.098807307,1785795232.874229403,/loadcell_data_filtered.wrench.force.z,873.6957086424709
3.099072246,1785795232.874494342,/loadcell_data_filtered.wrench.force.z,870.5636484638419
3.100151552,1785795232.875573648,/loadcell_data_filtered.wrench.force.z,867.5776688195871
3.100772286,1785795232.876194382,/loadcell_data_filtered.wrench.force.z,865.5062299315639
3.101293213,1785795232.876715309,/loadcell_data_filtered.wrench.force.z,863.7657702194623
3.101748826,1785795232.877170922,/loadcell_data_filtered.wrench.force.z,863.1425923708399
3.102122854,1785795232.877544950,/loadcell_data_filtered.wrench.force.z,863.5627890650134
3.102537325,1785795232.877959421,/loadcell_data_filtered.wrench.force.z,864.1833710237265
3.103015184,1785795232.878437280,/loadcell_data_filtered.wrench.force.z,864.8853935081338
3.103387517,1785795232.878809613,/loadcell_data_filtered.wrench.force.z,865.0938606952471
3.103771101,1785795232.879193197,/loadcell_data_filtered.wrench.force.z,865.2300467166647
3.104158267,1785795232.879580363,/loadcell_data_filtered.wrench.force.z,865.796861487395
3.1046822020000002,1785795232.880104298,/loadcell_data_filtered.wrench.force.z,865.971299988541
3.105917728,1785795232.881339824,/loadcell_data_filtered.wrench.force.z,866.2099406755937
3.106327199,1785795232.881749295,/loadcell_data_filtered.wrench.force.z,866.6025985646954
3.107103842,1785795232.882525938,/loadcell_data_filtered.wrench.force.z,867.0160532731376
3.107435665,1785795232.882857761,/loadcell_data_filtered.wrench.force.z,873.2667862918672
3.107652595,1785795232.883074691,/loadcell_data_filtered.wrench.force.z,877.3933115750579
3.10792811,1785795232.883350206,/loadcell_data_filtered.wrench.force.z,881.5375510025248
3.108164185,1785795232.883586281,/loadcell_data_filtered.wrench.force.z,885.2426823556572
3.111276105,1785795232.886698201,/loadcell_data_filtered.wrench.force.z,888.3918784031957
3.111827874,1785795232.887249970,/loadcell_data_filtered.wrench.force.z,890.1512459223238
3.111971694,1785795232.887393790,/loadcell_data_filtered.wrench.force.z,892.1269605493715
3.112106332,1785795232.887528428,/loadcell_data_filtered.wrench.force.z,893.05704342192
3.112268978,1785795232.887691074,/loadcell_data_filtered.wrench.force.z,893.8137192867703
3.112379092,1785795232.887801188,/loadcell_data_filtered.wrench.force.z,894.8660175992476
3.112529202,1785795232.887951298,/loadcell_data_filtered.wrench.force.z,895.7984436327475
3.112822273,1785795232.888244369,/loadcell_data_filtered.wrench.force.z,896.2947796162231
3.113013075,1785795232.888435171,/loadcell_data_filtered.wrench.force.z,895.1485274975208
3.113165235,1785795232.888587331,/loadcell_data_filtered.wrench.force.z,894.2729179013181
3.113453008,1785795232.888875104,/loadcell_data_filtered.wrench.force.z,893.9086234644263
3.114431983,1785795232.889854079,/loadcell_data_filtered.wrench.force.z,893.675100883786
3.115013379,1785795232.890435475,/loadcell_data_filtered.wrench.force.z,893.3479888023321
3.116545213,1785795232.891967309,/loadcell_data_filtered.wrench.force.z,887.3729609655771
3.117076746,1785795232.892498842,/loadcell_data_filtered.wrench.force.z,883.0683028737732
3.117469773,1785795232.892891869,/loadcell_data_filtered.wrench.force.z,879.1693499241882
3.117806013,1785795232.893228109,/loadcell_data_filtered.wrench.force.z,875.7090323565213
3.118153713,1785795232.893575809,/loadcell_data_filtered.wrench.force.z,872.3301245363858
3.118470577,1785795232.893892673,/loadcell_data_filtered.wrench.force.z,870.8528226620939
3.118789595,1785795232.894211691,/loadcell_data_filtered.wrench.force.z,869.3820716828294
3.119209455,1785795232.894631551,/loadcell_data_filtered.wrench.force.z,868.9762263169996
3.119583124,1785795232.895005220,/loadcell_data_filtered.wrench.force.z,869.0023655851721
3.119940911,1785795232.895363007,/loadcell_data_filtered.wrench.force.z,868.8487016645352
3.12025835,1785795232.895680446,/loadcell_data_filtered.wrench.force.z,868.2285740492882
3.120582729,1785795232.896004825,/loadcell_data_filtered.wrench.force.z,867.6848985331555
3.120889918,1785795232.896312014,/loadcell_data_filtered.wrench.force.z,867.2753000456009
3.121595658,1785795232.897017754,/loadcell_data_filtered.wrench.force.z,866.3563080986056
3.121905487,1785795232.897327583,/loadcell_data_filtered.wrench.force.z,865.6545512626557
3.122417852,1785795232.897839948,/loadcell_data_filtered.wrench.force.z,864.7673252762382
3.122870963,1785795232.898293059,/loadcell_data_filtered.wrench.force.z,866.4803617752079
3.123325381,1785795232.898747477,/loadcell_data_filtered.wrench.force.z,871.201189656258
3.123820446,1785795232.899242542,/loadcell_data_filtered.wrench.force.z,875.7269702778314
3.124302555,1785795232.899724651,/loadcell_data_filtered.wrench.force.z,878.8303726100622
3.124742634,1785795232.900164730,/loadcell_data_filtered.wrench.force.z,881.7412338039298
3.12533118,1785795232.900753276,/loadcell_data_filtered.wrench.force.z,884.1475121101404
3.125729689,1785795232.901151785,/loadcell_data_filtered.wrench.force.z,885.0320364497098
3.126320695,1785795232.901742791,/loadcell_data_filtered.wrench.force.z,885.4155552660922
3.12685486,1785795232.902276956,/loadcell_data_filtered.wrench.force.z,885.5799035857326
3.127460897,1785795232.902882993,/loadcell_data_filtered.wrench.force.z,885.380833573405
3.127846425,1785795232.903268521,/loadcell_data_filtered.wrench.force.z,885.0712121817854
3.128405815,1785795232.903827911,/loadcell_data_filtered.wrench.force.z,885.0524046727126
3.130941543,1785795232.906363639,/loadcell_data_filtered.wrench.force.z,885.3569651729939
3.1311022680000002,1785795232.906524364,/loadcell_data_filtered.wrench.force.z,885.5888209601898
3.131250022,1785795232.906672118,/loadcell_data_filtered.wrench.force.z,885.1852103884206
3.131374719,1785795232.906796815,/loadcell_data_filtered.wrench.force.z,880.7242130583461
3.131510219,1785795232.906932315,/loadcell_data_filtered.wrench.force.z,878.0195910437541
3.131659982,1785795232.907082078,/loadcell_data_filtered.wrench.force.z,872.4408191394435
3.132359881,1785795232.907781977,/loadcell_data_filtered.wrench.force.z,868.7993723765192
3.132781018,1785795232.908203114,/loadcell_data_filtered.wrench.force.z,864.737931776544
3.133148809,1785795232.908570905,/loadcell_data_filtered.wrench.force.z,861.2361147378757
3.135304532,1785795232.910726628,/loadcell_data_filtered.wrench.force.z,858.2036751699254
3.137282663,1785795232.912704759,/loadcell_data_filtered.wrench.force.z,856.0663548214135
3.137501767,1785795232.912923863,/loadcell_data_filtered.wrench.force.z,855.227900836937
3.137641057,1785795232.913063153,/loadcell_data_filtered.wrench.force.z,855.7431978507497
3.137768847,1785795232.913190943,/loadcell_data_filtered.wrench.force.z,856.5265863285713
3.137893419,1785795232.913315515,/loadcell_data_filtered.wrench.force.z,856.7167256117538
3.138020023,1785795232.913442119,/loadcell_data_filtered.wrench.force.z,855.0055650511667
3.1381439970000002,1785795232.913566093,/loadcell_data_filtered.wrench.force.z,849.1838986841237
3.138283379,1785795232.913705475,/loadcell_data_filtered.wrench.force.z,850.0507152353966
3.138455773,1785795232.913877869,/loadcell_data_filtered.wrench.force.z,848.5418101807555
3.139031137,1785795232.914453233,/loadcell_data_filtered.wrench.force.z,848.5454385113705
3.139705435,1785795232.915127531,/loadcell_data_filtered.wrench.force.z,848.847011750167
3.14026491,1785795232.915687006,/loadcell_data_filtered.wrench.force.z,849.4528549346244
3.140545698,1785795232.915967794,/loadcell_data_filtered.wrench.force.z,855.6376117147486
3.140785299,1785795232.916207395,/loadcell_data_filtered.wrench.force.z,860.5631213395209
3.140957886,1785795232.916379982,/loadcell_data_filtered.wrench.force.z,865.3109667046075
3.141229128,1785795232.916651224,/loadcell_data_filtered.wrench.force.z,869.6809354496144
3.141830571,1785795232.917252667,/loadcell_data_filtered.wrench.force.z,873.626807904476
3.142341827,1785795232.917763923,/loadcell_data_filtered.wrench.force.z,876.4828196039887
3.142898287,1785795232.918320383,/loadcell_data_filtered.wrench.force.z,878.8955026911191
3.143179128,1785795232.918601224,/loadcell_data_filtered.wrench.force.z,880.2752705563424
3.14372893,1785795232.919151026,/loadcell_data_filtered.wrench.force.z,881.5524571438506
3.144138557,1785795232.919560653,/loadcell_data_filtered.wrench.force.z,882.9764041987602
3.14494761,1785795232.920369706,/loadcell_data_filtered.wrench.force.z,884.423445808147
3.145726831,1785795232.921148927,/loadcell_data_filtered.wrench.force.z,885.6814239193358
3.145902567,1785795232.921324663,/loadcell_data_filtered.wrench.force.z,886.9658115203856
3.146217884,1785795232.921639980,/loadcell_data_filtered.wrench.force.z,889.0610133764403
3.148325364,1785795232.923747460,/loadcell_data_filtered.wrench.force.z,889.4214139651481
3.148516118,1785795232.923938214,/loadcell_data_filtered.wrench.force.z,890.2685040941968
3.148679395,1785795232.924101491,/loadcell_data_filtered.wrench.force.z,889.1421466112881
3.148988915,1785795232.924411011,/loadcell_data_filtered.wrench.force.z,878.750870372606
3.1507367569999998,1785795232.926158853,/loadcell_data_filtered.wrench.force.z,875.5841893810625
3.15087405,1785795232.926296146,/loadcell_data_filtered.wrench.force.z,872.24715618569
3.151299146,1785795232.926721242,/loadcell_data_filtered.wrench.force.z,870.0457235109571
3.1514751260000002,1785795232.926897222,/loadcell_data_filtered.wrench.force.z,868.0341406808507
3.151616356,1785795232.927038452,/loadcell_data_filtered.wrench.force.z,867.6358653524411
3.152442332,1785795232.927864428,/loadcell_data_filtered.wrench.force.z,868.1378542612184
3.1528687570000002,1785795232.928290853,/loadcell_data_filtered.wrench.force.z,868.2162036658837
3.1531752219999998,1785795232.928597318,/loadcell_data_filtered.wrench.force.z,867.6814833821159
3.154658452,1785795232.930080548,/loadcell_data_filtered.wrench.force.z,867.8713179180471
3.155005951,1785795232.930428047,/loadcell_data_filtered.wrench.force.z,867.9176504804209
3.15524215,1785795232.930664246,/loadcell_data_filtered.wrench.force.z,867.0571073956437
3.155489888,1785795232.930911984,/loadcell_data_filtered.wrench.force.z,859.9871000069487
3.155739755,1785795232.931161851,/loadcell_data_filtered.wrench.force.z,860.0977668549962
3.157042743,1785795232.932464839,/loadcell_data_filtered.wrench.force.z,859.3408933006431
3.157276158,1785795232.932698254,/loadcell_data_filtered.wrench.force.z,859.2770770163957
3.157470674,1785795232.932892770,/loadcell_data_filtered.wrench.force.z,862.101792086732
3.15768072,1785795232.933102816,/loadcell_data_filtered.wrench.force.z,860.1695209708391
3.157898971,1785795232.933321067,/loadcell_data_filtered.wrench.force.z,864.3795667713877
3.1581363,1785795232.933558396,/loadcell_data_filtered.wrench.force.z,867.3813344851524
3.158341644,1785795232.933763740,/loadcell_data_filtered.wrench.force.z,870.8113594164957
3.158838434,1785795232.934260530,/loadcell_data_filtered.wrench.force.z,873.7510753636138
3.159138569,1785795232.934560665,/loadcell_data_filtered.wrench.force.z,875.4169542767295
3.159951767,1785795232.935373863,/loadcell_data_filtered.wrench.force.z,875.979609074334
3.160143744,1785795232.935565840,/loadcell_data_filtered.wrench.force.z,876.8243793902105
3.162021251,1785795232.937443347,/loadcell_data_filtered.wrench.force.z,877.6604624840322
3.16216304,1785795232.937585136,/loadcell_data_filtered.wrench.force.z,878.5020666690914
3.162301076,1785795232.937723172,/loadcell_data_filtered.wrench.force.z,873.4442433884398
3.162433381,1785795232.937855477,/loadcell_data_filtered.wrench.force.z,873.2548150264565
3.16438686,1785795232.939808956,/loadcell_data_filtered.wrench.force.z,873.7061867215975
3.164565076,1785795232.939987172,/loadcell_data_filtered.wrench.force.z,874.318242197684
3.164706522,1785795232.940128618,/loadcell_data_filtered.wrench.force.z,874.9287809822956
3.1648780690000002,1785795232.940300165,/loadcell_data_filtered.wrench.force.z,868.2512673183543
3.165723685,1785795232.941145781,/loadcell_data_filtered.wrench.force.z,864.2085083970563
3.16701524,1785795232.942437336,/loadcell_data_filtered.wrench.force.z,861.4338882983909
3.167171955,1785795232.942594051,/loadcell_data_filtered.wrench.force.z,858.7825955951101
3.168300194,1785795232.943722290,/loadcell_data_filtered.wrench.force.z,856.8024741960222
3.168462536,1785795232.943884632,/loadcell_data_filtered.wrench.force.z,854.4139117286794
3.168606565,1785795232.944028661,/loadcell_data_filtered.wrench.force.z,853.8890533311215
3.16964458,1785795232.945066676,/loadcell_data_filtered.wrench.force.z,853.1069649455738
3.170152089,1785795232.945574185,/loadcell_data_filtered.wrench.force.z,853.8096489343636
3.170525129,1785795232.945947225,/loadcell_data_filtered.wrench.force.z,855.0876875664999
3.170909792,1785795232.946331888,/loadcell_data_filtered.wrench.force.z,855.0559362801287
3.171273151,1785795232.946695247,/loadcell_data_filtered.wrench.force.z,855.7764716346401
3.171644078,1785795232.947066174,/loadcell_data_filtered.wrench.force.z,855.2242012474807
3.1720033340000002,1785795232.947425430,/loadcell_data_filtered.wrench.force.z,855.5898077622086
3.174286068,1785795232.949708164,/loadcell_data_filtered.wrench.force.z,855.9440854016959
3.174651074,1785795232.950073170,/loadcell_data_filtered.wrench.force.z,854.9329970926136
3.175027005,1785795232.950449101,/loadcell_data_filtered.wrench.force.z,854.3249205463826
3.175396655,1785795232.950818751,/loadcell_data_filtered.wrench.force.z,853.409965751358
3.175713595,1785795232.951135691,/loadcell_data_filtered.wrench.force.z,858.9114738408725
3.17590392,1785795232.951326016,/loadcell_data_filtered.wrench.force.z,862.6193090422055
3.17606687,1785795232.951488966,/loadcell_data_filtered.wrench.force.z,865.7941517515437
3.176220673,1785795232.951642769,/loadcell_data_filtered.wrench.force.z,867.3764959095322
3.179663825,1785795232.955085921,/loadcell_data_filtered.wrench.force.z,868.9597568581975
3.179983715,1785795232.955405811,/loadcell_data_filtered.wrench.force.z,869.4398118866577
3.18022389,1785795232.955645986,/loadcell_data_filtered.wrench.force.z,869.3394154674816
3.180466886,1785795232.955888982,/loadcell_data_filtered.wrench.force.z,863.5445968654385
3.1807433290000002,1785795232.956165425,/loadcell_data_filtered.wrench.force.z,860.5395176999739
3.181029702,1785795232.956451798,/loadcell_data_filtered.wrench.force.z,860.3725359603254
3.181225876,1785795232.956647972,/loadcell_data_filtered.wrench.force.z,860.1020072897417
3.181400842,1785795232.956822938,/loadcell_data_filtered.wrench.force.z,860.0074336243694
3.1817631410000002,1785795232.957185237,/loadcell_data_filtered.wrench.force.z,859.7984490558556
3.182155864,1785795232.957577960,/loadcell_data_filtered.wrench.force.z,859.3570727193127
3.18253817,1785795232.957960266,/loadcell_data_filtered.wrench.force.z,857.5771924052777
3.182948727,1785795232.958370823,/loadcell_data_filtered.wrench.force.z,856.9536143976624
3.18324376,1785795232.958665856,/loadcell_data_filtered.wrench.force.z,855.1136479504873
3.183535194,1785795232.958957290,/loadcell_data_filtered.wrench.force.z,847.3936275326249
3.183999462,1785795232.959421558,/loadcell_data_filtered.wrench.force.z,842.2158420098464
3.184412461,1785795232.959834557,/loadcell_data_filtered.wrench.force.z,837.6955973691564
3.184920911,1785795232.960343007,/loadcell_data_filtered.wrench.force.z,834.5051907837291
3.185460046,1785795232.960882142,/loadcell_data_filtered.wrench.force.z,831.5566438103097
3.185916021,1785795232.961338117,/loadcell_data_filtered.wrench.force.z,830.3571006793694
3.187973119,1785795232.963395215,/loadcell_data_filtered.wrench.force.z,829.1199813426938
3.188289462,1785795232.963711558,/loadcell_data_filtered.wrench.force.z,827.9354849204935
3.1884923880000002,1785795232.963914484,/loadcell_data_filtered.wrench.force.z,827.5276165129003
3.188641669,1785795232.964063765,/loadcell_data_filtered.wrench.force.z,827.037805866531
3.188767671,1785795232.964189767,/loadcell_data_filtered.wrench.force.z,820.2759314076179
3.188898125,1785795232.964320221,/loadcell_data_filtered.wrench.force.z,819.1432438048143
3.189487117,1785795232.964909213,/loadcell_data_filtered.wrench.force.z,818.0169880151412
3.189613699,1785795232.965035795,/loadcell_data_filtered.wrench.force.z,817.6589378403528
3.189734434,1785795232.965156530,/loadcell_data_filtered.wrench.force.z,817.4173957366916
3.189871151,1785795232.965293247,/loadcell_data_filtered.wrench.force.z,813.5845805684901
3.190009352,1785795232.965431448,/loadcell_data_filtered.wrench.force.z,814.5381909692824
3.190136445,1785795232.965558541,/loadcell_data_filtered.wrench.force.z,818.1960598154996
3.190574662,1785795232.965996758,/loadcell_data_filtered.wrench.force.z,822.3322015864273
3.191070918,1785795232.966493014,/loadcell_data_filtered.wrench.force.z,825.5721132716944
3.191577819,1785795232.966999915,/loadcell_data_filtered.wrench.force.z,828.4990281030557
3.226226214,1785795233.001648310,/loadcell_data_filtered.wrench.force.z,822.716411438949
3.226500294,1785795233.001922390,/loadcell_data_filtered.wrench.force.z,812.0535463841456
3.226671725,1785795233.002093821,/loadcell_data_filtered.wrench.force.z,812.1646164622366
3.226848506,1785795233.002270602,/loadcell_data_filtered.wrench.force.z,812.9988145654451
3.227008856,1785795233.002430952,/loadcell_data_filtered.wrench.force.z,819.181580780305
3.227170394,1785795233.002592490,/loadcell_data_filtered.wrench.force.z,824.014783374473
3.227329616,1785795233.002751712,/loadcell_data_filtered.wrench.force.z,829.1555186211758
3.227607183,1785795233.003029279,/loadcell_data_filtered.wrench.force.z,825.5587035326053
3.227966004,1785795233.003388100,/loadcell_data_filtered.wrench.force.z,829.8298839287705
3.228376679,1785795233.003798775,/loadcell_data_filtered.wrench.force.z,829.7270386279885
3.228630925,1785795233.004053021,/loadcell_data_filtered.wrench.force.z,830.7160908211971
3.228976864,1785795233.004398960,/loadcell_data_filtered.wrench.force.z,831.3350780171972
3.22928143,1785795233.004703526,/loadcell_data_filtered.wrench.force.z,831.887010353405
3.22964333,1785795233.005065426,/loadcell_data_filtered.wrench.force.z,832.449693038332
3.230058873,1785795233.005480969,/loadcell_data_filtered.wrench.force.z,833.1109753826462
3.230383522,1785795233.005805618,/loadcell_data_filtered.wrench.force.z,833.7522225212576
3.230701267,1785795233.006123363,/loadcell_data_filtered.wrench.force.z,834.348305239365
3.231082091,1785795233.006504187,/loadcell_data_filtered.wrench.force.z,834.677435169392
3.231634821,1785795233.007056917,/loadcell_data_filtered.wrench.force.z,834.9405139023364
3.232304208,1785795233.007726304,/loadcell_data_filtered.wrench.force.z,834.8908278563019
3.232793075,1785795233.008215171,/loadcell_data_filtered.wrench.force.z,835.2612036921511
3.233294334,1785795233.008716430,/loadcell_data_filtered.wrench.force.z,828.8575513187532
3.233592825,1785795233.009014921,/loadcell_data_filtered.wrench.force.z,824.9730457150292
3.233906892,1785795233.009328988,/loadcell_data_filtered.wrench.force.z,820.4928631194603
3.234228503,1785795233.009650599,/loadcell_data_filtered.wrench.force.z,808.2578805729127
3.234545555,1785795233.009967651,/loadcell_data_filtered.wrench.force.z,805.3779480436591
3.234869691,1785795233.010291787,/loadcell_data_filtered.wrench.force.z,803.2380870242437
3.235188653,1785795233.010610749,/loadcell_data_filtered.wrench.force.z,802.0661393820836
3.235507826,1785795233.010929922,/loadcell_data_filtered.wrench.force.z,802.5189049345286
3.235915104,1785795233.011337200,/loadcell_data_filtered.wrench.force.z,803.0211031509401
3.239604511,1785795233.015026607,/loadcell_data_filtered.wrench.force.z,803.6591310778242
3.241043843,1785795233.016465939,/loadcell_data_filtered.wrench.force.z,803.862111371273
3.24156835,1785795233.016990446,/loadcell_data_filtered.wrench.force.z,805.2306358595749
3.242009368,1785795233.017431464,/loadcell_data_filtered.wrench.force.z,806.0036777911797
3.242445246,1785795233.017867342,/loadcell_data_filtered.wrench.force.z,806.5037570146795
3.242836024,1785795233.018258120,/loadcell_data_filtered.wrench.force.z,807.4650174333913
3.243208454,1785795233.018630550,/loadcell_data_filtered.wrench.force.z,808.1452095048091
3.243580115,1785795233.019002211,/loadcell_data_filtered.wrench.force.z,809.5835494594598
3.243931186,1785795233.019353282,/loadcell_data_filtered.wrench.force.z,816.9687780565672
3.244307052,1785795233.019729148,/loadcell_data_filtered.wrench.force.z,821.184850730354
3.244652005,1785795233.020074101,/loadcell_data_filtered.wrench.force.z,825.2674102292499
3.244996665,1785795233.020418761,/loadcell_data_filtered.wrench.force.z,829.2257588381126
3.245314795,1785795233.020736891,/loadcell_data_filtered.wrench.force.z,833.2989734240091
3.245672604,1785795233.021094700,/loadcell_data_filtered.wrench.force.z,834.8463707342817
3.246004425,1785795233.021426521,/loadcell_data_filtered.wrench.force.z,836.337625715151
3.246336581,1785795233.021758677,/loadcell_data_filtered.wrench.force.z,836.6314789214468
3.246672257,1785795233.022094353,/loadcell_data_filtered.wrench.force.z,837.1363801146979
3.246999627,1785795233.022421723,/loadcell_data_filtered.wrench.force.z,837.6819629567457
3.247344444,1785795233.022766540,/loadcell_data_filtered.wrench.force.z,837.3873485573693
3.247683538,1785795233.023105634,/loadcell_data_filtered.wrench.force.z,837.3729902484944
3.24804752,1785795233.023469616,/loadcell_data_filtered.wrench.force.z,837.5109538469533
3.248342475,1785795233.023764571,/loadcell_data_filtered.wrench.force.z,837.8260421665735
3.248710222,1785795233.024132318,/loadcell_data_filtered.wrench.force.z,838.1273780310134
3.249055016,1785795233.024477112,/loadcell_data_filtered.wrench.force.z,837.7991580210044
3.249549859,1785795233.024971955,/loadcell_data_filtered.wrench.force.z,834.5708483527104
3.249962104,1785795233.025384200,/loadcell_data_filtered.wrench.force.z,829.1320179013807
3.250280004,1785795233.025702100,/loadcell_data_filtered.wrench.force.z,824.0725829153803
3.250810718,1785795233.026232814,/loadcell_data_filtered.wrench.force.z,820.0898140659643
3.250910994,1785795233.026333090,/loadcell_data_filtered.wrench.force.z,816.7804363232075
3.251268418,1785795233.026690514,/loadcell_data_filtered.wrench.force.z,813.426123493426
3.251587247,1785795233.027009343,/loadcell_data_filtered.wrench.force.z,812.6069877350575
3.252187641,1785795233.027609737,/loadcell_data_filtered.wrench.force.z,811.8903982234962
3.253630508,1785795233.029052604,/loadcell_data_filtered.wrench.force.z,812.0187266619224
3.254008415,1785795233.029430511,/loadcell_data_filtered.wrench.force.z,813.2746830848514
3.254337247,1785795233.029759343,/loadcell_data_filtered.wrench.force.z,813.7473476567612
3.254683445,1785795233.030105541,/loadcell_data_filtered.wrench.force.z,815.1510831676998
3.255008918,1785795233.030431014,/loadcell_data_filtered.wrench.force.z,815.4975343233805
3.255325558,1785795233.030747654,/loadcell_data_filtered.wrench.force.z,816.1058127245461
3.255677567,1785795233.031099663,/loadcell_data_filtered.wrench.force.z,816.5583772974231
3.255991313,1785795233.031413409,/loadcell_data_filtered.wrench.force.z,817.2676698791475
3.256387491,1785795233.031809587,/loadcell_data_filtered.wrench.force.z,818.7425399008548
3.25978922,1785795233.035211316,/loadcell_data_filtered.wrench.force.z,825.4289552579032
3.263180035,1785795233.038602131,/loadcell_data_filtered.wrench.force.z,830.2373051967222
3.26382289,1785795233.039244986,/loadcell_data_filtered.wrench.force.z,835.3003684201867
3.264194247,1785795233.039616343,/loadcell_data_filtered.wrench.force.z,839.907631753368
3.264573224,1785795233.039995320,/loadcell_data_filtered.wrench.force.z,833.2347716229045
3.264932171,1785795233.040354267,/loadcell_data_filtered.wrench.force.z,835.2128669987823
3.265267507,1785795233.040689603,/loadcell_data_filtered.wrench.force.z,836.2751751303617
3.266274007,1785795233.041696103,/loadcell_data_filtered.wrench.force.z,838.2222186736221
3.266293974,1785795233.041716070,/loadcell_data_filtered.wrench.force.z,839.3215480815919
3.266659953,1785795233.042082049,/loadcell_data_filtered.wrench.force.z,840.2880699138417
3.267016819,1785795233.042438915,/loadcell_data_filtered.wrench.force.z,841.4185602911773
3.267391185,1785795233.042813281,/loadcell_data_filtered.wrench.force.z,842.2490645140975
3.267674353,1785795233.043096449,/loadcell_data_filtered.wrench.force.z,843.1936124398039
3.268033188,1785795233.043455284,/loadcell_data_filtered.wrench.force.z,843.6639647411931
3.268403885,1785795233.043825981,/loadcell_data_filtered.wrench.force.z,837.5169537136384
3.271237354,1785795233.046659450,/loadcell_data_filtered.wrench.force.z,833.9304423100601
3.271922413,1785795233.047344509,/loadcell_data_filtered.wrench.force.z,831.5838913669161
3.272490076,1785795233.047912172,/loadcell_data_filtered.wrench.force.z,829.0860132599053
3.273032394,1785795233.048454490,/loadcell_data_filtered.wrench.force.z,828.5063572414169
3.273572583,1785795233.048994679,/loadcell_data_filtered.wrench.force.z,827.882704024236
3.274049625,1785795233.049471721,/loadcell_data_filtered.wrench.force.z,828.5994960272111
3.274482303,1785795233.049904399,/loadcell_data_filtered.wrench.force.z,828.6470544806169
3.27493926,1785795233.050361356,/loadcell_data_filtered.wrench.force.z,828.8618386488557
3.275470088,1785795233.050892184,/loadcell_data_filtered.wrench.force.z,820.2826640263446
3.276044903,1785795233.051466999,/loadcell_data_filtered.wrench.force.z,817.0613166854558
3.28000875,1785795233.055430846,/loadcell_data_filtered.wrench.force.z,814.9892189115045
3.281599967,1785795233.057022063,/loadcell_data_filtered.wrench.force.z,815.4257792079667
3.283617226,1785795233.059039322,/loadcell_data_filtered.wrench.force.z,818.8117673551378
3.283643874,1785795233.059065970,/loadcell_data_filtered.wrench.force.z,823.5130090757083
3.283648929,1785795233.059071025,/loadcell_data_filtered.wrench.force.z,823.8340590937412
3.284466939,1785795233.059889035,/loadcell_data_filtered.wrench.force.z,824.3277607618639
3.285024713,1785795233.060446809,/loadcell_data_filtered.wrench.force.z,825.2121627523604
3.285529328,1785795233.060951424,/loadcell_data_filtered.wrench.force.z,826.2190864213678
3.286126242,1785795233.061548338,/loadcell_data_filtered.wrench.force.z,823.0030486675224
3.2916061880000003,1785795233.067028284,/loadcell_data_filtered.wrench.force.z,819.6563482470881
3.291633287,1785795233.067055383,/loadcell_data_filtered.wrench.force.z,815.6835044869429
3.291637134,1785795233.067059230,/loadcell_data_filtered.wrench.force.z,811.5606399293221
3.291640605,1785795233.067062701,/loadcell_data_filtered.wrench.force.z,807.1066278420647
3.291644048,1785795233.067066144,/loadcell_data_filtered.wrench.force.z,803.6806204775938
3.291647319,1785795233.067069415,/loadcell_data_filtered.wrench.force.z,792.908356720425
3.291650657,1785795233.067072753,/loadcell_data_filtered.wrench.force.z,793.2369220112191
3.292053021,1785795233.067475117,/loadcell_data_filtered.wrench.force.z,793.0586482354132
3.292757898,1785795233.068179994,/loadcell_data_filtered.wrench.force.z,793.8659636077853
3.293261239,1785795233.068683335,/loadcell_data_filtered.wrench.force.z,793.0033099770877
3.293805912,1785795233.069228008,/loadcell_data_filtered.wrench.force.z,792.4681233191039
3.294342034,1785795233.069764130,/loadcell_data_filtered.wrench.force.z,783.992631238229
3.294813315,1785795233.070235411,/loadcell_data_filtered.wrench.force.z,790.1031628526046
3.295192888,1785795233.070614984,/loadcell_data_filtered.wrench.force.z,793.81804870347
3.296431641,1785795233.071853737,/loadcell_data_filtered.wrench.force.z,798.0587231525051
3.297116659,1785795233.072538755,/loadcell_data_filtered.wrench.force.z,802.0024833766017
3.2975770779999998,1785795233.072999174,/loadcell_data_filtered.wrench.force.z,797.165751196141
3.2979819040000002,1785795233.073404000,/loadcell_data_filtered.wrench.force.z,800.1050166409735
3.298405938,1785795233.073828034,/loadcell_data_filtered.wrench.force.z,800.82812073314
3.2990751879999998,1785795233.074497284,/loadcell_data_filtered.wrench.force.z,800.9811328125687
3.299573055,1785795233.074995151,/loadcell_data_filtered.wrench.force.z,801.1464141355262
3.299950705,1785795233.075372801,/loadcell_data_filtered.wrench.force.z,802.2613243471062
3.300300608,1785795233.075722704,/loadcell_data_filtered.wrench.force.z,803.4399855680496
3.300687017,1785795233.076109113,/loadcell_data_filtered.wrench.force.z,804.6696775307244
3.301121298,1785795233.076543394,/loadcell_data_filtered.wrench.force.z,805.8619842348857
3.301546846,1785795233.076968942,/loadcell_data_filtered.wrench.force.z,807.6441511991386
3.301990334,1785795233.077412430,/loadcell_data_filtered.wrench.force.z,807.5779751434345
3.302402826,1785795233.077824922,/loadcell_data_filtered.wrench.force.z,799.747136503215
3.302867608,1785795233.078289704,/loadcell_data_filtered.wrench.force.z,796.5944586167734
3.303350493,1785795233.078772589,/loadcell_data_filtered.wrench.force.z,784.0062909824231
3.303846518,1785795233.079268614,/loadcell_data_filtered.wrench.force.z,781.8396931512071
3.304295381,1785795233.079717477,/loadcell_data_filtered.wrench.force.z,777.7031426301521
3.304710608,1785795233.080132704,/loadcell_data_filtered.wrench.force.z,776.2732392565922
3.30507945,1785795233.080501546,/loadcell_data_filtered.wrench.force.z,775.6943889371054
3.305431994,1785795233.080854090,/loadcell_data_filtered.wrench.force.z,767.9056602204095
3.305720638,1785795233.081142734,/loadcell_data_filtered.wrench.force.z,768.9616802465816
3.306000919,1785795233.081423015,/loadcell_data_filtered.wrench.force.z,768.9594415307139
3.306274337,1785795233.081696433,/loadcell_data_filtered.wrench.force.z,769.343361426985
3.306579811,1785795233.082001907,/loadcell_data_filtered.wrench.force.z,769.0970970852176
3.30689162,1785795233.082313716,/loadcell_data_filtered.wrench.force.z,761.1023701966276
3.307187403,1785795233.082609499,/loadcell_data_filtered.wrench.force.z,761.8706801237322
3.3075190819999998,1785795233.082941178,/loadcell_data_filtered.wrench.force.z,761.6696344137551
3.3078981990000003,1785795233.083320295,/loadcell_data_filtered.wrench.force.z,761.9145293140695
3.3082308190000003,1785795233.083652915,/loadcell_data_filtered.wrench.force.z,763.7076683756939
3.308542247,1785795233.083964343,/loadcell_data_filtered.wrench.force.z,762.2950580803184
3.308890309,1785795233.084312405,/loadcell_data_filtered.wrench.force.z,768.4561646824084
3.309331303,1785795233.084753399,/loadcell_data_filtered.wrench.force.z,772.9917182059473
3.30977964,1785795233.085201736,/loadcell_data_filtered.wrench.force.z,777.4138788614438
3.31026031,1785795233.085682406,/loadcell_data_filtered.wrench.force.z,781.1547348149127
3.3107212,1785795233.086143296,/loadcell_data_filtered.wrench.force.z,783.346847008004
3.311121784,1785795233.086543880,/loadcell_data_filtered.wrench.force.z,784.7810648279695
3.311493106,1785795233.086915202,/loadcell_data_filtered.wrench.force.z,785.8401744779387
3.311843283,1785795233.087265379,/loadcell_data_filtered.wrench.force.z,786.8780562798607
3.312103396,1785795233.087525492,/loadcell_data_filtered.wrench.force.z,787.7196608938976
3.312371442,1785795233.087793538,/loadcell_data_filtered.wrench.force.z,788.6717328252015
3.312664924,1785795233.088087020,/loadcell_data_filtered.wrench.force.z,789.5455354300566
3.312898707,1785795233.088320803,/loadcell_data_filtered.wrench.force.z,790.4030749955161
3.31423518,1785795233.089657276,/loadcell_data_filtered.wrench.force.z,791.4355207978434
3.316644733,1785795233.092066829,/loadcell_data_filtered.wrench.force.z,792.5434281096173
3.317026159,1785795233.092448255,/loadcell_data_filtered.wrench.force.z,794.0383099566135
3.318904862,1785795233.094326958,/loadcell_data_filtered.wrench.force.z,789.8022207943937
3.319292724,1785795233.094714820,/loadcell_data_filtered.wrench.force.z,787.7383545776127
3.319633604,1785795233.095055700,/loadcell_data_filtered.wrench.force.z,784.5363711922663
3.319994139,1785795233.095416235,/loadcell_data_filtered.wrench.force.z,782.0256128912698
3.320262416,1785795233.095684512,/loadcell_data_filtered.wrench.force.z,780.1723672742357
3.32098788,1785795233.096409976,/loadcell_data_filtered.wrench.force.z,778.0765299914202
3.321293076,1785795233.096715172,/loadcell_data_filtered.wrench.force.z,777.9612870180974
3.321503474,1785795233.096925570,/loadcell_data_filtered.wrench.force.z,779.255286225117
3.321803707,1785795233.097225803,/loadcell_data_filtered.wrench.force.z,780.7009638724559
3.322049069,1785795233.097471165,/loadcell_data_filtered.wrench.force.z,781.8485018638121
3.322447208,1785795233.097869304,/loadcell_data_filtered.wrench.force.z,781.0749395138747
3.323519854,1785795233.098941950,/loadcell_data_filtered.wrench.force.z,781.4292135715734
3.323541223,1785795233.098963319,/loadcell_data_filtered.wrench.force.z,781.8210224842524
3.323669263,1785795233.099091359,/loadcell_data_filtered.wrench.force.z,782.0881832118284
3.323948348,1785795233.099370444,/loadcell_data_filtered.wrench.force.z,782.2674221207023
3.324237062,1785795233.099659158,/loadcell_data_filtered.wrench.force.z,782.8774021216485
3.325183439,1785795233.100605535,/loadcell_data_filtered.wrench.force.z,782.9463339779928
3.325516614,1785795233.100938710,/loadcell_data_filtered.wrench.force.z,789.7939090864407
3.325773428,1785795233.101195524,/loadcell_data_filtered.wrench.force.z,795.4096658544232
3.326010379,1785795233.101432475,/loadcell_data_filtered.wrench.force.z,800.9621148919045
3.326217527,1785795233.101639623,/loadcell_data_filtered.wrench.force.z,798.8727673664101
3.327273509,1785795233.102695605,/loadcell_data_filtered.wrench.force.z,802.129532359679
3.32753741,1785795233.102959506,/loadcell_data_filtered.wrench.force.z,803.4845183959654
3.327786321,1785795233.103208417,/loadcell_data_filtered.wrench.force.z,805.7755475628954
3.328091907,1785795233.103514003,/loadcell_data_filtered.wrench.force.z,805.1781895474878
3.328411558,1785795233.103833654,/loadcell_data_filtered.wrench.force.z,800.3089079048106
3.328684507,1785795233.104106603,/loadcell_data_filtered.wrench.force.z,802.1351145523802
3.328900092,1785795233.104322188,/loadcell_data_filtered.wrench.force.z,802.1626093547226
3.329082409,1785795233.104504505,/loadcell_data_filtered.wrench.force.z,803.047565392068
3.3292544790000003,1785795233.104676575,/loadcell_data_filtered.wrench.force.z,804.1963489791101
3.329442961,1785795233.104865057,/loadcell_data_filtered.wrench.force.z,805.2797489207521
3.329912825,1785795233.105334921,/loadcell_data_filtered.wrench.force.z,806.0699192581011
3.330371981,1785795233.105794077,/loadcell_data_filtered.wrench.force.z,807.3805182628427
3.331088121,1785795233.106510217,/loadcell_data_filtered.wrench.force.z,808.0952404043452
3.333747255,1785795233.109169351,/loadcell_data_filtered.wrench.force.z,802.5011187161999
3.334013747,1785795233.109435843,/loadcell_data_filtered.wrench.force.z,798.2554707918653
3.334210121,1785795233.109632217,/loadcell_data_filtered.wrench.force.z,795.0420852135163
3.334400336,1785795233.109822432,/loadcell_data_filtered.wrench.force.z,788.1705184866586
3.334624818,1785795233.110046914,/loadcell_data_filtered.wrench.force.z,781.2779076165866
3.334819882,1785795233.110241978,/loadcell_data_filtered.wrench.force.z,779.4912521785645
3.335008209,1785795233.110430305,/loadcell_data_filtered.wrench.force.z,778.9703473363118
3.335209651,1785795233.110631747,/loadcell_data_filtered.wrench.force.z,779.0390401583581
3.335653757,1785795233.111075853,/loadcell_data_filtered.wrench.force.z,779.6440623515617
3.335966309,1785795233.111388405,/loadcell_data_filtered.wrench.force.z,779.5762716919252
3.336369736,1785795233.111791832,/loadcell_data_filtered.wrench.force.z,779.7074061063629
3.337635251,1785795233.113057347,/loadcell_data_filtered.wrench.force.z,779.4169552399866
3.338030964,1785795233.113453060,/loadcell_data_filtered.wrench.force.z,779.1100397805064
3.339960181,1785795233.115382277,/loadcell_data_filtered.wrench.force.z,778.5747710525128
3.340113905,1785795233.115536001,/loadcell_data_filtered.wrench.force.z,777.586057286641
3.340261168,1785795233.115683264,/loadcell_data_filtered.wrench.force.z,777.0391043000135
3.340375618,1785795233.115797714,/loadcell_data_filtered.wrench.force.z,778.9662636897804
3.340498552,1785795233.115920648,/loadcell_data_filtered.wrench.force.z,784.3258775205961
3.340624127,1785795233.116046223,/loadcell_data_filtered.wrench.force.z,788.9826229346065
3.340840165,1785795233.116262261,/loadcell_data_filtered.wrench.force.z,790.6360228558216
3.343047296,1785795233.118469392,/loadcell_data_filtered.wrench.force.z,793.1042812101219
3.343166304,1785795233.118588400,/loadcell_data_filtered.wrench.force.z,795.3114590044759
3.343291786,1785795233.118713882,/loadcell_data_filtered.wrench.force.z,795.857431242179
3.343406185,1785795233.118828281,/loadcell_data_filtered.wrench.force.z,787.3670256023579
3.343526655,1785795233.118948751,/loadcell_data_filtered.wrench.force.z,786.8155502094002
3.343744608,1785795233.119166704,/loadcell_data_filtered.wrench.force.z,785.4866948204057
3.344572086,1785795233.119994182,/loadcell_data_filtered.wrench.force.z,784.7682094169172
3.345255322,1785795233.120677418,/loadcell_data_filtered.wrench.force.z,784.1646940126515
3.346147488,1785795233.121569584,/loadcell_data_filtered.wrench.force.z,783.6230361081591
3.346388294,1785795233.121810390,/loadcell_data_filtered.wrench.force.z,783.4488803153752
3.34666341,1785795233.122085506,/loadcell_data_filtered.wrench.force.z,783.3776659722436
3.347043613,1785795233.122465709,/loadcell_data_filtered.wrench.force.z,783.3364681867637
3.347460778,1785795233.122882874,/loadcell_data_filtered.wrench.force.z,783.5261666123996
3.347822524,1785795233.123244620,/loadcell_data_filtered.wrench.force.z,778.2280873565658
3.34828741,1785795233.123709506,/loadcell_data_filtered.wrench.force.z,774.999739441094
3.350648,1785795233.126070096,/loadcell_data_filtered.wrench.force.z,771.1543859802681
3.350825751,1785795233.126247847,/loadcell_data_filtered.wrench.force.z,768.0141341118596
3.350937286,1785795233.126359382,/loadcell_data_filtered.wrench.force.z,765.2581346257925
3.35108707,1785795233.126509166,/loadcell_data_filtered.wrench.force.z,756.512576720687
3.351208082,1785795233.126630178,/loadcell_data_filtered.wrench.force.z,755.2638148085034
3.351328063,1785795233.126750159,/loadcell_data_filtered.wrench.force.z,755.5447173646517
3.351846971,1785795233.127269067,/loadcell_data_filtered.wrench.force.z,756.9798751803534
3.352266345,1785795233.127688441,/loadcell_data_filtered.wrench.force.z,758.6667688124936
3.352748637,1785795233.128170733,/loadcell_data_filtered.wrench.force.z,760.1870077249996
3.3533627,1785795233.128784796,/loadcell_data_filtered.wrench.force.z,761.9172145675865
3.355903263,1785795233.131325359,/loadcell_data_filtered.wrench.force.z,763.3963555848302
3.356108715,1785795233.131530811,/loadcell_data_filtered.wrench.force.z,764.6995335478279
3.356286918,1785795233.131709014,/loadcell_data_filtered.wrench.force.z,765.9380909840977
3.357300652,1785795233.132722748,/loadcell_data_filtered.wrench.force.z,766.9121975048744
3.3576233,1785795233.133045396,/loadcell_data_filtered.wrench.force.z,768.3759267518376
3.3578495200000003,1785795233.133271616,/loadcell_data_filtered.wrench.force.z,772.0955223858921
3.358118714,1785795233.133540810,/loadcell_data_filtered.wrench.force.z,773.8412141929656
3.358391928,1785795233.133814024,/loadcell_data_filtered.wrench.force.z,780.0166108298865
3.358675576,1785795233.134097672,/loadcell_data_filtered.wrench.force.z,784.0557334657071
3.358951754,1785795233.134373850,/loadcell_data_filtered.wrench.force.z,788.9262040217479
3.360811562,1785795233.136233658,/loadcell_data_filtered.wrench.force.z,792.2305162188654
3.36118804,1785795233.136610136,/loadcell_data_filtered.wrench.force.z,794.8906717579267
3.361516982,1785795233.136939078,/loadcell_data_filtered.wrench.force.z,796.1143701293789
3.361768585,1785795233.137190681,/loadcell_data_filtered.wrench.force.z,791.0975772990962
3.361986316,1785795233.137408412,/loadcell_data_filtered.wrench.force.z,790.8166920897916
3.362178111,1785795233.137600207,/loadcell_data_filtered.wrench.force.z,790.8572185492435
3.3623489490000003,1785795233.137771045,/loadcell_data_filtered.wrench.force.z,792.1236545784599
3.362515866,1785795233.137937962,/loadcell_data_filtered.wrench.force.z,792.9368831411284
3.362948408,1785795233.138370504,/loadcell_data_filtered.wrench.force.z,794.3815412627711
3.3632723110000002,1785795233.138694407,/loadcell_data_filtered.wrench.force.z,794.6227925681691
3.363891437,1785795233.139313533,/loadcell_data_filtered.wrench.force.z,794.7772629127843
3.364374404,1785795233.139796500,/loadcell_data_filtered.wrench.force.z,794.9779943913518
3.365249994,1785795233.140672090,/loadcell_data_filtered.wrench.force.z,788.3543508767482
3.365836986,1785795233.141259082,/loadcell_data_filtered.wrench.force.z,783.6177509655707
3.366357743,1785795233.141779839,/loadcell_data_filtered.wrench.force.z,780.0619719164664
3.366829299,1785795233.142251395,/loadcell_data_filtered.wrench.force.z,776.6997445098553
3.367193694,1785795233.142615790,/loadcell_data_filtered.wrench.force.z,773.3403119784064
3.367503786,1785795233.142925882,/loadcell_data_filtered.wrench.force.z,771.6226819763208
3.367888581,1785795233.143310677,/loadcell_data_filtered.wrench.force.z,770.8930151462018
3.371479292,1785795233.146901388,/loadcell_data_filtered.wrench.force.z,771.0481842548126
3.372283974,1785795233.147706070,/loadcell_data_filtered.wrench.force.z,771.4939367009016
3.372842491,1785795233.148264587,/loadcell_data_filtered.wrench.force.z,771.3206224789253
3.373455486,1785795233.148877582,/loadcell_data_filtered.wrench.force.z,771.7341129801267
3.374039013,1785795233.149461109,/loadcell_data_filtered.wrench.force.z,767.471979029345
3.374501379,1785795233.149923475,/loadcell_data_filtered.wrench.force.z,764.2517322980245
3.374812822,1785795233.150234918,/loadcell_data_filtered.wrench.force.z,764.7223400906165
3.375118218,1785795233.150540314,/loadcell_data_filtered.wrench.force.z,763.7232480411083
3.3755114,1785795233.150933496,/loadcell_data_filtered.wrench.force.z,763.4782046775861
3.375813717,1785795233.151235813,/loadcell_data_filtered.wrench.force.z,766.3808423625105
3.376028344,1785795233.151450440,/loadcell_data_filtered.wrench.force.z,771.0373996844731
3.376235008,1785795233.151657104,/loadcell_data_filtered.wrench.force.z,776.1790962503703
3.37644055,1785795233.151862646,/loadcell_data_filtered.wrench.force.z,780.2846494521986
3.376668852,1785795233.152090948,/loadcell_data_filtered.wrench.force.z,783.9634797834801
3.376846477,1785795233.152268573,/loadcell_data_filtered.wrench.force.z,787.6908564528397
3.377002911,1785795233.152425007,/loadcell_data_filtered.wrench.force.z,790.3008291647419
3.377154839,1785795233.152576935,/loadcell_data_filtered.wrench.force.z,791.0326386093567
3.377305181,1785795233.152727277,/loadcell_data_filtered.wrench.force.z,791.2349643019633
3.378147155,1785795233.153569251,/loadcell_data_filtered.wrench.force.z,791.8287558096911
3.379454081,1785795233.154876177,/loadcell_data_filtered.wrench.force.z,792.6147945917716
3.379649892,1785795233.155071988,/loadcell_data_filtered.wrench.force.z,793.554124784754
3.379894757,1785795233.155316853,/loadcell_data_filtered.wrench.force.z,794.6186406185628
3.380086023,1785795233.155508119,/loadcell_data_filtered.wrench.force.z,795.3047615045334
3.380295934,1785795233.155718030,/loadcell_data_filtered.wrench.force.z,796.6122756063157
3.380549263,1785795233.155971359,/loadcell_data_filtered.wrench.force.z,797.0886173957832
3.380845848,1785795233.156267944,/loadcell_data_filtered.wrench.force.z,797.123333554336
3.38115803,1785795233.156580126,/loadcell_data_filtered.wrench.force.z,792.1642445904556
3.384474106,1785795233.159896202,/loadcell_data_filtered.wrench.force.z,789.5320591666026
3.384809415,1785795233.160231511,/loadcell_data_filtered.wrench.force.z,785.6636497892595
3.385061712,1785795233.160483808,/loadcell_data_filtered.wrench.force.z,783.2874019408561
3.385302014,1785795233.160724110,/loadcell_data_filtered.wrench.force.z,781.307778341666
3.385741455,1785795233.161163551,/loadcell_data_filtered.wrench.force.z,780.7050865162097
3.386202219,1785795233.161624315,/loadcell_data_filtered.wrench.force.z,780.2515687156222
3.386603037,1785795233.162025133,/loadcell_data_filtered.wrench.force.z,781.6017392182243
3.386911557,1785795233.162333653,/loadcell_data_filtered.wrench.force.z,782.0312540099501
3.38726005,1785795233.162682146,/loadcell_data_filtered.wrench.force.z,782.0498149216658
3.387694773,1785795233.163116869,/loadcell_data_filtered.wrench.force.z,782.7639686482547
3.388119901,1785795233.163541997,/loadcell_data_filtered.wrench.force.z,782.883863323945
3.388486547,1785795233.163908643,/loadcell_data_filtered.wrench.force.z,783.6805950911754
3.388874409,1785795233.164296505,/loadcell_data_filtered.wrench.force.z,784.1938962632483
3.389353758,1785795233.164775854,/loadcell_data_filtered.wrench.force.z,784.691876263871
3.389757518,1785795233.165179614,/loadcell_data_filtered.wrench.force.z,785.1770001865596
3.390069316,1785795233.165491412,/loadcell_data_filtered.wrench.force.z,785.4957722994435
3.390347917,1785795233.165770013,/loadcell_data_filtered.wrench.force.z,791.9371744560588
3.390940969,1785795233.166363065,/loadcell_data_filtered.wrench.force.z,796.5832316736088
3.391307302,1785795233.166729398,/loadcell_data_filtered.wrench.force.z,801.5238784157312
3.391632662,1785795233.167054758,/loadcell_data_filtered.wrench.force.z,805.5677381070759
3.391954659,1785795233.167376755,/loadcell_data_filtered.wrench.force.z,809.1485869323627
3.392279878,1785795233.167701974,/loadcell_data_filtered.wrench.force.z,811.5031120291111
3.392640026,1785795233.168062122,/loadcell_data_filtered.wrench.force.z,813.032446860535
3.394469011,1785795233.169891107,/loadcell_data_filtered.wrench.force.z,813.4293209685687
3.394964967,1785795233.170387063,/loadcell_data_filtered.wrench.force.z,813.7068275792733
3.395216239,1785795233.170638335,/loadcell_data_filtered.wrench.force.z,806.5440612672235
3.3954198570000003,1785795233.170841953,/loadcell_data_filtered.wrench.force.z,807.3206084848036
3.395808699,1785795233.171230795,/loadcell_data_filtered.wrench.force.z,807.2785902213392
3.398602355,1785795233.174024451,/loadcell_data_filtered.wrench.force.z,807.1715105767264
3.398883602,1785795233.174305698,/loadcell_data_filtered.wrench.force.z,808.0613554861411
3.399089394,1785795233.174511490,/loadcell_data_filtered.wrench.force.z,808.3990184653723
3.399289397,1785795233.174711493,/loadcell_data_filtered.wrench.force.z,809.2661381728685
3.399506687,1785795233.174928783,/loadcell_data_filtered.wrench.force.z,809.7654647634777
3.401317652,1785795233.176739748,/loadcell_data_filtered.wrench.force.z,804.5771247928188
3.401338547,1785795233.176760643,/loadcell_data_filtered.wrench.force.z,800.1394019112184
3.4013422540000002,1785795233.176764350,/loadcell_data_filtered.wrench.force.z,794.693688558983
3.4013456570000002,1785795233.176767753,/loadcell_data_filtered.wrench.force.z,791.0583490352134
3.402892936,1785795233.178315032,/loadcell_data_filtered.wrench.force.z,787.759738820911
3.403206502,1785795233.178628598,/loadcell_data_filtered.wrench.force.z,786.0164612267116
3.403423096,1785795233.178845192,/loadcell_data_filtered.wrench.force.z,785.12263506495
3.403703986,1785795233.179126082,/loadcell_data_filtered.wrench.force.z,777.3503302050403
3.403954907,1785795233.179377003,/loadcell_data_filtered.wrench.force.z,777.9144413863869
3.406025703,1785795233.181447799,/loadcell_data_filtered.wrench.force.z,777.0432222936438
3.40605428,1785795233.181476376,/loadcell_data_filtered.wrench.force.z,776.6299719859102
3.406058344,1785795233.181480440,/loadcell_data_filtered.wrench.force.z,775.5166495767604
3.406062104,1785795233.181484200,/loadcell_data_filtered.wrench.force.z,767.70303455331
3.406065485,1785795233.181487581,/loadcell_data_filtered.wrench.force.z,767.8289317323877
3.406068865,1785795233.181490961,/loadcell_data_filtered.wrench.force.z,766.8839618616381
3.406072432,1785795233.181494528,/loadcell_data_filtered.wrench.force.z,767.0205876646287
3.406306733,1785795233.181728829,/loadcell_data_filtered.wrench.force.z,771.0987792207451
3.406730936,1785795233.182153032,/loadcell_data_filtered.wrench.force.z,775.0960943614012
3.407104679,1785795233.182526775,/loadcell_data_filtered.wrench.force.z,780.0269286328366
3.408398017,1785795233.183820113,/loadcell_data_filtered.wrench.force.z,783.5756103826949
3.409088531,1785795233.184510627,/loadcell_data_filtered.wrench.force.z,786.9560011602546
3.409603741,1785795233.185025837,/loadcell_data_filtered.wrench.force.z,790.522823259141
3.409906875,1785795233.185328971,/loadcell_data_filtered.wrench.force.z,792.4313802285477
3.410176361,1785795233.185598457,/loadcell_data_filtered.wrench.force.z,792.9528946014686
3.410385337,1785795233.185807433,/loadcell_data_filtered.wrench.force.z,793.6843572843942
3.410621083,1785795233.186043179,/loadcell_data_filtered.wrench.force.z,794.3693733919715
3.411298083,1785795233.186720179,/loadcell_data_filtered.wrench.force.z,795.1574535477909
3.411682532,1785795233.187104628,/loadcell_data_filtered.wrench.force.z,795.7526199491402
3.412113754,1785795233.187535850,/loadcell_data_filtered.wrench.force.z,796.1305003626208
3.412945956,1785795233.188368052,/loadcell_data_filtered.wrench.force.z,796.6922830309308
3.413344685,1785795233.188766781,/loadcell_data_filtered.wrench.force.z,796.996597514018
3.416989568,1785795233.192411664,/loadcell_data_filtered.wrench.force.z,797.5040083316231
3.417187983,1785795233.192610079,/loadcell_data_filtered.wrench.force.z,797.6859128849214
3.417405768,1785795233.192827864,/loadcell_data_filtered.wrench.force.z,792.6886937345997
3.417588782,1785795233.193010878,/loadcell_data_filtered.wrench.force.z,783.6429044104304
3.418763316,1785795233.194185412,/loadcell_data_filtered.wrench.force.z,779.6729777531505
3.419164559,1785795233.194586655,/loadcell_data_filtered.wrench.force.z,776.4277096113178
3.419442992,1785795233.194865088,/loadcell_data_filtered.wrench.force.z,772.920447208817
3.419692601,1785795233.195114697,/loadcell_data_filtered.wrench.force.z,766.030236010353
3.419950726,1785795233.195372822,/loadcell_data_filtered.wrench.force.z,766.2797541419451
3.420229588,1785795233.195651684,/loadcell_data_filtered.wrench.force.z,767.7179495605484
3.420611586,1785795233.196033682,/loadcell_data_filtered.wrench.force.z,769.2798481930962
3.420904022,1785795233.196326118,/loadcell_data_filtered.wrench.force.z,769.9893365428303
3.421326092,1785795233.196748188,/loadcell_data_filtered.wrench.force.z,771.3775128358052
3.421599426,1785795233.197021522,/loadcell_data_filtered.wrench.force.z,771.4031228116901
3.4218466100000002,1785795233.197268706,/loadcell_data_filtered.wrench.force.z,772.2399288538767
3.422081013,1785795233.197503109,/loadcell_data_filtered.wrench.force.z,773.3558974779854
3.422325557,1785795233.197747653,/loadcell_data_filtered.wrench.force.z,773.3092874662607
3.4225150920000003,1785795233.197937188,/loadcell_data_filtered.wrench.force.z,773.3857433549831
3.422690881,1785795233.198112977,/loadcell_data_filtered.wrench.force.z,774.254258710053
3.423047676,1785795233.198469772,/loadcell_data_filtered.wrench.force.z,781.2522611741332
3.4237845670000002,1785795233.199206663,/loadcell_data_filtered.wrench.force.z,786.2854281946737
3.424070071,1785795233.199492167,/loadcell_data_filtered.wrench.force.z,791.0683967123716
3.424375263,1785795233.199797359,/loadcell_data_filtered.wrench.force.z,795.1579040613232
3.425062146,1785795233.200484242,/loadcell_data_filtered.wrench.force.z,799.1825685842784
3.425450285,1785795233.200872381,/loadcell_data_filtered.wrench.force.z,801.5812191461321
3.425941976,1785795233.201364072,/loadcell_data_filtered.wrench.force.z,803.2828925962992
3.426432837,1785795233.201854933,/loadcell_data_filtered.wrench.force.z,803.7353159998032
3.429198315,1785795233.204620411,/loadcell_data_filtered.wrench.force.z,804.3435478340696
3.429690078,1785795233.205112174,/loadcell_data_filtered.wrench.force.z,804.8273205356276
3.430033127,1785795233.205455223,/loadcell_data_filtered.wrench.force.z,805.2431026777418
3.430344191,1785795233.205766287,/loadcell_data_filtered.wrench.force.z,798.8488283891335
3.430629097,1785795233.206051193,/loadcell_data_filtered.wrench.force.z,799.2010638739893
3.430854444,1785795233.206276540,/loadcell_data_filtered.wrench.force.z,798.6536348684373
3.431099289,1785795233.206521385,/loadcell_data_filtered.wrench.force.z,798.7005270635217
3.431327719,1785795233.206749815,/loadcell_data_filtered.wrench.force.z,798.4494489625835
3.431611261,1785795233.207033357,/loadcell_data_filtered.wrench.force.z,797.2061075758703
3.431886067,1785795233.207308163,/loadcell_data_filtered.wrench.force.z,791.81999641154
3.432124172,1785795233.207546268,/loadcell_data_filtered.wrench.force.z,787.41866090012
3.432433763,1785795233.207855859,/loadcell_data_filtered.wrench.force.z,783.4940876518872
3.433286178,1785795233.208708274,/loadcell_data_filtered.wrench.force.z,780.0840423481069
3.436413119,1785795233.211835215,/loadcell_data_filtered.wrench.force.z,776.6417802284578
3.436436729,1785795233.211858825,/loadcell_data_filtered.wrench.force.z,775.0836333143836
3.436439596,1785795233.211861692,/loadcell_data_filtered.wrench.force.z,774.7093580472251
3.436442949,1785795233.211865045,/loadcell_data_filtered.wrench.force.z,775.1108057676471
3.436917457,1785795233.212339553,/loadcell_data_filtered.wrench.force.z,775.2872315903852
3.437352005,1785795233.212774101,/loadcell_data_filtered.wrench.force.z,775.1144098194608
3.44638002,1785795233.221802116,/loadcell_data_filtered.wrench.force.z,774.7889693540423
3.4479140150000003,1785795233.223336111,/loadcell_data_filtered.wrench.force.z,775.0148437412374
3.448157143,1785795233.223579239,/loadcell_data_filtered.wrench.force.z,777.2891517220388
3.448418708,1785795233.223840804,/loadcell_data_filtered.wrench.force.z,779.4140578248287
3.448799915,1785795233.224222011,/loadcell_data_filtered.wrench.force.z,781.0190699108639
3.449078929,1785795233.224501025,/loadcell_data_filtered.wrench.force.z,783.1040388452532
3.449268632,1785795233.224690728,/loadcell_data_filtered.wrench.force.z,784.9074615561311
3.449449711,1785795233.224871807,/loadcell_data_filtered.wrench.force.z,786.8559765326274
3.449636368,1785795233.225058464,/loadcell_data_filtered.wrench.force.z,788.3624109657688
3.450480453,1785795233.225902549,/loadcell_data_filtered.wrench.force.z,789.8917088078491
3.450492155,1785795233.225914251,/loadcell_data_filtered.wrench.force.z,790.9765566126943
3.450495058,1785795233.225917154,/loadcell_data_filtered.wrench.force.z,791.1416495399952
3.468609964,1785795233.244032060,/loadcell_data_filtered.wrench.force.z,788.3327712204089
3.468825383,1785795233.244247479,/loadcell_data_filtered.wrench.force.z,782.8067843418219
3.469124703,1785795233.244546799,/loadcell_data_filtered.wrench.force.z,775.1789634365779
3.4693151760000003,1785795233.244737272,/loadcell_data_filtered.wrench.force.z,776.4837817717487
3.469483296,1785795233.244905392,/loadcell_data_filtered.wrench.force.z,777.6001730669735
3.469655924,1785795233.245078020,/loadcell_data_filtered.wrench.force.z,778.9435458538413
3.469841539,1785795233.245263635,/loadcell_data_filtered.wrench.force.z,780.9879387304891
3.46997494,1785795233.245397036,/loadcell_data_filtered.wrench.force.z,782.7535847590935
3.470132021,1785795233.245554117,/loadcell_data_filtered.wrench.force.z,784.0658546172459
3.470296052,1785795233.245718148,/loadcell_data_filtered.wrench.force.z,785.7318786676203
3.470439054,1785795233.245861150,/loadcell_data_filtered.wrench.force.z,783.8314552567284
3.470592752,1785795233.246014848,/loadcell_data_filtered.wrench.force.z,784.4388343703846
3.4707696,1785795233.246191696,/loadcell_data_filtered.wrench.force.z,786.2212779387712
3.470931934,1785795233.246354030,/loadcell_data_filtered.wrench.force.z,788.0617291507479
3.471098283,1785795233.246520379,/loadcell_data_filtered.wrench.force.z,789.7981984221179
3.471243497,1785795233.246665593,/loadcell_data_filtered.wrench.force.z,791.3175034920961
3.471653018,1785795233.247075114,/loadcell_data_filtered.wrench.force.z,792.8903449436835
3.473122404,1785795233.248544500,/loadcell_data_filtered.wrench.force.z,794.5184865130201
3.4783581,1785795233.253780196,/loadcell_data_filtered.wrench.force.z,796.3520044106571
3.478547837,1785795233.253969933,/loadcell_data_filtered.wrench.force.z,804.7270993157056
3.478703011,1785795233.254125107,/loadcell_data_filtered.wrench.force.z,811.2386810713259
3.482658045,1785795233.258080141,/loadcell_data_filtered.wrench.force.z,818.0918213135861
3.4831997340000003,1785795233.258621830,/loadcell_data_filtered.wrench.force.z,824.0121222811554
3.483612304,1785795233.259034400,/loadcell_data_filtered.wrench.force.z,829.1467920493967
3.483970776,1785795233.259392872,/loadcell_data_filtered.wrench.force.z,833.0150075344669
3.484288637,1785795233.259710733,/loadcell_data_filtered.wrench.force.z,836.6562241641687
3.484549223,1785795233.259971319,/loadcell_data_filtered.wrench.force.z,838.7602392291795
3.484795785,1785795233.260217881,/loadcell_data_filtered.wrench.force.z,840.580777396844
3.485017712,1785795233.260439808,/loadcell_data_filtered.wrench.force.z,842.5291791758068
3.485244535,1785795233.260666631,/loadcell_data_filtered.wrench.force.z,843.72559525645
3.485502125,1785795233.260924221,/loadcell_data_filtered.wrench.force.z,845.5795397233638
3.487312259,1785795233.262734355,/loadcell_data_filtered.wrench.force.z,846.8210290910047
3.487651436,1785795233.263073532,/loadcell_data_filtered.wrench.force.z,846.6110538512396
3.48787948,1785795233.263301576,/loadcell_data_filtered.wrench.force.z,843.5846218741973
3.488063323,1785795233.263485419,/loadcell_data_filtered.wrench.force.z,842.6574431843757
3.488260871,1785795233.263682967,/loadcell_data_filtered.wrench.force.z,841.3571722963494
3.488429827,1785795233.263851923,/loadcell_data_filtered.wrench.force.z,841.51773456254
3.488611777,1785795233.264033873,/loadcell_data_filtered.wrench.force.z,842.0533112891152
3.488793152,1785795233.264215248,/loadcell_data_filtered.wrench.force.z,842.5400705595073
3.489015549,1785795233.264437645,/loadcell_data_filtered.wrench.force.z,841.7556994625442
3.489184776,1785795233.264606872,/loadcell_data_filtered.wrench.force.z,841.5611969502011
3.4893483180000002,1785795233.264770414,/loadcell_data_filtered.wrench.force.z,841.0950360312073
3.489499241,1785795233.264921337,/loadcell_data_filtered.wrench.force.z,838.7397240067821
3.489664429,1785795233.265086525,/loadcell_data_filtered.wrench.force.z,835.8694160027434
3.489825123,1785795233.265247219,/loadcell_data_filtered.wrench.force.z,834.5196525815281
3.489996904,1785795233.265419000,/loadcell_data_filtered.wrench.force.z,833.7332721375441
3.490185161,1785795233.265607257,/loadcell_data_filtered.wrench.force.z,839.5202454309498
3.492450622,1785795233.267872718,/loadcell_data_filtered.wrench.force.z,844.0771375243304
3.4926813,1785795233.268103396,/loadcell_data_filtered.wrench.force.z,847.5873104309675
3.492857169,1785795233.268279265,/loadcell_data_filtered.wrench.force.z,851.2625745942773
3.493010505,1785795233.268432601,/loadcell_data_filtered.wrench.force.z,854.888030612425
3.493163409,1785795233.268585505,/loadcell_data_filtered.wrench.force.z,856.8057343410215
3.493313099,1785795233.268735195,/loadcell_data_filtered.wrench.force.z,857.9661143710772
3.493524702,1785795233.268946798,/loadcell_data_filtered.wrench.force.z,857.6201071415546
3.493754592,1785795233.269176688,/loadcell_data_filtered.wrench.force.z,856.9657987110623
3.49421267,1785795233.269634766,/loadcell_data_filtered.wrench.force.z,857.0173050027186
3.495358931,1785795233.270781027,/loadcell_data_filtered.wrench.force.z,856.6262505088042
3.497138128,1785795233.272560224,/loadcell_data_filtered.wrench.force.z,856.434682873787
3.497296103,1785795233.272718199,/loadcell_data_filtered.wrench.force.z,856.4826306872297
3.497471872,1785795233.272893968,/loadcell_data_filtered.wrench.force.z,856.3417840406455
3.497837215,1785795233.273259311,/loadcell_data_filtered.wrench.force.z,851.5204192755243
3.499100668,1785795233.274522764,/loadcell_data_filtered.wrench.force.z,848.4111009423365
3.499332282,1785795233.274754378,/loadcell_data_filtered.wrench.force.z,844.0642460219036
3.499563189,1785795233.274985285,/loadcell_data_filtered.wrench.force.z,840.2459257696859
3.503909113,1785795233.279331209,/loadcell_data_filtered.wrench.force.z,835.7876975237712
3.504111343,1785795233.279533439,/loadcell_data_filtered.wrench.force.z,832.7967126137689
3.504460602,1785795233.279882698,/loadcell_data_filtered.wrench.force.z,831.0208090817941
3.504872152,1785795233.280294248,/loadcell_data_filtered.wrench.force.z,829.7425008816584
3.505181942,1785795233.280604038,/loadcell_data_filtered.wrench.force.z,829.9593742055717
3.505461423,1785795233.280883519,/loadcell_data_filtered.wrench.force.z,831.3201708910038
3.50571642,1785795233.281138516,/loadcell_data_filtered.wrench.force.z,833.1881541145301
3.505984889,1785795233.281406985,/loadcell_data_filtered.wrench.force.z,835.3536296030152
3.5062361710000003,1785795233.281658267,/loadcell_data_filtered.wrench.force.z,836.9973734147385
3.506473144,1785795233.281895240,/loadcell_data_filtered.wrench.force.z,838.7479204735575
3.506662608,1785795233.282084704,/loadcell_data_filtered.wrench.force.z,839.9003751691532
3.50683693,1785795233.282259026,/loadcell_data_filtered.wrench.force.z,838.7522896396866
3.508361045,1785795233.283783141,/loadcell_data_filtered.wrench.force.z,840.4408529048907
3.508621928,1785795233.284044024,/loadcell_data_filtered.wrench.force.z,840.5472896092384
3.508808352,1785795233.284230448,/loadcell_data_filtered.wrench.force.z,841.0584151615896
3.508987263,1785795233.284409359,/loadcell_data_filtered.wrench.force.z,848.5522246463074
3.509178443,1785795233.284600539,/loadcell_data_filtered.wrench.force.z,846.5530992710842
3.509358945,1785795233.284781041,/loadcell_data_filtered.wrench.force.z,850.871212710398
3.509581739,1785795233.285003835,/loadcell_data_filtered.wrench.force.z,856.1637657690114
3.509785295,1785795233.285207391,/loadcell_data_filtered.wrench.force.z,860.9581064026345
3.509970012,1785795233.285392108,/loadcell_data_filtered.wrench.force.z,862.1928449189127
3.510158203,1785795233.285580299,/loadcell_data_filtered.wrench.force.z,863.1797569604643
3.510333791,1785795233.285755887,/loadcell_data_filtered.wrench.force.z,863.674737435464
3.510598532,1785795233.286020628,/loadcell_data_filtered.wrench.force.z,863.9291692720917
3.512085298,1785795233.287507394,/loadcell_data_filtered.wrench.force.z,864.6471021463915
3.512570309,1785795233.287992405,/loadcell_data_filtered.wrench.force.z,864.2880864608685
3.51301403,1785795233.288436126,/loadcell_data_filtered.wrench.force.z,856.0752242322308
3.513306318,1785795233.288728414,/loadcell_data_filtered.wrench.force.z,856.3599015097067
3.513800255,1785795233.289222351,/loadcell_data_filtered.wrench.force.z,855.5582407765968
3.514182936,1785795233.289605032,/loadcell_data_filtered.wrench.force.z,855.1304006170855
3.515061584,1785795233.290483680,/loadcell_data_filtered.wrench.force.z,854.2587698859236
3.5152218900000003,1785795233.290643986,/loadcell_data_filtered.wrench.force.z,853.3242099273355
3.515734125,1785795233.291156221,/loadcell_data_filtered.wrench.force.z,846.1711518962661
3.516283549,1785795233.291705645,/loadcell_data_filtered.wrench.force.z,841.5908992643409
3.5168189720000003,1785795233.292241068,/loadcell_data_filtered.wrench.force.z,836.8043173776429
3.517369382,1785795233.292791478,/loadcell_data_filtered.wrench.force.z,832.8882404267225
3.517848529,1785795233.293270625,/loadcell_data_filtered.wrench.force.z,828.8170299432276
3.518230082,1785795233.293652178,/loadcell_data_filtered.wrench.force.z,826.5209423231488
3.518626176,1785795233.294048272,/loadcell_data_filtered.wrench.force.z,824.5531452004765
3.521754253,1785795233.297176349,/loadcell_data_filtered.wrench.force.z,823.8112086499417
3.522178417,1785795233.297600513,/loadcell_data_filtered.wrench.force.z,824.2865299121851
3.522508335,1785795233.297930431,/loadcell_data_filtered.wrench.force.z,824.2650288716013
3.522989823,1785795233.298411919,/loadcell_data_filtered.wrench.force.z,824.8360523557948
3.523486931,1785795233.298909027,/loadcell_data_filtered.wrench.force.z,824.6631947488535
3.524155601,1785795233.299577697,/loadcell_data_filtered.wrench.force.z,825.0866448623314
3.52463259,1785795233.300054686,/loadcell_data_filtered.wrench.force.z,825.4644177220002
3.525028161,1785795233.300450257,/loadcell_data_filtered.wrench.force.z,825.7113301682288
3.52539237,1785795233.300814466,/loadcell_data_filtered.wrench.force.z,824.9866274487553
3.525662396,1785795233.301084492,/loadcell_data_filtered.wrench.force.z,824.3933728361801
3.525855732,1785795233.301277828,/loadcell_data_filtered.wrench.force.z,831.0836211895023
3.526098438,1785795233.301520534,/loadcell_data_filtered.wrench.force.z,836.3893541998676
3.526358826,1785795233.301780922,/loadcell_data_filtered.wrench.force.z,840.6181795427185
3.52699702,1785795233.302419116,/loadcell_data_filtered.wrench.force.z,844.5596878209808
3.527420974,1785795233.302843070,/loadcell_data_filtered.wrench.force.z,848.2161363988619
3.527905892,1785795233.303327988,/loadcell_data_filtered.wrench.force.z,850.2336987746477
3.528422504,1785795233.303844600,/loadcell_data_filtered.wrench.force.z,851.5372899394232
3.5288942800000003,1785795233.304316376,/loadcell_data_filtered.wrench.force.z,852.7559366831234
3.529565903,1785795233.304987999,/loadcell_data_filtered.wrench.force.z,853.4803419309653
3.530038528,1785795233.305460624,/loadcell_data_filtered.wrench.force.z,854.7181370487626
3.530439908,1785795233.305862004,/loadcell_data_filtered.wrench.force.z,856.6175811125277
3.530872353,1785795233.306294449,/loadcell_data_filtered.wrench.force.z,858.2952365741644
3.531283961,1785795233.306706057,/loadcell_data_filtered.wrench.force.z,856.0887071798502
3.531789009,1785795233.307211105,/loadcell_data_filtered.wrench.force.z,853.5074375028347
3.532322849,1785795233.307744945,/loadcell_data_filtered.wrench.force.z,855.0253965675017
3.532839768,1785795233.308261864,/loadcell_data_filtered.wrench.force.z,855.8859202906855
3.533271792,1785795233.308693888,/loadcell_data_filtered.wrench.force.z,852.68841394531
3.533762406,1785795233.309184502,/loadcell_data_filtered.wrench.force.z,850.5844902682294
3.534256802,1785795233.309678898,/loadcell_data_filtered.wrench.force.z,847.447250223905
3.534738027,1785795233.310160123,/loadcell_data_filtered.wrench.force.z,845.7613698203846
3.535228697,1785795233.310650793,/loadcell_data_filtered.wrench.force.z,843.9806084783011
3.535876332,1785795233.311298428,/loadcell_data_filtered.wrench.force.z,842.8310096908937
3.536367937,1785795233.311790033,/loadcell_data_filtered.wrench.force.z,842.6384125482368
3.536841358,1785795233.312263454,/loadcell_data_filtered.wrench.force.z,843.7178841499815
3.537668917,1785795233.313091013,/loadcell_data_filtered.wrench.force.z,845.4677897142973
3.53776394,1785795233.313186036,/loadcell_data_filtered.wrench.force.z,847.0453778376067
3.538190519,1785795233.313612615,/loadcell_data_filtered.wrench.force.z,848.208696509129
3.538586871,1785795233.314008967,/loadcell_data_filtered.wrench.force.z,849.2645386075587
3.538935146,1785795233.314357242,/loadcell_data_filtered.wrench.force.z,850.0995022377884
3.53927199,1785795233.314694086,/loadcell_data_filtered.wrench.force.z,850.8799484384177
3.539588129,1785795233.315010225,/loadcell_data_filtered.wrench.force.z,851.5866541079466
3.539836971,1785795233.315259067,/loadcell_data_filtered.wrench.force.z,852.2798105274178
3.540187505,1785795233.315609601,/loadcell_data_filtered.wrench.force.z,852.9151361366406
3.540600339,1785795233.316022435,/loadcell_data_filtered.wrench.force.z,859.5355107641186
3.541027106,1785795233.316449202,/loadcell_data_filtered.wrench.force.z,863.6014171009289
3.541393654,1785795233.316815750,/loadcell_data_filtered.wrench.force.z,869.2978364276606
3.541742647,1785795233.317164743,/loadcell_data_filtered.wrench.force.z,872.8694423690949
3.542052922,1785795233.317475018,/loadcell_data_filtered.wrench.force.z,875.6123048128102
3.542338522,1785795233.317760618,/loadcell_data_filtered.wrench.force.z,877.5173705462138
3.544935237,1785795233.320357333,/loadcell_data_filtered.wrench.force.z,879.3061848386174
3.546200034,1785795233.321622130,/loadcell_data_filtered.wrench.force.z,879.300716113077
3.5467448150000003,1785795233.322166911,/loadcell_data_filtered.wrench.force.z,880.1911585104529
3.5475904050000002,1785795233.323012501,/loadcell_data_filtered.wrench.force.z,881.0480467109463
3.547607589,1785795233.323029685,/loadcell_data_filtered.wrench.force.z,881.6930435939685
3.548134746,1785795233.323556842,/loadcell_data_filtered.wrench.force.z,882.0024781977411
3.548452702,1785795233.323874798,/loadcell_data_filtered.wrench.force.z,881.2925575800294
3.5488568220000003,1785795233.324278918,/loadcell_data_filtered.wrench.force.z,881.4892095751615
3.549149849,1785795233.324571945,/loadcell_data_filtered.wrench.force.z,880.2540216335174
3.549491627,1785795233.324913723,/loadcell_data_filtered.wrench.force.z,879.400846746803
3.549766848,1785795233.325188944,/loadcell_data_filtered.wrench.force.z,878.6381922908419
3.550379583,1785795233.325801679,/loadcell_data_filtered.wrench.force.z,871.3981643133437
3.550677266,1785795233.326099362,/loadcell_data_filtered.wrench.force.z,866.4162766620491
3.552202796,1785795233.327624892,/loadcell_data_filtered.wrench.force.z,861.9036892545507
3.55221927,1785795233.327641366,/loadcell_data_filtered.wrench.force.z,857.9956609098855
3.552465981,1785795233.327888077,/loadcell_data_filtered.wrench.force.z,853.8945462890313
3.552787792,1785795233.328209888,/loadcell_data_filtered.wrench.force.z,851.3367467001393
3.553087431,1785795233.328509527,/loadcell_data_filtered.wrench.force.z,849.4087541154522
3.553741604,1785795233.329163700,/loadcell_data_filtered.wrench.force.z,848.5907087888226
3.554597446,1785795233.330019542,/loadcell_data_filtered.wrench.force.z,848.0564099281003
3.554977393,1785795233.330399489,/loadcell_data_filtered.wrench.force.z,847.5276346143619
3.555192919,1785795233.330615015,/loadcell_data_filtered.wrench.force.z,846.6674535261428
3.555501455,1785795233.330923551,/loadcell_data_filtered.wrench.force.z,845.8607670223323
3.555969819,1785795233.331391915,/loadcell_data_filtered.wrench.force.z,845.4738192018526
3.556116501,1785795233.331538597,/loadcell_data_filtered.wrench.force.z,844.4907180860271
3.556393959,1785795233.331816055,/loadcell_data_filtered.wrench.force.z,844.0757825693721
3.556701368,1785795233.332123464,/loadcell_data_filtered.wrench.force.z,843.6388805833728
3.5570383420000002,1785795233.332460438,/loadcell_data_filtered.wrench.force.z,845.0161235795941
3.557327737,1785795233.332749833,/loadcell_data_filtered.wrench.force.z,850.2254282705727
3.557623853,1785795233.333045949,/loadcell_data_filtered.wrench.force.z,855.2485750576157
3.55836955,1785795233.333791646,/loadcell_data_filtered.wrench.force.z,859.2509965937643
3.558684338,1785795233.334106434,/loadcell_data_filtered.wrench.force.z,862.335100666885
3.5591706160000003,1785795233.334592712,/loadcell_data_filtered.wrench.force.z,866.2123785080731
3.559562114,1785795233.334984210,/loadcell_data_filtered.wrench.force.z,867.3741255628154
3.5598297309999998,1785795233.335251827,/loadcell_data_filtered.wrench.force.z,868.5739236589543
3.560103752,1785795233.335525848,/loadcell_data_filtered.wrench.force.z,869.5026682383541
3.5608317019999998,1785795233.336253798,/loadcell_data_filtered.wrench.force.z,869.7924461218653
3.561256281,1785795233.336678377,/loadcell_data_filtered.wrench.force.z,870.7058703252401
3.562079862,1785795233.337501958,/loadcell_data_filtered.wrench.force.z,871.0858703553796
3.562451306,1785795233.337873402,/loadcell_data_filtered.wrench.force.z,871.7322355478933
3.562770074,1785795233.338192170,/loadcell_data_filtered.wrench.force.z,872.1557006202626
3.563075493,1785795233.338497589,/loadcell_data_filtered.wrench.force.z,872.4032801723246
3.563499986,1785795233.338922082,/loadcell_data_filtered.wrench.force.z,872.7438626654961
3.564253561,1785795233.339675657,/loadcell_data_filtered.wrench.force.z,873.6361251679357
3.564957405,1785795233.340379501,/loadcell_data_filtered.wrench.force.z,869.3369763310501
3.565628955,1785795233.341051051,/loadcell_data_filtered.wrench.force.z,866.8516445066821
3.565970229,1785795233.341392325,/loadcell_data_filtered.wrench.force.z,863.3787084296328
3.5662987839999998,1785795233.341720880,/loadcell_data_filtered.wrench.force.z,860.5023201760733
3.56658678,1785795233.342008876,/loadcell_data_filtered.wrench.force.z,858.0347988743107
3.566870699,1785795233.342292795,/loadcell_data_filtered.wrench.force.z,856.573585188262
3.567436283,1785795233.342858379,/loadcell_data_filtered.wrench.force.z,855.5912042014928
3.568081094,1785795233.343503190,/loadcell_data_filtered.wrench.force.z,856.3241082368361
3.568499173,1785795233.343921269,/loadcell_data_filtered.wrench.force.z,857.2940738905344
3.569128587,1785795233.344550683,/loadcell_data_filtered.wrench.force.z,858.466568922793
3.57068034,1785795233.346102436,/loadcell_data_filtered.wrench.force.z,859.3919403455446
3.5715272049999998,1785795233.346949301,/loadcell_data_filtered.wrench.force.z,860.0113504393703
3.572176256,1785795233.347598352,/loadcell_data_filtered.wrench.force.z,861.0866980854855
3.572676249,1785795233.348098345,/loadcell_data_filtered.wrench.force.z,861.975200208604
3.573083719,1785795233.348505815,/loadcell_data_filtered.wrench.force.z,862.7377920890726
3.573454778,1785795233.348876874,/loadcell_data_filtered.wrench.force.z,862.557329521236
3.5737888460000002,1785795233.349210942,/loadcell_data_filtered.wrench.force.z,863.2713040763254
3.574189971,1785795233.349612067,/loadcell_data_filtered.wrench.force.z,870.2856103621365
3.574466959,1785795233.349889055,/loadcell_data_filtered.wrench.force.z,875.6800421297299
3.574818052,1785795233.350240148,/loadcell_data_filtered.wrench.force.z,880.770085560282
3.575145695,1785795233.350567791,/loadcell_data_filtered.wrench.force.z,885.7160618290169
3.575655243,1785795233.351077339,/loadcell_data_filtered.wrench.force.z,889.6852366191149
3.57616998,1785795233.351592076,/loadcell_data_filtered.wrench.force.z,891.8177700400491
3.576412124,1785795233.351834220,/loadcell_data_filtered.wrench.force.z,895.0578102222411
3.576631631,1785795233.352053727,/loadcell_data_filtered.wrench.force.z,896.3188397625047
3.576859391,1785795233.352281487,/loadcell_data_filtered.wrench.force.z,897.2802553660026
3.5772958580000003,1785795233.352717954,/loadcell_data_filtered.wrench.force.z,897.9742083442081
3.580786721,1785795233.356208817,/loadcell_data_filtered.wrench.force.z,898.9961234566539
3.581866099,1785795233.357288195,/loadcell_data_filtered.wrench.force.z,900.5200826688543
3.5820321489999998,1785795233.357454245,/loadcell_data_filtered.wrench.force.z,902.739390438991
3.5821692179999998,1785795233.357591314,/loadcell_data_filtered.wrench.force.z,904.7700017702705
3.582296736,1785795233.357718832,/loadcell_data_filtered.wrench.force.z,906.3371076596598
3.582423351,1785795233.357845447,/loadcell_data_filtered.wrench.force.z,907.9304401890757
3.582581845,1785795233.358003941,/loadcell_data_filtered.wrench.force.z,909.3748196856212
3.582727843,1785795233.358149939,/loadcell_data_filtered.wrench.force.z,904.6701687294703
3.582878667,1785795233.358300763,/loadcell_data_filtered.wrench.force.z,901.4349428586065
3.583016778,1785795233.358438874,/loadcell_data_filtered.wrench.force.z,898.7710437916446
3.583212617,1785795233.358634713,/loadcell_data_filtered.wrench.force.z,894.8464797854963
3.5833530380000003,1785795233.358775134,/loadcell_data_filtered.wrench.force.z,892.6650497333106
3.583668717,1785795233.359090813,/loadcell_data_filtered.wrench.force.z,891.5119065352294
3.5842450130000003,1785795233.359667109,/loadcell_data_filtered.wrench.force.z,890.9225390320518
3.584886049,1785795233.360308145,/loadcell_data_filtered.wrench.force.z,891.5168474503204
3.585343209,1785795233.360765305,/loadcell_data_filtered.wrench.force.z,892.0342815181069
3.589703506,1785795233.365125602,/loadcell_data_filtered.wrench.force.z,892.4357516683658
3.5901844560000002,1785795233.365606552,/loadcell_data_filtered.wrench.force.z,893.0763371746176
3.590594145,1785795233.366016241,/loadcell_data_filtered.wrench.force.z,892.6916847877555
3.590918094,1785795233.366340190,/loadcell_data_filtered.wrench.force.z,886.4357654972465
3.591218816,1785795233.366640912,/loadcell_data_filtered.wrench.force.z,884.7385512119994
3.591495288,1785795233.366917384,/loadcell_data_filtered.wrench.force.z,883.3783914368279
3.591779664,1785795233.367201760,/loadcell_data_filtered.wrench.force.z,879.3726160018392
3.592051253,1785795233.367473349,/loadcell_data_filtered.wrench.force.z,878.6721477747548
3.5923124470000003,1785795233.367734543,/loadcell_data_filtered.wrench.force.z,882.5901636020604
3.597150756,1785795233.372572852,/loadcell_data_filtered.wrench.force.z,886.8204866221038
3.59730203,1785795233.372724126,/loadcell_data_filtered.wrench.force.z,886.9275314535539
3.597446339,1785795233.372868435,/loadcell_data_filtered.wrench.force.z,886.7530506814419
3.59764412,1785795233.373066216,/loadcell_data_filtered.wrench.force.z,880.1099462805233
3.597826232,1785795233.373248328,/loadcell_data_filtered.wrench.force.z,880.9594493984924
3.598020925,1785795233.373443021,/loadcell_data_filtered.wrench.force.z,881.8215675697085
3.5982201910000002,1785795233.373642287,/loadcell_data_filtered.wrench.force.z,881.3927864473822
3.59840747,1785795233.373829566,/loadcell_data_filtered.wrench.force.z,882.7286086945066
3.598583419,1785795233.374005515,/loadcell_data_filtered.wrench.force.z,883.2713271916382
3.598769247,1785795233.374191343,/loadcell_data_filtered.wrench.force.z,882.9049570894858
3.598942804,1785795233.374364900,/loadcell_data_filtered.wrench.force.z,881.7815958126272
3.599113831,1785795233.374535927,/loadcell_data_filtered.wrench.force.z,876.615798678474
3.599279256,1785795233.374701352,/loadcell_data_filtered.wrench.force.z,873.2618239266178
3.599442554,1785795233.374864650,/loadcell_data_filtered.wrench.force.z,868.6542676130734
3.600295238,1785795233.375717334,/loadcell_data_filtered.wrench.force.z,865.3500807555506
3.600642196,1785795233.376064292,/loadcell_data_filtered.wrench.force.z,862.0431613619205
3.600755835,1785795233.376177931,/loadcell_data_filtered.wrench.force.z,860.0509894765729
3.600870355,1785795233.376292451,/loadcell_data_filtered.wrench.force.z,858.7972786515642
3.601106744,1785795233.376528840,/loadcell_data_filtered.wrench.force.z,857.9479909068417
3.6016708,1785795233.377092896,/loadcell_data_filtered.wrench.force.z,857.0391459847208
3.602168855,1785795233.377590951,/loadcell_data_filtered.wrench.force.z,856.7051514899352
3.60279058,1785795233.378212676,/loadcell_data_filtered.wrench.force.z,856.3220179926999
3.604545215,1785795233.379967311,/loadcell_data_filtered.wrench.force.z,855.558880096011
3.604656027,1785795233.380078123,/loadcell_data_filtered.wrench.force.z,854.5500054548263
3.604783918,1785795233.380206014,/loadcell_data_filtered.wrench.force.z,853.5271339946323
3.604893197,1785795233.380315293,/loadcell_data_filtered.wrench.force.z,852.7055695866853
3.60606477,1785795233.381486866,/loadcell_data_filtered.wrench.force.z,851.9353960286533
3.606520095,1785795233.381942191,/loadcell_data_filtered.wrench.force.z,851.052794038559
3.606898773,1785795233.382320869,/loadcell_data_filtered.wrench.force.z,856.2345739879786
3.607218331,1785795233.382640427,/loadcell_data_filtered.wrench.force.z,859.7253485055255
3.607437353,1785795233.382859449,/loadcell_data_filtered.wrench.force.z,862.9157114585698
3.607810675,1785795233.383232771,/loadcell_data_filtered.wrench.force.z,865.6071995614715
3.608198112,1785795233.383620208,/loadcell_data_filtered.wrench.force.z,867.9321535226783
3.608688671,1785795233.384110767,/loadcell_data_filtered.wrench.force.z,869.023468076222
3.609293901,1785795233.384715997,/loadcell_data_filtered.wrench.force.z,869.7888850218899
3.609697505,1785795233.385119601,/loadcell_data_filtered.wrench.force.z,869.6311129453059
3.611886415,1785795233.387308511,/loadcell_data_filtered.wrench.force.z,869.347308779198
3.6122675969999998,1785795233.387689693,/loadcell_data_filtered.wrench.force.z,869.4974284359739
3.612592917,1785795233.388015013,/loadcell_data_filtered.wrench.force.z,867.3293365421964
3.612863947,1785795233.388286043,/loadcell_data_filtered.wrench.force.z,861.4283774564328
3.614968482,1785795233.390390578,/loadcell_data_filtered.wrench.force.z,861.7459521878277
3.617792617,1785795233.393214713,/loadcell_data_filtered.wrench.force.z,860.8429038455513
3.618251708,1785795233.393673804,/loadcell_data_filtered.wrench.force.z,861.3238809061793
3.618701285,1785795233.394123381,/loadcell_data_filtered.wrench.force.z,861.6111595532678
3.619112569,1785795233.394534665,/loadcell_data_filtered.wrench.force.z,856.5696309099699
3.619470981,1785795233.394893077,/loadcell_data_filtered.wrench.force.z,853.2561941441955
3.619800805,1785795233.395222901,/loadcell_data_filtered.wrench.force.z,848.4132071645384
3.620154884,1785795233.395576980,/loadcell_data_filtered.wrench.force.z,846.3744534652438
3.620493016,1785795233.395915112,/loadcell_data_filtered.wrench.force.z,839.8763424864043
3.620925132,1785795233.396347228,/loadcell_data_filtered.wrench.force.z,836.1578680079731
3.621565606,1785795233.396987702,/loadcell_data_filtered.wrench.force.z,836.1286497867337
3.6215697970000003,1785795233.396991893,/loadcell_data_filtered.wrench.force.z,834.7391887792426
3.62174855,1785795233.397170646,/loadcell_data_filtered.wrench.force.z,835.2242785527284
3.622006995,1785795233.397429091,/loadcell_data_filtered.wrench.force.z,835.8407229917407
3.62223877,1785795233.397660866,/loadcell_data_filtered.wrench.force.z,836.5579145045394
3.622503655,1785795233.397925751,/loadcell_data_filtered.wrench.force.z,837.0614924803851
3.622828567,1785795233.398250663,/loadcell_data_filtered.wrench.force.z,837.181777003065
3.624079401,1785795233.399501497,/loadcell_data_filtered.wrench.force.z,837.9295164464631
3.6251821619999998,1785795233.400604258,/loadcell_data_filtered.wrench.force.z,838.1424623138221
3.625561692,1785795233.400983788,/loadcell_data_filtered.wrench.force.z,838.7176906681811
3.62590761,1785795233.401329706,/loadcell_data_filtered.wrench.force.z,843.9273762117127
3.62614859,1785795233.401570686,/loadcell_data_filtered.wrench.force.z,849.0528579323677
3.626388204,1785795233.401810300,/loadcell_data_filtered.wrench.force.z,854.7968543781043
3.626830019,1785795233.402252115,/loadcell_data_filtered.wrench.force.z,859.5118345765093
3.627069183,1785795233.402491279,/loadcell_data_filtered.wrench.force.z,862.4956028049457
3.627267524,1785795233.402689620,/loadcell_data_filtered.wrench.force.z,865.9691287266805
3.627457861,1785795233.402879957,/loadcell_data_filtered.wrench.force.z,866.2639659040013
3.627713848,1785795233.403135944,/loadcell_data_filtered.wrench.force.z,866.8405851863876
3.628178769,1785795233.403600865,/loadcell_data_filtered.wrench.force.z,867.0392184738861
3.628386134,1785795233.403808230,/loadcell_data_filtered.wrench.force.z,867.8878149640318
3.628661937,1785795233.404084033,/loadcell_data_filtered.wrench.force.z,868.6220031051241
3.629151723,1785795233.404573819,/loadcell_data_filtered.wrench.force.z,869.1359945758899
3.629373042,1785795233.404795138,/loadcell_data_filtered.wrench.force.z,868.9524152343083
3.629605835,1785795233.405027931,/loadcell_data_filtered.wrench.force.z,862.7026787095322
3.6298181940000003,1785795233.405240290,/loadcell_data_filtered.wrench.force.z,863.5971784684981
3.630225112,1785795233.405647208,/loadcell_data_filtered.wrench.force.z,863.496229789295
3.6306185109999998,1785795233.406040607,/loadcell_data_filtered.wrench.force.z,864.0346472387138
3.631859638,1785795233.407281734,/loadcell_data_filtered.wrench.force.z,859.2906559798893
3.632055186,1785795233.407477282,/loadcell_data_filtered.wrench.force.z,856.9547651271585
3.632568484,1785795233.407990580,/loadcell_data_filtered.wrench.force.z,853.4107005252787
3.634594505,1785795233.410016601,/loadcell_data_filtered.wrench.force.z,850.5959898691143
3.634884201,1785795233.410306297,/loadcell_data_filtered.wrench.force.z,847.8631543898417
3.635103501,1785795233.410525597,/loadcell_data_filtered.wrench.force.z,846.4872380846074
3.63533382,1785795233.410755916,/loadcell_data_filtered.wrench.force.z,838.2441244618967
3.635592485,1785795233.411014581,/loadcell_data_filtered.wrench.force.z,839.4208842453289
3.635872163,1785795233.411294259,/loadcell_data_filtered.wrench.force.z,839.7400148300787
3.637105375,1785795233.412527471,/loadcell_data_filtered.wrench.force.z,840.6992851671992
3.637561796,1785795233.412983892,/loadcell_data_filtered.wrench.force.z,841.4540844642585
3.637882775,1785795233.413304871,/loadcell_data_filtered.wrench.force.z,836.0241538199564
3.639806647,1785795233.415228743,/loadcell_data_filtered.wrench.force.z,834.896014045089
3.640283438,1785795233.415705534,/loadcell_data_filtered.wrench.force.z,834.6244241123946
3.64052489,1785795233.415946986,/loadcell_data_filtered.wrench.force.z,835.4542254840314
3.640741643,1785795233.416163739,/loadcell_data_filtered.wrench.force.z,835.7019578528466
3.640945377,1785795233.416367473,/loadcell_data_filtered.wrench.force.z,832.738282903582
3.641157787,1785795233.416579883,/loadcell_data_filtered.wrench.force.z,835.6999487751362
3.641357311,1785795233.416779407,/loadcell_data_filtered.wrench.force.z,840.053888531286
3.641557134,1785795233.416979230,/loadcell_data_filtered.wrench.force.z,843.8481218528646
3.641776793,1785795233.417198889,/loadcell_data_filtered.wrench.force.z,847.4619427567928
3.641982947,1785795233.417405043,/loadcell_data_filtered.wrench.force.z,851.2575262080201
3.642272185,1785795233.417694281,/loadcell_data_filtered.wrench.force.z,853.3524452604014
3.642657724,1785795233.418079820,/loadcell_data_filtered.wrench.force.z,854.1766332628464
3.643195282,1785795233.418617378,/loadcell_data_filtered.wrench.force.z,854.7567439404124
3.643607929,1785795233.419030025,/loadcell_data_filtered.wrench.force.z,855.3262739888916
3.644157622,1785795233.419579718,/loadcell_data_filtered.wrench.force.z,855.6710178287292
3.644479419,1785795233.419901515,/loadcell_data_filtered.wrench.force.z,855.8550227454748
3.645204293,1785795233.420626389,/loadcell_data_filtered.wrench.force.z,856.2361434793947
3.647502941,1785795233.422925037,/loadcell_data_filtered.wrench.force.z,856.7653941860533
3.647973506,1785795233.423395602,/loadcell_data_filtered.wrench.force.z,857.312261492501
3.648451892,1785795233.423873988,/loadcell_data_filtered.wrench.force.z,858.1559121580693
3.648983557,1785795233.424405653,/loadcell_data_filtered.wrench.force.z,859.243488813404
3.649423556,1785795233.424845652,/loadcell_data_filtered.wrench.force.z,859.1441124266441
3.649916762,1785795233.425338858,/loadcell_data_filtered.wrench.force.z,854.5302387597643
3.650401218,1785795233.425823314,/loadcell_data_filtered.wrench.force.z,850.6342500430271
3.650972379,1785795233.426394475,/loadcell_data_filtered.wrench.force.z,847.2343648246513
3.651312978,1785795233.426735074,/loadcell_data_filtered.wrench.force.z,844.6908028207574
3.651581024,1785795233.427003120,/loadcell_data_filtered.wrench.force.z,842.3277468613288
3.6518153939999998,1785795233.427237490,/loadcell_data_filtered.wrench.force.z,841.1232869785398
3.65204301,1785795233.427465106,/loadcell_data_filtered.wrench.force.z,841.3347924333178
3.6522797330000003,1785795233.427701829,/loadcell_data_filtered.wrench.force.z,841.9735502053283
3.652571824,1785795233.427993920,/loadcell_data_filtered.wrench.force.z,842.7594490821441
3.652886814,1785795233.428308910,/loadcell_data_filtered.wrench.force.z,843.4583091795306
3.653355463,1785795233.428777559,/loadcell_data_filtered.wrench.force.z,843.590556151992
3.655057524,1785795233.430479620,/loadcell_data_filtered.wrench.force.z,843.9863997498453
3.655675247,1785795233.431097343,/loadcell_data_filtered.wrench.force.z,843.9133439029177
3.6562843970000003,1785795233.431706493,/loadcell_data_filtered.wrench.force.z,844.1301206388458
3.656956871,1785795233.432378967,/loadcell_data_filtered.wrench.force.z,844.3686276959226
3.657235256,1785795233.432657352,/loadcell_data_filtered.wrench.force.z,844.6992983637172
3.657658654,1785795233.433080750,/loadcell_data_filtered.wrench.force.z,849.3561608390484
3.65793283,1785795233.433354926,/loadcell_data_filtered.wrench.force.z,853.1976595395837
3.658199796,1785795233.433621892,/loadcell_data_filtered.wrench.force.z,857.913474511797
3.658461903,1785795233.433883999,/loadcell_data_filtered.wrench.force.z,861.2576719606295
3.658876288,1785795233.434298384,/loadcell_data_filtered.wrench.force.z,863.6754752908618
3.659139703,1785795233.434561799,/loadcell_data_filtered.wrench.force.z,865.9243394528634
3.6593377780000003,1785795233.434759874,/loadcell_data_filtered.wrench.force.z,867.2495793720701
3.6595841890000003,1785795233.435006285,/loadcell_data_filtered.wrench.force.z,867.3117419605742
3.6607180340000003,1785795233.436140130,/loadcell_data_filtered.wrench.force.z,867.2892283429358
3.6617677410000002,1785795233.437189837,/loadcell_data_filtered.wrench.force.z,866.8254574802322
3.661969217,1785795233.437391313,/loadcell_data_filtered.wrench.force.z,866.8955828358178
3.662114652,1785795233.437536748,/loadcell_data_filtered.wrench.force.z,866.3553014930781
3.662269465,1785795233.437691561,/loadcell_data_filtered.wrench.force.z,866.6261191178293
3.662402998,1785795233.437825094,/loadcell_data_filtered.wrench.force.z,865.834431559692
3.662900983,1785795233.438323079,/loadcell_data_filtered.wrench.force.z,864.7336480756849
3.663387343,1785795233.438809439,/loadcell_data_filtered.wrench.force.z,864.1641663529206
3.6659915190000003,1785795233.441413615,/loadcell_data_filtered.wrench.force.z,863.7294111380011
3.666167622,1785795233.441589718,/loadcell_data_filtered.wrench.force.z,857.4532855210128
3.666311589,1785795233.441733685,/loadcell_data_filtered.wrench.force.z,853.867267611597
3.666456551,1785795233.441878647,/loadcell_data_filtered.wrench.force.z,845.1004810091963
3.6666306029999998,1785795233.442052699,/loadcell_data_filtered.wrench.force.z,838.9128318848141
3.666816675,1785795233.442238771,/loadcell_data_filtered.wrench.force.z,835.1174255450128
3.6669757460000003,1785795233.442397842,/loadcell_data_filtered.wrench.force.z,833.1031545990473
3.667475767,1785795233.442897863,/loadcell_data_filtered.wrench.force.z,831.3921135566093
3.6682458159999998,1785795233.443667912,/loadcell_data_filtered.wrench.force.z,831.0768049710539
3.668745363,1785795233.444167459,/loadcell_data_filtered.wrench.force.z,831.1090090846149
3.669173548,1785795233.444595644,/loadcell_data_filtered.wrench.force.z,831.3847677049137
3.669321537,1785795233.444743633,/loadcell_data_filtered.wrench.force.z,831.1321062405758
3.669826055,1785795233.445248151,/loadcell_data_filtered.wrench.force.z,830.7476593034703
3.670399206,1785795233.445821302,/loadcell_data_filtered.wrench.force.z,830.5186663505411
3.671505684,1785795233.446927780,/loadcell_data_filtered.wrench.force.z,830.1722892106022
3.671853215,1785795233.447275311,/loadcell_data_filtered.wrench.force.z,829.8633725603441
3.6722995210000002,1785795233.447721617,/loadcell_data_filtered.wrench.force.z,829.3121191021767
3.672954036,1785795233.448376132,/loadcell_data_filtered.wrench.force.z,829.248284381766
3.673326127,1785795233.448748223,/loadcell_data_filtered.wrench.force.z,835.2495215775525
3.673701211,1785795233.449123307,/loadcell_data_filtered.wrench.force.z,840.6081612666804
3.6740698370000002,1785795233.449491933,/loadcell_data_filtered.wrench.force.z,844.3642440691674
3.674519059,1785795233.449941155,/loadcell_data_filtered.wrench.force.z,847.7253973739628
3.675256062,1785795233.450678158,/loadcell_data_filtered.wrench.force.z,850.8918846157006
3.675786143,1785795233.451208239,/loadcell_data_filtered.wrench.force.z,852.6267342401381
3.676350549,1785795233.451772645,/loadcell_data_filtered.wrench.force.z,853.909299463467
3.676649745,1785795233.452071841,/loadcell_data_filtered.wrench.force.z,854.7654771521709
3.677010011,1785795233.452432107,/loadcell_data_filtered.wrench.force.z,855.5580014018244
3.678383876,1785795233.453805972,/loadcell_data_filtered.wrench.force.z,856.0317127372138
3.678706093,1785795233.454128189,/loadcell_data_filtered.wrench.force.z,856.3133795652468
3.678951904,1785795233.454374000,/loadcell_data_filtered.wrench.force.z,857.881092661513
3.679155516,1785795233.454577612,/loadcell_data_filtered.wrench.force.z,858.4274302880123
3.679373611,1785795233.454795707,/loadcell_data_filtered.wrench.force.z,858.887801048896
3.679928218,1785795233.455350314,/loadcell_data_filtered.wrench.force.z,859.4282947072464
3.6808605940000003,1785795233.456282690,/loadcell_data_filtered.wrench.force.z,860.0260811943695
3.683015572,1785795233.458437668,/loadcell_data_filtered.wrench.force.z,858.5433555250596
3.683513636,1785795233.458935732,/loadcell_data_filtered.wrench.force.z,854.5477653262873
3.683794845,1785795233.459216941,/loadcell_data_filtered.wrench.force.z,851.3203709946803
3.684050987,1785795233.459473083,/loadcell_data_filtered.wrench.force.z,849.024984098315
3.684304022,1785795233.459726118,/loadcell_data_filtered.wrench.force.z,847.2742582031068
3.6845740090000003,1785795233.459996105,/loadcell_data_filtered.wrench.force.z,845.1197680899519
3.684914219,1785795233.460336315,/loadcell_data_filtered.wrench.force.z,844.955240799318
3.685244719,1785795233.460666815,/loadcell_data_filtered.wrench.force.z,844.8642856580852
3.685533295,1785795233.460955391,/loadcell_data_filtered.wrench.force.z,845.7274077415804
3.685840982,1785795233.461263078,/loadcell_data_filtered.wrench.force.z,846.8014547461738
3.686161272,1785795233.461583368,/loadcell_data_filtered.wrench.force.z,847.7962141095878
3.686572921,1785795233.461995017,/loadcell_data_filtered.wrench.force.z,848.9759209368359
3.687022071,1785795233.462444167,/loadcell_data_filtered.wrench.force.z,849.6582366009828
3.687292727,1785795233.462714823,/loadcell_data_filtered.wrench.force.z,850.6688441570733
3.688117307,1785795233.463539403,/loadcell_data_filtered.wrench.force.z,851.6922008374746
3.6893195260000002,1785795233.464741622,/loadcell_data_filtered.wrench.force.z,853.1641084549107
3.690412992,1785795233.465835088,/loadcell_data_filtered.wrench.force.z,853.9841820986793
3.692285823,1785795233.467707919,/loadcell_data_filtered.wrench.force.z,860.7959779103647
3.692657062,1785795233.468079158,/loadcell_data_filtered.wrench.force.z,865.7844977724889
3.692890847,1785795233.468312943,/loadcell_data_filtered.wrench.force.z,872.1828004799919
3.69310189,1785795233.468523986,/loadcell_data_filtered.wrench.force.z,877.3902240584458
3.693343032,1785795233.468765128,/loadcell_data_filtered.wrench.force.z,881.0323183622638
3.693667679,1785795233.469089775,/loadcell_data_filtered.wrench.force.z,877.6837369689327
3.693929401,1785795233.469351497,/loadcell_data_filtered.wrench.force.z,881.1095618866389
3.6941416350000003,1785795233.469563731,/loadcell_data_filtered.wrench.force.z,881.581828921821
3.694456281,1785795233.469878377,/loadcell_data_filtered.wrench.force.z,882.8361429122941
3.695013356,1785795233.470435452,/loadcell_data_filtered.wrench.force.z,884.1715701172209
3.695268501,1785795233.470690597,/loadcell_data_filtered.wrench.force.z,885.0688439168273
3.695808251,1785795233.471230347,/loadcell_data_filtered.wrench.force.z,886.1950294519946
3.6960960160000003,1785795233.471518112,/loadcell_data_filtered.wrench.force.z,887.1030448416454
3.696407932,1785795233.471830028,/loadcell_data_filtered.wrench.force.z,887.8626572030381
3.696677489,1785795233.472099585,/loadcell_data_filtered.wrench.force.z,888.803177104631
3.69694874,1785795233.472370836,/loadcell_data_filtered.wrench.force.z,889.2925955347536
3.697524091,1785795233.472946187,/loadcell_data_filtered.wrench.force.z,889.6413019575576
3.698296158,1785795233.473718254,/loadcell_data_filtered.wrench.force.z,884.6622444721098
3.698820101,1785795233.474242197,/loadcell_data_filtered.wrench.force.z,881.4027119536623
3.6992189570000003,1785795233.474641053,/loadcell_data_filtered.wrench.force.z,878.033099523801
3.699532608,1785795233.474954704,/loadcell_data_filtered.wrench.force.z,875.1737900948312
3.699923405,1785795233.475345501,/loadcell_data_filtered.wrench.force.z,871.8461750637376
3.700435171,1785795233.475857267,/loadcell_data_filtered.wrench.force.z,870.1422228122245
3.700792239,1785795233.476214335,/loadcell_data_filtered.wrench.force.z,868.6936850139613
3.701397309,1785795233.476819405,/loadcell_data_filtered.wrench.force.z,868.5880604191863
3.701849757,1785795233.477271853,/loadcell_data_filtered.wrench.force.z,868.5147217541279
3.702360079,1785795233.477782175,/loadcell_data_filtered.wrench.force.z,868.2046505623387
3.703095386,1785795233.478517482,/loadcell_data_filtered.wrench.force.z,867.8842780886258
3.70337894,1785795233.478801036,/loadcell_data_filtered.wrench.force.z,867.2067558845514
3.704089762,1785795233.479511858,/loadcell_data_filtered.wrench.force.z,867.0267219092558
3.704327536,1785795233.479749632,/loadcell_data_filtered.wrench.force.z,866.3215050623312
3.705324637,1785795233.480746733,/loadcell_data_filtered.wrench.force.z,865.888040098252
3.705942303,1785795233.481364399,/loadcell_data_filtered.wrench.force.z,865.3272314165342
3.706498758,1785795233.481920854,/loadcell_data_filtered.wrench.force.z,865.0668735894893
3.707090352,1785795233.482512448,/loadcell_data_filtered.wrench.force.z,870.646242740663
3.707528335,1785795233.482950431,/loadcell_data_filtered.wrench.force.z,874.7279948102595
3.707837994,1785795233.483260090,/loadcell_data_filtered.wrench.force.z,877.6018480841996
3.7081219670000003,1785795233.483544063,/loadcell_data_filtered.wrench.force.z,880.1961908013049
3.708371552,1785795233.483793648,/loadcell_data_filtered.wrench.force.z,882.8039608482333
3.7086797049999998,1785795233.484101801,/loadcell_data_filtered.wrench.force.z,884.1310392340052
3.709253285,1785795233.484675381,/loadcell_data_filtered.wrench.force.z,884.6983069999603
3.710652941,1785795233.486075037,/loadcell_data_filtered.wrench.force.z,884.4588022456834
3.711782957,1785795233.487205053,/loadcell_data_filtered.wrench.force.z,884.3434712215134
3.71201798,1785795233.487440076,/loadcell_data_filtered.wrench.force.z,884.454150292476
3.712212179,1785795233.487634275,/loadcell_data_filtered.wrench.force.z,884.0798267608177
3.7123715070000003,1785795233.487793603,/loadcell_data_filtered.wrench.force.z,883.6856265557946
3.712530876,1785795233.487952972,/loadcell_data_filtered.wrench.force.z,882.8646152876768
3.712795881,1785795233.488217977,/loadcell_data_filtered.wrench.force.z,882.2498131932077
3.713267403,1785795233.488689499,/loadcell_data_filtered.wrench.force.z,881.6796444728426
3.713649943,1785795233.489072039,/loadcell_data_filtered.wrench.force.z,881.078025518549
3.714209441,1785795233.489631537,/loadcell_data_filtered.wrench.force.z,877.541055012453
3.7159324160000002,1785795233.491354512,/loadcell_data_filtered.wrench.force.z,872.9673256352617
3.716853463,1785795233.492275559,/loadcell_data_filtered.wrench.force.z,868.0642971341749
3.717217354,1785795233.492639450,/loadcell_data_filtered.wrench.force.z,864.832990974078
3.717475879,1785795233.492897975,/loadcell_data_filtered.wrench.force.z,861.5462736086752
3.717632414,1785795233.493054510,/loadcell_data_filtered.wrench.force.z,858.0444235102699
3.717812985,1785795233.493235081,/loadcell_data_filtered.wrench.force.z,856.3851388324505
3.717957848,1785795233.493379944,/loadcell_data_filtered.wrench.force.z,854.6967924343113
3.719085975,1785795233.494508071,/loadcell_data_filtered.wrench.force.z,853.8800118326574
3.719190643,1785795233.494612739,/loadcell_data_filtered.wrench.force.z,853.3411958956063
3.719489323,1785795233.494911419,/loadcell_data_filtered.wrench.force.z,852.963340957689
3.719830847,1785795233.495252943,/loadcell_data_filtered.wrench.force.z,852.3498925691378
3.7219773800000002,1785795233.497399476,/loadcell_data_filtered.wrench.force.z,851.6724115424353
3.722204268,1785795233.497626364,/loadcell_data_filtered.wrench.force.z,850.6837181522062
3.7223948079999998,1785795233.497816904,/loadcell_data_filtered.wrench.force.z,849.6933914099777
3.722527698,1785795233.497949794,/loadcell_data_filtered.wrench.force.z,842.8070505308241
3.722759034,1785795233.498181130,/loadcell_data_filtered.wrench.force.z,843.2369985586396
3.7230998680000003,1785795233.498521964,/loadcell_data_filtered.wrench.force.z,847.6820591672868
3.723379333,1785795233.498801429,/loadcell_data_filtered.wrench.force.z,851.0291171645182
3.724000471,1785795233.499422567,/loadcell_data_filtered.wrench.force.z,856.0900424700228
3.725764054,1785795233.501186150,/loadcell_data_filtered.wrench.force.z,859.137407740326
3.726275525,1785795233.501697621,/loadcell_data_filtered.wrench.force.z,862.6470821993108
3.726395956,1785795233.501818052,/loadcell_data_filtered.wrench.force.z,865.0134881149941
3.726514835,1785795233.501936931,/loadcell_data_filtered.wrench.force.z,867.5784911099271
3.7266418320000003,1785795233.502063928,/loadcell_data_filtered.wrench.force.z,869.0572288833386
3.726876293,1785795233.502298389,/loadcell_data_filtered.wrench.force.z,869.6298280348509
3.7274028550000002,1785795233.502824951,/loadcell_data_filtered.wrench.force.z,869.6316942121064
3.729709392,1785795233.505131488,/loadcell_data_filtered.wrench.force.z,870.242470133671
3.730089396,1785795233.505511492,/loadcell_data_filtered.wrench.force.z,871.3492461071011
3.7303044180000002,1785795233.505726514,/loadcell_data_filtered.wrench.force.z,871.6664041717031
3.730477344,1785795233.505899440,/loadcell_data_filtered.wrench.force.z,865.6516925161513
3.730658319,1785795233.506080415,/loadcell_data_filtered.wrench.force.z,866.3929490556285
3.733079294,1785795233.508501390,/loadcell_data_filtered.wrench.force.z,866.3027083006298
3.733542407,1785795233.508964503,/loadcell_data_filtered.wrench.force.z,866.8205955112716
3.733931842,1785795233.509353938,/loadcell_data_filtered.wrench.force.z,861.7850055901337
3.734252816,1785795233.509674912,/loadcell_data_filtered.wrench.force.z,853.250725332868
3.734615346,1785795233.510037442,/loadcell_data_filtered.wrench.force.z,848.6108910159876
3.734852693,1785795233.510274789,/loadcell_data_filtered.wrench.force.z,845.418556921472
3.735095556,1785795233.510517652,/loadcell_data_filtered.wrench.force.z,842.8810706898028
3.7386368819999998,1785795233.514058978,/loadcell_data_filtered.wrench.force.z,841.9317910401389
3.739278119,1785795233.514700215,/loadcell_data_filtered.wrench.force.z,841.1727809067271
3.739629854,1785795233.515051950,/loadcell_data_filtered.wrench.force.z,841.8025983933674
3.739903096,1785795233.515325192,/loadcell_data_filtered.wrench.force.z,842.6955913144403
3.740172916,1785795233.515595012,/loadcell_data_filtered.wrench.force.z,843.5976977714759
3.740456966,1785795233.515879062,/loadcell_data_filtered.wrench.force.z,844.4111621514686
3.7407763860000003,1785795233.516198482,/loadcell_data_filtered.wrench.force.z,837.4851189846556
3.7410052250000003,1785795233.516427321,/loadcell_data_filtered.wrench.force.z,838.6319518199094
3.741231793,1785795233.516653889,/loadcell_data_filtered.wrench.force.z,838.9548135696108
3.741451323,1785795233.516873419,/loadcell_data_filtered.wrench.force.z,839.3458411020654
3.741622538,1785795233.517044634,/loadcell_data_filtered.wrench.force.z,840.058299218278
3.741777565,1785795233.517199661,/loadcell_data_filtered.wrench.force.z,841.5474966167596
3.741937519,1785795233.517359615,/loadcell_data_filtered.wrench.force.z,848.2526285639237
3.742084376,1785795233.517506472,/loadcell_data_filtered.wrench.force.z,853.5403923843938
3.7422446320000002,1785795233.517666728,/loadcell_data_filtered.wrench.force.z,857.8663405011063
3.742410441,1785795233.517832537,/loadcell_data_filtered.wrench.force.z,861.8075106558582
3.7425752130000003,1785795233.517997309,/loadcell_data_filtered.wrench.force.z,865.6545990137895
3.742736243,1785795233.518158339,/loadcell_data_filtered.wrench.force.z,867.9850127186509
3.742965791,1785795233.518387887,/loadcell_data_filtered.wrench.force.z,869.5083560818697
3.7434343500000002,1785795233.518856446,/loadcell_data_filtered.wrench.force.z,870.5801064207487
3.743707493,1785795233.519129589,/loadcell_data_filtered.wrench.force.z,872.5394154609527
3.744133411,1785795233.519555507,/loadcell_data_filtered.wrench.force.z,873.3125318855512
3.744883674,1785795233.520305770,/loadcell_data_filtered.wrench.force.z,874.3548555259845
3.745735544,1785795233.521157640,/loadcell_data_filtered.wrench.force.z,875.1979217882869
3.7460155840000002,1785795233.521437680,/loadcell_data_filtered.wrench.force.z,875.7727293178018
3.746226621,1785795233.521648717,/loadcell_data_filtered.wrench.force.z,876.5097995350785
3.746662448,1785795233.522084544,/loadcell_data_filtered.wrench.force.z,877.0131404417028
3.747100551,1785795233.522522647,/loadcell_data_filtered.wrench.force.z,877.8058729263125
3.751400619,1785795233.526822715,/loadcell_data_filtered.wrench.force.z,874.4041361381649
3.751538755,1785795233.526960851,/loadcell_data_filtered.wrench.force.z,871.6012854881269
3.7517158840000002,1785795233.527137980,/loadcell_data_filtered.wrench.force.z,868.2294869706647
3.751825997,1785795233.527248093,/loadcell_data_filtered.wrench.force.z,865.9844584819327
3.751947351,1785795233.527369447,/loadcell_data_filtered.wrench.force.z,863.8984689012167
3.752071518,1785795233.527493614,/loadcell_data_filtered.wrench.force.z,861.6509485325339
3.752192462,1785795233.527614558,/loadcell_data_filtered.wrench.force.z,859.3240336807374
3.752315948,1785795233.527738044,/loadcell_data_filtered.wrench.force.z,852.504322389716
3.752439495,1785795233.527861591,/loadcell_data_filtered.wrench.force.z,852.9689702231299
3.752587913,1785795233.528010009,/loadcell_data_filtered.wrench.force.z,851.6049267082864
3.7527316390000003,1785795233.528153735,/loadcell_data_filtered.wrench.force.z,850.832108357818
3.7531390780000002,1785795233.528561174,/loadcell_data_filtered.wrench.force.z,850.5231828012418
3.753558432,1785795233.528980528,/loadcell_data_filtered.wrench.force.z,850.1098306374312
3.75410772,1785795233.529529816,/loadcell_data_filtered.wrench.force.z,849.4158108284466
3.754578068,1785795233.530000164,/loadcell_data_filtered.wrench.force.z,848.99024154746
3.754958364,1785795233.530380460,/loadcell_data_filtered.wrench.force.z,848.4572089503006
3.7554982800000003,1785795233.530920376,/loadcell_data_filtered.wrench.force.z,848.1020132125923
3.756411364,1785795233.531833460,/loadcell_data_filtered.wrench.force.z,853.3174076459203
3.7567666170000003,1785795233.532188713,/loadcell_data_filtered.wrench.force.z,856.5446710957041
3.75703589,1785795233.532457986,/loadcell_data_filtered.wrench.force.z,860.4046415415156
3.7576894110000003,1785795233.533111507,/loadcell_data_filtered.wrench.force.z,863.4991628832302
3.758095912,1785795233.533518008,/loadcell_data_filtered.wrench.force.z,866.4868920262684
3.7588870290000003,1785795233.534309125,/loadcell_data_filtered.wrench.force.z,868.3535952986734
3.759203117,1785795233.534625213,/loadcell_data_filtered.wrench.force.z,869.6504397954826
3.7594582240000003,1785795233.534880320,/loadcell_data_filtered.wrench.force.z,869.8945531272755
3.760159326,1785795233.535581422,/loadcell_data_filtered.wrench.force.z,869.9582818380707
3.760585259,1785795233.536007355,/loadcell_data_filtered.wrench.force.z,870.3892354549222
3.7610609950000002,1785795233.536483091,/loadcell_data_filtered.wrench.force.z,870.9207620714516
3.761695707,1785795233.537117803,/loadcell_data_filtered.wrench.force.z,871.4757855468596
3.762085887,1785795233.537507983,/loadcell_data_filtered.wrench.force.z,871.7343882147944
3.763349785,1785795233.538771881,/loadcell_data_filtered.wrench.force.z,872.3347490327151
3.763911023,1785795233.539333119,/loadcell_data_filtered.wrench.force.z,873.1616912935934
3.764281748,1785795233.539703844,/loadcell_data_filtered.wrench.force.z,874.5665221033016
3.765015681,1785795233.540437777,/loadcell_data_filtered.wrench.force.z,874.5595409472277
3.765538994,1785795233.540961090,/loadcell_data_filtered.wrench.force.z,869.3315629486843
3.766005634,1785795233.541427730,/loadcell_data_filtered.wrench.force.z,865.8906417176172
3.7664361040000003,1785795233.541858200,/loadcell_data_filtered.wrench.force.z,862.5712191709447
3.766935381,1785795233.542357477,/loadcell_data_filtered.wrench.force.z,859.7411601913034
3.7674805730000003,1785795233.542902669,/loadcell_data_filtered.wrench.force.z,857.158278242591
3.767904437,1785795233.543326533,/loadcell_data_filtered.wrench.force.z,855.8343626404513
3.768389996,1785795233.543812092,/loadcell_data_filtered.wrench.force.z,855.699053442257
3.768832316,1785795233.544254412,/loadcell_data_filtered.wrench.force.z,855.7907662546552
3.7706029670000003,1785795233.546025063,/loadcell_data_filtered.wrench.force.z,856.7725984087027
3.770943944,1785795233.546366040,/loadcell_data_filtered.wrench.force.z,857.0460425856863
3.771143773,1785795233.546565869,/loadcell_data_filtered.wrench.force.z,858.1190256277288
3.7713953790000003,1785795233.546817475,/loadcell_data_filtered.wrench.force.z,858.887272204217
3.7716901270000003,1785795233.547112223,/loadcell_data_filtered.wrench.force.z,859.7620112356154
3.772005768,1785795233.547427864,/loadcell_data_filtered.wrench.force.z,859.8571053740774
3.772312111,1785795233.547734207,/loadcell_data_filtered.wrench.force.z,858.5577958903249
3.773381616,1785795233.548803712,/loadcell_data_filtered.wrench.force.z,858.1467009149549
3.773967269,1785795233.549389365,/loadcell_data_filtered.wrench.force.z,859.094496511836
3.77441462,1785795233.549836716,/loadcell_data_filtered.wrench.force.z,864.9535949813866
3.774860414,1785795233.550282510,/loadcell_data_filtered.wrench.force.z,869.8905523789485
3.775237761,1785795233.550659857,/loadcell_data_filtered.wrench.force.z,872.5312398201149
3.775604713,1785795233.551026809,/loadcell_data_filtered.wrench.force.z,874.9865166652875
3.776010028,1785795233.551432124,/loadcell_data_filtered.wrench.force.z,877.7865120088533
3.776428892,1785795233.551850988,/loadcell_data_filtered.wrench.force.z,878.9964119020534
3.776699462,1785795233.552121558,/loadcell_data_filtered.wrench.force.z,879.2682985619613
3.776956107,1785795233.552378203,/loadcell_data_filtered.wrench.force.z,879.1650898169565
3.777229502,1785795233.552651598,/loadcell_data_filtered.wrench.force.z,878.8808824692754
3.777710296,1785795233.553132392,/loadcell_data_filtered.wrench.force.z,878.7922386769523
3.778297543,1785795233.553719639,/loadcell_data_filtered.wrench.force.z,878.7935473714289
3.7809783020000003,1785795233.556400398,/loadcell_data_filtered.wrench.force.z,878.6043030324213
3.781166123,1785795233.556588219,/loadcell_data_filtered.wrench.force.z,878.3895385067186
3.781316308,1785795233.556738404,/loadcell_data_filtered.wrench.force.z,878.8739777303126
3.781491601,1785795233.556913697,/loadcell_data_filtered.wrench.force.z,879.3388235058202
3.781671959,1785795233.557094055,/loadcell_data_filtered.wrench.force.z,879.9612900475407
3.781883772,1785795233.557305868,/loadcell_data_filtered.wrench.force.z,876.1560242168172
3.7821261919999998,1785795233.557548288,/loadcell_data_filtered.wrench.force.z,873.2643767113735
3.7822663700000003,1785795233.557688466,/loadcell_data_filtered.wrench.force.z,868.8345801564842
3.782465273,1785795233.557887369,/loadcell_data_filtered.wrench.force.z,866.0461468619886
3.78302947,1785795233.558451566,/loadcell_data_filtered.wrench.force.z,863.7167342827415
3.783406631,1785795233.558828727,/loadcell_data_filtered.wrench.force.z,861.639691153696
3.7859385320000003,1785795233.561360628,/loadcell_data_filtered.wrench.force.z,859.9585483149888
3.786952427,1785795233.562374523,/loadcell_data_filtered.wrench.force.z,859.6191571486669
3.787093658,1785795233.562515754,/loadcell_data_filtered.wrench.force.z,860.5824353774341
3.787272824,1785795233.562694920,/loadcell_data_filtered.wrench.force.z,861.853501608815
3.787424822,1785795233.562846918,/loadcell_data_filtered.wrench.force.z,862.8126675402982
3.7875706520000003,1785795233.562992748,/loadcell_data_filtered.wrench.force.z,862.8745282978596
3.787706592,1785795233.563128688,/loadcell_data_filtered.wrench.force.z,863.7920298916405
3.787838577,1785795233.563260673,/loadcell_data_filtered.wrench.force.z,863.6182671177743
3.789363817,1785795233.564785913,/loadcell_data_filtered.wrench.force.z,863.5918830748657
3.789595969,1785795233.565018065,/loadcell_data_filtered.wrench.force.z,863.9827002244527
3.789717035,1785795233.565139131,/loadcell_data_filtered.wrench.force.z,864.7540110724383
3.789848729,1785795233.565270825,/loadcell_data_filtered.wrench.force.z,871.6913416236988
3.789965671,1785795233.565387767,/loadcell_data_filtered.wrench.force.z,876.6999139963744
3.790364803,1785795233.565786899,/loadcell_data_filtered.wrench.force.z,880.4905657938065
3.790942824,1785795233.566364920,/loadcell_data_filtered.wrench.force.z,883.941762336009
3.7913535620000003,1785795233.566775658,/loadcell_data_filtered.wrench.force.z,887.1643004715745
3.791913975,1785795233.567336071,/loadcell_data_filtered.wrench.force.z,889.1510373916616
3.792373304,1785795233.567795400,/loadcell_data_filtered.wrench.force.z,890.9757399001397
3.793120687,1785795233.568542783,/loadcell_data_filtered.wrench.force.z,891.5676783120318
3.793838867,1785795233.569260963,/loadcell_data_filtered.wrench.force.z,892.4133109199117
3.79416045,1785795233.569582546,/loadcell_data_filtered.wrench.force.z,893.0918629468259
3.794543752,1785795233.569965848,/loadcell_data_filtered.wrench.force.z,894.6676847420977
3.7949106930000003,1785795233.570332789,/loadcell_data_filtered.wrench.force.z,895.184823456007
3.796014373,1785795233.571436469,/loadcell_data_filtered.wrench.force.z,895.1955924929179
3.796317994,1785795233.571740090,/loadcell_data_filtered.wrench.force.z,895.6897079280886
3.7967064,1785795233.572128496,/loadcell_data_filtered.wrench.force.z,896.1033565613137
3.797063232,1785795233.572485328,/loadcell_data_filtered.wrench.force.z,896.5756317651744
3.797392511,1785795233.572814607,/loadcell_data_filtered.wrench.force.z,897.2491746541228
3.797995144,1785795233.573417240,/loadcell_data_filtered.wrench.force.z,892.2396347121676
3.7987910620000003,1785795233.574213158,/loadcell_data_filtered.wrench.force.z,888.7767691402618
3.799261185,1785795233.574683281,/loadcell_data_filtered.wrench.force.z,886.3812491158774
3.799613097,1785795233.575035193,/loadcell_data_filtered.wrench.force.z,884.1940539746644
3.7999819290000003,1785795233.575404025,/loadcell_data_filtered.wrench.force.z,881.8061365541015
3.800813474,1785795233.576235570,/loadcell_data_filtered.wrench.force.z,880.9927531985711
3.801247785,1785795233.576669881,/loadcell_data_filtered.wrench.force.z,881.1583042806124
3.801622105,1785795233.577044201,/loadcell_data_filtered.wrench.force.z,881.9986763884964
3.802747632,1785795233.578169728,/loadcell_data_filtered.wrench.force.z,882.8590649861944
3.803545515,1785795233.578967611,/loadcell_data_filtered.wrench.force.z,883.595735181567
3.804030869,1785795233.579452965,/loadcell_data_filtered.wrench.force.z,883.8817473690913
3.804442904,1785795233.579865000,/loadcell_data_filtered.wrench.force.z,884.0519136395134
3.804981398,1785795233.580403494,/loadcell_data_filtered.wrench.force.z,884.4158882665481
3.80545218,1785795233.580874276,/loadcell_data_filtered.wrench.force.z,884.9982010489467
3.80606313,1785795233.581485226,/loadcell_data_filtered.wrench.force.z,885.6660662841715
3.807078942,1785795233.582501038,/loadcell_data_filtered.wrench.force.z,885.987107347051
3.807404553,1785795233.582826649,/loadcell_data_filtered.wrench.force.z,889.7043732360129
3.80792238,1785795233.583344476,/loadcell_data_filtered.wrench.force.z,895.63969591649
3.808394726,1785795233.583816822,/loadcell_data_filtered.wrench.force.z,900.8620460026416
3.808867991,1785795233.584290087,/loadcell_data_filtered.wrench.force.z,904.8550562310675
3.809313154,1785795233.584735250,/loadcell_data_filtered.wrench.force.z,908.0566658876114
3.809735253,1785795233.585157349,/loadcell_data_filtered.wrench.force.z,910.9610485936211
3.810225495,1785795233.585647591,/loadcell_data_filtered.wrench.force.z,912.2768767012793
3.810600618,1785795233.586022714,/loadcell_data_filtered.wrench.force.z,912.6021228862121
3.810919154,1785795233.586341250,/loadcell_data_filtered.wrench.force.z,912.8477993558128
3.811284281,1785795233.586706377,/loadcell_data_filtered.wrench.force.z,913.1217790060424
3.811750666,1785795233.587172762,/loadcell_data_filtered.wrench.force.z,912.9168293346007
3.812213903,1785795233.587635999,/loadcell_data_filtered.wrench.force.z,912.4755369092363
3.81258312,1785795233.588005216,/loadcell_data_filtered.wrench.force.z,912.4264371247987
3.8131898250000003,1785795233.588611921,/loadcell_data_filtered.wrench.force.z,912.5915464056425
3.815091694,1785795233.590513790,/loadcell_data_filtered.wrench.force.z,912.1401929654398
3.815489427,1785795233.590911523,/loadcell_data_filtered.wrench.force.z,912.3886629340864
3.8159869840000002,1785795233.591409080,/loadcell_data_filtered.wrench.force.z,912.3676735240347
3.816362839,1785795233.591784935,/loadcell_data_filtered.wrench.force.z,907.3667358729899
3.816780111,1785795233.592202207,/loadcell_data_filtered.wrench.force.z,904.4429453247841
3.81852568,1785795233.593947776,/loadcell_data_filtered.wrench.force.z,899.4462439719244
3.819114886,1785795233.594536982,/loadcell_data_filtered.wrench.force.z,894.7668868064653
3.819494654,1785795233.594916750,/loadcell_data_filtered.wrench.force.z,891.7149879183264
3.819937113,1785795233.595359209,/loadcell_data_filtered.wrench.force.z,889.7158821678493
3.8203412180000003,1785795233.595763314,/loadcell_data_filtered.wrench.force.z,888.1949471599714
3.8208040690000002,1785795233.596226165,/loadcell_data_filtered.wrench.force.z,888.1049096038479
3.8212732650000003,1785795233.596695361,/loadcell_data_filtered.wrench.force.z,888.2841018543684
3.821737359,1785795233.597159455,/loadcell_data_filtered.wrench.force.z,887.5693356993978
3.822078007,1785795233.597500103,/loadcell_data_filtered.wrench.force.z,885.8408124389081
3.822401629,1785795233.597823725,/loadcell_data_filtered.wrench.force.z,884.4982600658013
3.822928456,1785795233.598350552,/loadcell_data_filtered.wrench.force.z,883.3915895877395
3.823301256,1785795233.598723352,/loadcell_data_filtered.wrench.force.z,882.3550429134544
3.823562116,1785795233.598984212,/loadcell_data_filtered.wrench.force.z,881.2416633375811
3.82382502,1785795233.599247116,/loadcell_data_filtered.wrench.force.z,873.0892593600379
3.824374703,1785795233.599796799,/loadcell_data_filtered.wrench.force.z,872.9110769618748
3.824630183,1785795233.600052279,/loadcell_data_filtered.wrench.force.z,877.2651271158353
3.824920215,1785795233.600342311,/loadcell_data_filtered.wrench.force.z,881.004416451594
3.82525227,1785795233.600674366,/loadcell_data_filtered.wrench.force.z,882.9964936769314
3.825581977,1785795233.601004073,/loadcell_data_filtered.wrench.force.z,879.3698641747835
3.8259200040000003,1785795233.601342100,/loadcell_data_filtered.wrench.force.z,882.5704764463503
3.827140176,1785795233.602562272,/loadcell_data_filtered.wrench.force.z,882.1381636127583
3.829145489,1785795233.604567585,/loadcell_data_filtered.wrench.force.z,882.6887503660392
3.829649906,1785795233.605072002,/loadcell_data_filtered.wrench.force.z,883.2419148435226
3.830007397,1785795233.605429493,/loadcell_data_filtered.wrench.force.z,883.3135686048537
3.830372934,1785795233.605795030,/loadcell_data_filtered.wrench.force.z,883.736676967469
3.830691846,1785795233.606113942,/loadcell_data_filtered.wrench.force.z,883.7604936792892
3.83101173,1785795233.606433826,/loadcell_data_filtered.wrench.force.z,884.3297782520954
3.83138681,1785795233.606808906,/loadcell_data_filtered.wrench.force.z,884.6680024364148
3.831855624,1785795233.607277720,/loadcell_data_filtered.wrench.force.z,883.5744465561287
3.832374042,1785795233.607796138,/loadcell_data_filtered.wrench.force.z,883.296737692286
3.832771139,1785795233.608193235,/loadcell_data_filtered.wrench.force.z,883.44662139812
3.83310825,1785795233.608530346,/loadcell_data_filtered.wrench.force.z,884.033410434354
3.8334245520000003,1785795233.608846648,/loadcell_data_filtered.wrench.force.z,879.0024221241646
3.833792124,1785795233.609214220,/loadcell_data_filtered.wrench.force.z,874.4215985613818
3.834146421,1785795233.609568517,/loadcell_data_filtered.wrench.force.z,871.07171019548
3.834550137,1785795233.609972233,/loadcell_data_filtered.wrench.force.z,868.345276689661
3.834950275,1785795233.610372371,/loadcell_data_filtered.wrench.force.z,865.9355694159827
3.835447335,1785795233.610869431,/loadcell_data_filtered.wrench.force.z,864.4842776630168
3.836536534,1785795233.611958630,/loadcell_data_filtered.wrench.force.z,856.9924649748751
3.836550687,1785795233.611972783,/loadcell_data_filtered.wrench.force.z,857.8346761791431
3.836626618,1785795233.612048714,/loadcell_data_filtered.wrench.force.z,858.1086583114418
3.837000692,1785795233.612422788,/loadcell_data_filtered.wrench.force.z,858.7121176548237
3.838265559,1785795233.613687655,/loadcell_data_filtered.wrench.force.z,859.5940245131945
3.83857668,1785795233.613998776,/loadcell_data_filtered.wrench.force.z,859.9114476299814
3.838797668,1785795233.614219764,/loadcell_data_filtered.wrench.force.z,860.5258938694866
3.839012502,1785795233.614434598,/loadcell_data_filtered.wrench.force.z,861.2109260078115
3.839217465,1785795233.614639561,/loadcell_data_filtered.wrench.force.z,861.9268692350649
3.83945618,1785795233.614878276,/loadcell_data_filtered.wrench.force.z,862.2076556304382
3.839655887,1785795233.615077983,/loadcell_data_filtered.wrench.force.z,865.905130436389
3.840523068,1785795233.615945164,/loadcell_data_filtered.wrench.force.z,870.5924339295067
3.840786862,1785795233.616208958,/loadcell_data_filtered.wrench.force.z,875.7306410617437
3.841036759,1785795233.616458855,/loadcell_data_filtered.wrench.force.z,880.3959749821207
3.841220787,1785795233.616642883,/loadcell_data_filtered.wrench.force.z,883.8092143612072
3.841647526,1785795233.617069622,/loadcell_data_filtered.wrench.force.z,886.7180815833216
3.842157758,1785795233.617579854,/loadcell_data_filtered.wrench.force.z,888.2440618816744
3.842804277,1785795233.618226373,/loadcell_data_filtered.wrench.force.z,888.7280481415314
3.843126828,1785795233.618548924,/loadcell_data_filtered.wrench.force.z,889.1641890858118
3.843574272,1785795233.618996368,/loadcell_data_filtered.wrench.force.z,889.9474529509829
3.844039189,1785795233.619461285,/loadcell_data_filtered.wrench.force.z,890.5027955491714
3.8446890060000003,1785795233.620111102,/loadcell_data_filtered.wrench.force.z,890.9600749988414
3.845279396,1785795233.620701492,/loadcell_data_filtered.wrench.force.z,891.417070630831
3.845563235,1785795233.620985331,/loadcell_data_filtered.wrench.force.z,891.6578918065136
3.846142006,1785795233.621564102,/loadcell_data_filtered.wrench.force.z,891.8403946617493
3.8467414460000002,1785795233.622163542,/loadcell_data_filtered.wrench.force.z,891.8720193441801
3.847273555,1785795233.622695651,/loadcell_data_filtered.wrench.force.z,891.6968819224535
3.848185742,1785795233.623607838,/loadcell_data_filtered.wrench.force.z,886.2264554129121
3.849175709,1785795233.624597805,/loadcell_data_filtered.wrench.force.z,883.0831713398431
3.849746591,1785795233.625168687,/loadcell_data_filtered.wrench.force.z,879.6745807747005
3.849906889,1785795233.625328985,/loadcell_data_filtered.wrench.force.z,876.6307845860414
3.852061381,1785795233.627483477,/loadcell_data_filtered.wrench.force.z,874.5776294135621
3.852409505,1785795233.627831601,/loadcell_data_filtered.wrench.force.z,872.8406221632196
3.852549697,1785795233.627971793,/loadcell_data_filtered.wrench.force.z,870.905610473466
3.852686531,1785795233.628108627,/loadcell_data_filtered.wrench.force.z,871.2036696859914
3.852815646,1785795233.628237742,/loadcell_data_filtered.wrench.force.z,871.9311807264717
3.8535759890000003,1785795233.628998085,/loadcell_data_filtered.wrench.force.z,872.5965141194137
3.8535835,1785795233.629005596,/loadcell_data_filtered.wrench.force.z,872.9309812026667
3.853586114,1785795233.629008210,/loadcell_data_filtered.wrench.force.z,871.9885690972465
3.8535882580000003,1785795233.629010354,/loadcell_data_filtered.wrench.force.z,872.1017248906945
3.854101371,1785795233.629523467,/loadcell_data_filtered.wrench.force.z,871.9741205238015
3.854518183,1785795233.629940279,/loadcell_data_filtered.wrench.force.z,872.4060390976093
3.855190366,1785795233.630612462,/loadcell_data_filtered.wrench.force.z,872.4357833535771
3.855808167,1785795233.631230263,/loadcell_data_filtered.wrench.force.z,873.4115079937663
3.856119026,1785795233.631541122,/loadcell_data_filtered.wrench.force.z,879.9724349942691
3.8577427970000002,1785795233.633164893,/loadcell_data_filtered.wrench.force.z,884.292676953142
3.858015672,1785795233.633437768,/loadcell_data_filtered.wrench.force.z,888.5084735018862
3.858135523,1785795233.633557619,/loadcell_data_filtered.wrench.force.z,892.628875297228
3.858252682,1785795233.633674778,/loadcell_data_filtered.wrench.force.z,896.7437633620906
3.858649645,1785795233.634071741,/loadcell_data_filtered.wrench.force.z,898.366630867217
3.859170574,1785795233.634592670,/loadcell_data_filtered.wrench.force.z,899.1771595116334
3.859426206,1785795233.634848302,/loadcell_data_filtered.wrench.force.z,899.533446817633
3.8599699220000003,1785795233.635392018,/loadcell_data_filtered.wrench.force.z,900.0733026623744
3.8609786550000003,1785795233.636400751,/loadcell_data_filtered.wrench.force.z,900.5276979738321
3.861348047,1785795233.636770143,/loadcell_data_filtered.wrench.force.z,900.731893417685
3.861669182,1785795233.637091278,/loadcell_data_filtered.wrench.force.z,901.170461484273
3.862030321,1785795233.637452417,/loadcell_data_filtered.wrench.force.z,901.4771352471636
3.862646835,1785795233.638068931,/loadcell_data_filtered.wrench.force.z,901.5492136677236
3.863050453,1785795233.638472549,/loadcell_data_filtered.wrench.force.z,901.6392604159666
3.863759854,1785795233.639181950,/loadcell_data_filtered.wrench.force.z,901.2125324323434
3.864229939,1785795233.639652035,/loadcell_data_filtered.wrench.force.z,900.0855427202022
3.867693461,1785795233.643115557,/loadcell_data_filtered.wrench.force.z,894.2615922563166
3.868179285,1785795233.643601381,/loadcell_data_filtered.wrench.force.z,889.8028958250151
3.868482917,1785795233.643905013,/loadcell_data_filtered.wrench.force.z,886.3223853574092
3.869124928,1785795233.644547024,/loadcell_data_filtered.wrench.force.z,883.6985015827862
3.869410725,1785795233.644832821,/loadcell_data_filtered.wrench.force.z,880.7953645391856
3.869774061,1785795233.645196157,/loadcell_data_filtered.wrench.force.z,879.4704508204729
3.870186314,1785795233.645608410,/loadcell_data_filtered.wrench.force.z,878.8395987799946
3.8705782280000003,1785795233.646000324,/loadcell_data_filtered.wrench.force.z,877.5115201035054
3.870877082,1785795233.646299178,/loadcell_data_filtered.wrench.force.z,876.3398984238163
3.871183782,1785795233.646605878,/loadcell_data_filtered.wrench.force.z,875.871478185757
3.871537104,1785795233.646959200,/loadcell_data_filtered.wrench.force.z,875.3005114225044
3.871806062,1785795233.647228158,/loadcell_data_filtered.wrench.force.z,874.5552132453282
3.878582311,1785795233.654004407,/loadcell_data_filtered.wrench.force.z,873.5993376394132
3.878598255,1785795233.654020351,/loadcell_data_filtered.wrench.force.z,872.8604614970092
3.878600669,1785795233.654022765,/loadcell_data_filtered.wrench.force.z,872.1479885478086
3.8788805010000003,1785795233.654302597,/loadcell_data_filtered.wrench.force.z,871.5943229036425
3.8793958870000003,1785795233.654817983,/loadcell_data_filtered.wrench.force.z,875.4263723531982
3.879844777,1785795233.655266873,/loadcell_data_filtered.wrench.force.z,878.2045595008832
3.88020378,1785795233.655625876,/loadcell_data_filtered.wrench.force.z,879.3129494950101
3.880643381,1785795233.656065477,/loadcell_data_filtered.wrench.force.z,879.4569391576466
3.881012745,1785795233.656434841,/loadcell_data_filtered.wrench.force.z,879.5888034549837
3.881730568,1785795233.657152664,/loadcell_data_filtered.wrench.force.z,879.5720251596882
3.8850442430000003,1785795233.660466339,/loadcell_data_filtered.wrench.force.z,879.6278695354802
3.8851962760000003,1785795233.660618372,/loadcell_data_filtered.wrench.force.z,879.8179513172869
3.885239756,1785795233.660661852,/loadcell_data_filtered.wrench.force.z,880.3198352343327
3.885284832,1785795233.660706928,/loadcell_data_filtered.wrench.force.z,880.2689067033456
3.8853239950000003,1785795233.660746091,/loadcell_data_filtered.wrench.force.z,880.9552530515937
3.886119007,1785795233.661541103,/loadcell_data_filtered.wrench.force.z,881.3462096879706
3.8862277460000003,1785795233.661649842,/loadcell_data_filtered.wrench.force.z,876.549350034916
3.886991115,1785795233.662413211,/loadcell_data_filtered.wrench.force.z,873.6616985422246
3.887185765,1785795233.662607861,/loadcell_data_filtered.wrench.force.z,869.9418029034638
3.887404513,1785795233.662826609,/loadcell_data_filtered.wrench.force.z,867.9231411069592
3.888607867,1785795233.664029963,/loadcell_data_filtered.wrench.force.z,865.7227268258889
3.888629594,1785795233.664051690,/loadcell_data_filtered.wrench.force.z,864.9109093968808
3.888632417,1785795233.664054513,/loadcell_data_filtered.wrench.force.z,864.0934034016789
3.888634647,1785795233.664056743,/loadcell_data_filtered.wrench.force.z,864.9677190423295
3.889551137,1785795233.664973233,/loadcell_data_filtered.wrench.force.z,865.4543247125937
3.889583044,1785795233.665005140,/loadcell_data_filtered.wrench.force.z,865.3023875254377
3.889585854,1785795233.665007950,/loadcell_data_filtered.wrench.force.z,865.4531253674392
3.889858735,1785795233.665280831,/loadcell_data_filtered.wrench.force.z,865.1446945152453
3.890388982,1785795233.665811078,/loadcell_data_filtered.wrench.force.z,865.7653513725705
3.890606823,1785795233.666028919,/loadcell_data_filtered.wrench.force.z,866.2974179937204
3.890676863,1785795233.666098959,/loadcell_data_filtered.wrench.force.z,867.0178393350768
3.8909435720000003,1785795233.666365668,/loadcell_data_filtered.wrench.force.z,867.7439865807647
3.89128802,1785795233.666710116,/loadcell_data_filtered.wrench.force.z,868.9312075581104
3.8915820510000003,1785795233.667004147,/loadcell_data_filtered.wrench.force.z,875.7112608789919
3.891896811,1785795233.667318907,/loadcell_data_filtered.wrench.force.z,880.4544797392931
3.8921232,1785795233.667545296,/loadcell_data_filtered.wrench.force.z,883.6634480902828
3.892288144,1785795233.667710240,/loadcell_data_filtered.wrench.force.z,887.0954009860753
3.892728589,1785795233.668150685,/loadcell_data_filtered.wrench.force.z,890.4004525855298
3.892935393,1785795233.668357489,/loadcell_data_filtered.wrench.force.z,892.4258448808664
3.893208937,1785795233.668631033,/loadcell_data_filtered.wrench.force.z,893.4604635112306
3.893561768,1785795233.668983864,/loadcell_data_filtered.wrench.force.z,893.8420301109734
3.893774722,1785795233.669196818,/loadcell_data_filtered.wrench.force.z,894.5277384327678
3.898453429,1785795233.673875525,/loadcell_data_filtered.wrench.force.z,895.070908797525
3.900589431,1785795233.676011527,/loadcell_data_filtered.wrench.force.z,895.438041170127
3.900603684,1785795233.676025780,/loadcell_data_filtered.wrench.force.z,896.0556361749284
3.900605647,1785795233.676027743,/loadcell_data_filtered.wrench.force.z,896.6746130764705
3.900607351,1785795233.676029447,/loadcell_data_filtered.wrench.force.z,897.2279105619394
3.900608827,1785795233.676030923,/loadcell_data_filtered.wrench.force.z,897.8194862454744
3.90061044,1785795233.676032536,/loadcell_data_filtered.wrench.force.z,898.2174805475493
3.900612176,1785795233.676034272,/loadcell_data_filtered.wrench.force.z,897.024564512086
3.900747105,1785795233.676169201,/loadcell_data_filtered.wrench.force.z,892.7474565851472
3.901218047,1785795233.676640143,/loadcell_data_filtered.wrench.force.z,889.3467679942347
3.901795954,1785795233.677218050,/loadcell_data_filtered.wrench.force.z,885.6770163881382
3.9025710790000003,1785795233.677993175,/loadcell_data_filtered.wrench.force.z,882.493035370954
3.902937675,1785795233.678359771,/loadcell_data_filtered.wrench.force.z,879.9303502350739
3.903222569,1785795233.678644665,/loadcell_data_filtered.wrench.force.z,879.3347314795188
3.903485311,1785795233.678907407,/loadcell_data_filtered.wrench.force.z,879.8348288924208
3.903748908,1785795233.679171004,/loadcell_data_filtered.wrench.force.z,880.3371612019807
3.903954764,1785795233.679376860,/loadcell_data_filtered.wrench.force.z,880.2831486490624
3.904132808,1785795233.679554904,/loadcell_data_filtered.wrench.force.z,880.2212279979473
3.904606789,1785795233.680028885,/loadcell_data_filtered.wrench.force.z,880.4758262110549
3.90482718,1785795233.680249276,/loadcell_data_filtered.wrench.force.z,880.1227979110516
3.905008881,1785795233.680430977,/loadcell_data_filtered.wrench.force.z,879.9378935507751
3.905168386,1785795233.680590482,/loadcell_data_filtered.wrench.force.z,879.5312041054092
3.9053295390000002,1785795233.680751635,/loadcell_data_filtered.wrench.force.z,879.5580094097687
3.905645852,1785795233.681067948,/loadcell_data_filtered.wrench.force.z,879.0756593160023
3.906063876,1785795233.681485972,/loadcell_data_filtered.wrench.force.z,884.014822485533
3.906306088,1785795233.681728184,/loadcell_data_filtered.wrench.force.z,887.3523574700587
3.91143191,1785795233.686854006,/loadcell_data_filtered.wrench.force.z,891.6181889320691
3.91198599,1785795233.687408086,/loadcell_data_filtered.wrench.force.z,895.1266633347614
3.912491326,1785795233.687913422,/loadcell_data_filtered.wrench.force.z,898.1930194673789
3.912932857,1785795233.688354953,/loadcell_data_filtered.wrench.force.z,900.261851934714
3.913333754,1785795233.688755850,/loadcell_data_filtered.wrench.force.z,901.967422115978
3.913733647,1785795233.689155743,/loadcell_data_filtered.wrench.force.z,902.2744594361992
3.914116661,1785795233.689538757,/loadcell_data_filtered.wrench.force.z,902.9302757089451
3.914414733,1785795233.689836829,/loadcell_data_filtered.wrench.force.z,904.3459213433397
3.9146636480000003,1785795233.690085744,/loadcell_data_filtered.wrench.force.z,904.9248114596477
3.914938319,1785795233.690360415,/loadcell_data_filtered.wrench.force.z,905.7412532928528
3.915204755,1785795233.690626851,/loadcell_data_filtered.wrench.force.z,905.9956249327178
3.9155251040000003,1785795233.690947200,/loadcell_data_filtered.wrench.force.z,906.4855070074263
3.91586128,1785795233.691283376,/loadcell_data_filtered.wrench.force.z,906.9545085125549
3.919807873,1785795233.695229969,/loadcell_data_filtered.wrench.force.z,896.6684182508901
3.920157925,1785795233.695580021,/loadcell_data_filtered.wrench.force.z,894.1146247498406
3.920463969,1785795233.695886065,/loadcell_data_filtered.wrench.force.z,891.2868677048764
3.9208778520000003,1785795233.696299948,/loadcell_data_filtered.wrench.force.z,889.3632148027641
3.921250076,1785795233.696672172,/loadcell_data_filtered.wrench.force.z,882.3526328373548
3.921541352,1785795233.696963448,/loadcell_data_filtered.wrench.force.z,880.9557458974971
3.921754242,1785795233.697176338,/loadcell_data_filtered.wrench.force.z,882.3036366275882
3.921952044,1785795233.697374140,/loadcell_data_filtered.wrench.force.z,884.1401003159106
3.922126282,1785795233.697548378,/loadcell_data_filtered.wrench.force.z,885.3937756689232
3.922323421,1785795233.697745517,/loadcell_data_filtered.wrench.force.z,886.5644568250465
3.922506303,1785795233.697928399,/loadcell_data_filtered.wrench.force.z,886.4277496533268
3.922738008,1785795233.698160104,/loadcell_data_filtered.wrench.force.z,885.5330798287546
3.9229456330000003,1785795233.698367729,/loadcell_data_filtered.wrench.force.z,885.4897098633987
3.923148733,1785795233.698570829,/loadcell_data_filtered.wrench.force.z,880.3277628234812
3.923339147,1785795233.698761243,/loadcell_data_filtered.wrench.force.z,878.3855456878489
3.923533428,1785795233.698955524,/loadcell_data_filtered.wrench.force.z,877.260804802014
3.92373607,1785795233.699158166,/loadcell_data_filtered.wrench.force.z,882.8181591408539
3.924018962,1785795233.699441058,/loadcell_data_filtered.wrench.force.z,886.9079090820132
3.924279299,1785795233.699701395,/loadcell_data_filtered.wrench.force.z,890.1464395904412
3.924502343,1785795233.699924439,/loadcell_data_filtered.wrench.force.z,892.5003775048444
3.928614517,1785795233.704036613,/loadcell_data_filtered.wrench.force.z,894.5009333585664
3.929023601,1785795233.704445697,/loadcell_data_filtered.wrench.force.z,895.1693697685637
3.929268402,1785795233.704690498,/loadcell_data_filtered.wrench.force.z,895.0922706393428
3.92947411,1785795233.704896206,/loadcell_data_filtered.wrench.force.z,890.1105814299423
3.9298231,1785795233.705245196,/loadcell_data_filtered.wrench.force.z,886.0979996286409
3.930025321,1785795233.705447417,/loadcell_data_filtered.wrench.force.z,885.217974784289
3.930245906,1785795233.705668002,/loadcell_data_filtered.wrench.force.z,883.5420178423362
3.930548826,1785795233.705970922,/loadcell_data_filtered.wrench.force.z,883.0844627452636
3.930980236,1785795233.706402332,/loadcell_data_filtered.wrench.force.z,881.5444729756995
3.9312452870000003,1785795233.706667383,/loadcell_data_filtered.wrench.force.z,880.8194758470485
3.931478892,1785795233.706900988,/loadcell_data_filtered.wrench.force.z,880.3450047548257
3.9317659760000003,1785795233.707188072,/loadcell_data_filtered.wrench.force.z,879.8929769948717
3.93209821,1785795233.707520306,/loadcell_data_filtered.wrench.force.z,876.6916918316489
3.932377406,1785795233.707799502,/loadcell_data_filtered.wrench.force.z,871.3314226366855
3.932709977,1785795233.708132073,/loadcell_data_filtered.wrench.force.z,864.8260633473247
3.933000447,1785795233.708422543,/loadcell_data_filtered.wrench.force.z,860.4652048050206
3.9347447310000003,1785795233.710166827,/loadcell_data_filtered.wrench.force.z,856.5332753967871
3.934973967,1785795233.710396063,/loadcell_data_filtered.wrench.force.z,853.3073827100656
3.935125327,1785795233.710547423,/loadcell_data_filtered.wrench.force.z,850.2889489335781
3.935271639,1785795233.710693735,/loadcell_data_filtered.wrench.force.z,843.3656348247263
3.9353882110000002,1785795233.710810307,/loadcell_data_filtered.wrench.force.z,843.7433156451805
3.935519519,1785795233.710941615,/loadcell_data_filtered.wrench.force.z,842.8705834612501
3.935671786,1785795233.711093882,/loadcell_data_filtered.wrench.force.z,842.5226266850964
3.936239039,1785795233.711661135,/loadcell_data_filtered.wrench.force.z,842.1164486401476
3.936610983,1785795233.712033079,/loadcell_data_filtered.wrench.force.z,841.7186439022313
3.937216819,1785795233.712638915,/loadcell_data_filtered.wrench.force.z,841.0806989788803
3.937746022,1785795233.713168118,/loadcell_data_filtered.wrench.force.z,840.7253670464689
3.9382694220000003,1785795233.713691518,/loadcell_data_filtered.wrench.force.z,840.6627162348285
3.9386388820000002,1785795233.714060978,/loadcell_data_filtered.wrench.force.z,840.6369308064026
3.939226317,1785795233.714648413,/loadcell_data_filtered.wrench.force.z,846.2248620789998
3.9397149970000003,1785795233.715137093,/loadcell_data_filtered.wrench.force.z,850.2424777981049
3.942243304,1785795233.717665400,/loadcell_data_filtered.wrench.force.z,855.0847092176957
3.942516035,1785795233.717938131,/loadcell_data_filtered.wrench.force.z,858.8259287813913
3.942640735,1785795233.718062831,/loadcell_data_filtered.wrench.force.z,862.5816668503135
3.942763121,1785795233.718185217,/loadcell_data_filtered.wrench.force.z,865.7423349309561
3.942901034,1785795233.718323130,/loadcell_data_filtered.wrench.force.z,868.5682289489661
3.943039838,1785795233.718461934,/loadcell_data_filtered.wrench.force.z,870.078345324287
3.9432579260000002,1785795233.718680022,/loadcell_data_filtered.wrench.force.z,869.8262639172953
3.943544812,1785795233.718966908,/loadcell_data_filtered.wrench.force.z,870.2244407905703
3.944146009,1785795233.719568105,/loadcell_data_filtered.wrench.force.z,871.0411767644088
3.94507911,1785795233.720501206,/loadcell_data_filtered.wrench.force.z,871.5900072234658
3.947106894,1785795233.722528990,/loadcell_data_filtered.wrench.force.z,872.3748930297302
3.947383315,1785795233.722805411,/loadcell_data_filtered.wrench.force.z,872.9830961203955
3.948605513,1785795233.724027609,/loadcell_data_filtered.wrench.force.z,873.9111424493677
3.948615977,1785795233.724038073,/loadcell_data_filtered.wrench.force.z,868.7931379937005
3.94861903,1785795233.724041126,/loadcell_data_filtered.wrench.force.z,868.4741718602941
3.948937181,1785795233.724359277,/loadcell_data_filtered.wrench.force.z,862.7687797027043
3.949332438,1785795233.724754534,/loadcell_data_filtered.wrench.force.z,859.8534919963845
3.9496869290000003,1785795233.725109025,/loadcell_data_filtered.wrench.force.z,856.6339872921963
3.949931548,1785795233.725353644,/loadcell_data_filtered.wrench.force.z,854.2374786636846
3.950111996,1785795233.725534092,/loadcell_data_filtered.wrench.force.z,851.811974588054
3.950403187,1785795233.725825283,/loadcell_data_filtered.wrench.force.z,851.255145594667
3.9507716,1785795233.726193696,/loadcell_data_filtered.wrench.force.z,851.0017218930112
3.951272891,1785795233.726694987,/loadcell_data_filtered.wrench.force.z,851.8465093692336
3.951899516,1785795233.727321612,/loadcell_data_filtered.wrench.force.z,852.689088227201
3.952433183,1785795233.727855279,/loadcell_data_filtered.wrench.force.z,853.5742386718972
3.955347463,1785795233.730769559,/loadcell_data_filtered.wrench.force.z,854.2606983990652
3.9558606110000003,1785795233.731282707,/loadcell_data_filtered.wrench.force.z,854.0386000471111
3.9562127570000003,1785795233.731634853,/loadcell_data_filtered.wrench.force.z,854.5783380216469
3.956409947,1785795233.731832043,/loadcell_data_filtered.wrench.force.z,854.5085867431577
3.9566165150000003,1785795233.732038611,/loadcell_data_filtered.wrench.force.z,854.93817054411
3.956802719,1785795233.732224815,/loadcell_data_filtered.wrench.force.z,854.8058017519692
3.9569645700000002,1785795233.732386666,/loadcell_data_filtered.wrench.force.z,854.7538197784273
3.957135007,1785795233.732557103,/loadcell_data_filtered.wrench.force.z,860.9341915060933
3.957292395,1785795233.732714491,/loadcell_data_filtered.wrench.force.z,866.0790182429162
3.95750974,1785795233.732931836,/loadcell_data_filtered.wrench.force.z,870.0047096436622
3.957723754,1785795233.733145850,/loadcell_data_filtered.wrench.force.z,873.1656924513806
3.958155087,1785795233.733577183,/loadcell_data_filtered.wrench.force.z,876.1599878773067
3.959093348,1785795233.734515444,/loadcell_data_filtered.wrench.force.z,877.6305167565054
3.959403086,1785795233.734825182,/loadcell_data_filtered.wrench.force.z,877.9182460796636
3.959678669,1785795233.735100765,/loadcell_data_filtered.wrench.force.z,877.8269445664994
3.96227412,1785795233.737696216,/loadcell_data_filtered.wrench.force.z,877.710178419978
3.962560711,1785795233.737982807,/loadcell_data_filtered.wrench.force.z,877.8088471789273
3.962783795,1785795233.738205891,/loadcell_data_filtered.wrench.force.z,877.96471439995
3.962992661,1785795233.738414757,/loadcell_data_filtered.wrench.force.z,872.5161546147705
3.963184234,1785795233.738606330,/loadcell_data_filtered.wrench.force.z,870.8410562116968
3.964371019,1785795233.739793115,/loadcell_data_filtered.wrench.force.z,869.8275376151711
3.9646624690000003,1785795233.740084565,/loadcell_data_filtered.wrench.force.z,869.4524213502918
3.96495544,1785795233.740377536,/loadcell_data_filtered.wrench.force.z,869.0601817352021
3.965310744,1785795233.740732840,/loadcell_data_filtered.wrench.force.z,859.4973862352114
3.965640272,1785795233.741062368,/loadcell_data_filtered.wrench.force.z,853.9687702116954
3.965947186,1785795233.741369282,/loadcell_data_filtered.wrench.force.z,848.6293836582878
3.966333864,1785795233.741755960,/loadcell_data_filtered.wrench.force.z,845.1150529778873
3.9667362170000002,1785795233.742158313,/loadcell_data_filtered.wrench.force.z,842.7535173335264
3.967221169,1785795233.742643265,/loadcell_data_filtered.wrench.force.z,839.384916492855
3.968826692,1785795233.744248788,/loadcell_data_filtered.wrench.force.z,837.9327839082985
3.970282363,1785795233.745704459,/loadcell_data_filtered.wrench.force.z,837.6462933881331
3.97061996,1785795233.746042056,/loadcell_data_filtered.wrench.force.z,838.248422091176
3.970855659,1785795233.746277755,/loadcell_data_filtered.wrench.force.z,838.8598513120128
3.971065207,1785795233.746487303,/loadcell_data_filtered.wrench.force.z,838.5721897891297
3.971256252,1785795233.746678348,/loadcell_data_filtered.wrench.force.z,839.0957625070384
3.971457961,1785795233.746880057,/loadcell_data_filtered.wrench.force.z,839.596596650391
3.971691277,1785795233.747113373,/loadcell_data_filtered.wrench.force.z,838.915467755933
3.971889334,1785795233.747311430,/loadcell_data_filtered.wrench.force.z,838.278991336898
3.972098873,1785795233.747520969,/loadcell_data_filtered.wrench.force.z,837.9422215858923
3.972354167,1785795233.747776263,/loadcell_data_filtered.wrench.force.z,837.878201548674
3.972642533,1785795233.748064629,/loadcell_data_filtered.wrench.force.z,843.4834444827491
3.9731658110000003,1785795233.748587907,/loadcell_data_filtered.wrench.force.z,847.0322026503828
3.973619598,1785795233.749041694,/loadcell_data_filtered.wrench.force.z,851.1661916267558
3.975766347,1785795233.751188443,/loadcell_data_filtered.wrench.force.z,854.3731427188766
3.975952963,1785795233.751375059,/loadcell_data_filtered.wrench.force.z,857.2617153936123
3.976114201,1785795233.751536297,/loadcell_data_filtered.wrench.force.z,858.8697824029621
3.976276489,1785795233.751698585,/loadcell_data_filtered.wrench.force.z,852.5860390065304
3.976454468,1785795233.751876564,/loadcell_data_filtered.wrench.force.z,853.0292260567257
3.976718891,1785795233.752140987,/loadcell_data_filtered.wrench.force.z,852.2698438768174
3.976966405,1785795233.752388501,/loadcell_data_filtered.wrench.force.z,853.0297600562394
3.977528777,1785795233.752950873,/loadcell_data_filtered.wrench.force.z,852.4012263056595
3.978200766,1785795233.753622862,/loadcell_data_filtered.wrench.force.z,852.5545725803426
3.978687451,1785795233.754109547,/loadcell_data_filtered.wrench.force.z,852.326404539012
3.979191662,1785795233.754613758,/loadcell_data_filtered.wrench.force.z,852.0186980163859
3.979954195,1785795233.755376291,/loadcell_data_filtered.wrench.force.z,851.8024947608596
3.980133558,1785795233.755555654,/loadcell_data_filtered.wrench.force.z,851.2274098389861
3.980659476,1785795233.756081572,/loadcell_data_filtered.wrench.force.z,850.1924171064517
3.981084749,1785795233.756506845,/loadcell_data_filtered.wrench.force.z,843.9366559736932
3.981547127,1785795233.756969223,/loadcell_data_filtered.wrench.force.z,839.8306868625796
3.98213817,1785795233.757560266,/loadcell_data_filtered.wrench.force.z,835.8594066208544
3.9832478030000003,1785795233.758669899,/loadcell_data_filtered.wrench.force.z,832.850330273845
3.9837327670000002,1785795233.759154863,/loadcell_data_filtered.wrench.force.z,829.9846323439596
3.985820425,1785795233.761242521,/loadcell_data_filtered.wrench.force.z,829.1934184007002
3.986928549,1785795233.762350645,/loadcell_data_filtered.wrench.force.z,828.0397302848975
3.987255705,1785795233.762677801,/loadcell_data_filtered.wrench.force.z,828.5800752183875
3.987461263,1785795233.762883359,/loadcell_data_filtered.wrench.force.z,830.0079797971244
3.987668321,1785795233.763090417,/loadcell_data_filtered.wrench.force.z,830.8453025389149
