elapsed time,timestamp,topic,value
0.009564982000000001,1785795158.250499116,/loadcell_data_filtered.wrench.force.z,7.018118117079943
0.01013647,1785795158.251070604,/loadcell_data_filtered.wrench.force.z,6.3904658460609465
0.010615785,1785795158.251549919,/loadcell_data_filtered.wrench.force.z,1.0578421813499412
0.010997789000000001,1785795158.251931923,/loadcell_data_filtered.wrench.force.z,1.4640929997669347
0.011372129,1785795158.252306263,/loadcell_data_filtered.wrench.force.z,-4.300607664334724
0.0117484,1785795158.252682534,/loadcell_data_filtered.wrench.force.z,-5.706313469628654
0.012156684000000001,1785795158.253090818,/loadcell_data_filtered.wrench.force.z,-3.512405965391425
0.012488863000000001,1785795158.253422997,/loadcell_data_filtered.wrench.force.z,4.945399661966856
0.012831518,1785795158.253765652,/loadcell_data_filtered.wrench.force.z,9.13076102156035
0.013083843000000001,1785795158.254017977,/loadcell_data_filtered.wrench.force.z,15.251084820434093
0.013218625000000001,1785795158.254152759,/loadcell_data_filtered.wrench.force.z,20.18663923050586
0.013343465,1785795158.254277599,/loadcell_data_filtered.wrench.force.z,25.30760633406766
0.013461027,1785795158.254395161,/loadcell_data_filtered.wrench.force.z,28.2507770451407
0.013597955,1785795158.254532089,/loadcell_data_filtered.wrench.force.z,30.169711490298624
0.013713817000000001,1785795158.254647951,/loadcell_data_filtered.wrench.force.z,31.17968863979355
0.013827105000000001,1785795158.254761239,/loadcell_data_filtered.wrench.force.z,32.10774941335312
0.018562600000000002,1785795158.259496734,/loadcell_data_filtered.wrench.force.z,33.59865818972148
0.019302458,1785795158.260236592,/loadcell_data_filtered.wrench.force.z,35.637709704876634
0.019877884000000002,1785795158.260812018,/loadcell_data_filtered.wrench.force.z,37.220289356134025
0.020314735,1785795158.261248869,/loadcell_data_filtered.wrench.force.z,38.88696687212082
0.020782251,1785795158.261716385,/loadcell_data_filtered.wrench.force.z,40.258043774593084
0.02132788,1785795158.262262014,/loadcell_data_filtered.wrench.force.z,41.38904837943689
0.021850106,1785795158.262784240,/loadcell_data_filtered.wrench.force.z,39.1127801119998
0.022352628000000003,1785795158.263286762,/loadcell_data_filtered.wrench.force.z,35.15045855286879
0.022818525000000003,1785795158.263752659,/loadcell_data_filtered.wrench.force.z,30.74381861403619
0.023317925,1785795158.264252059,/loadcell_data_filtered.wrench.force.z,27.014453063596036
0.023824276000000002,1785795158.264758410,/loadcell_data_filtered.wrench.force.z,24.270354790012156
0.026442497000000002,1785795158.267376631,/loadcell_data_filtered.wrench.force.z,21.240204779479203
0.027466549000000003,1785795158.268400683,/loadcell_data_filtered.wrench.force.z,18.997441284263985
0.027763995000000003,1785795158.268698129,/loadcell_data_filtered.wrench.force.z,19.459667509244685
0.028024311000000003,1785795158.268958445,/loadcell_data_filtered.wrench.force.z,19.75042745787575
0.028268394000000002,1785795158.269202528,/loadcell_data_filtered.wrench.force.z,19.282918086700764
0.028458860000000002,1785795158.269392994,/loadcell_data_filtered.wrench.force.z,19.261067652925483
0.028661119000000002,1785795158.269595253,/loadcell_data_filtered.wrench.force.z,19.31837594815638
0.028892156000000002,1785795158.269826290,/loadcell_data_filtered.wrench.force.z,24.380081277539084
0.029114921000000002,1785795158.270049055,/loadcell_data_filtered.wrench.force.z,29.685040236010646
0.029282004,1785795158.270216138,/loadcell_data_filtered.wrench.force.z,35.11417791765331
0.029434546000000002,1785795158.270368680,/loadcell_data_filtered.wrench.force.z,39.428437032120925
0.029592834000000002,1785795158.270526968,/loadcell_data_filtered.wrench.force.z,42.89537268374485
0.029744173000000002,1785795158.270678307,/loadcell_data_filtered.wrench.force.z,44.49507459788662
0.029902792,1785795158.270836926,/loadcell_data_filtered.wrench.force.z,42.01480317265011
0.030028192000000002,1785795158.270962326,/loadcell_data_filtered.wrench.force.z,42.789398196035386
0.030148792,1785795158.271082926,/loadcell_data_filtered.wrench.force.z,43.52052857840734
0.030261525,1785795158.271195659,/loadcell_data_filtered.wrench.force.z,43.42260073649353
0.030377057000000002,1785795158.271311191,/loadcell_data_filtered.wrench.force.z,42.660481117027075
0.030491675000000003,1785795158.271425809,/loadcell_data_filtered.wrench.force.z,42.569375210418315
0.030607557,1785795158.271541691,/loadcell_data_filtered.wrench.force.z,42.24569811035221
0.030970063000000003,1785795158.271904197,/loadcell_data_filtered.wrench.force.z,42.10664465253399
0.031543608,1785795158.272477742,/loadcell_data_filtered.wrench.force.z,42.062024511252496
0.031931047000000004,1785795158.272865181,/loadcell_data_filtered.wrench.force.z,41.79867616976378
0.032459006,1785795158.273393140,/loadcell_data_filtered.wrench.force.z,41.57666425545598
0.039524393000000005,1785795158.280458527,/loadcell_data_filtered.wrench.force.z,34.73781178091727
0.043386768000000006,1785795158.284320902,/loadcell_data_filtered.wrench.force.z,31.93959672743339
0.043809546000000005,1785795158.284743680,/loadcell_data_filtered.wrench.force.z,32.738086961347456
0.044214,1785795158.285148134,/loadcell_data_filtered.wrench.force.z,33.74683814135405
0.044514493,1785795158.285448627,/loadcell_data_filtered.wrench.force.z,33.534678633568205
0.044750469,1785795158.285684603,/loadcell_data_filtered.wrench.force.z,34.10318252976916
0.045009303,1785795158.285943437,/loadcell_data_filtered.wrench.force.z,35.39761510089282
0.045291285,1785795158.286225419,/loadcell_data_filtered.wrench.force.z,43.500932254236446
0.045508413000000005,1785795158.286442547,/loadcell_data_filtered.wrench.force.z,49.41855769695425
0.045686258,1785795158.286620392,/loadcell_data_filtered.wrench.force.z,54.37274443900815
0.045851395,1785795158.286785529,/loadcell_data_filtered.wrench.force.z,58.95528915228614
0.046024773000000005,1785795158.286958907,/loadcell_data_filtered.wrench.force.z,59.17035704977335
0.046201143,1785795158.287135277,/loadcell_data_filtered.wrench.force.z,59.37929900202952
0.046360137,1785795158.287294271,/loadcell_data_filtered.wrench.force.z,60.2734735518352
0.046644438,1785795158.287578572,/loadcell_data_filtered.wrench.force.z,60.07863144693081
0.046820505000000005,1785795158.287754639,/loadcell_data_filtered.wrench.force.z,60.36596847225475
0.046975033000000006,1785795158.287909167,/loadcell_data_filtered.wrench.force.z,60.94151869155592
0.047148165000000006,1785795158.288082299,/loadcell_data_filtered.wrench.force.z,54.97588619443623
0.053249997,1785795158.294184131,/loadcell_data_filtered.wrench.force.z,52.64093034956516
0.0537127,1785795158.294646834,/loadcell_data_filtered.wrench.force.z,51.69647247087198
0.053846409000000005,1785795158.294780543,/loadcell_data_filtered.wrench.force.z,52.13418703551329
0.053978543000000004,1785795158.294912677,/loadcell_data_filtered.wrench.force.z,48.62756233556099
0.054113782000000006,1785795158.295047916,/loadcell_data_filtered.wrench.force.z,44.14698729906269
0.054243088,1785795158.295177222,/loadcell_data_filtered.wrench.force.z,40.26318264833679
0.054368694,1785795158.295302828,/loadcell_data_filtered.wrench.force.z,36.72464811676772
0.05448598,1785795158.295420114,/loadcell_data_filtered.wrench.force.z,33.823289287346846
0.05460455400000001,1785795158.295538688,/loadcell_data_filtered.wrench.force.z,31.104620320585376
0.054725444000000005,1785795158.295659578,/loadcell_data_filtered.wrench.force.z,30.392934244513345
0.054843582,1785795158.295777716,/loadcell_data_filtered.wrench.force.z,30.701389905252974
0.054960657,1785795158.295894791,/loadcell_data_filtered.wrench.force.z,31.651870824352038
0.05509999,1785795158.296034124,/loadcell_data_filtered.wrench.force.z,31.53846913657142
0.055678847000000004,1785795158.296612981,/loadcell_data_filtered.wrench.force.z,28.876584372299213
0.055967592000000004,1785795158.296901726,/loadcell_data_filtered.wrench.force.z,28.67684034229998
0.056118146,1785795158.297052280,/loadcell_data_filtered.wrench.force.z,28.903403230795572
0.056255109000000005,1785795158.297189243,/loadcell_data_filtered.wrench.force.z,28.596606868539293
0.056440856000000005,1785795158.297374990,/loadcell_data_filtered.wrench.force.z,27.81746473363904
0.059309642,1785795158.300243776,/loadcell_data_filtered.wrench.force.z,27.099299639464814
0.059523041000000006,1785795158.300457175,/loadcell_data_filtered.wrench.force.z,27.05269461734465
0.059662148000000005,1785795158.300596282,/loadcell_data_filtered.wrench.force.z,33.57216182722029
0.059806612,1785795158.300740746,/loadcell_data_filtered.wrench.force.z,39.470601350828616
0.059945026000000005,1785795158.300879160,/loadcell_data_filtered.wrench.force.z,45.61331644026593
0.060061756,1785795158.300995890,/loadcell_data_filtered.wrench.force.z,50.27217232638091
0.060211262,1785795158.301145396,/loadcell_data_filtered.wrench.force.z,53.764461402111735
0.060369965000000005,1785795158.301304099,/loadcell_data_filtered.wrench.force.z,54.71822898596245
0.060749526000000005,1785795158.301683660,/loadcell_data_filtered.wrench.force.z,55.33553333745082
0.061613137000000005,1785795158.302547271,/loadcell_data_filtered.wrench.force.z,55.269516201497375
0.062134594,1785795158.303068728,/loadcell_data_filtered.wrench.force.z,55.292186821261964
0.063246007,1785795158.304180141,/loadcell_data_filtered.wrench.force.z,55.778054945702436
0.06337928000000001,1785795158.304313414,/loadcell_data_filtered.wrench.force.z,56.28436862366404
0.063501742,1785795158.304435876,/loadcell_data_filtered.wrench.force.z,57.03972867078012
0.063777472,1785795158.304711606,/loadcell_data_filtered.wrench.force.z,57.347798179890034
0.06431962100000001,1785795158.305253755,/loadcell_data_filtered.wrench.force.z,57.940186403112
0.064876021,1785795158.305810155,/loadcell_data_filtered.wrench.force.z,58.240997690261565
0.065562517,1785795158.306496651,/loadcell_data_filtered.wrench.force.z,58.10139453830239
0.06592183900000001,1785795158.306855973,/loadcell_data_filtered.wrench.force.z,57.27044185005614
0.067652737,1785795158.308586871,/loadcell_data_filtered.wrench.force.z,50.50352685189427
0.069789485,1785795158.310723619,/loadcell_data_filtered.wrench.force.z,45.67379502153092
0.070121167,1785795158.311055301,/loadcell_data_filtered.wrench.force.z,41.840239369813986
0.07034531000000001,1785795158.311279444,/loadcell_data_filtered.wrench.force.z,39.14695478057924
0.070556175,1785795158.311490309,/loadcell_data_filtered.wrench.force.z,35.495309163064846
0.07073865900000001,1785795158.311672793,/loadcell_data_filtered.wrench.force.z,32.6762028673313
0.070922172,1785795158.311856306,/loadcell_data_filtered.wrench.force.z,31.20377548361031
0.071097726,1785795158.312031860,/loadcell_data_filtered.wrench.force.z,30.845927658367472
0.071283233,1785795158.312217367,/loadcell_data_filtered.wrench.force.z,30.54980601715213
0.071542988,1785795158.312477122,/loadcell_data_filtered.wrench.force.z,30.28981082331727
0.07181984500000001,1785795158.312753979,/loadcell_data_filtered.wrench.force.z,30.008628630554767
0.072201889,1785795158.313136023,/loadcell_data_filtered.wrench.force.z,29.057141199268063
0.073006,1785795158.313940134,/loadcell_data_filtered.wrench.force.z,27.849110315187367
0.07352765800000001,1785795158.314461792,/loadcell_data_filtered.wrench.force.z,26.571897156996222
0.073886113,1785795158.314820247,/loadcell_data_filtered.wrench.force.z,26.73392416310903
0.074231421,1785795158.315165555,/loadcell_data_filtered.wrench.force.z,25.250338967585247
0.074515126,1785795158.315449260,/loadcell_data_filtered.wrench.force.z,25.54915882837769
0.074889698,1785795158.315823832,/loadcell_data_filtered.wrench.force.z,32.11292533937963
0.075400362,1785795158.316334496,/loadcell_data_filtered.wrench.force.z,36.96157643925058
0.076007505,1785795158.316941639,/loadcell_data_filtered.wrench.force.z,40.94134553003134
0.076393153,1785795158.317327287,/loadcell_data_filtered.wrench.force.z,43.965992976273654
0.080050172,1785795158.320984306,/loadcell_data_filtered.wrench.force.z,47.07441208988107
0.082660126,1785795158.323594260,/loadcell_data_filtered.wrench.force.z,48.51655170507179
0.083027343,1785795158.323961477,/loadcell_data_filtered.wrench.force.z,48.92359990055933
0.083335211,1785795158.324269345,/loadcell_data_filtered.wrench.force.z,49.99720599439683
0.0836547,1785795158.324588834,/loadcell_data_filtered.wrench.force.z,50.620645217373614
0.08397452000000001,1785795158.324908654,/loadcell_data_filtered.wrench.force.z,51.28885334797492
0.08450014600000001,1785795158.325434280,/loadcell_data_filtered.wrench.force.z,52.52914557261112
0.084968,1785795158.325902134,/loadcell_data_filtered.wrench.force.z,52.078130063358216
0.085473776,1785795158.326407910,/loadcell_data_filtered.wrench.force.z,52.92846102317795
0.086009361,1785795158.326943495,/loadcell_data_filtered.wrench.force.z,53.101250728546894
0.086494467,1785795158.327428601,/loadcell_data_filtered.wrench.force.z,53.051135228158145
0.08693336600000001,1785795158.327867500,/loadcell_data_filtered.wrench.force.z,48.67906739283135
0.087370716,1785795158.328304850,/loadcell_data_filtered.wrench.force.z,42.71531809520161
0.087801639,1785795158.328735773,/loadcell_data_filtered.wrench.force.z,36.51598116449677
0.088287637,1785795158.329221771,/loadcell_data_filtered.wrench.force.z,32.231284100924476
0.088840366,1785795158.329774500,/loadcell_data_filtered.wrench.force.z,28.73537763027727
0.08946720000000001,1785795158.330401334,/loadcell_data_filtered.wrench.force.z,25.646494716073825
0.09030718600000001,1785795158.331241320,/loadcell_data_filtered.wrench.force.z,23.43824829372338
0.09045761000000001,1785795158.331391744,/loadcell_data_filtered.wrench.force.z,23.022932054588892
0.09119977200000001,1785795158.332133906,/loadcell_data_filtered.wrench.force.z,23.04123620843731
0.091714424,1785795158.332648558,/loadcell_data_filtered.wrench.force.z,22.661499292180537
0.092133165,1785795158.333067299,/loadcell_data_filtered.wrench.force.z,22.232283631441813
0.09261195700000001,1785795158.333546091,/loadcell_data_filtered.wrench.force.z,21.808737875122688
0.093109197,1785795158.334043331,/loadcell_data_filtered.wrench.force.z,20.875619361694486
0.09365773000000001,1785795158.334591864,/loadcell_data_filtered.wrench.force.z,21.030080167497914
0.094325486,1785795158.335259620,/loadcell_data_filtered.wrench.force.z,19.72946406887179
0.094809104,1785795158.335743238,/loadcell_data_filtered.wrench.force.z,19.30521447073288
0.095300174,1785795158.336234308,/loadcell_data_filtered.wrench.force.z,19.17281934539956
0.095754873,1785795158.336689007,/loadcell_data_filtered.wrench.force.z,23.721936086047585
0.09618908000000001,1785795158.337123214,/loadcell_data_filtered.wrench.force.z,28.226470223166825
0.096600271,1785795158.337534405,/loadcell_data_filtered.wrench.force.z,33.01419781623979
0.097112506,1785795158.338046640,/loadcell_data_filtered.wrench.force.z,36.79572712964729
0.09773039700000001,1785795158.338664531,/loadcell_data_filtered.wrench.force.z,40.124902946479985
0.09828681900000001,1785795158.339220953,/loadcell_data_filtered.wrench.force.z,42.39960434290306
0.09880210900000001,1785795158.339736243,/loadcell_data_filtered.wrench.force.z,44.169136138370305
0.099246107,1785795158.340180241,/loadcell_data_filtered.wrench.force.z,44.50658323832884
0.09963819900000001,1785795158.340572333,/loadcell_data_filtered.wrench.force.z,44.66312520031969
0.10002210900000001,1785795158.340956243,/loadcell_data_filtered.wrench.force.z,45.42071105177165
0.100541211,1785795158.341475345,/loadcell_data_filtered.wrench.force.z,45.491144708399496
0.100993967,1785795158.341928101,/loadcell_data_filtered.wrench.force.z,46.061585924440635
0.101574207,1785795158.342508341,/loadcell_data_filtered.wrench.force.z,46.43475228304818
0.102170671,1785795158.343104805,/loadcell_data_filtered.wrench.force.z,47.08515042210545
0.102746154,1785795158.343680288,/loadcell_data_filtered.wrench.force.z,48.27400111636865
0.10894661400000001,1785795158.349880748,/loadcell_data_filtered.wrench.force.z,48.973149898114976
0.10929440900000001,1785795158.350228543,/loadcell_data_filtered.wrench.force.z,49.881529145532284
0.109618319,1785795158.350552453,/loadcell_data_filtered.wrench.force.z,51.109147094882154
0.109895399,1785795158.350829533,/loadcell_data_filtered.wrench.force.z,51.63631521001485
0.11021030600000001,1785795158.351144440,/loadcell_data_filtered.wrench.force.z,51.595747970695164
0.110576666,1785795158.351510800,/loadcell_data_filtered.wrench.force.z,51.7952942181367
0.110918572,1785795158.351852706,/loadcell_data_filtered.wrench.force.z,52.126398776760134
0.111293738,1785795158.352227872,/loadcell_data_filtered.wrench.force.z,52.913828470796616
0.111656033,1785795158.352590167,/loadcell_data_filtered.wrench.force.z,54.834140454210704
0.112007772,1785795158.352941906,/loadcell_data_filtered.wrench.force.z,61.541867163870016
0.11255205900000001,1785795158.353486193,/loadcell_data_filtered.wrench.force.z,67.07184125524407
0.11295513900000001,1785795158.353889273,/loadcell_data_filtered.wrench.force.z,70.45372468792827
0.11326113800000001,1785795158.354195272,/loadcell_data_filtered.wrench.force.z,70.9013373009501
0.11362105700000001,1785795158.354555191,/loadcell_data_filtered.wrench.force.z,72.37605155188378
0.11402034000000001,1785795158.354954474,/loadcell_data_filtered.wrench.force.z,73.40787671396421
0.114429153,1785795158.355363287,/loadcell_data_filtered.wrench.force.z,73.64614646291622
0.114704939,1785795158.355639073,/loadcell_data_filtered.wrench.force.z,73.31625002354765
0.11504953300000001,1785795158.355983667,/loadcell_data_filtered.wrench.force.z,72.98250787035916
0.115448585,1785795158.356382719,/loadcell_data_filtered.wrench.force.z,73.14145961856966
0.115800545,1785795158.356734679,/loadcell_data_filtered.wrench.force.z,73.075506568846
0.116089431,1785795158.357023565,/loadcell_data_filtered.wrench.force.z,73.14491646584231
0.116343968,1785795158.357278102,/loadcell_data_filtered.wrench.force.z,72.89300488790913
0.11661125000000001,1785795158.357545384,/loadcell_data_filtered.wrench.force.z,72.93325661711708
0.116885842,1785795158.357819976,/loadcell_data_filtered.wrench.force.z,72.787528458911
0.11720205400000001,1785795158.358136188,/loadcell_data_filtered.wrench.force.z,73.01313164478414
0.117535519,1785795158.358469653,/loadcell_data_filtered.wrench.force.z,68.15072750681738
0.117872108,1785795158.358806242,/loadcell_data_filtered.wrench.force.z,63.54409041910691
0.11831823000000001,1785795158.359252364,/loadcell_data_filtered.wrench.force.z,59.22555423800682
0.118655011,1785795158.359589145,/loadcell_data_filtered.wrench.force.z,55.64350655797955
0.118976622,1785795158.359910756,/loadcell_data_filtered.wrench.force.z,52.66018177076906
0.11939788800000001,1785795158.360332022,/loadcell_data_filtered.wrench.force.z,50.202729444355064
0.119813286,1785795158.360747420,/loadcell_data_filtered.wrench.force.z,48.79508705683404
0.120148186,1785795158.361082320,/loadcell_data_filtered.wrench.force.z,48.43518510365996
0.12046823100000001,1785795158.361402365,/loadcell_data_filtered.wrench.force.z,49.16622458161233
0.12084691300000001,1785795158.361781047,/loadcell_data_filtered.wrench.force.z,49.90800433888746
0.12147084100000001,1785795158.362404975,/loadcell_data_filtered.wrench.force.z,50.00852939903339
0.121936154,1785795158.362870288,/loadcell_data_filtered.wrench.force.z,49.68695838360071
0.12225986600000001,1785795158.363194000,/loadcell_data_filtered.wrench.force.z,49.28756737183728
0.12469246,1785795158.365626594,/loadcell_data_filtered.wrench.force.z,48.65218690058773
0.125060577,1785795158.365994711,/loadcell_data_filtered.wrench.force.z,48.44746474747247
0.125390482,1785795158.366324616,/loadcell_data_filtered.wrench.force.z,49.03311495735577
0.125681004,1785795158.366615138,/loadcell_data_filtered.wrench.force.z,49.76255119633428
0.12594143800000002,1785795158.366875572,/loadcell_data_filtered.wrench.force.z,55.824671823751835
0.12626409600000002,1785795158.367198230,/loadcell_data_filtered.wrench.force.z,60.19843197133706
0.126540442,1785795158.367474576,/loadcell_data_filtered.wrench.force.z,63.97064741681307
0.1268098,1785795158.367743934,/loadcell_data_filtered.wrench.force.z,67.86845179325024
0.12735337800000002,1785795158.368287512,/loadcell_data_filtered.wrench.force.z,70.71709276753135
0.128808954,1785795158.369743088,/loadcell_data_filtered.wrench.force.z,72.1459848613577
0.129022822,1785795158.369956956,/loadcell_data_filtered.wrench.force.z,74.07447544598134
0.129220772,1785795158.370154906,/loadcell_data_filtered.wrench.force.z,74.06458460686905
0.129408577,1785795158.370342711,/loadcell_data_filtered.wrench.force.z,74.76840976135959
0.129592221,1785795158.370526355,/loadcell_data_filtered.wrench.force.z,75.76297610079696
0.12975957800000001,1785795158.370693712,/loadcell_data_filtered.wrench.force.z,75.50586724039522
0.13003654,1785795158.370970674,/loadcell_data_filtered.wrench.force.z,74.85016495166745
0.13073283800000002,1785795158.371666972,/loadcell_data_filtered.wrench.force.z,74.80051543307509
0.132149915,1785795158.373084049,/loadcell_data_filtered.wrench.force.z,75.19966255767547
0.13243606900000002,1785795158.373370203,/loadcell_data_filtered.wrench.force.z,74.9400834181324
0.132648708,1785795158.373582842,/loadcell_data_filtered.wrench.force.z,74.79995195174352
0.132849998,1785795158.373784132,/loadcell_data_filtered.wrench.force.z,74.54960301340017
0.133151023,1785795158.374085157,/loadcell_data_filtered.wrench.force.z,67.92302033783922
0.133535653,1785795158.374469787,/loadcell_data_filtered.wrench.force.z,63.46232775048536
0.134395532,1785795158.375329666,/loadcell_data_filtered.wrench.force.z,59.15514905551346
0.134735778,1785795158.375669912,/loadcell_data_filtered.wrench.force.z,55.31902406739597
0.13517583600000002,1785795158.376109970,/loadcell_data_filtered.wrench.force.z,51.65053956180068
0.135532029,1785795158.376466163,/loadcell_data_filtered.wrench.force.z,50.03521595561755
0.139430244,1785795158.380364378,/loadcell_data_filtered.wrench.force.z,48.77184499896166
0.13980167200000002,1785795158.380735806,/loadcell_data_filtered.wrench.force.z,48.727644288630344
0.140064354,1785795158.380998488,/loadcell_data_filtered.wrench.force.z,49.57193800584294
0.14030171400000002,1785795158.381235848,/loadcell_data_filtered.wrench.force.z,50.478906527771116
0.14052166300000002,1785795158.381455797,/loadcell_data_filtered.wrench.force.z,50.86617336007824
0.14073982300000001,1785795158.381673957,/loadcell_data_filtered.wrench.force.z,50.939126055341426
0.14094552800000001,1785795158.381879662,/loadcell_data_filtered.wrench.force.z,51.00352649331176
0.14120654000000002,1785795158.382140674,/loadcell_data_filtered.wrench.force.z,50.73073833497757
0.14146229300000002,1785795158.382396427,/loadcell_data_filtered.wrench.force.z,49.05836284639728
0.141679457,1785795158.382613591,/loadcell_data_filtered.wrench.force.z,46.945394670250266
0.14190897600000002,1785795158.382843110,/loadcell_data_filtered.wrench.force.z,48.63148527319191
0.14214555,1785795158.383079684,/loadcell_data_filtered.wrench.force.z,53.68357224619813
0.142431114,1785795158.383365248,/loadcell_data_filtered.wrench.force.z,57.41284483634447
0.142733467,1785795158.383667601,/loadcell_data_filtered.wrench.force.z,60.82231404988845
0.14318065900000002,1785795158.384114793,/loadcell_data_filtered.wrench.force.z,63.38992432425234
0.143594572,1785795158.384528706,/loadcell_data_filtered.wrench.force.z,65.57331318208314
0.145144297,1785795158.386078431,/loadcell_data_filtered.wrench.force.z,65.92158574864497
0.14568972800000002,1785795158.386623862,/loadcell_data_filtered.wrench.force.z,65.5826066360258
0.14609555800000001,1785795158.387029692,/loadcell_data_filtered.wrench.force.z,65.50678290224634
0.146497329,1785795158.387431463,/loadcell_data_filtered.wrench.force.z,64.55247651698217
0.146890362,1785795158.387824496,/loadcell_data_filtered.wrench.force.z,63.376170313747195
0.147284682,1785795158.388218816,/loadcell_data_filtered.wrench.force.z,62.7498728835779
0.147575851,1785795158.388509985,/loadcell_data_filtered.wrench.force.z,62.05758254672292
0.147838133,1785795158.388772267,/loadcell_data_filtered.wrench.force.z,61.4227598467788
0.148213662,1785795158.389147796,/loadcell_data_filtered.wrench.force.z,60.963142549473154
0.149716446,1785795158.390650580,/loadcell_data_filtered.wrench.force.z,60.544309701736374
0.150246226,1785795158.391180360,/loadcell_data_filtered.wrench.force.z,59.92705044736035
0.15048023300000002,1785795158.391414367,/loadcell_data_filtered.wrench.force.z,54.972970306354796
0.15135906000000002,1785795158.392293194,/loadcell_data_filtered.wrench.force.z,51.083502481350614
0.151622844,1785795158.392556978,/loadcell_data_filtered.wrench.force.z,46.404661961856796
0.151855928,1785795158.392790062,/loadcell_data_filtered.wrench.force.z,42.02354582435647
0.153032375,1785795158.393966509,/loadcell_data_filtered.wrench.force.z,38.0949685738193
0.15306465800000002,1785795158.393998792,/loadcell_data_filtered.wrench.force.z,35.19316046129192
0.153080192,1785795158.394014326,/loadcell_data_filtered.wrench.force.z,33.29021164288086
0.155954636,1785795158.396888770,/loadcell_data_filtered.wrench.force.z,32.69816108828965
0.15633974,1785795158.397273874,/loadcell_data_filtered.wrench.force.z,32.49068485011974
0.156672227,1785795158.397606361,/loadcell_data_filtered.wrench.force.z,33.54367140988017
0.15695467300000002,1785795158.397888807,/loadcell_data_filtered.wrench.force.z,34.36252190046256
0.157296493,1785795158.398230627,/loadcell_data_filtered.wrench.force.z,34.828646884335704
0.157667998,1785795158.398602132,/loadcell_data_filtered.wrench.force.z,35.68326866281028
0.15806567400000002,1785795158.398999808,/loadcell_data_filtered.wrench.force.z,35.720206743580356
0.158438354,1785795158.399372488,/loadcell_data_filtered.wrench.force.z,35.05745521366415
0.15880048300000002,1785795158.399734617,/loadcell_data_filtered.wrench.force.z,33.63375856760482
0.159323303,1785795158.400257437,/loadcell_data_filtered.wrench.force.z,33.11131372444837
0.159638682,1785795158.400572816,/loadcell_data_filtered.wrench.force.z,39.21704693726778
0.15988606,1785795158.400820194,/loadcell_data_filtered.wrench.force.z,44.31790084703192
0.160161977,1785795158.401096111,/loadcell_data_filtered.wrench.force.z,49.02354716497129
0.160438099,1785795158.401372233,/loadcell_data_filtered.wrench.force.z,52.59904134807929
0.16074696300000002,1785795158.401681097,/loadcell_data_filtered.wrench.force.z,55.835416799452815
0.16108519100000002,1785795158.402019325,/loadcell_data_filtered.wrench.force.z,57.045367059092534
0.16145166800000002,1785795158.402385802,/loadcell_data_filtered.wrench.force.z,58.20767951745076
0.1617915,1785795158.402725634,/loadcell_data_filtered.wrench.force.z,58.295994679422336
0.162073297,1785795158.403007431,/loadcell_data_filtered.wrench.force.z,58.442856873529045
0.16238142600000002,1785795158.403315560,/loadcell_data_filtered.wrench.force.z,58.61333617438167
0.162991551,1785795158.403925685,/loadcell_data_filtered.wrench.force.z,58.42402563081131
0.164119714,1785795158.405053848,/loadcell_data_filtered.wrench.force.z,57.97463230489642
0.16456187500000002,1785795158.405496009,/loadcell_data_filtered.wrench.force.z,57.999782457652564
0.16485112100000002,1785795158.405785255,/loadcell_data_filtered.wrench.force.z,58.544365125805356
0.16514201,1785795158.406076144,/loadcell_data_filtered.wrench.force.z,58.53247024141541
0.165517721,1785795158.406451855,/loadcell_data_filtered.wrench.force.z,57.76153682762172
0.166225977,1785795158.407160111,/loadcell_data_filtered.wrench.force.z,57.35812832995296
0.16663172,1785795158.407565854,/loadcell_data_filtered.wrench.force.z,50.62760456236068
0.171837328,1785795158.412771462,/loadcell_data_filtered.wrench.force.z,45.773900909019105
0.172191224,1785795158.413125358,/loadcell_data_filtered.wrench.force.z,41.18094274776221
0.17236590400000001,1785795158.413300038,/loadcell_data_filtered.wrench.force.z,38.0564818059398
0.17248068600000002,1785795158.413414820,/loadcell_data_filtered.wrench.force.z,34.74851840237704
0.172656263,1785795158.413590397,/loadcell_data_filtered.wrench.force.z,33.484102138554604
0.17274783000000002,1785795158.413681964,/loadcell_data_filtered.wrench.force.z,32.9362249428675
0.172881264,1785795158.413815398,/loadcell_data_filtered.wrench.force.z,33.384473407240094
0.173000016,1785795158.413934150,/loadcell_data_filtered.wrench.force.z,33.85501278601343
0.173216216,1785795158.414150350,/loadcell_data_filtered.wrench.force.z,34.402469241619706
0.173418488,1785795158.414352622,/loadcell_data_filtered.wrench.force.z,34.69423030649892
0.173616088,1785795158.414550222,/loadcell_data_filtered.wrench.force.z,34.89533844616251
0.17381336700000002,1785795158.414747501,/loadcell_data_filtered.wrench.force.z,34.459304101126314
0.176564878,1785795158.417499012,/loadcell_data_filtered.wrench.force.z,32.61517518915059
0.176890178,1785795158.417824312,/loadcell_data_filtered.wrench.force.z,32.324928808288604
0.177172095,1785795158.418106229,/loadcell_data_filtered.wrench.force.z,33.065139391768675
0.17741801100000001,1785795158.418352145,/loadcell_data_filtered.wrench.force.z,36.78905254079025
0.177702261,1785795158.418636395,/loadcell_data_filtered.wrench.force.z,42.98475744256952
0.17793113700000002,1785795158.418865271,/loadcell_data_filtered.wrench.force.z,48.67288560702481
0.178173024,1785795158.419107158,/loadcell_data_filtered.wrench.force.z,53.10439507976811
0.178402892,1785795158.419337026,/loadcell_data_filtered.wrench.force.z,56.09214261834763
0.178640595,1785795158.419574729,/loadcell_data_filtered.wrench.force.z,59.243211997426094
0.17889763900000002,1785795158.419831773,/loadcell_data_filtered.wrench.force.z,60.96673582121338
0.179143732,1785795158.420077866,/loadcell_data_filtered.wrench.force.z,61.870269387653885
0.17938547200000002,1785795158.420319606,/loadcell_data_filtered.wrench.force.z,62.09931329829406
0.17962555800000002,1785795158.420559692,/loadcell_data_filtered.wrench.force.z,62.76264659573183
0.17984482400000001,1785795158.420778958,/loadcell_data_filtered.wrench.force.z,63.24161962908268
0.18007208000000002,1785795158.421006214,/loadcell_data_filtered.wrench.force.z,64.01448295181108
0.180404156,1785795158.421338290,/loadcell_data_filtered.wrench.force.z,64.41228469231574
0.18083305700000002,1785795158.421767191,/loadcell_data_filtered.wrench.force.z,64.70132459206489
0.18143762400000002,1785795158.422371758,/loadcell_data_filtered.wrench.force.z,64.96172368779152
0.182074636,1785795158.423008770,/loadcell_data_filtered.wrench.force.z,64.64513584190507
0.182396167,1785795158.423330301,/loadcell_data_filtered.wrench.force.z,64.69265561730974
0.183382649,1785795158.424316783,/loadcell_data_filtered.wrench.force.z,60.04696120691974
0.18408068700000002,1785795158.425014821,/loadcell_data_filtered.wrench.force.z,56.21340640158559
0.18451452200000001,1785795158.425448656,/loadcell_data_filtered.wrench.force.z,52.67132412933007
0.184828453,1785795158.425762587,/loadcell_data_filtered.wrench.force.z,48.872289825197406
0.18520191800000002,1785795158.426136052,/loadcell_data_filtered.wrench.force.z,45.31097043878441
0.185654586,1785795158.426588720,/loadcell_data_filtered.wrench.force.z,42.553316521122376
0.18613817600000002,1785795158.427072310,/loadcell_data_filtered.wrench.force.z,40.385166799934204
0.186652914,1785795158.427587048,/loadcell_data_filtered.wrench.force.z,39.72926197123109
0.187482844,1785795158.428416978,/loadcell_data_filtered.wrench.force.z,39.3949377386586
0.18799865100000002,1785795158.428932785,/loadcell_data_filtered.wrench.force.z,39.35000403947103
0.18854293700000002,1785795158.429477071,/loadcell_data_filtered.wrench.force.z,38.681975918747256
0.189013609,1785795158.429947743,/loadcell_data_filtered.wrench.force.z,37.834748169156434
0.189507583,1785795158.430441717,/loadcell_data_filtered.wrench.force.z,36.978050355527884
0.18993806900000001,1785795158.430872203,/loadcell_data_filtered.wrench.force.z,35.94676057798907
0.190353713,1785795158.431287847,/loadcell_data_filtered.wrench.force.z,34.86059847654741
0.190725513,1785795158.431659647,/loadcell_data_filtered.wrench.force.z,34.41846044777444
0.19100704300000002,1785795158.431941177,/loadcell_data_filtered.wrench.force.z,33.58596145623665
0.19133908800000002,1785795158.432273222,/loadcell_data_filtered.wrench.force.z,38.66814922716726
0.19188285800000002,1785795158.432816992,/loadcell_data_filtered.wrench.force.z,42.5023467663693
0.19259266900000002,1785795158.433526803,/loadcell_data_filtered.wrench.force.z,46.25768442699236
0.19314234200000002,1785795158.434076476,/loadcell_data_filtered.wrench.force.z,49.39830238406907
0.19372604400000001,1785795158.434660178,/loadcell_data_filtered.wrench.force.z,51.936720095716495
0.194117958,1785795158.435052092,/loadcell_data_filtered.wrench.force.z,53.19385829329393
0.195791778,1785795158.436725912,/loadcell_data_filtered.wrench.force.z,54.202819416884594
0.196073518,1785795158.437007652,/loadcell_data_filtered.wrench.force.z,54.252625361681446
0.196383984,1785795158.437318118,/loadcell_data_filtered.wrench.force.z,55.0405979608226
0.19656506,1785795158.437499194,/loadcell_data_filtered.wrench.force.z,56.14336229227429
0.196731921,1785795158.437666055,/loadcell_data_filtered.wrench.force.z,55.92943788335935
0.198036062,1785795158.438970196,/loadcell_data_filtered.wrench.force.z,55.29259575368219
0.198554914,1785795158.439489048,/loadcell_data_filtered.wrench.force.z,55.19390984644154
0.19889083400000002,1785795158.439824968,/loadcell_data_filtered.wrench.force.z,55.813678775222904
0.1992554,1785795158.440189534,/loadcell_data_filtered.wrench.force.z,56.35155225332107
0.20029798000000001,1785795158.441232114,/loadcell_data_filtered.wrench.force.z,55.615037922214746
0.20261335200000002,1785795158.443547486,/loadcell_data_filtered.wrench.force.z,54.975028791543046
0.203008776,1785795158.443942910,/loadcell_data_filtered.wrench.force.z,49.71146115707113
0.20343703400000002,1785795158.444371168,/loadcell_data_filtered.wrench.force.z,46.41839153521057
0.203820038,1785795158.444754172,/loadcell_data_filtered.wrench.force.z,42.753025547135685
0.204314078,1785795158.445248212,/loadcell_data_filtered.wrench.force.z,40.53137545522762
0.20471633800000003,1785795158.445650472,/loadcell_data_filtered.wrench.force.z,38.1896202797599
0.205182155,1785795158.446116289,/loadcell_data_filtered.wrench.force.z,37.20746477844619
0.20556264000000002,1785795158.446496774,/loadcell_data_filtered.wrench.force.z,37.330030802847936
0.205990364,1785795158.446924498,/loadcell_data_filtered.wrench.force.z,37.20150086510355
0.206305971,1785795158.447240105,/loadcell_data_filtered.wrench.force.z,37.02018912474225
0.206569146,1785795158.447503280,/loadcell_data_filtered.wrench.force.z,37.54919511634756
0.20682244500000002,1785795158.447756579,/loadcell_data_filtered.wrench.force.z,38.14530440466812
0.20704554700000002,1785795158.447979681,/loadcell_data_filtered.wrench.force.z,38.094950234321985
0.207277863,1785795158.448211997,/loadcell_data_filtered.wrench.force.z,37.64633834338682
0.207480499,1785795158.448414633,/loadcell_data_filtered.wrench.force.z,37.48323789154748
0.207689016,1785795158.448623150,/loadcell_data_filtered.wrench.force.z,37.46836208282979
0.20790830200000002,1785795158.448842436,/loadcell_data_filtered.wrench.force.z,37.957409361166725
0.210679205,1785795158.451613339,/loadcell_data_filtered.wrench.force.z,41.398956327692304
0.210697298,1785795158.451631432,/loadcell_data_filtered.wrench.force.z,46.24032982806345
0.21070058500000002,1785795158.451634719,/loadcell_data_filtered.wrench.force.z,50.92619704337472
0.21070338800000002,1785795158.451637522,/loadcell_data_filtered.wrench.force.z,54.91218768216988
0.21070607000000002,1785795158.451640204,/loadcell_data_filtered.wrench.force.z,58.32114983207682
0.210834024,1785795158.451768158,/loadcell_data_filtered.wrench.force.z,61.32486418991849
0.21118486,1785795158.452118994,/loadcell_data_filtered.wrench.force.z,62.89671874133007
0.21157905700000001,1785795158.452513191,/loadcell_data_filtered.wrench.force.z,63.799638929745214
0.21196436800000001,1785795158.452898502,/loadcell_data_filtered.wrench.force.z,64.51892645668946
0.212600746,1785795158.453534880,/loadcell_data_filtered.wrench.force.z,65.06698292394475
0.21298312300000002,1785795158.453917257,/loadcell_data_filtered.wrench.force.z,65.72273709499807
0.21327572500000003,1785795158.454209859,/loadcell_data_filtered.wrench.force.z,66.76196053067218
0.21390091800000002,1785795158.454835052,/loadcell_data_filtered.wrench.force.z,67.2627742408713
0.21422807100000002,1785795158.455162205,/loadcell_data_filtered.wrench.force.z,68.22961203886388
0.21478127600000002,1785795158.455715410,/loadcell_data_filtered.wrench.force.z,68.84760131300337
0.21546899600000002,1785795158.456403130,/loadcell_data_filtered.wrench.force.z,69.46013114119425
0.21583231400000003,1785795158.456766448,/loadcell_data_filtered.wrench.force.z,70.46677544041926
0.21637434800000002,1785795158.457308482,/loadcell_data_filtered.wrench.force.z,66.33962828375631
0.216880067,1785795158.457814201,/loadcell_data_filtered.wrench.force.z,62.94491018887089
0.21736375700000002,1785795158.458297891,/loadcell_data_filtered.wrench.force.z,59.0802681249768
0.217949985,1785795158.458884119,/loadcell_data_filtered.wrench.force.z,56.33081792228743
0.218685297,1785795158.459619431,/loadcell_data_filtered.wrench.force.z,53.44458156100749
0.21907915400000003,1785795158.460013288,/loadcell_data_filtered.wrench.force.z,51.95974062635372
0.21956883800000002,1785795158.460502972,/loadcell_data_filtered.wrench.force.z,50.38794858910636
0.220088315,1785795158.461022449,/loadcell_data_filtered.wrench.force.z,50.63046296971978
0.22045913900000003,1785795158.461393273,/loadcell_data_filtered.wrench.force.z,50.87205993142596
0.220786791,1785795158.461720925,/loadcell_data_filtered.wrench.force.z,50.94419832323912
0.221183332,1785795158.462117466,/loadcell_data_filtered.wrench.force.z,50.99373318694515
0.222267702,1785795158.463201836,/loadcell_data_filtered.wrench.force.z,50.76915883420139
0.222686715,1785795158.463620849,/loadcell_data_filtered.wrench.force.z,50.37770963402929
0.22295012,1785795158.463884254,/loadcell_data_filtered.wrench.force.z,49.76730425049505
0.22328892800000003,1785795158.464223062,/loadcell_data_filtered.wrench.force.z,49.084346971568394
0.22688481000000002,1785795158.467818944,/loadcell_data_filtered.wrench.force.z,48.661256081865766
0.22739725800000002,1785795158.468331392,/loadcell_data_filtered.wrench.force.z,48.02221611760144
0.22766017700000002,1785795158.468594311,/loadcell_data_filtered.wrench.force.z,53.88024658107806
0.227856051,1785795158.468790185,/loadcell_data_filtered.wrench.force.z,58.27240777253723
0.22803999100000003,1785795158.468974125,/loadcell_data_filtered.wrench.force.z,62.025756874145785
0.228234329,1785795158.469168463,/loadcell_data_filtered.wrench.force.z,65.43004499178983
0.22840636600000003,1785795158.469340500,/loadcell_data_filtered.wrench.force.z,68.35095571368456
0.228566222,1785795158.469500356,/loadcell_data_filtered.wrench.force.z,69.83075980682794
0.228749378,1785795158.469683512,/loadcell_data_filtered.wrench.force.z,68.81376954731418
0.22893062300000003,1785795158.469864757,/loadcell_data_filtered.wrench.force.z,68.11170873049053
0.229104933,1785795158.470039067,/loadcell_data_filtered.wrench.force.z,67.71094915150536
0.22926432500000002,1785795158.470198459,/loadcell_data_filtered.wrench.force.z,67.33670839889773
0.22952964,1785795158.470463774,/loadcell_data_filtered.wrench.force.z,67.05703069734082
0.23004538900000002,1785795158.470979523,/loadcell_data_filtered.wrench.force.z,66.48661555164782
0.23064397700000003,1785795158.471578111,/loadcell_data_filtered.wrench.force.z,65.83590018404693
0.23130260400000002,1785795158.472236738,/loadcell_data_filtered.wrench.force.z,65.3649630366918
0.23169240300000002,1785795158.472626537,/loadcell_data_filtered.wrench.force.z,64.67204821987775
0.232693062,1785795158.473627196,/loadcell_data_filtered.wrench.force.z,64.32626088809707
0.23354154300000002,1785795158.474475677,/loadcell_data_filtered.wrench.force.z,62.86788795395556
0.23415190100000002,1785795158.475086035,/loadcell_data_filtered.wrench.force.z,56.54277187411431
0.234522694,1785795158.475456828,/loadcell_data_filtered.wrench.force.z,51.51420028602186
0.234883217,1785795158.475817351,/loadcell_data_filtered.wrench.force.z,47.05841919767953
0.23519286600000003,1785795158.476127000,/loadcell_data_filtered.wrench.force.z,43.77108263358109
0.23539891200000002,1785795158.476333046,/loadcell_data_filtered.wrench.force.z,40.41252319514295
0.23560667200000002,1785795158.476540806,/loadcell_data_filtered.wrench.force.z,38.270984504623605
0.236444335,1785795158.477378469,/loadcell_data_filtered.wrench.force.z,37.26475153222415
0.236730669,1785795158.477664803,/loadcell_data_filtered.wrench.force.z,36.83725830659633
0.23722419800000002,1785795158.478158332,/loadcell_data_filtered.wrench.force.z,36.540740444659484
0.23815213000000002,1785795158.479086264,/loadcell_data_filtered.wrench.force.z,36.03310457749706
0.23882298300000002,1785795158.479757117,/loadcell_data_filtered.wrench.force.z,35.38913058558835
0.23928875800000002,1785795158.480222892,/loadcell_data_filtered.wrench.force.z,34.53117877276527
0.24039153100000002,1785795158.481325665,/loadcell_data_filtered.wrench.force.z,33.69373392305765
0.24372701300000002,1785795158.484661147,/loadcell_data_filtered.wrench.force.z,33.12915111647602
0.24429591800000003,1785795158.485230052,/loadcell_data_filtered.wrench.force.z,32.888804812750486
0.244753607,1785795158.485687741,/loadcell_data_filtered.wrench.force.z,32.64151855041525
0.245027244,1785795158.485961378,/loadcell_data_filtered.wrench.force.z,35.87040693147883
0.245341423,1785795158.486275557,/loadcell_data_filtered.wrench.force.z,40.33447385269368
0.24564043700000002,1785795158.486574571,/loadcell_data_filtered.wrench.force.z,43.34994458082083
0.24595192200000002,1785795158.486886056,/loadcell_data_filtered.wrench.force.z,46.517972511914536
0.246170661,1785795158.487104795,/loadcell_data_filtered.wrench.force.z,49.115963579162475
0.24640609000000002,1785795158.487340224,/loadcell_data_filtered.wrench.force.z,51.2779579457369
0.246617414,1785795158.487551548,/loadcell_data_filtered.wrench.force.z,52.002171466153456
0.24681355100000002,1785795158.487747685,/loadcell_data_filtered.wrench.force.z,52.86870270868403
0.247018853,1785795158.487952987,/loadcell_data_filtered.wrench.force.z,53.49281960066943
0.247286366,1785795158.488220500,/loadcell_data_filtered.wrench.force.z,54.51177612328161
0.24756355100000002,1785795158.488497685,/loadcell_data_filtered.wrench.force.z,55.20973167432042
0.247908549,1785795158.488842683,/loadcell_data_filtered.wrench.force.z,55.34446667901629
0.248300547,1785795158.489234681,/loadcell_data_filtered.wrench.force.z,54.96053121958055
0.248594206,1785795158.489528340,/loadcell_data_filtered.wrench.force.z,55.261610522600115
0.24890295,1785795158.489837084,/loadcell_data_filtered.wrench.force.z,55.29227389236444
0.249250831,1785795158.490184965,/loadcell_data_filtered.wrench.force.z,55.33745797087397
0.249531668,1785795158.490465802,/loadcell_data_filtered.wrench.force.z,55.541220367888165
0.252148411,1785795158.493082545,/loadcell_data_filtered.wrench.force.z,50.98339052246216
0.253549845,1785795158.494483979,/loadcell_data_filtered.wrench.force.z,48.034267617837976
0.253803912,1785795158.494738046,/loadcell_data_filtered.wrench.force.z,44.951479383084944
0.25399746300000003,1785795158.494931597,/loadcell_data_filtered.wrench.force.z,42.90531553530364
0.254253854,1785795158.495187988,/loadcell_data_filtered.wrench.force.z,40.56836981746112
0.25451371500000003,1785795158.495447849,/loadcell_data_filtered.wrench.force.z,39.36551499537932
0.254757448,1785795158.495691582,/loadcell_data_filtered.wrench.force.z,37.96983713892684
0.25517147,1785795158.496105604,/loadcell_data_filtered.wrench.force.z,38.89677461935371
0.255661109,1785795158.496595243,/loadcell_data_filtered.wrench.force.z,39.90284539959001
0.257227604,1785795158.498161738,/loadcell_data_filtered.wrench.force.z,39.598243491635934
0.257605538,1785795158.498539672,/loadcell_data_filtered.wrench.force.z,39.3603726183287
0.257876867,1785795158.498811001,/loadcell_data_filtered.wrench.force.z,39.95573409934434
0.258007558,1785795158.498941692,/loadcell_data_filtered.wrench.force.z,40.23315526121572
0.258258517,1785795158.499192651,/loadcell_data_filtered.wrench.force.z,40.693982526730686
0.258478298,1785795158.499412432,/loadcell_data_filtered.wrench.force.z,41.08763728207114
0.258666383,1785795158.499600517,/loadcell_data_filtered.wrench.force.z,40.8397659275463
0.258904134,1785795158.499838268,/loadcell_data_filtered.wrench.force.z,39.61723849163655
0.259106219,1785795158.500040353,/loadcell_data_filtered.wrench.force.z,44.87732768046419
0.25930711700000003,1785795158.500241251,/loadcell_data_filtered.wrench.force.z,48.70959160327274
0.259500773,1785795158.500434907,/loadcell_data_filtered.wrench.force.z,52.00763541660549
0.260796786,1785795158.501730920,/loadcell_data_filtered.wrench.force.z,54.67335847751197
0.26101798200000004,1785795158.501952116,/loadcell_data_filtered.wrench.force.z,57.178959218633416
0.26114343500000003,1785795158.502077569,/loadcell_data_filtered.wrench.force.z,58.81116371600394
0.261290957,1785795158.502225091,/loadcell_data_filtered.wrench.force.z,60.03198548343579
0.261419717,1785795158.502353851,/loadcell_data_filtered.wrench.force.z,59.74404953039375
0.261936074,1785795158.502870208,/loadcell_data_filtered.wrench.force.z,59.155165410269504
0.262444913,1785795158.503379047,/loadcell_data_filtered.wrench.force.z,58.64117223295071
0.26284986,1785795158.503783994,/loadcell_data_filtered.wrench.force.z,58.48761679418809
0.263466027,1785795158.504400161,/loadcell_data_filtered.wrench.force.z,58.250202871303934
0.2638035,1785795158.504737634,/loadcell_data_filtered.wrench.force.z,57.8257187529309
0.264466955,1785795158.505401089,/loadcell_data_filtered.wrench.force.z,57.48327905432956
0.265427342,1785795158.506361476,/loadcell_data_filtered.wrench.force.z,57.17408258935254
0.266539136,1785795158.507473270,/loadcell_data_filtered.wrench.force.z,57.45657951526606
0.267344966,1785795158.508279100,/loadcell_data_filtered.wrench.force.z,56.55318058113851
0.26777506100000004,1785795158.508709195,/loadcell_data_filtered.wrench.force.z,51.08278933501852
0.268177899,1785795158.509112033,/loadcell_data_filtered.wrench.force.z,48.157273344993534
0.268537077,1785795158.509471211,/loadcell_data_filtered.wrench.force.z,44.94114413187531
0.26896024100000004,1785795158.509894375,/loadcell_data_filtered.wrench.force.z,42.07255190899847
0.269376461,1785795158.510310595,/loadcell_data_filtered.wrench.force.z,39.36760902549821
0.270361777,1785795158.511295911,/loadcell_data_filtered.wrench.force.z,38.30601570218866
0.270569277,1785795158.511503411,/loadcell_data_filtered.wrench.force.z,38.587348314840725
0.27069764700000004,1785795158.511631781,/loadcell_data_filtered.wrench.force.z,39.57851243630791
0.27084690100000003,1785795158.511781035,/loadcell_data_filtered.wrench.force.z,41.34389131043633
0.270952778,1785795158.511886912,/loadcell_data_filtered.wrench.force.z,42.248789063515275
0.271524202,1785795158.512458336,/loadcell_data_filtered.wrench.force.z,42.59195455182721
0.271884356,1785795158.512818490,/loadcell_data_filtered.wrench.force.z,43.10983746590214
0.27236165300000004,1785795158.513295787,/loadcell_data_filtered.wrench.force.z,43.69992069860198
0.272865428,1785795158.513799562,/loadcell_data_filtered.wrench.force.z,44.32521847075274
0.27447085000000004,1785795158.515404984,/loadcell_data_filtered.wrench.force.z,44.94554695546975
0.274879297,1785795158.515813431,/loadcell_data_filtered.wrench.force.z,45.69257804149696
0.275133976,1785795158.516068110,/loadcell_data_filtered.wrench.force.z,50.28473389339021
0.275383507,1785795158.516317641,/loadcell_data_filtered.wrench.force.z,54.7828332704428
0.27601226700000003,1785795158.516946401,/loadcell_data_filtered.wrench.force.z,59.87849565295666
0.276364157,1785795158.517298291,/loadcell_data_filtered.wrench.force.z,64.08255442148054
0.276630938,1785795158.517565072,/loadcell_data_filtered.wrench.force.z,67.87983903906247
0.276969898,1785795158.517904032,/loadcell_data_filtered.wrench.force.z,70.46687495616766
0.27738464100000004,1785795158.518318775,/loadcell_data_filtered.wrench.force.z,72.11725018425838
0.277951622,1785795158.518885756,/loadcell_data_filtered.wrench.force.z,72.75196712930492
0.278341775,1785795158.519275909,/loadcell_data_filtered.wrench.force.z,72.74690026035215
0.278789412,1785795158.519723546,/loadcell_data_filtered.wrench.force.z,72.83263448588106
0.279473444,1785795158.520407578,/loadcell_data_filtered.wrench.force.z,72.691904238941
0.279809933,1785795158.520744067,/loadcell_data_filtered.wrench.force.z,72.69722531827622
0.280262422,1785795158.521196556,/loadcell_data_filtered.wrench.force.z,72.5056395903476
0.28082361100000003,1785795158.521757745,/loadcell_data_filtered.wrench.force.z,72.48192936478617
0.28135501,1785795158.522289144,/loadcell_data_filtered.wrench.force.z,72.40734838376639
0.282661382,1785795158.523595516,/loadcell_data_filtered.wrench.force.z,71.95326013397832
0.28303156500000004,1785795158.523965699,/loadcell_data_filtered.wrench.force.z,71.02994353255116
0.28316905400000003,1785795158.524103188,/loadcell_data_filtered.wrench.force.z,65.93648301032611
0.283344132,1785795158.524278266,/loadcell_data_filtered.wrench.force.z,62.210534410445014
0.284233063,1785795158.525167197,/loadcell_data_filtered.wrench.force.z,57.31085048431693
0.28472668700000003,1785795158.525660821,/loadcell_data_filtered.wrench.force.z,53.18277320953368
0.285118129,1785795158.526052263,/loadcell_data_filtered.wrench.force.z,49.39830098522215
0.285506044,1785795158.526440178,/loadcell_data_filtered.wrench.force.z,46.90776727599477
0.286662568,1785795158.527596702,/loadcell_data_filtered.wrench.force.z,44.72457797180925
0.28683047100000003,1785795158.527764605,/loadcell_data_filtered.wrench.force.z,43.824339372249746
0.286971642,1785795158.527905776,/loadcell_data_filtered.wrench.force.z,43.79247584592508
0.287507868,1785795158.528442002,/loadcell_data_filtered.wrench.force.z,43.34937907843434
0.287896983,1785795158.528831117,/loadcell_data_filtered.wrench.force.z,42.43749865747251
0.28839979600000004,1785795158.529333930,/loadcell_data_filtered.wrench.force.z,41.6439918441569
0.289039521,1785795158.529973655,/loadcell_data_filtered.wrench.force.z,40.3533771149553
0.28979876800000004,1785795158.530732902,/loadcell_data_filtered.wrench.force.z,39.56035036664065
0.29043425100000003,1785795158.531368385,/loadcell_data_filtered.wrench.force.z,38.5251208601572
0.290916836,1785795158.531850970,/loadcell_data_filtered.wrench.force.z,37.52110938571948
0.29143695000000003,1785795158.532371084,/loadcell_data_filtered.wrench.force.z,36.77011893455638
0.29194727200000004,1785795158.532881406,/loadcell_data_filtered.wrench.force.z,41.79973145542003
0.292451204,1785795158.533385338,/loadcell_data_filtered.wrench.force.z,45.38274592694088
0.292935667,1785795158.533869801,/loadcell_data_filtered.wrench.force.z,48.783848839581985
0.293429055,1785795158.534363189,/loadcell_data_filtered.wrench.force.z,51.01465974851764
0.29523911,1785795158.536173244,/loadcell_data_filtered.wrench.force.z,53.5030300869814
0.29558559300000004,1785795158.536519727,/loadcell_data_filtered.wrench.force.z,53.914270628473666
0.29584158,1785795158.536775714,/loadcell_data_filtered.wrench.force.z,54.818756521697296
0.29606186700000003,1785795158.536996001,/loadcell_data_filtered.wrench.force.z,55.20197412599954
0.29623957300000003,1785795158.537173707,/loadcell_data_filtered.wrench.force.z,54.90164453377758
0.29639634800000003,1785795158.537330482,/loadcell_data_filtered.wrench.force.z,54.061170136633294
0.29654879300000003,1785795158.537482927,/loadcell_data_filtered.wrench.force.z,53.99095859078174
0.296783848,1785795158.537717982,/loadcell_data_filtered.wrench.force.z,53.61637852399037
0.297214816,1785795158.538148950,/loadcell_data_filtered.wrench.force.z,53.55108659738153
0.297982152,1785795158.538916286,/loadcell_data_filtered.wrench.force.z,53.12668194091057
0.30026604100000004,1785795158.541200175,/loadcell_data_filtered.wrench.force.z,52.742751514131115
0.305018269,1785795158.545952403,/loadcell_data_filtered.wrench.force.z,52.436131222999876
0.305181499,1785795158.546115633,/loadcell_data_filtered.wrench.force.z,50.50375069873546
0.305342263,1785795158.546276397,/loadcell_data_filtered.wrench.force.z,46.17351407090733
0.30551050700000004,1785795158.546444641,/loadcell_data_filtered.wrench.force.z,42.648548700637264
0.305636348,1785795158.546570482,/loadcell_data_filtered.wrench.force.z,39.5492132400166
0.305757398,1785795158.546691532,/loadcell_data_filtered.wrench.force.z,37.00223219901703
0.30587779400000004,1785795158.546811928,/loadcell_data_filtered.wrench.force.z,36.08719573004777
0.30601268400000003,1785795158.546946818,/loadcell_data_filtered.wrench.force.z,35.752572055854365
0.306188982,1785795158.547123116,/loadcell_data_filtered.wrench.force.z,36.36097318999427
0.30635728100000004,1785795158.547291415,/loadcell_data_filtered.wrench.force.z,37.18641528979096
0.30651970900000003,1785795158.547453843,/loadcell_data_filtered.wrench.force.z,37.41730524238692
0.306687242,1785795158.547621376,/loadcell_data_filtered.wrench.force.z,37.48043540008024
0.30685062700000004,1785795158.547784761,/loadcell_data_filtered.wrench.force.z,37.525254353107464
0.307001397,1785795158.547935531,/loadcell_data_filtered.wrench.force.z,36.20284125257139
0.307118704,1785795158.548052838,/loadcell_data_filtered.wrench.force.z,34.275841639015994
0.307234738,1785795158.548168872,/loadcell_data_filtered.wrench.force.z,33.94509712607638
0.307796363,1785795158.548730497,/loadcell_data_filtered.wrench.force.z,34.16731255992643
0.30800662100000004,1785795158.548940755,/loadcell_data_filtered.wrench.force.z,38.11432631936534
0.30833989,1785795158.549274024,/loadcell_data_filtered.wrench.force.z,41.94801000442246
0.308727678,1785795158.549661812,/loadcell_data_filtered.wrench.force.z,45.534084992318995
0.309329819,1785795158.550263953,/loadcell_data_filtered.wrench.force.z,48.481037213139786
0.314595263,1785795158.555529397,/loadcell_data_filtered.wrench.force.z,50.73881817030972
0.31460055200000003,1785795158.555534686,/loadcell_data_filtered.wrench.force.z,52.53825199838447
0.31460398300000003,1785795158.555538117,/loadcell_data_filtered.wrench.force.z,54.40655094120348
0.31470875200000004,1785795158.555642886,/loadcell_data_filtered.wrench.force.z,55.18545716447701
0.314844422,1785795158.555778556,/loadcell_data_filtered.wrench.force.z,56.00282049489817
0.31502324800000003,1785795158.555957382,/loadcell_data_filtered.wrench.force.z,57.11981212535793
0.315212765,1785795158.556146899,/loadcell_data_filtered.wrench.force.z,56.89529762669637
0.31539986600000003,1785795158.556334000,/loadcell_data_filtered.wrench.force.z,50.00740995953114
0.315593718,1785795158.556527852,/loadcell_data_filtered.wrench.force.z,50.7432495428981
0.315760191,1785795158.556694325,/loadcell_data_filtered.wrench.force.z,49.38033560066396
0.315929783,1785795158.556863917,/loadcell_data_filtered.wrench.force.z,48.91241384657869
0.31609073400000004,1785795158.557024868,/loadcell_data_filtered.wrench.force.z,48.96770968772978
0.31625394500000004,1785795158.557188079,/loadcell_data_filtered.wrench.force.z,49.03729592468333
0.316419322,1785795158.557353456,/loadcell_data_filtered.wrench.force.z,43.95696899232877
0.316735804,1785795158.557669938,/loadcell_data_filtered.wrench.force.z,40.975351264523646
0.317142358,1785795158.558076492,/loadcell_data_filtered.wrench.force.z,37.45209794870181
0.31833467200000004,1785795158.559268806,/loadcell_data_filtered.wrench.force.z,35.23017995924877
0.31885218800000004,1785795158.559786322,/loadcell_data_filtered.wrench.force.z,32.639235085384755
0.319237068,1785795158.560171202,/loadcell_data_filtered.wrench.force.z,31.325779649879525
0.31956137900000003,1785795158.560495513,/loadcell_data_filtered.wrench.force.z,30.580355511573096
0.319837963,1785795158.560772097,/loadcell_data_filtered.wrench.force.z,30.977960529581296
0.32057676500000004,1785795158.561510899,/loadcell_data_filtered.wrench.force.z,31.950958161070545
0.320986378,1785795158.561920512,/loadcell_data_filtered.wrench.force.z,32.59232524812747
0.321370349,1785795158.562304483,/loadcell_data_filtered.wrench.force.z,33.05494677164388
0.322026119,1785795158.562960253,/loadcell_data_filtered.wrench.force.z,33.53843725897712
0.32262163400000005,1785795158.563555768,/loadcell_data_filtered.wrench.force.z,33.59358069222892
0.32298540600000003,1785795158.563919540,/loadcell_data_filtered.wrench.force.z,34.00349258324194
0.329408109,1785795158.570342243,/loadcell_data_filtered.wrench.force.z,34.16637934109196
0.329794908,1785795158.570729042,/loadcell_data_filtered.wrench.force.z,34.53900207715972
0.329999618,1785795158.570933752,/loadcell_data_filtered.wrench.force.z,39.63716347681144
0.330205216,1785795158.571139350,/loadcell_data_filtered.wrench.force.z,44.63204994326686
0.330386189,1785795158.571320323,/loadcell_data_filtered.wrench.force.z,48.79290318000415
0.33055853100000004,1785795158.571492665,/loadcell_data_filtered.wrench.force.z,53.087855516735864
0.33075803000000004,1785795158.571692164,/loadcell_data_filtered.wrench.force.z,55.77764169940354
0.331059619,1785795158.571993753,/loadcell_data_filtered.wrench.force.z,57.361654673159265
0.331417568,1785795158.572351702,/loadcell_data_filtered.wrench.force.z,58.41764160425835
0.33165734500000005,1785795158.572591479,/loadcell_data_filtered.wrench.force.z,59.10388632875884
0.33188578700000004,1785795158.572819921,/loadcell_data_filtered.wrench.force.z,60.13072102152989
0.332176491,1785795158.573110625,/loadcell_data_filtered.wrench.force.z,60.166025930982535
0.33245291400000004,1785795158.573387048,/loadcell_data_filtered.wrench.force.z,58.67339962516893
0.33275962800000003,1785795158.573693762,/loadcell_data_filtered.wrench.force.z,58.16768653384847
0.333046583,1785795158.573980717,/loadcell_data_filtered.wrench.force.z,58.237969111229724
0.333325863,1785795158.574259997,/loadcell_data_filtered.wrench.force.z,57.99910562951221
0.333598818,1785795158.574532952,/loadcell_data_filtered.wrench.force.z,57.75998067138439
0.333915911,1785795158.574850045,/loadcell_data_filtered.wrench.force.z,54.737691837323545
0.334169545,1785795158.575103679,/loadcell_data_filtered.wrench.force.z,50.06521978785043
0.33453000200000005,1785795158.575464136,/loadcell_data_filtered.wrench.force.z,45.54051742298388
0.334816228,1785795158.575750362,/loadcell_data_filtered.wrench.force.z,41.36652480092401
0.335120745,1785795158.576054879,/loadcell_data_filtered.wrench.force.z,37.86670738172994
0.33549588900000005,1785795158.576430023,/loadcell_data_filtered.wrench.force.z,34.370296046235524
0.33583459400000004,1785795158.576768728,/loadcell_data_filtered.wrench.force.z,31.724400873215558
0.33627210500000004,1785795158.577206239,/loadcell_data_filtered.wrench.force.z,30.295069294614862
0.336806211,1785795158.577740345,/loadcell_data_filtered.wrench.force.z,29.39201488102182
0.33736633200000005,1785795158.578300466,/loadcell_data_filtered.wrench.force.z,28.836351675385515
0.337855709,1785795158.578789843,/loadcell_data_filtered.wrench.force.z,27.59432775573242
0.33820972200000005,1785795158.579143856,/loadcell_data_filtered.wrench.force.z,26.74067843625707
0.338620849,1785795158.579554983,/loadcell_data_filtered.wrench.force.z,25.506593006275864
0.339250532,1785795158.580184666,/loadcell_data_filtered.wrench.force.z,24.07189456173395
0.339638406,1785795158.580572540,/loadcell_data_filtered.wrench.force.z,22.737881439208778
0.344776744,1785795158.585710878,/loadcell_data_filtered.wrench.force.z,21.701092975532873
0.34546629900000003,1785795158.586400433,/loadcell_data_filtered.wrench.force.z,20.731419874655145
0.34591465600000004,1785795158.586848790,/loadcell_data_filtered.wrench.force.z,25.00993009373132
0.34631469600000003,1785795158.587248830,/loadcell_data_filtered.wrench.force.z,28.70219345214402
0.34674314100000003,1785795158.587677275,/loadcell_data_filtered.wrench.force.z,32.53977028012045
0.34720105300000004,1785795158.588135187,/loadcell_data_filtered.wrench.force.z,35.64706770709102
0.34749050000000004,1785795158.588424634,/loadcell_data_filtered.wrench.force.z,38.327069339603156
0.347806176,1785795158.588740310,/loadcell_data_filtered.wrench.force.z,40.33374579031415
0.348240418,1785795158.589174552,/loadcell_data_filtered.wrench.force.z,41.86080221382715
0.348661959,1785795158.589596093,/loadcell_data_filtered.wrench.force.z,41.776862711306734
0.349035822,1785795158.589969956,/loadcell_data_filtered.wrench.force.z,40.146607493561774
0.34939702100000003,1785795158.590331155,/loadcell_data_filtered.wrench.force.z,39.92420771371249
0.350300932,1785795158.591235066,/loadcell_data_filtered.wrench.force.z,39.49173043827939
0.35086335700000004,1785795158.591797491,/loadcell_data_filtered.wrench.force.z,39.132696967649345
0.35132908500000004,1785795158.592263219,/loadcell_data_filtered.wrench.force.z,39.452863763414584
0.351744771,1785795158.592678905,/loadcell_data_filtered.wrench.force.z,39.83771738505046
0.353066755,1785795158.594000889,/loadcell_data_filtered.wrench.force.z,40.243543989020424
0.353076341,1785795158.594010475,/loadcell_data_filtered.wrench.force.z,40.46726972724601
0.35307921200000003,1785795158.594013346,/loadcell_data_filtered.wrench.force.z,40.897219757336266
0.353412221,1785795158.594346355,/loadcell_data_filtered.wrench.force.z,35.802867274521724
0.35375664100000004,1785795158.594690775,/loadcell_data_filtered.wrench.force.z,32.93077296594599
0.3543171,1785795158.595251234,/loadcell_data_filtered.wrench.force.z,29.42580510229592
0.354870018,1785795158.595804152,/loadcell_data_filtered.wrench.force.z,25.471154474983067
0.355257745,1785795158.596191879,/loadcell_data_filtered.wrench.force.z,20.907308584250522
0.355638028,1785795158.596572162,/loadcell_data_filtered.wrench.force.z,19.296784426322148
0.35611202200000003,1785795158.597046156,/loadcell_data_filtered.wrench.force.z,17.489404751573407
0.356458696,1785795158.597392830,/loadcell_data_filtered.wrench.force.z,11.31537067957943
0.35679904300000004,1785795158.597733177,/loadcell_data_filtered.wrench.force.z,9.88836521662026
0.357118531,1785795158.598052665,/loadcell_data_filtered.wrench.force.z,8.651600474823919
0.357451544,1785795158.598385678,/loadcell_data_filtered.wrench.force.z,8.87974867240513
0.35785906500000003,1785795158.598793199,/loadcell_data_filtered.wrench.force.z,8.451448254727657
0.35834127000000005,1785795158.599275404,/loadcell_data_filtered.wrench.force.z,8.49172445750719
0.35864982300000003,1785795158.599583957,/loadcell_data_filtered.wrench.force.z,7.489040582420728
0.35894581000000003,1785795158.599879944,/loadcell_data_filtered.wrench.force.z,6.636465537169492
0.360654949,1785795158.601589083,/loadcell_data_filtered.wrench.force.z,6.307862357669987
0.36114447400000005,1785795158.602078608,/loadcell_data_filtered.wrench.force.z,6.356740646981276
0.361426001,1785795158.602360135,/loadcell_data_filtered.wrench.force.z,13.107604137631242
0.361641688,1785795158.602575822,/loadcell_data_filtered.wrench.force.z,18.00278885582388
0.361846855,1785795158.602780989,/loadcell_data_filtered.wrench.force.z,22.837704473122443
0.362045488,1785795158.602979622,/loadcell_data_filtered.wrench.force.z,26.39978356977236
0.36223152000000003,1785795158.603165654,/loadcell_data_filtered.wrench.force.z,29.817672279079105
0.36240405400000003,1785795158.603338188,/loadcell_data_filtered.wrench.force.z,31.99451732803668
0.362595849,1785795158.603529983,/loadcell_data_filtered.wrench.force.z,32.84977009972273
0.36278075200000004,1785795158.603714886,/loadcell_data_filtered.wrench.force.z,32.248444286053555
0.36295763600000003,1785795158.603891770,/loadcell_data_filtered.wrench.force.z,32.82817123918089
0.363135761,1785795158.604069895,/loadcell_data_filtered.wrench.force.z,33.52619741834893
0.363306618,1785795158.604240752,/loadcell_data_filtered.wrench.force.z,35.07671309303973
0.364088146,1785795158.605022280,/loadcell_data_filtered.wrench.force.z,36.182863854688065
0.36462931800000004,1785795158.605563452,/loadcell_data_filtered.wrench.force.z,36.64298369188181
0.36487557600000003,1785795158.605809710,/loadcell_data_filtered.wrench.force.z,38.27782741489658
0.366311944,1785795158.607246078,/loadcell_data_filtered.wrench.force.z,39.06315548131619
0.36666104000000005,1785795158.607595174,/loadcell_data_filtered.wrench.force.z,39.7601568237521
0.36690337100000003,1785795158.607837505,/loadcell_data_filtered.wrench.force.z,37.78318640384182
0.36715476700000005,1785795158.608088901,/loadcell_data_filtered.wrench.force.z,34.989133889629265
0.367396111,1785795158.608330245,/loadcell_data_filtered.wrench.force.z,31.871364842320368
0.367762596,1785795158.608696730,/loadcell_data_filtered.wrench.force.z,28.491993840604483
0.368050617,1785795158.608984751,/loadcell_data_filtered.wrench.force.z,26.30146616619675
0.36928668400000003,1785795158.610220818,/loadcell_data_filtered.wrench.force.z,24.20179489464002
0.369797513,1785795158.610731647,/loadcell_data_filtered.wrench.force.z,23.371517042629865
0.37022923900000004,1785795158.611163373,/loadcell_data_filtered.wrench.force.z,24.34318588863782
0.371538678,1785795158.612472812,/loadcell_data_filtered.wrench.force.z,24.604370664246918
0.37180943800000005,1785795158.612743572,/loadcell_data_filtered.wrench.force.z,25.349397795506633
0.372094605,1785795158.613028739,/loadcell_data_filtered.wrench.force.z,26.403879640292793
0.372259172,1785795158.613193306,/loadcell_data_filtered.wrench.force.z,26.187938039456355
0.372446406,1785795158.613380540,/loadcell_data_filtered.wrench.force.z,26.384528805361764
0.37283640300000004,1785795158.613770537,/loadcell_data_filtered.wrench.force.z,26.353070250152815
0.372964621,1785795158.613898755,/loadcell_data_filtered.wrench.force.z,26.610657621396864
0.37351685700000004,1785795158.614450991,/loadcell_data_filtered.wrench.force.z,26.882310675010448
0.374026548,1785795158.614960682,/loadcell_data_filtered.wrench.force.z,26.94377718315843
0.374693164,1785795158.615627298,/loadcell_data_filtered.wrench.force.z,31.71565985043977
0.377188193,1785795158.618122327,/loadcell_data_filtered.wrench.force.z,35.607863316350524
0.37733566900000004,1785795158.618269803,/loadcell_data_filtered.wrench.force.z,39.82129007164679
0.37750557700000004,1785795158.618439711,/loadcell_data_filtered.wrench.force.z,43.27203131411298
0.377629665,1785795158.618563799,/loadcell_data_filtered.wrench.force.z,43.81259861285846
0.377773158,1785795158.618707292,/loadcell_data_filtered.wrench.force.z,41.27929711887003
0.377909417,1785795158.618843551,/loadcell_data_filtered.wrench.force.z,43.018664900098194
0.37810248100000005,1785795158.619036615,/loadcell_data_filtered.wrench.force.z,42.13716037165934
0.37848242000000004,1785795158.619416554,/loadcell_data_filtered.wrench.force.z,42.437775970117016
0.378956609,1785795158.619890743,/loadcell_data_filtered.wrench.force.z,42.9472198787295
0.37949793800000003,1785795158.620432072,/loadcell_data_filtered.wrench.force.z,43.184989850980685
0.379886231,1785795158.620820365,/loadcell_data_filtered.wrench.force.z,43.70374936118468
0.38048096400000003,1785795158.621415098,/loadcell_data_filtered.wrench.force.z,44.02661845491247
0.38103393,1785795158.621968064,/loadcell_data_filtered.wrench.force.z,44.139575563230004
0.381500618,1785795158.622434752,/loadcell_data_filtered.wrench.force.z,44.36051441232352
0.382118047,1785795158.623052181,/loadcell_data_filtered.wrench.force.z,44.075895894302924
0.38321539200000004,1785795158.624149526,/loadcell_data_filtered.wrench.force.z,44.31134560117595
0.38359933300000004,1785795158.624533467,/loadcell_data_filtered.wrench.force.z,38.83439793640396
0.38375716000000004,1785795158.624691294,/loadcell_data_filtered.wrench.force.z,35.70593356695603
0.38390049200000004,1785795158.624834626,/loadcell_data_filtered.wrench.force.z,32.11435023002529
0.384411981,1785795158.625346115,/loadcell_data_filtered.wrench.force.z,29.33384820470878
0.384901021,1785795158.625835155,/loadcell_data_filtered.wrench.force.z,26.732134687999142
0.385423245,1785795158.626357379,/loadcell_data_filtered.wrench.force.z,25.051455025360386
0.38615795,1785795158.627092084,/loadcell_data_filtered.wrench.force.z,23.832179238964258
0.38652752700000004,1785795158.627461661,/loadcell_data_filtered.wrench.force.z,24.010872641689584
0.38684483900000005,1785795158.627778973,/loadcell_data_filtered.wrench.force.z,24.15329907723398
0.38838559,1785795158.629319724,/loadcell_data_filtered.wrench.force.z,24.180138623809352
0.38857014300000003,1785795158.629504277,/loadcell_data_filtered.wrench.force.z,24.2141330998417
0.38940315200000003,1785795158.630337286,/loadcell_data_filtered.wrench.force.z,23.876592824956322
0.38941047500000003,1785795158.630344609,/loadcell_data_filtered.wrench.force.z,23.940346413402352
0.38941259100000003,1785795158.630346725,/loadcell_data_filtered.wrench.force.z,23.70804013855102
0.389787123,1785795158.630721257,/loadcell_data_filtered.wrench.force.z,23.519425269539727
0.39028545200000003,1785795158.631219586,/loadcell_data_filtered.wrench.force.z,23.215887338722272
0.391323511,1785795158.632257645,/loadcell_data_filtered.wrench.force.z,23.73864446266559
0.39161208000000003,1785795158.632546214,/loadcell_data_filtered.wrench.force.z,29.635033966776895
0.392108424,1785795158.633042558,/loadcell_data_filtered.wrench.force.z,33.88390952497896
0.392596979,1785795158.633531113,/loadcell_data_filtered.wrench.force.z,37.594923739319164
0.392891547,1785795158.633825681,/loadcell_data_filtered.wrench.force.z,39.88251947446766
0.39327433,1785795158.634208464,/loadcell_data_filtered.wrench.force.z,42.16220678725126
0.39396057700000003,1785795158.634894711,/loadcell_data_filtered.wrench.force.z,42.94922943268364
0.39469554500000004,1785795158.635629679,/loadcell_data_filtered.wrench.force.z,43.07536101362845
0.395050811,1785795158.635984945,/loadcell_data_filtered.wrench.force.z,42.92364170410317
0.395470074,1785795158.636404208,/loadcell_data_filtered.wrench.force.z,42.70739528908853
0.395917124,1785795158.636851258,/loadcell_data_filtered.wrench.force.z,42.790592384164604
0.39671967300000005,1785795158.637653807,/loadcell_data_filtered.wrench.force.z,42.40163573039161
0.396990899,1785795158.637925033,/loadcell_data_filtered.wrench.force.z,41.96295343315936
0.39738788900000005,1785795158.638322023,/loadcell_data_filtered.wrench.force.z,41.53954579927362
0.397989796,1785795158.638923930,/loadcell_data_filtered.wrench.force.z,40.91505122496496
0.39845209800000003,1785795158.639386232,/loadcell_data_filtered.wrench.force.z,40.0684737983009
0.39882736900000004,1785795158.639761503,/loadcell_data_filtered.wrench.force.z,39.56561951182597
0.399482612,1785795158.640416746,/loadcell_data_filtered.wrench.force.z,35.245779345246895
0.39981547500000003,1785795158.640749609,/loadcell_data_filtered.wrench.force.z,30.7143917997163
0.400324895,1785795158.641259029,/loadcell_data_filtered.wrench.force.z,26.205834895033515
0.401250447,1785795158.642184581,/loadcell_data_filtered.wrench.force.z,21.921703286691137
0.401644726,1785795158.642578860,/loadcell_data_filtered.wrench.force.z,18.16787777930189
0.403438481,1785795158.644372615,/loadcell_data_filtered.wrench.force.z,14.936343427834773
0.40387818200000003,1785795158.644812316,/loadcell_data_filtered.wrench.force.z,12.574904601491586
0.40420889000000004,1785795158.645143024,/loadcell_data_filtered.wrench.force.z,12.256006895725648
0.40449627600000004,1785795158.645430410,/loadcell_data_filtered.wrench.force.z,12.21852988467755
0.40481678000000004,1785795158.645750914,/loadcell_data_filtered.wrench.force.z,12.159685038192872
0.409479378,1785795158.650413512,/loadcell_data_filtered.wrench.force.z,11.168031708207533
0.40995751300000005,1785795158.650891647,/loadcell_data_filtered.wrench.force.z,10.61113886263287
0.41040448900000004,1785795158.651338623,/loadcell_data_filtered.wrench.force.z,10.504792739118887
0.410767588,1785795158.651701722,/loadcell_data_filtered.wrench.force.z,9.621863954650907
0.41107273800000005,1785795158.652006872,/loadcell_data_filtered.wrench.force.z,9.373408711364219
0.411284564,1785795158.652218698,/loadcell_data_filtered.wrench.force.z,9.276964221978426
0.41151104000000005,1785795158.652445174,/loadcell_data_filtered.wrench.force.z,8.85685184311443
0.41173479500000004,1785795158.652668929,/loadcell_data_filtered.wrench.force.z,13.699547151046811
0.41196666000000004,1785795158.652900794,/loadcell_data_filtered.wrench.force.z,17.658665352079524
0.41222328500000005,1785795158.653157419,/loadcell_data_filtered.wrench.force.z,21.740033066098384
0.412459711,1785795158.653393845,/loadcell_data_filtered.wrench.force.z,25.202088808932604
0.412719347,1785795158.653653481,/loadcell_data_filtered.wrench.force.z,27.768915960431446
0.413002374,1785795158.653936508,/loadcell_data_filtered.wrench.force.z,27.38008937370726
0.413273871,1785795158.654208005,/loadcell_data_filtered.wrench.force.z,28.41382371906503
0.413484876,1785795158.654419010,/loadcell_data_filtered.wrench.force.z,28.286743969418414
0.413729742,1785795158.654663876,/loadcell_data_filtered.wrench.force.z,28.18180090656045
0.415270265,1785795158.656204399,/loadcell_data_filtered.wrench.force.z,29.289194654098424
0.415282421,1785795158.656216555,/loadcell_data_filtered.wrench.force.z,29.87671508850718
0.416799715,1785795158.657733849,/loadcell_data_filtered.wrench.force.z,30.279557211342095
0.416805933,1785795158.657740067,/loadcell_data_filtered.wrench.force.z,30.30748643102594
0.416918039,1785795158.657852173,/loadcell_data_filtered.wrench.force.z,31.116219353863055
0.41707256000000004,1785795158.658006694,/loadcell_data_filtered.wrench.force.z,32.283025381978504
0.41733765500000003,1785795158.658271789,/loadcell_data_filtered.wrench.force.z,32.65993602733788
0.41745310700000005,1785795158.658387241,/loadcell_data_filtered.wrench.force.z,32.270062560135095
0.41773041600000005,1785795158.658664550,/loadcell_data_filtered.wrench.force.z,26.967780589496524
0.418787061,1785795158.659721195,/loadcell_data_filtered.wrench.force.z,23.204152388262766
0.420804198,1785795158.661738332,/loadcell_data_filtered.wrench.force.z,20.008158541499192
0.420815349,1785795158.661749483,/loadcell_data_filtered.wrench.force.z,18.386665421791523
0.420818611,1785795158.661752745,/loadcell_data_filtered.wrench.force.z,16.88279350610878
0.420991669,1785795158.661925803,/loadcell_data_filtered.wrench.force.z,15.472010802441428
0.42153288,1785795158.662467014,/loadcell_data_filtered.wrench.force.z,15.904568554580553
0.42313975000000004,1785795158.664073884,/loadcell_data_filtered.wrench.force.z,17.235954496438023
0.42315291200000005,1785795158.664087046,/loadcell_data_filtered.wrench.force.z,17.07573020941529
0.423155936,1785795158.664090070,/loadcell_data_filtered.wrench.force.z,17.82233814792184
0.423158756,1785795158.664092890,/loadcell_data_filtered.wrench.force.z,18.4811389043003
0.42397517900000004,1785795158.664909313,/loadcell_data_filtered.wrench.force.z,18.69266056994706
0.42434190800000005,1785795158.665276042,/loadcell_data_filtered.wrench.force.z,19.202918175335196
0.42463397300000005,1785795158.665568107,/loadcell_data_filtered.wrench.force.z,19.956768268712263
0.424769165,1785795158.665703299,/loadcell_data_filtered.wrench.force.z,20.920966877553962
0.42498889300000003,1785795158.665923027,/loadcell_data_filtered.wrench.force.z,22.04165813702573
0.425255227,1785795158.666189361,/loadcell_data_filtered.wrench.force.z,24.3752802869055
0.42559486700000004,1785795158.666529001,/loadcell_data_filtered.wrench.force.z,28.854182969509782
0.42588742100000004,1785795158.666821555,/loadcell_data_filtered.wrench.force.z,33.40770748954984
0.42620481400000004,1785795158.667138948,/loadcell_data_filtered.wrench.force.z,37.622088034918654
0.42696667600000004,1785795158.667900810,/loadcell_data_filtered.wrench.force.z,41.020007570400786
0.427248693,1785795158.668182827,/loadcell_data_filtered.wrench.force.z,43.82602463532764
0.42767453000000005,1785795158.668608664,/loadcell_data_filtered.wrench.force.z,45.5519307520659
0.42794440100000003,1785795158.668878535,/loadcell_data_filtered.wrench.force.z,46.11028282289209
0.428211544,1785795158.669145678,/loadcell_data_filtered.wrench.force.z,46.99073484636734
0.42872187900000003,1785795158.669656013,/loadcell_data_filtered.wrench.force.z,46.59039556500292
0.42905692,1785795158.669991054,/loadcell_data_filtered.wrench.force.z,46.80155056526955
0.431563507,1785795158.672497641,/loadcell_data_filtered.wrench.force.z,46.63149660007708
0.43228792200000005,1785795158.673222056,/loadcell_data_filtered.wrench.force.z,46.65568279017495
0.43248313000000005,1785795158.673417264,/loadcell_data_filtered.wrench.force.z,47.06437851635809
0.432632844,1785795158.673566978,/loadcell_data_filtered.wrench.force.z,48.07588755594122
0.43277499900000005,1785795158.673709133,/loadcell_data_filtered.wrench.force.z,48.783687597255124
0.43290181800000005,1785795158.673835952,/loadcell_data_filtered.wrench.force.z,48.86866955582682
0.43303072800000003,1785795158.673964862,/loadcell_data_filtered.wrench.force.z,44.58443332103853
0.434863932,1785795158.675798066,/loadcell_data_filtered.wrench.force.z,41.07698201161735
0.43529735,1785795158.676231484,/loadcell_data_filtered.wrench.force.z,37.371130017706115
0.435455804,1785795158.676389938,/loadcell_data_filtered.wrench.force.z,34.55230854668701
0.435598083,1785795158.676532217,/loadcell_data_filtered.wrench.force.z,32.76610802397709
0.435734214,1785795158.676668348,/loadcell_data_filtered.wrench.force.z,31.593831845070202
0.435870283,1785795158.676804417,/loadcell_data_filtered.wrench.force.z,30.43454328458076
0.437036537,1785795158.677970671,/loadcell_data_filtered.wrench.force.z,30.099903135365743
0.43726686000000003,1785795158.678200994,/loadcell_data_filtered.wrench.force.z,30.444907652693082
0.437463451,1785795158.678397585,/loadcell_data_filtered.wrench.force.z,31.353161433503093
0.43765882100000003,1785795158.678592955,/loadcell_data_filtered.wrench.force.z,31.598872369408717
0.438340461,1785795158.679274595,/loadcell_data_filtered.wrench.force.z,31.470591997062034
0.43863036200000005,1785795158.679564496,/loadcell_data_filtered.wrench.force.z,31.177342183961088
0.43933053200000005,1785795158.680264666,/loadcell_data_filtered.wrench.force.z,31.035559753523614
0.43992179800000003,1785795158.680855932,/loadcell_data_filtered.wrench.force.z,30.897521100599253
0.44029845100000004,1785795158.681232585,/loadcell_data_filtered.wrench.force.z,30.65570644132587
0.441152219,1785795158.682086353,/loadcell_data_filtered.wrench.force.z,30.417926987463787
0.441977023,1785795158.682911157,/loadcell_data_filtered.wrench.force.z,35.14719992232058
0.44230381700000004,1785795158.683237951,/loadcell_data_filtered.wrench.force.z,38.67556890068487
0.44253542500000004,1785795158.683469559,/loadcell_data_filtered.wrench.force.z,42.25492681296069
0.44275847300000004,1785795158.683692607,/loadcell_data_filtered.wrench.force.z,45.4183921673882
0.446818376,1785795158.687752510,/loadcell_data_filtered.wrench.force.z,48.227428287346896
0.44739463,1785795158.688328764,/loadcell_data_filtered.wrench.force.z,49.4804995494553
0.447571716,1785795158.688505850,/loadcell_data_filtered.wrench.force.z,50.608634877539174
0.44770095600000004,1785795158.688635090,/loadcell_data_filtered.wrench.force.z,50.7835882533662
0.447837421,1785795158.688771555,/loadcell_data_filtered.wrench.force.z,51.098096447808494
0.44796893200000004,1785795158.688903066,/loadcell_data_filtered.wrench.force.z,51.24318001702926
0.448114785,1785795158.689048919,/loadcell_data_filtered.wrench.force.z,51.03610651191056
0.448242291,1785795158.689176425,/loadcell_data_filtered.wrench.force.z,50.80085327723908
0.44837139000000004,1785795158.689305524,/loadcell_data_filtered.wrench.force.z,50.41488518109261
0.448505527,1785795158.689439661,/loadcell_data_filtered.wrench.force.z,49.3442193343235
0.44864005300000004,1785795158.689574187,/loadcell_data_filtered.wrench.force.z,46.566625896326244
0.44876593000000004,1785795158.689700064,/loadcell_data_filtered.wrench.force.z,44.734072131854994
0.449548626,1785795158.690482760,/loadcell_data_filtered.wrench.force.z,43.64833003020462
0.44990975200000005,1785795158.690843886,/loadcell_data_filtered.wrench.force.z,37.169108785537944
0.45011628400000003,1785795158.691050418,/loadcell_data_filtered.wrench.force.z,32.09797741636288
0.45047019800000004,1785795158.691404332,/loadcell_data_filtered.wrench.force.z,27.061424622689312
0.45121697200000005,1785795158.692151106,/loadcell_data_filtered.wrench.force.z,22.805783090679363
0.45150873700000005,1785795158.692442871,/loadcell_data_filtered.wrench.force.z,18.51487259625482
0.45202709100000005,1785795158.692961225,/loadcell_data_filtered.wrench.force.z,15.545481430111423
0.45259253000000005,1785795158.693526664,/loadcell_data_filtered.wrench.force.z,13.321308512996078
0.45300270200000003,1785795158.693936836,/loadcell_data_filtered.wrench.force.z,12.633293310732387
0.453570768,1785795158.694504902,/loadcell_data_filtered.wrench.force.z,12.266718569036504
0.45400762,1785795158.694941754,/loadcell_data_filtered.wrench.force.z,11.365415279487864
0.45444854900000003,1785795158.695382683,/loadcell_data_filtered.wrench.force.z,10.495165645859473
0.45506309600000006,1785795158.695997230,/loadcell_data_filtered.wrench.force.z,9.511470696289901
0.45567784200000006,1785795158.696611976,/loadcell_data_filtered.wrench.force.z,8.479507298663973
0.456114159,1785795158.697048293,/loadcell_data_filtered.wrench.force.z,7.603527600427868
0.45654861300000005,1785795158.697482747,/loadcell_data_filtered.wrench.force.z,6.7725995960517915
0.45708756700000003,1785795158.698021701,/loadcell_data_filtered.wrench.force.z,6.212543106589132
0.45761228000000004,1785795158.698546414,/loadcell_data_filtered.wrench.force.z,7.580377491670411
0.45819763300000005,1785795158.699131767,/loadcell_data_filtered.wrench.force.z,12.354989924671102
0.458770899,1785795158.699705033,/loadcell_data_filtered.wrench.force.z,16.00522169386882
0.45937904100000004,1785795158.700313175,/loadcell_data_filtered.wrench.force.z,19.576768432553166
0.45972184400000005,1785795158.700655978,/loadcell_data_filtered.wrench.force.z,22.374165125857992
0.46036017500000004,1785795158.701294309,/loadcell_data_filtered.wrench.force.z,24.882955466115668
0.46261602500000004,1785795158.703550159,/loadcell_data_filtered.wrench.force.z,25.819038256542868
0.46292368300000003,1785795158.703857817,/loadcell_data_filtered.wrench.force.z,25.978607318390157
0.463060685,1785795158.703994819,/loadcell_data_filtered.wrench.force.z,26.42841706560745
0.46318610600000004,1785795158.704120240,/loadcell_data_filtered.wrench.force.z,26.995848486662677
0.46331118600000004,1785795158.704245320,/loadcell_data_filtered.wrench.force.z,27.562281032850684
0.46343296,1785795158.704367094,/loadcell_data_filtered.wrench.force.z,28.328709318699246
0.46356939100000005,1785795158.704503525,/loadcell_data_filtered.wrench.force.z,27.328254369148063
0.46397796900000005,1785795158.704912103,/loadcell_data_filtered.wrench.force.z,26.678116611382983
0.46575848000000003,1785795158.706692614,/loadcell_data_filtered.wrench.force.z,26.308503907038133
0.46630728800000004,1785795158.707241422,/loadcell_data_filtered.wrench.force.z,25.95804776923668
0.46672210900000005,1785795158.707656243,/loadcell_data_filtered.wrench.force.z,26.293341474241213
0.46712201600000003,1785795158.708056150,/loadcell_data_filtered.wrench.force.z,21.92832794266122
0.46751310900000004,1785795158.708447243,/loadcell_data_filtered.wrench.force.z,18.02297364266998
0.467792876,1785795158.708727010,/loadcell_data_filtered.wrench.force.z,13.92432361513253
0.46802032600000004,1785795158.708954460,/loadcell_data_filtered.wrench.force.z,10.947908084721137
0.468294849,1785795158.709228983,/loadcell_data_filtered.wrench.force.z,8.211513711522967
0.46915092900000005,1785795158.710085063,/loadcell_data_filtered.wrench.force.z,6.084937370099355
0.469522555,1785795158.710456689,/loadcell_data_filtered.wrench.force.z,4.401679268132197
0.46984270600000005,1785795158.710776840,/loadcell_data_filtered.wrench.force.z,4.836791488630343
0.47064050100000004,1785795158.711574635,/loadcell_data_filtered.wrench.force.z,4.723116010598547
0.471045072,1785795158.711979206,/loadcell_data_filtered.wrench.force.z,5.208372110474689
0.47134244000000003,1785795158.712276574,/loadcell_data_filtered.wrench.force.z,5.405874105905182
0.47158977700000004,1785795158.712523911,/loadcell_data_filtered.wrench.force.z,5.912012836738271
0.47207142100000005,1785795158.713005555,/loadcell_data_filtered.wrench.force.z,6.305812499829693
0.47256531300000004,1785795158.713499447,/loadcell_data_filtered.wrench.force.z,6.677761576693581
0.473170003,1785795158.714104137,/loadcell_data_filtered.wrench.force.z,6.94101995956671
0.47387076,1785795158.714804894,/loadcell_data_filtered.wrench.force.z,7.480464444965119
0.47422450800000004,1785795158.715158642,/loadcell_data_filtered.wrench.force.z,8.022405861905337
0.47465643300000004,1785795158.715590567,/loadcell_data_filtered.wrench.force.z,13.903776965969495
0.47552014000000004,1785795158.716454274,/loadcell_data_filtered.wrench.force.z,18.580750565740612
0.47579046700000005,1785795158.716724601,/loadcell_data_filtered.wrench.force.z,23.604199964011766
0.48031812500000004,1785795158.721252259,/loadcell_data_filtered.wrench.force.z,27.399017283055162
0.48472719100000006,1785795158.725661325,/loadcell_data_filtered.wrench.force.z,29.075410029197286
0.48503368,1785795158.725967814,/loadcell_data_filtered.wrench.force.z,31.088228227348033
0.485089523,1785795158.726023657,/loadcell_data_filtered.wrench.force.z,31.950021586945123
0.485259724,1785795158.726193858,/loadcell_data_filtered.wrench.force.z,33.0343448523979
0.485418762,1785795158.726352896,/loadcell_data_filtered.wrench.force.z,34.72296998703201
0.485564957,1785795158.726499091,/loadcell_data_filtered.wrench.force.z,35.78712075699919
0.48571563,1785795158.726649764,/loadcell_data_filtered.wrench.force.z,30.969408845524814
0.485863859,1785795158.726797993,/loadcell_data_filtered.wrench.force.z,28.47981860355796
0.48601004900000006,1785795158.726944183,/loadcell_data_filtered.wrench.force.z,24.158099702370674
0.486156258,1785795158.727090392,/loadcell_data_filtered.wrench.force.z,20.432827493932166
0.48629782000000005,1785795158.727231954,/loadcell_data_filtered.wrench.force.z,18.000763230786987
0.48643686900000005,1785795158.727371003,/loadcell_data_filtered.wrench.force.z,16.62394881126837
0.486574551,1785795158.727508685,/loadcell_data_filtered.wrench.force.z,16.208616993198397
0.486714069,1785795158.727648203,/loadcell_data_filtered.wrench.force.z,16.741495112353146
0.486854041,1785795158.727788175,/loadcell_data_filtered.wrench.force.z,17.42048109297407
0.487779691,1785795158.728713825,/loadcell_data_filtered.wrench.force.z,17.620455133596337
0.488244583,1785795158.729178717,/loadcell_data_filtered.wrench.force.z,17.996651981094278
0.48852826200000005,1785795158.729462396,/loadcell_data_filtered.wrench.force.z,17.879792742783376
0.489638866,1785795158.730573000,/loadcell_data_filtered.wrench.force.z,17.884916895874483
0.489645027,1785795158.730579161,/loadcell_data_filtered.wrench.force.z,17.959752555654518
0.490247423,1785795158.731181557,/loadcell_data_filtered.wrench.force.z,17.788268334566112
0.490651471,1785795158.731585605,/loadcell_data_filtered.wrench.force.z,17.841352039502134
0.490959927,1785795158.731894061,/loadcell_data_filtered.wrench.force.z,20.814662377293082
0.49148341900000003,1785795158.732417553,/loadcell_data_filtered.wrench.force.z,25.150782547666847
0.49239117200000004,1785795158.733325306,/loadcell_data_filtered.wrench.force.z,29.43056896804594
0.492822825,1785795158.733756959,/loadcell_data_filtered.wrench.force.z,32.82889416020109
0.49302114100000005,1785795158.733955275,/loadcell_data_filtered.wrench.force.z,35.50528486461242
0.49345243000000005,1785795158.734386564,/loadcell_data_filtered.wrench.force.z,37.86838953609797
0.49391903000000004,1785795158.734853164,/loadcell_data_filtered.wrench.force.z,39.104723239727164
0.49443500100000004,1785795158.735369135,/loadcell_data_filtered.wrench.force.z,39.34856664283429
0.495073093,1785795158.736007227,/loadcell_data_filtered.wrench.force.z,39.44155131296896
0.49536349300000004,1785795158.736297627,/loadcell_data_filtered.wrench.force.z,39.59311343181749
0.495901564,1785795158.736835698,/loadcell_data_filtered.wrench.force.z,39.31906997795535
0.49645785600000003,1785795158.737391990,/loadcell_data_filtered.wrench.force.z,39.48906336586308
0.496973578,1785795158.737907712,/loadcell_data_filtered.wrench.force.z,39.10160687295688
0.49759943500000003,1785795158.738533569,/loadcell_data_filtered.wrench.force.z,38.751567597029414
0.498344078,1785795158.739278212,/loadcell_data_filtered.wrench.force.z,38.01751399288025
0.49869789200000003,1785795158.739632026,/loadcell_data_filtered.wrench.force.z,37.380087007011255
0.49934580700000003,1785795158.740279941,/loadcell_data_filtered.wrench.force.z,36.780575870549825
0.49989537500000003,1785795158.740829509,/loadcell_data_filtered.wrench.force.z,31.907309794384727
0.5003839990000001,1785795158.741318133,/loadcell_data_filtered.wrench.force.z,27.076794995085233
0.500698288,1785795158.741632422,/loadcell_data_filtered.wrench.force.z,21.940556317595252
0.500993189,1785795158.741927323,/loadcell_data_filtered.wrench.force.z,17.594817782228695
0.501604794,1785795158.742538928,/loadcell_data_filtered.wrench.force.z,13.696958584561843
0.502817912,1785795158.743752046,/loadcell_data_filtered.wrench.force.z,10.454896543398554
0.503112126,1785795158.744046260,/loadcell_data_filtered.wrench.force.z,7.750136708182131
0.5033646580000001,1785795158.744298792,/loadcell_data_filtered.wrench.force.z,7.419476404547368
0.5038742500000001,1785795158.744808384,/loadcell_data_filtered.wrench.force.z,6.448490163499368
0.504267832,1785795158.745201966,/loadcell_data_filtered.wrench.force.z,5.165003339207672
0.504704888,1785795158.745639022,/loadcell_data_filtered.wrench.force.z,3.88057326339854
0.507211641,1785795158.748145775,/loadcell_data_filtered.wrench.force.z,2.653201222940745
0.5081474810000001,1785795158.749081615,/loadcell_data_filtered.wrench.force.z,1.4183838517014162
0.508460228,1785795158.749394362,/loadcell_data_filtered.wrench.force.z,-0.10424138009832462
0.508688816,1785795158.749622950,/loadcell_data_filtered.wrench.force.z,-1.1801407733140112
0.509801103,1785795158.750735237,/loadcell_data_filtered.wrench.force.z,-1.939200106975617
0.510548357,1785795158.751482491,/loadcell_data_filtered.wrench.force.z,-2.298852227489075
0.51055985,1785795158.751493984,/loadcell_data_filtered.wrench.force.z,3.0561513061968486
0.510561644,1785795158.751495778,/loadcell_data_filtered.wrench.force.z,6.4362415359098915
0.5105632760000001,1785795158.751497410,/loadcell_data_filtered.wrench.force.z,10.27122315802021
0.5106520130000001,1785795158.751586147,/loadcell_data_filtered.wrench.force.z,13.871589686454206
0.5107667920000001,1785795158.751700926,/loadcell_data_filtered.wrench.force.z,17.31859263098254
0.510906675,1785795158.751840809,/loadcell_data_filtered.wrench.force.z,18.671624486575684
0.511069832,1785795158.752003966,/loadcell_data_filtered.wrench.force.z,18.885064874134013
0.5116097390000001,1785795158.752543873,/loadcell_data_filtered.wrench.force.z,19.35381916533157
0.511913646,1785795158.752847780,/loadcell_data_filtered.wrench.force.z,19.091026585732898
0.5122085940000001,1785795158.753142728,/loadcell_data_filtered.wrench.force.z,19.26745287688666
0.512772154,1785795158.753706288,/loadcell_data_filtered.wrench.force.z,19.552916642377554
0.51322981,1785795158.754163944,/loadcell_data_filtered.wrench.force.z,20.016965969775672
0.5137953940000001,1785795158.754729528,/loadcell_data_filtered.wrench.force.z,20.253790577673342
0.514613294,1785795158.755547428,/loadcell_data_filtered.wrench.force.z,20.44990948029384
0.514896869,1785795158.755831003,/loadcell_data_filtered.wrench.force.z,20.82816968024135
0.515387409,1785795158.756321543,/loadcell_data_filtered.wrench.force.z,21.1986724915405
0.515781397,1785795158.756715531,/loadcell_data_filtered.wrench.force.z,20.859735947757837
0.516405913,1785795158.757340047,/loadcell_data_filtered.wrench.force.z,14.813056645412352
0.516884228,1785795158.757818362,/loadcell_data_filtered.wrench.force.z,10.753863126380885
0.5173490030000001,1785795158.758283137,/loadcell_data_filtered.wrench.force.z,7.068189252931104
0.5177424460000001,1785795158.758676580,/loadcell_data_filtered.wrench.force.z,4.568793847181745
0.52012714,1785795158.761061274,/loadcell_data_filtered.wrench.force.z,1.5377447729166436
0.5203135280000001,1785795158.761247662,/loadcell_data_filtered.wrench.force.z,-0.2609145855497972
0.520443439,1785795158.761377573,/loadcell_data_filtered.wrench.force.z,-1.1503122069187481
0.5205640490000001,1785795158.761498183,/loadcell_data_filtered.wrench.force.z,-8.61834744903771
0.520709383,1785795158.761643517,/loadcell_data_filtered.wrench.force.z,-8.196937029597414
0.520870264,1785795158.761804398,/loadcell_data_filtered.wrench.force.z,-8.852854930827677
0.5212756980000001,1785795158.762209832,/loadcell_data_filtered.wrench.force.z,-9.27524523220696
0.522283905,1785795158.763218039,/loadcell_data_filtered.wrench.force.z,-9.837721155261455
0.522749239,1785795158.763683373,/loadcell_data_filtered.wrench.force.z,-10.710634872973067
0.5230910520000001,1785795158.764025186,/loadcell_data_filtered.wrench.force.z,-11.412082926798108
0.5236637110000001,1785795158.764597845,/loadcell_data_filtered.wrench.force.z,-12.048774401440234
0.5240864660000001,1785795158.765020600,/loadcell_data_filtered.wrench.force.z,-12.440959287196769
0.524475339,1785795158.765409473,/loadcell_data_filtered.wrench.force.z,-9.643462613650687
0.525405884,1785795158.766340018,/loadcell_data_filtered.wrench.force.z,-5.611680540813647
0.525781104,1785795158.766715238,/loadcell_data_filtered.wrench.force.z,-1.4160573899570812
0.526046805,1785795158.766980939,/loadcell_data_filtered.wrench.force.z,1.8927936879961376
0.526254854,1785795158.767188988,/loadcell_data_filtered.wrench.force.z,4.356468900657356
0.526794292,1785795158.767728426,/loadcell_data_filtered.wrench.force.z,6.779410986492941
0.5302219730000001,1785795158.771156107,/loadcell_data_filtered.wrench.force.z,8.00490681747225
0.530584885,1785795158.771519019,/loadcell_data_filtered.wrench.force.z,8.306389990188183
0.5307495280000001,1785795158.771683662,/loadcell_data_filtered.wrench.force.z,9.266799022091073
0.530981692,1785795158.771915826,/loadcell_data_filtered.wrench.force.z,10.422528800713184
0.5313242610000001,1785795158.772258395,/loadcell_data_filtered.wrench.force.z,11.422446515109462
0.5315950460000001,1785795158.772529180,/loadcell_data_filtered.wrench.force.z,12.61777828239685
0.531841651,1785795158.772775785,/loadcell_data_filtered.wrench.force.z,13.781502674149436
0.5321304290000001,1785795158.773064563,/loadcell_data_filtered.wrench.force.z,14.535046763837366
0.534076667,1785795158.775010801,/loadcell_data_filtered.wrench.force.z,14.051421365974308
0.534428429,1785795158.775362563,/loadcell_data_filtered.wrench.force.z,14.830493775926373
0.534790559,1785795158.775724693,/loadcell_data_filtered.wrench.force.z,15.90612299019304
0.535202431,1785795158.776136565,/loadcell_data_filtered.wrench.force.z,12.357408931620292
0.5356113060000001,1785795158.776545440,/loadcell_data_filtered.wrench.force.z,9.820964599799861
0.536055791,1785795158.776989925,/loadcell_data_filtered.wrench.force.z,7.143762653220577
0.536487516,1785795158.777421650,/loadcell_data_filtered.wrench.force.z,5.203328797508664
0.5369568680000001,1785795158.777891002,/loadcell_data_filtered.wrench.force.z,1.813828730211719
0.537460449,1785795158.778394583,/loadcell_data_filtered.wrench.force.z,0.26321762357042044
0.53792105,1785795158.778855184,/loadcell_data_filtered.wrench.force.z,-0.611363406704116
0.538349806,1785795158.779283940,/loadcell_data_filtered.wrench.force.z,0.6533128771241148
0.538692821,1785795158.779626955,/loadcell_data_filtered.wrench.force.z,1.347710331640387
0.539094772,1785795158.780028906,/loadcell_data_filtered.wrench.force.z,2.4337999130226233
0.539777963,1785795158.780712097,/loadcell_data_filtered.wrench.force.z,3.1759210323743106
0.539812331,1785795158.780746465,/loadcell_data_filtered.wrench.force.z,3.7383421752492754
0.540965824,1785795158.781899958,/loadcell_data_filtered.wrench.force.z,4.081205758275336
0.5417045620000001,1785795158.782638696,/loadcell_data_filtered.wrench.force.z,4.631376868358689
0.5424464090000001,1785795158.783380543,/loadcell_data_filtered.wrench.force.z,4.943399788115957
0.5429538220000001,1785795158.783887956,/loadcell_data_filtered.wrench.force.z,5.004287093107065
0.5433870310000001,1785795158.784321165,/loadcell_data_filtered.wrench.force.z,5.424889512984752
0.5438247110000001,1785795158.784758845,/loadcell_data_filtered.wrench.force.z,11.709845709693482
0.544312433,1785795158.785246567,/loadcell_data_filtered.wrench.force.z,16.349157674232757
0.544813832,1785795158.785747966,/loadcell_data_filtered.wrench.force.z,20.801444824034434
0.5453684440000001,1785795158.786302578,/loadcell_data_filtered.wrench.force.z,24.05933106680595
0.545813069,1785795158.786747203,/loadcell_data_filtered.wrench.force.z,28.06748662805566
0.546295764,1785795158.787229898,/loadcell_data_filtered.wrench.force.z,30.59138039836995
0.5467025560000001,1785795158.787636690,/loadcell_data_filtered.wrench.force.z,32.22678828763118
0.547103914,1785795158.788038048,/loadcell_data_filtered.wrench.force.z,32.06269870046214
0.5473213170000001,1785795158.788255451,/loadcell_data_filtered.wrench.force.z,31.996968081726656
0.5475511860000001,1785795158.788485320,/loadcell_data_filtered.wrench.force.z,32.32410649779137
0.547868547,1785795158.788802681,/loadcell_data_filtered.wrench.force.z,32.79603266385483
0.548236491,1785795158.789170625,/loadcell_data_filtered.wrench.force.z,33.43074981873721
0.5486016380000001,1785795158.789535772,/loadcell_data_filtered.wrench.force.z,33.32975121058995
0.5489435810000001,1785795158.789877715,/loadcell_data_filtered.wrench.force.z,33.4071298365221
0.549313491,1785795158.790247625,/loadcell_data_filtered.wrench.force.z,33.52072158165436
0.549697177,1785795158.790631311,/loadcell_data_filtered.wrench.force.z,33.60495926504033
0.550006255,1785795158.790940389,/loadcell_data_filtered.wrench.force.z,32.845973594005464
0.5503429870000001,1785795158.791277121,/loadcell_data_filtered.wrench.force.z,27.186175476132956
0.55069798,1785795158.791632114,/loadcell_data_filtered.wrench.force.z,23.03439559208156
0.551063737,1785795158.791997871,/loadcell_data_filtered.wrench.force.z,19.19225716067623
0.551455499,1785795158.792389633,/loadcell_data_filtered.wrench.force.z,15.814981105396015
0.551840581,1785795158.792774715,/loadcell_data_filtered.wrench.force.z,12.793353817539874
0.552363412,1785795158.793297546,/loadcell_data_filtered.wrench.force.z,11.150416965022922
0.552777317,1785795158.793711451,/loadcell_data_filtered.wrench.force.z,10.17221559062062
0.5534341180000001,1785795158.794368252,/loadcell_data_filtered.wrench.force.z,9.693134768705713
0.553751579,1785795158.794685713,/loadcell_data_filtered.wrench.force.z,9.556652746896933
0.555148482,1785795158.796082616,/loadcell_data_filtered.wrench.force.z,9.162268963558168
0.555472209,1785795158.796406343,/loadcell_data_filtered.wrench.force.z,8.823847582868119
0.5555938,1785795158.796527934,/loadcell_data_filtered.wrench.force.z,8.293312101661284
0.5557118830000001,1785795158.796646017,/loadcell_data_filtered.wrench.force.z,7.538488616081669
0.556161409,1785795158.797095543,/loadcell_data_filtered.wrench.force.z,5.765320327710402
0.556569722,1785795158.797503856,/loadcell_data_filtered.wrench.force.z,4.286185883196187
0.557584266,1785795158.798518400,/loadcell_data_filtered.wrench.force.z,2.7984019257069384
0.5580839550000001,1785795158.799018089,/loadcell_data_filtered.wrench.force.z,5.212987913550162
0.558480132,1785795158.799414266,/loadcell_data_filtered.wrench.force.z,8.301173734415169
0.558981979,1785795158.799916113,/loadcell_data_filtered.wrench.force.z,11.583773849140481
0.559428616,1785795158.800362750,/loadcell_data_filtered.wrench.force.z,14.053799610658256
0.55979893,1785795158.800733064,/loadcell_data_filtered.wrench.force.z,16.047902873884098
0.560445011,1785795158.801379145,/loadcell_data_filtered.wrench.force.z,16.843977646290245
0.560762964,1785795158.801697098,/loadcell_data_filtered.wrench.force.z,17.098197263249368
0.561081367,1785795158.802015501,/loadcell_data_filtered.wrench.force.z,16.234071629239846
0.5618047780000001,1785795158.802738912,/loadcell_data_filtered.wrench.force.z,15.313977344399149
0.562562962,1785795158.803497096,/loadcell_data_filtered.wrench.force.z,14.445899654168263
0.565062183,1785795158.805996317,/loadcell_data_filtered.wrench.force.z,13.594686938612222
0.5654321910000001,1785795158.806366325,/loadcell_data_filtered.wrench.force.z,13.800168086852324
0.565728654,1785795158.806662788,/loadcell_data_filtered.wrench.force.z,12.797829353132045
0.566141672,1785795158.807075806,/loadcell_data_filtered.wrench.force.z,12.453921150199742
0.566547396,1785795158.807481530,/loadcell_data_filtered.wrench.force.z,12.034561604113563
0.566834354,1785795158.807768488,/loadcell_data_filtered.wrench.force.z,12.148806655943236
0.567096625,1785795158.808030759,/loadcell_data_filtered.wrench.force.z,11.33124904521155
0.5673597,1785795158.808293834,/loadcell_data_filtered.wrench.force.z,5.140856661859751
0.567804627,1785795158.808738761,/loadcell_data_filtered.wrench.force.z,1.120186391302584
0.568228807,1785795158.809162941,/loadcell_data_filtered.wrench.force.z,-3.451437430271935
0.568542474,1785795158.809476608,/loadcell_data_filtered.wrench.force.z,-6.35335708712575
0.568908383,1785795158.809842517,/loadcell_data_filtered.wrench.force.z,-9.144896939901251
0.569387021,1785795158.810321155,/loadcell_data_filtered.wrench.force.z,-11.383788988934755
0.569862353,1785795158.810796487,/loadcell_data_filtered.wrench.force.z,-13.911661930555821
0.5702834050000001,1785795158.811217539,/loadcell_data_filtered.wrench.force.z,-14.411635877869761
0.570674729,1785795158.811608863,/loadcell_data_filtered.wrench.force.z,-14.827468033180054
0.571038381,1785795158.811972515,/loadcell_data_filtered.wrench.force.z,-14.995764467094425
0.571449074,1785795158.812383208,/loadcell_data_filtered.wrench.force.z,-15.26476841113897
0.5718592020000001,1785795158.812793336,/loadcell_data_filtered.wrench.force.z,-15.838636650964265
0.572371162,1785795158.813305296,/loadcell_data_filtered.wrench.force.z,-16.758207733198052
0.572823391,1785795158.813757525,/loadcell_data_filtered.wrench.force.z,-17.510028627610215
0.573125965,1785795158.814060099,/loadcell_data_filtered.wrench.force.z,-17.954607246143723
0.57348619,1785795158.814420324,/loadcell_data_filtered.wrench.force.z,-18.236811751933544
0.5759569440000001,1785795158.816891078,/loadcell_data_filtered.wrench.force.z,-18.324670607329676
0.576300084,1785795158.817234218,/loadcell_data_filtered.wrench.force.z,-12.816691623030138
0.576546377,1785795158.817480511,/loadcell_data_filtered.wrench.force.z,-8.563899445594764
0.576775177,1785795158.817709311,/loadcell_data_filtered.wrench.force.z,-4.537267815889537
0.5770011930000001,1785795158.817935327,/loadcell_data_filtered.wrench.force.z,-1.4555357035629513
0.577200475,1785795158.818134609,/loadcell_data_filtered.wrench.force.z,1.760841130130154
0.5774592080000001,1785795158.818393342,/loadcell_data_filtered.wrench.force.z,3.3094955134782476
0.577763574,1785795158.818697708,/loadcell_data_filtered.wrench.force.z,4.521307830884897
0.577970208,1785795158.818904342,/loadcell_data_filtered.wrench.force.z,4.982638949583676
0.578541638,1785795158.819475772,/loadcell_data_filtered.wrench.force.z,5.336872182505171
0.5790465060000001,1785795158.819980640,/loadcell_data_filtered.wrench.force.z,6.1080054070754395
0.579607657,1785795158.820541791,/loadcell_data_filtered.wrench.force.z,6.6052057111087485
0.580065385,1785795158.820999519,/loadcell_data_filtered.wrench.force.z,7.31991552639548
0.5805987060000001,1785795158.821532840,/loadcell_data_filtered.wrench.force.z,8.151541148068475
0.58155732,1785795158.822491454,/loadcell_data_filtered.wrench.force.z,9.460570162246999
0.58202575,1785795158.822959884,/loadcell_data_filtered.wrench.force.z,10.538361066430168
0.582561785,1785795158.823495919,/loadcell_data_filtered.wrench.force.z,11.647205944004355
0.5830736630000001,1785795158.824007797,/loadcell_data_filtered.wrench.force.z,11.826747537136216
0.583504439,1785795158.824438573,/loadcell_data_filtered.wrench.force.z,7.72524228469189
0.5838548570000001,1785795158.824788991,/loadcell_data_filtered.wrench.force.z,5.237982509704759
0.5846788420000001,1785795158.825612976,/loadcell_data_filtered.wrench.force.z,3.2404186613011037
0.585359462,1785795158.826293596,/loadcell_data_filtered.wrench.force.z,2.2776697861572663
0.5855618380000001,1785795158.826495972,/loadcell_data_filtered.wrench.force.z,1.4840807192138612
0.5858193540000001,1785795158.826753488,/loadcell_data_filtered.wrench.force.z,1.624887116161486
0.586196837,1785795158.827130971,/loadcell_data_filtered.wrench.force.z,2.4312820778202
0.5866051090000001,1785795158.827539243,/loadcell_data_filtered.wrench.force.z,3.793463965158153
0.587571331,1785795158.828505465,/loadcell_data_filtered.wrench.force.z,4.683749468593065
0.5884883230000001,1785795158.829422457,/loadcell_data_filtered.wrench.force.z,5.882448039274962
0.58903501,1785795158.829969144,/loadcell_data_filtered.wrench.force.z,7.416097463075264
0.589556266,1785795158.830490400,/loadcell_data_filtered.wrench.force.z,8.335105937762957
0.5901563830000001,1785795158.831090517,/loadcell_data_filtered.wrench.force.z,9.375734140956116
0.590569654,1785795158.831503788,/loadcell_data_filtered.wrench.force.z,10.934987555761845
0.590977344,1785795158.831911478,/loadcell_data_filtered.wrench.force.z,12.462678628768366
0.591344602,1785795158.832278736,/loadcell_data_filtered.wrench.force.z,13.466467801748685
0.5924170510000001,1785795158.833351185,/loadcell_data_filtered.wrench.force.z,18.34897361108772
0.5928172890000001,1785795158.833751423,/loadcell_data_filtered.wrench.force.z,23.417472191531928
0.593126844,1785795158.834060978,/loadcell_data_filtered.wrench.force.z,28.892237412185644
0.59335189,1785795158.834286024,/loadcell_data_filtered.wrench.force.z,33.53953324245828
0.5935958680000001,1785795158.834530002,/loadcell_data_filtered.wrench.force.z,37.277834334383485
0.593814391,1785795158.834748525,/loadcell_data_filtered.wrench.force.z,39.95386126893149
0.593996045,1785795158.834930179,/loadcell_data_filtered.wrench.force.z,42.19371490910087
0.594577447,1785795158.835511581,/loadcell_data_filtered.wrench.force.z,42.39088677525426
0.5950881410000001,1785795158.836022275,/loadcell_data_filtered.wrench.force.z,42.87293221838636
0.595479785,1785795158.836413919,/loadcell_data_filtered.wrench.force.z,43.556680163404955
0.596051485,1785795158.836985619,/loadcell_data_filtered.wrench.force.z,43.62087595510366
0.59664117,1785795158.837575304,/loadcell_data_filtered.wrench.force.z,44.042912097747774
0.596963741,1785795158.837897875,/loadcell_data_filtered.wrench.force.z,44.29753261750984
0.5975070650000001,1785795158.838441199,/loadcell_data_filtered.wrench.force.z,44.237447561984354
0.598222382,1785795158.839156516,/loadcell_data_filtered.wrench.force.z,44.2387321235601
0.6001709940000001,1785795158.841105128,/loadcell_data_filtered.wrench.force.z,43.99802511630142
0.6005444480000001,1785795158.841478582,/loadcell_data_filtered.wrench.force.z,43.42135597166937
0.6008308910000001,1785795158.841765025,/loadcell_data_filtered.wrench.force.z,38.07636170669938
0.601132137,1785795158.842066271,/loadcell_data_filtered.wrench.force.z,34.09243170201344
0.601443178,1785795158.842377312,/loadcell_data_filtered.wrench.force.z,29.675350824274652
0.601740222,1785795158.842674356,/loadcell_data_filtered.wrench.force.z,25.906004054495092
0.602007175,1785795158.842941309,/loadcell_data_filtered.wrench.force.z,22.234000825111423
0.602354147,1785795158.843288281,/loadcell_data_filtered.wrench.force.z,19.963413439790234
0.6027161440000001,1785795158.843650278,/loadcell_data_filtered.wrench.force.z,17.78368316890862
0.603035636,1785795158.843969770,/loadcell_data_filtered.wrench.force.z,17.23015371100439
0.603780391,1785795158.844714525,/loadcell_data_filtered.wrench.force.z,16.890519263383876
0.604073614,1785795158.845007748,/loadcell_data_filtered.wrench.force.z,16.584348259334398
0.6043923720000001,1785795158.845326506,/loadcell_data_filtered.wrench.force.z,16.01117357170243
0.605123756,1785795158.846057890,/loadcell_data_filtered.wrench.force.z,15.117944465321468
0.608599856,1785795158.849533990,/loadcell_data_filtered.wrench.force.z,14.11429420520593
0.6087520230000001,1785795158.849686157,/loadcell_data_filtered.wrench.force.z,13.203186226518802
0.60903147,1785795158.849965604,/loadcell_data_filtered.wrench.force.z,13.030197053008074
0.609378696,1785795158.850312830,/loadcell_data_filtered.wrench.force.z,13.02753019997605
0.609616701,1785795158.850550835,/loadcell_data_filtered.wrench.force.z,12.797042672239323
0.6098143570000001,1785795158.850748491,/loadcell_data_filtered.wrench.force.z,18.600528487611243
0.6100016,1785795158.850935734,/loadcell_data_filtered.wrench.force.z,22.4543184582902
0.612100858,1785795158.853034992,/loadcell_data_filtered.wrench.force.z,25.07705271736053
0.612595603,1785795158.853529737,/loadcell_data_filtered.wrench.force.z,25.434982267895084
0.612792988,1785795158.853727122,/loadcell_data_filtered.wrench.force.z,28.04844059979754
0.612985361,1785795158.853919495,/loadcell_data_filtered.wrench.force.z,29.382764733283267
0.613160983,1785795158.854095117,/loadcell_data_filtered.wrench.force.z,29.830264033146257
0.613324769,1785795158.854258903,/loadcell_data_filtered.wrench.force.z,29.367273510576602
0.613479852,1785795158.854413986,/loadcell_data_filtered.wrench.force.z,28.962959362880554
0.613635027,1785795158.854569161,/loadcell_data_filtered.wrench.force.z,28.772269112770335
0.6137851670000001,1785795158.854719301,/loadcell_data_filtered.wrench.force.z,27.315210017754392
0.6139354920000001,1785795158.854869626,/loadcell_data_filtered.wrench.force.z,24.933262069050205
0.615133045,1785795158.856067179,/loadcell_data_filtered.wrench.force.z,24.035490352686402
0.615518016,1785795158.856452150,/loadcell_data_filtered.wrench.force.z,23.074419796121898
0.61579562,1785795158.856729754,/loadcell_data_filtered.wrench.force.z,22.580644229610726
0.616181831,1785795158.857115965,/loadcell_data_filtered.wrench.force.z,22.224748623468425
0.616650754,1785795158.857584888,/loadcell_data_filtered.wrench.force.z,18.34824351715529
0.617121938,1785795158.858056072,/loadcell_data_filtered.wrench.force.z,12.19862531467777
0.6175867,1785795158.858520834,/loadcell_data_filtered.wrench.force.z,7.1320463569560815
0.6181205350000001,1785795158.859054669,/loadcell_data_filtered.wrench.force.z,2.349259278419705
0.61864443,1785795158.859578564,/loadcell_data_filtered.wrench.force.z,-1.6487597293423644
0.6190642190000001,1785795158.859998353,/loadcell_data_filtered.wrench.force.z,-5.3077941258742785
0.6194430310000001,1785795158.860377165,/loadcell_data_filtered.wrench.force.z,-7.556747635458047
0.619876058,1785795158.860810192,/loadcell_data_filtered.wrench.force.z,-8.790782340850525
0.620466615,1785795158.861400749,/loadcell_data_filtered.wrench.force.z,-8.93334941649466
0.62089076,1785795158.861824894,/loadcell_data_filtered.wrench.force.z,-8.95303641162895
0.62130218,1785795158.862236314,/loadcell_data_filtered.wrench.force.z,-9.643673840069635
0.621721634,1785795158.862655768,/loadcell_data_filtered.wrench.force.z,-10.079941618220293
0.6221426600000001,1785795158.863076794,/loadcell_data_filtered.wrench.force.z,-10.771727429834941
0.6245950650000001,1785795158.865529199,/loadcell_data_filtered.wrench.force.z,-11.263368249366286
0.625220569,1785795158.866154703,/loadcell_data_filtered.wrench.force.z,-11.538147221115226
0.625754675,1785795158.866688809,/loadcell_data_filtered.wrench.force.z,-11.206619221941764
0.626341334,1785795158.867275468,/loadcell_data_filtered.wrench.force.z,-18.21991442830289
0.626832032,1785795158.867766166,/loadcell_data_filtered.wrench.force.z,-13.249705600145816
0.6273882630000001,1785795158.868322397,/loadcell_data_filtered.wrench.force.z,-9.47455206119972
0.6279093130000001,1785795158.868843447,/loadcell_data_filtered.wrench.force.z,-4.631597136158085
0.6284072900000001,1785795158.869341424,/loadcell_data_filtered.wrench.force.z,-0.7103003289812411
0.62885648,1785795158.869790614,/loadcell_data_filtered.wrench.force.z,-4.157523854815039
0.629262384,1785795158.870196518,/loadcell_data_filtered.wrench.force.z,-1.2681507045372484
0.6296620510000001,1785795158.870596185,/loadcell_data_filtered.wrench.force.z,0.4593708275426345
0.630018728,1785795158.870952862,/loadcell_data_filtered.wrench.force.z,1.9739778504702425
0.630258265,1785795158.871192399,/loadcell_data_filtered.wrench.force.z,2.985294350676675
0.6304681040000001,1785795158.871402238,/loadcell_data_filtered.wrench.force.z,4.163606044951581
0.6306687950000001,1785795158.871602929,/loadcell_data_filtered.wrench.force.z,5.124201595765838
0.6309647770000001,1785795158.871898911,/loadcell_data_filtered.wrench.force.z,6.223466569407688
0.63135938,1785795158.872293514,/loadcell_data_filtered.wrench.force.z,7.407044823512995
0.63177028,1785795158.872704414,/loadcell_data_filtered.wrench.force.z,8.613614306507912
0.632183536,1785795158.873117670,/loadcell_data_filtered.wrench.force.z,9.774436638124316
0.632685752,1785795158.873619886,/loadcell_data_filtered.wrench.force.z,10.638166480587902
0.633132664,1785795158.874066798,/loadcell_data_filtered.wrench.force.z,11.58008056484942
0.637935601,1785795158.878869735,/loadcell_data_filtered.wrench.force.z,6.92392738592264
0.638438012,1785795158.879372146,/loadcell_data_filtered.wrench.force.z,3.7715877502150494
0.638806976,1785795158.879741110,/loadcell_data_filtered.wrench.force.z,1.5296436733180903
0.6391543900000001,1785795158.880088524,/loadcell_data_filtered.wrench.force.z,-0.18561529762597795
0.6394493950000001,1785795158.880383529,/loadcell_data_filtered.wrench.force.z,-2.074344416228505
0.639723463,1785795158.880657597,/loadcell_data_filtered.wrench.force.z,-2.8315313840313676
0.6400211090000001,1785795158.880955243,/loadcell_data_filtered.wrench.force.z,-3.295612039952048
0.640391002,1785795158.881325136,/loadcell_data_filtered.wrench.force.z,-2.4437497804389228
0.640734631,1785795158.881668765,/loadcell_data_filtered.wrench.force.z,-1.5180118580030206
0.641016268,1785795158.881950402,/loadcell_data_filtered.wrench.force.z,-0.6948369360502
0.6413843220000001,1785795158.882318456,/loadcell_data_filtered.wrench.force.z,0.29697579358762816
0.641670269,1785795158.882604403,/loadcell_data_filtered.wrench.force.z,0.32459600009352996
0.641934686,1785795158.882868820,/loadcell_data_filtered.wrench.force.z,-1.5641775435678733
0.642279688,1785795158.883213822,/loadcell_data_filtered.wrench.force.z,-1.6513306545846844
0.642641362,1785795158.883575496,/loadcell_data_filtered.wrench.force.z,-1.972814812097269
0.642949596,1785795158.883883730,/loadcell_data_filtered.wrench.force.z,-2.3511529821884665
0.643373249,1785795158.884307383,/loadcell_data_filtered.wrench.force.z,-2.1487858275640206
0.6439071350000001,1785795158.884841269,/loadcell_data_filtered.wrench.force.z,3.912368211714476
0.644279217,1785795158.885213351,/loadcell_data_filtered.wrench.force.z,8.792397140931644
0.6446374970000001,1785795158.885571631,/loadcell_data_filtered.wrench.force.z,12.251266612982072
0.644852714,1785795158.885786848,/loadcell_data_filtered.wrench.force.z,15.632162541243979
0.645248716,1785795158.886182850,/loadcell_data_filtered.wrench.force.z,18.455718731890318
0.649367786,1785795158.890301920,/loadcell_data_filtered.wrench.force.z,20.323588092385286
0.649695455,1785795158.890629589,/loadcell_data_filtered.wrench.force.z,21.968343081681486
0.6499321800000001,1785795158.890866314,/loadcell_data_filtered.wrench.force.z,23.203213212720243
0.650198169,1785795158.891132303,/loadcell_data_filtered.wrench.force.z,24.05056276045747
0.65172037,1785795158.892654504,/loadcell_data_filtered.wrench.force.z,24.78115957683936
0.652005744,1785795158.892939878,/loadcell_data_filtered.wrench.force.z,26.206920907496556
0.6522265110000001,1785795158.893160645,/loadcell_data_filtered.wrench.force.z,27.511507128538465
0.6524209790000001,1785795158.893355113,/loadcell_data_filtered.wrench.force.z,28.806313551335165
0.652638811,1785795158.893572945,/loadcell_data_filtered.wrench.force.z,29.892091608376703
0.652823056,1785795158.893757190,/loadcell_data_filtered.wrench.force.z,28.347660500276096
0.6530296560000001,1785795158.893963790,/loadcell_data_filtered.wrench.force.z,23.590982172385704
0.6532710780000001,1785795158.894205212,/loadcell_data_filtered.wrench.force.z,20.416404005237915
0.6534941630000001,1785795158.894428297,/loadcell_data_filtered.wrench.force.z,18.005339354648385
0.653710592,1785795158.894644726,/loadcell_data_filtered.wrench.force.z,16.19325752189664
0.653950162,1785795158.894884296,/loadcell_data_filtered.wrench.force.z,14.544144516159802
0.654304591,1785795158.895238725,/loadcell_data_filtered.wrench.force.z,12.14772348559176
0.6546158120000001,1785795158.895549946,/loadcell_data_filtered.wrench.force.z,11.16934543210498
0.654888372,1785795158.895822506,/loadcell_data_filtered.wrench.force.z,11.856037152433654
0.655335599,1785795158.896269733,/loadcell_data_filtered.wrench.force.z,12.2406122447424
0.6556539520000001,1785795158.896588086,/loadcell_data_filtered.wrench.force.z,12.189486358587729
0.6559204310000001,1785795158.896854565,/loadcell_data_filtered.wrench.force.z,12.352788904543194
0.656207882,1785795158.897142016,/loadcell_data_filtered.wrench.force.z,12.283634080711058
0.656941108,1785795158.897875242,/loadcell_data_filtered.wrench.force.z,12.066381224843806
0.656987474,1785795158.897921608,/loadcell_data_filtered.wrench.force.z,12.026894734231064
0.657701559,1785795158.898635693,/loadcell_data_filtered.wrench.force.z,11.592543485689795
0.657911369,1785795158.898845503,/loadcell_data_filtered.wrench.force.z,11.224648177105088
0.6580806610000001,1785795158.899014795,/loadcell_data_filtered.wrench.force.z,15.163294976022296
0.658216452,1785795158.899150586,/loadcell_data_filtered.wrench.force.z,18.5114908164361
0.6586396640000001,1785795158.899573798,/loadcell_data_filtered.wrench.force.z,22.237200657193497
0.6592730370000001,1785795158.900207171,/loadcell_data_filtered.wrench.force.z,25.184623398720024
0.659629082,1785795158.900563216,/loadcell_data_filtered.wrench.force.z,27.083661946920262
0.660049074,1785795158.900983208,/loadcell_data_filtered.wrench.force.z,28.530179023714854
0.660690683,1785795158.901624817,/loadcell_data_filtered.wrench.force.z,29.105039486588524
0.6613703240000001,1785795158.902304458,/loadcell_data_filtered.wrench.force.z,28.679601213271784
0.661718068,1785795158.902652202,/loadcell_data_filtered.wrench.force.z,28.113816067539418
0.6621976420000001,1785795158.903131776,/loadcell_data_filtered.wrench.force.z,27.512808831187627
0.662578164,1785795158.903512298,/loadcell_data_filtered.wrench.force.z,27.19172549390686
0.663237049,1785795158.904171183,/loadcell_data_filtered.wrench.force.z,26.838585919733006
0.6636229920000001,1785795158.904557126,/loadcell_data_filtered.wrench.force.z,26.10615770665484
0.664205519,1785795158.905139653,/loadcell_data_filtered.wrench.force.z,25.512576518170363
0.6678534060000001,1785795158.908787540,/loadcell_data_filtered.wrench.force.z,24.847757710892807
0.6701053290000001,1785795158.911039463,/loadcell_data_filtered.wrench.force.z,23.858509089986992
0.6704384440000001,1785795158.911372578,/loadcell_data_filtered.wrench.force.z,23.649099257825902
0.670679895,1785795158.911614029,/loadcell_data_filtered.wrench.force.z,17.99462993713862
0.670903412,1785795158.911837546,/loadcell_data_filtered.wrench.force.z,14.044134916879663
0.671132567,1785795158.912066701,/loadcell_data_filtered.wrench.force.z,10.166149936928562
0.671372371,1785795158.912306505,/loadcell_data_filtered.wrench.force.z,6.226810583910343
0.671617996,1785795158.912552130,/loadcell_data_filtered.wrench.force.z,2.0563729509314417
0.671834342,1785795158.912768476,/loadcell_data_filtered.wrench.force.z,-1.8575220766703069
0.672049558,1785795158.912983692,/loadcell_data_filtered.wrench.force.z,-8.12852879293668
0.672332353,1785795158.913266487,/loadcell_data_filtered.wrench.force.z,-12.51480782927009
0.6725945200000001,1785795158.913528654,/loadcell_data_filtered.wrench.force.z,-14.012734086479117
0.6728900170000001,1785795158.913824151,/loadcell_data_filtered.wrench.force.z,-15.475693673118068
0.6732210670000001,1785795158.914155201,/loadcell_data_filtered.wrench.force.z,-15.937203506955532
0.6735410270000001,1785795158.914475161,/loadcell_data_filtered.wrench.force.z,-16.745300617281426
0.6745123150000001,1785795158.915446449,/loadcell_data_filtered.wrench.force.z,-17.5371407756044
0.6745203830000001,1785795158.915454517,/loadcell_data_filtered.wrench.force.z,-18.87758523222017
0.674859748,1785795158.915793882,/loadcell_data_filtered.wrench.force.z,-20.981316706785336
0.6751912480000001,1785795158.916125382,/loadcell_data_filtered.wrench.force.z,-21.627489390453036
0.675470868,1785795158.916405002,/loadcell_data_filtered.wrench.force.z,-21.96170744673184
0.677267744,1785795158.918201878,/loadcell_data_filtered.wrench.force.z,-16.64103649358968
0.6774768240000001,1785795158.918410958,/loadcell_data_filtered.wrench.force.z,-14.106191112724629
0.67763627,1785795158.918570404,/loadcell_data_filtered.wrench.force.z,-11.301624174563031
0.677765238,1785795158.918699372,/loadcell_data_filtered.wrench.force.z,-7.750077705950526
0.67790207,1785795158.918836204,/loadcell_data_filtered.wrench.force.z,-12.261666185986062
0.6780386540000001,1785795158.918972788,/loadcell_data_filtered.wrench.force.z,-11.289113523879696
0.6781692,1785795158.919103334,/loadcell_data_filtered.wrench.force.z,-11.848576299824833
0.678290269,1785795158.919224403,/loadcell_data_filtered.wrench.force.z,-12.169742810291673
0.679676927,1785795158.920611061,/loadcell_data_filtered.wrench.force.z,-11.539998678796843
0.679903828,1785795158.920837962,/loadcell_data_filtered.wrench.force.z,-11.46857399515679
0.68008521,1785795158.921019344,/loadcell_data_filtered.wrench.force.z,-10.40345364024473
0.6802595180000001,1785795158.921193652,/loadcell_data_filtered.wrench.force.z,-9.896680144193642
0.6831277880000001,1785795158.924061922,/loadcell_data_filtered.wrench.force.z,-9.737170012191013
0.6835481950000001,1785795158.924482329,/loadcell_data_filtered.wrench.force.z,-8.964212825778636
0.683845714,1785795158.924779848,/loadcell_data_filtered.wrench.force.z,-7.693597836880342
0.6841708190000001,1785795158.925104953,/loadcell_data_filtered.wrench.force.z,-6.439750497145811
0.6844741630000001,1785795158.925408297,/loadcell_data_filtered.wrench.force.z,-8.371179528478011
0.6847559010000001,1785795158.925690035,/loadcell_data_filtered.wrench.force.z,-11.298924420667742
0.6850067980000001,1785795158.925940932,/loadcell_data_filtered.wrench.force.z,-14.738512342238803
0.685257733,1785795158.926191867,/loadcell_data_filtered.wrench.force.z,-18.35858323876512
0.685507206,1785795158.926441340,/loadcell_data_filtered.wrench.force.z,-20.646628657303467
0.685859042,1785795158.926793176,/loadcell_data_filtered.wrench.force.z,-22.344692819166074
0.686286535,1785795158.927220669,/loadcell_data_filtered.wrench.force.z,-23.213202214899116
0.6866263370000001,1785795158.927560471,/loadcell_data_filtered.wrench.force.z,-22.926645247181085
0.686958674,1785795158.927892808,/loadcell_data_filtered.wrench.force.z,-22.385515815026345
0.687493251,1785795158.928427385,/loadcell_data_filtered.wrench.force.z,-21.281150102170248
0.687888597,1785795158.928822731,/loadcell_data_filtered.wrench.force.z,-20.500097524898404
0.688245407,1785795158.929179541,/loadcell_data_filtered.wrench.force.z,-19.626507211690797
0.6893342570000001,1785795158.930268391,/loadcell_data_filtered.wrench.force.z,-19.159378538861368
0.6896949280000001,1785795158.930629062,/loadcell_data_filtered.wrench.force.z,-18.97750079125673
0.690025274,1785795158.930959408,/loadcell_data_filtered.wrench.force.z,-18.550490522458958
0.6903203370000001,1785795158.931254471,/loadcell_data_filtered.wrench.force.z,-17.897272590530978
0.690654709,1785795158.931588843,/loadcell_data_filtered.wrench.force.z,-17.86884477124133
0.691452656,1785795158.932386790,/loadcell_data_filtered.wrench.force.z,-12.722423102548932
0.6917212450000001,1785795158.932655379,/loadcell_data_filtered.wrench.force.z,-8.209397214139965
0.692281051,1785795158.933215185,/loadcell_data_filtered.wrench.force.z,-3.6254706806776484
0.692615121,1785795158.933549255,/loadcell_data_filtered.wrench.force.z,-0.3063601100554836
0.6930965210000001,1785795158.934030655,/loadcell_data_filtered.wrench.force.z,3.071845676974486
0.6936329720000001,1785795158.934567106,/loadcell_data_filtered.wrench.force.z,5.371808213564106
0.693973987,1785795158.934908121,/loadcell_data_filtered.wrench.force.z,7.249088415800095
0.6945511940000001,1785795158.935485328,/loadcell_data_filtered.wrench.force.z,7.935420755928002
0.6952068690000001,1785795158.936141003,/loadcell_data_filtered.wrench.force.z,8.653163941353093
0.695585553,1785795158.936519687,/loadcell_data_filtered.wrench.force.z,9.416388799792946
0.696074262,1785795158.937008396,/loadcell_data_filtered.wrench.force.z,10.19286883335138
0.696633428,1785795158.937567562,/loadcell_data_filtered.wrench.force.z,10.927890172779746
0.697130589,1785795158.938064723,/loadcell_data_filtered.wrench.force.z,11.845847506020075
0.697697529,1785795158.938631663,/loadcell_data_filtered.wrench.force.z,12.53830539873176
0.6981758600000001,1785795158.939109994,/loadcell_data_filtered.wrench.force.z,13.34864936703955
0.698572741,1785795158.939506875,/loadcell_data_filtered.wrench.force.z,14.186261975565115
0.6996732790000001,1785795158.940607413,/loadcell_data_filtered.wrench.force.z,14.542554104878661
0.700108603,1785795158.941042737,/loadcell_data_filtered.wrench.force.z,9.681976471334488
0.7004541790000001,1785795158.941388313,/loadcell_data_filtered.wrench.force.z,6.648733648493398
0.702831989,1785795158.943766123,/loadcell_data_filtered.wrench.force.z,3.516324100405023
0.70302745,1785795158.943961584,/loadcell_data_filtered.wrench.force.z,1.3530871894377188
0.703185606,1785795158.944119740,/loadcell_data_filtered.wrench.force.z,-0.7556893522599486
0.7033308530000001,1785795158.944264987,/loadcell_data_filtered.wrench.force.z,-5.997727003540905
0.7034483960000001,1785795158.944382530,/loadcell_data_filtered.wrench.force.z,-9.041886849939004
0.703567453,1785795158.944501587,/loadcell_data_filtered.wrench.force.z,-9.060711949453985
0.703682443,1785795158.944616577,/loadcell_data_filtered.wrench.force.z,-8.448773923235906
0.704315149,1785795158.945249283,/loadcell_data_filtered.wrench.force.z,-7.445041569570486
0.704700281,1785795158.945634415,/loadcell_data_filtered.wrench.force.z,-6.785538121476592
0.7051987860000001,1785795158.946132920,/loadcell_data_filtered.wrench.force.z,-6.473227003218825
0.7094529350000001,1785795158.950387069,/loadcell_data_filtered.wrench.force.z,-6.356299320057745
0.709464298,1785795158.950398432,/loadcell_data_filtered.wrench.force.z,-6.235807520322204
0.709467862,1785795158.950401996,/loadcell_data_filtered.wrench.force.z,-5.354493714016528
0.7099491640000001,1785795158.950883298,/loadcell_data_filtered.wrench.force.z,-4.392186098034732
0.7104358230000001,1785795158.951369957,/loadcell_data_filtered.wrench.force.z,-3.1177202584422448
0.7109546790000001,1785795158.951888813,/loadcell_data_filtered.wrench.force.z,3.074664774173698
0.711431318,1785795158.952365452,/loadcell_data_filtered.wrench.force.z,6.775727014065891
0.7118561840000001,1785795158.952790318,/loadcell_data_filtered.wrench.force.z,10.401566636687576
0.7121813250000001,1785795158.953115459,/loadcell_data_filtered.wrench.force.z,13.10508796974056
0.712443587,1785795158.953377721,/loadcell_data_filtered.wrench.force.z,15.598194186451554
0.712724942,1785795158.953659076,/loadcell_data_filtered.wrench.force.z,16.861300346945402
0.713031635,1785795158.953965769,/loadcell_data_filtered.wrench.force.z,9.908610999028927
0.7147537270000001,1785795158.955687861,/loadcell_data_filtered.wrench.force.z,10.032304671727658
0.7152149200000001,1785795158.956149054,/loadcell_data_filtered.wrench.force.z,8.782919702306812
0.715713059,1785795158.956647193,/loadcell_data_filtered.wrench.force.z,8.887236037232515
0.716104201,1785795158.957038335,/loadcell_data_filtered.wrench.force.z,8.86163068338097
0.7164902280000001,1785795158.957424362,/loadcell_data_filtered.wrench.force.z,8.825334235567107
0.7168541100000001,1785795158.957788244,/loadcell_data_filtered.wrench.force.z,8.7385042045579
0.717246963,1785795158.958181097,/loadcell_data_filtered.wrench.force.z,8.392605654102262
0.718577938,1785795158.959512072,/loadcell_data_filtered.wrench.force.z,7.95333136339339
0.718597669,1785795158.959531803,/loadcell_data_filtered.wrench.force.z,6.340818584506204
0.718601192,1785795158.959535326,/loadcell_data_filtered.wrench.force.z,1.5859375754544702
0.7187628810000001,1785795158.959697015,/loadcell_data_filtered.wrench.force.z,-3.595446355927931
0.7191613530000001,1785795158.960095487,/loadcell_data_filtered.wrench.force.z,-8.490207602266263
0.7196070480000001,1785795158.960541182,/loadcell_data_filtered.wrench.force.z,-12.947319525786241
0.719976183,1785795158.960910317,/loadcell_data_filtered.wrench.force.z,-16.869379855598442
0.7202678720000001,1785795158.961202006,/loadcell_data_filtered.wrench.force.z,-19.826243757074625
0.720537932,1785795158.961472066,/loadcell_data_filtered.wrench.force.z,-21.711644760767253
0.720818504,1785795158.961752638,/loadcell_data_filtered.wrench.force.z,-22.652927306300214
0.722210831,1785795158.963144965,/loadcell_data_filtered.wrench.force.z,-23.62535339944863
0.7224153440000001,1785795158.963349478,/loadcell_data_filtered.wrench.force.z,-25.00660416719519
0.722567665,1785795158.963501799,/loadcell_data_filtered.wrench.force.z,-25.941724318495083
0.722706248,1785795158.963640382,/loadcell_data_filtered.wrench.force.z,-34.19607038000039
0.722836009,1785795158.963770143,/loadcell_data_filtered.wrench.force.z,-34.97347231731775
0.722972202,1785795158.963906336,/loadcell_data_filtered.wrench.force.z,-35.50439333374953
0.7231500980000001,1785795158.964084232,/loadcell_data_filtered.wrench.force.z,-37.60094679951763
0.7234890500000001,1785795158.964423184,/loadcell_data_filtered.wrench.force.z,-38.57721494245892
0.723952417,1785795158.964886551,/loadcell_data_filtered.wrench.force.z,-39.71672079463899
0.7246143060000001,1785795158.965548440,/loadcell_data_filtered.wrench.force.z,-35.982588924883046
0.726403848,1785795158.967337982,/loadcell_data_filtered.wrench.force.z,-32.51065559044958
0.7265826160000001,1785795158.967516750,/loadcell_data_filtered.wrench.force.z,-29.078044457853245
0.7267234300000001,1785795158.967657564,/loadcell_data_filtered.wrench.force.z,-25.682776983715257
0.726867534,1785795158.967801668,/loadcell_data_filtered.wrench.force.z,-22.830756408459667
0.7272827460000001,1785795158.968216880,/loadcell_data_filtered.wrench.force.z,-21.5535798254524
0.727607379,1785795158.968541513,/loadcell_data_filtered.wrench.force.z,-20.8946038365944
0.727898084,1785795158.968832218,/loadcell_data_filtered.wrench.force.z,-21.374518765354832
0.7282882780000001,1785795158.969222412,/loadcell_data_filtered.wrench.force.z,-21.683127080622974
0.728845775,1785795158.969779909,/loadcell_data_filtered.wrench.force.z,-21.814802134120388
0.7293060170000001,1785795158.970240151,/loadcell_data_filtered.wrench.force.z,-22.159039131002753
0.72982057,1785795158.970754704,/loadcell_data_filtered.wrench.force.z,-21.792893847407427
0.730416457,1785795158.971350591,/loadcell_data_filtered.wrench.force.z,-21.488770594503467
0.731038175,1785795158.971972309,/loadcell_data_filtered.wrench.force.z,-21.34358247252758
0.7314908990000001,1785795158.972425033,/loadcell_data_filtered.wrench.force.z,-21.075499086412133
0.732298687,1785795158.973232821,/loadcell_data_filtered.wrench.force.z,-20.718771931049922
0.7327410670000001,1785795158.973675201,/loadcell_data_filtered.wrench.force.z,-20.585030086754816
0.73305348,1785795158.973987614,/loadcell_data_filtered.wrench.force.z,-25.792459524854596
0.733659067,1785795158.974593201,/loadcell_data_filtered.wrench.force.z,-29.35925960687662
0.7342120200000001,1785795158.975146154,/loadcell_data_filtered.wrench.force.z,-32.61584249034466
0.734524034,1785795158.975458168,/loadcell_data_filtered.wrench.force.z,-35.187728233612404
0.734808197,1785795158.975742331,/loadcell_data_filtered.wrench.force.z,-37.84864634974507
0.735391466,1785795158.976325600,/loadcell_data_filtered.wrench.force.z,-38.64577351586805
0.736134316,1785795158.977068450,/loadcell_data_filtered.wrench.force.z,-38.83095721567709
0.736631433,1785795158.977565567,/loadcell_data_filtered.wrench.force.z,-37.92890742560435
0.7388684120000001,1785795158.979802546,/loadcell_data_filtered.wrench.force.z,-36.798877802053546
0.739817571,1785795158.980751705,/loadcell_data_filtered.wrench.force.z,-35.8508123409227
0.7400939740000001,1785795158.981028108,/loadcell_data_filtered.wrench.force.z,-34.4429472220216
0.7403588910000001,1785795158.981293025,/loadcell_data_filtered.wrench.force.z,-33.8546687063683
0.740622102,1785795158.981556236,/loadcell_data_filtered.wrench.force.z,-32.802937088688424
0.740878679,1785795158.981812813,/loadcell_data_filtered.wrench.force.z,-32.47993752969451
0.7411498400000001,1785795158.982083974,/loadcell_data_filtered.wrench.force.z,-31.168603454862062
0.741464561,1785795158.982398695,/loadcell_data_filtered.wrench.force.z,-30.461005336684572
0.7417842520000001,1785795158.982718386,/loadcell_data_filtered.wrench.force.z,-28.29147394655933
0.74215856,1785795158.983092694,/loadcell_data_filtered.wrench.force.z,-21.61821080803846
0.742546131,1785795158.983480265,/loadcell_data_filtered.wrench.force.z,-16.28640801159718
0.7429335290000001,1785795158.983867663,/loadcell_data_filtered.wrench.force.z,-12.018554370798503
0.744822897,1785795158.985757031,/loadcell_data_filtered.wrench.force.z,-7.9517114439579
0.745245687,1785795158.986179821,/loadcell_data_filtered.wrench.force.z,-4.041006471576887
0.7456140720000001,1785795158.986548206,/loadcell_data_filtered.wrench.force.z,-1.4746695959921512
0.7506130860000001,1785795158.991547220,/loadcell_data_filtered.wrench.force.z,0.20562763492597336
0.751441985,1785795158.992376119,/loadcell_data_filtered.wrench.force.z,2.1386052985831028
0.7516643820000001,1785795158.992598516,/loadcell_data_filtered.wrench.force.z,4.034220275204526
0.7518260370000001,1785795158.992760171,/loadcell_data_filtered.wrench.force.z,6.137101101991979
0.7519960750000001,1785795158.992930209,/loadcell_data_filtered.wrench.force.z,8.0214800748119
0.7521681050000001,1785795158.993102239,/loadcell_data_filtered.wrench.force.z,9.615286237227703
0.752341852,1785795158.993275986,/loadcell_data_filtered.wrench.force.z,11.075283258634375
0.752503212,1785795158.993437346,/loadcell_data_filtered.wrench.force.z,8.634211056889988
0.752653931,1785795158.993588065,/loadcell_data_filtered.wrench.force.z,5.424074248733794
0.7528085050000001,1785795158.993742639,/loadcell_data_filtered.wrench.force.z,2.3800505699827124
0.752961587,1785795158.993895721,/loadcell_data_filtered.wrench.force.z,-0.04100292070942846
0.753682399,1785795158.994616533,/loadcell_data_filtered.wrench.force.z,-1.8466280851943446
0.7540897990000001,1785795158.995023933,/loadcell_data_filtered.wrench.force.z,-5.6504771693978295
0.754391879,1785795158.995326013,/loadcell_data_filtered.wrench.force.z,-6.602923361404837
0.758148025,1785795158.999082159,/loadcell_data_filtered.wrench.force.z,-5.934118427600213
0.758172213,1785795158.999106347,/loadcell_data_filtered.wrench.force.z,-4.68191741115242
0.758175852,1785795158.999109986,/loadcell_data_filtered.wrench.force.z,-3.1597324746309035
0.7586700940000001,1785795158.999604228,/loadcell_data_filtered.wrench.force.z,-2.8566123147802216
0.758977297,1785795158.999911431,/loadcell_data_filtered.wrench.force.z,-3.287618864546037
0.759232809,1785795159.000166943,/loadcell_data_filtered.wrench.force.z,-2.96615824025875
0.759436485,1785795159.000370619,/loadcell_data_filtered.wrench.force.z,-2.6485848464582706
0.759640375,1785795159.000574509,/loadcell_data_filtered.wrench.force.z,-2.9600099330980645
0.759831451,1785795159.000765585,/loadcell_data_filtered.wrench.force.z,-3.215843875117436
0.7600304290000001,1785795159.000964563,/loadcell_data_filtered.wrench.force.z,-2.9523977057170296
0.760239271,1785795159.001173405,/loadcell_data_filtered.wrench.force.z,2.064632715790272
0.7604257320000001,1785795159.001359866,/loadcell_data_filtered.wrench.force.z,6.1576950550625424
0.7606143820000001,1785795159.001548516,/loadcell_data_filtered.wrench.force.z,9.952780144643587
0.760803059,1785795159.001737193,/loadcell_data_filtered.wrench.force.z,13.38856027120623
0.7610293920000001,1785795159.001963526,/loadcell_data_filtered.wrench.force.z,16.280846670849535
0.761170502,1785795159.002104636,/loadcell_data_filtered.wrench.force.z,17.89423640778508
0.761324556,1785795159.002258690,/loadcell_data_filtered.wrench.force.z,19.08369710644997
0.7615036780000001,1785795159.002437812,/loadcell_data_filtered.wrench.force.z,18.96504815016441
0.762201263,1785795159.003135397,/loadcell_data_filtered.wrench.force.z,18.374943180362617
0.762646943,1785795159.003581077,/loadcell_data_filtered.wrench.force.z,18.395440226560382
0.762937021,1785795159.003871155,/loadcell_data_filtered.wrench.force.z,18.111127810004426
0.763376719,1785795159.004310853,/loadcell_data_filtered.wrench.force.z,18.21182546974063
0.763655327,1785795159.004589461,/loadcell_data_filtered.wrench.force.z,17.909684104325382
0.76439847,1785795159.005332604,/loadcell_data_filtered.wrench.force.z,17.59736476912272
0.765111167,1785795159.006045301,/loadcell_data_filtered.wrench.force.z,17.09335429926113
0.765323712,1785795159.006257846,/loadcell_data_filtered.wrench.force.z,16.372808424373854
0.766172214,1785795159.007106348,/loadcell_data_filtered.wrench.force.z,15.55571701282375
0.766620932,1785795159.007555066,/loadcell_data_filtered.wrench.force.z,9.334826272096088
0.769793807,1785795159.010727941,/loadcell_data_filtered.wrench.force.z,4.938375176153074
0.770069544,1785795159.011003678,/loadcell_data_filtered.wrench.force.z,0.5103495589804545
0.770204211,1785795159.011138345,/loadcell_data_filtered.wrench.force.z,-2.5460941507947856
0.770342167,1785795159.011276301,/loadcell_data_filtered.wrench.force.z,-5.458941091595504
0.770496166,1785795159.011430300,/loadcell_data_filtered.wrench.force.z,-7.297197473834796
0.77063287,1785795159.011567004,/loadcell_data_filtered.wrench.force.z,-8.516001154042925
0.7707585690000001,1785795159.011692703,/loadcell_data_filtered.wrench.force.z,-8.525470768838629
0.77088307,1785795159.011817204,/loadcell_data_filtered.wrench.force.z,-8.934024956976984
0.771076764,1785795159.012010898,/loadcell_data_filtered.wrench.force.z,-10.48208532776641
0.771248942,1785795159.012183076,/loadcell_data_filtered.wrench.force.z,-10.854096242208756
0.773291075,1785795159.014225209,/loadcell_data_filtered.wrench.force.z,-11.576031576027495
0.773954435,1785795159.014888569,/loadcell_data_filtered.wrench.force.z,-12.188194026325649
0.77432179,1785795159.015255924,/loadcell_data_filtered.wrench.force.z,-11.929439066559658
0.7746082390000001,1785795159.015542373,/loadcell_data_filtered.wrench.force.z,-12.030161613566415
0.774910351,1785795159.015844485,/loadcell_data_filtered.wrench.force.z,-13.141589576034768
0.7752783360000001,1785795159.016212470,/loadcell_data_filtered.wrench.force.z,-12.36998511091858
0.775607492,1785795159.016541626,/loadcell_data_filtered.wrench.force.z,-7.272308478279474
0.775932822,1785795159.016866956,/loadcell_data_filtered.wrench.force.z,-3.4119109339536693
0.7761863360000001,1785795159.017120470,/loadcell_data_filtered.wrench.force.z,0.18770331601963308
0.7765159450000001,1785795159.017450079,/loadcell_data_filtered.wrench.force.z,3.758923308769053
0.777714564,1785795159.018648698,/loadcell_data_filtered.wrench.force.z,6.504983914519449
0.7781428930000001,1785795159.019077027,/loadcell_data_filtered.wrench.force.z,7.232851767611454
0.7783837960000001,1785795159.019317930,/loadcell_data_filtered.wrench.force.z,7.28586337012047
0.778597045,1785795159.019531179,/loadcell_data_filtered.wrench.force.z,6.716131706368876
0.778805508,1785795159.019739642,/loadcell_data_filtered.wrench.force.z,6.625347421007501
0.7791776130000001,1785795159.020111747,/loadcell_data_filtered.wrench.force.z,6.179953144691152
0.7795764310000001,1785795159.020510565,/loadcell_data_filtered.wrench.force.z,5.876699252855442
0.7801596620000001,1785795159.021093796,/loadcell_data_filtered.wrench.force.z,5.378475928350954
0.7806325270000001,1785795159.021566661,/loadcell_data_filtered.wrench.force.z,4.7727935490752165
0.7813271650000001,1785795159.022261299,/loadcell_data_filtered.wrench.force.z,4.312889404712033
0.781887628,1785795159.022821762,/loadcell_data_filtered.wrench.force.z,3.4739184407171635
0.7845074360000001,1785795159.025441570,/loadcell_data_filtered.wrench.force.z,2.5932542978748474
0.784684566,1785795159.025618700,/loadcell_data_filtered.wrench.force.z,-1.8969291272321311
0.78482094,1785795159.025755074,/loadcell_data_filtered.wrench.force.z,-6.918603560302345
0.7849524640000001,1785795159.025886598,/loadcell_data_filtered.wrench.force.z,-12.077609101097138
0.7850914560000001,1785795159.026025590,/loadcell_data_filtered.wrench.force.z,-23.251091869755975
0.785233511,1785795159.026167645,/loadcell_data_filtered.wrench.force.z,-26.451789993796734
0.785360923,1785795159.026295057,/loadcell_data_filtered.wrench.force.z,-30.540362101851905
0.78622952,1785795159.027163654,/loadcell_data_filtered.wrench.force.z,-33.050538615463125
0.786535015,1785795159.027469149,/loadcell_data_filtered.wrench.force.z,-34.04763078362272
0.787365215,1785795159.028299349,/loadcell_data_filtered.wrench.force.z,-34.861674220605344
0.788163414,1785795159.029097548,/loadcell_data_filtered.wrench.force.z,-35.63459483100361
0.78865496,1785795159.029589094,/loadcell_data_filtered.wrench.force.z,-36.57518093050656
0.789256323,1785795159.030190457,/loadcell_data_filtered.wrench.force.z,-36.89216995150807
0.789462337,1785795159.030396471,/loadcell_data_filtered.wrench.force.z,-38.55093256322413
0.789862438,1785795159.030796572,/loadcell_data_filtered.wrench.force.z,-39.78585567370286
0.79038094,1785795159.031315074,/loadcell_data_filtered.wrench.force.z,-40.382649551918846
0.7907341910000001,1785795159.031668325,/loadcell_data_filtered.wrench.force.z,-41.23753129825249
0.791353898,1785795159.032288032,/loadcell_data_filtered.wrench.force.z,-41.78408546641791
0.791592433,1785795159.032526567,/loadcell_data_filtered.wrench.force.z,-37.04006314428297
0.791947947,1785795159.032882081,/loadcell_data_filtered.wrench.force.z,-32.9879291182789
0.79236353,1785795159.033297664,/loadcell_data_filtered.wrench.force.z,-29.21457502554123
0.7927729450000001,1785795159.033707079,/loadcell_data_filtered.wrench.force.z,-25.574949069807484
0.793243498,1785795159.034177632,/loadcell_data_filtered.wrench.force.z,-22.534332469247534
0.7936519030000001,1785795159.034586037,/loadcell_data_filtered.wrench.force.z,-20.62005605578667
0.794136201,1785795159.035070335,/loadcell_data_filtered.wrench.force.z,-18.78166498479788
0.7945753010000001,1785795159.035509435,/loadcell_data_filtered.wrench.force.z,-17.80656518159155
0.7950757540000001,1785795159.036009888,/loadcell_data_filtered.wrench.force.z,-17.205342759479972
0.795677944,1785795159.036612078,/loadcell_data_filtered.wrench.force.z,-15.937315996587778
0.796145957,1785795159.037080091,/loadcell_data_filtered.wrench.force.z,-14.681557056736832
0.796536366,1785795159.037470500,/loadcell_data_filtered.wrench.force.z,-13.750400338626363
0.797244845,1785795159.038178979,/loadcell_data_filtered.wrench.force.z,-12.664924680401295
0.797868703,1785795159.038802837,/loadcell_data_filtered.wrench.force.z,-11.885335234149439
0.798333681,1785795159.039267815,/loadcell_data_filtered.wrench.force.z,-10.835924297826413
0.7989619360000001,1785795159.039896070,/loadcell_data_filtered.wrench.force.z,-9.640167085577742
0.7994558300000001,1785795159.040389964,/loadcell_data_filtered.wrench.force.z,-8.678022778118155
0.837279918,1785795159.078214052,/loadcell_data_filtered.wrench.force.z,-8.743742548538322
0.8375068920000001,1785795159.078441026,/loadcell_data_filtered.wrench.force.z,-9.404887363903768
0.837620955,1785795159.078555089,/loadcell_data_filtered.wrench.force.z,-11.812601960407669
0.837761186,1785795159.078695320,/loadcell_data_filtered.wrench.force.z,-13.724127488381557
0.839800473,1785795159.080734607,/loadcell_data_filtered.wrench.force.z,-20.770113777169055
0.839815347,1785795159.080749481,/loadcell_data_filtered.wrench.force.z,-23.990306443574028
0.839819062,1785795159.080753196,/loadcell_data_filtered.wrench.force.z,-25.66386142821716
0.8398223840000001,1785795159.080756518,/loadcell_data_filtered.wrench.force.z,-34.249187973324595
0.839825475,1785795159.080759609,/loadcell_data_filtered.wrench.force.z,-34.908092985208796
0.839828648,1785795159.080762782,/loadcell_data_filtered.wrench.force.z,-41.40205165455026
0.8398317710000001,1785795159.080765905,/loadcell_data_filtered.wrench.force.z,-51.420166317880216
0.839834737,1785795159.080768871,/loadcell_data_filtered.wrench.force.z,-59.43187647639497
0.839956169,1785795159.080890303,/loadcell_data_filtered.wrench.force.z,-62.4443933180488
0.840433744,1785795159.081367878,/loadcell_data_filtered.wrench.force.z,-66.46050998340974
0.840899028,1785795159.081833162,/loadcell_data_filtered.wrench.force.z,-73.53911915320214
0.84135097,1785795159.082285104,/loadcell_data_filtered.wrench.force.z,-77.45465348247163
0.8416206070000001,1785795159.082554741,/loadcell_data_filtered.wrench.force.z,-77.77271925849708
0.8418476490000001,1785795159.082781783,/loadcell_data_filtered.wrench.force.z,-79.45381847622245
0.842279781,1785795159.083213915,/loadcell_data_filtered.wrench.force.z,-79.54869510876645
0.8425725770000001,1785795159.083506711,/loadcell_data_filtered.wrench.force.z,-79.99295791664728
0.8428211560000001,1785795159.083755290,/loadcell_data_filtered.wrench.force.z,-79.97211137820322
0.8430667310000001,1785795159.084000865,/loadcell_data_filtered.wrench.force.z,-79.97179430314458
0.843306627,1785795159.084240761,/loadcell_data_filtered.wrench.force.z,-79.89376224356057
0.8435187110000001,1785795159.084452845,/loadcell_data_filtered.wrench.force.z,-79.84139365255196
0.8437432170000001,1785795159.084677351,/loadcell_data_filtered.wrench.force.z,-79.4367329589403
0.8439699650000001,1785795159.084904099,/loadcell_data_filtered.wrench.force.z,-75.55692063782577
0.844226028,1785795159.085160162,/loadcell_data_filtered.wrench.force.z,-69.75330958714565
0.844421902,1785795159.085356036,/loadcell_data_filtered.wrench.force.z,-64.70394652468174
0.844642081,1785795159.085576215,/loadcell_data_filtered.wrench.force.z,-61.259425219332684
0.844884705,1785795159.085818839,/loadcell_data_filtered.wrench.force.z,-58.10197181966032
0.845108649,1785795159.086042783,/loadcell_data_filtered.wrench.force.z,-54.583425118216915
0.845332622,1785795159.086266756,/loadcell_data_filtered.wrench.force.z,-52.37529272696356
0.8455574410000001,1785795159.086491575,/loadcell_data_filtered.wrench.force.z,-51.166119053726284
0.845785954,1785795159.086720088,/loadcell_data_filtered.wrench.force.z,-50.43862128005235
0.8459953680000001,1785795159.086929502,/loadcell_data_filtered.wrench.force.z,-48.89980650926375
0.84619544,1785795159.087129574,/loadcell_data_filtered.wrench.force.z,-47.66168457402746
0.846391996,1785795159.087326130,/loadcell_data_filtered.wrench.force.z,-46.17482012770582
0.8477760240000001,1785795159.088710158,/loadcell_data_filtered.wrench.force.z,-44.833595815274855
0.849841189,1785795159.090775323,/loadcell_data_filtered.wrench.force.z,-43.606463933679684
0.849994346,1785795159.090928480,/loadcell_data_filtered.wrench.force.z,-41.761794015889286
0.8501217400000001,1785795159.091055874,/loadcell_data_filtered.wrench.force.z,-40.036447418637415
0.8502520130000001,1785795159.091186147,/loadcell_data_filtered.wrench.force.z,-37.5784593892215
0.8503718330000001,1785795159.091305967,/loadcell_data_filtered.wrench.force.z,-40.66979973224716
0.85049178,1785795159.091425914,/loadcell_data_filtered.wrench.force.z,-42.714390184867376
0.850612397,1785795159.091546531,/loadcell_data_filtered.wrench.force.z,-45.79754300537627
0.8508526900000001,1785795159.091786824,/loadcell_data_filtered.wrench.force.z,-48.47126527819899
0.851441946,1785795159.092376080,/loadcell_data_filtered.wrench.force.z,-50.354211652945516
0.851834092,1785795159.092768226,/loadcell_data_filtered.wrench.force.z,-50.559739968679374
0.8523336330000001,1785795159.093267767,/loadcell_data_filtered.wrench.force.z,-50.235264685610055
0.8558037610000001,1785795159.096737895,/loadcell_data_filtered.wrench.force.z,-48.74708669338471
0.8564639270000001,1785795159.097398061,/loadcell_data_filtered.wrench.force.z,-46.910071911479854
0.856742285,1785795159.097676419,/loadcell_data_filtered.wrench.force.z,-44.44758661236251
0.857000194,1785795159.097934328,/loadcell_data_filtered.wrench.force.z,-42.07989584223061
0.857164409,1785795159.098098543,/loadcell_data_filtered.wrench.force.z,-40.113981956792706
0.857331362,1785795159.098265496,/loadcell_data_filtered.wrench.force.z,-38.06611079974891
0.859967491,1785795159.100901625,/loadcell_data_filtered.wrench.force.z,-36.6315334043484
0.8601615130000001,1785795159.101095647,/loadcell_data_filtered.wrench.force.z,-34.98571355541348
0.861959283,1785795159.102893417,/loadcell_data_filtered.wrench.force.z,-34.833054380009095
0.862109832,1785795159.103043966,/loadcell_data_filtered.wrench.force.z,-33.185578759390054
0.8622311300000001,1785795159.103165264,/loadcell_data_filtered.wrench.force.z,-24.997322040376062
0.862360965,1785795159.103295099,/loadcell_data_filtered.wrench.force.z,-18.693423210470225
0.8624820900000001,1785795159.103416224,/loadcell_data_filtered.wrench.force.z,-12.629595350081063
0.862601072,1785795159.103535206,/loadcell_data_filtered.wrench.force.z,-7.780812865601841
0.8627429200000001,1785795159.103677054,/loadcell_data_filtered.wrench.force.z,-2.8715288924398497
0.8628451920000001,1785795159.103779326,/loadcell_data_filtered.wrench.force.z,-1.4327043327824625
0.862961673,1785795159.103895807,/loadcell_data_filtered.wrench.force.z,-0.9803873053580996
0.8630819890000001,1785795159.104016123,/loadcell_data_filtered.wrench.force.z,-7.028529395046276
0.863199249,1785795159.104133383,/loadcell_data_filtered.wrench.force.z,-7.94343151287149
0.863309403,1785795159.104243537,/loadcell_data_filtered.wrench.force.z,-8.893398458791665
0.863422805,1785795159.104356939,/loadcell_data_filtered.wrench.force.z,-9.390450371685699
0.8635460500000001,1785795159.104480184,/loadcell_data_filtered.wrench.force.z,-9.453710597089458
0.863652716,1785795159.104586850,/loadcell_data_filtered.wrench.force.z,-9.226734201689268
0.8672385010000001,1785795159.108172635,/loadcell_data_filtered.wrench.force.z,-9.541776921155218
0.870034657,1785795159.110968791,/loadcell_data_filtered.wrench.force.z,-9.713091694810533
0.870388173,1785795159.111322307,/loadcell_data_filtered.wrench.force.z,-9.184541651193308
0.8706360700000001,1785795159.111570204,/loadcell_data_filtered.wrench.force.z,-9.118018412015969
0.870863253,1785795159.111797387,/loadcell_data_filtered.wrench.force.z,-15.420124893521105
0.871082797,1785795159.112016931,/loadcell_data_filtered.wrench.force.z,-19.550074364704493
0.872637612,1785795159.113571746,/loadcell_data_filtered.wrench.force.z,-23.137218367327964
0.873133362,1785795159.114067496,/loadcell_data_filtered.wrench.force.z,-26.579284902375043
0.873491628,1785795159.114425762,/loadcell_data_filtered.wrench.force.z,-28.676685108789865
0.87382095,1785795159.114755084,/loadcell_data_filtered.wrench.force.z,-28.88376677268741
0.8742918220000001,1785795159.115225956,/loadcell_data_filtered.wrench.force.z,-28.630868065609462
0.874725312,1785795159.115659446,/loadcell_data_filtered.wrench.force.z,-29.731505523288245
0.8752570260000001,1785795159.116191160,/loadcell_data_filtered.wrench.force.z,-29.28034300384591
0.875793243,1785795159.116727377,/loadcell_data_filtered.wrench.force.z,-29.280948351657
0.8761971630000001,1785795159.117131297,/loadcell_data_filtered.wrench.force.z,-29.53564514778614
0.876520407,1785795159.117454541,/loadcell_data_filtered.wrench.force.z,-29.743914799747785
0.8768223340000001,1785795159.117756468,/loadcell_data_filtered.wrench.force.z,-31.56594092537802
0.877148857,1785795159.118082991,/loadcell_data_filtered.wrench.force.z,-33.053527928179456
0.8774176340000001,1785795159.118351768,/loadcell_data_filtered.wrench.force.z,-34.04132399794343
0.8776798490000001,1785795159.118613983,/loadcell_data_filtered.wrench.force.z,-31.132833189012732
0.87794099,1785795159.118875124,/loadcell_data_filtered.wrench.force.z,-26.289951599298366
0.878107936,1785795159.119042070,/loadcell_data_filtered.wrench.force.z,-21.42566165194014
0.878259521,1785795159.119193655,/loadcell_data_filtered.wrench.force.z,-18.258374808839697
0.8784052450000001,1785795159.119339379,/loadcell_data_filtered.wrench.force.z,-16.79488224641981
0.8785616500000001,1785795159.119495784,/loadcell_data_filtered.wrench.force.z,-14.710300546060912
0.8787192300000001,1785795159.119653364,/loadcell_data_filtered.wrench.force.z,-13.835708613438051
0.878874013,1785795159.119808147,/loadcell_data_filtered.wrench.force.z,-14.438980127339184
0.879024686,1785795159.119958820,/loadcell_data_filtered.wrench.force.z,-15.205546603367402
0.8792341810000001,1785795159.120168315,/loadcell_data_filtered.wrench.force.z,-15.672594941253891
0.8793988150000001,1785795159.120332949,/loadcell_data_filtered.wrench.force.z,-15.845370565136934
0.879662276,1785795159.120596410,/loadcell_data_filtered.wrench.force.z,-16.619358228481218
0.8802574550000001,1785795159.121191589,/loadcell_data_filtered.wrench.force.z,-17.6671880199676
0.880675057,1785795159.121609191,/loadcell_data_filtered.wrench.force.z,-18.91709367677155
0.881337291,1785795159.122271425,/loadcell_data_filtered.wrench.force.z,-19.91665658065582
0.881883084,1785795159.122817218,/loadcell_data_filtered.wrench.force.z,-20.34565390615602
0.882337027,1785795159.123271161,/loadcell_data_filtered.wrench.force.z,-21.16815079172892
0.8830943250000001,1785795159.124028459,/loadcell_data_filtered.wrench.force.z,-27.19705182319796
0.8834672010000001,1785795159.124401335,/loadcell_data_filtered.wrench.force.z,-32.37962891395231
0.8837517130000001,1785795159.124685847,/loadcell_data_filtered.wrench.force.z,-37.60298700873126
0.8842230190000001,1785795159.125157153,/loadcell_data_filtered.wrench.force.z,-41.87291695693527
0.884805283,1785795159.125739417,/loadcell_data_filtered.wrench.force.z,-45.9006695793502
0.885181074,1785795159.126115208,/loadcell_data_filtered.wrench.force.z,-48.692183861925294
0.886301368,1785795159.127235502,/loadcell_data_filtered.wrench.force.z,-50.723298833088364
0.8867896510000001,1785795159.127723785,/loadcell_data_filtered.wrench.force.z,-51.46050247530449
0.887431026,1785795159.128365160,/loadcell_data_filtered.wrench.force.z,-52.05578133845555
0.887926905,1785795159.128861039,/loadcell_data_filtered.wrench.force.z,-51.97403478942661
0.889430582,1785795159.130364716,/loadcell_data_filtered.wrench.force.z,-52.29756216313294
0.891031212,1785795159.131965346,/loadcell_data_filtered.wrench.force.z,-52.430284000247944
0.8916760610000001,1785795159.132610195,/loadcell_data_filtered.wrench.force.z,-53.12767912389107
0.891817521,1785795159.132751655,/loadcell_data_filtered.wrench.force.z,-52.5859112863372
0.891946224,1785795159.132880358,/loadcell_data_filtered.wrench.force.z,-52.05322956594351
0.8920864570000001,1785795159.133020591,/loadcell_data_filtered.wrench.force.z,-51.35602334696347
0.892224011,1785795159.133158145,/loadcell_data_filtered.wrench.force.z,-50.554215056725546
0.892347258,1785795159.133281392,/loadcell_data_filtered.wrench.force.z,-43.15543842972584
0.892575666,1785795159.133509800,/loadcell_data_filtered.wrench.force.z,-38.083574235477315
0.8926951420000001,1785795159.133629276,/loadcell_data_filtered.wrench.force.z,-33.258203368265185
0.892813034,1785795159.133747168,/loadcell_data_filtered.wrench.force.z,-30.242712428951936
0.8931655980000001,1785795159.134099732,/loadcell_data_filtered.wrench.force.z,-26.518258844771097
0.893733137,1785795159.134667271,/loadcell_data_filtered.wrench.force.z,-24.78111708786226
0.8941516350000001,1785795159.135085769,/loadcell_data_filtered.wrench.force.z,-23.202700109305262
0.894565205,1785795159.135499339,/loadcell_data_filtered.wrench.force.z,-22.48634550706767
0.895586863,1785795159.136520997,/loadcell_data_filtered.wrench.force.z,-21.848903572380877
0.899611024,1785795159.140545158,/loadcell_data_filtered.wrench.force.z,-21.043522957390238
0.899624543,1785795159.140558677,/loadcell_data_filtered.wrench.force.z,-19.723852301239205
0.8997612180000001,1785795159.140695352,/loadcell_data_filtered.wrench.force.z,-19.311261421282335
0.899884612,1785795159.140818746,/loadcell_data_filtered.wrench.force.z,-18.20669191906333
0.900007576,1785795159.140941710,/loadcell_data_filtered.wrench.force.z,-17.314483667495967
0.9002566790000001,1785795159.141190813,/loadcell_data_filtered.wrench.force.z,-16.61057047938355
0.900538492,1785795159.141472626,/loadcell_data_filtered.wrench.force.z,-15.618409875158807
0.900811373,1785795159.141745507,/loadcell_data_filtered.wrench.force.z,-15.458080691555049
0.901095368,1785795159.142029502,/loadcell_data_filtered.wrench.force.z,-20.87938251868301
0.901372657,1785795159.142306791,/loadcell_data_filtered.wrench.force.z,-26.20104310827555
0.9016416270000001,1785795159.142575761,/loadcell_data_filtered.wrench.force.z,-30.71916107660803
0.9019176240000001,1785795159.142851758,/loadcell_data_filtered.wrench.force.z,-33.91664371608533
0.90220626,1785795159.143140394,/loadcell_data_filtered.wrench.force.z,-36.78311795806008
0.9025659100000001,1785795159.143500044,/loadcell_data_filtered.wrench.force.z,-38.49163435571466
0.9027686920000001,1785795159.143702826,/loadcell_data_filtered.wrench.force.z,-39.420581613198316
0.9032669940000001,1785795159.144201128,/loadcell_data_filtered.wrench.force.z,-39.42271473890296
0.9037864010000001,1785795159.144720535,/loadcell_data_filtered.wrench.force.z,-38.99564925631381
0.9046141430000001,1785795159.145548277,/loadcell_data_filtered.wrench.force.z,-39.07059805001466
0.90505208,1785795159.145986214,/loadcell_data_filtered.wrench.force.z,-38.98051997192852
0.9054079290000001,1785795159.146342063,/loadcell_data_filtered.wrench.force.z,-38.915128837148764
0.9059786280000001,1785795159.146912762,/loadcell_data_filtered.wrench.force.z,-38.96154414372515
0.906342002,1785795159.147276136,/loadcell_data_filtered.wrench.force.z,-39.15930831890227
0.90706125,1785795159.147995384,/loadcell_data_filtered.wrench.force.z,-39.06133519752848
0.907537629,1785795159.148471763,/loadcell_data_filtered.wrench.force.z,-38.84818191701702
0.908187677,1785795159.149121811,/loadcell_data_filtered.wrench.force.z,-34.785059179557
0.9085819780000001,1785795159.149516112,/loadcell_data_filtered.wrench.force.z,-29.49501706940256
0.9089207090000001,1785795159.149854843,/loadcell_data_filtered.wrench.force.z,-24.29883461337552
0.909246038,1785795159.150180172,/loadcell_data_filtered.wrench.force.z,-19.806139241164907
0.912316271,1785795159.153250405,/loadcell_data_filtered.wrench.force.z,-16.15645985861567
0.9129102830000001,1785795159.153844417,/loadcell_data_filtered.wrench.force.z,-12.88304296593559
0.9134492970000001,1785795159.154383431,/loadcell_data_filtered.wrench.force.z,-10.05922776222241
0.9139042540000001,1785795159.154838388,/loadcell_data_filtered.wrench.force.z,-7.815052708594929
0.914343738,1785795159.155277872,/loadcell_data_filtered.wrench.force.z,-6.0217417545710346
0.9147140530000001,1785795159.155648187,/loadcell_data_filtered.wrench.force.z,-3.9478423556318507
0.9162495660000001,1785795159.157183700,/loadcell_data_filtered.wrench.force.z,-1.9509659281223324
0.9162657380000001,1785795159.157199872,/loadcell_data_filtered.wrench.force.z,-0.7995913399566728
0.916270228,1785795159.157204362,/loadcell_data_filtered.wrench.force.z,-0.4631845457645793
0.916274687,1785795159.157208821,/loadcell_data_filtered.wrench.force.z,0.9014745758618368
0.9191424770000001,1785795159.160076611,/loadcell_data_filtered.wrench.force.z,1.4789127059359592
0.919489506,1785795159.160423640,/loadcell_data_filtered.wrench.force.z,2.537186225925729
0.919797261,1785795159.160731395,/loadcell_data_filtered.wrench.force.z,3.7981329921245868
0.920103847,1785795159.161037981,/loadcell_data_filtered.wrench.force.z,-6.4906385612332205
0.9224382680000001,1785795159.163372402,/loadcell_data_filtered.wrench.force.z,-11.006906926170238
0.9232631360000001,1785795159.164197270,/loadcell_data_filtered.wrench.force.z,-12.810006382987593
0.9235817650000001,1785795159.164515899,/loadcell_data_filtered.wrench.force.z,-13.509930069771913
0.9239739570000001,1785795159.164908091,/loadcell_data_filtered.wrench.force.z,-14.489558803627368
0.9242665560000001,1785795159.165200690,/loadcell_data_filtered.wrench.force.z,-13.558472909430533
0.9245636300000001,1785795159.165497764,/loadcell_data_filtered.wrench.force.z,-12.17380130574982
0.9248889240000001,1785795159.165823058,/loadcell_data_filtered.wrench.force.z,-10.987226394366859
0.9251594540000001,1785795159.166093588,/loadcell_data_filtered.wrench.force.z,-10.180120085134238
0.9254551900000001,1785795159.166389324,/loadcell_data_filtered.wrench.force.z,-9.272345696622951
0.9257233180000001,1785795159.166657452,/loadcell_data_filtered.wrench.force.z,-8.477787704779669
0.9260839160000001,1785795159.167018050,/loadcell_data_filtered.wrench.force.z,-8.310416696731366
0.926362694,1785795159.167296828,/loadcell_data_filtered.wrench.force.z,-10.376659625206699
0.926610276,1785795159.167544410,/loadcell_data_filtered.wrench.force.z,-10.632000157576343
0.9268985780000001,1785795159.167832712,/loadcell_data_filtered.wrench.force.z,-10.866224492798464
0.9271651460000001,1785795159.168099280,/loadcell_data_filtered.wrench.force.z,-4.9194976464431495
0.927441654,1785795159.168375788,/loadcell_data_filtered.wrench.force.z,-0.38147235937050716
0.9277093340000001,1785795159.168643468,/loadcell_data_filtered.wrench.force.z,4.014207522187598
0.9279857610000001,1785795159.168919895,/loadcell_data_filtered.wrench.force.z,7.388724547361569
0.928220637,1785795159.169154771,/loadcell_data_filtered.wrench.force.z,10.742700599283992
0.9284692090000001,1785795159.169403343,/loadcell_data_filtered.wrench.force.z,11.890251662638107
0.9287220140000001,1785795159.169656148,/loadcell_data_filtered.wrench.force.z,12.303066640824271
0.928962602,1785795159.169896736,/loadcell_data_filtered.wrench.force.z,12.305507702021124
0.9292211330000001,1785795159.170155267,/loadcell_data_filtered.wrench.force.z,11.985653114085649
0.92948039,1785795159.170414524,/loadcell_data_filtered.wrench.force.z,12.185385470631427
0.929920402,1785795159.170854536,/loadcell_data_filtered.wrench.force.z,12.141053685865382
0.9301621670000001,1785795159.171096301,/loadcell_data_filtered.wrench.force.z,11.782588560681173
0.930515147,1785795159.171449281,/loadcell_data_filtered.wrench.force.z,11.884393765346601
0.9316476180000001,1785795159.172581752,/loadcell_data_filtered.wrench.force.z,11.61284246744056
0.9323896650000001,1785795159.173323799,/loadcell_data_filtered.wrench.force.z,11.311240270215519
0.933026459,1785795159.173960593,/loadcell_data_filtered.wrench.force.z,10.892246000200432
0.933520318,1785795159.174454452,/loadcell_data_filtered.wrench.force.z,9.213897854952624
0.9339793860000001,1785795159.174913520,/loadcell_data_filtered.wrench.force.z,3.046093415236614
0.9344536000000001,1785795159.175387734,/loadcell_data_filtered.wrench.force.z,-1.8962232029350794
0.9348652470000001,1785795159.175799381,/loadcell_data_filtered.wrench.force.z,-6.25056442234989
0.9372741290000001,1785795159.178208263,/loadcell_data_filtered.wrench.force.z,-9.709875293108269
0.938067725,1785795159.179001859,/loadcell_data_filtered.wrench.force.z,-13.355494140352992
0.9384989250000001,1785795159.179433059,/loadcell_data_filtered.wrench.force.z,-14.691035007366896
0.9389192580000001,1785795159.179853392,/loadcell_data_filtered.wrench.force.z,-15.117730756834359
0.939280863,1785795159.180214997,/loadcell_data_filtered.wrench.force.z,-15.26606965471818
0.9396553280000001,1785795159.180589462,/loadcell_data_filtered.wrench.force.z,-14.755035343228444
0.9398708010000001,1785795159.180804935,/loadcell_data_filtered.wrench.force.z,-14.950984098151634
0.9400652260000001,1785795159.180999360,/loadcell_data_filtered.wrench.force.z,-15.3214781925959
0.9402850260000001,1785795159.181219160,/loadcell_data_filtered.wrench.force.z,-17.139853719509237
0.940496839,1785795159.181430973,/loadcell_data_filtered.wrench.force.z,-17.872342072764475
0.9406701620000001,1785795159.181604296,/loadcell_data_filtered.wrench.force.z,-18.351630591056274
0.9408260660000001,1785795159.181760200,/loadcell_data_filtered.wrench.force.z,-18.348512256815944
0.9409928830000001,1785795159.181927017,/loadcell_data_filtered.wrench.force.z,-18.877649637487945
0.946258589,1785795159.187192723,/loadcell_data_filtered.wrench.force.z,-15.325675834189562
0.9467661340000001,1785795159.187700268,/loadcell_data_filtered.wrench.force.z,-10.683641605279995
0.9471793620000001,1785795159.188113496,/loadcell_data_filtered.wrench.force.z,-6.606480550244771
0.9475806010000001,1785795159.188514735,/loadcell_data_filtered.wrench.force.z,-3.5174037155631925
0.9479186970000001,1785795159.188852831,/loadcell_data_filtered.wrench.force.z,-1.187557929276081
0.9483069630000001,1785795159.189241097,/loadcell_data_filtered.wrench.force.z,0.7704857041717992
0.94875171,1785795159.189685844,/loadcell_data_filtered.wrench.force.z,0.7713893809632003
0.949177441,1785795159.190111575,/loadcell_data_filtered.wrench.force.z,-1.983617773541354
0.9496057590000001,1785795159.190539893,/loadcell_data_filtered.wrench.force.z,-6.89544312795301
0.9499019110000001,1785795159.190836045,/loadcell_data_filtered.wrench.force.z,-6.136232829507352
0.9502160500000001,1785795159.191150184,/loadcell_data_filtered.wrench.force.z,-8.496208876169778
0.9505467230000001,1785795159.191480857,/loadcell_data_filtered.wrench.force.z,-8.673369593931673
0.951171996,1785795159.192106130,/loadcell_data_filtered.wrench.force.z,-8.488958009912208
0.9523964610000001,1785795159.193330595,/loadcell_data_filtered.wrench.force.z,-8.495168414428438
0.9526509670000001,1785795159.193585101,/loadcell_data_filtered.wrench.force.z,-7.974403263685074
0.9529104180000001,1785795159.193844552,/loadcell_data_filtered.wrench.force.z,-7.423857825382769
0.9531657320000001,1785795159.194099866,/loadcell_data_filtered.wrench.force.z,-12.008785895716475
0.9534394860000001,1785795159.194373620,/loadcell_data_filtered.wrench.force.z,-15.467261652444503
0.953850803,1785795159.194784937,/loadcell_data_filtered.wrench.force.z,-18.79668463420359
0.9541734420000001,1785795159.195107576,/loadcell_data_filtered.wrench.force.z,-21.48762103311659
0.954405672,1785795159.195339806,/loadcell_data_filtered.wrench.force.z,-23.425205378378905
0.954745017,1785795159.195679151,/loadcell_data_filtered.wrench.force.z,-24.975584713691067
0.955084409,1785795159.196018543,/loadcell_data_filtered.wrench.force.z,-25.52935376264917
0.9553063190000001,1785795159.196240453,/loadcell_data_filtered.wrench.force.z,-26.390571084223605
0.955547209,1785795159.196481343,/loadcell_data_filtered.wrench.force.z,-26.535409571925758
0.955768535,1785795159.196702669,/loadcell_data_filtered.wrench.force.z,-25.495773747632466
0.955978324,1785795159.196912458,/loadcell_data_filtered.wrench.force.z,-25.73901653735789
0.9562362980000001,1785795159.197170432,/loadcell_data_filtered.wrench.force.z,-25.383812811453865
0.956447543,1785795159.197381677,/loadcell_data_filtered.wrench.force.z,-25.06476740017488
0.9575195980000001,1785795159.198453732,/loadcell_data_filtered.wrench.force.z,-24.826553198120916
0.9587876270000001,1785795159.199721761,/loadcell_data_filtered.wrench.force.z,-24.55880088503967
0.9592931990000001,1785795159.200227333,/loadcell_data_filtered.wrench.force.z,-23.652191675221996
0.9598722140000001,1785795159.200806348,/loadcell_data_filtered.wrench.force.z,-22.07527662223666
0.960203303,1785795159.201137437,/loadcell_data_filtered.wrench.force.z,-14.954546195489822
0.96059285,1785795159.201526984,/loadcell_data_filtered.wrench.force.z,-8.973448483257872
0.9609102970000001,1785795159.201844431,/loadcell_data_filtered.wrench.force.z,-3.1228780990628424
0.9612547650000001,1785795159.202188899,/loadcell_data_filtered.wrench.force.z,-0.3820874684281903
0.9615672590000001,1785795159.202501393,/loadcell_data_filtered.wrench.force.z,3.637685942613389
0.961768782,1785795159.202702916,/loadcell_data_filtered.wrench.force.z,6.427326433424492
0.9619450700000001,1785795159.202879204,/loadcell_data_filtered.wrench.force.z,8.458074266306546
0.9621377780000001,1785795159.203071912,/loadcell_data_filtered.wrench.force.z,9.985219594975092
0.9623586610000001,1785795159.203292795,/loadcell_data_filtered.wrench.force.z,11.604312614977239
0.9627424910000001,1785795159.203676625,/loadcell_data_filtered.wrench.force.z,12.855860824466887
0.9630212990000001,1785795159.203955433,/loadcell_data_filtered.wrench.force.z,13.532997973586514
0.963369663,1785795159.204303797,/loadcell_data_filtered.wrench.force.z,14.832558200046503
0.9638471630000001,1785795159.204781297,/loadcell_data_filtered.wrench.force.z,16.6914984491267
0.9647099990000001,1785795159.205644133,/loadcell_data_filtered.wrench.force.z,18.228587429857203
0.965048902,1785795159.205983036,/loadcell_data_filtered.wrench.force.z,19.684846352349762
0.9656587910000001,1785795159.206592925,/loadcell_data_filtered.wrench.force.z,21.03437430560582
0.9663469680000001,1785795159.207281102,/loadcell_data_filtered.wrench.force.z,20.38218342673758
0.9667806990000001,1785795159.207714833,/loadcell_data_filtered.wrench.force.z,16.584168094228723
0.9670678610000001,1785795159.208001995,/loadcell_data_filtered.wrench.force.z,13.356699781859106
0.967475332,1785795159.208409466,/loadcell_data_filtered.wrench.force.z,10.457872505788496
0.967781046,1785795159.208715180,/loadcell_data_filtered.wrench.force.z,8.36337968592428
0.968284616,1785795159.209218750,/loadcell_data_filtered.wrench.force.z,6.670923034884154
0.96912162,1785795159.210055754,/loadcell_data_filtered.wrench.force.z,5.912580319339592
0.9693221040000001,1785795159.210256238,/loadcell_data_filtered.wrench.force.z,6.185319473588267
0.9697355270000001,1785795159.210669661,/loadcell_data_filtered.wrench.force.z,6.849681458829421
0.970367834,1785795159.211301968,/loadcell_data_filtered.wrench.force.z,7.367731921708612
0.970707921,1785795159.211642055,/loadcell_data_filtered.wrench.force.z,7.736017848292352
0.971601428,1785795159.212535562,/loadcell_data_filtered.wrench.force.z,7.916898895168699
0.9747363990000001,1785795159.215670533,/loadcell_data_filtered.wrench.force.z,7.614116214722935
0.9754663170000001,1785795159.216400451,/loadcell_data_filtered.wrench.force.z,7.506039654482738
0.975608133,1785795159.216542267,/loadcell_data_filtered.wrench.force.z,7.808763987353277
0.975757262,1785795159.216691396,/loadcell_data_filtered.wrench.force.z,7.692714859719153
0.9758628520000001,1785795159.216796986,/loadcell_data_filtered.wrench.force.z,7.512308442077924
0.975987005,1785795159.216921139,/loadcell_data_filtered.wrench.force.z,11.882041474033075
0.9761183430000001,1785795159.217052477,/loadcell_data_filtered.wrench.force.z,16.29809414447417
0.976263972,1785795159.217198106,/loadcell_data_filtered.wrench.force.z,19.611094376468955
0.9763574260000001,1785795159.217291560,/loadcell_data_filtered.wrench.force.z,23.009999640075808
0.9780961950000001,1785795159.219030329,/loadcell_data_filtered.wrench.force.z,23.484519818421
0.9784323690000001,1785795159.219366503,/loadcell_data_filtered.wrench.force.z,24.211676985406672
0.978694652,1785795159.219628786,/loadcell_data_filtered.wrench.force.z,24.963730260211893
0.9789531690000001,1785795159.219887303,/loadcell_data_filtered.wrench.force.z,24.83872030124536
0.9791941980000001,1785795159.220128332,/loadcell_data_filtered.wrench.force.z,23.40742981555635
0.9794272220000001,1785795159.220361356,/loadcell_data_filtered.wrench.force.z,22.445345723960234
0.980420185,1785795159.221354319,/loadcell_data_filtered.wrench.force.z,21.609690735805763
0.983241114,1785795159.224175248,/loadcell_data_filtered.wrench.force.z,20.545504585507317
0.9836215090000001,1785795159.224555643,/loadcell_data_filtered.wrench.force.z,20.03990523787882
0.9838505940000001,1785795159.224784728,/loadcell_data_filtered.wrench.force.z,19.263343207898092
0.98409714,1785795159.225031274,/loadcell_data_filtered.wrench.force.z,18.824723963847536
0.984382441,1785795159.225316575,/loadcell_data_filtered.wrench.force.z,18.69311901068794
0.9846174740000001,1785795159.225551608,/loadcell_data_filtered.wrench.force.z,18.135126419988474
0.9848840630000001,1785795159.225818197,/loadcell_data_filtered.wrench.force.z,12.631542661694661
0.9851702390000001,1785795159.226104373,/loadcell_data_filtered.wrench.force.z,8.231807397515306
0.985513348,1785795159.226447482,/loadcell_data_filtered.wrench.force.z,2.2723600068022867
0.985972146,1785795159.226906280,/loadcell_data_filtered.wrench.force.z,-2.1827559712712246
0.986578512,1785795159.227512646,/loadcell_data_filtered.wrench.force.z,-6.106780113559852
0.987015513,1785795159.227949647,/loadcell_data_filtered.wrench.force.z,-8.815001602650268
0.9874482760000001,1785795159.228382410,/loadcell_data_filtered.wrench.force.z,-10.589749555513858
0.9877710310000001,1785795159.228705165,/loadcell_data_filtered.wrench.force.z,-11.670494282643368
0.9881420000000001,1785795159.229076134,/loadcell_data_filtered.wrench.force.z,-12.56423604236163
0.9885734930000001,1785795159.229507627,/loadcell_data_filtered.wrench.force.z,-13.463338682685386
0.989031969,1785795159.229966103,/loadcell_data_filtered.wrench.force.z,-14.481010544264274
0.989504496,1785795159.230438630,/loadcell_data_filtered.wrench.force.z,-15.54114779235476
0.989974424,1785795159.230908558,/loadcell_data_filtered.wrench.force.z,-16.34668285662557
0.9904995200000001,1785795159.231433654,/loadcell_data_filtered.wrench.force.z,-17.12037091029131
0.990975605,1785795159.231909739,/loadcell_data_filtered.wrench.force.z,-18.008844701217438
0.9914119440000001,1785795159.232346078,/loadcell_data_filtered.wrench.force.z,-18.876236789864326
0.9918493490000001,1785795159.232783483,/loadcell_data_filtered.wrench.force.z,-19.395978112532124
0.9922599430000001,1785795159.233194077,/loadcell_data_filtered.wrench.force.z,-13.813586212332375
0.9926236890000001,1785795159.233557823,/loadcell_data_filtered.wrench.force.z,-9.738813740632903
0.992965202,1785795159.233899336,/loadcell_data_filtered.wrench.force.z,-6.109019151805774
0.99325465,1785795159.234188784,/loadcell_data_filtered.wrench.force.z,-3.343399972212957
0.9935522630000001,1785795159.234486397,/loadcell_data_filtered.wrench.force.z,-0.5241493960393915
0.993886303,1785795159.234820437,/loadcell_data_filtered.wrench.force.z,0.544318371336898
0.9942616470000001,1785795159.235195781,/loadcell_data_filtered.wrench.force.z,1.0103226590455596
0.9949923610000001,1785795159.235926495,/loadcell_data_filtered.wrench.force.z,1.0291140720818293
0.995944793,1785795159.236878927,/loadcell_data_filtered.wrench.force.z,1.2689823904465753
0.996509819,1785795159.237443953,/loadcell_data_filtered.wrench.force.z,1.8267235434179776
0.996928016,1785795159.237862150,/loadcell_data_filtered.wrench.force.z,2.484357899931301
0.9972866480000001,1785795159.238220782,/loadcell_data_filtered.wrench.force.z,3.219118259819642
0.9975733130000001,1785795159.238507447,/loadcell_data_filtered.wrench.force.z,3.611483373486922
0.99784715,1785795159.238781284,/loadcell_data_filtered.wrench.force.z,4.115229385704484
0.998613489,1785795159.239547623,/loadcell_data_filtered.wrench.force.z,4.370870378132107
0.9995597620000001,1785795159.240493896,/loadcell_data_filtered.wrench.force.z,4.947593553461729
0.999817712,1785795159.240751846,/loadcell_data_filtered.wrench.force.z,3.1746248780587782
1.000215447,1785795159.241149581,/loadcell_data_filtered.wrench.force.z,-1.1476587522373616
1.000599602,1785795159.241533736,/loadcell_data_filtered.wrench.force.z,-4.6340829584766885
1.000959342,1785795159.241893476,/loadcell_data_filtered.wrench.force.z,-7.428879350073974
1.001397529,1785795159.242331663,/loadcell_data_filtered.wrench.force.z,-9.67938829150609
1.001665313,1785795159.242599447,/loadcell_data_filtered.wrench.force.z,-11.749205841486939
1.002492447,1785795159.243426581,/loadcell_data_filtered.wrench.force.z,-12.582241560337646
1.00286442,1785795159.243798554,/loadcell_data_filtered.wrench.force.z,-12.137023292207855
1.003332451,1785795159.244266585,/loadcell_data_filtered.wrench.force.z,-11.248715730227598
1.003870664,1785795159.244804798,/loadcell_data_filtered.wrench.force.z,-10.097535780487968
1.004291463,1785795159.245225597,/loadcell_data_filtered.wrench.force.z,-9.150271616735436
1.004950726,1785795159.245884860,/loadcell_data_filtered.wrench.force.z,-8.533350360304603
1.005267038,1785795159.246201172,/loadcell_data_filtered.wrench.force.z,-8.137616496449997
1.005837195,1785795159.246771329,/loadcell_data_filtered.wrench.force.z,-7.35522832492383
1.006432151,1785795159.247366285,/loadcell_data_filtered.wrench.force.z,-6.4590492769393455
1.00668361,1785795159.247617744,/loadcell_data_filtered.wrench.force.z,-6.198127716875781
1.007203126,1785795159.248137260,/loadcell_data_filtered.wrench.force.z,-5.457401106631627
1.007616579,1785795159.248550713,/loadcell_data_filtered.wrench.force.z,-0.4410328908752241
1.008125528,1785795159.249059662,/loadcell_data_filtered.wrench.force.z,4.4263063762899435
1.008687637,1785795159.249621771,/loadcell_data_filtered.wrench.force.z,8.996408310671734
1.009140182,1785795159.250074316,/loadcell_data_filtered.wrench.force.z,13.094755019150666
1.009619612,1785795159.250553746,/loadcell_data_filtered.wrench.force.z,16.447911645743307
1.010105151,1785795159.251039285,/loadcell_data_filtered.wrench.force.z,18.64445626017194
1.010631748,1785795159.251565882,/loadcell_data_filtered.wrench.force.z,20.549738961771553
1.011133523,1785795159.252067657,/loadcell_data_filtered.wrench.force.z,21.165176917804146
1.011611699,1785795159.252545833,/loadcell_data_filtered.wrench.force.z,21.797688417541597
1.012388978,1785795159.253323112,/loadcell_data_filtered.wrench.force.z,22.406449285124783
1.012855165,1785795159.253789299,/loadcell_data_filtered.wrench.force.z,23.01759703437359
1.01376767,1785795159.254701804,/loadcell_data_filtered.wrench.force.z,23.567495531085402
1.016439046,1785795159.257373180,/loadcell_data_filtered.wrench.force.z,23.57110590427732
1.016653075,1785795159.257587209,/loadcell_data_filtered.wrench.force.z,24.012254774883996
1.016799901,1785795159.257734035,/loadcell_data_filtered.wrench.force.z,24.31863123735509
1.016940027,1785795159.257874161,/loadcell_data_filtered.wrench.force.z,25.22139023237095
1.017168179,1785795159.258102313,/loadcell_data_filtered.wrench.force.z,25.673782476086757
1.017364681,1785795159.258298815,/loadcell_data_filtered.wrench.force.z,20.423254189186803
1.017568278,1785795159.258502412,/loadcell_data_filtered.wrench.force.z,17.281968185004907
1.017760223,1785795159.258694357,/loadcell_data_filtered.wrench.force.z,14.010556643644607
1.01836083,1785795159.259294964,/loadcell_data_filtered.wrench.force.z,11.509353868686627
1.021907739,1785795159.262841873,/loadcell_data_filtered.wrench.force.z,8.854423839412288
1.022092021,1785795159.263026155,/loadcell_data_filtered.wrench.force.z,7.9048205901514335
1.02224719,1785795159.263181324,/loadcell_data_filtered.wrench.force.z,6.72414721831779
1.022422461,1785795159.263356595,/loadcell_data_filtered.wrench.force.z,7.692729018093795
1.022574788,1785795159.263508922,/loadcell_data_filtered.wrench.force.z,8.951536661807237
1.022815671,1785795159.263749805,/loadcell_data_filtered.wrench.force.z,9.96690857922612
1.022888429,1785795159.263822563,/loadcell_data_filtered.wrench.force.z,10.887746091452472
1.023034118,1785795159.263968252,/loadcell_data_filtered.wrench.force.z,11.928584620681617
1.023180763,1785795159.264114897,/loadcell_data_filtered.wrench.force.z,13.196300630210338
1.023315665,1785795159.264249799,/loadcell_data_filtered.wrench.force.z,13.123225737333392
1.023449128,1785795159.264383262,/loadcell_data_filtered.wrench.force.z,12.02669885205129
1.023739826,1785795159.264673960,/loadcell_data_filtered.wrench.force.z,12.188460858065767
1.024014557,1785795159.264948691,/loadcell_data_filtered.wrench.force.z,12.896613658353267
1.024627983,1785795159.265562117,/loadcell_data_filtered.wrench.force.z,19.150124220856554
1.02523045,1785795159.266164584,/loadcell_data_filtered.wrench.force.z,23.551344090582752
1.025794933,1785795159.266729067,/loadcell_data_filtered.wrench.force.z,27.703365664624528
1.026140604,1785795159.267074738,/loadcell_data_filtered.wrench.force.z,30.74969154232687
1.026559754,1785795159.267493888,/loadcell_data_filtered.wrench.force.z,33.748574421854364
1.027127924,1785795159.268062058,/loadcell_data_filtered.wrench.force.z,35.33988180944781
1.027629856,1785795159.268563990,/loadcell_data_filtered.wrench.force.z,35.665622978713
1.028232679,1785795159.269166813,/loadcell_data_filtered.wrench.force.z,35.816996434002675
1.028664606,1785795159.269598740,/loadcell_data_filtered.wrench.force.z,35.765920597450844
1.029172389,1785795159.270106523,/loadcell_data_filtered.wrench.force.z,35.636952295849696
1.03061052,1785795159.271544654,/loadcell_data_filtered.wrench.force.z,35.10658776318388
1.030876189,1785795159.271810323,/loadcell_data_filtered.wrench.force.z,34.99374846698
1.031031407,1785795159.271965541,/loadcell_data_filtered.wrench.force.z,35.31158188232095
1.031218788,1785795159.272152922,/loadcell_data_filtered.wrench.force.z,35.463266143051214
1.031510407,1785795159.272444541,/loadcell_data_filtered.wrench.force.z,34.16012182177131
1.032128278,1785795159.273062412,/loadcell_data_filtered.wrench.force.z,33.12451885314003
1.033214363,1785795159.274148497,/loadcell_data_filtered.wrench.force.z,29.32313772787995
1.0335947,1785795159.274528834,/loadcell_data_filtered.wrench.force.z,24.27860587078043
1.034744162,1785795159.275678296,/loadcell_data_filtered.wrench.force.z,19.259246223458547
1.035474722,1785795159.276408856,/loadcell_data_filtered.wrench.force.z,14.442194869195237
1.03567187,1785795159.276606004,/loadcell_data_filtered.wrench.force.z,11.440953141783732
1.035810927,1785795159.276745061,/loadcell_data_filtered.wrench.force.z,8.405744652973215
1.035939616,1785795159.276873750,/loadcell_data_filtered.wrench.force.z,5.740982376380314
1.036428399,1785795159.277362533,/loadcell_data_filtered.wrench.force.z,4.151550815627614
1.036692192,1785795159.277626326,/loadcell_data_filtered.wrench.force.z,3.539400558260837
1.037090544,1785795159.278024678,/loadcell_data_filtered.wrench.force.z,3.5678559842601896
1.037568081,1785795159.278502215,/loadcell_data_filtered.wrench.force.z,2.104692738149505
1.037977174,1785795159.278911308,/loadcell_data_filtered.wrench.force.z,1.5224763066834601
1.040196338,1785795159.281130472,/loadcell_data_filtered.wrench.force.z,0.739525024943241
1.040585077,1785795159.281519211,/loadcell_data_filtered.wrench.force.z,0.053717596265937195
1.040704818,1785795159.281638952,/loadcell_data_filtered.wrench.force.z,-0.3700027060166046
1.040824213,1785795159.281758347,/loadcell_data_filtered.wrench.force.z,-0.6459944050422421
1.040946595,1785795159.281880729,/loadcell_data_filtered.wrench.force.z,-0.49939696626567137
1.041441864,1785795159.282375998,/loadcell_data_filtered.wrench.force.z,3.4335630631956637
1.042216698,1785795159.283150832,/loadcell_data_filtered.wrench.force.z,6.617625797806066
1.042442477,1785795159.283376611,/loadcell_data_filtered.wrench.force.z,10.494792181566906
1.042575696,1785795159.283509830,/loadcell_data_filtered.wrench.force.z,13.908777848716209
1.046146153,1785795159.287080287,/loadcell_data_filtered.wrench.force.z,16.289573055702178
1.046309512,1785795159.287243646,/loadcell_data_filtered.wrench.force.z,17.389448680315667
1.046444298,1785795159.287378432,/loadcell_data_filtered.wrench.force.z,18.897542474167526
1.04656225,1785795159.287496384,/loadcell_data_filtered.wrench.force.z,18.88524367499803
1.046679072,1785795159.287613206,/loadcell_data_filtered.wrench.force.z,18.953150019866474
1.046794193,1785795159.287728327,/loadcell_data_filtered.wrench.force.z,19.26300956789353
1.046910875,1785795159.287845009,/loadcell_data_filtered.wrench.force.z,19.330509617417185
1.047220707,1785795159.288154841,/loadcell_data_filtered.wrench.force.z,19.08711085807564
1.047553401,1785795159.288487535,/loadcell_data_filtered.wrench.force.z,17.693851813265645
1.047864438,1785795159.288798572,/loadcell_data_filtered.wrench.force.z,17.434011426384945
1.048110362,1785795159.289044496,/loadcell_data_filtered.wrench.force.z,16.845898347373428
1.048878911,1785795159.289813045,/loadcell_data_filtered.wrench.force.z,16.7128466524247
1.049488192,1785795159.290422326,/loadcell_data_filtered.wrench.force.z,16.23958859264484
1.049869501,1785795159.290803635,/loadcell_data_filtered.wrench.force.z,10.459156620484993
1.050268735,1785795159.291202869,/loadcell_data_filtered.wrench.force.z,6.237854970797458
1.050769507,1785795159.291703641,/loadcell_data_filtered.wrench.force.z,1.7509707968236548
1.051109942,1785795159.292044076,/loadcell_data_filtered.wrench.force.z,-1.3955728089305948
1.053326614,1785795159.294260748,/loadcell_data_filtered.wrench.force.z,-4.736601562365142
1.053534616,1785795159.294468750,/loadcell_data_filtered.wrench.force.z,-6.276055796446455
1.053673853,1785795159.294607987,/loadcell_data_filtered.wrench.force.z,-7.417623977260046
1.053811113,1785795159.294745247,/loadcell_data_filtered.wrench.force.z,-13.803894053809993
1.053956579,1785795159.294890713,/loadcell_data_filtered.wrench.force.z,-13.81278452701783
1.054101892,1785795159.295036026,/loadcell_data_filtered.wrench.force.z,-14.351314846515233
1.054411337,1785795159.295345471,/loadcell_data_filtered.wrench.force.z,-14.391624579407246
1.054988301,1785795159.295922435,/loadcell_data_filtered.wrench.force.z,-14.954076835657615
1.055516879,1785795159.296451013,/loadcell_data_filtered.wrench.force.z,-15.307430744371619
1.055997247,1785795159.296931381,/loadcell_data_filtered.wrench.force.z,-15.499206451373434
1.056399425,1785795159.297333559,/loadcell_data_filtered.wrench.force.z,-15.456986757256532
1.056850218,1785795159.297784352,/loadcell_data_filtered.wrench.force.z,-15.451246295352126
1.057562305,1785795159.298496439,/loadcell_data_filtered.wrench.force.z,-14.223186887986964
1.060216642,1785795159.301150776,/loadcell_data_filtered.wrench.force.z,-7.794582912276735
1.060748136,1785795159.301682270,/loadcell_data_filtered.wrench.force.z,-2.718076903684059
1.060856374,1785795159.301790508,/loadcell_data_filtered.wrench.force.z,2.0197258851477695
1.061032031,1785795159.301966165,/loadcell_data_filtered.wrench.force.z,6.08414833386153
1.061095488,1785795159.302029622,/loadcell_data_filtered.wrench.force.z,10.242297700063602
1.061222013,1785795159.302156147,/loadcell_data_filtered.wrench.force.z,13.06124414619309
1.06257484,1785795159.303508974,/loadcell_data_filtered.wrench.force.z,14.281788762955482
1.063125899,1785795159.304060033,/loadcell_data_filtered.wrench.force.z,14.125426291299664
1.063422096,1785795159.304356230,/loadcell_data_filtered.wrench.force.z,15.42651370688084
1.063626841,1785795159.304560975,/loadcell_data_filtered.wrench.force.z,17.08615610760358
1.063819197,1785795159.304753331,/loadcell_data_filtered.wrench.force.z,18.275940337156005
1.064012804,1785795159.304946938,/loadcell_data_filtered.wrench.force.z,18.360027114343186
1.064314476,1785795159.305248610,/loadcell_data_filtered.wrench.force.z,19.047961009573307
1.0647469,1785795159.305681034,/loadcell_data_filtered.wrench.force.z,19.526859044343773
1.065296648,1785795159.306230782,/loadcell_data_filtered.wrench.force.z,20.012007222026806
1.065744082,1785795159.306678216,/loadcell_data_filtered.wrench.force.z,20.576411700277976
1.066710437,1785795159.307644571,/loadcell_data_filtered.wrench.force.z,17.79448782915597
1.067138039,1785795159.308072173,/loadcell_data_filtered.wrench.force.z,14.016770020460147
1.067479282,1785795159.308413416,/loadcell_data_filtered.wrench.force.z,10.647163825282917
1.067791578,1785795159.308725712,/loadcell_data_filtered.wrench.force.z,7.579001769337248
1.068108686,1785795159.309042820,/loadcell_data_filtered.wrench.force.z,5.2702281555354595
1.071127931,1785795159.312062065,/loadcell_data_filtered.wrench.force.z,3.4717237266403016
1.072948311,1785795159.313882445,/loadcell_data_filtered.wrench.force.z,2.7462150324548475
1.0737399380000001,1785795159.314674072,/loadcell_data_filtered.wrench.force.z,3.5495649679608627
1.074368677,1785795159.315302811,/loadcell_data_filtered.wrench.force.z,4.64222712801625
1.074878874,1785795159.315813008,/loadcell_data_filtered.wrench.force.z,6.0235077052788295
1.075391128,1785795159.316325262,/loadcell_data_filtered.wrench.force.z,7.08566889761451
1.075891002,1785795159.316825136,/loadcell_data_filtered.wrench.force.z,7.8258964700379465
1.076544296,1785795159.317478430,/loadcell_data_filtered.wrench.force.z,8.052138041416184
1.076981124,1785795159.317915258,/loadcell_data_filtered.wrench.force.z,7.482370617919116
1.077240244,1785795159.318174378,/loadcell_data_filtered.wrench.force.z,7.21490736539534
1.077484558,1785795159.318418692,/loadcell_data_filtered.wrench.force.z,7.46747022848921
1.077733681,1785795159.318667815,/loadcell_data_filtered.wrench.force.z,8.144754060739187
1.07798055,1785795159.318914684,/loadcell_data_filtered.wrench.force.z,13.905487699854366
1.078285195,1785795159.319219329,/loadcell_data_filtered.wrench.force.z,19.240519684406085
1.078650329,1785795159.319584463,/loadcell_data_filtered.wrench.force.z,24.622926697477812
1.079161113,1785795159.320095247,/loadcell_data_filtered.wrench.force.z,28.88336742618226
1.07981063,1785795159.320744764,/loadcell_data_filtered.wrench.force.z,32.983295963609315
1.080334756,1785795159.321268890,/loadcell_data_filtered.wrench.force.z,36.076064999392145
1.082103506,1785795159.323037640,/loadcell_data_filtered.wrench.force.z,38.89824181084053
1.082137588,1785795159.323071722,/loadcell_data_filtered.wrench.force.z,38.956692675783955
1.08214648,1785795159.323080614,/loadcell_data_filtered.wrench.force.z,38.93573960328062
1.08257931,1785795159.323513444,/loadcell_data_filtered.wrench.force.z,40.001074259103426
1.082995087,1785795159.323929221,/loadcell_data_filtered.wrench.force.z,40.78281263172935
1.083447796,1785795159.324381930,/loadcell_data_filtered.wrench.force.z,42.00429937421681
1.083881316,1785795159.324815450,/loadcell_data_filtered.wrench.force.z,43.15501964047828
1.08434533,1785795159.325279464,/loadcell_data_filtered.wrench.force.z,43.48798143287171
1.084857426,1785795159.325791560,/loadcell_data_filtered.wrench.force.z,43.83423733593423
1.085566387,1785795159.326500521,/loadcell_data_filtered.wrench.force.z,44.798929717427505
1.086273853,1785795159.327207987,/loadcell_data_filtered.wrench.force.z,44.188977282030365
1.086785857,1785795159.327719991,/loadcell_data_filtered.wrench.force.z,38.342284775219454
1.087246005,1785795159.328180139,/loadcell_data_filtered.wrench.force.z,34.24279046653143
1.0877372730000001,1785795159.328671407,/loadcell_data_filtered.wrench.force.z,30.434026316710295
1.088208644,1785795159.329142778,/loadcell_data_filtered.wrench.force.z,27.433489443656008
1.088599021,1785795159.329533155,/loadcell_data_filtered.wrench.force.z,24.48260973106868
1.088983236,1785795159.329917370,/loadcell_data_filtered.wrench.force.z,22.722054623344523
1.089523497,1785795159.330457631,/loadcell_data_filtered.wrench.force.z,21.178446037521567
1.090092292,1785795159.331026426,/loadcell_data_filtered.wrench.force.z,20.561713298800306
1.090323778,1785795159.331257912,/loadcell_data_filtered.wrench.force.z,20.061734386251853
1.090858636,1785795159.331792770,/loadcell_data_filtered.wrench.force.z,18.947363449001923
1.090932073,1785795159.331866207,/loadcell_data_filtered.wrench.force.z,18.826992558134467
1.091299477,1785795159.332233611,/loadcell_data_filtered.wrench.force.z,18.131321233788853
1.091805397,1785795159.332739531,/loadcell_data_filtered.wrench.force.z,16.7201861469703
1.092135316,1785795159.333069450,/loadcell_data_filtered.wrench.force.z,14.85576114387063
1.092420632,1785795159.333354766,/loadcell_data_filtered.wrench.force.z,13.277150010451239
1.092725281,1785795159.333659415,/loadcell_data_filtered.wrench.force.z,11.632956808567192
1.093346213,1785795159.334280347,/loadcell_data_filtered.wrench.force.z,11.699821700090615
1.0938998930000001,1785795159.334834027,/loadcell_data_filtered.wrench.force.z,16.0181630183272
1.094450002,1785795159.335384136,/loadcell_data_filtered.wrench.force.z,19.040080475017415
1.094883758,1785795159.335817892,/loadcell_data_filtered.wrench.force.z,21.33586619752901
1.095244542,1785795159.336178676,/loadcell_data_filtered.wrench.force.z,22.88235575191584
1.095555585,1785795159.336489719,/loadcell_data_filtered.wrench.force.z,24.99309725883175
1.095907484,1785795159.336841618,/loadcell_data_filtered.wrench.force.z,25.421719639073636
1.096259522,1785795159.337193656,/loadcell_data_filtered.wrench.force.z,24.183126327232358
1.096553644,1785795159.337487778,/loadcell_data_filtered.wrench.force.z,23.31843771594496
1.096791764,1785795159.337725898,/loadcell_data_filtered.wrench.force.z,22.53501854299635
1.097078344,1785795159.338012478,/loadcell_data_filtered.wrench.force.z,22.046422622438673
1.097369303,1785795159.338303437,/loadcell_data_filtered.wrench.force.z,21.634485797512983
1.097683023,1785795159.338617157,/loadcell_data_filtered.wrench.force.z,20.510515719382663
1.098086092,1785795159.339020226,/loadcell_data_filtered.wrench.force.z,20.112129332672815
1.103092658,1785795159.344026792,/loadcell_data_filtered.wrench.force.z,19.64585705683915
1.103455103,1785795159.344389237,/loadcell_data_filtered.wrench.force.z,19.440662394391484
1.103652682,1785795159.344586816,/loadcell_data_filtered.wrench.force.z,19.09085378873296
1.103839065,1785795159.344773199,/loadcell_data_filtered.wrench.force.z,15.555454122864958
1.104036596,1785795159.344970730,/loadcell_data_filtered.wrench.force.z,11.867969136875232
1.104305556,1785795159.345239690,/loadcell_data_filtered.wrench.force.z,8.41160083011767
1.104626015,1785795159.345560149,/loadcell_data_filtered.wrench.force.z,5.344774435991212
1.104902354,1785795159.345836488,/loadcell_data_filtered.wrench.force.z,2.890597583391568
1.105162455,1785795159.346096589,/loadcell_data_filtered.wrench.force.z,0.813142500662908
1.105465732,1785795159.346399866,/loadcell_data_filtered.wrench.force.z,-0.433414960577196
1.105916074,1785795159.346850208,/loadcell_data_filtered.wrench.force.z,0.01937541791157682
1.106345273,1785795159.347279407,/loadcell_data_filtered.wrench.force.z,0.4315736877911386
1.106652434,1785795159.347586568,/loadcell_data_filtered.wrench.force.z,-0.6335014140581352
1.106984854,1785795159.347918988,/loadcell_data_filtered.wrench.force.z,-0.678474268119399
1.107294534,1785795159.348228668,/loadcell_data_filtered.wrench.force.z,-0.6800965668034472
1.107605084,1785795159.348539218,/loadcell_data_filtered.wrench.force.z,-1.1075698634556763
1.107875279,1785795159.348809413,/loadcell_data_filtered.wrench.force.z,-1.1588609134170709
1.10810136,1785795159.349035494,/loadcell_data_filtered.wrench.force.z,-1.3616623557155183
1.108324788,1785795159.349258922,/loadcell_data_filtered.wrench.force.z,-0.9181488985971842
1.108512043,1785795159.349446177,/loadcell_data_filtered.wrench.force.z,-0.7064099228212247
1.108712769,1785795159.349646903,/loadcell_data_filtered.wrench.force.z,4.753984131684756
1.108903967,1785795159.349838101,/loadcell_data_filtered.wrench.force.z,9.493163255284871
1.109083525,1785795159.350017659,/loadcell_data_filtered.wrench.force.z,14.208743709976458
1.109254831,1785795159.350188965,/loadcell_data_filtered.wrench.force.z,18.132547085944278
1.109717665,1785795159.350651799,/loadcell_data_filtered.wrench.force.z,21.587274886598074
1.111731326,1785795159.352665460,/loadcell_data_filtered.wrench.force.z,23.985894707765027
1.111963501,1785795159.352897635,/loadcell_data_filtered.wrench.force.z,26.030175016891135
1.112203195,1785795159.353137329,/loadcell_data_filtered.wrench.force.z,27.702087634139676
1.11246293,1785795159.353397064,/loadcell_data_filtered.wrench.force.z,29.302988399172214
1.11273597,1785795159.353670104,/loadcell_data_filtered.wrench.force.z,30.644541439479045
1.112986663,1785795159.353920797,/loadcell_data_filtered.wrench.force.z,31.583528384504753
1.113375478,1785795159.354309612,/loadcell_data_filtered.wrench.force.z,32.76226351590764
1.113786918,1785795159.354721052,/loadcell_data_filtered.wrench.force.z,34.13299556363333
1.114713481,1785795159.355647615,/loadcell_data_filtered.wrench.force.z,35.49299898540667
1.115048553,1785795159.355982687,/loadcell_data_filtered.wrench.force.z,36.95952780199451
1.115395342,1785795159.356329476,/loadcell_data_filtered.wrench.force.z,38.523972671803854
1.115912901,1785795159.356847035,/loadcell_data_filtered.wrench.force.z,39.62736147622119
1.116279954,1785795159.357214088,/loadcell_data_filtered.wrench.force.z,34.931665530451276
1.116921384,1785795159.357855518,/loadcell_data_filtered.wrench.force.z,32.13233798662622
1.117470663,1785795159.358404797,/loadcell_data_filtered.wrench.force.z,29.583282211272163
1.117760882,1785795159.358695016,/loadcell_data_filtered.wrench.force.z,27.75249176937708
1.118291625,1785795159.359225759,/loadcell_data_filtered.wrench.force.z,25.892611857793952
1.118826039,1785795159.359760173,/loadcell_data_filtered.wrench.force.z,25.271561463662184
1.119364178,1785795159.360298312,/loadcell_data_filtered.wrench.force.z,24.867712608491487
1.119897709,1785795159.360831843,/loadcell_data_filtered.wrench.force.z,25.696156478429607
1.120337854,1785795159.361271988,/loadcell_data_filtered.wrench.force.z,26.735659527220413
1.124213243,1785795159.365147377,/loadcell_data_filtered.wrench.force.z,27.185492959976273
1.124361523,1785795159.365295657,/loadcell_data_filtered.wrench.force.z,27.68192649629726
1.124492216,1785795159.365426350,/loadcell_data_filtered.wrench.force.z,28.20565725959413
1.124611894,1785795159.365546028,/loadcell_data_filtered.wrench.force.z,28.51969067360505
1.124729392,1785795159.365663526,/loadcell_data_filtered.wrench.force.z,28.566685243448028
1.124853953,1785795159.365788087,/loadcell_data_filtered.wrench.force.z,28.51650394961259
1.125007444,1785795159.365941578,/loadcell_data_filtered.wrench.force.z,28.73268455292299
1.125213527,1785795159.366147661,/loadcell_data_filtered.wrench.force.z,31.193944073258436
1.125408684,1785795159.366342818,/loadcell_data_filtered.wrench.force.z,36.191615020034256
1.125615449,1785795159.366549583,/loadcell_data_filtered.wrench.force.z,39.40269818823482
1.12579608,1785795159.366730214,/loadcell_data_filtered.wrench.force.z,42.63763196489087
1.126259979,1785795159.367194113,/loadcell_data_filtered.wrench.force.z,45.1608180121721
1.126721082,1785795159.367655216,/loadcell_data_filtered.wrench.force.z,46.8265480970021
1.127225449,1785795159.368159583,/loadcell_data_filtered.wrench.force.z,47.49761937281182
1.128469407,1785795159.369403541,/loadcell_data_filtered.wrench.force.z,47.160313668105005
1.129031915,1785795159.369966049,/loadcell_data_filtered.wrench.force.z,46.30853087032826
1.129412854,1785795159.370346988,/loadcell_data_filtered.wrench.force.z,45.65608335781586
1.129720908,1785795159.370655042,/loadcell_data_filtered.wrench.force.z,45.08416239307925
1.130085648,1785795159.371019782,/loadcell_data_filtered.wrench.force.z,44.736184235824076
1.130421674,1785795159.371355808,/loadcell_data_filtered.wrench.force.z,44.38901400109652
1.130702297,1785795159.371636431,/loadcell_data_filtered.wrench.force.z,44.02758591850699
1.131610825,1785795159.372544959,/loadcell_data_filtered.wrench.force.z,43.620112583006986
1.1323063150000001,1785795159.373240449,/loadcell_data_filtered.wrench.force.z,43.23833177846095
1.132629047,1785795159.373563181,/loadcell_data_filtered.wrench.force.z,42.88592511949939
1.133153008,1785795159.374087142,/loadcell_data_filtered.wrench.force.z,38.52926453414869
1.133550585,1785795159.374484719,/loadcell_data_filtered.wrench.force.z,34.42498908471655
1.133898036,1785795159.374832170,/loadcell_data_filtered.wrench.force.z,30.25618753345085
1.134365279,1785795159.375299413,/loadcell_data_filtered.wrench.force.z,26.702672634897326
1.134661618,1785795159.375595752,/loadcell_data_filtered.wrench.force.z,23.828184188542856
1.135930819,1785795159.376864953,/loadcell_data_filtered.wrench.force.z,21.87561993323116
1.136260609,1785795159.377194743,/loadcell_data_filtered.wrench.force.z,20.296888098952678
1.136475639,1785795159.377409773,/loadcell_data_filtered.wrench.force.z,20.442218066852448
1.13680319,1785795159.377737324,/loadcell_data_filtered.wrench.force.z,20.547999060795267
1.140537979,1785795159.381472113,/loadcell_data_filtered.wrench.force.z,20.33779296796295
1.140817998,1785795159.381752132,/loadcell_data_filtered.wrench.force.z,19.968764388244757
1.141067305,1785795159.382001439,/loadcell_data_filtered.wrench.force.z,20.2333625283451
1.141333522,1785795159.382267656,/loadcell_data_filtered.wrench.force.z,20.28179864370734
1.14159251,1785795159.382526644,/loadcell_data_filtered.wrench.force.z,20.17915811554364
1.141873545,1785795159.382807679,/loadcell_data_filtered.wrench.force.z,20.245519403197598
1.1421730540000001,1785795159.383107188,/loadcell_data_filtered.wrench.force.z,20.441039191059296
1.142425152,1785795159.383359286,/loadcell_data_filtered.wrench.force.z,20.72241190441688
1.142716365,1785795159.383650499,/loadcell_data_filtered.wrench.force.z,24.767943835279368
1.142984355,1785795159.383918489,/loadcell_data_filtered.wrench.force.z,27.354607256245178
1.146178925,1785795159.387113059,/loadcell_data_filtered.wrench.force.z,30.722333114507038
1.146813294,1785795159.387747428,/loadcell_data_filtered.wrench.force.z,33.0144896161905
1.147233403,1785795159.388167537,/loadcell_data_filtered.wrench.force.z,35.94037521749532
1.147743143,1785795159.388677277,/loadcell_data_filtered.wrench.force.z,37.414388941211826
1.148199096,1785795159.389133230,/loadcell_data_filtered.wrench.force.z,38.24302352105013
1.148616853,1785795159.389550987,/loadcell_data_filtered.wrench.force.z,38.19968130713983
1.1490482260000001,1785795159.389982360,/loadcell_data_filtered.wrench.force.z,37.73361826874537
1.149589153,1785795159.390523287,/loadcell_data_filtered.wrench.force.z,35.67786884398164
1.1500641950000001,1785795159.390998329,/loadcell_data_filtered.wrench.force.z,34.8501625963591
1.150860627,1785795159.391794761,/loadcell_data_filtered.wrench.force.z,34.29194509840441
1.151302777,1785795159.392236911,/loadcell_data_filtered.wrench.force.z,33.279631875735085
1.15162867,1785795159.392562804,/loadcell_data_filtered.wrench.force.z,32.91512418122633
1.151933551,1785795159.392867685,/loadcell_data_filtered.wrench.force.z,32.6088355271277
1.152278945,1785795159.393213079,/loadcell_data_filtered.wrench.force.z,32.13475967930821
1.152593779,1785795159.393527913,/loadcell_data_filtered.wrench.force.z,31.334313571894462
1.152891126,1785795159.393825260,/loadcell_data_filtered.wrench.force.z,25.13333984103995
1.1530879330000001,1785795159.394022067,/loadcell_data_filtered.wrench.force.z,21.26254331079687
1.153257851,1785795159.394191985,/loadcell_data_filtered.wrench.force.z,17.564045247198855
1.1534585050000001,1785795159.394392639,/loadcell_data_filtered.wrench.force.z,14.055430338910025
1.153684933,1785795159.394619067,/loadcell_data_filtered.wrench.force.z,9.27562761485676
1.153944855,1785795159.394878989,/loadcell_data_filtered.wrench.force.z,6.557402122913907
1.154251257,1785795159.395185391,/loadcell_data_filtered.wrench.force.z,5.7854928011726106
1.1545436119999999,1785795159.395477746,/loadcell_data_filtered.wrench.force.z,5.675354968579151
1.15480924,1785795159.395743374,/loadcell_data_filtered.wrench.force.z,5.561738010487128
1.1550913839999999,1785795159.396025518,/loadcell_data_filtered.wrench.force.z,5.509439023277379
1.155480237,1785795159.396414371,/loadcell_data_filtered.wrench.force.z,4.926166273015438
1.155871146,1785795159.396805280,/loadcell_data_filtered.wrench.force.z,4.412184225810128
1.156226182,1785795159.397160316,/loadcell_data_filtered.wrench.force.z,4.064194790241861
1.156606251,1785795159.397540385,/loadcell_data_filtered.wrench.force.z,3.4226655282471747
1.156995546,1785795159.397929680,/loadcell_data_filtered.wrench.force.z,3.359854778271532
1.157387048,1785795159.398321182,/loadcell_data_filtered.wrench.force.z,3.1251318820858334
1.157791296,1785795159.398725430,/loadcell_data_filtered.wrench.force.z,5.552282280887507
1.1639270879999999,1785795159.404861222,/loadcell_data_filtered.wrench.force.z,10.489361186480302
1.164783506,1785795159.405717640,/loadcell_data_filtered.wrench.force.z,13.991756895933387
1.165498508,1785795159.406432642,/loadcell_data_filtered.wrench.force.z,15.848023013138445
1.1659818180000001,1785795159.406915952,/loadcell_data_filtered.wrench.force.z,17.113581675150314
1.166520901,1785795159.407455035,/loadcell_data_filtered.wrench.force.z,17.73523761868593
1.1670236250000001,1785795159.407957759,/loadcell_data_filtered.wrench.force.z,19.015194087307506
1.167508926,1785795159.408443060,/loadcell_data_filtered.wrench.force.z,20.04977664646206
1.167976616,1785795159.408910750,/loadcell_data_filtered.wrench.force.z,21.08966402246864
1.168453008,1785795159.409387142,/loadcell_data_filtered.wrench.force.z,22.06251727861756
1.168956641,1785795159.409890775,/loadcell_data_filtered.wrench.force.z,21.670938840225052
1.169389,1785795159.410323134,/loadcell_data_filtered.wrench.force.z,21.45424980386757
1.169739761,1785795159.410673895,/loadcell_data_filtered.wrench.force.z,21.371625568433416
1.170127617,1785795159.411061751,/loadcell_data_filtered.wrench.force.z,22.060789100589936
1.170461154,1785795159.411395288,/loadcell_data_filtered.wrench.force.z,18.279034218624027
1.170785423,1785795159.411719557,/loadcell_data_filtered.wrench.force.z,15.225428783234017
1.171057723,1785795159.411991857,/loadcell_data_filtered.wrench.force.z,11.601729189727164
1.171351609,1785795159.412285743,/loadcell_data_filtered.wrench.force.z,8.691089855930421
1.171616099,1785795159.412550233,/loadcell_data_filtered.wrench.force.z,7.118489069514557
1.171848638,1785795159.412782772,/loadcell_data_filtered.wrench.force.z,6.562716208630812
1.172120826,1785795159.413054960,/loadcell_data_filtered.wrench.force.z,5.942831805424362
1.172381807,1785795159.413315941,/loadcell_data_filtered.wrench.force.z,6.174847194356678
1.172580697,1785795159.413514831,/loadcell_data_filtered.wrench.force.z,7.155772156456502
1.1727932189999999,1785795159.413727353,/loadcell_data_filtered.wrench.force.z,8.29408861043831
1.173147396,1785795159.414081530,/loadcell_data_filtered.wrench.force.z,9.260107850706145
1.173463925,1785795159.414398059,/loadcell_data_filtered.wrench.force.z,9.826181772351807
1.173756136,1785795159.414690270,/loadcell_data_filtered.wrench.force.z,10.8036318766625
1.174149358,1785795159.415083492,/loadcell_data_filtered.wrench.force.z,11.833607086576794
1.174514982,1785795159.415449116,/loadcell_data_filtered.wrench.force.z,13.501976922765238
1.174820919,1785795159.415755053,/loadcell_data_filtered.wrench.force.z,14.559467542145594
1.175211588,1785795159.416145722,/loadcell_data_filtered.wrench.force.z,14.587275039824423
1.175801124,1785795159.416735258,/loadcell_data_filtered.wrench.force.z,21.011222379241826
1.176070565,1785795159.417004699,/loadcell_data_filtered.wrench.force.z,25.896326031940486
1.17624574,1785795159.417179874,/loadcell_data_filtered.wrench.force.z,31.10105531906994
1.1764324990000001,1785795159.417366633,/loadcell_data_filtered.wrench.force.z,35.778476682956274
1.176616217,1785795159.417550351,/loadcell_data_filtered.wrench.force.z,39.52156999681049
1.17796408,1785795159.418898214,/loadcell_data_filtered.wrench.force.z,41.37651448096351
1.179700513,1785795159.420634647,/loadcell_data_filtered.wrench.force.z,43.097772953514664
1.180272747,1785795159.421206881,/loadcell_data_filtered.wrench.force.z,44.475212650700605
1.180618794,1785795159.421552928,/loadcell_data_filtered.wrench.force.z,45.264791022721404
1.180982065,1785795159.421916199,/loadcell_data_filtered.wrench.force.z,46.6777404155795
1.181399315,1785795159.422333449,/loadcell_data_filtered.wrench.force.z,47.6541554484342
1.181733753,1785795159.422667887,/loadcell_data_filtered.wrench.force.z,48.10452610291376
1.182064529,1785795159.422998663,/loadcell_data_filtered.wrench.force.z,48.85425999861161
1.18257775,1785795159.423511884,/loadcell_data_filtered.wrench.force.z,49.59493728692952
1.182933558,1785795159.423867692,/loadcell_data_filtered.wrench.force.z,50.0703648889398
1.183212462,1785795159.424146596,/loadcell_data_filtered.wrench.force.z,50.8477775482661
1.183482993,1785795159.424417127,/loadcell_data_filtered.wrench.force.z,51.39979936219811
1.183754123,1785795159.424688257,/loadcell_data_filtered.wrench.force.z,46.150641300988326
1.184033943,1785795159.424968077,/loadcell_data_filtered.wrench.force.z,42.03478743604694
1.184293753,1785795159.425227887,/loadcell_data_filtered.wrench.force.z,38.48703809983938
1.1854518600000001,1785795159.426385994,/loadcell_data_filtered.wrench.force.z,35.22735799380531
1.185708674,1785795159.426642808,/loadcell_data_filtered.wrench.force.z,32.024695210303825
1.186009668,1785795159.426943802,/loadcell_data_filtered.wrench.force.z,30.298322408875304
1.186377842,1785795159.427311976,/loadcell_data_filtered.wrench.force.z,29.922722078865746
1.18666338,1785795159.427597514,/loadcell_data_filtered.wrench.force.z,29.923551717903464
1.187061858,1785795159.427995992,/loadcell_data_filtered.wrench.force.z,29.981968254502736
1.187618929,1785795159.428553063,/loadcell_data_filtered.wrench.force.z,30.094319762368585
1.188357815,1785795159.429291949,/loadcell_data_filtered.wrench.force.z,30.246348859562413
1.188996749,1785795159.429930883,/loadcell_data_filtered.wrench.force.z,29.84527910284876
1.1894057120000001,1785795159.430339846,/loadcell_data_filtered.wrench.force.z,29.441366110491323
1.189751255,1785795159.430685389,/loadcell_data_filtered.wrench.force.z,29.0093980219064
1.19009176,1785795159.431025894,/loadcell_data_filtered.wrench.force.z,28.902779960260354
1.19050733,1785795159.431441464,/loadcell_data_filtered.wrench.force.z,28.34527862171468
1.190988871,1785795159.431923005,/loadcell_data_filtered.wrench.force.z,30.912190477671974
1.193068478,1785795159.434002612,/loadcell_data_filtered.wrench.force.z,35.189119934775995
1.193497443,1785795159.434431577,/loadcell_data_filtered.wrench.force.z,38.98471185829184
1.193841543,1785795159.434775677,/loadcell_data_filtered.wrench.force.z,42.58886980406412
1.19415962,1785795159.435093754,/loadcell_data_filtered.wrench.force.z,45.745796369985776
1.194457338,1785795159.435391472,/loadcell_data_filtered.wrench.force.z,48.446009454217304
1.194741833,1785795159.435675967,/loadcell_data_filtered.wrench.force.z,48.357457272762154
1.195033885,1785795159.435968019,/loadcell_data_filtered.wrench.force.z,47.91523176475917
1.19535543,1785795159.436289564,/loadcell_data_filtered.wrench.force.z,47.40567502140523
1.195665268,1785795159.436599402,/loadcell_data_filtered.wrench.force.z,46.968220958939625
1.196047066,1785795159.436981200,/loadcell_data_filtered.wrench.force.z,46.32294647683549
1.196551302,1785795159.437485436,/loadcell_data_filtered.wrench.force.z,45.74682808216246
1.196954348,1785795159.437888482,/loadcell_data_filtered.wrench.force.z,45.074752547416374
1.197392917,1785795159.438327051,/loadcell_data_filtered.wrench.force.z,44.25528309708054
1.198610389,1785795159.439544523,/loadcell_data_filtered.wrench.force.z,43.72673451292559
1.199073743,1785795159.440007877,/loadcell_data_filtered.wrench.force.z,42.996315609449354
1.199349818,1785795159.440283952,/loadcell_data_filtered.wrench.force.z,42.17370994462377
1.1995581180000001,1785795159.440492252,/loadcell_data_filtered.wrench.force.z,36.43855570120429
1.199912685,1785795159.440846819,/loadcell_data_filtered.wrench.force.z,31.692258247685935
1.20078535,1785795159.441719484,/loadcell_data_filtered.wrench.force.z,26.611572874730275
1.201016522,1785795159.441950656,/loadcell_data_filtered.wrench.force.z,22.60483509463588
1.201352431,1785795159.442286565,/loadcell_data_filtered.wrench.force.z,18.23386596121721
1.201727667,1785795159.442661801,/loadcell_data_filtered.wrench.force.z,15.346283523778226
1.202226459,1785795159.443160593,/loadcell_data_filtered.wrench.force.z,12.9005217067082
1.202887869,1785795159.443822003,/loadcell_data_filtered.wrench.force.z,12.002895622428875
1.203319927,1785795159.444254061,/loadcell_data_filtered.wrench.force.z,11.344956876583133
1.2078615400000001,1785795159.448795674,/loadcell_data_filtered.wrench.force.z,11.03804718127083
1.20926759,1785795159.450201724,/loadcell_data_filtered.wrench.force.z,10.410782356281887
1.20940167,1785795159.450335804,/loadcell_data_filtered.wrench.force.z,10.495029784887771
1.209516392,1785795159.450450526,/loadcell_data_filtered.wrench.force.z,10.023867512091389
1.209640214,1785795159.450574348,/loadcell_data_filtered.wrench.force.z,9.74828636822541
1.209770424,1785795159.450704558,/loadcell_data_filtered.wrench.force.z,9.426343776336232
1.209886194,1785795159.450820328,/loadcell_data_filtered.wrench.force.z,9.335723701586794
1.210016409,1785795159.450950543,/loadcell_data_filtered.wrench.force.z,9.519273017610985
1.210334117,1785795159.451268251,/loadcell_data_filtered.wrench.force.z,15.37631670500614
1.210651952,1785795159.451586086,/loadcell_data_filtered.wrench.force.z,19.416652223986688
1.210916917,1785795159.451851051,/loadcell_data_filtered.wrench.force.z,23.593551624748827
1.211230476,1785795159.452164610,/loadcell_data_filtered.wrench.force.z,27.26507547656567
1.211523353,1785795159.452457487,/loadcell_data_filtered.wrench.force.z,29.095711392048493
1.211813929,1785795159.452748063,/loadcell_data_filtered.wrench.force.z,30.410366945986617
1.212128713,1785795159.453062847,/loadcell_data_filtered.wrench.force.z,30.92998580422564
1.212418554,1785795159.453352688,/loadcell_data_filtered.wrench.force.z,30.96928022638647
1.213659426,1785795159.454593560,/loadcell_data_filtered.wrench.force.z,31.05514280040741
1.213677369,1785795159.454611503,/loadcell_data_filtered.wrench.force.z,31.670847256865258
1.213682,1785795159.454616134,/loadcell_data_filtered.wrench.force.z,32.162537658920094
1.2141286,1785795159.455062734,/loadcell_data_filtered.wrench.force.z,32.73611358421582
1.21473092,1785795159.455665054,/loadcell_data_filtered.wrench.force.z,32.76458368501529
1.215177321,1785795159.456111455,/loadcell_data_filtered.wrench.force.z,33.23968227707668
1.215473585,1785795159.456407719,/loadcell_data_filtered.wrench.force.z,33.292394930205255
1.215752435,1785795159.456686569,/loadcell_data_filtered.wrench.force.z,33.76283990668079
1.216219528,1785795159.457153662,/loadcell_data_filtered.wrench.force.z,33.551009908359156
1.220944262,1785795159.461878396,/loadcell_data_filtered.wrench.force.z,27.969195492535995
1.221670905,1785795159.462605039,/loadcell_data_filtered.wrench.force.z,24.02207993098581
1.222355443,1785795159.463289577,/loadcell_data_filtered.wrench.force.z,21.36798663184097
1.222676356,1785795159.463610490,/loadcell_data_filtered.wrench.force.z,19.14752490986004
1.226200171,1785795159.467134305,/loadcell_data_filtered.wrench.force.z,16.72588742270992
1.2265162840000001,1785795159.467450418,/loadcell_data_filtered.wrench.force.z,15.396451385868213
1.22680198,1785795159.467736114,/loadcell_data_filtered.wrench.force.z,14.58441508263725
1.227579964,1785795159.468514098,/loadcell_data_filtered.wrench.force.z,14.976654973672238
1.227589522,1785795159.468523656,/loadcell_data_filtered.wrench.force.z,15.821975284156744
1.2277036190000001,1785795159.468637753,/loadcell_data_filtered.wrench.force.z,16.197476031463136
1.227974767,1785795159.468908901,/loadcell_data_filtered.wrench.force.z,16.586787996896806
1.228270849,1785795159.469204983,/loadcell_data_filtered.wrench.force.z,16.874412489679017
1.228491647,1785795159.469425781,/loadcell_data_filtered.wrench.force.z,17.366875300022212
1.228737404,1785795159.469671538,/loadcell_data_filtered.wrench.force.z,17.912263576611068
1.229069022,1785795159.470003156,/loadcell_data_filtered.wrench.force.z,18.07875396337767
1.229270569,1785795159.470204703,/loadcell_data_filtered.wrench.force.z,18.01789855366817
1.229498938,1785795159.470433072,/loadcell_data_filtered.wrench.force.z,22.511352176419006
1.229745138,1785795159.470679272,/loadcell_data_filtered.wrench.force.z,27.61540897447867
1.230001579,1785795159.470935713,/loadcell_data_filtered.wrench.force.z,33.11690368930769
1.230240608,1785795159.471174742,/loadcell_data_filtered.wrench.force.z,38.24812262391566
1.230466566,1785795159.471400700,/loadcell_data_filtered.wrench.force.z,42.53789758069482
1.230702017,1785795159.471636151,/loadcell_data_filtered.wrench.force.z,46.24804036780754
1.230919314,1785795159.471853448,/loadcell_data_filtered.wrench.force.z,48.44237650676171
1.231153668,1785795159.472087802,/loadcell_data_filtered.wrench.force.z,48.56783879337702
1.231373108,1785795159.472307242,/loadcell_data_filtered.wrench.force.z,49.0807359685937
1.231608288,1785795159.472542422,/loadcell_data_filtered.wrench.force.z,50.31580426124959
1.232599428,1785795159.473533562,/loadcell_data_filtered.wrench.force.z,51.231614629047506
1.233296109,1785795159.474230243,/loadcell_data_filtered.wrench.force.z,52.69285312172654
1.233554683,1785795159.474488817,/loadcell_data_filtered.wrench.force.z,54.255913441193684
1.233795411,1785795159.474729545,/loadcell_data_filtered.wrench.force.z,55.97445877394512
1.234021871,1785795159.474956005,/loadcell_data_filtered.wrench.force.z,53.38240174256664
1.234257974,1785795159.475192108,/loadcell_data_filtered.wrench.force.z,49.61104986474601
1.234482972,1785795159.475417106,/loadcell_data_filtered.wrench.force.z,50.124371973699986
1.234703789,1785795159.475637923,/loadcell_data_filtered.wrench.force.z,45.711478838914
1.234924939,1785795159.475859073,/loadcell_data_filtered.wrench.force.z,42.84635782235483
1.235154408,1785795159.476088542,/loadcell_data_filtered.wrench.force.z,39.306222426287746
1.235387865,1785795159.476321999,/loadcell_data_filtered.wrench.force.z,36.85218986600586
1.235600321,1785795159.476534455,/loadcell_data_filtered.wrench.force.z,33.8268653775338
1.235876009,1785795159.476810143,/loadcell_data_filtered.wrench.force.z,32.012417121373076
1.236110716,1785795159.477044850,/loadcell_data_filtered.wrench.force.z,30.636356148335565
1.236405758,1785795159.477339892,/loadcell_data_filtered.wrench.force.z,30.061161264255233
1.237012294,1785795159.477946428,/loadcell_data_filtered.wrench.force.z,30.1273049957874
1.237396833,1785795159.478330967,/loadcell_data_filtered.wrench.force.z,30.211380328732282
1.237797662,1785795159.478731796,/loadcell_data_filtered.wrench.force.z,30.194414355396315
1.2380999050000001,1785795159.479034039,/loadcell_data_filtered.wrench.force.z,29.756737443797345
1.238563816,1785795159.479497950,/loadcell_data_filtered.wrench.force.z,29.24782208033989
1.239233701,1785795159.480167835,/loadcell_data_filtered.wrench.force.z,28.38364142577588
1.239816545,1785795159.480750679,/loadcell_data_filtered.wrench.force.z,27.546246349662514
1.240306597,1785795159.481240731,/loadcell_data_filtered.wrench.force.z,26.678127563983164
1.240839161,1785795159.481773295,/loadcell_data_filtered.wrench.force.z,25.70374280944951
1.241720649,1785795159.482654783,/loadcell_data_filtered.wrench.force.z,30.343922304320795
1.242143529,1785795159.483077663,/loadcell_data_filtered.wrench.force.z,33.771469993543924
1.2423655980000001,1785795159.483299732,/loadcell_data_filtered.wrench.force.z,36.951445450096706
1.242681772,1785795159.483615906,/loadcell_data_filtered.wrench.force.z,39.26949226571642
1.244027948,1785795159.484962082,/loadcell_data_filtered.wrench.force.z,41.403779301407916
1.244523359,1785795159.485457493,/loadcell_data_filtered.wrench.force.z,42.00240831833029
1.24481458,1785795159.485748714,/loadcell_data_filtered.wrench.force.z,42.516842187586384
1.2464943800000001,1785795159.487428514,/loadcell_data_filtered.wrench.force.z,41.861802568338945
1.246851084,1785795159.487785218,/loadcell_data_filtered.wrench.force.z,40.65103610349214
1.24715823,1785795159.488092364,/loadcell_data_filtered.wrench.force.z,40.03879612692908
1.248027542,1785795159.488961676,/loadcell_data_filtered.wrench.force.z,39.42167788670267
1.248250497,1785795159.489184631,/loadcell_data_filtered.wrench.force.z,38.96994084873028
1.248424661,1785795159.489358795,/loadcell_data_filtered.wrench.force.z,39.15426695111115
1.248612705,1785795159.489546839,/loadcell_data_filtered.wrench.force.z,39.63696563955964
1.248777622,1785795159.489711756,/loadcell_data_filtered.wrench.force.z,39.70238172114855
1.25062893,1785795159.491563064,/loadcell_data_filtered.wrench.force.z,39.45119549580093
1.2528578000000001,1785795159.493791934,/loadcell_data_filtered.wrench.force.z,37.838208118598665
1.252991042,1785795159.493925176,/loadcell_data_filtered.wrench.force.z,32.417754151133366
1.25315376,1785795159.494087894,/loadcell_data_filtered.wrench.force.z,28.38058665890322
1.253266594,1785795159.494200728,/loadcell_data_filtered.wrench.force.z,24.58425499025733
1.253384835,1785795159.494318969,/loadcell_data_filtered.wrench.force.z,21.592903615806645
1.253507272,1785795159.494441406,/loadcell_data_filtered.wrench.force.z,18.369676266852334
1.2536219800000001,1785795159.494556114,/loadcell_data_filtered.wrench.force.z,17.11449869844193
1.253738627,1785795159.494672761,/loadcell_data_filtered.wrench.force.z,17.248786928297847
1.253859706,1785795159.494793840,/loadcell_data_filtered.wrench.force.z,17.788907107973696
1.255922951,1785795159.496857085,/loadcell_data_filtered.wrench.force.z,17.307524494703657
1.256137086,1785795159.497071220,/loadcell_data_filtered.wrench.force.z,16.176558498752332
1.256286931,1785795159.497221065,/loadcell_data_filtered.wrench.force.z,15.345887831068985
1.2564558909999999,1785795159.497390025,/loadcell_data_filtered.wrench.force.z,14.168197960303852
1.25661189,1785795159.497546024,/loadcell_data_filtered.wrench.force.z,7.312023475506101
1.256747368,1785795159.497681502,/loadcell_data_filtered.wrench.force.z,7.216116254862536
1.2568843410000001,1785795159.497818475,/loadcell_data_filtered.wrench.force.z,5.722640669682692
1.25715389,1785795159.498088024,/loadcell_data_filtered.wrench.force.z,5.406907238014278
1.257891122,1785795159.498825256,/loadcell_data_filtered.wrench.force.z,9.022241761113085
1.2581427490000001,1785795159.499076883,/loadcell_data_filtered.wrench.force.z,12.878843775136746
1.2590880850000001,1785795159.500022219,/loadcell_data_filtered.wrench.force.z,16.818188661874846
1.259599183,1785795159.500533317,/loadcell_data_filtered.wrench.force.z,19.765954286045528
1.260088619,1785795159.501022753,/loadcell_data_filtered.wrench.force.z,21.871359051479114
1.2605205750000001,1785795159.501454709,/loadcell_data_filtered.wrench.force.z,23.76068969824079
1.260881867,1785795159.501816001,/loadcell_data_filtered.wrench.force.z,24.842155600920822
1.2633015,1785795159.504235634,/loadcell_data_filtered.wrench.force.z,25.120414384642075
1.263575349,1785795159.504509483,/loadcell_data_filtered.wrench.force.z,25.33722518760914
1.26375196,1785795159.504686094,/loadcell_data_filtered.wrench.force.z,25.377315241623652
1.2639318720000001,1785795159.504866006,/loadcell_data_filtered.wrench.force.z,18.42050579062106
1.2641303480000001,1785795159.505064482,/loadcell_data_filtered.wrench.force.z,18.994046484534888
1.26438651,1785795159.505320644,/loadcell_data_filtered.wrench.force.z,19.052891975843302
1.264650219,1785795159.505584353,/loadcell_data_filtered.wrench.force.z,18.465106460090116
1.264896184,1785795159.505830318,/loadcell_data_filtered.wrench.force.z,18.564335941605073
1.265232351,1785795159.506166485,/loadcell_data_filtered.wrench.force.z,18.720914651439532
1.265741044,1785795159.506675178,/loadcell_data_filtered.wrench.force.z,18.70470639403779
1.266693506,1785795159.507627640,/loadcell_data_filtered.wrench.force.z,13.657003348272077
1.267134364,1785795159.508068498,/loadcell_data_filtered.wrench.force.z,10.47882722069279
1.2674669170000001,1785795159.508401051,/loadcell_data_filtered.wrench.force.z,6.958074541959979
1.267814481,1785795159.508748615,/loadcell_data_filtered.wrench.force.z,4.014792075987858
1.268115982,1785795159.509050116,/loadcell_data_filtered.wrench.force.z,1.1741047269390603
1.26856123,1785795159.509495364,/loadcell_data_filtered.wrench.force.z,-0.5806792696514269
1.270836737,1785795159.511770871,/loadcell_data_filtered.wrench.force.z,-1.4847086513368044
1.271019145,1785795159.511953279,/loadcell_data_filtered.wrench.force.z,-1.3169100809217893
1.271188342,1785795159.512122476,/loadcell_data_filtered.wrench.force.z,-0.6287153396143014
1.271340382,1785795159.512274516,/loadcell_data_filtered.wrench.force.z,-4.65982999631837
1.271495991,1785795159.512430125,/loadcell_data_filtered.wrench.force.z,-6.044749660024756
1.2716560110000001,1785795159.512590145,/loadcell_data_filtered.wrench.force.z,-6.561625221197464
1.27195283,1785795159.512886964,/loadcell_data_filtered.wrench.force.z,-6.251457018494721
1.272845218,1785795159.513779352,/loadcell_data_filtered.wrench.force.z,-5.859358775867715
1.273213858,1785795159.514147992,/loadcell_data_filtered.wrench.force.z,-5.927405403964872
1.274114878,1785795159.515049012,/loadcell_data_filtered.wrench.force.z,-5.783790569266624
1.274460637,1785795159.515394771,/loadcell_data_filtered.wrench.force.z,-5.510704498971057
1.274706224,1785795159.515640358,/loadcell_data_filtered.wrench.force.z,0.9906934089141295
1.275146005,1785795159.516080139,/loadcell_data_filtered.wrench.force.z,5.100215405859524
1.275613464,1785795159.516547598,/loadcell_data_filtered.wrench.force.z,9.255938693227762
1.2760400760000001,1785795159.516974210,/loadcell_data_filtered.wrench.force.z,12.966147250475862
1.2765860230000001,1785795159.517520157,/loadcell_data_filtered.wrench.force.z,16.540278148583386
1.27709031,1785795159.518024444,/loadcell_data_filtered.wrench.force.z,18.183802499096615
1.2779786720000001,1785795159.518912806,/loadcell_data_filtered.wrench.force.z,19.741730362768365
1.2783247370000002,1785795159.519258871,/loadcell_data_filtered.wrench.force.z,20.39581329371636
1.2820653929999999,1785795159.522999527,/loadcell_data_filtered.wrench.force.z,21.35025131025018
1.2823938830000001,1785795159.523328017,/loadcell_data_filtered.wrench.force.z,21.549180146648663
1.282671036,1785795159.523605170,/loadcell_data_filtered.wrench.force.z,22.50848701716698
1.282968858,1785795159.523902992,/loadcell_data_filtered.wrench.force.z,23.74254372599513
1.283298092,1785795159.524232226,/loadcell_data_filtered.wrench.force.z,25.135670585319463
1.283395287,1785795159.524329421,/loadcell_data_filtered.wrench.force.z,26.099373714753778
1.283561596,1785795159.524495730,/loadcell_data_filtered.wrench.force.z,27.0251714612532
1.283745437,1785795159.524679571,/loadcell_data_filtered.wrench.force.z,28.028396642433417
1.284235276,1785795159.525169410,/loadcell_data_filtered.wrench.force.z,27.188466637385144
1.28442467,1785795159.525358804,/loadcell_data_filtered.wrench.force.z,21.795791241354134
1.284610505,1785795159.525544639,/loadcell_data_filtered.wrench.force.z,18.131839509162706
1.2847957970000001,1785795159.525729931,/loadcell_data_filtered.wrench.force.z,8.043335722256154
1.285948265,1785795159.526882399,/loadcell_data_filtered.wrench.force.z,5.979917710032437
1.286246994,1785795159.527181128,/loadcell_data_filtered.wrench.force.z,3.1594441848413872
1.286359657,1785795159.527293791,/loadcell_data_filtered.wrench.force.z,2.6407107413757034
1.286482092,1785795159.527416226,/loadcell_data_filtered.wrench.force.z,3.2893203280315624
1.286591374,1785795159.527525508,/loadcell_data_filtered.wrench.force.z,4.06965671759099
1.287222346,1785795159.528156480,/loadcell_data_filtered.wrench.force.z,4.019432850173706
1.287946656,1785795159.528880790,/loadcell_data_filtered.wrench.force.z,4.1740473567511165
1.2881500830000001,1785795159.529084217,/loadcell_data_filtered.wrench.force.z,4.6155071284949445
1.288467496,1785795159.529401630,/loadcell_data_filtered.wrench.force.z,4.715144511503114
1.289424188,1785795159.530358322,/loadcell_data_filtered.wrench.force.z,4.3914879250483025
1.289871081,1785795159.530805215,/loadcell_data_filtered.wrench.force.z,4.1434583427469365
1.290336497,1785795159.531270631,/loadcell_data_filtered.wrench.force.z,4.046852037295658
1.290698074,1785795159.531632208,/loadcell_data_filtered.wrench.force.z,4.1799844809016555
1.291116893,1785795159.532051027,/loadcell_data_filtered.wrench.force.z,8.29924770173519
1.291480316,1785795159.532414450,/loadcell_data_filtered.wrench.force.z,12.220784368602828
1.29207873,1785795159.533012864,/loadcell_data_filtered.wrench.force.z,16.321763440384824
1.2923292640000001,1785795159.533263398,/loadcell_data_filtered.wrench.force.z,19.64040751607741
1.292876251,1785795159.533810385,/loadcell_data_filtered.wrench.force.z,22.221000337295838
1.293449716,1785795159.534383850,/loadcell_data_filtered.wrench.force.z,24.079429583098
1.29406167,1785795159.534995804,/loadcell_data_filtered.wrench.force.z,25.01234890999545
1.294461893,1785795159.535396027,/loadcell_data_filtered.wrench.force.z,24.65918194293247
1.294899285,1785795159.535833419,/loadcell_data_filtered.wrench.force.z,24.177475938318615
1.295446191,1785795159.536380325,/loadcell_data_filtered.wrench.force.z,24.10561803152824
1.295994612,1785795159.536928746,/loadcell_data_filtered.wrench.force.z,24.030306622032143
1.298769025,1785795159.539703159,/loadcell_data_filtered.wrench.force.z,24.03039742874462
1.2991344740000002,1785795159.540068608,/loadcell_data_filtered.wrench.force.z,23.59991153496393
1.299145787,1785795159.540079921,/loadcell_data_filtered.wrench.force.z,23.54697480241263
1.30165096,1785795159.542585094,/loadcell_data_filtered.wrench.force.z,23.2750837257487
1.302494221,1785795159.543428355,/loadcell_data_filtered.wrench.force.z,22.86408086133349
1.3030034430000001,1785795159.543937577,/loadcell_data_filtered.wrench.force.z,22.514370790372734
1.303384968,1785795159.544319102,/loadcell_data_filtered.wrench.force.z,17.545488751835194
1.3036347,1785795159.544568834,/loadcell_data_filtered.wrench.force.z,13.826656870002266
1.303841568,1785795159.544775702,/loadcell_data_filtered.wrench.force.z,9.953126887097701
1.30409119,1785795159.545025324,/loadcell_data_filtered.wrench.force.z,6.786144813121803
1.304323344,1785795159.545257478,/loadcell_data_filtered.wrench.force.z,4.0122672652383455
1.304524805,1785795159.545458939,/loadcell_data_filtered.wrench.force.z,2.222671721854934
1.30468683,1785795159.545620964,/loadcell_data_filtered.wrench.force.z,0.5869598828914124
1.304875025,1785795159.545809159,/loadcell_data_filtered.wrench.force.z,-1.0427521741651398
1.305033103,1785795159.545967237,/loadcell_data_filtered.wrench.force.z,-1.1585001197356193
1.305217174,1785795159.546151308,/loadcell_data_filtered.wrench.force.z,-1.3067535514644624
1.305393719,1785795159.546327853,/loadcell_data_filtered.wrench.force.z,-1.7773684719367357
1.305627827,1785795159.546561961,/loadcell_data_filtered.wrench.force.z,-2.3870686212714904
1.305854087,1785795159.546788221,/loadcell_data_filtered.wrench.force.z,-2.737271223313224
1.306057192,1785795159.546991326,/loadcell_data_filtered.wrench.force.z,-3.4958231287569275
1.306485289,1785795159.547419423,/loadcell_data_filtered.wrench.force.z,-4.1488222546464115
1.30689813,1785795159.547832264,/loadcell_data_filtered.wrench.force.z,-4.804168458106052
1.307806255,1785795159.548740389,/loadcell_data_filtered.wrench.force.z,-5.357572537606024
1.311164163,1785795159.552098297,/loadcell_data_filtered.wrench.force.z,0.04995963264059622
1.31326261,1785795159.554196744,/loadcell_data_filtered.wrench.force.z,3.7051387552206676
1.313650032,1785795159.554584166,/loadcell_data_filtered.wrench.force.z,7.4360009731975545
1.313917717,1785795159.554851851,/loadcell_data_filtered.wrench.force.z,10.464501263074958
1.314249212,1785795159.555183346,/loadcell_data_filtered.wrench.force.z,13.354785369292324
1.314655465,1785795159.555589599,/loadcell_data_filtered.wrench.force.z,15.009888407178352
1.315050735,1785795159.555984869,/loadcell_data_filtered.wrench.force.z,16.12767625630623
1.315503921,1785795159.556438055,/loadcell_data_filtered.wrench.force.z,16.250152701664547
1.315850683,1785795159.556784817,/loadcell_data_filtered.wrench.force.z,15.766405925533446
1.316322185,1785795159.557256319,/loadcell_data_filtered.wrench.force.z,16.054424450157033
1.316737282,1785795159.557671416,/loadcell_data_filtered.wrench.force.z,16.008501169099155
1.317080223,1785795159.558014357,/loadcell_data_filtered.wrench.force.z,15.123560711703501
1.317390639,1785795159.558324773,/loadcell_data_filtered.wrench.force.z,14.760144931623527
1.317703392,1785795159.558637526,/loadcell_data_filtered.wrench.force.z,14.723671095953613
1.317978235,1785795159.558912369,/loadcell_data_filtered.wrench.force.z,14.733884070815094
1.318205605,1785795159.559139739,/loadcell_data_filtered.wrench.force.z,13.083978075778976
1.318441032,1785795159.559375166,/loadcell_data_filtered.wrench.force.z,9.357395102362357
1.318661012,1785795159.559595146,/loadcell_data_filtered.wrench.force.z,4.0744427655355375
1.318941331,1785795159.559875465,/loadcell_data_filtered.wrench.force.z,-0.4212056294435147
1.319289203,1785795159.560223337,/loadcell_data_filtered.wrench.force.z,-4.4565393773412145
1.319594245,1785795159.560528379,/loadcell_data_filtered.wrench.force.z,-7.663886506506136
1.319891242,1785795159.560825376,/loadcell_data_filtered.wrench.force.z,-10.800343203826081
1.320376528,1785795159.561310662,/loadcell_data_filtered.wrench.force.z,-12.698043473518053
1.3206542589999999,1785795159.561588393,/loadcell_data_filtered.wrench.force.z,-13.587867842926963
1.321017872,1785795159.561952006,/loadcell_data_filtered.wrench.force.z,-13.712933138078247
1.3216821539999999,1785795159.562616288,/loadcell_data_filtered.wrench.force.z,-13.69408659163629
1.321979815,1785795159.562913949,/loadcell_data_filtered.wrench.force.z,-13.761521424107148
1.322236838,1785795159.563170972,/loadcell_data_filtered.wrench.force.z,-14.10033778536679
1.3224833550000001,1785795159.563417489,/loadcell_data_filtered.wrench.force.z,-14.274423421500554
1.322821168,1785795159.563755302,/loadcell_data_filtered.wrench.force.z,-14.834690053307755
1.323233205,1785795159.564167339,/loadcell_data_filtered.wrench.force.z,-15.053888166897607
1.32356742,1785795159.564501554,/loadcell_data_filtered.wrench.force.z,-15.03927832700807
1.324548061,1785795159.565482195,/loadcell_data_filtered.wrench.force.z,-14.999511189500176
1.32483351,1785795159.565767644,/loadcell_data_filtered.wrench.force.z,-10.532187957087327
1.325016106,1785795159.565950240,/loadcell_data_filtered.wrench.force.z,-6.0876527067635084
1.325323167,1785795159.566257301,/loadcell_data_filtered.wrench.force.z,-1.5861989188954437
1.32880773,1785795159.569741864,/loadcell_data_filtered.wrench.force.z,2.2401640753216423
1.329498814,1785795159.570432948,/loadcell_data_filtered.wrench.force.z,5.665460193804682
1.329795104,1785795159.570729238,/loadcell_data_filtered.wrench.force.z,8.844347425854101
1.330003179,1785795159.570937313,/loadcell_data_filtered.wrench.force.z,11.558665649049452
1.330230584,1785795159.571164718,/loadcell_data_filtered.wrench.force.z,13.354011460267094
1.330479323,1785795159.571413457,/loadcell_data_filtered.wrench.force.z,14.292990994037803
1.330728104,1785795159.571662238,/loadcell_data_filtered.wrench.force.z,15.771528985655426
1.330998632,1785795159.571932766,/loadcell_data_filtered.wrench.force.z,16.673929237806977
1.331299439,1785795159.572233573,/loadcell_data_filtered.wrench.force.z,16.262741955083424
1.331632567,1785795159.572566701,/loadcell_data_filtered.wrench.force.z,17.612144608281845
1.332000269,1785795159.572934403,/loadcell_data_filtered.wrench.force.z,18.281765541506637
1.332507464,1785795159.573441598,/loadcell_data_filtered.wrench.force.z,18.684996506860482
1.333149429,1785795159.574083563,/loadcell_data_filtered.wrench.force.z,19.158899363382606
1.333669009,1785795159.574603143,/loadcell_data_filtered.wrench.force.z,19.78266817249771
1.334715045,1785795159.575649179,/loadcell_data_filtered.wrench.force.z,15.175798839572403
1.334773811,1785795159.575707945,/loadcell_data_filtered.wrench.force.z,11.949996234593875
1.335235199,1785795159.576169333,/loadcell_data_filtered.wrench.force.z,8.912860072718916
1.335656555,1785795159.576590689,/loadcell_data_filtered.wrench.force.z,6.332646810284432
1.336017579,1785795159.576951713,/loadcell_data_filtered.wrench.force.z,4.302245444369033
1.33641996,1785795159.577354094,/loadcell_data_filtered.wrench.force.z,3.325377139070757
1.336741575,1785795159.577675709,/loadcell_data_filtered.wrench.force.z,2.902449850286541
1.3370251450000001,1785795159.577959279,/loadcell_data_filtered.wrench.force.z,3.2470204826519997
1.338759542,1785795159.579693676,/loadcell_data_filtered.wrench.force.z,4.465815899119633
1.345253583,1785795159.586187717,/loadcell_data_filtered.wrench.force.z,5.273584726383192
1.345459439,1785795159.586393573,/loadcell_data_filtered.wrench.force.z,6.413492793275784
1.345638442,1785795159.586572576,/loadcell_data_filtered.wrench.force.z,7.493878877083287
1.345744528,1785795159.586678662,/loadcell_data_filtered.wrench.force.z,8.812424858155573
1.349701669,1785795159.590635803,/loadcell_data_filtered.wrench.force.z,9.691247569323881
1.349860424,1785795159.590794558,/loadcell_data_filtered.wrench.force.z,11.744466977355781
1.350005947,1785795159.590940081,/loadcell_data_filtered.wrench.force.z,13.373530360996234
1.350165539,1785795159.591099673,/loadcell_data_filtered.wrench.force.z,13.168254212606215
1.350317057,1785795159.591251191,/loadcell_data_filtered.wrench.force.z,11.47196939501083
1.350461246,1785795159.591395380,/loadcell_data_filtered.wrench.force.z,11.984130323948243
1.350601115,1785795159.591535249,/loadcell_data_filtered.wrench.force.z,12.484120213815613
1.35074132,1785795159.591675454,/loadcell_data_filtered.wrench.force.z,12.927401134563956
1.35088108,1785795159.591815214,/loadcell_data_filtered.wrench.force.z,10.070983444541397
1.351033081,1785795159.591967215,/loadcell_data_filtered.wrench.force.z,4.927637377747746
1.351209807,1785795159.592143941,/loadcell_data_filtered.wrench.force.z,2.3582943185896292
1.351326738,1785795159.592260872,/loadcell_data_filtered.wrench.force.z,-4.355660302508375
1.3514708450000001,1785795159.592404979,/loadcell_data_filtered.wrench.force.z,-9.699023126799947
1.360593062,1785795159.601527196,/loadcell_data_filtered.wrench.force.z,-14.175045602200424
1.365616496,1785795159.606550630,/loadcell_data_filtered.wrench.force.z,-13.601727894043705
1.366253065,1785795159.607187199,/loadcell_data_filtered.wrench.force.z,-13.85889108928608
1.366690846,1785795159.607624980,/loadcell_data_filtered.wrench.force.z,-13.99540961533999
1.367065133,1785795159.607999267,/loadcell_data_filtered.wrench.force.z,-14.112156593481878
1.3674207090000001,1785795159.608354843,/loadcell_data_filtered.wrench.force.z,-14.169037995468337
1.367737076,1785795159.608671210,/loadcell_data_filtered.wrench.force.z,-14.08732476144466
1.368027059,1785795159.608961193,/loadcell_data_filtered.wrench.force.z,-13.799964994673159
1.368210618,1785795159.609144752,/loadcell_data_filtered.wrench.force.z,-13.869139068530716
1.368373388,1785795159.609307522,/loadcell_data_filtered.wrench.force.z,-13.795626760549514
1.3685336160000001,1785795159.609467750,/loadcell_data_filtered.wrench.force.z,-14.378489996546502
1.368691858,1785795159.609625992,/loadcell_data_filtered.wrench.force.z,-17.73386227328902
1.368848393,1785795159.609782527,/loadcell_data_filtered.wrench.force.z,-25.335801649197812
1.371569188,1785795159.612503322,/loadcell_data_filtered.wrench.force.z,-29.728977641475545
1.3719793230000001,1785795159.612913457,/loadcell_data_filtered.wrench.force.z,-33.42228030265756
1.372351661,1785795159.613285795,/loadcell_data_filtered.wrench.force.z,-37.155817807663354
1.372682474,1785795159.613616608,/loadcell_data_filtered.wrench.force.z,-39.95001778752437
1.372969784,1785795159.613903918,/loadcell_data_filtered.wrench.force.z,-41.00661636629479
1.373325386,1785795159.614259520,/loadcell_data_filtered.wrench.force.z,-41.57477646753632
1.373631338,1785795159.614565472,/loadcell_data_filtered.wrench.force.z,-40.77115035017883
1.373925176,1785795159.614859310,/loadcell_data_filtered.wrench.force.z,-39.555832087778185
1.374194729,1785795159.615128863,/loadcell_data_filtered.wrench.force.z,-38.6860876847802
1.374450042,1785795159.615384176,/loadcell_data_filtered.wrench.force.z,-37.85024160903876
1.374692287,1785795159.615626421,/loadcell_data_filtered.wrench.force.z,-36.83856804053452
1.374902157,1785795159.615836291,/loadcell_data_filtered.wrench.force.z,-36.52588550422447
1.37536473,1785795159.616298864,/loadcell_data_filtered.wrench.force.z,-38.08526380176301
1.375613298,1785795159.616547432,/loadcell_data_filtered.wrench.force.z,-36.98693454405418
1.375833664,1785795159.616767798,/loadcell_data_filtered.wrench.force.z,-35.613478932016605
1.3760839009999999,1785795159.617018035,/loadcell_data_filtered.wrench.force.z,-33.952888945098564
1.376319298,1785795159.617253432,/loadcell_data_filtered.wrench.force.z,-25.849153208364164
1.376612185,1785795159.617546319,/loadcell_data_filtered.wrench.force.z,-19.907490927959206
1.376898369,1785795159.617832503,/loadcell_data_filtered.wrench.force.z,-15.019959715210563
1.3776051630000001,1785795159.618539297,/loadcell_data_filtered.wrench.force.z,-11.732205491762617
1.377948533,1785795159.618882667,/loadcell_data_filtered.wrench.force.z,-7.719379515458414
1.378473577,1785795159.619407711,/loadcell_data_filtered.wrench.force.z,-5.197419556975861
1.378934798,1785795159.619868932,/loadcell_data_filtered.wrench.force.z,-3.34746726739637
1.379399795,1785795159.620333929,/loadcell_data_filtered.wrench.force.z,-2.1322552867733364
1.3804496670000002,1785795159.621383801,/loadcell_data_filtered.wrench.force.z,-1.0452143151226783
1.3808828640000002,1785795159.621816998,/loadcell_data_filtered.wrench.force.z,0.4029239398391884
1.381214207,1785795159.622148341,/loadcell_data_filtered.wrench.force.z,2.703654743659118
1.381547039,1785795159.622481173,/loadcell_data_filtered.wrench.force.z,4.732782672646375
1.381847529,1785795159.622781663,/loadcell_data_filtered.wrench.force.z,6.166957336279651
1.382134065,1785795159.623068199,/loadcell_data_filtered.wrench.force.z,6.398619023061815
1.382414615,1785795159.623348749,/loadcell_data_filtered.wrench.force.z,7.024038738095153
1.382729963,1785795159.623664097,/loadcell_data_filtered.wrench.force.z,8.096719968678944
1.382999853,1785795159.623933987,/loadcell_data_filtered.wrench.force.z,5.22227318288582
1.38756809,1785795159.628502224,/loadcell_data_filtered.wrench.force.z,2.0982487437907897
1.387575813,1785795159.628509947,/loadcell_data_filtered.wrench.force.z,-1.5920461844777218
1.387658854,1785795159.628592988,/loadcell_data_filtered.wrench.force.z,-3.7834634761653536
1.387799295,1785795159.628733429,/loadcell_data_filtered.wrench.force.z,-5.440056764123829
1.387935343,1785795159.628869477,/loadcell_data_filtered.wrench.force.z,-6.866404270224523
1.388857266,1785795159.629791400,/loadcell_data_filtered.wrench.force.z,-7.845617196111797
1.388867485,1785795159.629801619,/loadcell_data_filtered.wrench.force.z,-7.841517882576669
1.388870702,1785795159.629804836,/loadcell_data_filtered.wrench.force.z,-6.884480138280692
1.388873504,1785795159.629807638,/loadcell_data_filtered.wrench.force.z,-5.396842287079511
1.389167473,1785795159.630101607,/loadcell_data_filtered.wrench.force.z,-5.340088069329937
1.389345789,1785795159.630279923,/loadcell_data_filtered.wrench.force.z,-6.895404677663414
1.389552561,1785795159.630486695,/loadcell_data_filtered.wrench.force.z,-7.285671856313724
1.389763907,1785795159.630698041,/loadcell_data_filtered.wrench.force.z,-7.86110027786556
1.389959113,1785795159.630893247,/loadcell_data_filtered.wrench.force.z,-8.097941876734081
1.39014991,1785795159.631084044,/loadcell_data_filtered.wrench.force.z,-8.566397279980494
1.390519802,1785795159.631453936,/loadcell_data_filtered.wrench.force.z,-8.897800156053881
1.390879985,1785795159.631814119,/loadcell_data_filtered.wrench.force.z,-3.659683916654367
1.391587378,1785795159.632521512,/loadcell_data_filtered.wrench.force.z,1.0036174560780928
1.391950413,1785795159.632884547,/loadcell_data_filtered.wrench.force.z,5.411213591249309
1.3924191110000002,1785795159.633353245,/loadcell_data_filtered.wrench.force.z,9.010045337608194
1.393096004,1785795159.634030138,/loadcell_data_filtered.wrench.force.z,12.34055172063796
1.393663813,1785795159.634597947,/loadcell_data_filtered.wrench.force.z,14.021444717905212
1.3945402709999999,1785795159.635474405,/loadcell_data_filtered.wrench.force.z,15.798842253023645
1.395099177,1785795159.636033311,/loadcell_data_filtered.wrench.force.z,16.476962602369674
1.39557582,1785795159.636509954,/loadcell_data_filtered.wrench.force.z,16.623685550267645
1.396003821,1785795159.636937955,/loadcell_data_filtered.wrench.force.z,16.80847971208896
1.396350949,1785795159.637285083,/loadcell_data_filtered.wrench.force.z,16.977452461888067
1.396696732,1785795159.637630866,/loadcell_data_filtered.wrench.force.z,17.516948871064553
1.398095456,1785795159.639029590,/loadcell_data_filtered.wrench.force.z,17.603171921151244
1.3986134030000001,1785795159.639547537,/loadcell_data_filtered.wrench.force.z,17.735530554416677
1.399027205,1785795159.639961339,/loadcell_data_filtered.wrench.force.z,17.940793857237338
1.401082222,1785795159.642016356,/loadcell_data_filtered.wrench.force.z,18.292197279345572
1.401402407,1785795159.642336541,/loadcell_data_filtered.wrench.force.z,18.457602421949698
1.401636571,1785795159.642570705,/loadcell_data_filtered.wrench.force.z,12.873000066661199
1.401913573,1785795159.642847707,/loadcell_data_filtered.wrench.force.z,4.549515039663699
1.402176798,1785795159.643110932,/loadcell_data_filtered.wrench.force.z,-1.8502314964296653
1.403430127,1785795159.644364261,/loadcell_data_filtered.wrench.force.z,-5.083717981392577
1.403808003,1785795159.644742137,/loadcell_data_filtered.wrench.force.z,-9.383463515000575
1.4041353220000001,1785795159.645069456,/loadcell_data_filtered.wrench.force.z,-10.534318544448011
1.404429426,1785795159.645363560,/loadcell_data_filtered.wrench.force.z,-10.824909313609872
1.40465992,1785795159.645594054,/loadcell_data_filtered.wrench.force.z,-10.760713055651017
1.404888407,1785795159.645822541,/loadcell_data_filtered.wrench.force.z,-10.127165530723813
1.405126888,1785795159.646061022,/loadcell_data_filtered.wrench.force.z,-10.783531350372588
1.405355611,1785795159.646289745,/loadcell_data_filtered.wrench.force.z,-11.69953439257823
1.405682278,1785795159.646616412,/loadcell_data_filtered.wrench.force.z,-12.317255928523842
1.410276857,1785795159.651210991,/loadcell_data_filtered.wrench.force.z,-12.925995583231883
1.410574361,1785795159.651508495,/loadcell_data_filtered.wrench.force.z,-13.636437939586079
1.410758531,1785795159.651692665,/loadcell_data_filtered.wrench.force.z,-13.377835905392345
1.4109315,1785795159.651865634,/loadcell_data_filtered.wrench.force.z,-13.488542174257802
1.411213104,1785795159.652147238,/loadcell_data_filtered.wrench.force.z,-12.650886781515082
1.411526613,1785795159.652460747,/loadcell_data_filtered.wrench.force.z,-6.725769594842814
1.411823229,1785795159.652757363,/loadcell_data_filtered.wrench.force.z,-2.1528338147431842
1.411990125,1785795159.652924259,/loadcell_data_filtered.wrench.force.z,1.7000645705292667
1.412276703,1785795159.653210837,/loadcell_data_filtered.wrench.force.z,4.762239085358974
1.412534541,1785795159.653468675,/loadcell_data_filtered.wrench.force.z,7.675336200165098
1.412788231,1785795159.653722365,/loadcell_data_filtered.wrench.force.z,8.09614524526532
1.413033102,1785795159.653967236,/loadcell_data_filtered.wrench.force.z,6.517484866501068
1.4132241140000001,1785795159.654158248,/loadcell_data_filtered.wrench.force.z,5.8496731029665145
1.413407273,1785795159.654341407,/loadcell_data_filtered.wrench.force.z,5.60810124305177
1.413610995,1785795159.654545129,/loadcell_data_filtered.wrench.force.z,5.107072489214844
1.413798458,1785795159.654732592,/loadcell_data_filtered.wrench.force.z,4.63393841036797
1.413973148,1785795159.654907282,/loadcell_data_filtered.wrench.force.z,4.012883713844517
1.418370855,1785795159.659304989,/loadcell_data_filtered.wrench.force.z,3.335985647110618
1.419803184,1785795159.660737318,/loadcell_data_filtered.wrench.force.z,3.5470488253997474
1.420088769,1785795159.661022903,/loadcell_data_filtered.wrench.force.z,2.871477784089685
1.420299849,1785795159.661233983,/loadcell_data_filtered.wrench.force.z,3.0986946523894456
1.420500271,1785795159.661434405,/loadcell_data_filtered.wrench.force.z,-0.36952163597733634
1.4207048740000001,1785795159.661639008,/loadcell_data_filtered.wrench.force.z,-4.169298048153442
1.420881622,1785795159.661815756,/loadcell_data_filtered.wrench.force.z,-8.402556376804542
1.421027152,1785795159.661961286,/loadcell_data_filtered.wrench.force.z,-11.962315728377593
1.421176357,1785795159.662110491,/loadcell_data_filtered.wrench.force.z,-14.80064043221025
1.421321475,1785795159.662255609,/loadcell_data_filtered.wrench.force.z,-17.693839196169918
1.421460812,1785795159.662394946,/loadcell_data_filtered.wrench.force.z,-19.08184645308091
1.426149175,1785795159.667083309,/loadcell_data_filtered.wrench.force.z,-21.05824848456862
1.42788563,1785795159.668819764,/loadcell_data_filtered.wrench.force.z,-20.777761769076314
1.427896772,1785795159.668830906,/loadcell_data_filtered.wrench.force.z,-21.313333579316826
1.427975912,1785795159.668910046,/loadcell_data_filtered.wrench.force.z,-21.25912297887744
1.428223051,1785795159.669157185,/loadcell_data_filtered.wrench.force.z,-21.244582646302
1.428295285,1785795159.669229419,/loadcell_data_filtered.wrench.force.z,-21.184711451253758
1.4284088590000001,1785795159.669342993,/loadcell_data_filtered.wrench.force.z,-20.880264365193195
1.428537175,1785795159.669471309,/loadcell_data_filtered.wrench.force.z,-20.321158784695182
1.42866428,1785795159.669598414,/loadcell_data_filtered.wrench.force.z,-19.85462577601658
1.4288205920000001,1785795159.669754726,/loadcell_data_filtered.wrench.force.z,-14.097188893507067
1.428963934,1785795159.669898068,/loadcell_data_filtered.wrench.force.z,-9.56132545667347
1.429131267,1785795159.670065401,/loadcell_data_filtered.wrench.force.z,-4.944621445969253
1.429306821,1785795159.670240955,/loadcell_data_filtered.wrench.force.z,-0.7501350957456099
1.433474381,1785795159.674408515,/loadcell_data_filtered.wrench.force.z,2.5547938754669905
1.433967494,1785795159.674901628,/loadcell_data_filtered.wrench.force.z,4.5348207376864185
1.434540761,1785795159.675474895,/loadcell_data_filtered.wrench.force.z,6.639629257511164
1.437562622,1785795159.678496756,/loadcell_data_filtered.wrench.force.z,7.643154670322307
1.4378371460000001,1785795159.678771280,/loadcell_data_filtered.wrench.force.z,4.464092830352872
1.438029651,1785795159.678963785,/loadcell_data_filtered.wrench.force.z,0.47507850761090076
1.438213474,1785795159.679147608,/loadcell_data_filtered.wrench.force.z,-1.4488509984584992
1.438377756,1785795159.679311890,/loadcell_data_filtered.wrench.force.z,-3.505295705117761
1.438583875,1785795159.679518009,/loadcell_data_filtered.wrench.force.z,-3.884750139203201
1.43878339,1785795159.679717524,/loadcell_data_filtered.wrench.force.z,-3.7166567620126996
1.439011998,1785795159.679946132,/loadcell_data_filtered.wrench.force.z,-2.6766011567424046
1.4392856090000001,1785795159.680219743,/loadcell_data_filtered.wrench.force.z,-1.034244137842224
1.439496555,1785795159.680430689,/loadcell_data_filtered.wrench.force.z,-0.40132128385866916
1.439763313,1785795159.680697447,/loadcell_data_filtered.wrench.force.z,-1.1125865260411265
1.440158359,1785795159.681092493,/loadcell_data_filtered.wrench.force.z,-2.8419992820046924
1.440507043,1785795159.681441177,/loadcell_data_filtered.wrench.force.z,-2.762700338387836
1.440809587,1785795159.681743721,/loadcell_data_filtered.wrench.force.z,-2.1233030848858263
1.441128305,1785795159.682062439,/loadcell_data_filtered.wrench.force.z,-2.0337239819648922
1.441454194,1785795159.682388328,/loadcell_data_filtered.wrench.force.z,-1.0905792349264511
1.4417310460000001,1785795159.682665180,/loadcell_data_filtered.wrench.force.z,1.1697350168502758
1.447616336,1785795159.688550470,/loadcell_data_filtered.wrench.force.z,7.072044211089628
1.4563006010000001,1785795159.697234735,/loadcell_data_filtered.wrench.force.z,12.457066246205617
1.457030965,1785795159.697965099,/loadcell_data_filtered.wrench.force.z,16.616086449527362
1.457141132,1785795159.698075266,/loadcell_data_filtered.wrench.force.z,16.161693546740505
1.457466701,1785795159.698400835,/loadcell_data_filtered.wrench.force.z,16.392791972183897
1.457819789,1785795159.698753923,/loadcell_data_filtered.wrench.force.z,17.0028690619902
1.458170697,1785795159.699104831,/loadcell_data_filtered.wrench.force.z,18.032126312040457
1.4585376220000001,1785795159.699471756,/loadcell_data_filtered.wrench.force.z,19.041597975247026
1.4588605430000001,1785795159.699794677,/loadcell_data_filtered.wrench.force.z,19.227560140721252
1.459232027,1785795159.700166161,/loadcell_data_filtered.wrench.force.z,18.71392510748444
1.459611539,1785795159.700545673,/loadcell_data_filtered.wrench.force.z,18.513654992717676
1.459942791,1785795159.700876925,/loadcell_data_filtered.wrench.force.z,15.708530855597097
1.460260447,1785795159.701194581,/loadcell_data_filtered.wrench.force.z,14.85949382092334
1.460655208,1785795159.701589342,/loadcell_data_filtered.wrench.force.z,10.974985751479185
1.4610963670000001,1785795159.702030501,/loadcell_data_filtered.wrench.force.z,15.816701206775619
1.4614090770000001,1785795159.702343211,/loadcell_data_filtered.wrench.force.z,20.469161392625523
1.461659564,1785795159.702593698,/loadcell_data_filtered.wrench.force.z,24.90900869856569
1.461908646,1785795159.702842780,/loadcell_data_filtered.wrench.force.z,28.271001069480505
1.462109197,1785795159.703043331,/loadcell_data_filtered.wrench.force.z,31.09762060223914
1.462280361,1785795159.703214495,/loadcell_data_filtered.wrench.force.z,32.4396550794835
1.462463582,1785795159.703397716,/loadcell_data_filtered.wrench.force.z,31.596643233244038
1.462628646,1785795159.703562780,/loadcell_data_filtered.wrench.force.z,30.226976759346012
1.462800234,1785795159.703734368,/loadcell_data_filtered.wrench.force.z,29.047465413730144
1.462969671,1785795159.703903805,/loadcell_data_filtered.wrench.force.z,28.34533528447873
1.463131726,1785795159.704065860,/loadcell_data_filtered.wrench.force.z,27.340855696489815
1.466285333,1785795159.707219467,/loadcell_data_filtered.wrench.force.z,25.947620970843662
1.466630055,1785795159.707564189,/loadcell_data_filtered.wrench.force.z,24.435183669882644
1.466883308,1785795159.707817442,/loadcell_data_filtered.wrench.force.z,23.64266833647001
1.467124776,1785795159.708058910,/loadcell_data_filtered.wrench.force.z,22.618615801707683
1.467459866,1785795159.708394000,/loadcell_data_filtered.wrench.force.z,22.21772453942417
1.467733563,1785795159.708667697,/loadcell_data_filtered.wrench.force.z,21.34608563687417
1.46798628,1785795159.708920414,/loadcell_data_filtered.wrench.force.z,13.952884497396976
1.471198312,1785795159.712132446,/loadcell_data_filtered.wrench.force.z,8.558080684895522
1.471676591,1785795159.712610725,/loadcell_data_filtered.wrench.force.z,1.6790459174455563
1.472022427,1785795159.712956561,/loadcell_data_filtered.wrench.force.z,-2.238166829266432
1.472432708,1785795159.713366842,/loadcell_data_filtered.wrench.force.z,-5.853697618177409
1.472717876,1785795159.713652010,/loadcell_data_filtered.wrench.force.z,-7.920093472430852
1.473014423,1785795159.713948557,/loadcell_data_filtered.wrench.force.z,-8.790999671824348
1.473296666,1785795159.714230800,/loadcell_data_filtered.wrench.force.z,-8.731739186399912
1.4735290650000001,1785795159.714463199,/loadcell_data_filtered.wrench.force.z,-7.982441677594819
1.473747568,1785795159.714681702,/loadcell_data_filtered.wrench.force.z,-7.553676756984608
1.473957123,1785795159.714891257,/loadcell_data_filtered.wrench.force.z,-7.835818451198225
1.47426001,1785795159.715194144,/loadcell_data_filtered.wrench.force.z,-8.479975835640062
1.474636966,1785795159.715571100,/loadcell_data_filtered.wrench.force.z,-10.727589852359204
1.4749531500000002,1785795159.715887284,/loadcell_data_filtered.wrench.force.z,-10.667176063339692
1.475225425,1785795159.716159559,/loadcell_data_filtered.wrench.force.z,-10.697398845455627
1.475469217,1785795159.716403351,/loadcell_data_filtered.wrench.force.z,-9.820257236435848
1.47570758,1785795159.716641714,/loadcell_data_filtered.wrench.force.z,-6.393657074475392
1.475955521,1785795159.716889655,/loadcell_data_filtered.wrench.force.z,-0.04869787814863358
1.476264108,1785795159.717198242,/loadcell_data_filtered.wrench.force.z,5.027744962319412
1.47657809,1785795159.717512224,/loadcell_data_filtered.wrench.force.z,8.572226261447655
1.476893735,1785795159.717827869,/loadcell_data_filtered.wrench.force.z,11.688913426397832
1.477298306,1785795159.718232440,/loadcell_data_filtered.wrench.force.z,15.068021708416484
1.477601592,1785795159.718535726,/loadcell_data_filtered.wrench.force.z,16.460930139700153
1.477924089,1785795159.718858223,/loadcell_data_filtered.wrench.force.z,16.846254968581437
1.478483052,1785795159.719417186,/loadcell_data_filtered.wrench.force.z,17.347486771396134
1.479321635,1785795159.720255769,/loadcell_data_filtered.wrench.force.z,17.709991938884695
1.479685575,1785795159.720619709,/loadcell_data_filtered.wrench.force.z,18.010726282299977
1.480003515,1785795159.720937649,/loadcell_data_filtered.wrench.force.z,18.53269115546136
1.480407391,1785795159.721341525,/loadcell_data_filtered.wrench.force.z,19.000746562820368
1.480669205,1785795159.721603339,/loadcell_data_filtered.wrench.force.z,19.572290444895838
1.481376298,1785795159.722310432,/loadcell_data_filtered.wrench.force.z,20.174435681153216
1.481611675,1785795159.722545809,/loadcell_data_filtered.wrench.force.z,20.746590255476974
1.482048527,1785795159.722982661,/loadcell_data_filtered.wrench.force.z,21.260753401681896
1.482598344,1785795159.723532478,/loadcell_data_filtered.wrench.force.z,17.34187398327655
1.483156452,1785795159.724090586,/loadcell_data_filtered.wrench.force.z,13.747861802375809
1.485177312,1785795159.726111446,/loadcell_data_filtered.wrench.force.z,10.075561759734487
1.486688787,1785795159.727622921,/loadcell_data_filtered.wrench.force.z,6.980220819820552
1.486908268,1785795159.727842402,/loadcell_data_filtered.wrench.force.z,4.982093037375014
1.487093134,1785795159.728027268,/loadcell_data_filtered.wrench.force.z,4.430614631117643
1.487254981,1785795159.728189115,/loadcell_data_filtered.wrench.force.z,4.4022632476522805
1.487373781,1785795159.728307915,/loadcell_data_filtered.wrench.force.z,5.356315527119971
1.487501736,1785795159.728435870,/loadcell_data_filtered.wrench.force.z,7.113256044762581
1.487628495,1785795159.728562629,/loadcell_data_filtered.wrench.force.z,8.72908691886073
1.48775079,1785795159.728684924,/loadcell_data_filtered.wrench.force.z,8.60296089852264
1.491385956,1785795159.732320090,/loadcell_data_filtered.wrench.force.z,8.385156689966465
1.491672732,1785795159.732606866,/loadcell_data_filtered.wrench.force.z,9.13974263089243
1.491807305,1785795159.732741439,/loadcell_data_filtered.wrench.force.z,10.499741442894404
1.491940097,1785795159.732874231,/loadcell_data_filtered.wrench.force.z,11.807984723143061
1.492080299,1785795159.733014433,/loadcell_data_filtered.wrench.force.z,13.631603173385884
1.492209435,1785795159.733143569,/loadcell_data_filtered.wrench.force.z,15.386417871952279
1.492344012,1785795159.733278146,/loadcell_data_filtered.wrench.force.z,22.804025284692294
1.492473262,1785795159.733407396,/loadcell_data_filtered.wrench.force.z,28.80581599361599
1.492594235,1785795159.733528369,/loadcell_data_filtered.wrench.force.z,33.75501280371094
1.492720887,1785795159.733655021,/loadcell_data_filtered.wrench.force.z,36.29811425487679
1.492891872,1785795159.733826006,/loadcell_data_filtered.wrench.force.z,40.18569622183921
1.494310142,1785795159.735244276,/loadcell_data_filtered.wrench.force.z,42.79404092552047
1.494641346,1785795159.735575480,/loadcell_data_filtered.wrench.force.z,44.4529803374243
1.494752554,1785795159.735686688,/loadcell_data_filtered.wrench.force.z,45.968740498127836
1.495028807,1785795159.735962941,/loadcell_data_filtered.wrench.force.z,47.37551640552023
1.495513593,1785795159.736447727,/loadcell_data_filtered.wrench.force.z,47.962207844878506
1.496108524,1785795159.737042658,/loadcell_data_filtered.wrench.force.z,48.38613253848837
1.496803946,1785795159.737738080,/loadcell_data_filtered.wrench.force.z,49.148604335233635
1.497021047,1785795159.737955181,/loadcell_data_filtered.wrench.force.z,50.053337915419895
1.498068043,1785795159.739002177,/loadcell_data_filtered.wrench.force.z,51.22304256925188
1.498509655,1785795159.739443789,/loadcell_data_filtered.wrench.force.z,50.826943728862005
1.499112162,1785795159.740046296,/loadcell_data_filtered.wrench.force.z,50.84527689639577
1.499428261,1785795159.740362395,/loadcell_data_filtered.wrench.force.z,50.39513488513123
1.499670201,1785795159.740604335,/loadcell_data_filtered.wrench.force.z,44.434575003704225
1.5000333719999999,1785795159.740967506,/loadcell_data_filtered.wrench.force.z,39.23975162173689
1.500546412,1785795159.741480546,/loadcell_data_filtered.wrench.force.z,34.36786966144523
1.5009599530000002,1785795159.741894087,/loadcell_data_filtered.wrench.force.z,30.86737149999935
1.501537591,1785795159.742471725,/loadcell_data_filtered.wrench.force.z,27.735740039081016
1.5020058139999999,1785795159.742939948,/loadcell_data_filtered.wrench.force.z,25.574756854302752
1.502581197,1785795159.743515331,/loadcell_data_filtered.wrench.force.z,24.306933637314145
1.5032039030000002,1785795159.744138037,/loadcell_data_filtered.wrench.force.z,23.850586300285602
1.503980955,1785795159.744915089,/loadcell_data_filtered.wrench.force.z,23.517363725515388
1.509795419,1785795159.750729553,/loadcell_data_filtered.wrench.force.z,22.358085225735223
1.510255043,1785795159.751189177,/loadcell_data_filtered.wrench.force.z,22.145413774928066
1.510499421,1785795159.751433555,/loadcell_data_filtered.wrench.force.z,21.520820709964667
1.5107251970000002,1785795159.751659331,/loadcell_data_filtered.wrench.force.z,21.305695494100014
1.510915263,1785795159.751849397,/loadcell_data_filtered.wrench.force.z,21.007989798121077
1.5112784700000002,1785795159.752212604,/loadcell_data_filtered.wrench.force.z,23.81598409690214
1.511666967,1785795159.752601101,/loadcell_data_filtered.wrench.force.z,28.49013579120746
1.5120267809999999,1785795159.752960915,/loadcell_data_filtered.wrench.force.z,32.68933836786925
1.5122235769999999,1785795159.753157711,/loadcell_data_filtered.wrench.force.z,36.46234591116347
1.51239845,1785795159.753332584,/loadcell_data_filtered.wrench.force.z,39.250266095636995
1.512595135,1785795159.753529269,/loadcell_data_filtered.wrench.force.z,41.51805107320122
1.512771656,1785795159.753705790,/loadcell_data_filtered.wrench.force.z,40.31723571992967
1.51295213,1785795159.753886264,/loadcell_data_filtered.wrench.force.z,40.08049992294413
1.51311367,1785795159.754047804,/loadcell_data_filtered.wrench.force.z,39.58782453407056
1.513272723,1785795159.754206857,/loadcell_data_filtered.wrench.force.z,39.852756284033354
1.5134345599999999,1785795159.754368694,/loadcell_data_filtered.wrench.force.z,40.31041340657474
1.513599992,1785795159.754534126,/loadcell_data_filtered.wrench.force.z,40.72701518029937
1.513750007,1785795159.754684141,/loadcell_data_filtered.wrench.force.z,40.57284342494943
1.5139225729999999,1785795159.754856707,/loadcell_data_filtered.wrench.force.z,39.43617283724147
1.514549572,1785795159.755483706,/loadcell_data_filtered.wrench.force.z,39.268307755794034
1.5150990690000001,1785795159.756033203,/loadcell_data_filtered.wrench.force.z,38.89701784777134
1.515459614,1785795159.756393748,/loadcell_data_filtered.wrench.force.z,38.62497831788952
1.516065049,1785795159.756999183,/loadcell_data_filtered.wrench.force.z,33.00922222014471
1.516608958,1785795159.757543092,/loadcell_data_filtered.wrench.force.z,28.589206766157552
1.517054106,1785795159.757988240,/loadcell_data_filtered.wrench.force.z,23.67501269398278
1.5175272400000002,1785795159.758461374,/loadcell_data_filtered.wrench.force.z,19.788525207739927
1.5182335089999999,1785795159.759167643,/loadcell_data_filtered.wrench.force.z,15.74009300362026
1.518596274,1785795159.759530408,/loadcell_data_filtered.wrench.force.z,13.107618063248552
1.5192496590000002,1785795159.760183793,/loadcell_data_filtered.wrench.force.z,10.709000539219913
1.520607891,1785795159.761542025,/loadcell_data_filtered.wrench.force.z,10.252672060059801
1.521692408,1785795159.762626542,/loadcell_data_filtered.wrench.force.z,10.067286841464007
1.5222216990000002,1785795159.763155833,/loadcell_data_filtered.wrench.force.z,10.601382700451499
1.522678076,1785795159.763612210,/loadcell_data_filtered.wrench.force.z,10.009163059308404
1.523161129,1785795159.764095263,/loadcell_data_filtered.wrench.force.z,9.65671048580064
1.523673557,1785795159.764607691,/loadcell_data_filtered.wrench.force.z,9.1061301812335
1.52414759,1785795159.765081724,/loadcell_data_filtered.wrench.force.z,8.131772823218647
1.524615268,1785795159.765549402,/loadcell_data_filtered.wrench.force.z,7.011848369822924
1.540715659,1785795159.781649793,/loadcell_data_filtered.wrench.force.z,6.174294663314794
1.5411267510000002,1785795159.782060885,/loadcell_data_filtered.wrench.force.z,6.398855681569457
1.541430974,1785795159.782365108,/loadcell_data_filtered.wrench.force.z,7.476551664783836
1.541708403,1785795159.782642537,/loadcell_data_filtered.wrench.force.z,8.745086501117743
1.5420192570000002,1785795159.782953391,/loadcell_data_filtered.wrench.force.z,9.709781074018354
1.542282121,1785795159.783216255,/loadcell_data_filtered.wrench.force.z,8.49927303744855
1.5425504170000002,1785795159.783484551,/loadcell_data_filtered.wrench.force.z,2.2059028971315247
1.54280076,1785795159.783734894,/loadcell_data_filtered.wrench.force.z,2.9446182340411173
1.543081417,1785795159.784015551,/loadcell_data_filtered.wrench.force.z,-0.38380644378521733
1.5433421250000001,1785795159.784276259,/loadcell_data_filtered.wrench.force.z,-0.48558719769717085
1.54361222,1785795159.784546354,/loadcell_data_filtered.wrench.force.z,-0.19935992467315333
1.543871994,1785795159.784806128,/loadcell_data_filtered.wrench.force.z,4.515160921789103
1.544137174,1785795159.785071308,/loadcell_data_filtered.wrench.force.z,10.355513844809684
1.544419497,1785795159.785353631,/loadcell_data_filtered.wrench.force.z,16.290406036612147
1.544717178,1785795159.785651312,/loadcell_data_filtered.wrench.force.z,21.322161319060683
1.544970173,1785795159.785904307,/loadcell_data_filtered.wrench.force.z,25.572071583855422
1.5451214229999999,1785795159.786055557,/loadcell_data_filtered.wrench.force.z,29.40206952780665
1.5452625819999999,1785795159.786196716,/loadcell_data_filtered.wrench.force.z,32.30903184843493
1.545407196,1785795159.786341330,/loadcell_data_filtered.wrench.force.z,33.93251983439193
1.545711998,1785795159.786646132,/loadcell_data_filtered.wrench.force.z,35.04584559317297
1.5465057610000001,1785795159.787439895,/loadcell_data_filtered.wrench.force.z,36.284893480974006
1.546617891,1785795159.787552025,/loadcell_data_filtered.wrench.force.z,38.353438271888024
1.546839689,1785795159.787773823,/loadcell_data_filtered.wrench.force.z,40.14060661002009
1.546949155,1785795159.787883289,/loadcell_data_filtered.wrench.force.z,41.339316761809606
1.5473594670000002,1785795159.788293601,/loadcell_data_filtered.wrench.force.z,42.58431926535337
1.548583022,1785795159.789517156,/loadcell_data_filtered.wrench.force.z,43.280934545450044
1.549132664,1785795159.790066798,/loadcell_data_filtered.wrench.force.z,44.10382121934047
1.550691663,1785795159.791625797,/loadcell_data_filtered.wrench.force.z,44.763282995899104
1.551112617,1785795159.792046751,/loadcell_data_filtered.wrench.force.z,40.01926379213009
1.551454436,1785795159.792388570,/loadcell_data_filtered.wrench.force.z,36.815602490850225
1.551843792,1785795159.792777926,/loadcell_data_filtered.wrench.force.z,33.36973567864078
1.552210664,1785795159.793144798,/loadcell_data_filtered.wrench.force.z,30.81594404371429
1.552490839,1785795159.793424973,/loadcell_data_filtered.wrench.force.z,28.009563544795178
1.5527334879999999,1785795159.793667622,/loadcell_data_filtered.wrench.force.z,25.943367072120544
1.552984687,1785795159.793918821,/loadcell_data_filtered.wrench.force.z,24.267469911749988
1.5532886750000001,1785795159.794222809,/loadcell_data_filtered.wrench.force.z,24.544661707329315
1.5535632000000001,1785795159.794497334,/loadcell_data_filtered.wrench.force.z,25.151550954417157
1.5538593569999999,1785795159.794793491,/loadcell_data_filtered.wrench.force.z,25.228266085820035
1.554458947,1785795159.795393081,/loadcell_data_filtered.wrench.force.z,25.280005985700242
1.554930196,1785795159.795864330,/loadcell_data_filtered.wrench.force.z,25.0187609307166
1.555469819,1785795159.796403953,/loadcell_data_filtered.wrench.force.z,24.137419426337875
1.5580914890000002,1785795159.799025623,/loadcell_data_filtered.wrench.force.z,23.435454299724416
1.558484584,1785795159.799418718,/loadcell_data_filtered.wrench.force.z,22.978152522027457
1.558809096,1785795159.799743230,/loadcell_data_filtered.wrench.force.z,23.2893750876426
1.559223495,1785795159.800157629,/loadcell_data_filtered.wrench.force.z,23.239098994165474
1.5595792620000002,1785795159.800513396,/loadcell_data_filtered.wrench.force.z,29.825501871037208
1.559951064,1785795159.800885198,/loadcell_data_filtered.wrench.force.z,34.92956737891023
1.5603975,1785795159.801331634,/loadcell_data_filtered.wrench.force.z,38.229720592971034
1.5608170540000001,1785795159.801751188,/loadcell_data_filtered.wrench.force.z,39.8581253985496
1.561135578,1785795159.802069712,/loadcell_data_filtered.wrench.force.z,42.28648998663382
1.561443625,1785795159.802377759,/loadcell_data_filtered.wrench.force.z,43.065040647961645
1.561725349,1785795159.802659483,/loadcell_data_filtered.wrench.force.z,43.65876692865899
1.5619830220000002,1785795159.802917156,/loadcell_data_filtered.wrench.force.z,43.036783208070176
1.562187623,1785795159.803121757,/loadcell_data_filtered.wrench.force.z,42.52352151193155
1.5623728190000001,1785795159.803306953,/loadcell_data_filtered.wrench.force.z,42.076948230818154
1.562714297,1785795159.803648431,/loadcell_data_filtered.wrench.force.z,41.25714045656616
1.563282853,1785795159.804216987,/loadcell_data_filtered.wrench.force.z,40.79732190986383
1.563750576,1785795159.804684710,/loadcell_data_filtered.wrench.force.z,40.41689817530468
1.564463224,1785795159.805397358,/loadcell_data_filtered.wrench.force.z,40.004158215921684
1.567402242,1785795159.808336376,/loadcell_data_filtered.wrench.force.z,39.53648431763239
1.567702829,1785795159.808636963,/loadcell_data_filtered.wrench.force.z,39.04540426270492
1.567905327,1785795159.808839461,/loadcell_data_filtered.wrench.force.z,37.98369880930531
1.569062447,1785795159.809996581,/loadcell_data_filtered.wrench.force.z,31.84385335130124
1.569069967,1785795159.810004101,/loadcell_data_filtered.wrench.force.z,27.825810638834
1.569073265,1785795159.810007399,/loadcell_data_filtered.wrench.force.z,23.491293884505552
1.569604899,1785795159.810539033,/loadcell_data_filtered.wrench.force.z,19.238369971068785
1.570088182,1785795159.811022316,/loadcell_data_filtered.wrench.force.z,14.60148612066876
1.5705209039999999,1785795159.811455038,/loadcell_data_filtered.wrench.force.z,11.858024427848777
1.570903933,1785795159.811838067,/loadcell_data_filtered.wrench.force.z,10.70229467224409
1.5713210659999999,1785795159.812255200,/loadcell_data_filtered.wrench.force.z,10.167825406267097
1.571717231,1785795159.812651365,/loadcell_data_filtered.wrench.force.z,10.078745423554924
1.5719868140000002,1785795159.812920948,/loadcell_data_filtered.wrench.force.z,10.207753942723757
1.5722813850000001,1785795159.813215519,/loadcell_data_filtered.wrench.force.z,9.401285469470158
1.57346582,1785795159.814399954,/loadcell_data_filtered.wrench.force.z,8.057279251189554
1.575401114,1785795159.816335248,/loadcell_data_filtered.wrench.force.z,7.168183379011433
1.5762016,1785795159.817135734,/loadcell_data_filtered.wrench.force.z,6.929522207978479
1.57671928,1785795159.817653414,/loadcell_data_filtered.wrench.force.z,6.301390521232932
1.577153627,1785795159.818087761,/loadcell_data_filtered.wrench.force.z,5.618883039871415
1.577621511,1785795159.818555645,/loadcell_data_filtered.wrench.force.z,8.589201511921111
1.577995976,1785795159.818930110,/loadcell_data_filtered.wrench.force.z,11.815897555529764
1.5783056260000001,1785795159.819239760,/loadcell_data_filtered.wrench.force.z,16.1045449784654
1.578629753,1785795159.819563887,/loadcell_data_filtered.wrench.force.z,19.065910369390195
1.578959548,1785795159.819893682,/loadcell_data_filtered.wrench.force.z,22.070514131296097
1.579218521,1785795159.820152655,/loadcell_data_filtered.wrench.force.z,23.989471098639825
1.579451656,1785795159.820385790,/loadcell_data_filtered.wrench.force.z,24.738193696157094
1.579678329,1785795159.820612463,/loadcell_data_filtered.wrench.force.z,24.544378072275617
1.579879786,1785795159.820813920,/loadcell_data_filtered.wrench.force.z,24.14768150940977
1.5800927900000001,1785795159.821026924,/loadcell_data_filtered.wrench.force.z,23.563837466241928
1.580305015,1785795159.821239149,/loadcell_data_filtered.wrench.force.z,22.858089726131517
1.5805257350000002,1785795159.821459869,/loadcell_data_filtered.wrench.force.z,22.808660181381224
1.580793884,1785795159.821728018,/loadcell_data_filtered.wrench.force.z,22.576062634742556
1.581122197,1785795159.822056331,/loadcell_data_filtered.wrench.force.z,22.89412165579327
1.5816844950000002,1785795159.822618629,/loadcell_data_filtered.wrench.force.z,22.681402605919633
1.582847459,1785795159.823781593,/loadcell_data_filtered.wrench.force.z,22.489174302873405
1.5833586400000002,1785795159.824292774,/loadcell_data_filtered.wrench.force.z,22.588101388735396
1.583687897,1785795159.824622031,/loadcell_data_filtered.wrench.force.z,17.86502987512292
1.583977826,1785795159.824911960,/loadcell_data_filtered.wrench.force.z,14.443579846533597
1.5842615100000002,1785795159.825195644,/loadcell_data_filtered.wrench.force.z,9.362571725949923
1.584507126,1785795159.825441260,/loadcell_data_filtered.wrench.force.z,6.003697469525836
1.5847630719999999,1785795159.825697206,/loadcell_data_filtered.wrench.force.z,3.0351639537148056
1.589355897,1785795159.830290031,/loadcell_data_filtered.wrench.force.z,0.9995731280278273
1.5895942710000002,1785795159.830528405,/loadcell_data_filtered.wrench.force.z,-0.5310390501111734
1.589751814,1785795159.830685948,/loadcell_data_filtered.wrench.force.z,0.34873006017940256
1.5898957710000001,1785795159.830829905,/loadcell_data_filtered.wrench.force.z,1.4039955297943494
1.590112943,1785795159.831047077,/loadcell_data_filtered.wrench.force.z,2.274394839261672
1.5903486390000001,1785795159.831282773,/loadcell_data_filtered.wrench.force.z,2.944429284880072
1.590573465,1785795159.831507599,/loadcell_data_filtered.wrench.force.z,3.5613745053292765
1.590796095,1785795159.831730229,/loadcell_data_filtered.wrench.force.z,4.2239225976648385
1.59101255,1785795159.831946684,/loadcell_data_filtered.wrench.force.z,4.940035904155399
1.591125839,1785795159.832059973,/loadcell_data_filtered.wrench.force.z,5.2158648545996975
1.591241654,1785795159.832175788,/loadcell_data_filtered.wrench.force.z,4.121460645628051
1.591580425,1785795159.832514559,/loadcell_data_filtered.wrench.force.z,4.966928083514352
1.591754163,1785795159.832688297,/loadcell_data_filtered.wrench.force.z,11.937099449145531
1.59186726,1785795159.832801394,/loadcell_data_filtered.wrench.force.z,17.824104059744872
1.593306665,1785795159.834240799,/loadcell_data_filtered.wrench.force.z,23.305115426925738
1.5936327829999999,1785795159.834566917,/loadcell_data_filtered.wrench.force.z,26.37404365218727
1.593836015,1785795159.834770149,/loadcell_data_filtered.wrench.force.z,30.445280442792388
1.594035699,1785795159.834969833,/loadcell_data_filtered.wrench.force.z,32.638159182529996
1.594267602,1785795159.835201736,/loadcell_data_filtered.wrench.force.z,33.35019779519361
1.594727918,1785795159.835662052,/loadcell_data_filtered.wrench.force.z,33.98196625395481
1.595312393,1785795159.836246527,/loadcell_data_filtered.wrench.force.z,34.725785618058595
1.5955323190000001,1785795159.836466453,/loadcell_data_filtered.wrench.force.z,35.5226575251689
1.596003814,1785795159.836937948,/loadcell_data_filtered.wrench.force.z,36.02277267413074
1.596600483,1785795159.837534617,/loadcell_data_filtered.wrench.force.z,36.74566488787789
1.597002205,1785795159.837936339,/loadcell_data_filtered.wrench.force.z,37.54036205940574
1.59746239,1785795159.838396524,/loadcell_data_filtered.wrench.force.z,38.46249123002497
1.5982615980000001,1785795159.839195732,/loadcell_data_filtered.wrench.force.z,38.9273435098643
1.598559177,1785795159.839493311,/loadcell_data_filtered.wrench.force.z,39.720462775057875
1.5994017340000002,1785795159.840335868,/loadcell_data_filtered.wrench.force.z,38.727257240565756
1.5996196390000001,1785795159.840553773,/loadcell_data_filtered.wrench.force.z,33.88142709469733
1.603161342,1785795159.844095476,/loadcell_data_filtered.wrench.force.z,30.474919425015557
1.603782609,1785795159.844716743,/loadcell_data_filtered.wrench.force.z,27.585209267070756
1.6039629770000001,1785795159.844897111,/loadcell_data_filtered.wrench.force.z,25.815808396361305
1.604222778,1785795159.845156912,/loadcell_data_filtered.wrench.force.z,24.05137046852052
1.604477987,1785795159.845412121,/loadcell_data_filtered.wrench.force.z,24.311918410731504
1.604703285,1785795159.845637419,/loadcell_data_filtered.wrench.force.z,25.19976533442595
1.604939262,1785795159.845873396,/loadcell_data_filtered.wrench.force.z,27.27349963686284
1.605283089,1785795159.846217223,/loadcell_data_filtered.wrench.force.z,28.9213334490408
1.6066556680000001,1785795159.847589802,/loadcell_data_filtered.wrench.force.z,28.52457585133688
1.60731176,1785795159.848245894,/loadcell_data_filtered.wrench.force.z,28.93421701286705
1.607782435,1785795159.848716569,/loadcell_data_filtered.wrench.force.z,29.45189106654458
1.608178848,1785795159.849112982,/loadcell_data_filtered.wrench.force.z,29.83568410874681
1.608594727,1785795159.849528861,/loadcell_data_filtered.wrench.force.z,30.21495773718751
1.608962212,1785795159.849896346,/loadcell_data_filtered.wrench.force.z,30.565473934067697
1.6102595750000002,1785795159.851193709,/loadcell_data_filtered.wrench.force.z,30.690358849390332
1.610661362,1785795159.851595496,/loadcell_data_filtered.wrench.force.z,35.728744216581404
1.6108782480000001,1785795159.851812382,/loadcell_data_filtered.wrench.force.z,41.164116189272
1.611084653,1785795159.852018787,/loadcell_data_filtered.wrench.force.z,47.02438064601904
1.61126123,1785795159.852195364,/loadcell_data_filtered.wrench.force.z,51.78711828065261
1.611441002,1785795159.852375136,/loadcell_data_filtered.wrench.force.z,55.639666870548076
1.6116261870000002,1785795159.852560321,/loadcell_data_filtered.wrench.force.z,58.9429644883611
1.61182051,1785795159.852754644,/loadcell_data_filtered.wrench.force.z,60.62064322288817
1.612594776,1785795159.853528910,/loadcell_data_filtered.wrench.force.z,60.85652927789685
1.612924707,1785795159.853858841,/loadcell_data_filtered.wrench.force.z,59.8641380804619
1.613203803,1785795159.854137937,/loadcell_data_filtered.wrench.force.z,60.53764501416729
1.613453166,1785795159.854387300,/loadcell_data_filtered.wrench.force.z,61.02993715660605
1.6136484100000001,1785795159.854582544,/loadcell_data_filtered.wrench.force.z,61.38403317383796
1.613884193,1785795159.854818327,/loadcell_data_filtered.wrench.force.z,60.83537219517351
1.614120691,1785795159.855054825,/loadcell_data_filtered.wrench.force.z,59.66130645556613
1.614734892,1785795159.855669026,/loadcell_data_filtered.wrench.force.z,58.67254726878122
1.6150723359999999,1785795159.856006470,/loadcell_data_filtered.wrench.force.z,57.66157489692435
1.615598008,1785795159.856532142,/loadcell_data_filtered.wrench.force.z,56.27995471078636
1.617719598,1785795159.858653732,/loadcell_data_filtered.wrench.force.z,49.45765970658443
1.61809556,1785795159.859029694,/loadcell_data_filtered.wrench.force.z,44.378025650205856
1.618458937,1785795159.859393071,/loadcell_data_filtered.wrench.force.z,39.934479550231146
1.618735293,1785795159.859669427,/loadcell_data_filtered.wrench.force.z,36.03359557614039
1.619049454,1785795159.859983588,/loadcell_data_filtered.wrench.force.z,32.253875059845576
1.619627773,1785795159.860561907,/loadcell_data_filtered.wrench.force.z,28.072676861517458
1.620005548,1785795159.860939682,/loadcell_data_filtered.wrench.force.z,25.477381153130263
1.620376853,1785795159.861310987,/loadcell_data_filtered.wrench.force.z,23.911070414004353
1.6207458510000001,1785795159.861679985,/loadcell_data_filtered.wrench.force.z,22.43669045373141
1.621163846,1785795159.862097980,/loadcell_data_filtered.wrench.force.z,21.361699385464032
1.621567202,1785795159.862501336,/loadcell_data_filtered.wrench.force.z,20.016820517470627
1.6221624000000001,1785795159.863096534,/loadcell_data_filtered.wrench.force.z,18.452888056866687
1.623302324,1785795159.864236458,/loadcell_data_filtered.wrench.force.z,16.965647468467157
1.6233187550000001,1785795159.864252889,/loadcell_data_filtered.wrench.force.z,15.493660895610834
1.6252507139999999,1785795159.866184848,/loadcell_data_filtered.wrench.force.z,14.19394108003996
1.6252948919999999,1785795159.866229026,/loadcell_data_filtered.wrench.force.z,13.268967715871286
1.6253939750000002,1785795159.866328109,/loadcell_data_filtered.wrench.force.z,12.579897958744622
1.625825513,1785795159.866759647,/loadcell_data_filtered.wrench.force.z,17.598706597266002
1.6260533650000002,1785795159.866987499,/loadcell_data_filtered.wrench.force.z,21.021288999574672
1.626260625,1785795159.867194759,/loadcell_data_filtered.wrench.force.z,24.182897422904876
1.62646051,1785795159.867394644,/loadcell_data_filtered.wrench.force.z,26.530065634568828
1.6266569770000001,1785795159.867591111,/loadcell_data_filtered.wrench.force.z,28.863806790801465
1.627448662,1785795159.868382796,/loadcell_data_filtered.wrench.force.z,29.54898954553129
1.627728172,1785795159.868662306,/loadcell_data_filtered.wrench.force.z,29.87000086481914
1.627931508,1785795159.868865642,/loadcell_data_filtered.wrench.force.z,29.48006327398974
1.62848056,1785795159.869414694,/loadcell_data_filtered.wrench.force.z,28.831453649844907
1.628919821,1785795159.869853955,/loadcell_data_filtered.wrench.force.z,28.386707923498076
1.630095109,1785795159.871029243,/loadcell_data_filtered.wrench.force.z,27.824870941339885
1.630346812,1785795159.871280946,/loadcell_data_filtered.wrench.force.z,27.321426876465843
1.6306114919999999,1785795159.871545626,/loadcell_data_filtered.wrench.force.z,27.741371917916663
1.63138484,1785795159.872318974,/loadcell_data_filtered.wrench.force.z,27.478474582731774
1.631685108,1785795159.872619242,/loadcell_data_filtered.wrench.force.z,26.58399623157972
1.632464239,1785795159.873398373,/loadcell_data_filtered.wrench.force.z,26.015515522864867
1.632916851,1785795159.873850985,/loadcell_data_filtered.wrench.force.z,23.184394156105974
1.636376399,1785795159.877310533,/loadcell_data_filtered.wrench.force.z,17.956766095869636
1.6365696710000002,1785795159.877503805,/loadcell_data_filtered.wrench.force.z,13.118242591454738
1.6367098750000002,1785795159.877644009,/loadcell_data_filtered.wrench.force.z,9.918045076737208
1.6368358710000002,1785795159.877770005,/loadcell_data_filtered.wrench.force.z,7.5918184094454215
1.636972297,1785795159.877906431,/loadcell_data_filtered.wrench.force.z,5.233270652861733
1.637121872,1785795159.878056006,/loadcell_data_filtered.wrench.force.z,4.201605885157173
1.637254822,1785795159.878188956,/loadcell_data_filtered.wrench.force.z,4.641232030671381
1.637389747,1785795159.878323881,/loadcell_data_filtered.wrench.force.z,5.3491007591909225
1.637526263,1785795159.878460397,/loadcell_data_filtered.wrench.force.z,4.826351617333088
1.640698402,1785795159.881632536,/loadcell_data_filtered.wrench.force.z,4.28992977557834
1.6408213470000002,1785795159.881755481,/loadcell_data_filtered.wrench.force.z,4.1830150701243864
1.641178872,1785795159.882113006,/loadcell_data_filtered.wrench.force.z,4.413650360903674
1.641444328,1785795159.882378462,/loadcell_data_filtered.wrench.force.z,5.109696253498588
1.641748194,1785795159.882682328,/loadcell_data_filtered.wrench.force.z,5.039175464926415
1.642020197,1785795159.882954331,/loadcell_data_filtered.wrench.force.z,4.919540064643429
1.642309241,1785795159.883243375,/loadcell_data_filtered.wrench.force.z,5.155908010198024
1.6425835210000002,1785795159.883517655,/loadcell_data_filtered.wrench.force.z,9.926870926011699
1.6428643740000002,1785795159.883798508,/loadcell_data_filtered.wrench.force.z,14.622000789188892
1.6430220260000001,1785795159.883956160,/loadcell_data_filtered.wrench.force.z,19.736855294785194
1.643230376,1785795159.884164510,/loadcell_data_filtered.wrench.force.z,23.986086883026665
1.643354578,1785795159.884288712,/loadcell_data_filtered.wrench.force.z,27.578487764933598
1.64347102,1785795159.884405154,/loadcell_data_filtered.wrench.force.z,30.569860131263606
1.643805447,1785795159.884739581,/loadcell_data_filtered.wrench.force.z,32.43277841367939
1.6442798230000002,1785795159.885213957,/loadcell_data_filtered.wrench.force.z,33.12535970351782
1.6448644030000001,1785795159.885798537,/loadcell_data_filtered.wrench.force.z,33.86146811932092
1.645328331,1785795159.886262465,/loadcell_data_filtered.wrench.force.z,35.05958463956797
1.6457879590000002,1785795159.886722093,/loadcell_data_filtered.wrench.force.z,35.606514345728186
1.646244328,1785795159.887178462,/loadcell_data_filtered.wrench.force.z,36.589149860792766
1.646883745,1785795159.887817879,/loadcell_data_filtered.wrench.force.z,37.15512316572264
1.647414466,1785795159.888348600,/loadcell_data_filtered.wrench.force.z,37.33522062281364
1.647964224,1785795159.888898358,/loadcell_data_filtered.wrench.force.z,37.91811519072891
1.648353163,1785795159.889287297,/loadcell_data_filtered.wrench.force.z,38.54075762893476
1.648814822,1785795159.889748956,/loadcell_data_filtered.wrench.force.z,38.90616137284171
1.64934314,1785795159.890277274,/loadcell_data_filtered.wrench.force.z,33.59014661411459
1.649847901,1785795159.890782035,/loadcell_data_filtered.wrench.force.z,30.396159702611985
1.650505683,1785795159.891439817,/loadcell_data_filtered.wrench.force.z,26.841350283298247
1.650780587,1785795159.891714721,/loadcell_data_filtered.wrench.force.z,23.633056706144714
1.65156165,1785795159.892495784,/loadcell_data_filtered.wrench.force.z,20.69523136623387
1.652127889,1785795159.893062023,/loadcell_data_filtered.wrench.force.z,19.022517270531207
1.6523532140000001,1785795159.893287348,/loadcell_data_filtered.wrench.force.z,18.209805133332523
1.65331293,1785795159.894247064,/loadcell_data_filtered.wrench.force.z,18.896829449111028
1.653776386,1785795159.894710520,/loadcell_data_filtered.wrench.force.z,19.319520581324497
1.6540728480000002,1785795159.895006982,/loadcell_data_filtered.wrench.force.z,20.375254686793518
1.654331762,1785795159.895265896,/loadcell_data_filtered.wrench.force.z,20.528422139217632
1.654841496,1785795159.895775630,/loadcell_data_filtered.wrench.force.z,19.676320768465434
1.6556029460000001,1785795159.896537080,/loadcell_data_filtered.wrench.force.z,19.48609464284782
1.655938201,1785795159.896872335,/loadcell_data_filtered.wrench.force.z,19.359810145816034
1.656979833,1785795159.897913967,/loadcell_data_filtered.wrench.force.z,19.372354341065037
1.657308353,1785795159.898242487,/loadcell_data_filtered.wrench.force.z,19.545962656110493
1.657677756,1785795159.898611890,/loadcell_data_filtered.wrench.force.z,20.322076603134008
1.658115518,1785795159.899049652,/loadcell_data_filtered.wrench.force.z,27.029386156104962
1.660477646,1785795159.901411780,/loadcell_data_filtered.wrench.force.z,31.84596109422784
1.660780058,1785795159.901714192,/loadcell_data_filtered.wrench.force.z,36.240319421198734
1.6609833260000002,1785795159.901917460,/loadcell_data_filtered.wrench.force.z,40.17886977604502
1.6611961700000002,1785795159.902130304,/loadcell_data_filtered.wrench.force.z,43.95934730233042
1.661453602,1785795159.902387736,/loadcell_data_filtered.wrench.force.z,45.936907325141306
1.6617136970000002,1785795159.902647831,/loadcell_data_filtered.wrench.force.z,46.97987679912251
1.6619108599999999,1785795159.902844994,/loadcell_data_filtered.wrench.force.z,46.873819437541975
1.6621863430000001,1785795159.903120477,/loadcell_data_filtered.wrench.force.z,47.68496512603861
1.6624443100000001,1785795159.903378444,/loadcell_data_filtered.wrench.force.z,48.36820715681064
1.663736711,1785795159.904670845,/loadcell_data_filtered.wrench.force.z,49.374447207533095
1.664002575,1785795159.904936709,/loadcell_data_filtered.wrench.force.z,50.16536274831175
1.66426463,1785795159.905198764,/loadcell_data_filtered.wrench.force.z,51.36885095396041
1.664549558,1785795159.905483692,/loadcell_data_filtered.wrench.force.z,52.17405399442827
1.66490444,1785795159.905838574,/loadcell_data_filtered.wrench.force.z,52.48951816709626
1.665436788,1785795159.906370922,/loadcell_data_filtered.wrench.force.z,52.75509046756455
1.665877682,1785795159.906811816,/loadcell_data_filtered.wrench.force.z,50.12799777633247
1.668753528,1785795159.909687662,/loadcell_data_filtered.wrench.force.z,45.92721241642046
1.675759237,1785795159.916693371,/loadcell_data_filtered.wrench.force.z,41.828737395017775
1.676103638,1785795159.917037772,/loadcell_data_filtered.wrench.force.z,38.94584875313351
1.676335589,1785795159.917269723,/loadcell_data_filtered.wrench.force.z,39.15550078181445
1.6765435069999999,1785795159.917477641,/loadcell_data_filtered.wrench.force.z,38.610090705964396
1.676717685,1785795159.917651819,/loadcell_data_filtered.wrench.force.z,37.75684806454559
1.676881332,1785795159.917815466,/loadcell_data_filtered.wrench.force.z,37.20685116631907
1.6770436910000002,1785795159.917977825,/loadcell_data_filtered.wrench.force.z,36.563041116924886
1.677217158,1785795159.918151292,/loadcell_data_filtered.wrench.force.z,36.16422426251846
1.6773796550000002,1785795159.918313789,/loadcell_data_filtered.wrench.force.z,40.03714546739706
1.6775413590000001,1785795159.918475493,/loadcell_data_filtered.wrench.force.z,43.56563442813983
1.677701827,1785795159.918635961,/loadcell_data_filtered.wrench.force.z,47.71348018634709
1.6778567290000002,1785795159.918790863,/loadcell_data_filtered.wrench.force.z,50.34208924016915
1.678428722,1785795159.919362856,/loadcell_data_filtered.wrench.force.z,50.789498647670705
1.67843486,1785795159.919368994,/loadcell_data_filtered.wrench.force.z,49.704735782029964
1.6787230960000001,1785795159.919657230,/loadcell_data_filtered.wrench.force.z,50.05355682129125
1.678961987,1785795159.919896121,/loadcell_data_filtered.wrench.force.z,49.103364742721226
1.679302021,1785795159.920236155,/loadcell_data_filtered.wrench.force.z,48.060148878283755
1.679610222,1785795159.920544356,/loadcell_data_filtered.wrench.force.z,47.315989214989756
1.6801902069999999,1785795159.921124341,/loadcell_data_filtered.wrench.force.z,46.37943396474758
1.680429031,1785795159.921363165,/loadcell_data_filtered.wrench.force.z,45.95374624605772
1.6805907210000002,1785795159.921524855,/loadcell_data_filtered.wrench.force.z,46.036558381999285
1.682545321,1785795159.923479455,/loadcell_data_filtered.wrench.force.z,45.87323273998109
1.682978962,1785795159.923913096,/loadcell_data_filtered.wrench.force.z,44.239898180562825
1.683308394,1785795159.924242528,/loadcell_data_filtered.wrench.force.z,44.182121991551085
1.683587214,1785795159.924521348,/loadcell_data_filtered.wrench.force.z,44.05265646184204
1.6838810560000002,1785795159.924815190,/loadcell_data_filtered.wrench.force.z,38.16588317453061
1.684304461,1785795159.925238595,/loadcell_data_filtered.wrench.force.z,33.33739050811039
1.68479957,1785795159.925733704,/loadcell_data_filtered.wrench.force.z,28.342477508303453
1.685188358,1785795159.926122492,/loadcell_data_filtered.wrench.force.z,24.55050374980618
1.685540123,1785795159.926474257,/loadcell_data_filtered.wrench.force.z,20.786310672615308
1.685994688,1785795159.926928822,/loadcell_data_filtered.wrench.force.z,18.18754373853812
1.686464828,1785795159.927398962,/loadcell_data_filtered.wrench.force.z,16.5017159963849
1.686882094,1785795159.927816228,/loadcell_data_filtered.wrench.force.z,16.020985868490637
1.687275547,1785795159.928209681,/loadcell_data_filtered.wrench.force.z,15.707559847193858
1.687651202,1785795159.928585336,/loadcell_data_filtered.wrench.force.z,15.545825115062645
1.6881959050000002,1785795159.929130039,/loadcell_data_filtered.wrench.force.z,14.829759154740325
1.692195757,1785795159.933129891,/loadcell_data_filtered.wrench.force.z,14.402088669778957
1.692971312,1785795159.933905446,/loadcell_data_filtered.wrench.force.z,13.68503143403755
1.6934837310000002,1785795159.934417865,/loadcell_data_filtered.wrench.force.z,13.637040943109414
1.69388511,1785795159.934819244,/loadcell_data_filtered.wrench.force.z,13.706004902212587
1.6941073580000001,1785795159.935041492,/loadcell_data_filtered.wrench.force.z,13.804934515229611
1.694307143,1785795159.935241277,/loadcell_data_filtered.wrench.force.z,14.57420907972687
1.6944881139999999,1785795159.935422248,/loadcell_data_filtered.wrench.force.z,21.26557043772248
1.694658896,1785795159.935593030,/loadcell_data_filtered.wrench.force.z,25.723874251883448
1.694817375,1785795159.935751509,/loadcell_data_filtered.wrench.force.z,28.6364183040554
1.694974041,1785795159.935908175,/loadcell_data_filtered.wrench.force.z,30.37220383725282
1.69517872,1785795159.936112854,/loadcell_data_filtered.wrench.force.z,33.645557303278544
1.69537007,1785795159.936304204,/loadcell_data_filtered.wrench.force.z,35.49390106966412
1.695534252,1785795159.936468386,/loadcell_data_filtered.wrench.force.z,37.070727838848605
1.695698529,1785795159.936632663,/loadcell_data_filtered.wrench.force.z,38.01277726939756
1.695860128,1785795159.936794262,/loadcell_data_filtered.wrench.force.z,38.72746935786718
1.696024531,1785795159.936958665,/loadcell_data_filtered.wrench.force.z,38.88770519092888
1.696239098,1785795159.937173232,/loadcell_data_filtered.wrench.force.z,39.291833002083244
1.696552186,1785795159.937486320,/loadcell_data_filtered.wrench.force.z,39.897637448977626
1.6971032510000001,1785795159.938037385,/loadcell_data_filtered.wrench.force.z,40.23168455609742
1.6978313200000001,1785795159.938765454,/loadcell_data_filtered.wrench.force.z,41.004229239637674
1.698395687,1785795159.939329821,/loadcell_data_filtered.wrench.force.z,41.699608816532695
1.6987368740000002,1785795159.939671008,/loadcell_data_filtered.wrench.force.z,42.153741422471754
1.7037100500000002,1785795159.944644184,/loadcell_data_filtered.wrench.force.z,39.4345179039674
1.704114304,1785795159.945048438,/loadcell_data_filtered.wrench.force.z,36.23082744466394
1.704369978,1785795159.945304112,/loadcell_data_filtered.wrench.force.z,33.446146371833294
1.704608503,1785795159.945542637,/loadcell_data_filtered.wrench.force.z,31.012735939474364
1.7048337450000002,1785795159.945767879,/loadcell_data_filtered.wrench.force.z,29.63714103529407
1.7050829580000002,1785795159.946017092,/loadcell_data_filtered.wrench.force.z,28.257149866069426
1.705357744,1785795159.946291878,/loadcell_data_filtered.wrench.force.z,28.02937108204838
1.70567916,1785795159.946613294,/loadcell_data_filtered.wrench.force.z,29.123048537028623
1.7060149720000002,1785795159.946949106,/loadcell_data_filtered.wrench.force.z,30.678252310324986
1.706382016,1785795159.947316150,/loadcell_data_filtered.wrench.force.z,32.70110680756865
1.7067325530000002,1785795159.947666687,/loadcell_data_filtered.wrench.force.z,33.825680088626015
1.707266546,1785795159.948200680,/loadcell_data_filtered.wrench.force.z,33.16077693519619
1.707685825,1785795159.948619959,/loadcell_data_filtered.wrench.force.z,33.80545572957203
1.70801181,1785795159.948945944,/loadcell_data_filtered.wrench.force.z,33.92170879512865
1.708389505,1785795159.949323639,/loadcell_data_filtered.wrench.force.z,34.43367042465937
1.7087773830000001,1785795159.949711517,/loadcell_data_filtered.wrench.force.z,34.91071744576061
1.7093250480000002,1785795159.950259182,/loadcell_data_filtered.wrench.force.z,35.68556383432374
1.709845343,1785795159.950779477,/loadcell_data_filtered.wrench.force.z,41.456514917146684
1.7103036010000001,1785795159.951237735,/loadcell_data_filtered.wrench.force.z,46.688202952794725
1.7106431830000002,1785795159.951577317,/loadcell_data_filtered.wrench.force.z,51.624528753366874
1.710928832,1785795159.951862966,/loadcell_data_filtered.wrench.force.z,55.85264721027732
1.711242077,1785795159.952176211,/loadcell_data_filtered.wrench.force.z,59.49659297053927
1.711540602,1785795159.952474736,/loadcell_data_filtered.wrench.force.z,62.36057595106471
1.711788686,1785795159.952722820,/loadcell_data_filtered.wrench.force.z,64.85684648324141
1.711980698,1785795159.952914832,/loadcell_data_filtered.wrench.force.z,65.63323211591621
1.712197036,1785795159.953131170,/loadcell_data_filtered.wrench.force.z,66.30329623766126
1.712428626,1785795159.953362760,/loadcell_data_filtered.wrench.force.z,67.37042217470963
1.7126849370000001,1785795159.953619071,/loadcell_data_filtered.wrench.force.z,67.99923248741965
1.713749838,1785795159.954683972,/loadcell_data_filtered.wrench.force.z,68.7906573071772
1.714125104,1785795159.955059238,/loadcell_data_filtered.wrench.force.z,69.57985563844275
1.714452451,1785795159.955386585,/loadcell_data_filtered.wrench.force.z,70.71284599434621
1.717444089,1785795159.958378223,/loadcell_data_filtered.wrench.force.z,71.47245544234626
1.7177647820000002,1785795159.958698916,/loadcell_data_filtered.wrench.force.z,71.95786134629873
1.718005855,1785795159.958939989,/loadcell_data_filtered.wrench.force.z,73.11505798205486
1.718295307,1785795159.959229441,/loadcell_data_filtered.wrench.force.z,68.38124989362355
1.7185916190000001,1785795159.959525753,/loadcell_data_filtered.wrench.force.z,65.47515155236803
1.7189160700000001,1785795159.959850204,/loadcell_data_filtered.wrench.force.z,63.017656414798466
1.719447407,1785795159.960381541,/loadcell_data_filtered.wrench.force.z,61.12266963925777
1.7198764450000001,1785795159.960810579,/loadcell_data_filtered.wrench.force.z,58.125576953707956
1.720248222,1785795159.961182356,/loadcell_data_filtered.wrench.force.z,55.83605702677496
1.720667326,1785795159.961601460,/loadcell_data_filtered.wrench.force.z,54.83584648990973
1.721150604,1785795159.962084738,/loadcell_data_filtered.wrench.force.z,55.062317773261206
1.7216047520000002,1785795159.962538886,/loadcell_data_filtered.wrench.force.z,55.103026123867075
1.722037728,1785795159.962971862,/loadcell_data_filtered.wrench.force.z,55.10286508443428
1.7225016000000002,1785795159.963435734,/loadcell_data_filtered.wrench.force.z,54.816778788422724
1.722886795,1785795159.963820929,/loadcell_data_filtered.wrench.force.z,54.275591553725086
1.7588199389999999,1785795159.999754073,/loadcell_data_filtered.wrench.force.z,46.457898905845674
1.75915427,1785795160.000088404,/loadcell_data_filtered.wrench.force.z,43.95276996084393
1.759388231,1785795160.000322365,/loadcell_data_filtered.wrench.force.z,34.04127441045002
1.759617436,1785795160.000551570,/loadcell_data_filtered.wrench.force.z,29.37081381946303
1.759874156,1785795160.000808290,/loadcell_data_filtered.wrench.force.z,24.31763131353597
1.76024834,1785795160.001182474,/loadcell_data_filtered.wrench.force.z,17.103097328744774
1.7606945340000002,1785795160.001628668,/loadcell_data_filtered.wrench.force.z,10.199328215978882
1.76102804,1785795160.001962174,/loadcell_data_filtered.wrench.force.z,8.221297781347515
1.761266725,1785795160.002200859,/loadcell_data_filtered.wrench.force.z,7.303464550113822
1.7614827530000001,1785795160.002416887,/loadcell_data_filtered.wrench.force.z,7.433793792207142
1.7616895160000001,1785795160.002623650,/loadcell_data_filtered.wrench.force.z,1.3689868196921422
1.76328329,1785795160.004217424,/loadcell_data_filtered.wrench.force.z,2.2205583046638298
1.7636034440000001,1785795160.004537578,/loadcell_data_filtered.wrench.force.z,3.784800406296357
1.763778502,1785795160.004712636,/loadcell_data_filtered.wrench.force.z,10.469570561308613
1.763937543,1785795160.004871677,/loadcell_data_filtered.wrench.force.z,16.53479922534212
1.76410498,1785795160.005039114,/loadcell_data_filtered.wrench.force.z,21.81287258121773
1.764308315,1785795160.005242449,/loadcell_data_filtered.wrench.force.z,25.070810858230896
1.764547241,1785795160.005481375,/loadcell_data_filtered.wrench.force.z,27.680393738558013
1.764784345,1785795160.005718479,/loadcell_data_filtered.wrench.force.z,29.631321353594718
1.7650474040000002,1785795160.005981538,/loadcell_data_filtered.wrench.force.z,31.26423047169033
1.765306023,1785795160.006240157,/loadcell_data_filtered.wrench.force.z,32.81000864502227
1.765580127,1785795160.006514261,/loadcell_data_filtered.wrench.force.z,33.78427025086098
1.765895964,1785795160.006830098,/loadcell_data_filtered.wrench.force.z,33.37291299119051
1.7663353220000002,1785795160.007269456,/loadcell_data_filtered.wrench.force.z,33.87729694046641
1.766786484,1785795160.007720618,/loadcell_data_filtered.wrench.force.z,32.906926417601404
1.767441225,1785795160.008375359,/loadcell_data_filtered.wrench.force.z,33.4387394815371
1.768142732,1785795160.009076866,/loadcell_data_filtered.wrench.force.z,34.05253493952686
1.768613095,1785795160.009547229,/loadcell_data_filtered.wrench.force.z,29.68827281918962
1.769052773,1785795160.009986907,/loadcell_data_filtered.wrench.force.z,25.674572436042055
1.7694575060000002,1785795160.010391640,/loadcell_data_filtered.wrench.force.z,21.39528267431248
1.769872804,1785795160.010806938,/loadcell_data_filtered.wrench.force.z,17.977562566533294
1.7702851750000002,1785795160.011219309,/loadcell_data_filtered.wrench.force.z,14.950259804827025
1.7706646670000001,1785795160.011598801,/loadcell_data_filtered.wrench.force.z,12.378353339997924
1.770997575,1785795160.011931709,/loadcell_data_filtered.wrench.force.z,10.876389047888422
1.771304119,1785795160.012238253,/loadcell_data_filtered.wrench.force.z,11.14374924216911
1.771653568,1785795160.012587702,/loadcell_data_filtered.wrench.force.z,11.481025084292071
1.7719968640000001,1785795160.012930998,/loadcell_data_filtered.wrench.force.z,12.113654308080635
1.772373221,1785795160.013307355,/loadcell_data_filtered.wrench.force.z,12.063041027784848
1.7727224430000001,1785795160.013656577,/loadcell_data_filtered.wrench.force.z,3.210540755647573
1.773168478,1785795160.014102612,/loadcell_data_filtered.wrench.force.z,3.3120226989318517
1.773597748,1785795160.014531882,/loadcell_data_filtered.wrench.force.z,2.157502712283787
1.773976384,1785795160.014910518,/loadcell_data_filtered.wrench.force.z,1.9053326880586452
1.774416424,1785795160.015350558,/loadcell_data_filtered.wrench.force.z,2.296149614644276
1.7748119180000002,1785795160.015746052,/loadcell_data_filtered.wrench.force.z,1.9429557821746533
1.7758704660000002,1785795160.016804600,/loadcell_data_filtered.wrench.force.z,8.218878868785104
1.776482413,1785795160.017416547,/loadcell_data_filtered.wrench.force.z,12.980997415440019
1.7769486090000002,1785795160.017882743,/loadcell_data_filtered.wrench.force.z,17.804895164495562
1.777410411,1785795160.018344545,/loadcell_data_filtered.wrench.force.z,21.3597281811285
1.777811406,1785795160.018745540,/loadcell_data_filtered.wrench.force.z,24.272122679820324
1.778188837,1785795160.019122971,/loadcell_data_filtered.wrench.force.z,25.173197052796773
1.778539097,1785795160.019473231,/loadcell_data_filtered.wrench.force.z,26.293746497608975
1.7787605910000002,1785795160.019694725,/loadcell_data_filtered.wrench.force.z,26.63839545209441
1.778980814,1785795160.019914948,/loadcell_data_filtered.wrench.force.z,26.57233652787512
1.779237707,1785795160.020171841,/loadcell_data_filtered.wrench.force.z,25.305282311992563
1.779561415,1785795160.020495549,/loadcell_data_filtered.wrench.force.z,24.52973267736184
1.779862861,1785795160.020796995,/loadcell_data_filtered.wrench.force.z,23.98284912514357
1.780290832,1785795160.021224966,/loadcell_data_filtered.wrench.force.z,23.511662898275805
1.780717164,1785795160.021651298,/loadcell_data_filtered.wrench.force.z,22.860015522948892
1.781963926,1785795160.022898060,/loadcell_data_filtered.wrench.force.z,22.106683908870078
1.782304087,1785795160.023238221,/loadcell_data_filtered.wrench.force.z,21.104910028811027
1.7827480160000002,1785795160.023682150,/loadcell_data_filtered.wrench.force.z,20.521888859627293
1.783537236,1785795160.024471370,/loadcell_data_filtered.wrench.force.z,12.60388824139674
1.783728419,1785795160.024662553,/loadcell_data_filtered.wrench.force.z,7.424936685372864
1.7854470880000002,1785795160.026381222,/loadcell_data_filtered.wrench.force.z,1.7156267368233369
1.78558884,1785795160.026522974,/loadcell_data_filtered.wrench.force.z,-3.210037039734545
1.785707406,1785795160.026641540,/loadcell_data_filtered.wrench.force.z,-8.20142004459198
1.785824628,1785795160.026758762,/loadcell_data_filtered.wrench.force.z,-19.37325910604291
1.785954059,1785795160.026888193,/loadcell_data_filtered.wrench.force.z,-20.72433642031566
1.786386801,1785795160.027320935,/loadcell_data_filtered.wrench.force.z,-22.47927475664921
1.78671971,1785795160.027653844,/loadcell_data_filtered.wrench.force.z,-23.57530750406423
1.787260237,1785795160.028194371,/loadcell_data_filtered.wrench.force.z,-24.46617245774939
1.7928820710000002,1785795160.033816205,/loadcell_data_filtered.wrench.force.z,-25.73890030940386
1.794119887,1785795160.035054021,/loadcell_data_filtered.wrench.force.z,-26.79439358627925
1.794283619,1785795160.035217753,/loadcell_data_filtered.wrench.force.z,-27.451147386339024
1.7944102380000002,1785795160.035344372,/loadcell_data_filtered.wrench.force.z,-27.537583772097637
1.794538029,1785795160.035472163,/loadcell_data_filtered.wrench.force.z,-24.881985315902966
1.7946683509999999,1785795160.035602485,/loadcell_data_filtered.wrench.force.z,-18.67245323649043
1.794791864,1785795160.035725998,/loadcell_data_filtered.wrench.force.z,-13.744745940867292
1.794906294,1785795160.035840428,/loadcell_data_filtered.wrench.force.z,-9.82019900498274
1.795024226,1785795160.035958360,/loadcell_data_filtered.wrench.force.z,-6.649969831025615
1.795146391,1785795160.036080525,/loadcell_data_filtered.wrench.force.z,-4.1751978665431135
1.795260373,1785795160.036194507,/loadcell_data_filtered.wrench.force.z,-3.384662740563008
1.795378092,1785795160.036312226,/loadcell_data_filtered.wrench.force.z,-2.793300999951505
1.795492445,1785795160.036426579,/loadcell_data_filtered.wrench.force.z,-4.794672605422115
1.796958111,1785795160.037892245,/loadcell_data_filtered.wrench.force.z,-5.433355228546651
1.797521985,1785795160.038456119,/loadcell_data_filtered.wrench.force.z,-5.217273521147807
1.797671941,1785795160.038606075,/loadcell_data_filtered.wrench.force.z,-4.550703953620297
1.79807799,1785795160.039012124,/loadcell_data_filtered.wrench.force.z,-3.8437361795254987
1.7982492250000002,1785795160.039183359,/loadcell_data_filtered.wrench.force.z,-3.407302915888885
1.7983696020000002,1785795160.039303736,/loadcell_data_filtered.wrench.force.z,-3.638865001147687
1.798518428,1785795160.039452562,/loadcell_data_filtered.wrench.force.z,-4.289428866624849
1.798624776,1785795160.039558910,/loadcell_data_filtered.wrench.force.z,-4.806601900534913
1.799979537,1785795160.040913671,/loadcell_data_filtered.wrench.force.z,-9.536621954342008
1.8004388640000002,1785795160.041372998,/loadcell_data_filtered.wrench.force.z,-13.93823863328483
1.800829914,1785795160.041764048,/loadcell_data_filtered.wrench.force.z,-18.47691051035769
1.801278119,1785795160.042212253,/loadcell_data_filtered.wrench.force.z,-22.00760516987177
1.801741565,1785795160.042675699,/loadcell_data_filtered.wrench.force.z,-25.17167547630194
1.80223181,1785795160.043165944,/loadcell_data_filtered.wrench.force.z,-27.62076193529797
1.802634509,1785795160.043568643,/loadcell_data_filtered.wrench.force.z,-29.200787345708925
1.8030358880000001,1785795160.043970022,/loadcell_data_filtered.wrench.force.z,-28.893786688550776
1.8034258630000002,1785795160.044359997,/loadcell_data_filtered.wrench.force.z,-28.237528885636674
1.8040321910000001,1785795160.044966325,/loadcell_data_filtered.wrench.force.z,-27.65518965854558
1.804706896,1785795160.045641030,/loadcell_data_filtered.wrench.force.z,-27.003247758260216
1.805305787,1785795160.046239921,/loadcell_data_filtered.wrench.force.z,-26.660375994747533
1.807301662,1785795160.048235796,/loadcell_data_filtered.wrench.force.z,-26.07812090498443
1.80788812,1785795160.048822254,/loadcell_data_filtered.wrench.force.z,-25.046319063876503
1.808377025,1785795160.049311159,/loadcell_data_filtered.wrench.force.z,-24.23890939329798
1.808845754,1785795160.049779888,/loadcell_data_filtered.wrench.force.z,-23.509567175572236
1.809311132,1785795160.050245266,/loadcell_data_filtered.wrench.force.z,-22.903830754458195
1.8097357120000002,1785795160.050669846,/loadcell_data_filtered.wrench.force.z,-15.863588341413688
1.8101114630000001,1785795160.051045597,/loadcell_data_filtered.wrench.force.z,-10.241173467435342
1.8104881320000001,1785795160.051422266,/loadcell_data_filtered.wrench.force.z,-4.336335786545917
1.813571086,1785795160.054505220,/loadcell_data_filtered.wrench.force.z,0.07353397743209555
1.815010368,1785795160.055944502,/loadcell_data_filtered.wrench.force.z,4.206461562177309
1.81569481,1785795160.056628944,/loadcell_data_filtered.wrench.force.z,7.152849550012856
1.816166277,1785795160.057100411,/loadcell_data_filtered.wrench.force.z,9.218232896640158
1.816514147,1785795160.057448281,/loadcell_data_filtered.wrench.force.z,11.143501919729122
1.816862672,1785795160.057796806,/loadcell_data_filtered.wrench.force.z,13.28354133314375
1.817311243,1785795160.058245377,/loadcell_data_filtered.wrench.force.z,14.937683256406784
1.817978611,1785795160.058912745,/loadcell_data_filtered.wrench.force.z,16.644880238213
1.8182769140000001,1785795160.059211048,/loadcell_data_filtered.wrench.force.z,18.483784219993062
1.818742826,1785795160.059676960,/loadcell_data_filtered.wrench.force.z,18.213934684981258
1.819152552,1785795160.060086686,/loadcell_data_filtered.wrench.force.z,18.650980412824023
1.819461817,1785795160.060395951,/loadcell_data_filtered.wrench.force.z,19.680035523510618
1.819771887,1785795160.060706021,/loadcell_data_filtered.wrench.force.z,20.108673186759074
1.820078353,1785795160.061012487,/loadcell_data_filtered.wrench.force.z,13.860570034222496
1.820537291,1785795160.061471425,/loadcell_data_filtered.wrench.force.z,10.539135200779018
1.8208926440000002,1785795160.061826778,/loadcell_data_filtered.wrench.force.z,7.931411880145561
1.821293002,1785795160.062227136,/loadcell_data_filtered.wrench.force.z,6.1588547227014505
1.8278511270000002,1785795160.068785261,/loadcell_data_filtered.wrench.force.z,6.511193826223604
1.8283772370000002,1785795160.069311371,/loadcell_data_filtered.wrench.force.z,6.692140123709751
1.82874533,1785795160.069679464,/loadcell_data_filtered.wrench.force.z,8.246594025160634
1.829050052,1785795160.069984186,/loadcell_data_filtered.wrench.force.z,14.012583042180545
1.829359323,1785795160.070293457,/loadcell_data_filtered.wrench.force.z,19.3626235958802
1.829639674,1785795160.070573808,/loadcell_data_filtered.wrench.force.z,24.08148322960483
1.829885128,1785795160.070819262,/loadcell_data_filtered.wrench.force.z,28.010286377898115
1.830199613,1785795160.071133747,/loadcell_data_filtered.wrench.force.z,31.70907308074785
1.8305128270000002,1785795160.071446961,/loadcell_data_filtered.wrench.force.z,33.65906156932343
1.830836299,1785795160.071770433,/loadcell_data_filtered.wrench.force.z,34.702902032909286
1.831120604,1785795160.072054738,/loadcell_data_filtered.wrench.force.z,35.18406107794899
1.831366144,1785795160.072300278,/loadcell_data_filtered.wrench.force.z,35.65924214187693
1.831567697,1785795160.072501831,/loadcell_data_filtered.wrench.force.z,36.255280713536884
1.831778903,1785795160.072713037,/loadcell_data_filtered.wrench.force.z,36.45627685234497
1.832035495,1785795160.072969629,/loadcell_data_filtered.wrench.force.z,36.77075327780009
1.832364476,1785795160.073298610,/loadcell_data_filtered.wrench.force.z,36.720799766004816
1.832681552,1785795160.073615686,/loadcell_data_filtered.wrench.force.z,37.038321407600876
1.83300368,1785795160.073937814,/loadcell_data_filtered.wrench.force.z,37.11420033109001
1.8335638200000002,1785795160.074497954,/loadcell_data_filtered.wrench.force.z,37.78373872631214
1.834829344,1785795160.075763478,/loadcell_data_filtered.wrench.force.z,32.375724262511014
1.8353477360000001,1785795160.076281870,/loadcell_data_filtered.wrench.force.z,27.523666104387086
1.8356802110000001,1785795160.076614345,/loadcell_data_filtered.wrench.force.z,23.52346254195601
1.835980326,1785795160.076914460,/loadcell_data_filtered.wrench.force.z,20.006554375905058
1.8362848440000001,1785795160.077218978,/loadcell_data_filtered.wrench.force.z,16.68153340510034
1.8458432070000002,1785795160.086777341,/loadcell_data_filtered.wrench.force.z,13.912157656311127
1.846161982,1785795160.087096116,/loadcell_data_filtered.wrench.force.z,10.703743861164792
1.846369162,1785795160.087303296,/loadcell_data_filtered.wrench.force.z,9.468294079132637
1.8465603700000002,1785795160.087494504,/loadcell_data_filtered.wrench.force.z,0.6280161357878935
1.846732247,1785795160.087666381,/loadcell_data_filtered.wrench.force.z,0.6390325268852497
1.846895085,1785795160.087829219,/loadcell_data_filtered.wrench.force.z,-2.3590868462945576
1.847057455,1785795160.087991589,/loadcell_data_filtered.wrench.force.z,-11.04915313648667
1.8479371549999999,1785795160.088871289,/loadcell_data_filtered.wrench.force.z,-5.8403045894708665
1.84829818,1785795160.089232314,/loadcell_data_filtered.wrench.force.z,-5.009913229470982
1.848522146,1785795160.089456280,/loadcell_data_filtered.wrench.force.z,-4.951592827150916
1.848703001,1785795160.089637135,/loadcell_data_filtered.wrench.force.z,-5.476638670593473
1.848913084,1785795160.089847218,/loadcell_data_filtered.wrench.force.z,-5.571295952905045
1.849247031,1785795160.090181165,/loadcell_data_filtered.wrench.force.z,-5.533217206780488
1.849640882,1785795160.090575016,/loadcell_data_filtered.wrench.force.z,-8.10690890532233
1.8500857540000002,1785795160.091019888,/loadcell_data_filtered.wrench.force.z,-8.361713035999589
1.850638301,1785795160.091572435,/loadcell_data_filtered.wrench.force.z,-8.644639940721811
1.8511115070000002,1785795160.092045641,/loadcell_data_filtered.wrench.force.z,-9.157433253057992
1.851500289,1785795160.092434423,/loadcell_data_filtered.wrench.force.z,-13.267004957493544
1.851844894,1785795160.092779028,/loadcell_data_filtered.wrench.force.z,-14.887204565004222
1.85216267,1785795160.093096804,/loadcell_data_filtered.wrench.force.z,-16.954749472744766
1.852455236,1785795160.093389370,/loadcell_data_filtered.wrench.force.z,-24.587720733549794
1.852746747,1785795160.093680881,/loadcell_data_filtered.wrench.force.z,-36.48741894229115
1.853003407,1785795160.093937541,/loadcell_data_filtered.wrench.force.z,-42.36830834783279
1.8531713500000002,1785795160.094105484,/loadcell_data_filtered.wrench.force.z,-46.58852143391746
1.854912351,1785795160.095846485,/loadcell_data_filtered.wrench.force.z,-50.42148219712539
1.8554719990000001,1785795160.096406133,/loadcell_data_filtered.wrench.force.z,-52.280262980162135
1.8559819000000002,1785795160.096916034,/loadcell_data_filtered.wrench.force.z,-52.358332490589696
1.856425137,1785795160.097359271,/loadcell_data_filtered.wrench.force.z,-51.668761198323324
1.856891921,1785795160.097826055,/loadcell_data_filtered.wrench.force.z,-50.496312639722554
1.857358002,1785795160.098292136,/loadcell_data_filtered.wrench.force.z,-55.944000137584936
1.8577611310000002,1785795160.098695265,/loadcell_data_filtered.wrench.force.z,-58.17580143464066
1.858316483,1785795160.099250617,/loadcell_data_filtered.wrench.force.z,-59.13710553102112
1.858787932,1785795160.099722066,/loadcell_data_filtered.wrench.force.z,-59.496469551672384
1.859253411,1785795160.100187545,/loadcell_data_filtered.wrench.force.z,-59.52404242527768
1.859644913,1785795160.100579047,/loadcell_data_filtered.wrench.force.z,-59.27609416758563
1.860053479,1785795160.100987613,/loadcell_data_filtered.wrench.force.z,-59.08205008938909
1.860445649,1785795160.101379783,/loadcell_data_filtered.wrench.force.z,-54.575665141511195
1.8607700390000002,1785795160.101704173,/loadcell_data_filtered.wrench.force.z,-47.986318138717905
1.861081172,1785795160.102015306,/loadcell_data_filtered.wrench.force.z,-41.03354204539313
1.861314444,1785795160.102248578,/loadcell_data_filtered.wrench.force.z,-36.1194255784021
1.861522971,1785795160.102457105,/loadcell_data_filtered.wrench.force.z,-32.18262218577875
1.861882729,1785795160.102816863,/loadcell_data_filtered.wrench.force.z,-28.317061644124347
1.862478844,1785795160.103412978,/loadcell_data_filtered.wrench.force.z,-25.838591380509715
1.862866262,1785795160.103800396,/loadcell_data_filtered.wrench.force.z,-24.433486032166122
1.863256173,1785795160.104190307,/loadcell_data_filtered.wrench.force.z,-22.986960054567422
1.8636540510000001,1785795160.104588185,/loadcell_data_filtered.wrench.force.z,-20.936777911974925
1.864014504,1785795160.104948638,/loadcell_data_filtered.wrench.force.z,-18.815398257757437
1.864247249,1785795160.105181383,/loadcell_data_filtered.wrench.force.z,-16.954137495870118
1.865308846,1785795160.106242980,/loadcell_data_filtered.wrench.force.z,-15.813185971734821
1.8665890470000002,1785795160.107523181,/loadcell_data_filtered.wrench.force.z,-14.053351400112732
1.8670353670000002,1785795160.107969501,/loadcell_data_filtered.wrench.force.z,-11.992017493782782
1.86749368,1785795160.108427814,/loadcell_data_filtered.wrench.force.z,-10.08663781394435
1.8679779170000002,1785795160.108912051,/loadcell_data_filtered.wrench.force.z,-8.419669585003605
1.868551341,1785795160.109485475,/loadcell_data_filtered.wrench.force.z,-12.131233023761302
1.869056085,1785795160.109990219,/loadcell_data_filtered.wrench.force.z,-13.899069351695713
1.869519273,1785795160.110453407,/loadcell_data_filtered.wrench.force.z,-17.059776090529525
1.869967707,1785795160.110901841,/loadcell_data_filtered.wrench.force.z,-19.156018305291497
1.870481796,1785795160.111415930,/loadcell_data_filtered.wrench.force.z,-20.437616668727973
1.870885957,1785795160.111820091,/loadcell_data_filtered.wrench.force.z,-21.823139659931286
1.87133125,1785795160.112265384,/loadcell_data_filtered.wrench.force.z,-22.4632552992495
1.871855137,1785795160.112789271,/loadcell_data_filtered.wrench.force.z,-21.21949675645708
1.872346361,1785795160.113280495,/loadcell_data_filtered.wrench.force.z,-19.869459384212487
1.872899056,1785795160.113833190,/loadcell_data_filtered.wrench.force.z,-18.625097874824974
1.873358732,1785795160.114292866,/loadcell_data_filtered.wrench.force.z,-18.20743103181023
1.873745395,1785795160.114679529,/loadcell_data_filtered.wrench.force.z,-17.65464670588109
1.8741452390000002,1785795160.115079373,/loadcell_data_filtered.wrench.force.z,-17.506317953359137
1.8745347190000001,1785795160.115468853,/loadcell_data_filtered.wrench.force.z,-17.279527605699784
1.874918539,1785795160.115852673,/loadcell_data_filtered.wrench.force.z,-16.820862889544117
1.875192428,1785795160.116126562,/loadcell_data_filtered.wrench.force.z,-15.916524787910323
1.875480067,1785795160.116414201,/loadcell_data_filtered.wrench.force.z,-15.715473534559798
1.8757421760000001,1785795160.116676310,/loadcell_data_filtered.wrench.force.z,-9.194175686513098
1.876031435,1785795160.116965569,/loadcell_data_filtered.wrench.force.z,-4.649890326871365
1.876406108,1785795160.117340242,/loadcell_data_filtered.wrench.force.z,0.7375810367739639
1.876794502,1785795160.117728636,/loadcell_data_filtered.wrench.force.z,4.354277530322068
1.877185585,1785795160.118119719,/loadcell_data_filtered.wrench.force.z,6.944990150038102
1.879748143,1785795160.120682277,/loadcell_data_filtered.wrench.force.z,8.150816167467434
1.8800740180000002,1785795160.121008152,/loadcell_data_filtered.wrench.force.z,9.46684842229294
1.880295168,1785795160.121229302,/loadcell_data_filtered.wrench.force.z,9.635785520043571
1.880498258,1785795160.121432392,/loadcell_data_filtered.wrench.force.z,10.552203936965421
1.880843428,1785795160.121777562,/loadcell_data_filtered.wrench.force.z,10.64928057725731
1.8809266720000002,1785795160.121860806,/loadcell_data_filtered.wrench.force.z,9.917604057858817
1.881093707,1785795160.122027841,/loadcell_data_filtered.wrench.force.z,9.42379828988896
1.882002567,1785795160.122936701,/loadcell_data_filtered.wrench.force.z,8.915064580651714
1.882402936,1785795160.123337070,/loadcell_data_filtered.wrench.force.z,8.144582905232081
1.882582695,1785795160.123516829,/loadcell_data_filtered.wrench.force.z,8.728876330914657
1.882756705,1785795160.123690839,/loadcell_data_filtered.wrench.force.z,8.611390799096915
1.882933667,1785795160.123867801,/loadcell_data_filtered.wrench.force.z,7.588402733333936
1.8830617150000002,1785795160.123995849,/loadcell_data_filtered.wrench.force.z,0.6841216587363084
1.8838769050000002,1785795160.124811039,/loadcell_data_filtered.wrench.force.z,-4.939569142914987
1.8842751610000001,1785795160.125209295,/loadcell_data_filtered.wrench.force.z,-9.460700269018602
1.884566057,1785795160.125500191,/loadcell_data_filtered.wrench.force.z,-13.322976460931233
1.884910295,1785795160.125844429,/loadcell_data_filtered.wrench.force.z,-16.830528868869262
1.88528022,1785795160.126214354,/loadcell_data_filtered.wrench.force.z,-19.006875298552334
1.8867597470000002,1785795160.127693881,/loadcell_data_filtered.wrench.force.z,-20.165848197272215
1.886776899,1785795160.127711033,/loadcell_data_filtered.wrench.force.z,-20.81850899881659
1.8869990360000002,1785795160.127933170,/loadcell_data_filtered.wrench.force.z,-21.236084718854094
1.887357281,1785795160.128291415,/loadcell_data_filtered.wrench.force.z,-21.700226452177887
1.887684846,1785795160.128618980,/loadcell_data_filtered.wrench.force.z,-22.33598961050618
1.888379263,1785795160.129313397,/loadcell_data_filtered.wrench.force.z,-23.81280419483369
1.8892395620000002,1785795160.130173696,/loadcell_data_filtered.wrench.force.z,-24.94764149221117
1.889687312,1785795160.130621446,/loadcell_data_filtered.wrench.force.z,-25.947190455158662
1.889971129,1785795160.130905263,/loadcell_data_filtered.wrench.force.z,-26.587204135851362
1.890322789,1785795160.131256923,/loadcell_data_filtered.wrench.force.z,-27.501392118717078
1.8909238240000001,1785795160.131857958,/loadcell_data_filtered.wrench.force.z,-24.616151854959917
1.89147073,1785795160.132404864,/loadcell_data_filtered.wrench.force.z,-20.39096034206636
1.89183048,1785795160.132764614,/loadcell_data_filtered.wrench.force.z,-16.80565481428948
1.892479613,1785795160.133413747,/loadcell_data_filtered.wrench.force.z,-13.7419890657044
1.901772003,1785795160.142706137,/loadcell_data_filtered.wrench.force.z,-14.218817061802287
1.901949444,1785795160.142883578,/loadcell_data_filtered.wrench.force.z,-14.205865696712952
1.9021034510000001,1785795160.143037585,/loadcell_data_filtered.wrench.force.z,-14.13593623448066
1.9022267290000001,1785795160.143160863,/loadcell_data_filtered.wrench.force.z,-19.513763053095204
1.90236255,1785795160.143296684,/loadcell_data_filtered.wrench.force.z,-23.227210280864405
1.902482375,1785795160.143416509,/loadcell_data_filtered.wrench.force.z,-28.964371583005054
1.902607126,1785795160.143541260,/loadcell_data_filtered.wrench.force.z,-32.738307136245595
1.902730024,1785795160.143664158,/loadcell_data_filtered.wrench.force.z,-37.134771643139395
1.902852055,1785795160.143786189,/loadcell_data_filtered.wrench.force.z,-40.28873647733267
1.902971805,1785795160.143905939,/loadcell_data_filtered.wrench.force.z,-42.87931442010343
1.903099786,1785795160.144033920,/loadcell_data_filtered.wrench.force.z,-47.13214048944232
1.903219502,1785795160.144153636,/loadcell_data_filtered.wrench.force.z,-50.46060180295738
1.903347769,1785795160.144281903,/loadcell_data_filtered.wrench.force.z,-50.894314343753834
1.903457721,1785795160.144391855,/loadcell_data_filtered.wrench.force.z,-51.16270583913539
1.903817837,1785795160.144751971,/loadcell_data_filtered.wrench.force.z,-51.07033099569703
1.9042206990000001,1785795160.145154833,/loadcell_data_filtered.wrench.force.z,-51.39991255871239
1.904703996,1785795160.145638130,/loadcell_data_filtered.wrench.force.z,-51.898357068164046
1.905107299,1785795160.146041433,/loadcell_data_filtered.wrench.force.z,-52.471780694967364
1.906198097,1785795160.147132231,/loadcell_data_filtered.wrench.force.z,-52.54630481171475
1.9066335840000002,1785795160.147567718,/loadcell_data_filtered.wrench.force.z,-52.813544339460584
1.90692555,1785795160.147859684,/loadcell_data_filtered.wrench.force.z,-52.753623577683435
1.907328439,1785795160.148262573,/loadcell_data_filtered.wrench.force.z,-52.400660047814746
1.9077299440000002,1785795160.148664078,/loadcell_data_filtered.wrench.force.z,-45.41434286497446
1.911686557,1785795160.152620691,/loadcell_data_filtered.wrench.force.z,-40.6943016176307
1.911955672,1785795160.152889806,/loadcell_data_filtered.wrench.force.z,-35.951017145871035
1.912148291,1785795160.153082425,/loadcell_data_filtered.wrench.force.z,-31.318883283243647
1.912338244,1785795160.153272378,/loadcell_data_filtered.wrench.force.z,-26.800840288832227
1.912526068,1785795160.153460202,/loadcell_data_filtered.wrench.force.z,-24.25423923876045
1.9127146810000002,1785795160.153648815,/loadcell_data_filtered.wrench.force.z,-22.214639419931437
1.912906451,1785795160.153840585,/loadcell_data_filtered.wrench.force.z,-20.57887828966571
1.9131014670000002,1785795160.154035601,/loadcell_data_filtered.wrench.force.z,-18.714789309973813
1.913291834,1785795160.154225968,/loadcell_data_filtered.wrench.force.z,-17.170011196765465
1.9134856450000002,1785795160.154419779,/loadcell_data_filtered.wrench.force.z,-17.341087453193147
1.9136649430000001,1785795160.154599077,/loadcell_data_filtered.wrench.force.z,-16.79915607408621
1.913846021,1785795160.154780155,/loadcell_data_filtered.wrench.force.z,-15.882754275017728
1.9165014660000002,1785795160.157435600,/loadcell_data_filtered.wrench.force.z,-15.161315549744321
1.916632668,1785795160.157566802,/loadcell_data_filtered.wrench.force.z,-14.410297625230372
1.9167489340000001,1785795160.157683068,/loadcell_data_filtered.wrench.force.z,-12.888280184185653
1.91686215,1785795160.157796284,/loadcell_data_filtered.wrench.force.z,-13.447665807682947
1.916978173,1785795160.157912307,/loadcell_data_filtered.wrench.force.z,-25.429793908291153
1.917128246,1785795160.158062380,/loadcell_data_filtered.wrench.force.z,-29.2531633503972
1.917236853,1785795160.158170987,/loadcell_data_filtered.wrench.force.z,-33.13731940503693
1.917504063,1785795160.158438197,/loadcell_data_filtered.wrench.force.z,-35.22058765953439
1.918588588,1785795160.159522722,/loadcell_data_filtered.wrench.force.z,-37.255123752453066
1.9211409910000001,1785795160.162075125,/loadcell_data_filtered.wrench.force.z,-37.79918907480327
1.921678864,1785795160.162612998,/loadcell_data_filtered.wrench.force.z,-37.46637341491767
1.9221150480000002,1785795160.163049182,/loadcell_data_filtered.wrench.force.z,-36.40832973668139
1.9224046010000002,1785795160.163338735,/loadcell_data_filtered.wrench.force.z,-43.12744120716831
1.922802575,1785795160.163736709,/loadcell_data_filtered.wrench.force.z,-41.51301951559885
1.923144666,1785795160.164078800,/loadcell_data_filtered.wrench.force.z,-41.451695307495264
1.923374616,1785795160.164308750,/loadcell_data_filtered.wrench.force.z,-41.39978455082637
1.923588625,1785795160.164522759,/loadcell_data_filtered.wrench.force.z,-40.469793602677356
1.923802737,1785795160.164736871,/loadcell_data_filtered.wrench.force.z,-39.29366091625569
1.9240215260000002,1785795160.164955660,/loadcell_data_filtered.wrench.force.z,-38.4101612482966
1.924329758,1785795160.165263892,/loadcell_data_filtered.wrench.force.z,-37.38603568564152
1.925393277,1785795160.166327411,/loadcell_data_filtered.wrench.force.z,-32.3038634850629
1.9258535430000001,1785795160.166787677,/loadcell_data_filtered.wrench.force.z,-26.815982682109528
1.926100205,1785795160.167034339,/loadcell_data_filtered.wrench.force.z,-20.496227777581044
1.926421627,1785795160.167355761,/loadcell_data_filtered.wrench.force.z,-15.551204600309019
1.926661387,1785795160.167595521,/loadcell_data_filtered.wrench.force.z,-12.577320816103379
1.927875784,1785795160.168809918,/loadcell_data_filtered.wrench.force.z,-9.7375372278929
1.928174689,1785795160.169108823,/loadcell_data_filtered.wrench.force.z,-7.225980246491503
1.929293076,1785795160.170227210,/loadcell_data_filtered.wrench.force.z,-6.453790817987304
1.929489347,1785795160.170423481,/loadcell_data_filtered.wrench.force.z,-5.5221780753050735
1.9302427560000002,1785795160.171176890,/loadcell_data_filtered.wrench.force.z,-4.687783523039711
1.930393063,1785795160.171327197,/loadcell_data_filtered.wrench.force.z,-3.879075333360153
1.9305469690000001,1785795160.171481103,/loadcell_data_filtered.wrench.force.z,-3.3958318608879914
1.9306743050000001,1785795160.171608439,/loadcell_data_filtered.wrench.force.z,-3.271969731113326
1.9308115670000001,1785795160.171745701,/loadcell_data_filtered.wrench.force.z,-2.7707186886857764
1.931184349,1785795160.172118483,/loadcell_data_filtered.wrench.force.z,-2.9197498231450094
1.931665631,1785795160.172599765,/loadcell_data_filtered.wrench.force.z,-3.017179725742644
1.934193337,1785795160.175127471,/loadcell_data_filtered.wrench.force.z,-3.0789646908287653
1.934422767,1785795160.175356901,/loadcell_data_filtered.wrench.force.z,-8.900424020751473
1.9344972720000002,1785795160.175431406,/loadcell_data_filtered.wrench.force.z,-13.214802972761667
1.9346232250000002,1785795160.175557359,/loadcell_data_filtered.wrench.force.z,-23.721741874751906
1.934749937,1785795160.175684071,/loadcell_data_filtered.wrench.force.z,-29.235174216107108
1.9348616870000002,1785795160.175795821,/loadcell_data_filtered.wrench.force.z,-33.22975903384662
1.935268962,1785795160.176203096,/loadcell_data_filtered.wrench.force.z,-35.19587241112484
1.935940418,1785795160.176874552,/loadcell_data_filtered.wrench.force.z,-37.12932324898265
1.936101536,1785795160.177035670,/loadcell_data_filtered.wrench.force.z,-37.88662266565637
1.936589094,1785795160.177523228,/loadcell_data_filtered.wrench.force.z,-38.35445147174342
1.937084763,1785795160.178018897,/loadcell_data_filtered.wrench.force.z,-38.466664773313575
1.937631493,1785795160.178565627,/loadcell_data_filtered.wrench.force.z,-39.44916129128179
1.940129506,1785795160.181063640,/loadcell_data_filtered.wrench.force.z,-40.2055336027507
1.940384472,1785795160.181318606,/loadcell_data_filtered.wrench.force.z,-41.13753201518507
1.942375162,1785795160.183309296,/loadcell_data_filtered.wrench.force.z,-41.56074904101039
1.942596967,1785795160.183531101,/loadcell_data_filtered.wrench.force.z,-41.57908508892775
1.942790009,1785795160.183724143,/loadcell_data_filtered.wrench.force.z,-41.53914709107306
1.942972055,1785795160.183906189,/loadcell_data_filtered.wrench.force.z,-41.41675618025421
1.944641252,1785795160.185575386,/loadcell_data_filtered.wrench.force.z,-36.32723401927365
1.944805158,1785795160.185739292,/loadcell_data_filtered.wrench.force.z,-31.414438312867304
1.944942684,1785795160.185876818,/loadcell_data_filtered.wrench.force.z,-26.82557948896973
1.945088318,1785795160.186022452,/loadcell_data_filtered.wrench.force.z,-23.656573052534714
1.945196647,1785795160.186130781,/loadcell_data_filtered.wrench.force.z,-21.206771708486716
1.945321354,1785795160.186255488,/loadcell_data_filtered.wrench.force.z,-19.897003611481118
1.9454448260000001,1785795160.186378960,/loadcell_data_filtered.wrench.force.z,-19.581294303430536
1.945566048,1785795160.186500182,/loadcell_data_filtered.wrench.force.z,-19.49891064482003
1.945683909,1785795160.186618043,/loadcell_data_filtered.wrench.force.z,-20.616077583575272
1.945810174,1785795160.186744308,/loadcell_data_filtered.wrench.force.z,-21.492866853093886
1.94592779,1785795160.186861924,/loadcell_data_filtered.wrench.force.z,-21.866917579523733
1.94642815,1785795160.187362284,/loadcell_data_filtered.wrench.force.z,-22.23275056369325
1.949604887,1785795160.190539021,/loadcell_data_filtered.wrench.force.z,-22.60403554731899
1.949766383,1785795160.190700517,/loadcell_data_filtered.wrench.force.z,-24.518793944799974
1.951569163,1785795160.192503297,/loadcell_data_filtered.wrench.force.z,-29.91394908387188
1.95169634,1785795160.192630474,/loadcell_data_filtered.wrench.force.z,-34.65102329446928
1.95182404,1785795160.192758174,/loadcell_data_filtered.wrench.force.z,-39.58913353070891
1.951945309,1785795160.192879443,/loadcell_data_filtered.wrench.force.z,-45.84054953024013
1.95207335,1785795160.193007484,/loadcell_data_filtered.wrench.force.z,-55.29233867970403
1.9521941360000001,1785795160.193128270,/loadcell_data_filtered.wrench.force.z,-57.10562853687791
1.952473096,1785795160.193407230,/loadcell_data_filtered.wrench.force.z,-59.29411302810019
1.9530655270000001,1785795160.193999661,/loadcell_data_filtered.wrench.force.z,-60.07527905166839
1.953485309,1785795160.194419443,/loadcell_data_filtered.wrench.force.z,-60.68153748986872
1.954289602,1785795160.195223736,/loadcell_data_filtered.wrench.force.z,-61.05058344838394
1.954678613,1785795160.195612747,/loadcell_data_filtered.wrench.force.z,-61.71197868264433
1.955055711,1785795160.195989845,/loadcell_data_filtered.wrench.force.z,-62.66527701793855
1.955433562,1785795160.196367696,/loadcell_data_filtered.wrench.force.z,-63.97251848536285
1.955959513,1785795160.196893647,/loadcell_data_filtered.wrench.force.z,-64.97701761539297
1.956482634,1785795160.197416768,/loadcell_data_filtered.wrench.force.z,-65.9937179227469
1.9570289070000002,1785795160.197963041,/loadcell_data_filtered.wrench.force.z,-66.92321075620774
1.957587959,1785795160.198522093,/loadcell_data_filtered.wrench.force.z,-62.803126332741336
1.958019355,1785795160.198953489,/loadcell_data_filtered.wrench.force.z,-58.633806290470645
1.958549738,1785795160.199483872,/loadcell_data_filtered.wrench.force.z,-53.8066678951479
1.9593046310000002,1785795160.200238765,/loadcell_data_filtered.wrench.force.z,-50.132782335663
1.9594997570000001,1785795160.200433891,/loadcell_data_filtered.wrench.force.z,-46.95033528847515
1.960235489,1785795160.201169623,/loadcell_data_filtered.wrench.force.z,-44.904639255635864
1.9604997100000001,1785795160.201433844,/loadcell_data_filtered.wrench.force.z,-43.495524626372244
1.961425025,1785795160.202359159,/loadcell_data_filtered.wrench.force.z,-42.788402574726234
1.961722186,1785795160.202656320,/loadcell_data_filtered.wrench.force.z,-42.6250998087778
1.961971195,1785795160.202905329,/loadcell_data_filtered.wrench.force.z,-41.29814624469446
1.9626364230000002,1785795160.203570557,/loadcell_data_filtered.wrench.force.z,-40.99618165810964
1.9630138970000002,1785795160.203948031,/loadcell_data_filtered.wrench.force.z,-40.59019601001523
1.963393077,1785795160.204327211,/loadcell_data_filtered.wrench.force.z,-39.93259047761491
1.9639045880000001,1785795160.204838722,/loadcell_data_filtered.wrench.force.z,-39.18769326445119
1.964670124,1785795160.205604258,/loadcell_data_filtered.wrench.force.z,-38.51418655004145
1.9648416050000002,1785795160.205775739,/loadcell_data_filtered.wrench.force.z,-37.997690249199856
1.9677999540000002,1785795160.208734088,/loadcell_data_filtered.wrench.force.z,-37.593810014145454
1.9681545420000002,1785795160.209088676,/loadcell_data_filtered.wrench.force.z,-42.625664855841606
1.9683742,1785795160.209308334,/loadcell_data_filtered.wrench.force.z,-45.14694263640625
1.96857946,1785795160.209513594,/loadcell_data_filtered.wrench.force.z,-48.25457602976334
1.968750638,1785795160.209684772,/loadcell_data_filtered.wrench.force.z,-50.25106576943138
1.969014723,1785795160.209948857,/loadcell_data_filtered.wrench.force.z,-52.03910279154653
1.9693373250000001,1785795160.210271459,/loadcell_data_filtered.wrench.force.z,-53.63489895175198
1.9696297390000002,1785795160.210563873,/loadcell_data_filtered.wrench.force.z,-54.73675694733395
1.969934574,1785795160.210868708,/loadcell_data_filtered.wrench.force.z,-53.8362468237014
1.97025194,1785795160.211186074,/loadcell_data_filtered.wrench.force.z,-52.601971985859294
1.970764122,1785795160.211698256,/loadcell_data_filtered.wrench.force.z,-51.621764100202284
1.971553705,1785795160.212487839,/loadcell_data_filtered.wrench.force.z,-50.93689733265529
1.971765745,1785795160.212699879,/loadcell_data_filtered.wrench.force.z,-50.2142397394663
1.972137251,1785795160.213071385,/loadcell_data_filtered.wrench.force.z,-49.83141262958254
1.972408824,1785795160.213342958,/loadcell_data_filtered.wrench.force.z,-49.2492799536484
1.972932358,1785795160.213866492,/loadcell_data_filtered.wrench.force.z,-48.194771581179424
1.9734552650000001,1785795160.214389399,/loadcell_data_filtered.wrench.force.z,-47.19567668430128
1.974001451,1785795160.214935585,/loadcell_data_filtered.wrench.force.z,-45.71011229127181
1.9760207840000001,1785795160.216954918,/loadcell_data_filtered.wrench.force.z,-37.64849927038285
1.976573459,1785795160.217507593,/loadcell_data_filtered.wrench.force.z,-31.6248542442852
1.976988235,1785795160.217922369,/loadcell_data_filtered.wrench.force.z,-25.74189069542623
1.977367754,1785795160.218301888,/loadcell_data_filtered.wrench.force.z,-20.091517564147505
1.9778063870000002,1785795160.218740521,/loadcell_data_filtered.wrench.force.z,-15.241654191666465
1.978139767,1785795160.219073901,/loadcell_data_filtered.wrench.force.z,-12.902389579067432
1.978410404,1785795160.219344538,/loadcell_data_filtered.wrench.force.z,-10.916267532934214
1.979996265,1785795160.220930399,/loadcell_data_filtered.wrench.force.z,-9.312387129168432
1.980254375,1785795160.221188509,/loadcell_data_filtered.wrench.force.z,-7.8647361274938055
1.980451763,1785795160.221385897,/loadcell_data_filtered.wrench.force.z,-5.929236029642018
1.9806968340000002,1785795160.221630968,/loadcell_data_filtered.wrench.force.z,-8.606755040025877
1.9809703980000002,1785795160.221904532,/loadcell_data_filtered.wrench.force.z,-9.568170979551185
1.981234992,1785795160.222169126,/loadcell_data_filtered.wrench.force.z,-8.548492548222264
1.981480838,1785795160.222414972,/loadcell_data_filtered.wrench.force.z,-6.922209206187485
1.9817012690000002,1785795160.222635403,/loadcell_data_filtered.wrench.force.z,-5.414389505725243
1.981956565,1785795160.222890699,/loadcell_data_filtered.wrench.force.z,-4.248358804142543
1.983076367,1785795160.224010501,/loadcell_data_filtered.wrench.force.z,-5.969509939645139
1.9832713210000001,1785795160.224205455,/loadcell_data_filtered.wrench.force.z,-9.988078432661212
1.9837818120000001,1785795160.224715946,/loadcell_data_filtered.wrench.force.z,-13.16584672620365
1.983950423,1785795160.224884557,/loadcell_data_filtered.wrench.force.z,-16.923946222821932
1.984498341,1785795160.225432475,/loadcell_data_filtered.wrench.force.z,-19.477178556409186
1.984985154,1785795160.225919288,/loadcell_data_filtered.wrench.force.z,-21.944646621760192
1.98563851,1785795160.226572644,/loadcell_data_filtered.wrench.force.z,-23.416650580778608
1.9860371510000001,1785795160.226971285,/loadcell_data_filtered.wrench.force.z,-23.7476389896615
1.986380532,1785795160.227314666,/loadcell_data_filtered.wrench.force.z,-23.835596545130972
1.986868343,1785795160.227802477,/loadcell_data_filtered.wrench.force.z,-23.98751264478743
1.98743406,1785795160.228368194,/loadcell_data_filtered.wrench.force.z,-24.131685001149012
1.9880509000000002,1785795160.228985034,/loadcell_data_filtered.wrench.force.z,-24.922234981066513
1.988388654,1785795160.229322788,/loadcell_data_filtered.wrench.force.z,-25.998757718980375
1.988863077,1785795160.229797211,/loadcell_data_filtered.wrench.force.z,-27.37865514110198
1.989310232,1785795160.230244366,/loadcell_data_filtered.wrench.force.z,-28.558920550289265
1.9898942860000002,1785795160.230828420,/loadcell_data_filtered.wrench.force.z,-29.879738050316778
1.990432659,1785795160.231366793,/loadcell_data_filtered.wrench.force.z,-31.19765010090046
1.9909451150000002,1785795160.231879249,/loadcell_data_filtered.wrench.force.z,-28.02398008863476
1.991380724,1785795160.232314858,/loadcell_data_filtered.wrench.force.z,-25.001932040483965
1.991811371,1785795160.232745505,/loadcell_data_filtered.wrench.force.z,-21.937169884592965
1.992388448,1785795160.233322582,/loadcell_data_filtered.wrench.force.z,-19.823677244979745
1.9929963220000002,1785795160.233930456,/loadcell_data_filtered.wrench.force.z,-17.982883794287563
1.9933949270000002,1785795160.234329061,/loadcell_data_filtered.wrench.force.z,-17.41378449617379
1.993881492,1785795160.234815626,/loadcell_data_filtered.wrench.force.z,-17.468018195626556
1.9948568180000001,1785795160.235790952,/loadcell_data_filtered.wrench.force.z,-18.803503190029108
1.9951671850000001,1785795160.236101319,/loadcell_data_filtered.wrench.force.z,-19.845381486362726
1.9953904640000002,1785795160.236324598,/loadcell_data_filtered.wrench.force.z,-20.99431400967079
1.998673946,1785795160.239608080,/loadcell_data_filtered.wrench.force.z,-22.18984575400769
1.9990689650000002,1785795160.240003099,/loadcell_data_filtered.wrench.force.z,-23.01285514553095
1.999447403,1785795160.240381537,/loadcell_data_filtered.wrench.force.z,-23.367232493053965
1.9999964810000002,1785795160.240930615,/loadcell_data_filtered.wrench.force.z,-23.435213740970244
2.000561487,1785795160.241495621,/loadcell_data_filtered.wrench.force.z,-23.61564174341576
2.001067903,1785795160.242002037,/loadcell_data_filtered.wrench.force.z,-23.810627602886715
2.002501809,1785795160.243435943,/loadcell_data_filtered.wrench.force.z,-24.012777781992263
2.00252501,1785795160.243459144,/loadcell_data_filtered.wrench.force.z,-30.323659318618066
2.002843559,1785795160.243777693,/loadcell_data_filtered.wrench.force.z,-35.688291313440764
2.003086872,1785795160.244021006,/loadcell_data_filtered.wrench.force.z,-40.27751601349077
2.00436741,1785795160.245301544,/loadcell_data_filtered.wrench.force.z,-43.77555510005613
2.004927551,1785795160.245861685,/loadcell_data_filtered.wrench.force.z,-46.58909451965107
2.005354573,1785795160.246288707,/loadcell_data_filtered.wrench.force.z,-47.88832179630847
2.005743962,1785795160.246678096,/loadcell_data_filtered.wrench.force.z,-49.71357670913446
2.006123087,1785795160.247057221,/loadcell_data_filtered.wrench.force.z,-50.981013588531454
2.00654377,1785795160.247477904,/loadcell_data_filtered.wrench.force.z,-51.18490278335871
2.006963197,1785795160.247897331,/loadcell_data_filtered.wrench.force.z,-51.46520912963657
2.007408527,1785795160.248342661,/loadcell_data_filtered.wrench.force.z,-51.84859104667067
2.007812021,1785795160.248746155,/loadcell_data_filtered.wrench.force.z,-52.3104776104541
2.008427762,1785795160.249361896,/loadcell_data_filtered.wrench.force.z,-53.04804978074397
2.011642106,1785795160.252576240,/loadcell_data_filtered.wrench.force.z,-53.9520425961195
2.012247472,1785795160.253181606,/loadcell_data_filtered.wrench.force.z,-53.932688117041565
2.012986695,1785795160.253920829,/loadcell_data_filtered.wrench.force.z,-47.6673256585715
2.013627316,1785795160.254561450,/loadcell_data_filtered.wrench.force.z,-43.26068664039367
2.014193899,1785795160.255128033,/loadcell_data_filtered.wrench.force.z,-39.85894348215393
2.014627094,1785795160.255561228,/loadcell_data_filtered.wrench.force.z,-36.43493576577943
2.015107637,1785795160.256041771,/loadcell_data_filtered.wrench.force.z,-35.40957771199597
2.015621105,1785795160.256555239,/loadcell_data_filtered.wrench.force.z,-36.033871832315356
2.016192044,1785795160.257126178,/loadcell_data_filtered.wrench.force.z,-36.07196868605705
2.016516734,1785795160.257450868,/loadcell_data_filtered.wrench.force.z,-36.1594998194841
2.016863769,1785795160.257797903,/loadcell_data_filtered.wrench.force.z,-35.8468743373594
2.017274062,1785795160.258208196,/loadcell_data_filtered.wrench.force.z,-35.422057096801524
2.017612544,1785795160.258546678,/loadcell_data_filtered.wrench.force.z,-34.94152191681213
2.017943171,1785795160.258877305,/loadcell_data_filtered.wrench.force.z,-34.39778413304244
2.018262657,1785795160.259196791,/loadcell_data_filtered.wrench.force.z,-34.262355219202874
2.018558148,1785795160.259492282,/loadcell_data_filtered.wrench.force.z,-34.14921361258963
2.018848418,1785795160.259782552,/loadcell_data_filtered.wrench.force.z,-33.321461913932794
2.019193225,1785795160.260127359,/loadcell_data_filtered.wrench.force.z,-35.23061218317781
2.019563026,1785795160.260497160,/loadcell_data_filtered.wrench.force.z,-38.38036308454506
2.019926182,1785795160.260860316,/loadcell_data_filtered.wrench.force.z,-41.05609278983912
2.020306392,1785795160.261240526,/loadcell_data_filtered.wrench.force.z,-43.01550650639734
2.020684957,1785795160.261619091,/loadcell_data_filtered.wrench.force.z,-44.50029432089154
2.02117266,1785795160.262106794,/loadcell_data_filtered.wrench.force.z,-46.095140488359974
2.021660963,1785795160.262595097,/loadcell_data_filtered.wrench.force.z,-48.09435758031161
2.022242368,1785795160.263176502,/loadcell_data_filtered.wrench.force.z,-47.3710797437777
2.022683025,1785795160.263617159,/loadcell_data_filtered.wrench.force.z,-46.52160181570486
2.023269029,1785795160.264203163,/loadcell_data_filtered.wrench.force.z,-45.1417184818222
2.023634518,1785795160.264568652,/loadcell_data_filtered.wrench.force.z,-44.4392788409884
2.024071739,1785795160.265005873,/loadcell_data_filtered.wrench.force.z,-43.36778326876254
2.0246097,1785795160.265543834,/loadcell_data_filtered.wrench.force.z,-42.48194587874601
2.025037826,1785795160.265971960,/loadcell_data_filtered.wrench.force.z,-41.38878885759483
2.025508311,1785795160.266442445,/loadcell_data_filtered.wrench.force.z,-40.73167969986014
2.025913257,1785795160.266847391,/loadcell_data_filtered.wrench.force.z,-39.66045748639421
2.026276498,1785795160.267210632,/loadcell_data_filtered.wrench.force.z,-38.99278779137305
2.026593337,1785795160.267527471,/loadcell_data_filtered.wrench.force.z,-33.59739867444313
2.026901241,1785795160.267835375,/loadcell_data_filtered.wrench.force.z,-28.723743317688506
2.027213495,1785795160.268147629,/loadcell_data_filtered.wrench.force.z,-23.464593888286522
2.027513153,1785795160.268447287,/loadcell_data_filtered.wrench.force.z,-18.598698354691518
2.027797428,1785795160.268731562,/loadcell_data_filtered.wrench.force.z,-14.910769268282275
2.028043861,1785795160.268977995,/loadcell_data_filtered.wrench.force.z,-11.874257432025026
2.02829202,1785795160.269226154,/loadcell_data_filtered.wrench.force.z,-9.509956627834
2.028605124,1785795160.269539258,/loadcell_data_filtered.wrench.force.z,-8.279478017513796
2.028909039,1785795160.269843173,/loadcell_data_filtered.wrench.force.z,-7.503814593873539
2.033054637,1785795160.273988771,/loadcell_data_filtered.wrench.force.z,-6.741097937735241
2.035508799,1785795160.276442933,/loadcell_data_filtered.wrench.force.z,-5.756075281922181
2.035746298,1785795160.276680432,/loadcell_data_filtered.wrench.force.z,-4.330780306551411
2.035864008,1785795160.276798142,/loadcell_data_filtered.wrench.force.z,-2.741367374417234
2.03599011,1785795160.276924244,/loadcell_data_filtered.wrench.force.z,-1.5702650204127564
2.036129241,1785795160.277063375,/loadcell_data_filtered.wrench.force.z,-5.7042454154568
2.036287532,1785795160.277221666,/loadcell_data_filtered.wrench.force.z,-8.434688689386725
2.036420716,1785795160.277354850,/loadcell_data_filtered.wrench.force.z,-11.396066312234273
2.03653939,1785795160.277473524,/loadcell_data_filtered.wrench.force.z,-13.164471564085293
2.036655043,1785795160.277589177,/loadcell_data_filtered.wrench.force.z,-15.147107277781362
2.036770367,1785795160.277704501,/loadcell_data_filtered.wrench.force.z,-15.988599941497982
2.036888877,1785795160.277823011,/loadcell_data_filtered.wrench.force.z,-17.723895604759544
2.037006094,1785795160.277940228,/loadcell_data_filtered.wrench.force.z,-18.931986536787388
2.037162553,1785795160.278096687,/loadcell_data_filtered.wrench.force.z,-18.866483576369756
2.037245394,1785795160.278179528,/loadcell_data_filtered.wrench.force.z,-18.383631644415644
2.037576555,1785795160.278510689,/loadcell_data_filtered.wrench.force.z,-18.72889598050052
2.040837939,1785795160.281772073,/loadcell_data_filtered.wrench.force.z,-18.825294326440588
2.043019094,1785795160.283953228,/loadcell_data_filtered.wrench.force.z,-19.34582805553653
2.043293663,1785795160.284227797,/loadcell_data_filtered.wrench.force.z,-18.637183082895362
2.043531283,1785795160.284465417,/loadcell_data_filtered.wrench.force.z,-18.482138603055027
2.04377295,1785795160.284707084,/loadcell_data_filtered.wrench.force.z,-18.23359878806077
2.044093162,1785795160.285027296,/loadcell_data_filtered.wrench.force.z,-17.77162392577869
2.044478438,1785795160.285412572,/loadcell_data_filtered.wrench.force.z,-11.463809648843018
2.04474584,1785795160.285679974,/loadcell_data_filtered.wrench.force.z,-7.74994030163408
2.044994298,1785795160.285928432,/loadcell_data_filtered.wrench.force.z,-3.7108813784172394
2.045294507,1785795160.286228641,/loadcell_data_filtered.wrench.force.z,-0.7228908527696651
2.046166916,1785795160.287101050,/loadcell_data_filtered.wrench.force.z,1.1607282881780547
2.046574652,1785795160.287508786,/loadcell_data_filtered.wrench.force.z,2.047485200210796
2.046922051,1785795160.287856185,/loadcell_data_filtered.wrench.force.z,1.6551289318433247
2.047295671,1785795160.288229805,/loadcell_data_filtered.wrench.force.z,1.668110675174806
2.047556198,1785795160.288490332,/loadcell_data_filtered.wrench.force.z,1.6772563173877306
2.047854748,1785795160.288788882,/loadcell_data_filtered.wrench.force.z,1.372078413090063
2.048167018,1785795160.289101152,/loadcell_data_filtered.wrench.force.z,1.0937800112284877
2.048423322,1785795160.289357456,/loadcell_data_filtered.wrench.force.z,0.4384298890840379
2.04867443,1785795160.289608564,/loadcell_data_filtered.wrench.force.z,-1.4866538779528402
2.048939314,1785795160.289873448,/loadcell_data_filtered.wrench.force.z,-2.3869993015815307
2.049170473,1785795160.290104607,/loadcell_data_filtered.wrench.force.z,-3.3600774475299193
2.049386654,1785795160.290320788,/loadcell_data_filtered.wrench.force.z,-4.2861349552152745
2.049682143,1785795160.290616277,/loadcell_data_filtered.wrench.force.z,-8.959868851752262
2.050032176,1785795160.290966310,/loadcell_data_filtered.wrench.force.z,-13.712823823430522
2.053477399,1785795160.294411533,/loadcell_data_filtered.wrench.force.z,-18.932846862828573
2.053754139,1785795160.294688273,/loadcell_data_filtered.wrench.force.z,-23.32386581952357
2.05404433,1785795160.294978464,/loadcell_data_filtered.wrench.force.z,-26.626635515689095
2.054273906,1785795160.295208040,/loadcell_data_filtered.wrench.force.z,-29.686748128987443
2.054462049,1785795160.295396183,/loadcell_data_filtered.wrench.force.z,-31.427900701038062
2.054635786,1785795160.295569920,/loadcell_data_filtered.wrench.force.z,-31.956462328488804
2.054803334,1785795160.295737468,/loadcell_data_filtered.wrench.force.z,-32.540257452705454
2.055068859,1785795160.296002993,/loadcell_data_filtered.wrench.force.z,-33.89392275038644
2.055489862,1785795160.296423996,/loadcell_data_filtered.wrench.force.z,-34.421012265494724
2.055759218,1785795160.296693352,/loadcell_data_filtered.wrench.force.z,-34.916847074791775
2.055945792,1785795160.296879926,/loadcell_data_filtered.wrench.force.z,-35.76515977950784
2.056159033,1785795160.297093167,/loadcell_data_filtered.wrench.force.z,-36.59354364608157
2.056340079,1785795160.297274213,/loadcell_data_filtered.wrench.force.z,-36.846251234574446
2.056657132,1785795160.297591266,/loadcell_data_filtered.wrench.force.z,-37.1991224040584
2.057229378,1785795160.298163512,/loadcell_data_filtered.wrench.force.z,-37.62543103834811
2.057585068,1785795160.298519202,/loadcell_data_filtered.wrench.force.z,-32.973510878948346
2.061144433,1785795160.302078567,/loadcell_data_filtered.wrench.force.z,-28.636468308728386
2.061395648,1785795160.302329782,/loadcell_data_filtered.wrench.force.z,-24.25700257489924
2.061580385,1785795160.302514519,/loadcell_data_filtered.wrench.force.z,-19.99863989864367
2.0617483,1785795160.302682434,/loadcell_data_filtered.wrench.force.z,-16.8979820980599
2.061920562,1785795160.302854696,/loadcell_data_filtered.wrench.force.z,-14.43948282940488
2.062103471,1785795160.303037605,/loadcell_data_filtered.wrench.force.z,-12.339202650172643
2.062264491,1785795160.303198625,/loadcell_data_filtered.wrench.force.z,-11.197905199325998
2.062431044,1785795160.303365178,/loadcell_data_filtered.wrench.force.z,-10.835045256038637
2.062587661,1785795160.303521795,/loadcell_data_filtered.wrench.force.z,-11.126322053349599
2.062786612,1785795160.303720746,/loadcell_data_filtered.wrench.force.z,-10.515083336476309
2.063169433,1785795160.304103567,/loadcell_data_filtered.wrench.force.z,-10.40981659655835
2.063558627,1785795160.304492761,/loadcell_data_filtered.wrench.force.z,-10.293607883804231
2.064022759,1785795160.304956893,/loadcell_data_filtered.wrench.force.z,-10.09978484665617
2.064881351,1785795160.305815485,/loadcell_data_filtered.wrench.force.z,-9.947119341787124
2.065452302,1785795160.306386436,/loadcell_data_filtered.wrench.force.z,-9.909862736836967
2.065730829,1785795160.306664963,/loadcell_data_filtered.wrench.force.z,-9.843121653634666
2.066188858,1785795160.307122992,/loadcell_data_filtered.wrench.force.z,-15.052925837442094
2.066609308,1785795160.307543442,/loadcell_data_filtered.wrench.force.z,-19.11449144190774
2.067196206,1785795160.308130340,/loadcell_data_filtered.wrench.force.z,-23.214688326088755
2.067578432,1785795160.308512566,/loadcell_data_filtered.wrench.force.z,-26.19575306743743
2.069872416,1785795160.310806550,/loadcell_data_filtered.wrench.force.z,-29.17687559949521
2.070216541,1785795160.311150675,/loadcell_data_filtered.wrench.force.z,-30.571733668767227
2.070403718,1785795160.311337852,/loadcell_data_filtered.wrench.force.z,-30.855784203902285
2.070585426,1785795160.311519560,/loadcell_data_filtered.wrench.force.z,-30.422096997770293
2.070752231,1785795160.311686365,/loadcell_data_filtered.wrench.force.z,-29.67844106774024
2.072332265,1785795160.313266399,/loadcell_data_filtered.wrench.force.z,-29.24826860690912
2.072539045,1785795160.313473179,/loadcell_data_filtered.wrench.force.z,-29.145688370606265
2.072710129,1785795160.313644263,/loadcell_data_filtered.wrench.force.z,-27.950080197784136
2.072827362,1785795160.313761496,/loadcell_data_filtered.wrench.force.z,-26.65696121505944
2.072956956,1785795160.313891090,/loadcell_data_filtered.wrench.force.z,-25.78057128171293
2.07308506,1785795160.314019194,/loadcell_data_filtered.wrench.force.z,-25.072414836536716
2.073522427,1785795160.314456561,/loadcell_data_filtered.wrench.force.z,-25.34161904048116
2.08558077,1785795160.326514904,/loadcell_data_filtered.wrench.force.z,-23.540568448848852
2.087176007,1785795160.328110141,/loadcell_data_filtered.wrench.force.z,-22.777534701270312
2.087577084,1785795160.328511218,/loadcell_data_filtered.wrench.force.z,-25.318610534918413
2.087863494,1785795160.328797628,/loadcell_data_filtered.wrench.force.z,-27.674653728289016
2.088234002,1785795160.329168136,/loadcell_data_filtered.wrench.force.z,-30.494829142508593
2.088748551,1785795160.329682685,/loadcell_data_filtered.wrench.force.z,-32.623712547890115
2.089175332,1785795160.330109466,/loadcell_data_filtered.wrench.force.z,-34.28932511856572
2.089513086,1785795160.330447220,/loadcell_data_filtered.wrench.force.z,-35.507701291657995
2.089852258,1785795160.330786392,/loadcell_data_filtered.wrench.force.z,-35.90038670317446
2.090108928,1785795160.331043062,/loadcell_data_filtered.wrench.force.z,-35.350082376520916
2.090334672,1785795160.331268806,/loadcell_data_filtered.wrench.force.z,-35.95129502705125
2.090576166,1785795160.331510300,/loadcell_data_filtered.wrench.force.z,-38.63340567130263
2.090954277,1785795160.331888411,/loadcell_data_filtered.wrench.force.z,-37.88359756999586
2.09121641,1785795160.332150544,/loadcell_data_filtered.wrench.force.z,-37.42139613400091
2.091425211,1785795160.332359345,/loadcell_data_filtered.wrench.force.z,-37.01103995090511
2.09165389,1785795160.332588024,/loadcell_data_filtered.wrench.force.z,-36.713987152209086
2.091879651,1785795160.332813785,/loadcell_data_filtered.wrench.force.z,-35.585500337886046
2.092131933,1785795160.333066067,/loadcell_data_filtered.wrench.force.z,-35.024751142283534
2.092432812,1785795160.333366946,/loadcell_data_filtered.wrench.force.z,-34.67383265101151
2.092740099,1785795160.333674233,/loadcell_data_filtered.wrench.force.z,-28.64595714544471
2.093015267,1785795160.333949401,/loadcell_data_filtered.wrench.force.z,-23.79988325148833
2.093322005,1785795160.334256139,/loadcell_data_filtered.wrench.force.z,-18.954199062984472
2.094528038,1785795160.335462172,/loadcell_data_filtered.wrench.force.z,-14.657050354220809
2.094946758,1785795160.335880892,/loadcell_data_filtered.wrench.force.z,-11.231259472207917
2.0952494,1785795160.336183534,/loadcell_data_filtered.wrench.force.z,-9.279930026282024
2.095460248,1785795160.336394382,/loadcell_data_filtered.wrench.force.z,-15.046891775446035
2.095644122,1785795160.336578256,/loadcell_data_filtered.wrench.force.z,-14.133679110227133
2.095818985,1785795160.336753119,/loadcell_data_filtered.wrench.force.z,-14.752751314674503
2.095975857,1785795160.336909991,/loadcell_data_filtered.wrench.force.z,-14.572816347527162
2.096145146,1785795160.337079280,/loadcell_data_filtered.wrench.force.z,-14.312573626753167
2.096388337,1785795160.337322471,/loadcell_data_filtered.wrench.force.z,-14.75710073872425
2.096901203,1785795160.337835337,/loadcell_data_filtered.wrench.force.z,-14.83520204109424
2.097255611,1785795160.338189745,/loadcell_data_filtered.wrench.force.z,-14.93985923147448
2.098152664,1785795160.339086798,/loadcell_data_filtered.wrench.force.z,-15.528973398894818
2.101074059,1785795160.342008193,/loadcell_data_filtered.wrench.force.z,-16.097181745449852
2.101690048,1785795160.342624182,/loadcell_data_filtered.wrench.force.z,-16.698922896965055
2.102064017,1785795160.342998151,/loadcell_data_filtered.wrench.force.z,-23.057884720430476
2.102273351,1785795160.343207485,/loadcell_data_filtered.wrench.force.z,-27.496432932332297
2.102477608,1785795160.343411742,/loadcell_data_filtered.wrench.force.z,-31.874198247847236
2.102652085,1785795160.343586219,/loadcell_data_filtered.wrench.force.z,-35.608205109681556
2.102810745,1785795160.343744879,/loadcell_data_filtered.wrench.force.z,-39.13698197076488
2.102965825,1785795160.343899959,/loadcell_data_filtered.wrench.force.z,-42.77725670937684
2.103143102,1785795160.344077236,/loadcell_data_filtered.wrench.force.z,-46.08495061020043
2.104161086,1785795160.345095220,/loadcell_data_filtered.wrench.force.z,-47.34270420097531
2.104750998,1785795160.345685132,/loadcell_data_filtered.wrench.force.z,-48.635522156280054
2.10508833,1785795160.346022464,/loadcell_data_filtered.wrench.force.z,-49.48789350982348
2.105486058,1785795160.346420192,/loadcell_data_filtered.wrench.force.z,-50.618048644968006
2.105789067,1785795160.346723201,/loadcell_data_filtered.wrench.force.z,-52.300718002413014
2.106060604,1785795160.346994738,/loadcell_data_filtered.wrench.force.z,-54.23947716259009
2.106448362,1785795160.347382496,/loadcell_data_filtered.wrench.force.z,-55.98155482575648
2.106783453,1785795160.347717587,/loadcell_data_filtered.wrench.force.z,-57.344551894731346
2.107084326,1785795160.348018460,/loadcell_data_filtered.wrench.force.z,-58.64350833342972
2.107395234,1785795160.348329368,/loadcell_data_filtered.wrench.force.z,-58.01664473507668
2.107829127,1785795160.348763261,/loadcell_data_filtered.wrench.force.z,-53.329913896650005
2.108362075,1785795160.349296209,/loadcell_data_filtered.wrench.force.z,-49.384840621234545
2.108853427,1785795160.349787561,/loadcell_data_filtered.wrench.force.z,-46.12719333874343
2.109695929,1785795160.350630063,/loadcell_data_filtered.wrench.force.z,-43.72196898828548
2.110121849,1785795160.351055983,/loadcell_data_filtered.wrench.force.z,-41.848191228363156
2.110505518,1785795160.351439652,/loadcell_data_filtered.wrench.force.z,-41.47072834158936
2.113049026,1785795160.353983160,/loadcell_data_filtered.wrench.force.z,-41.96660475722157
2.116207056,1785795160.357141190,/loadcell_data_filtered.wrench.force.z,-42.12600022920173
2.119266217,1785795160.360200351,/loadcell_data_filtered.wrench.force.z,-41.94253758844463
2.119282092,1785795160.360216226,/loadcell_data_filtered.wrench.force.z,-42.055781353121546
2.119286843,1785795160.360220977,/loadcell_data_filtered.wrench.force.z,-42.33300335085147
2.11929025,1785795160.360224384,/loadcell_data_filtered.wrench.force.z,-42.27388509558766
2.119294191,1785795160.360228325,/loadcell_data_filtered.wrench.force.z,-42.35240982616971
2.119299869,1785795160.360234003,/loadcell_data_filtered.wrench.force.z,-42.35826001855613
2.1193034490000002,1785795160.360237583,/loadcell_data_filtered.wrench.force.z,-42.58394730176294
2.119309876,1785795160.360244010,/loadcell_data_filtered.wrench.force.z,-43.03060076981566
2.119470355,1785795160.360404489,/loadcell_data_filtered.wrench.force.z,-47.48197993276071
2.119827011,1785795160.360761145,/loadcell_data_filtered.wrench.force.z,-51.562929316916765
2.120394634,1785795160.361328768,/loadcell_data_filtered.wrench.force.z,-55.46534789259596
2.120529079,1785795160.361463213,/loadcell_data_filtered.wrench.force.z,-58.95660972299711
2.120848871,1785795160.361783005,/loadcell_data_filtered.wrench.force.z,-62.05701950043338
2.123376082,1785795160.364310216,/loadcell_data_filtered.wrench.force.z,-64.16605017630296
2.123681449,1785795160.364615583,/loadcell_data_filtered.wrench.force.z,-65.4010170325534
2.123960983,1785795160.364895117,/loadcell_data_filtered.wrench.force.z,-64.93667482203585
2.124575115,1785795160.365509249,/loadcell_data_filtered.wrench.force.z,-63.96966145690766
2.124632545,1785795160.365566679,/loadcell_data_filtered.wrench.force.z,-62.91377358904637
2.124908337,1785795160.365842471,/loadcell_data_filtered.wrench.force.z,-62.12552124819476
2.125375449,1785795160.366309583,/loadcell_data_filtered.wrench.force.z,-61.31261894870461
2.125389528,1785795160.366323662,/loadcell_data_filtered.wrench.force.z,-61.37650847770441
2.12652316,1785795160.367457294,/loadcell_data_filtered.wrench.force.z,-60.72369148546439
2.126541317,1785795160.367475451,/loadcell_data_filtered.wrench.force.z,-61.05437088773061
2.126545411,1785795160.367479545,/loadcell_data_filtered.wrench.force.z,-60.83051526895258
2.12654867,1785795160.367482804,/loadcell_data_filtered.wrench.force.z,-60.26994860126842
2.12674436,1785795160.367678494,/loadcell_data_filtered.wrench.force.z,-61.28417284565414
2.126982126,1785795160.367916260,/loadcell_data_filtered.wrench.force.z,-55.91661276091243
2.127248623,1785795160.368182757,/loadcell_data_filtered.wrench.force.z,-51.381954113554634
2.127625453,1785795160.368559587,/loadcell_data_filtered.wrench.force.z,-47.10300599775453
2.127722101,1785795160.368656235,/loadcell_data_filtered.wrench.force.z,-43.264382229210554
2.128212165,1785795160.369146299,/loadcell_data_filtered.wrench.force.z,-40.7906887609723
2.128222338,1785795160.369156472,/loadcell_data_filtered.wrench.force.z,-38.33431840179
2.130507363,1785795160.371441497,/loadcell_data_filtered.wrench.force.z,-37.03088547160354
2.131345947,1785795160.372280081,/loadcell_data_filtered.wrench.force.z,-35.93815104054745
2.131535017,1785795160.372469151,/loadcell_data_filtered.wrench.force.z,-34.070406228250704
2.131664648,1785795160.372598782,/loadcell_data_filtered.wrench.force.z,-31.973162874388503
2.131796589,1785795160.372730723,/loadcell_data_filtered.wrench.force.z,-29.688326758692995
2.131934826,1785795160.372868960,/loadcell_data_filtered.wrench.force.z,-27.849739434172626
2.132181399,1785795160.373115533,/loadcell_data_filtered.wrench.force.z,-25.834442914386806
2.132387473,1785795160.373321607,/loadcell_data_filtered.wrench.force.z,-24.848795619667843
2.132611263,1785795160.373545397,/loadcell_data_filtered.wrench.force.z,-25.029468678255256
2.132812316,1785795160.373746450,/loadcell_data_filtered.wrench.force.z,-24.46360704944132
2.133021411,1785795160.373955545,/loadcell_data_filtered.wrench.force.z,-29.807132925223613
2.134004828,1785795160.374938962,/loadcell_data_filtered.wrench.force.z,-32.68420879419547
2.134631186,1785795160.375565320,/loadcell_data_filtered.wrench.force.z,-35.05001348219771
2.135089946,1785795160.376024080,/loadcell_data_filtered.wrench.force.z,-36.884051425911
2.135461949,1785795160.376396083,/loadcell_data_filtered.wrench.force.z,-38.90931308250261
2.135729373,1785795160.376663507,/loadcell_data_filtered.wrench.force.z,-39.338916885810114
2.135954789,1785795160.376888923,/loadcell_data_filtered.wrench.force.z,-39.95226706337255
2.136490274,1785795160.377424408,/loadcell_data_filtered.wrench.force.z,-39.12055020616672
2.136896907,1785795160.377831041,/loadcell_data_filtered.wrench.force.z,-37.95996085973179
2.137489886,1785795160.378424020,/loadcell_data_filtered.wrench.force.z,-37.43656487379521
2.137893485,1785795160.378827619,/loadcell_data_filtered.wrench.force.z,-36.4978166685791
2.138430487,1785795160.379364621,/loadcell_data_filtered.wrench.force.z,-35.93635577599765
2.138908785,1785795160.379842919,/loadcell_data_filtered.wrench.force.z,-35.740310937778105
2.1393986050000002,1785795160.380332739,/loadcell_data_filtered.wrench.force.z,-35.70985812499903
2.139815056,1785795160.380749190,/loadcell_data_filtered.wrench.force.z,-35.750464429916484
2.140260493,1785795160.381194627,/loadcell_data_filtered.wrench.force.z,-35.487391094971606
2.140759686,1785795160.381693820,/loadcell_data_filtered.wrench.force.z,-32.26559645868359
2.141337458,1785795160.382271592,/loadcell_data_filtered.wrench.force.z,-26.437833824167082
2.141816247,1785795160.382750381,/loadcell_data_filtered.wrench.force.z,-21.22280491732849
2.142334193,1785795160.383268327,/loadcell_data_filtered.wrench.force.z,-16.469156529116578
2.142753724,1785795160.383687858,/loadcell_data_filtered.wrench.force.z,-13.550704549644326
2.143599713,1785795160.384533847,/loadcell_data_filtered.wrench.force.z,-11.091955776257354
2.144044176,1785795160.384978310,/loadcell_data_filtered.wrench.force.z,-9.447661303176798
2.144421346,1785795160.385355480,/loadcell_data_filtered.wrench.force.z,-8.69418024543546
2.148645033,1785795160.389579167,/loadcell_data_filtered.wrench.force.z,-8.414177905823584
2.149106072,1785795160.390040206,/loadcell_data_filtered.wrench.force.z,-7.47617352626063
2.149359603,1785795160.390293737,/loadcell_data_filtered.wrench.force.z,-6.2334729960884
2.149580786,1785795160.390514920,/loadcell_data_filtered.wrench.force.z,-5.405096038121299
2.149831076,1785795160.390765210,/loadcell_data_filtered.wrench.force.z,-4.45133537937884
2.15019767,1785795160.391131804,/loadcell_data_filtered.wrench.force.z,-3.4248240488643953
2.150470915,1785795160.391405049,/loadcell_data_filtered.wrench.force.z,-2.4344656562670663
2.150779462,1785795160.391713596,/loadcell_data_filtered.wrench.force.z,-2.032915921562061
2.150995115,1785795160.391929249,/loadcell_data_filtered.wrench.force.z,-1.546311024301422
2.15129351,1785795160.392227644,/loadcell_data_filtered.wrench.force.z,-6.842998402089027
2.1515758,1785795160.392509934,/loadcell_data_filtered.wrench.force.z,-12.326133702424173
2.151890421,1785795160.392824555,/loadcell_data_filtered.wrench.force.z,-16.50903647900117
2.152180402,1785795160.393114536,/loadcell_data_filtered.wrench.force.z,-20.163849747334062
2.152474978,1785795160.393409112,/loadcell_data_filtered.wrench.force.z,-23.892966371935266
2.152843146,1785795160.393777280,/loadcell_data_filtered.wrench.force.z,-26.934224397265112
2.153207734,1785795160.394141868,/loadcell_data_filtered.wrench.force.z,-29.338747177446727
2.153529909,1785795160.394464043,/loadcell_data_filtered.wrench.force.z,-30.350406472277978
2.15377275,1785795160.394706884,/loadcell_data_filtered.wrench.force.z,-30.901294729916437
2.154088308,1785795160.395022442,/loadcell_data_filtered.wrench.force.z,-31.805019459939047
2.1544175819999998,1785795160.395351716,/loadcell_data_filtered.wrench.force.z,-33.25475146428821
2.154805191,1785795160.395739325,/loadcell_data_filtered.wrench.force.z,-34.62247698607202
2.155295232,1785795160.396229366,/loadcell_data_filtered.wrench.force.z,-36.15532520563047
2.155997222,1785795160.396931356,/loadcell_data_filtered.wrench.force.z,-38.25449274524603
2.156356437,1785795160.397290571,/loadcell_data_filtered.wrench.force.z,-40.32254104267206
2.156808572,1785795160.397742706,/loadcell_data_filtered.wrench.force.z,-42.27148909236917
2.15881537,1785795160.399749504,/loadcell_data_filtered.wrench.force.z,-44.09956566259452
2.158993261,1785795160.399927395,/loadcell_data_filtered.wrench.force.z,-40.35719653030458
2.159129999,1785795160.400064133,/loadcell_data_filtered.wrench.force.z,-38.267042839501975
2.159270675,1785795160.400204809,/loadcell_data_filtered.wrench.force.z,-42.67992373719624
2.159429315,1785795160.400363449,/loadcell_data_filtered.wrench.force.z,-40.1286047312599
2.159544479,1785795160.400478613,/loadcell_data_filtered.wrench.force.z,-39.1036298995238
2.164008108,1785795160.404942242,/loadcell_data_filtered.wrench.force.z,-39.158996485155285
2.16518433,1785795160.406118464,/loadcell_data_filtered.wrench.force.z,-39.58187639068105
2.165363095,1785795160.406297229,/loadcell_data_filtered.wrench.force.z,-40.04092853905627
2.165501537,1785795160.406435671,/loadcell_data_filtered.wrench.force.z,-40.45776064639836
2.165634003,1785795160.406568137,/loadcell_data_filtered.wrench.force.z,-40.36900279535604
2.165777947,1785795160.406712081,/loadcell_data_filtered.wrench.force.z,-40.670126398306195
2.165910006,1785795160.406844140,/loadcell_data_filtered.wrench.force.z,-40.41329371290579
2.166052155,1785795160.406986289,/loadcell_data_filtered.wrench.force.z,-40.04223367343592
2.16618105,1785795160.407115184,/loadcell_data_filtered.wrench.force.z,-39.928084828168195
2.166306505,1785795160.407240639,/loadcell_data_filtered.wrench.force.z,-40.040108615797244
2.166435394,1785795160.407369528,/loadcell_data_filtered.wrench.force.z,-39.65131604657663
2.166602243,1785795160.407536377,/loadcell_data_filtered.wrench.force.z,-40.90618316471349
2.166700033,1785795160.407634167,/loadcell_data_filtered.wrench.force.z,-47.47365484293104
2.166826175,1785795160.407760309,/loadcell_data_filtered.wrench.force.z,-51.30476872483605
2.167817168,1785795160.408751302,/loadcell_data_filtered.wrench.force.z,-54.76719206938411
2.168114141,1785795160.409048275,/loadcell_data_filtered.wrench.force.z,-57.28611056609423
2.168244857,1785795160.409178991,/loadcell_data_filtered.wrench.force.z,-59.397787548232856
2.168465536,1785795160.409399670,/loadcell_data_filtered.wrench.force.z,-60.245182914864955
2.16984253,1785795160.410776664,/loadcell_data_filtered.wrench.force.z,-60.45298557983366
2.172348042,1785795160.413282176,/loadcell_data_filtered.wrench.force.z,-59.902871438460515
2.172505102,1785795160.413439236,/loadcell_data_filtered.wrench.force.z,-58.10385315415632
2.173251102,1785795160.414185236,/loadcell_data_filtered.wrench.force.z,-56.691684512605995
2.1734813,1785795160.414415434,/loadcell_data_filtered.wrench.force.z,-55.27724691071451
2.173658476,1785795160.414592610,/loadcell_data_filtered.wrench.force.z,-53.973490675137015
2.17385751,1785795160.414791644,/loadcell_data_filtered.wrench.force.z,-53.17947530531152
2.174088729,1785795160.415022863,/loadcell_data_filtered.wrench.force.z,-52.464860447565144
2.174290713,1785795160.415224847,/loadcell_data_filtered.wrench.force.z,-52.30649543092571
2.174497847,1785795160.415431981,/loadcell_data_filtered.wrench.force.z,-52.362863845950784
2.174704904,1785795160.415639038,/loadcell_data_filtered.wrench.force.z,-48.488066402486865
2.174911766,1785795160.415845900,/loadcell_data_filtered.wrench.force.z,-42.63246458297717
2.175075901,1785795160.416010035,/loadcell_data_filtered.wrench.force.z,-37.29255343860483
2.175519137,1785795160.416453271,/loadcell_data_filtered.wrench.force.z,-32.11093168955795
2.176304347,1785795160.417238481,/loadcell_data_filtered.wrench.force.z,-28.411235768713183
2.17689291,1785795160.417827044,/loadcell_data_filtered.wrench.force.z,-24.903856285427842
2.179282142,1785795160.420216276,/loadcell_data_filtered.wrench.force.z,-22.999694917256306
2.179740087,1785795160.420674221,/loadcell_data_filtered.wrench.force.z,-22.000394903183487
2.180035843,1785795160.420969977,/loadcell_data_filtered.wrench.force.z,-21.08462721807722
2.1803486420000002,1785795160.421282776,/loadcell_data_filtered.wrench.force.z,-27.173714307956395
2.180618866,1785795160.421553000,/loadcell_data_filtered.wrench.force.z,-26.229765601811415
2.180928288,1785795160.421862422,/loadcell_data_filtered.wrench.force.z,-26.20288437777334
2.181234969,1785795160.422169103,/loadcell_data_filtered.wrench.force.z,-25.246330133717866
2.181574065,1785795160.422508199,/loadcell_data_filtered.wrench.force.z,-24.564594898145458
2.181823437,1785795160.422757571,/loadcell_data_filtered.wrench.force.z,-23.714706608667832
2.182074052,1785795160.423008186,/loadcell_data_filtered.wrench.force.z,-22.962382106785395
2.18233591,1785795160.423270044,/loadcell_data_filtered.wrench.force.z,-22.414424868925128
2.185136459,1785795160.426070593,/loadcell_data_filtered.wrench.force.z,-26.67520782135118
2.185572217,1785795160.426506351,/loadcell_data_filtered.wrench.force.z,-29.96497593325114
2.185825319,1785795160.426759453,/loadcell_data_filtered.wrench.force.z,-33.317962374728026
2.186092434,1785795160.427026568,/loadcell_data_filtered.wrench.force.z,-39.069510326467295
2.188550744,1785795160.429484878,/loadcell_data_filtered.wrench.force.z,-45.57212846547683
2.188897798,1785795160.429831932,/loadcell_data_filtered.wrench.force.z,-46.53547235376369
2.190104468,1785795160.431038602,/loadcell_data_filtered.wrench.force.z,-48.255799457077266
2.190308051,1785795160.431242185,/loadcell_data_filtered.wrench.force.z,-46.767867972573164
2.190450472,1785795160.431384606,/loadcell_data_filtered.wrench.force.z,-44.98488263636297
2.190586161,1785795160.431520295,/loadcell_data_filtered.wrench.force.z,-43.482030991188644
2.190722454,1785795160.431656588,/loadcell_data_filtered.wrench.force.z,-42.0522280530721
2.190855931,1785795160.431790065,/loadcell_data_filtered.wrench.force.z,-40.89378067926162
2.191053658,1785795160.431987792,/loadcell_data_filtered.wrench.force.z,-39.72655182051524
2.191322015,1785795160.432256149,/loadcell_data_filtered.wrench.force.z,-39.73944406625795
2.191577658,1785795160.432511792,/loadcell_data_filtered.wrench.force.z,-39.12609583324071
2.19183198,1785795160.432766114,/loadcell_data_filtered.wrench.force.z,-38.44065907991411
2.192203567,1785795160.433137701,/loadcell_data_filtered.wrench.force.z,-39.767999540452145
2.1923441869999998,1785795160.433278321,/loadcell_data_filtered.wrench.force.z,-34.26537592284666
2.192616336,1785795160.433550470,/loadcell_data_filtered.wrench.force.z,-29.733236085450407
2.192853128,1785795160.433787262,/loadcell_data_filtered.wrench.force.z,-25.118657452821324
2.193099934,1785795160.434034068,/loadcell_data_filtered.wrench.force.z,-21.766731424147792
2.196251712,1785795160.437185846,/loadcell_data_filtered.wrench.force.z,-17.903620048505562
2.196609621,1785795160.437543755,/loadcell_data_filtered.wrench.force.z,-15.775213879705897
2.196728647,1785795160.437662781,/loadcell_data_filtered.wrench.force.z,-13.801768216703806
2.196841503,1785795160.437775637,/loadcell_data_filtered.wrench.force.z,-12.974671807275467
2.196955243,1785795160.437889377,/loadcell_data_filtered.wrench.force.z,-12.094135703789124
2.197073611,1785795160.438007745,/loadcell_data_filtered.wrench.force.z,-10.7932383700925
2.197186307,1785795160.438120441,/loadcell_data_filtered.wrench.force.z,-10.012608003343512
2.197296342,1785795160.438230476,/loadcell_data_filtered.wrench.force.z,-9.101540611776725
2.197413375,1785795160.438347509,/loadcell_data_filtered.wrench.force.z,-9.17573923289922
2.197529349,1785795160.438463483,/loadcell_data_filtered.wrench.force.z,-9.939864481648083
2.197951459,1785795160.438885593,/loadcell_data_filtered.wrench.force.z,-9.513660169891304
2.199003067,1785795160.439937201,/loadcell_data_filtered.wrench.force.z,-9.513865916147966
2.199530341,1785795160.440464475,/loadcell_data_filtered.wrench.force.z,-9.862545384863164
2.200364465,1785795160.441298599,/loadcell_data_filtered.wrench.force.z,-15.231252919277653
2.201010119,1785795160.441944253,/loadcell_data_filtered.wrench.force.z,-18.997731650594165
2.201245557,1785795160.442179691,/loadcell_data_filtered.wrench.force.z,-22.107185758175213
2.203834872,1785795160.444769006,/loadcell_data_filtered.wrench.force.z,-25.089406018982636
2.204338279,1785795160.445272413,/loadcell_data_filtered.wrench.force.z,-28.443204101159658
2.204689722,1785795160.445623856,/loadcell_data_filtered.wrench.force.z,-29.345331847349396
2.205001019,1785795160.445935153,/loadcell_data_filtered.wrench.force.z,-29.381167846461885
2.20545313,1785795160.446387264,/loadcell_data_filtered.wrench.force.z,-28.753568207934478
2.20593064,1785795160.446864774,/loadcell_data_filtered.wrench.force.z,-28.02834700064006
2.206279848,1785795160.447213982,/loadcell_data_filtered.wrench.force.z,-27.557265262631024
2.206604683,1785795160.447538817,/loadcell_data_filtered.wrench.force.z,-28.54862767935508
2.206853949,1785795160.447788083,/loadcell_data_filtered.wrench.force.z,-29.219070958365297
2.210444267,1785795160.451378401,/loadcell_data_filtered.wrench.force.z,-29.730760942909964
2.210851962,1785795160.451786096,/loadcell_data_filtered.wrench.force.z,-29.589511841706106
2.21126965,1785795160.452203784,/loadcell_data_filtered.wrench.force.z,-29.21818453874613
2.21148163,1785795160.452415764,/loadcell_data_filtered.wrench.force.z,-29.89063247786881
2.211815257,1785795160.452749391,/loadcell_data_filtered.wrench.force.z,-26.214278210625537
2.212154899,1785795160.453089033,/loadcell_data_filtered.wrench.force.z,-21.8172108359738
2.212441248,1785795160.453375382,/loadcell_data_filtered.wrench.force.z,-16.76688128752174
2.21269797,1785795160.453632104,/loadcell_data_filtered.wrench.force.z,-12.685203949023684
2.213006589,1785795160.453940723,/loadcell_data_filtered.wrench.force.z,-9.727265175834948
2.213300308,1785795160.454234442,/loadcell_data_filtered.wrench.force.z,-7.00211292207889
2.213580604,1785795160.454514738,/loadcell_data_filtered.wrench.force.z,-6.86747218069124
2.213838489,1785795160.454772623,/loadcell_data_filtered.wrench.force.z,-8.649143752998713
2.214088588,1785795160.455022722,/loadcell_data_filtered.wrench.force.z,-9.403572314082695
2.214334093,1785795160.455268227,/loadcell_data_filtered.wrench.force.z,-10.291835302564962
2.214610015,1785795160.455544149,/loadcell_data_filtered.wrench.force.z,-11.053972672048216
2.216023109,1785795160.456957243,/loadcell_data_filtered.wrench.force.z,-11.734176128534523
2.21660864,1785795160.457542774,/loadcell_data_filtered.wrench.force.z,-13.067135490169775
2.216731463,1785795160.457665597,/loadcell_data_filtered.wrench.force.z,-13.451246487139287
2.216840478,1785795160.457774612,/loadcell_data_filtered.wrench.force.z,-13.962357504735506
2.217030197,1785795160.457964331,/loadcell_data_filtered.wrench.force.z,-14.289848674000394
2.217347992,1785795160.458282126,/loadcell_data_filtered.wrench.force.z,-14.700681524327067
2.217662607,1785795160.458596741,/loadcell_data_filtered.wrench.force.z,-20.025655949534997
2.219372841,1785795160.460306975,/loadcell_data_filtered.wrench.force.z,-24.770835752989647
2.220470637,1785795160.461404771,/loadcell_data_filtered.wrench.force.z,-29.4876260810034
2.221173077,1785795160.462107211,/loadcell_data_filtered.wrench.force.z,-34.76461079567932
2.223251574,1785795160.464185708,/loadcell_data_filtered.wrench.force.z,-38.3737676510555
2.223275158,1785795160.464209292,/loadcell_data_filtered.wrench.force.z,-40.65469210700502
2.2232802830000002,1785795160.464214417,/loadcell_data_filtered.wrench.force.z,-42.33985587481879
2.223831952,1785795160.464766086,/loadcell_data_filtered.wrench.force.z,-43.014484918753894
2.224280021,1785795160.465214155,/loadcell_data_filtered.wrench.force.z,-42.6261812855593
2.224547227,1785795160.465481361,/loadcell_data_filtered.wrench.force.z,-43.383953731096916
2.224820478,1785795160.465754612,/loadcell_data_filtered.wrench.force.z,-45.369699920769186
2.225259491,1785795160.466193625,/loadcell_data_filtered.wrench.force.z,-45.906624438955745
2.225668568,1785795160.466602702,/loadcell_data_filtered.wrench.force.z,-46.63210798962221
2.226124401,1785795160.467058535,/loadcell_data_filtered.wrench.force.z,-47.578684570253884
2.226591976,1785795160.467526110,/loadcell_data_filtered.wrench.force.z,-47.81580998371147
2.226997301,1785795160.467931435,/loadcell_data_filtered.wrench.force.z,-48.03811906454868
2.227396364,1785795160.468330498,/loadcell_data_filtered.wrench.force.z,-48.540227885384766
2.227734503,1785795160.468668637,/loadcell_data_filtered.wrench.force.z,-42.92546296751448
2.228202638,1785795160.469136772,/loadcell_data_filtered.wrench.force.z,-38.95899545634687
2.228649965,1785795160.469584099,/loadcell_data_filtered.wrench.force.z,-34.6824281351147
2.229087118,1785795160.470021252,/loadcell_data_filtered.wrench.force.z,-31.26743356576399
2.229500182,1785795160.470434316,/loadcell_data_filtered.wrench.force.z,-28.193935660774137
2.229859675,1785795160.470793809,/loadcell_data_filtered.wrench.force.z,-26.201214132437173
2.230219481,1785795160.471153615,/loadcell_data_filtered.wrench.force.z,-24.660225028423227
2.230588132,1785795160.471522266,/loadcell_data_filtered.wrench.force.z,-23.905441201761388
2.230989462,1785795160.471923596,/loadcell_data_filtered.wrench.force.z,-23.264862856515563
2.231461919,1785795160.472396053,/loadcell_data_filtered.wrench.force.z,-22.225151692759315
2.231898769,1785795160.472832903,/loadcell_data_filtered.wrench.force.z,-21.500442082168917
2.232250685,1785795160.473184819,/loadcell_data_filtered.wrench.force.z,-20.424175515635124
2.232580412,1785795160.473514546,/loadcell_data_filtered.wrench.force.z,-19.69935345916723
2.23292849,1785795160.473862624,/loadcell_data_filtered.wrench.force.z,-18.568386747827354
2.233362762,1785795160.474296896,/loadcell_data_filtered.wrench.force.z,-17.872688439472327
2.233805842,1785795160.474739976,/loadcell_data_filtered.wrench.force.z,-16.70531243842902
2.234385164,1785795160.475319298,/loadcell_data_filtered.wrench.force.z,-16.740909745099973
2.237007105,1785795160.477941239,/loadcell_data_filtered.wrench.force.z,-20.7491356464131
2.237223422,1785795160.478157556,/loadcell_data_filtered.wrench.force.z,-23.639859484951536
2.2373897400000002,1785795160.478323874,/loadcell_data_filtered.wrench.force.z,-25.426561551728483
2.237528966,1785795160.478463100,/loadcell_data_filtered.wrench.force.z,-26.30393857788154
2.237687643,1785795160.478621777,/loadcell_data_filtered.wrench.force.z,-27.82706185504625
2.237812313,1785795160.478746447,/loadcell_data_filtered.wrench.force.z,-27.539933979579256
2.237993657,1785795160.478927791,/loadcell_data_filtered.wrench.force.z,-26.11178701426404
2.238207103,1785795160.479141237,/loadcell_data_filtered.wrench.force.z,-24.275567743113033
2.238420259,1785795160.479354393,/loadcell_data_filtered.wrench.force.z,-22.243050232557195
2.238629297,1785795160.479563431,/loadcell_data_filtered.wrench.force.z,-20.90504928725227
2.238848178,1785795160.479782312,/loadcell_data_filtered.wrench.force.z,-21.15426660209836
2.239754528,1785795160.480688662,/loadcell_data_filtered.wrench.force.z,-20.23281038068353
2.240156337,1785795160.481090471,/loadcell_data_filtered.wrench.force.z,-19.106043686459795
2.240469856,1785795160.481403990,/loadcell_data_filtered.wrench.force.z,-18.46833561116696
2.240725215,1785795160.481659349,/loadcell_data_filtered.wrench.force.z,-17.40318033328145
2.2409646,1785795160.481898734,/loadcell_data_filtered.wrench.force.z,-16.91409520193419
2.241227798,1785795160.482161932,/loadcell_data_filtered.wrench.force.z,-12.365028137913065
2.244255408,1785795160.485189542,/loadcell_data_filtered.wrench.force.z,-7.392826500298952
2.244690912,1785795160.485625046,/loadcell_data_filtered.wrench.force.z,-1.87065764760694
2.244917645,1785795160.485851779,/loadcell_data_filtered.wrench.force.z,3.1389140233761132
2.245159204,1785795160.486093338,/loadcell_data_filtered.wrench.force.z,7.641822488747364
2.245398814,1785795160.486332948,/loadcell_data_filtered.wrench.force.z,11.322036276203235
2.245630352,1785795160.486564486,/loadcell_data_filtered.wrench.force.z,14.33831025933365
2.245851555,1785795160.486785689,/loadcell_data_filtered.wrench.force.z,16.241241306733457
2.247122474,1785795160.488056608,/loadcell_data_filtered.wrench.force.z,17.33521252451103
2.251006685,1785795160.491940819,/loadcell_data_filtered.wrench.force.z,17.27932504605697
2.251196924,1785795160.492131058,/loadcell_data_filtered.wrench.force.z,18.68943080593957
2.251332451,1785795160.492266585,/loadcell_data_filtered.wrench.force.z,20.503329243485144
2.251466294,1785795160.492400428,/loadcell_data_filtered.wrench.force.z,21.780640429952378
2.251595814,1785795160.492529948,/loadcell_data_filtered.wrench.force.z,23.210943543295947
2.251727876,1785795160.492662010,/loadcell_data_filtered.wrench.force.z,24.21857196810793
2.2518539410000002,1785795160.492788075,/loadcell_data_filtered.wrench.force.z,24.99380792675849
2.252013115,1785795160.492947249,/loadcell_data_filtered.wrench.force.z,25.848404620537295
2.252247671,1785795160.493181805,/loadcell_data_filtered.wrench.force.z,21.970840507828168
2.252477119,1785795160.493411253,/loadcell_data_filtered.wrench.force.z,19.64678896085059
2.252702417,1785795160.493636551,/loadcell_data_filtered.wrench.force.z,16.441448837869697
2.252934804,1785795160.493868938,/loadcell_data_filtered.wrench.force.z,13.982384337749732
2.253157826,1785795160.494091960,/loadcell_data_filtered.wrench.force.z,11.364714974272735
2.25338835,1785795160.494322484,/loadcell_data_filtered.wrench.force.z,7.925899991892896
2.253688636,1785795160.494622770,/loadcell_data_filtered.wrench.force.z,5.866573260802705
2.2538534930000003,1785795160.494787627,/loadcell_data_filtered.wrench.force.z,4.428373871020471
2.254057833,1785795160.494991967,/loadcell_data_filtered.wrench.force.z,3.7927467524167375
2.254271326,1785795160.495205460,/loadcell_data_filtered.wrench.force.z,4.097899189002653
2.254479425,1785795160.495413559,/loadcell_data_filtered.wrench.force.z,3.1627273138190546
2.254792575,1785795160.495726709,/loadcell_data_filtered.wrench.force.z,2.352377566176875
2.257235813,1785795160.498169947,/loadcell_data_filtered.wrench.force.z,2.011337028319228
2.257447767,1785795160.498381901,/loadcell_data_filtered.wrench.force.z,0.9132243966189098
2.2577242650000002,1785795160.498658399,/loadcell_data_filtered.wrench.force.z,-5.461018903413316
2.258110554,1785795160.499044688,/loadcell_data_filtered.wrench.force.z,-7.6860505291683845
2.2582319379999998,1785795160.499166072,/loadcell_data_filtered.wrench.force.z,-9.041271002486745
2.259517476,1785795160.500451610,/loadcell_data_filtered.wrench.force.z,-4.171417785857413
2.259833912,1785795160.500768046,/loadcell_data_filtered.wrench.force.z,-0.879282070070635
2.26010317,1785795160.501037304,/loadcell_data_filtered.wrench.force.z,2.02659666796207
2.260343337,1785795160.501277471,/loadcell_data_filtered.wrench.force.z,3.847508423587599
2.260875959,1785795160.501810093,/loadcell_data_filtered.wrench.force.z,5.798895469009608
2.261143797,1785795160.502077931,/loadcell_data_filtered.wrench.force.z,6.41032847867622
2.261443354,1785795160.502377488,/loadcell_data_filtered.wrench.force.z,6.380136310336142
2.261652333,1785795160.502586467,/loadcell_data_filtered.wrench.force.z,5.68715398896229
2.26188543,1785795160.502819564,/loadcell_data_filtered.wrench.force.z,4.669808170394939
2.262296423,1785795160.503230557,/loadcell_data_filtered.wrench.force.z,4.392439717562917
2.262763156,1785795160.503697290,/loadcell_data_filtered.wrench.force.z,3.717787409422749
2.263195508,1785795160.504129642,/loadcell_data_filtered.wrench.force.z,2.888417277250888
2.263567974,1785795160.504502108,/loadcell_data_filtered.wrench.force.z,2.4517909401714753
2.264213771,1785795160.505147905,/loadcell_data_filtered.wrench.force.z,1.4402948876095694
2.2646824260000002,1785795160.505616560,/loadcell_data_filtered.wrench.force.z,0.7999209176472866
2.265209042,1785795160.506143176,/loadcell_data_filtered.wrench.force.z,0.261962504972137
2.265622095,1785795160.506556229,/loadcell_data_filtered.wrench.force.z,-1.9825197603930336
2.266220299,1785795160.507154433,/loadcell_data_filtered.wrench.force.z,-7.612384590794312
2.26666451,1785795160.507598644,/loadcell_data_filtered.wrench.force.z,-12.442871339659822
2.2672177,1785795160.508151834,/loadcell_data_filtered.wrench.force.z,-16.70347546291115
2.270049489,1785795160.510983623,/loadcell_data_filtered.wrench.force.z,-19.918039594723837
2.270510767,1785795160.511444901,/loadcell_data_filtered.wrench.force.z,-23.440994781341757
2.270687063,1785795160.511621197,/loadcell_data_filtered.wrench.force.z,-24.997313167535662
2.270808966,1785795160.511743100,/loadcell_data_filtered.wrench.force.z,-25.382476589626723
2.270983048,1785795160.511917182,/loadcell_data_filtered.wrench.force.z,-25.72011318348359
2.27127932,1785795160.512213454,/loadcell_data_filtered.wrench.force.z,-25.6847968885439
2.271581237,1785795160.512515371,/loadcell_data_filtered.wrench.force.z,-26.166326078967852
2.2718106909999998,1785795160.512744825,/loadcell_data_filtered.wrench.force.z,-27.55428596550812
2.272047738,1785795160.512981872,/loadcell_data_filtered.wrench.force.z,-28.335560018760198
2.272279328,1785795160.513213462,/loadcell_data_filtered.wrench.force.z,-29.29291462857326
2.275257557,1785795160.516191691,/loadcell_data_filtered.wrench.force.z,-30.327521670242646
2.275811504,1785795160.516745638,/loadcell_data_filtered.wrench.force.z,-31.313444644960782
2.276270468,1785795160.517204602,/loadcell_data_filtered.wrench.force.z,-31.6828276714451
2.276679202,1785795160.517613336,/loadcell_data_filtered.wrench.force.z,-27.96116604948338
2.277022388,1785795160.517956522,/loadcell_data_filtered.wrench.force.z,-24.11647548062773
2.277360809,1785795160.518294943,/loadcell_data_filtered.wrench.force.z,-19.827384041159068
2.277696168,1785795160.518630302,/loadcell_data_filtered.wrench.force.z,-16.648291014910292
2.2779702410000002,1785795160.518904375,/loadcell_data_filtered.wrench.force.z,-15.42241988314101
2.278172831,1785795160.519106965,/loadcell_data_filtered.wrench.force.z,-12.974348364669003
2.278362141,1785795160.519296275,/loadcell_data_filtered.wrench.force.z,-11.719262338554714
2.278603817,1785795160.519537951,/loadcell_data_filtered.wrench.force.z,-11.402172016605096
2.278835612,1785795160.519769746,/loadcell_data_filtered.wrench.force.z,-10.937569300779128
2.279058603,1785795160.519992737,/loadcell_data_filtered.wrench.force.z,-10.437746670832523
2.279263309,1785795160.520197443,/loadcell_data_filtered.wrench.force.z,-9.80887965865546
2.279603983,1785795160.520538117,/loadcell_data_filtered.wrench.force.z,-8.812888069412082
2.279992923,1785795160.520927057,/loadcell_data_filtered.wrench.force.z,-7.945247677526776
2.281061154,1785795160.521995288,/loadcell_data_filtered.wrench.force.z,-7.010585211505743
2.28207973,1785795160.523013864,/loadcell_data_filtered.wrench.force.z,-6.316073216334994
2.282499094,1785795160.523433228,/loadcell_data_filtered.wrench.force.z,-4.868023162696746
2.282813387,1785795160.523747521,/loadcell_data_filtered.wrench.force.z,-3.708472762035662
2.283119226,1785795160.524053360,/loadcell_data_filtered.wrench.force.z,-7.344765739676342
2.292678307,1785795160.533612441,/loadcell_data_filtered.wrench.force.z,-5.251109915679699
2.293010541,1785795160.533944675,/loadcell_data_filtered.wrench.force.z,-3.597913785451274
2.293168996,1785795160.534103130,/loadcell_data_filtered.wrench.force.z,-2.0708924279884613
2.293295003,1785795160.534229137,/loadcell_data_filtered.wrench.force.z,-0.6174862951946698
2.293432802,1785795160.534366936,/loadcell_data_filtered.wrench.force.z,0.7547255324613042
2.293560933,1785795160.534495067,/loadcell_data_filtered.wrench.force.z,2.2541356745906405
2.293677302,1785795160.534611436,/loadcell_data_filtered.wrench.force.z,3.605405858110999
2.293794625,1785795160.534728759,/loadcell_data_filtered.wrench.force.z,5.313820046322986
2.293911941,1785795160.534846075,/loadcell_data_filtered.wrench.force.z,8.398051284684348
2.294029153,1785795160.534963287,/loadcell_data_filtered.wrench.force.z,10.178426393825712
2.2941539840000003,1785795160.535088118,/loadcell_data_filtered.wrench.force.z,15.16919872336021
2.294269524,1785795160.535203658,/loadcell_data_filtered.wrench.force.z,15.293151082625249
2.296759836,1785795160.537693970,/loadcell_data_filtered.wrench.force.z,19.571323014566367
2.297023595,1785795160.537957729,/loadcell_data_filtered.wrench.force.z,21.354638919134278
2.297222654,1785795160.538156788,/loadcell_data_filtered.wrench.force.z,22.73714048675337
2.29740643,1785795160.538340564,/loadcell_data_filtered.wrench.force.z,24.591748776509146
2.297642963,1785795160.538577097,/loadcell_data_filtered.wrench.force.z,24.98158448230235
2.29799048,1785795160.538924614,/loadcell_data_filtered.wrench.force.z,26.43835841383757
2.298365833,1785795160.539299967,/loadcell_data_filtered.wrench.force.z,19.513699681055073
2.298661709,1785795160.539595843,/loadcell_data_filtered.wrench.force.z,20.377337297871602
2.300713931,1785795160.541648065,/loadcell_data_filtered.wrench.force.z,19.401307532501203
2.301055797,1785795160.541989931,/loadcell_data_filtered.wrench.force.z,20.086410082272554
2.301363461,1785795160.542297595,/loadcell_data_filtered.wrench.force.z,21.045922012480485
2.301668143,1785795160.542602277,/loadcell_data_filtered.wrench.force.z,22.17151391817841
2.301973403,1785795160.542907537,/loadcell_data_filtered.wrench.force.z,20.5369803600745
2.302270669,1785795160.543204803,/loadcell_data_filtered.wrench.force.z,16.894608985908828
2.302662994,1785795160.543597128,/loadcell_data_filtered.wrench.force.z,14.061344126550845
2.30319215,1785795160.544126284,/loadcell_data_filtered.wrench.force.z,11.59319350923429
2.3037891950000002,1785795160.544723329,/loadcell_data_filtered.wrench.force.z,8.834120063460183
2.304305351,1785795160.545239485,/loadcell_data_filtered.wrench.force.z,5.326468509044545
2.30479125,1785795160.545725384,/loadcell_data_filtered.wrench.force.z,4.07333107073435
2.305219719,1785795160.546153853,/loadcell_data_filtered.wrench.force.z,3.5843342829338414
2.305658532,1785795160.546592666,/loadcell_data_filtered.wrench.force.z,4.2967713877492395
2.31013662,1785795160.551070754,/loadcell_data_filtered.wrench.force.z,4.384543729125414
2.31270642,1785795160.553640554,/loadcell_data_filtered.wrench.force.z,4.8347005565766885
2.312898847,1785795160.553832981,/loadcell_data_filtered.wrench.force.z,5.2418261066279115
2.313073031,1785795160.554007165,/loadcell_data_filtered.wrench.force.z,5.584918136460397
2.313253248,1785795160.554187382,/loadcell_data_filtered.wrench.force.z,10.113382195320948
2.313413556,1785795160.554347690,/loadcell_data_filtered.wrench.force.z,14.544621628082556
2.313573216,1785795160.554507350,/loadcell_data_filtered.wrench.force.z,18.251884286826076
2.31372802,1785795160.554662154,/loadcell_data_filtered.wrench.force.z,20.944401409216184
2.313875411,1785795160.554809545,/loadcell_data_filtered.wrench.force.z,23.24788924889495
2.314029081,1785795160.554963215,/loadcell_data_filtered.wrench.force.z,24.217652335686854
2.31427459,1785795160.555208724,/loadcell_data_filtered.wrench.force.z,24.75991766244896
2.314624026,1785795160.555558160,/loadcell_data_filtered.wrench.force.z,25.02731654677173
2.314954643,1785795160.555888777,/loadcell_data_filtered.wrench.force.z,25.252885776336054
2.315254164,1785795160.556188298,/loadcell_data_filtered.wrench.force.z,25.53037802534968
2.317289716,1785795160.558223850,/loadcell_data_filtered.wrench.force.z,23.113818680941648
2.317600054,1785795160.558534188,/loadcell_data_filtered.wrench.force.z,22.488449810343308
2.3178275360000002,1785795160.558761670,/loadcell_data_filtered.wrench.force.z,21.11286008016705
2.318202403,1785795160.559136537,/loadcell_data_filtered.wrench.force.z,20.866082624029005
2.318707474,1785795160.559641608,/loadcell_data_filtered.wrench.force.z,19.98915962324183
2.319219919,1785795160.560154053,/loadcell_data_filtered.wrench.force.z,19.96931973164086
2.319654483,1785795160.560588617,/loadcell_data_filtered.wrench.force.z,9.837145216357635
2.320198666,1785795160.561132800,/loadcell_data_filtered.wrench.force.z,2.1285629253695753
2.320967603,1785795160.561901737,/loadcell_data_filtered.wrench.force.z,-1.6915293049881468
2.321501314,1785795160.562435448,/loadcell_data_filtered.wrench.force.z,-6.6079243543538215
2.32220399,1785795160.563138124,/loadcell_data_filtered.wrench.force.z,-9.780451128312759
2.322780113,1785795160.563714247,/loadcell_data_filtered.wrench.force.z,-11.63240004809355
2.323451864,1785795160.564385998,/loadcell_data_filtered.wrench.force.z,-12.892856356221323
2.324620809,1785795160.565554943,/loadcell_data_filtered.wrench.force.z,-13.937368428994553
2.325337534,1785795160.566271668,/loadcell_data_filtered.wrench.force.z,-14.59134179467634
2.325883712,1785795160.566817846,/loadcell_data_filtered.wrench.force.z,-15.406821839380187
2.326333321,1785795160.567267455,/loadcell_data_filtered.wrench.force.z,-16.25805110398713
2.326806066,1785795160.567740200,/loadcell_data_filtered.wrench.force.z,-17.193698800602895
2.327336086,1785795160.568270220,/loadcell_data_filtered.wrench.force.z,-18.243544668279604
2.327813003,1785795160.568747137,/loadcell_data_filtered.wrench.force.z,-19.08863335417098
2.328256252,1785795160.569190386,/loadcell_data_filtered.wrench.force.z,-20.175514760538697
2.32873981,1785795160.569673944,/loadcell_data_filtered.wrench.force.z,-20.540333195523516
2.329115489,1785795160.570049623,/loadcell_data_filtered.wrench.force.z,-14.915533099224776
2.329375936,1785795160.570310070,/loadcell_data_filtered.wrench.force.z,-11.105222635285333
2.329676615,1785795160.570610749,/loadcell_data_filtered.wrench.force.z,-8.097267095545327
2.330021495,1785795160.570955629,/loadcell_data_filtered.wrench.force.z,-5.912570818449581
2.330413044,1785795160.571347178,/loadcell_data_filtered.wrench.force.z,-3.7737780750616885
2.330726348,1785795160.571660482,/loadcell_data_filtered.wrench.force.z,-3.0847443327970687
2.331096674,1785795160.572030808,/loadcell_data_filtered.wrench.force.z,-3.2470091002496835
2.33156396,1785795160.572498094,/loadcell_data_filtered.wrench.force.z,-3.4949600205846814
2.331919401,1785795160.572853535,/loadcell_data_filtered.wrench.force.z,-3.7162419398854283
2.332416651,1785795160.573350785,/loadcell_data_filtered.wrench.force.z,-3.484303032865152
2.332823638,1785795160.573757772,/loadcell_data_filtered.wrench.force.z,-4.090866972727422
2.333201739,1785795160.574135873,/loadcell_data_filtered.wrench.force.z,-3.4024014636247806
2.3335904320000003,1785795160.574524566,/loadcell_data_filtered.wrench.force.z,-3.3395412677303526
2.334071056,1785795160.575005190,/loadcell_data_filtered.wrench.force.z,-3.059954207907202
2.334530028,1785795160.575464162,/loadcell_data_filtered.wrench.force.z,-3.345726545768959
2.334955913,1785795160.575890047,/loadcell_data_filtered.wrench.force.z,-3.4215144287961783
2.335432857,1785795160.576366991,/loadcell_data_filtered.wrench.force.z,-6.485808978222073
2.335842468,1785795160.576776602,/loadcell_data_filtered.wrench.force.z,-10.697863865688923
2.336257183,1785795160.577191317,/loadcell_data_filtered.wrench.force.z,-14.389168170996015
2.336688775,1785795160.577622909,/loadcell_data_filtered.wrench.force.z,-17.87457351309948
2.3370201120000003,1785795160.577954246,/loadcell_data_filtered.wrench.force.z,-19.616660117922592
2.337458946,1785795160.578393080,/loadcell_data_filtered.wrench.force.z,-21.436989570044986
2.337979009,1785795160.578913143,/loadcell_data_filtered.wrench.force.z,-22.30946493924474
2.338501245,1785795160.579435379,/loadcell_data_filtered.wrench.force.z,-21.941051845186514
2.33902616,1785795160.579960294,/loadcell_data_filtered.wrench.force.z,-21.249083897948598
2.339509458,1785795160.580443592,/loadcell_data_filtered.wrench.force.z,-20.010114937288535
2.3399357,1785795160.580869834,/loadcell_data_filtered.wrench.force.z,-18.964167848162045
2.340436971,1785795160.581371105,/loadcell_data_filtered.wrench.force.z,-18.08800631017736
2.340884621,1785795160.581818755,/loadcell_data_filtered.wrench.force.z,-17.221294851913406
2.3412821900000003,1785795160.582216324,/loadcell_data_filtered.wrench.force.z,-16.580012729910333
2.341641933,1785795160.582576067,/loadcell_data_filtered.wrench.force.z,-15.638239948648415
2.341963575,1785795160.582897709,/loadcell_data_filtered.wrench.force.z,-14.392962631911152
2.3422366390000002,1785795160.583170773,/loadcell_data_filtered.wrench.force.z,-13.76124043104989
2.342501675,1785795160.583435809,/loadcell_data_filtered.wrench.force.z,-7.797745782600606
2.342778328,1785795160.583712462,/loadcell_data_filtered.wrench.force.z,-2.7219609456214204
2.343036485,1785795160.583970619,/loadcell_data_filtered.wrench.force.z,2.3206390147562335
2.343384185,1785795160.584318319,/loadcell_data_filtered.wrench.force.z,7.121864760067226
2.343800845,1785795160.584734979,/loadcell_data_filtered.wrench.force.z,11.022849175136175
2.346507239,1785795160.587441373,/loadcell_data_filtered.wrench.force.z,14.625639052083418
2.346732478,1785795160.587666612,/loadcell_data_filtered.wrench.force.z,17.54689385550075
2.346907063,1785795160.587841197,/loadcell_data_filtered.wrench.force.z,18.223310124307144
2.347113033,1785795160.588047167,/loadcell_data_filtered.wrench.force.z,18.75667413485699
2.347299086,1785795160.588233220,/loadcell_data_filtered.wrench.force.z,19.868777453257458
2.347509806,1785795160.588443940,/loadcell_data_filtered.wrench.force.z,20.755007762997053
2.347708579,1785795160.588642713,/loadcell_data_filtered.wrench.force.z,21.457722401580234
2.347887106,1785795160.588821240,/loadcell_data_filtered.wrench.force.z,22.477852709592103
2.348059829,1785795160.588993963,/loadcell_data_filtered.wrench.force.z,23.31042995603306
2.348274215,1785795160.589208349,/loadcell_data_filtered.wrench.force.z,24.304356059313506
2.348468795,1785795160.589402929,/loadcell_data_filtered.wrench.force.z,24.932455111302616
2.348854579,1785795160.589788713,/loadcell_data_filtered.wrench.force.z,25.17978300498361
2.349381346,1785795160.590315480,/loadcell_data_filtered.wrench.force.z,20.031553936606258
2.349943301,1785795160.590877435,/loadcell_data_filtered.wrench.force.z,16.94702903404845
2.353010384,1785795160.593944518,/loadcell_data_filtered.wrench.force.z,13.616585189056625
2.353446614,1785795160.594380748,/loadcell_data_filtered.wrench.force.z,11.246517147376169
2.353581945,1785795160.594516079,/loadcell_data_filtered.wrench.force.z,9.594112867458096
2.35373215,1785795160.594666284,/loadcell_data_filtered.wrench.force.z,9.536809169909887
2.353860488,1785795160.594794622,/loadcell_data_filtered.wrench.force.z,9.965421464498103
2.354098252,1785795160.595032386,/loadcell_data_filtered.wrench.force.z,11.135073214602377
2.35424414,1785795160.595178274,/loadcell_data_filtered.wrench.force.z,13.00642645232202
2.354421507,1785795160.595355641,/loadcell_data_filtered.wrench.force.z,13.817470901687432
2.354603671,1785795160.595537805,/loadcell_data_filtered.wrench.force.z,13.070207884830857
2.354789203,1785795160.595723337,/loadcell_data_filtered.wrench.force.z,13.394396487501645
2.356334547,1785795160.597268681,/loadcell_data_filtered.wrench.force.z,13.72974326317263
2.356603333,1785795160.597537467,/loadcell_data_filtered.wrench.force.z,14.097212718460408
2.356815572,1785795160.597749706,/loadcell_data_filtered.wrench.force.z,14.482723837830182
2.36161483,1785795160.602548964,/loadcell_data_filtered.wrench.force.z,14.785588874224569
2.361925367,1785795160.602859501,/loadcell_data_filtered.wrench.force.z,15.72901224378991
2.362164933,1785795160.603099067,/loadcell_data_filtered.wrench.force.z,22.7161519684201
2.362341069,1785795160.603275203,/loadcell_data_filtered.wrench.force.z,28.493432526749256
2.362505683,1785795160.603439817,/loadcell_data_filtered.wrench.force.z,33.05857118479948
2.362671447,1785795160.603605581,/loadcell_data_filtered.wrench.force.z,37.2377253288944
2.362837064,1785795160.603771198,/loadcell_data_filtered.wrench.force.z,40.93664889038692
2.363001376,1785795160.603935510,/loadcell_data_filtered.wrench.force.z,42.834969205538364
2.363168542,1785795160.604102676,/loadcell_data_filtered.wrench.force.z,42.24190376030663
2.363320314,1785795160.604254448,/loadcell_data_filtered.wrench.force.z,41.232702533045575
2.363473727,1785795160.604407861,/loadcell_data_filtered.wrench.force.z,41.16351526164713
2.363999295,1785795160.604933429,/loadcell_data_filtered.wrench.force.z,40.626730368824404
2.364190548,1785795160.605124682,/loadcell_data_filtered.wrench.force.z,40.15881763617621
2.364342183,1785795160.605276317,/loadcell_data_filtered.wrench.force.z,39.85335738138601
2.364508828,1785795160.605442962,/loadcell_data_filtered.wrench.force.z,31.928576571597354
2.364664164,1785795160.605598298,/loadcell_data_filtered.wrench.force.z,31.7112676864081
2.365601559,1785795160.606535693,/loadcell_data_filtered.wrench.force.z,30.005717685011696
2.365811861,1785795160.606745995,/loadcell_data_filtered.wrench.force.z,28.975497504458612
2.365994324,1785795160.606928458,/loadcell_data_filtered.wrench.force.z,24.567133537025512
2.366988777,1785795160.607922911,/loadcell_data_filtered.wrench.force.z,19.215710783143386
2.367274098,1785795160.608208232,/loadcell_data_filtered.wrench.force.z,13.472669072951682
2.367563741,1785795160.608497875,/loadcell_data_filtered.wrench.force.z,8.560823546679208
2.367795199,1785795160.608729333,/loadcell_data_filtered.wrench.force.z,4.054118894716803
2.368198407,1785795160.609132541,/loadcell_data_filtered.wrench.force.z,-0.3251394833580985
2.36879229,1785795160.609726424,/loadcell_data_filtered.wrench.force.z,-3.632551696570938
2.369429543,1785795160.610363677,/loadcell_data_filtered.wrench.force.z,-5.84095602824274
2.370078251,1785795160.611012385,/loadcell_data_filtered.wrench.force.z,-7.524641991038743
2.370269329,1785795160.611203463,/loadcell_data_filtered.wrench.force.z,-8.791703182865067
2.370667537,1785795160.611601671,/loadcell_data_filtered.wrench.force.z,-9.731588418371707
2.37117848,1785795160.612112614,/loadcell_data_filtered.wrench.force.z,-12.155671965057415
2.371686411,1785795160.612620545,/loadcell_data_filtered.wrench.force.z,-13.940567705499287
2.372479119,1785795160.613413253,/loadcell_data_filtered.wrench.force.z,-15.818120090418352
2.372845615,1785795160.613779749,/loadcell_data_filtered.wrench.force.z,-17.713717925053874
2.373058914,1785795160.613993048,/loadcell_data_filtered.wrench.force.z,-18.46587460435528
2.373647553,1785795160.614581687,/loadcell_data_filtered.wrench.force.z,-20.69798081081221
2.374064866,1785795160.614999000,/loadcell_data_filtered.wrench.force.z,-17.708491147994227
2.374669782,1785795160.615603916,/loadcell_data_filtered.wrench.force.z,-14.942374332100535
2.377071018,1785795160.618005152,/loadcell_data_filtered.wrench.force.z,-12.417716251413813
2.377426822,1785795160.618360956,/loadcell_data_filtered.wrench.force.z,-9.80614889306775
2.377628742,1785795160.618562876,/loadcell_data_filtered.wrench.force.z,-7.104247951840343
2.377812443,1785795160.618746577,/loadcell_data_filtered.wrench.force.z,-5.891692456357039
2.378024009,1785795160.618958143,/loadcell_data_filtered.wrench.force.z,-5.233800783906426
2.378268514,1785795160.619202648,/loadcell_data_filtered.wrench.force.z,-5.920713849123077
2.378515542,1785795160.619449676,/loadcell_data_filtered.wrench.force.z,-7.67369608810999
2.378723449,1785795160.619657583,/loadcell_data_filtered.wrench.force.z,-8.142455367927333
2.379129581,1785795160.620063715,/loadcell_data_filtered.wrench.force.z,-8.8751677906687
2.379490645,1785795160.620424779,/loadcell_data_filtered.wrench.force.z,-8.881637692836243
2.380074383,1785795160.621008517,/loadcell_data_filtered.wrench.force.z,-9.2117853085127
2.380760605,1785795160.621694739,/loadcell_data_filtered.wrench.force.z,-9.353694814608128
2.381782105,1785795160.622716239,/loadcell_data_filtered.wrench.force.z,-9.708603411220789
2.3821097780000002,1785795160.623043912,/loadcell_data_filtered.wrench.force.z,-10.301803830808787
2.382235452,1785795160.623169586,/loadcell_data_filtered.wrench.force.z,-9.70260572701626
2.382671079,1785795160.623605213,/loadcell_data_filtered.wrench.force.z,-15.199265618588713
2.383632172,1785795160.624566306,/loadcell_data_filtered.wrench.force.z,-19.29556920116972
2.384229858,1785795160.625163992,/loadcell_data_filtered.wrench.force.z,-22.666712368998574
2.384653573,1785795160.625587707,/loadcell_data_filtered.wrench.force.z,-25.226324234703203
2.384991598,1785795160.625925732,/loadcell_data_filtered.wrench.force.z,-28.386822174104356
2.385281803,1785795160.626215937,/loadcell_data_filtered.wrench.force.z,-29.59035156423865
2.385880115,1785795160.626814249,/loadcell_data_filtered.wrench.force.z,-30.42010742436344
2.386122712,1785795160.627056846,/loadcell_data_filtered.wrench.force.z,-29.77960562858578
2.386746151,1785795160.627680285,/loadcell_data_filtered.wrench.force.z,-28.673438380503516
2.387624397,1785795160.628558531,/loadcell_data_filtered.wrench.force.z,-27.66170946835406
2.387914437,1785795160.628848571,/loadcell_data_filtered.wrench.force.z,-26.66267931793644
2.392253827,1785795160.633187961,/loadcell_data_filtered.wrench.force.z,-26.06596172655797
2.392924709,1785795160.633858843,/loadcell_data_filtered.wrench.force.z,-25.11779047109902
2.393081007,1785795160.634015141,/loadcell_data_filtered.wrench.force.z,-23.823086458270634
2.393220447,1785795160.634154581,/loadcell_data_filtered.wrench.force.z,-22.046524306389585
2.393352458,1785795160.634286592,/loadcell_data_filtered.wrench.force.z,-20.40194364989613
2.393496546,1785795160.634430680,/loadcell_data_filtered.wrench.force.z,-17.282363807144197
2.393622442,1785795160.634556576,/loadcell_data_filtered.wrench.force.z,-9.998667278534988
2.393748008,1785795160.634682142,/loadcell_data_filtered.wrench.force.z,-4.119732373292559
2.393885195,1785795160.634819329,/loadcell_data_filtered.wrench.force.z,1.3183585534858615
2.3968678690000003,1785795160.637802003,/loadcell_data_filtered.wrench.force.z,5.502628285233069
2.397280657,1785795160.638214791,/loadcell_data_filtered.wrench.force.z,8.142314403677585
2.397420639,1785795160.638354773,/loadcell_data_filtered.wrench.force.z,11.58275989717345
2.397567047,1785795160.638501181,/loadcell_data_filtered.wrench.force.z,14.188081117946595
2.3976967670000002,1785795160.638630901,/loadcell_data_filtered.wrench.force.z,16.219755737115594
2.397834334,1785795160.638768468,/loadcell_data_filtered.wrench.force.z,18.361223575952955
2.397953051,1785795160.638887185,/loadcell_data_filtered.wrench.force.z,20.93042127919674
2.398079686,1785795160.639013820,/loadcell_data_filtered.wrench.force.z,22.992835112182046
2.398197463,1785795160.639131597,/loadcell_data_filtered.wrench.force.z,24.7059599819018
2.398310145,1785795160.639244279,/loadcell_data_filtered.wrench.force.z,26.768286737634636
2.398426411,1785795160.639360545,/loadcell_data_filtered.wrench.force.z,28.005299827204848
2.39931101,1785795160.640245144,/loadcell_data_filtered.wrench.force.z,27.571553658235086
2.399698623,1785795160.640632757,/loadcell_data_filtered.wrench.force.z,28.6548299871665
2.399829457,1785795160.640763591,/loadcell_data_filtered.wrench.force.z,26.816601944442866
2.3999766,1785795160.640910734,/loadcell_data_filtered.wrench.force.z,24.70999167904533
2.400103818,1785795160.641037952,/loadcell_data_filtered.wrench.force.z,21.335025677129874
2.400615056,1785795160.641549190,/loadcell_data_filtered.wrench.force.z,18.595770475556805
2.400941299,1785795160.641875433,/loadcell_data_filtered.wrench.force.z,16.432549713030745
2.401559179,1785795160.642493313,/loadcell_data_filtered.wrench.force.z,14.895739221850427
2.402117075,1785795160.643051209,/loadcell_data_filtered.wrench.force.z,14.192119356768174
2.40270847,1785795160.643642604,/loadcell_data_filtered.wrench.force.z,14.620544048781854
2.403541577,1785795160.644475711,/loadcell_data_filtered.wrench.force.z,15.146199016050506
2.403809536,1785795160.644743670,/loadcell_data_filtered.wrench.force.z,15.91645418805784
2.404196331,1785795160.645130465,/loadcell_data_filtered.wrench.force.z,16.300709485793504
2.405286057,1785795160.646220191,/loadcell_data_filtered.wrench.force.z,16.731652101140998
2.4059752960000003,1785795160.646909430,/loadcell_data_filtered.wrench.force.z,17.09219536140908
2.408309951,1785795160.649244085,/loadcell_data_filtered.wrench.force.z,17.499366370437397
2.409415494,1785795160.650349628,/loadcell_data_filtered.wrench.force.z,17.507440017728456
2.411262653,1785795160.652196787,/loadcell_data_filtered.wrench.force.z,17.95050781688211
2.411287535,1785795160.652221669,/loadcell_data_filtered.wrench.force.z,18.980558740914528
2.411292375,1785795160.652226509,/loadcell_data_filtered.wrench.force.z,24.583084524133415
2.411296853,1785795160.652230987,/loadcell_data_filtered.wrench.force.z,29.41106858379439
2.411746621,1785795160.652680755,/loadcell_data_filtered.wrench.force.z,34.03977332775573
2.41260307,1785795160.653537204,/loadcell_data_filtered.wrench.force.z,36.85414771892565
2.413037887,1785795160.653972021,/loadcell_data_filtered.wrench.force.z,40.054111895570614
2.413435546,1785795160.654369680,/loadcell_data_filtered.wrench.force.z,42.815375337266744
2.413779452,1785795160.654713586,/loadcell_data_filtered.wrench.force.z,44.82775627856882
2.414097811,1785795160.655031945,/loadcell_data_filtered.wrench.force.z,46.10769976617638
2.414494784,1785795160.655428918,/loadcell_data_filtered.wrench.force.z,46.87114638281122
2.414786755,1785795160.655720889,/loadcell_data_filtered.wrench.force.z,47.76757739168133
2.415341492,1785795160.656275626,/loadcell_data_filtered.wrench.force.z,48.62758344837884
2.415868527,1785795160.656802661,/loadcell_data_filtered.wrench.force.z,47.721924113323354
2.416198359,1785795160.657132493,/loadcell_data_filtered.wrench.force.z,47.18203676241741
2.416499078,1785795160.657433212,/loadcell_data_filtered.wrench.force.z,47.07612960508433
2.4168279200000002,1785795160.657762054,/loadcell_data_filtered.wrench.force.z,46.898281102093335
2.417405913,1785795160.658340047,/loadcell_data_filtered.wrench.force.z,46.484269013848035
2.418114757,1785795160.659048891,/loadcell_data_filtered.wrench.force.z,45.72436867110906
2.418623308,1785795160.659557442,/loadcell_data_filtered.wrench.force.z,39.48693617140527
2.419105385,1785795160.660039519,/loadcell_data_filtered.wrench.force.z,35.61402976477858
2.422427359,1785795160.663361493,/loadcell_data_filtered.wrench.force.z,31.438722366657213
2.4228496010000002,1785795160.663783735,/loadcell_data_filtered.wrench.force.z,28.09595228256788
2.423545153,1785795160.664479287,/loadcell_data_filtered.wrench.force.z,23.844089559462788
2.424470819,1785795160.665404953,/loadcell_data_filtered.wrench.force.z,21.736829159035473
2.424647286,1785795160.665581420,/loadcell_data_filtered.wrench.force.z,20.402780762889204
2.425489584,1785795160.666423718,/loadcell_data_filtered.wrench.force.z,19.62182535382114
2.426055376,1785795160.666989510,/loadcell_data_filtered.wrench.force.z,19.483636125855696
2.426494571,1785795160.667428705,/loadcell_data_filtered.wrench.force.z,18.568503335715153
2.426912427,1785795160.667846561,/loadcell_data_filtered.wrench.force.z,16.754851012071747
2.427344956,1785795160.668279090,/loadcell_data_filtered.wrench.force.z,13.523412291489015
2.427728265,1785795160.668662399,/loadcell_data_filtered.wrench.force.z,11.918092094064747
2.42836387,1785795160.669298004,/loadcell_data_filtered.wrench.force.z,12.32241660621529
2.428684514,1785795160.669618648,/loadcell_data_filtered.wrench.force.z,16.450047351839235
2.429055425,1785795160.669989559,/loadcell_data_filtered.wrench.force.z,19.76749305043916
2.429572341,1785795160.670506475,/loadcell_data_filtered.wrench.force.z,22.510889277048832
2.429969989,1785795160.670904123,/loadcell_data_filtered.wrench.force.z,24.89571571771745
2.430342424,1785795160.671276558,/loadcell_data_filtered.wrench.force.z,26.52912019038837
2.43065465,1785795160.671588784,/loadcell_data_filtered.wrench.force.z,26.01149927032608
2.431034799,1785795160.671968933,/loadcell_data_filtered.wrench.force.z,25.51199076389813
2.431488703,1785795160.672422837,/loadcell_data_filtered.wrench.force.z,25.13910643009234
2.431855343,1785795160.672789477,/loadcell_data_filtered.wrench.force.z,24.387894731711114
2.432233294,1785795160.673167428,/loadcell_data_filtered.wrench.force.z,24.076310406554576
2.432606498,1785795160.673540632,/loadcell_data_filtered.wrench.force.z,23.63190708157188
2.434168483,1785795160.675102617,/loadcell_data_filtered.wrench.force.z,23.700403145568743
2.434562142,1785795160.675496276,/loadcell_data_filtered.wrench.force.z,23.38568079741742
2.4348763460000002,1785795160.675810480,/loadcell_data_filtered.wrench.force.z,24.069793946578343
2.435336929,1785795160.676271063,/loadcell_data_filtered.wrench.force.z,24.381413538683354
2.435782882,1785795160.676717016,/loadcell_data_filtered.wrench.force.z,25.247057339639596
2.436244702,1785795160.677178836,/loadcell_data_filtered.wrench.force.z,21.63863239649525
2.436737053,1785795160.677671187,/loadcell_data_filtered.wrench.force.z,18.426719049754197
2.437263283,1785795160.678197417,/loadcell_data_filtered.wrench.force.z,14.94607019034911
2.438289238,1785795160.679223372,/loadcell_data_filtered.wrench.force.z,12.037458648551397
2.438653816,1785795160.679587950,/loadcell_data_filtered.wrench.force.z,9.366484857933045
2.439131344,1785795160.680065478,/loadcell_data_filtered.wrench.force.z,5.9076487679041865
2.439416692,1785795160.680350826,/loadcell_data_filtered.wrench.force.z,4.595032791706754
2.439620412,1785795160.680554546,/loadcell_data_filtered.wrench.force.z,4.529250933561065
2.439827407,1785795160.680761541,/loadcell_data_filtered.wrench.force.z,0.37270056162578147
2.440029512,1785795160.680963646,/loadcell_data_filtered.wrench.force.z,-1.9045648610883208
2.441712252,1785795160.682646386,/loadcell_data_filtered.wrench.force.z,-2.5889712634299586
2.442178437,1785795160.683112571,/loadcell_data_filtered.wrench.force.z,-2.5163633637173235
2.442506391,1785795160.683440525,/loadcell_data_filtered.wrench.force.z,-2.1616257345537435
2.442785515,1785795160.683719649,/loadcell_data_filtered.wrench.force.z,-1.6498984077735734
2.443152275,1785795160.684086409,/loadcell_data_filtered.wrench.force.z,-1.2161778753340846
2.443513353,1785795160.684447487,/loadcell_data_filtered.wrench.force.z,-0.40211743474185124
2.443843872,1785795160.684778006,/loadcell_data_filtered.wrench.force.z,0.31502644681816355
2.444151488,1785795160.685085622,/loadcell_data_filtered.wrench.force.z,6.323026836489536
2.4444472360000002,1785795160.685381370,/loadcell_data_filtered.wrench.force.z,11.212062976315941
2.444718579,1785795160.685652713,/loadcell_data_filtered.wrench.force.z,16.303744595370393
2.44503315,1785795160.685967284,/loadcell_data_filtered.wrench.force.z,19.956671462808472
2.445370898,1785795160.686305032,/loadcell_data_filtered.wrench.force.z,21.49238242388696
2.445636085,1785795160.686570219,/loadcell_data_filtered.wrench.force.z,23.295452353677156
2.445874398,1785795160.686808532,/loadcell_data_filtered.wrench.force.z,24.94819278898887
2.446129569,1785795160.687063703,/loadcell_data_filtered.wrench.force.z,25.77364521702597
2.446400673,1785795160.687334807,/loadcell_data_filtered.wrench.force.z,26.366437731609693
2.4466713,1785795160.687605434,/loadcell_data_filtered.wrench.force.z,27.441790742441622
2.446911553,1785795160.687845687,/loadcell_data_filtered.wrench.force.z,27.67257115530088
2.447093067,1785795160.688027201,/loadcell_data_filtered.wrench.force.z,28.33153140247712
2.447282034,1785795160.688216168,/loadcell_data_filtered.wrench.force.z,29.445991185181104
2.447476196,1785795160.688410330,/loadcell_data_filtered.wrench.force.z,30.55457064435421
2.448121899,1785795160.689056033,/loadcell_data_filtered.wrench.force.z,31.068297480582373
2.448429743,1785795160.689363877,/loadcell_data_filtered.wrench.force.z,31.66139250473701
2.449000023,1785795160.689934157,/loadcell_data_filtered.wrench.force.z,32.23791247397347
2.449449465,1785795160.690383599,/loadcell_data_filtered.wrench.force.z,27.579145996290684
2.449935223,1785795160.690869357,/loadcell_data_filtered.wrench.force.z,24.55023244245979
2.450855774,1785795160.691789908,/loadcell_data_filtered.wrench.force.z,22.22153372699015
2.45116744,1785795160.692101574,/loadcell_data_filtered.wrench.force.z,20.574510408564702
2.451812367,1785795160.692746501,/loadcell_data_filtered.wrench.force.z,19.387052256874053
2.452339298,1785795160.693273432,/loadcell_data_filtered.wrench.force.z,18.915292692836672
2.455787172,1785795160.696721306,/loadcell_data_filtered.wrench.force.z,19.37639926365624
2.456202841,1785795160.697136975,/loadcell_data_filtered.wrench.force.z,21.12640643206848
2.456528262,1785795160.697462396,/loadcell_data_filtered.wrench.force.z,22.873495114596828
2.4569083000000003,1785795160.697842434,/loadcell_data_filtered.wrench.force.z,24.57248887460371
2.4572707830000002,1785795160.698204917,/loadcell_data_filtered.wrench.force.z,26.421979634443908
2.457626849,1785795160.698560983,/loadcell_data_filtered.wrench.force.z,27.76342749593153
2.45795548,1785795160.698889614,/loadcell_data_filtered.wrench.force.z,29.087387443662543
2.458242703,1785795160.699176837,/loadcell_data_filtered.wrench.force.z,30.045059425442847
2.45845582,1785795160.699389954,/loadcell_data_filtered.wrench.force.z,29.500711936017442
2.45867484,1785795160.699608974,/loadcell_data_filtered.wrench.force.z,29.725117376784173
2.458902201,1785795160.699836335,/loadcell_data_filtered.wrench.force.z,33.01607191018117
2.45912406,1785795160.700058194,/loadcell_data_filtered.wrench.force.z,38.681344152441184
2.459413131,1785795160.700347265,/loadcell_data_filtered.wrench.force.z,44.17445359376631
2.459610656,1785795160.700544790,/loadcell_data_filtered.wrench.force.z,47.934670481369395
2.459793855,1785795160.700727989,/loadcell_data_filtered.wrench.force.z,51.48831297073547
2.460023804,1785795160.700957938,/loadcell_data_filtered.wrench.force.z,54.91953966816698
2.460716712,1785795160.701650846,/loadcell_data_filtered.wrench.force.z,56.784716722605125
2.46103025,1785795160.701964384,/loadcell_data_filtered.wrench.force.z,57.59875453843917
2.461268998,1785795160.702203132,/loadcell_data_filtered.wrench.force.z,58.34145598878571
2.46178294,1785795160.702717074,/loadcell_data_filtered.wrench.force.z,59.05121109888993
2.462247946,1785795160.703182080,/loadcell_data_filtered.wrench.force.z,59.35934605030555
2.462820283,1785795160.703754417,/loadcell_data_filtered.wrench.force.z,59.41377898640877
2.463285208,1785795160.704219342,/loadcell_data_filtered.wrench.force.z,59.498769151423964
2.46375865,1785795160.704692784,/loadcell_data_filtered.wrench.force.z,59.54096363379519
2.46434824,1785795160.705282374,/loadcell_data_filtered.wrench.force.z,59.92477736716345
2.465300085,1785795160.706234219,/loadcell_data_filtered.wrench.force.z,59.794651058295045
2.46570008,1785795160.706634214,/loadcell_data_filtered.wrench.force.z,59.5566911616398
2.466494779,1785795160.707428913,/loadcell_data_filtered.wrench.force.z,55.12926278368368
2.466786295,1785795160.707720429,/loadcell_data_filtered.wrench.force.z,50.88480130699335
2.467040178,1785795160.707974312,/loadcell_data_filtered.wrench.force.z,47.154101237385284
2.467897525,1785795160.708831659,/loadcell_data_filtered.wrench.force.z,43.50101349965685
2.468389988,1785795160.709324122,/loadcell_data_filtered.wrench.force.z,40.10183610921907
2.468759874,1785795160.709694008,/loadcell_data_filtered.wrench.force.z,38.03985315648135
2.469165763,1785795160.710099897,/loadcell_data_filtered.wrench.force.z,35.8467049513723
2.46968138,1785795160.710615514,/loadcell_data_filtered.wrench.force.z,34.95827571890167
2.472356784,1785795160.713290918,/loadcell_data_filtered.wrench.force.z,35.05095340398384
2.472689473,1785795160.713623607,/loadcell_data_filtered.wrench.force.z,34.80211768593715
2.472946348,1785795160.713880482,/loadcell_data_filtered.wrench.force.z,34.61380451997517
2.473203318,1785795160.714137452,/loadcell_data_filtered.wrench.force.z,34.099163813826024
2.473445901,1785795160.714380035,/loadcell_data_filtered.wrench.force.z,33.890911712752214
2.473678576,1785795160.714612710,/loadcell_data_filtered.wrench.force.z,32.69361136590907
2.473929684,1785795160.714863818,/loadcell_data_filtered.wrench.force.z,31.482703897613977
2.474149376,1785795160.715083510,/loadcell_data_filtered.wrench.force.z,31.126340525043144
2.474361171,1785795160.715295305,/loadcell_data_filtered.wrench.force.z,29.94508923961072
2.476083963,1785795160.717018097,/loadcell_data_filtered.wrench.force.z,34.66922780720995
2.476965867,1785795160.717900001,/loadcell_data_filtered.wrench.force.z,38.674642530810296
2.477124865,1785795160.718058999,/loadcell_data_filtered.wrench.force.z,42.13601063788984
2.480087801,1785795160.721021935,/loadcell_data_filtered.wrench.force.z,44.26953847079981
2.4802451530000003,1785795160.721179287,/loadcell_data_filtered.wrench.force.z,46.76995063221471
2.480364525,1785795160.721298659,/loadcell_data_filtered.wrench.force.z,47.91945629705242
2.480513337,1785795160.721447471,/loadcell_data_filtered.wrench.force.z,48.51383541259322
2.480952374,1785795160.721886508,/loadcell_data_filtered.wrench.force.z,47.32519843016425
2.481142338,1785795160.722076472,/loadcell_data_filtered.wrench.force.z,46.95685755241552
2.481277777,1785795160.722211911,/loadcell_data_filtered.wrench.force.z,46.68282216047433
2.481428734,1785795160.722362868,/loadcell_data_filtered.wrench.force.z,46.00970660627425
2.481544482,1785795160.722478616,/loadcell_data_filtered.wrench.force.z,45.44747872581627
2.481677232,1785795160.722611366,/loadcell_data_filtered.wrench.force.z,45.23521564130567
2.4819860670000002,1785795160.722920201,/loadcell_data_filtered.wrench.force.z,43.717053388330015
2.482202606,1785795160.723136740,/loadcell_data_filtered.wrench.force.z,43.1007852124715
2.482565512,1785795160.723499646,/loadcell_data_filtered.wrench.force.z,40.86009281055219
2.482766226,1785795160.723700360,/loadcell_data_filtered.wrench.force.z,40.117269227414795
2.493111609,1785795160.734045743,/loadcell_data_filtered.wrench.force.z,35.391295972297556
2.49341154,1785795160.734345674,/loadcell_data_filtered.wrench.force.z,35.432969281756456
2.493617447,1785795160.734551581,/loadcell_data_filtered.wrench.force.z,34.621850060462855
2.493837059,1785795160.734771193,/loadcell_data_filtered.wrench.force.z,34.3341810302848
2.49407079,1785795160.735004924,/loadcell_data_filtered.wrench.force.z,34.107470544140874
2.4943074,1785795160.735241534,/loadcell_data_filtered.wrench.force.z,37.31619634244755
2.49452529,1785795160.735459424,/loadcell_data_filtered.wrench.force.z,42.32897993710187
2.494728194,1785795160.735662328,/loadcell_data_filtered.wrench.force.z,47.17204145681838
2.494931342,1785795160.735865476,/loadcell_data_filtered.wrench.force.z,51.1517249885472
2.495176286,1785795160.736110420,/loadcell_data_filtered.wrench.force.z,54.30784706574461
2.495390963,1785795160.736325097,/loadcell_data_filtered.wrench.force.z,54.463124898129855
2.496109412,1785795160.737043546,/loadcell_data_filtered.wrench.force.z,54.01496658183825
2.496448062,1785795160.737382196,/loadcell_data_filtered.wrench.force.z,54.5667534985074
2.4966981710000002,1785795160.737632305,/loadcell_data_filtered.wrench.force.z,55.5904300904919
2.496987249,1785795160.737921383,/loadcell_data_filtered.wrench.force.z,56.921124230402064
2.497198136,1785795160.738132270,/loadcell_data_filtered.wrench.force.z,58.203908461530496
2.497388184,1785795160.738322318,/loadcell_data_filtered.wrench.force.z,59.747276589829106
2.49759985,1785795160.738533984,/loadcell_data_filtered.wrench.force.z,60.81337637377593
2.4978643910000002,1785795160.738798525,/loadcell_data_filtered.wrench.force.z,61.12339125639321
2.501023799,1785795160.741957933,/loadcell_data_filtered.wrench.force.z,62.008708318523546
2.501052533,1785795160.741986667,/loadcell_data_filtered.wrench.force.z,62.955013421721276
2.501267212,1785795160.742201346,/loadcell_data_filtered.wrench.force.z,64.53534897840251
2.501768896,1785795160.742703030,/loadcell_data_filtered.wrench.force.z,61.49400790023738
2.502165599,1785795160.743099733,/loadcell_data_filtered.wrench.force.z,59.82811289047622
2.502426357,1785795160.743360491,/loadcell_data_filtered.wrench.force.z,57.82346516435057
2.502672592,1785795160.743606726,/loadcell_data_filtered.wrench.force.z,56.06036920082899
2.502911214,1785795160.743845348,/loadcell_data_filtered.wrench.force.z,53.47756884588411
2.503152579,1785795160.744086713,/loadcell_data_filtered.wrench.force.z,52.42119198752625
2.503382292,1785795160.744316426,/loadcell_data_filtered.wrench.force.z,52.34434293224137
2.503718647,1785795160.744652781,/loadcell_data_filtered.wrench.force.z,53.39365986760967
2.504072706,1785795160.745006840,/loadcell_data_filtered.wrench.force.z,55.02562676571137
2.505094205,1785795160.746028339,/loadcell_data_filtered.wrench.force.z,57.43133261992042
2.505555326,1785795160.746489460,/loadcell_data_filtered.wrench.force.z,58.46610942204711
2.505841534,1785795160.746775668,/loadcell_data_filtered.wrench.force.z,59.36263396816671
2.50609907,1785795160.747033204,/loadcell_data_filtered.wrench.force.z,61.17641120106529
2.506353022,1785795160.747287156,/loadcell_data_filtered.wrench.force.z,62.036656671323456
2.506590375,1785795160.747524509,/loadcell_data_filtered.wrench.force.z,62.88568634006264
2.506885575,1785795160.747819709,/loadcell_data_filtered.wrench.force.z,63.70043463932631
2.507106056,1785795160.748040190,/loadcell_data_filtered.wrench.force.z,64.90009999189897
2.508047084,1785795160.748981218,/loadcell_data_filtered.wrench.force.z,71.7618130133022
2.510649467,1785795160.751583601,/loadcell_data_filtered.wrench.force.z,76.74769058342362
2.510965528,1785795160.751899662,/loadcell_data_filtered.wrench.force.z,81.70619406275657
2.5111627480000003,1785795160.752096882,/loadcell_data_filtered.wrench.force.z,86.63260690613308
2.511331368,1785795160.752265502,/loadcell_data_filtered.wrench.force.z,91.44955284935304
2.511491763,1785795160.752425897,/loadcell_data_filtered.wrench.force.z,94.73760932209865
2.511645091,1785795160.752579225,/loadcell_data_filtered.wrench.force.z,97.35767203458063
2.51490984,1785795160.755843974,/loadcell_data_filtered.wrench.force.z,98.72334236874788
2.515377523,1785795160.756311657,/loadcell_data_filtered.wrench.force.z,98.62404189111784
2.515614389,1785795160.756548523,/loadcell_data_filtered.wrench.force.z,99.29905383987402
2.515845065,1785795160.756779199,/loadcell_data_filtered.wrench.force.z,100.13270773213307
2.516223504,1785795160.757157638,/loadcell_data_filtered.wrench.force.z,100.8953317925308
2.516577492,1785795160.757511626,/loadcell_data_filtered.wrench.force.z,102.04546229622912
2.516901476,1785795160.757835610,/loadcell_data_filtered.wrench.force.z,102.89012034473583
2.517258915,1785795160.758193049,/loadcell_data_filtered.wrench.force.z,103.7700509324709
2.517612762,1785795160.758546896,/loadcell_data_filtered.wrench.force.z,104.517057216966
2.51801959,1785795160.758953724,/loadcell_data_filtered.wrench.force.z,103.70904975839798
2.521425577,1785795160.762359711,/loadcell_data_filtered.wrench.force.z,99.85640522464797
2.522529243,1785795160.763463377,/loadcell_data_filtered.wrench.force.z,96.32896920453169
2.522627579,1785795160.763561713,/loadcell_data_filtered.wrench.force.z,93.81924921995429
2.523145236,1785795160.764079370,/loadcell_data_filtered.wrench.force.z,90.6804485646503
2.523683169,1785795160.764617303,/loadcell_data_filtered.wrench.force.z,89.19034525689452
2.524177658,1785795160.765111792,/loadcell_data_filtered.wrench.force.z,89.00753071800803
2.524643263,1785795160.765577397,/loadcell_data_filtered.wrench.force.z,87.70027532126194
2.525094961,1785795160.766029095,/loadcell_data_filtered.wrench.force.z,86.43500328409627
2.525609334,1785795160.766543468,/loadcell_data_filtered.wrench.force.z,85.89539042097852
2.526167005,1785795160.767101139,/loadcell_data_filtered.wrench.force.z,84.93714604810737
2.5266735330000003,1785795160.767607667,/loadcell_data_filtered.wrench.force.z,83.95642831512336
2.527153414,1785795160.768087548,/loadcell_data_filtered.wrench.force.z,83.06848755884869
2.527554696,1785795160.768488830,/loadcell_data_filtered.wrench.force.z,82.27478018504588
2.527924059,1785795160.768858193,/loadcell_data_filtered.wrench.force.z,81.45813351119331
2.5282557629999998,1785795160.769189897,/loadcell_data_filtered.wrench.force.z,85.13578677807538
2.5285466149999998,1785795160.769480749,/loadcell_data_filtered.wrench.force.z,89.39757989536072
2.528804559,1785795160.769738693,/loadcell_data_filtered.wrench.force.z,93.49325347156
2.529035647,1785795160.769969781,/loadcell_data_filtered.wrench.force.z,95.98653408715171
2.529229984,1785795160.770164118,/loadcell_data_filtered.wrench.force.z,97.69546009592901
2.529412465,1785795160.770346599,/loadcell_data_filtered.wrench.force.z,99.23743946298003
2.529584698,1785795160.770518832,/loadcell_data_filtered.wrench.force.z,99.83724614617466
2.5297421350000002,1785795160.770676269,/loadcell_data_filtered.wrench.force.z,99.2697160551362
2.529906981,1785795160.770841115,/loadcell_data_filtered.wrench.force.z,98.28169811817669
2.530085164,1785795160.771019298,/loadcell_data_filtered.wrench.force.z,97.58970621327956
2.530254556,1785795160.771188690,/loadcell_data_filtered.wrench.force.z,96.92768871856033
2.530425137,1785795160.771359271,/loadcell_data_filtered.wrench.force.z,96.17483116130039
2.530595624,1785795160.771529758,/loadcell_data_filtered.wrench.force.z,95.49264657575851
2.530815965,1785795160.771750099,/loadcell_data_filtered.wrench.force.z,94.87904929316923
2.53118048,1785795160.772114614,/loadcell_data_filtered.wrench.force.z,94.01460524036754
2.531631234,1785795160.772565368,/loadcell_data_filtered.wrench.force.z,92.91309283802401
2.53209297,1785795160.773027104,/loadcell_data_filtered.wrench.force.z,91.72494053453438
2.532756152,1785795160.773690286,/loadcell_data_filtered.wrench.force.z,85.56556961444853
2.533202003,1785795160.774136137,/loadcell_data_filtered.wrench.force.z,80.97036545846831
2.533673995,1785795160.774608129,/loadcell_data_filtered.wrench.force.z,75.89074602076558
2.534331779,1785795160.775265913,/loadcell_data_filtered.wrench.force.z,71.70171412122336
2.536385254,1785795160.777319388,/loadcell_data_filtered.wrench.force.z,67.19039048716168
2.536659652,1785795160.777593786,/loadcell_data_filtered.wrench.force.z,64.01251280288713
2.537162523,1785795160.778096657,/loadcell_data_filtered.wrench.force.z,61.29901015959549
2.53765622,1785795160.778590354,/loadcell_data_filtered.wrench.force.z,59.59640858825549
2.538074965,1785795160.779009099,/loadcell_data_filtered.wrench.force.z,58.735215678672894
2.5383978970000003,1785795160.779332031,/loadcell_data_filtered.wrench.force.z,58.555655747322355
2.538905802,1785795160.779839936,/loadcell_data_filtered.wrench.force.z,57.373073102465575
2.539299631,1785795160.780233765,/loadcell_data_filtered.wrench.force.z,55.64473893984114
2.539766077,1785795160.780700211,/loadcell_data_filtered.wrench.force.z,54.56011896775652
2.540160386,1785795160.781094520,/loadcell_data_filtered.wrench.force.z,53.423675624375385
2.540534225,1785795160.781468359,/loadcell_data_filtered.wrench.force.z,52.36655051365074
2.540999124,1785795160.781933258,/loadcell_data_filtered.wrench.force.z,51.20768142480064
2.542343335,1785795160.783277469,/loadcell_data_filtered.wrench.force.z,50.5058123992655
2.54235834,1785795160.783292474,/loadcell_data_filtered.wrench.force.z,55.65277624039842
2.54275966,1785795160.783693794,/loadcell_data_filtered.wrench.force.z,59.09043395839631
2.5433744750000002,1785795160.784308609,/loadcell_data_filtered.wrench.force.z,62.17485559420734
2.543972726,1785795160.784906860,/loadcell_data_filtered.wrench.force.z,64.60392799839843
2.544580556,1785795160.785514690,/loadcell_data_filtered.wrench.force.z,66.63757882918729
2.5476223669999998,1785795160.788556501,/loadcell_data_filtered.wrench.force.z,67.3972588097358
2.548143015,1785795160.789077149,/loadcell_data_filtered.wrench.force.z,67.87669871194035
2.5485899229999998,1785795160.789524057,/loadcell_data_filtered.wrench.force.z,68.053284370056
2.548936914,1785795160.789871048,/loadcell_data_filtered.wrench.force.z,68.49711308333649
2.54928975,1785795160.790223884,/loadcell_data_filtered.wrench.force.z,69.55748096228467
2.549580986,1785795160.790515120,/loadcell_data_filtered.wrench.force.z,70.37690991432221
2.549908528,1785795160.790842662,/loadcell_data_filtered.wrench.force.z,71.70797874942743
2.5502256340000002,1785795160.791159768,/loadcell_data_filtered.wrench.force.z,72.47448161249591
2.5504000380000003,1785795160.791334172,/loadcell_data_filtered.wrench.force.z,73.74514862335262
2.550694091,1785795160.791628225,/loadcell_data_filtered.wrench.force.z,74.02433728345684
2.551101519,1785795160.792035653,/loadcell_data_filtered.wrench.force.z,72.87041113530168
2.551538549,1785795160.792472683,/loadcell_data_filtered.wrench.force.z,71.98001136261374
2.551972575,1785795160.792906709,/loadcell_data_filtered.wrench.force.z,66.87763785887198
2.55242001,1785795160.793354144,/loadcell_data_filtered.wrench.force.z,63.45740288643537
2.55277001,1785795160.793704144,/loadcell_data_filtered.wrench.force.z,60.369492490724326
2.553109012,1785795160.794043146,/loadcell_data_filtered.wrench.force.z,58.32111659071658
2.553468773,1785795160.794402907,/loadcell_data_filtered.wrench.force.z,56.10579807334036
2.5538474669999998,1785795160.794781601,/loadcell_data_filtered.wrench.force.z,56.25093746661278
2.554257267,1785795160.795191401,/loadcell_data_filtered.wrench.force.z,56.49537250747826
2.554697975,1785795160.795632109,/loadcell_data_filtered.wrench.force.z,56.64703896578424
2.555135588,1785795160.796069722,/loadcell_data_filtered.wrench.force.z,57.976340978188084
2.5556674690000003,1785795160.796601603,/loadcell_data_filtered.wrench.force.z,59.11839438743075
2.558545736,1785795160.799479870,/loadcell_data_filtered.wrench.force.z,59.70888791765639
2.558821101,1785795160.799755235,/loadcell_data_filtered.wrench.force.z,60.56531294116897
2.559007392,1785795160.799941526,/loadcell_data_filtered.wrench.force.z,61.741206876114575
2.55927175,1785795160.800205884,/loadcell_data_filtered.wrench.force.z,63.137743403438094
2.559502917,1785795160.800437051,/loadcell_data_filtered.wrench.force.z,64.46050940771124
2.559735096,1785795160.800669230,/loadcell_data_filtered.wrench.force.z,65.99886058314668
2.559966417,1785795160.800900551,/loadcell_data_filtered.wrench.force.z,71.4104819130896
2.560198362,1785795160.801132496,/loadcell_data_filtered.wrench.force.z,77.48825453066938
2.560415371,1785795160.801349505,/loadcell_data_filtered.wrench.force.z,83.25301241184818
2.560739818,1785795160.801673952,/loadcell_data_filtered.wrench.force.z,87.82247010156308
2.560837443,1785795160.801771577,/loadcell_data_filtered.wrench.force.z,90.55265100564499
2.561056937,1785795160.801991071,/loadcell_data_filtered.wrench.force.z,93.82866938077518
2.561265858,1785795160.802199992,/loadcell_data_filtered.wrench.force.z,96.26899468444572
2.561473003,1785795160.802407137,/loadcell_data_filtered.wrench.force.z,97.28061105526002
2.56168052,1785795160.802614654,/loadcell_data_filtered.wrench.force.z,98.02191953395382
2.561889181,1785795160.802823315,/loadcell_data_filtered.wrench.force.z,99.32486617245026
2.562324181,1785795160.803258315,/loadcell_data_filtered.wrench.force.z,100.35471013255207
2.562853754,1785795160.803787888,/loadcell_data_filtered.wrench.force.z,101.46777756122988
2.56333186,1785795160.804265994,/loadcell_data_filtered.wrench.force.z,102.40709872101932
2.563725844,1785795160.804659978,/loadcell_data_filtered.wrench.force.z,103.24104966907855
2.564482585,1785795160.805416719,/loadcell_data_filtered.wrench.force.z,104.06562442639557
2.565106626,1785795160.806040760,/loadcell_data_filtered.wrench.force.z,104.74540186992083
2.56536586,1785795160.806299994,/loadcell_data_filtered.wrench.force.z,105.11114883137436
2.565809893,1785795160.806744027,/loadcell_data_filtered.wrench.force.z,100.40884086370367
2.566688181,1785795160.807622315,/loadcell_data_filtered.wrench.force.z,97.09801194568225
2.567132312,1785795160.808066446,/loadcell_data_filtered.wrench.force.z,93.3399121782989
2.567742932,1785795160.808677066,/loadcell_data_filtered.wrench.force.z,90.46866161404996
2.567958436,1785795160.808892570,/loadcell_data_filtered.wrench.force.z,87.55196804451262
2.569352452,1785795160.810286586,/loadcell_data_filtered.wrench.force.z,85.85064376502427
2.570621037,1785795160.811555171,/loadcell_data_filtered.wrench.force.z,84.56262356006171
2.570894288,1785795160.811828422,/loadcell_data_filtered.wrench.force.z,84.75553486360782
2.571029613,1785795160.811963747,/loadcell_data_filtered.wrench.force.z,84.72749708273484
2.571162545,1785795160.812096679,/loadcell_data_filtered.wrench.force.z,85.46862664569197
2.571282884,1785795160.812217018,/loadcell_data_filtered.wrench.force.z,85.88129116167855
2.571403988,1785795160.812338122,/loadcell_data_filtered.wrench.force.z,85.30105022826741
2.571668967,1785795160.812603101,/loadcell_data_filtered.wrench.force.z,83.99636346896159
2.57256926,1785795160.813503394,/loadcell_data_filtered.wrench.force.z,83.26709268598941
2.575122183,1785795160.816056317,/loadcell_data_filtered.wrench.force.z,82.47048209893201
2.575482741,1785795160.816416875,/loadcell_data_filtered.wrench.force.z,82.04721843313966
2.575644495,1785795160.816578629,/loadcell_data_filtered.wrench.force.z,81.96007864862649
2.575845503,1785795160.816779637,/loadcell_data_filtered.wrench.force.z,87.81967568650715
2.576021052,1785795160.816955186,/loadcell_data_filtered.wrench.force.z,92.04017947221499
2.576184868,1785795160.817119002,/loadcell_data_filtered.wrench.force.z,95.84388821807546
2.576376516,1785795160.817310650,/loadcell_data_filtered.wrench.force.z,98.3689642499755
2.576540714,1785795160.817474848,/loadcell_data_filtered.wrench.force.z,99.94632036733339
2.57728674,1785795160.818220874,/loadcell_data_filtered.wrench.force.z,100.78753664253043
2.578722398,1785795160.819656532,/loadcell_data_filtered.wrench.force.z,100.57062970919286
2.582485204,1785795160.823419338,/loadcell_data_filtered.wrench.force.z,99.7289974852347
2.582843336,1785795160.823777470,/loadcell_data_filtered.wrench.force.z,99.77903024111504
2.583172324,1785795160.824106458,/loadcell_data_filtered.wrench.force.z,100.10055743489815
2.583544458,1785795160.824478592,/loadcell_data_filtered.wrench.force.z,99.46582500182855
2.5838867150000002,1785795160.824820849,/loadcell_data_filtered.wrench.force.z,98.18548479870422
2.584299807,1785795160.825233941,/loadcell_data_filtered.wrench.force.z,91.48879367943842
2.584717542,1785795160.825651676,/loadcell_data_filtered.wrench.force.z,91.66362349350055
2.585032042,1785795160.825966176,/loadcell_data_filtered.wrench.force.z,91.11405247661423
2.5853334180000003,1785795160.826267552,/loadcell_data_filtered.wrench.force.z,90.6572786693685
2.585620881,1785795160.826555015,/loadcell_data_filtered.wrench.force.z,88.98838793113565
2.585918846,1785795160.826852980,/loadcell_data_filtered.wrench.force.z,82.8892379650957
2.5863094870000003,1785795160.827243621,/loadcell_data_filtered.wrench.force.z,77.51017619751472
2.586598902,1785795160.827533036,/loadcell_data_filtered.wrench.force.z,73.01133577764503
2.586897968,1785795160.827832102,/loadcell_data_filtered.wrench.force.z,69.36678704703313
2.587330709,1785795160.828264843,/loadcell_data_filtered.wrench.force.z,65.79715662630396
2.587633703,1785795160.828567837,/loadcell_data_filtered.wrench.force.z,63.3456921772911
2.5878518550000003,1785795160.828785989,/loadcell_data_filtered.wrench.force.z,61.76253465227828
2.588079935,1785795160.829014069,/loadcell_data_filtered.wrench.force.z,61.14391704446605
2.588306209,1785795160.829240343,/loadcell_data_filtered.wrench.force.z,60.36181011734535
2.5885381,1785795160.829472234,/loadcell_data_filtered.wrench.force.z,59.41162052670457
2.588937481,1785795160.829871615,/loadcell_data_filtered.wrench.force.z,58.27273756606915
2.589363492,1785795160.830297626,/loadcell_data_filtered.wrench.force.z,56.9306424670808
2.589694862,1785795160.830628996,/loadcell_data_filtered.wrench.force.z,55.50358273418504
2.589977018,1785795160.830911152,/loadcell_data_filtered.wrench.force.z,54.001757932928626
2.592157519,1785795160.833091653,/loadcell_data_filtered.wrench.force.z,52.77081931825544
2.592569945,1785795160.833504079,/loadcell_data_filtered.wrench.force.z,51.41405130383393
2.592867253,1785795160.833801387,/loadcell_data_filtered.wrench.force.z,51.66219523302959
2.593106335,1785795160.834040469,/loadcell_data_filtered.wrench.force.z,49.20387378772113
2.593334628,1785795160.834268762,/loadcell_data_filtered.wrench.force.z,52.79483735609144
2.59354785,1785795160.834481984,/loadcell_data_filtered.wrench.force.z,54.16503394990465
2.597055382,1785795160.837989516,/loadcell_data_filtered.wrench.force.z,55.656744085241385
2.597359009,1785795160.838293143,/loadcell_data_filtered.wrench.force.z,56.368716741266034
2.597620885,1785795160.838555019,/loadcell_data_filtered.wrench.force.z,57.02775391358906
2.5979226200000003,1785795160.838856754,/loadcell_data_filtered.wrench.force.z,56.60469958112797
2.59818966,1785795160.839123794,/loadcell_data_filtered.wrench.force.z,56.24522698723041
2.598428998,1785795160.839363132,/loadcell_data_filtered.wrench.force.z,56.13462442460905
2.598644174,1785795160.839578308,/loadcell_data_filtered.wrench.force.z,56.050230688056374
2.598850057,1785795160.839784191,/loadcell_data_filtered.wrench.force.z,55.84176769149041
2.599037338,1785795160.839971472,/loadcell_data_filtered.wrench.force.z,55.88577723163574
2.599309421,1785795160.840243555,/loadcell_data_filtered.wrench.force.z,56.36139177353694
2.5995565210000002,1785795160.840490655,/loadcell_data_filtered.wrench.force.z,55.40922004969015
2.599767475,1785795160.840701609,/loadcell_data_filtered.wrench.force.z,53.910322472771824
2.599971978,1785795160.840906112,/loadcell_data_filtered.wrench.force.z,53.53989351039453
2.600201154,1785795160.841135288,/loadcell_data_filtered.wrench.force.z,47.78176361971156
2.600427023,1785795160.841361157,/loadcell_data_filtered.wrench.force.z,43.542777686554125
2.600657165,1785795160.841591299,/loadcell_data_filtered.wrench.force.z,39.41082527715918
2.600910833,1785795160.841844967,/loadcell_data_filtered.wrench.force.z,35.94867099481564
2.60139998,1785795160.842334114,/loadcell_data_filtered.wrench.force.z,33.15190427625102
2.6017934140000003,1785795160.842727548,/loadcell_data_filtered.wrench.force.z,31.82691597198067
2.602427397,1785795160.843361531,/loadcell_data_filtered.wrench.force.z,30.511767822831235
2.602868424,1785795160.843802558,/loadcell_data_filtered.wrench.force.z,30.588380843202096
2.60329116,1785795160.844225294,/loadcell_data_filtered.wrench.force.z,31.004655914050982
2.604199806,1785795160.845133940,/loadcell_data_filtered.wrench.force.z,31.602846357533384
2.604761335,1785795160.845695469,/loadcell_data_filtered.wrench.force.z,31.995126207588015
2.605213617,1785795160.846147751,/loadcell_data_filtered.wrench.force.z,32.423182070718475
2.6055499170000003,1785795160.846484051,/loadcell_data_filtered.wrench.force.z,32.53629120034707
2.606613935,1785795160.847548069,/loadcell_data_filtered.wrench.force.z,32.652604970232275
2.6077264170000003,1785795160.848660551,/loadcell_data_filtered.wrench.force.z,33.14138988294109
2.608193633,1785795160.849127767,/loadcell_data_filtered.wrench.force.z,33.02286889790322
2.608615724,1785795160.849549858,/loadcell_data_filtered.wrench.force.z,34.10569533011557
2.608952459,1785795160.849886593,/loadcell_data_filtered.wrench.force.z,41.20717877207694
2.6092645340000002,1785795160.850198668,/loadcell_data_filtered.wrench.force.z,45.97989625305158
2.609633496,1785795160.850567630,/loadcell_data_filtered.wrench.force.z,50.257769987301096
2.609874058,1785795160.850808192,/loadcell_data_filtered.wrench.force.z,54.18723919047905
2.610116474,1785795160.851050608,/loadcell_data_filtered.wrench.force.z,57.78858741840938
2.610308452,1785795160.851242586,/loadcell_data_filtered.wrench.force.z,60.257072544569915
2.617188172,1785795160.858122306,/loadcell_data_filtered.wrench.force.z,61.53997532488569
2.617964514,1785795160.858898648,/loadcell_data_filtered.wrench.force.z,63.44155871055145
2.618474845,1785795160.859408979,/loadcell_data_filtered.wrench.force.z,65.13680862047667
2.618810236,1785795160.859744370,/loadcell_data_filtered.wrench.force.z,66.29211009569714
2.619159033,1785795160.860093167,/loadcell_data_filtered.wrench.force.z,68.13719636309222
2.619585518,1785795160.860519652,/loadcell_data_filtered.wrench.force.z,69.70423287582778
2.620081856,1785795160.861015990,/loadcell_data_filtered.wrench.force.z,69.15678397705831
2.620560639,1785795160.861494773,/loadcell_data_filtered.wrench.force.z,66.27031419108447
2.620933961,1785795160.861868095,/loadcell_data_filtered.wrench.force.z,63.72674503906657
2.621398319,1785795160.862332453,/loadcell_data_filtered.wrench.force.z,61.91177846455261
2.621825093,1785795160.862759227,/loadcell_data_filtered.wrench.force.z,59.94997127042837
2.622543938,1785795160.863478072,/loadcell_data_filtered.wrench.force.z,55.923196998876854
2.622754656,1785795160.863688790,/loadcell_data_filtered.wrench.force.z,55.20642895159507
2.623284589,1785795160.864218723,/loadcell_data_filtered.wrench.force.z,55.72429882968717
2.623750092,1785795160.864684226,/loadcell_data_filtered.wrench.force.z,57.02804061726925
2.62417636,1785795160.865110494,/loadcell_data_filtered.wrench.force.z,58.52064005434614
2.624644668,1785795160.865578802,/loadcell_data_filtered.wrench.force.z,59.85915997096934
2.625007805,1785795160.865941939,/loadcell_data_filtered.wrench.force.z,61.05064182239605
2.6253609410000003,1785795160.866295075,/loadcell_data_filtered.wrench.force.z,62.040025101284236
2.625741331,1785795160.866675465,/loadcell_data_filtered.wrench.force.z,62.492614300120195
2.6260922520000003,1785795160.867026386,/loadcell_data_filtered.wrench.force.z,63.010447693665874
2.626376117,1785795160.867310251,/loadcell_data_filtered.wrench.force.z,63.85895466417479
2.62668884,1785795160.867622974,/loadcell_data_filtered.wrench.force.z,64.4073924420287
2.627031514,1785795160.867965648,/loadcell_data_filtered.wrench.force.z,69.26084174027501
2.627380596,1785795160.868314730,/loadcell_data_filtered.wrench.force.z,73.63629182427283
2.627629058,1785795160.868563192,/loadcell_data_filtered.wrench.force.z,78.31631649214097
2.627827192,1785795160.868761326,/loadcell_data_filtered.wrench.force.z,82.31884552237597
2.628044102,1785795160.868978236,/loadcell_data_filtered.wrench.force.z,85.21078356170023
2.628257993,1785795160.869192127,/loadcell_data_filtered.wrench.force.z,86.87774175170215
2.628440134,1785795160.869374268,/loadcell_data_filtered.wrench.force.z,88.55130171244186
2.628609333,1785795160.869543467,/loadcell_data_filtered.wrench.force.z,88.52756791678058
2.628783286,1785795160.869717420,/loadcell_data_filtered.wrench.force.z,88.15968325552996
2.632979408,1785795160.873913542,/loadcell_data_filtered.wrench.force.z,87.95264653488329
2.633609519,1785795160.874543653,/loadcell_data_filtered.wrench.force.z,87.0190125507708
2.634021657,1785795160.874955791,/loadcell_data_filtered.wrench.force.z,86.75044627248667
2.634065165,1785795160.874999299,/loadcell_data_filtered.wrench.force.z,86.18001456519092
2.634267485,1785795160.875201619,/loadcell_data_filtered.wrench.force.z,85.80258622943771
2.63479174,1785795160.875725874,/loadcell_data_filtered.wrench.force.z,84.92876495381705
2.635035195,1785795160.875969329,/loadcell_data_filtered.wrench.force.z,83.94580739571151
2.635448251,1785795160.876382385,/loadcell_data_filtered.wrench.force.z,82.78520866668094
2.6357083450000003,1785795160.876642479,/loadcell_data_filtered.wrench.force.z,76.71924652701199
2.63602378,1785795160.876957914,/loadcell_data_filtered.wrench.force.z,71.89023268598456
2.636292124,1785795160.877226258,/loadcell_data_filtered.wrench.force.z,66.43535517927452
2.636558188,1785795160.877492322,/loadcell_data_filtered.wrench.force.z,59.78896164409174
2.6368316810000003,1785795160.877765815,/loadcell_data_filtered.wrench.force.z,54.57503229767437
2.63710265,1785795160.878036784,/loadcell_data_filtered.wrench.force.z,50.95955303756489
2.637379826,1785795160.878313960,/loadcell_data_filtered.wrench.force.z,48.0315699650646
2.637639147,1785795160.878573281,/loadcell_data_filtered.wrench.force.z,46.458119141724055
2.637900213,1785795160.878834347,/loadcell_data_filtered.wrench.force.z,45.12681531645018
2.638184972,1785795160.879119106,/loadcell_data_filtered.wrench.force.z,43.78307972281102
2.6384388750000003,1785795160.879373009,/loadcell_data_filtered.wrench.force.z,42.034948333550446
2.644786394,1785795160.885720528,/loadcell_data_filtered.wrench.force.z,40.64583082322843
2.645302128,1785795160.886236262,/loadcell_data_filtered.wrench.force.z,39.15730120931478
2.645440388,1785795160.886374522,/loadcell_data_filtered.wrench.force.z,38.547682163794
2.645569022,1785795160.886503156,/loadcell_data_filtered.wrench.force.z,44.13375879737934
2.645696223,1785795160.886630357,/loadcell_data_filtered.wrench.force.z,48.324834371403234
2.645814914,1785795160.886749048,/loadcell_data_filtered.wrench.force.z,51.894711834315665
2.645936321,1785795160.886870455,/loadcell_data_filtered.wrench.force.z,54.93777679451566
2.646058249,1785795160.886992383,/loadcell_data_filtered.wrench.force.z,57.85556736796438
2.646175983,1785795160.887110117,/loadcell_data_filtered.wrench.force.z,59.280846131349634
2.646296828,1785795160.887230962,/loadcell_data_filtered.wrench.force.z,60.251071789056255
2.6464186830000003,1785795160.887352817,/loadcell_data_filtered.wrench.force.z,60.529536274127025
2.646521847,1785795160.887455981,/loadcell_data_filtered.wrench.force.z,60.788364411278344
2.646634302,1785795160.887568436,/loadcell_data_filtered.wrench.force.z,60.428943212983405
2.646750078,1785795160.887684212,/loadcell_data_filtered.wrench.force.z,58.2286200850257
2.646863196,1785795160.887797330,/loadcell_data_filtered.wrench.force.z,57.48836099875888
2.646970815,1785795160.887904949,/loadcell_data_filtered.wrench.force.z,57.2450309937668
2.647689782,1785795160.888623916,/loadcell_data_filtered.wrench.force.z,56.74374121486994
2.64793461,1785795160.888868744,/loadcell_data_filtered.wrench.force.z,56.45053638865374
2.648757842,1785795160.889691976,/loadcell_data_filtered.wrench.force.z,56.28768445188925
2.64893554,1785795160.889869674,/loadcell_data_filtered.wrench.force.z,53.26041808172773
2.649370013,1785795160.890304147,/loadcell_data_filtered.wrench.force.z,48.71179930601118
2.6508048310000003,1785795160.891738965,/loadcell_data_filtered.wrench.force.z,44.19851641903522
2.651279943,1785795160.892214077,/loadcell_data_filtered.wrench.force.z,39.949691611050916
2.651497549,1785795160.892431683,/loadcell_data_filtered.wrench.force.z,36.40869028932432
2.65210105,1785795160.893035184,/loadcell_data_filtered.wrench.force.z,33.4334474299584
2.652304174,1785795160.893238308,/loadcell_data_filtered.wrench.force.z,31.237050650181615
2.652554261,1785795160.893488395,/loadcell_data_filtered.wrench.force.z,30.612465813070575
2.652902866,1785795160.893837000,/loadcell_data_filtered.wrench.force.z,30.491808330962577
2.654078622,1785795160.895012756,/loadcell_data_filtered.wrench.force.z,30.755700146941265
2.654406736,1785795160.895340870,/loadcell_data_filtered.wrench.force.z,30.734557043608483
2.654546248,1785795160.895480382,/loadcell_data_filtered.wrench.force.z,31.289715084087298
2.656630162,1785795160.897564296,/loadcell_data_filtered.wrench.force.z,31.182609187041766
2.656782712,1785795160.897716846,/loadcell_data_filtered.wrench.force.z,30.717501602653023
2.656911527,1785795160.897845661,/loadcell_data_filtered.wrench.force.z,29.9099775953746
2.657020732,1785795160.897954866,/loadcell_data_filtered.wrench.force.z,23.367193040714387
2.6604605990000003,1785795160.901394733,/loadcell_data_filtered.wrench.force.z,23.474717561987426
2.66121503,1785795160.902149164,/loadcell_data_filtered.wrench.force.z,27.833617394014883
2.661547328,1785795160.902481462,/loadcell_data_filtered.wrench.force.z,32.7922994686708
2.661779681,1785795160.902713815,/loadcell_data_filtered.wrench.force.z,37.873417738341516
2.662030111,1785795160.902964245,/loadcell_data_filtered.wrench.force.z,42.54948385479097
2.662309186,1785795160.903243320,/loadcell_data_filtered.wrench.force.z,46.7397509990406
2.662571529,1785795160.903505663,/loadcell_data_filtered.wrench.force.z,49.619588546988055
2.662785249,1785795160.903719383,/loadcell_data_filtered.wrench.force.z,51.859451899990404
2.662991126,1785795160.903925260,/loadcell_data_filtered.wrench.force.z,53.08853458420518
2.6632338,1785795160.904167934,/loadcell_data_filtered.wrench.force.z,52.85134557115501
2.663482534,1785795160.904416668,/loadcell_data_filtered.wrench.force.z,53.620072091829364
2.663775973,1785795160.904710107,/loadcell_data_filtered.wrench.force.z,54.60846167018828
2.664011537,1785795160.904945671,/loadcell_data_filtered.wrench.force.z,55.26356005034797
2.664376375,1785795160.905310509,/loadcell_data_filtered.wrench.force.z,56.00539564794619
2.6646803119999998,1785795160.905614446,/loadcell_data_filtered.wrench.force.z,57.850349149165005
2.667611623,1785795160.908545757,/loadcell_data_filtered.wrench.force.z,59.19564609741887
2.668167536,1785795160.909101670,/loadcell_data_filtered.wrench.force.z,59.4141652367679
2.668570882,1785795160.909505016,/loadcell_data_filtered.wrench.force.z,60.96386747622228
2.668909578,1785795160.909843712,/loadcell_data_filtered.wrench.force.z,57.19154339730062
2.669244817,1785795160.910178951,/loadcell_data_filtered.wrench.force.z,55.40005967131769
2.669553658,1785795160.910487792,/loadcell_data_filtered.wrench.force.z,53.36537321606701
2.669974876,1785795160.910909010,/loadcell_data_filtered.wrench.force.z,52.321121876672116
2.67034993,1785795160.911284064,/loadcell_data_filtered.wrench.force.z,50.52147301436854
2.670741812,1785795160.911675946,/loadcell_data_filtered.wrench.force.z,48.61808849305612
2.671122573,1785795160.912056707,/loadcell_data_filtered.wrench.force.z,47.89217018405894
2.6714731,1785795160.912407234,/loadcell_data_filtered.wrench.force.z,48.899459839230516
2.671805726,1785795160.912739860,/loadcell_data_filtered.wrench.force.z,50.353520993779824
2.672118406,1785795160.913052540,/loadcell_data_filtered.wrench.force.z,52.272259544930854
2.672406852,1785795160.913340986,/loadcell_data_filtered.wrench.force.z,53.182150836542036
2.672690077,1785795160.913624211,/loadcell_data_filtered.wrench.force.z,54.737784833771066
2.673669694,1785795160.914603828,/loadcell_data_filtered.wrench.force.z,55.1362014896576
2.6740497430000003,1785795160.914983877,/loadcell_data_filtered.wrench.force.z,55.13261854703156
2.674321568,1785795160.915255702,/loadcell_data_filtered.wrench.force.z,55.519268626242074
2.674558651,1785795160.915492785,/loadcell_data_filtered.wrench.force.z,56.27936177348347
2.674800522,1785795160.915734656,/loadcell_data_filtered.wrench.force.z,57.02663169470784
2.675028193,1785795160.915962327,/loadcell_data_filtered.wrench.force.z,63.288670521195854
2.6752445910000002,1785795160.916178725,/loadcell_data_filtered.wrench.force.z,68.0291443079219
2.675428202,1785795160.916362336,/loadcell_data_filtered.wrench.force.z,72.63022063970128
2.6758417750000003,1785795160.916775909,/loadcell_data_filtered.wrench.force.z,76.02368446391687
2.677449072,1785795160.918383206,/loadcell_data_filtered.wrench.force.z,78.60668755541188
2.6777315770000003,1785795160.918665711,/loadcell_data_filtered.wrench.force.z,80.18094892810372
2.677941268,1785795160.918875402,/loadcell_data_filtered.wrench.force.z,81.43489990368036
2.6781751639999998,1785795160.919109298,/loadcell_data_filtered.wrench.force.z,82.03354983977175
2.678410732,1785795160.919344866,/loadcell_data_filtered.wrench.force.z,81.71138493238855
2.679966822,1785795160.920900956,/loadcell_data_filtered.wrench.force.z,80.48474773527323
2.680233594,1785795160.921167728,/loadcell_data_filtered.wrench.force.z,80.0358967574778
2.68041879,1785795160.921352924,/loadcell_data_filtered.wrench.force.z,79.95502239259989
2.680566345,1785795160.921500479,/loadcell_data_filtered.wrench.force.z,80.16672067845843
2.680802129,1785795160.921736263,/loadcell_data_filtered.wrench.force.z,79.37342044255927
2.681374609,1785795160.922308743,/loadcell_data_filtered.wrench.force.z,77.58078271427306
2.681909663,1785795160.922843797,/loadcell_data_filtered.wrench.force.z,76.68968661820209
2.685450585,1785795160.926384719,/loadcell_data_filtered.wrench.force.z,72.3071140743736
2.689972415,1785795160.930906549,/loadcell_data_filtered.wrench.force.z,67.51609505524851
2.6901692,1785795160.931103334,/loadcell_data_filtered.wrench.force.z,65.69109951362607
2.690314352,1785795160.931248486,/loadcell_data_filtered.wrench.force.z,64.35962343802507
2.690449423,1785795160.931383557,/loadcell_data_filtered.wrench.force.z,63.97032542943358
2.690586773,1785795160.931520907,/loadcell_data_filtered.wrench.force.z,63.5074929518509
2.690757725,1785795160.931691859,/loadcell_data_filtered.wrench.force.z,62.956849896073486
2.690865107,1785795160.931799241,/loadcell_data_filtered.wrench.force.z,62.5217795091924
2.690999074,1785795160.931933208,/loadcell_data_filtered.wrench.force.z,61.82097423286213
2.69113806,1785795160.932072194,/loadcell_data_filtered.wrench.force.z,61.32531091544981
2.691271516,1785795160.932205650,/loadcell_data_filtered.wrench.force.z,60.812068802643026
2.691404749,1785795160.932338883,/loadcell_data_filtered.wrench.force.z,60.667253262842316
2.691531088,1785795160.932465222,/loadcell_data_filtered.wrench.force.z,58.47531718891864
2.691670554,1785795160.932604688,/loadcell_data_filtered.wrench.force.z,60.782888909576315
2.691793746,1785795160.932727880,/loadcell_data_filtered.wrench.force.z,64.02015378383507
2.691922013,1785795160.932856147,/loadcell_data_filtered.wrench.force.z,67.55761297668309
2.692221538,1785795160.933155672,/loadcell_data_filtered.wrench.force.z,69.89476033804709
2.692704392,1785795160.933638526,/loadcell_data_filtered.wrench.force.z,71.95196130078796
2.693210016,1785795160.934144150,/loadcell_data_filtered.wrench.force.z,73.11968716795809
2.693730368,1785795160.934664502,/loadcell_data_filtered.wrench.force.z,74.1577418902621
2.694249095,1785795160.935183229,/loadcell_data_filtered.wrench.force.z,73.75335850106235
2.694688367,1785795160.935622501,/loadcell_data_filtered.wrench.force.z,73.37549540959301
2.6951379820000003,1785795160.936072116,/loadcell_data_filtered.wrench.force.z,73.57592194560034
2.695909163,1785795160.936843297,/loadcell_data_filtered.wrench.force.z,73.37179383979355
2.699059855,1785795160.939993989,/loadcell_data_filtered.wrench.force.z,73.24641610003145
2.699745943,1785795160.940680077,/loadcell_data_filtered.wrench.force.z,72.86550283125715
2.700103732,1785795160.941037866,/loadcell_data_filtered.wrench.force.z,73.09568149278662
2.700428465,1785795160.941362599,/loadcell_data_filtered.wrench.force.z,73.74696721533718
2.700794995,1785795160.941729129,/loadcell_data_filtered.wrench.force.z,74.01255372583265
2.701319148,1785795160.942253282,/loadcell_data_filtered.wrench.force.z,74.42174410474074
2.701836398,1785795160.942770532,/loadcell_data_filtered.wrench.force.z,68.79742010820698
2.70230254,1785795160.943236674,/loadcell_data_filtered.wrench.force.z,64.43828274265891
2.7027141290000003,1785795160.943648263,/loadcell_data_filtered.wrench.force.z,59.24204101069058
2.703118512,1785795160.944052646,/loadcell_data_filtered.wrench.force.z,55.44920926872
2.703555167,1785795160.944489301,/loadcell_data_filtered.wrench.force.z,51.930996980798454
2.704021707,1785795160.944955841,/loadcell_data_filtered.wrench.force.z,49.502828374333056
2.704441731,1785795160.945375865,/loadcell_data_filtered.wrench.force.z,47.68567141385415
2.704962714,1785795160.945896848,/loadcell_data_filtered.wrench.force.z,47.124741027678866
2.706077941,1785795160.947012075,/loadcell_data_filtered.wrench.force.z,46.476318905010665
2.706101983,1785795160.947036117,/loadcell_data_filtered.wrench.force.z,45.962059831185215
2.706496788,1785795160.947430922,/loadcell_data_filtered.wrench.force.z,45.4672760811048
2.7070862,1785795160.948020334,/loadcell_data_filtered.wrench.force.z,44.73726328750895
2.707927718,1785795160.948861852,/loadcell_data_filtered.wrench.force.z,43.757757727371676
2.707948197,1785795160.948882331,/loadcell_data_filtered.wrench.force.z,43.20826905555365
2.70948425,1785795160.950418384,/loadcell_data_filtered.wrench.force.z,42.331623453160745
2.7099031780000002,1785795160.950837312,/loadcell_data_filtered.wrench.force.z,42.09126424705032
2.710306916,1785795160.951241050,/loadcell_data_filtered.wrench.force.z,42.345896856661284
2.7106914890000002,1785795160.951625623,/loadcell_data_filtered.wrench.force.z,47.41757487576231
2.711079599,1785795160.952013733,/loadcell_data_filtered.wrench.force.z,51.55684910234733
2.711470133,1785795160.952404267,/loadcell_data_filtered.wrench.force.z,54.93476188484738
2.711883217,1785795160.952817351,/loadcell_data_filtered.wrench.force.z,57.64981549280043
2.71349187,1785795160.954426004,/loadcell_data_filtered.wrench.force.z,60.259259683768
2.713505317,1785795160.954439451,/loadcell_data_filtered.wrench.force.z,61.82412514864617
2.713508795,1785795160.954442929,/loadcell_data_filtered.wrench.force.z,62.24260272986927
2.713851036,1785795160.954785170,/loadcell_data_filtered.wrench.force.z,62.42836017935648
2.7143016710000003,1785795160.955235805,/loadcell_data_filtered.wrench.force.z,62.816396747534135
2.714773435,1785795160.955707569,/loadcell_data_filtered.wrench.force.z,63.391637663253874
2.715557837,1785795160.956491971,/loadcell_data_filtered.wrench.force.z,63.780758531602636
2.7160101560000003,1785795160.956944290,/loadcell_data_filtered.wrench.force.z,64.4199207486297
2.716418394,1785795160.957352528,/loadcell_data_filtered.wrench.force.z,65.60213311480753
2.716812403,1785795160.957746537,/loadcell_data_filtered.wrench.force.z,66.55798421004201
2.717243733,1785795160.958177867,/loadcell_data_filtered.wrench.force.z,68.09642776546306
2.717665929,1785795160.958600063,/loadcell_data_filtered.wrench.force.z,69.85290542490972
2.719770488,1785795160.960704622,/loadcell_data_filtered.wrench.force.z,67.1863445559728
2.722955245,1785795160.963889379,/loadcell_data_filtered.wrench.force.z,63.40204384918098
2.724095936,1785795160.965030070,/loadcell_data_filtered.wrench.force.z,60.28382129106641
2.7241063480000003,1785795160.965040482,/loadcell_data_filtered.wrench.force.z,58.478061561453366
2.724109746,1785795160.965043880,/loadcell_data_filtered.wrench.force.z,58.926106313991156
2.724112607,1785795160.965046741,/loadcell_data_filtered.wrench.force.z,60.35088593739557
2.724292376,1785795160.965226510,/loadcell_data_filtered.wrench.force.z,62.25768601006652
2.724542839,1785795160.965476973,/loadcell_data_filtered.wrench.force.z,64.19003266104906
2.724756222,1785795160.965690356,/loadcell_data_filtered.wrench.force.z,65.96245212109187
2.724982291,1785795160.965916425,/loadcell_data_filtered.wrench.force.z,67.16141585923332
2.725213179,1785795160.966147313,/loadcell_data_filtered.wrench.force.z,68.40600425207386
2.725424143,1785795160.966358277,/loadcell_data_filtered.wrench.force.z,69.70698812850996
2.725945963,1785795160.966880097,/loadcell_data_filtered.wrench.force.z,70.91267739817773
2.726201992,1785795160.967136126,/loadcell_data_filtered.wrench.force.z,71.52779184564712
2.730499288,1785795160.971433422,/loadcell_data_filtered.wrench.force.z,69.7896511890301
2.7306381230000003,1785795160.971572257,/loadcell_data_filtered.wrench.force.z,74.22644998760691
2.730790747,1785795160.971724881,/loadcell_data_filtered.wrench.force.z,76.79066686560954
2.73089755,1785795160.971831684,/loadcell_data_filtered.wrench.force.z,79.14364831145814
2.731024105,1785795160.971958239,/loadcell_data_filtered.wrench.force.z,80.78321957464927
2.731160767,1785795160.972094901,/loadcell_data_filtered.wrench.force.z,81.96572573208206
2.7312851250000003,1785795160.972219259,/loadcell_data_filtered.wrench.force.z,83.23120074686271
2.731401019,1785795160.972335153,/loadcell_data_filtered.wrench.force.z,84.87254563214509
2.731520224,1785795160.972454358,/loadcell_data_filtered.wrench.force.z,80.65716735301845
2.731629802,1785795160.972563936,/loadcell_data_filtered.wrench.force.z,78.82109752261503
2.7317418460000003,1785795160.972675980,/loadcell_data_filtered.wrench.force.z,78.59408546618396
2.731854592,1785795160.972788726,/loadcell_data_filtered.wrench.force.z,77.74348407394369
2.732034002,1785795160.972968136,/loadcell_data_filtered.wrench.force.z,77.21608939634464
2.732250655,1785795160.973184789,/loadcell_data_filtered.wrench.force.z,76.90533541771454
2.734705339,1785795160.975639473,/loadcell_data_filtered.wrench.force.z,71.31159230390936
2.737001448,1785795160.977935582,/loadcell_data_filtered.wrench.force.z,67.22184867463639
2.737140031,1785795160.978074165,/loadcell_data_filtered.wrench.force.z,64.25097873282485
2.737265811,1785795160.978199945,/loadcell_data_filtered.wrench.force.z,62.097774507724544
2.737376599,1785795160.978310733,/loadcell_data_filtered.wrench.force.z,59.41116602226802
2.737492095,1785795160.978426229,/loadcell_data_filtered.wrench.force.z,58.53851382575262
2.737603614,1785795160.978537748,/loadcell_data_filtered.wrench.force.z,56.46188244570915
2.7377154519999998,1785795160.978649586,/loadcell_data_filtered.wrench.force.z,56.07670953689328
2.737835822,1785795160.978769956,/loadcell_data_filtered.wrench.force.z,48.982748354466814
2.738031024,1785795160.978965158,/loadcell_data_filtered.wrench.force.z,48.95252734758585
2.738262777,1785795160.979196911,/loadcell_data_filtered.wrench.force.z,47.13079766848317
2.738485634,1785795160.979419768,/loadcell_data_filtered.wrench.force.z,46.21954598029942
2.738700926,1785795160.979635060,/loadcell_data_filtered.wrench.force.z,45.56036268444207
2.739162562,1785795160.980096696,/loadcell_data_filtered.wrench.force.z,44.43632122186822
2.739693533,1785795160.980627667,/loadcell_data_filtered.wrench.force.z,43.54962273005431
2.740326274,1785795160.981260408,/loadcell_data_filtered.wrench.force.z,42.61632628500236
2.741427311,1785795160.982361445,/loadcell_data_filtered.wrench.force.z,42.97121682813191
2.741912083,1785795160.982846217,/loadcell_data_filtered.wrench.force.z,46.7397087456405
2.744278315,1785795160.985212449,/loadcell_data_filtered.wrench.force.z,49.35205740767669
2.744574323,1785795160.985508457,/loadcell_data_filtered.wrench.force.z,51.52302321951401
2.7448015,1785795160.985735634,/loadcell_data_filtered.wrench.force.z,53.171181923098764
2.745032717,1785795160.985966851,/loadcell_data_filtered.wrench.force.z,54.30208958947915
2.7452693310000003,1785795160.986203465,/loadcell_data_filtered.wrench.force.z,54.25732766095514
2.745489018,1785795160.986423152,/loadcell_data_filtered.wrench.force.z,53.345405840064686
2.745701727,1785795160.986635861,/loadcell_data_filtered.wrench.force.z,51.86566450695336
2.745911906,1785795160.986846040,/loadcell_data_filtered.wrench.force.z,50.82454392563332
2.74612529,1785795160.987059424,/loadcell_data_filtered.wrench.force.z,49.38371825581795
2.747268212,1785795160.988202346,/loadcell_data_filtered.wrench.force.z,47.62978648738426
2.74772343,1785795160.988657564,/loadcell_data_filtered.wrench.force.z,46.18825028889463
2.747863556,1785795160.988797690,/loadcell_data_filtered.wrench.force.z,45.21092994118534
2.747998828,1785795160.988932962,/loadcell_data_filtered.wrench.force.z,44.24311008775686
2.748125633,1785795160.989059767,/loadcell_data_filtered.wrench.force.z,43.05814197070912
2.752890792,1785795160.993824926,/loadcell_data_filtered.wrench.force.z,41.28822253904414
2.753325353,1785795160.994259487,/loadcell_data_filtered.wrench.force.z,35.817099223520394
2.753500808,1785795160.994434942,/loadcell_data_filtered.wrench.force.z,31.47993484838919
2.7536324800000003,1785795160.994566614,/loadcell_data_filtered.wrench.force.z,26.60571204725012
2.75374944,1785795160.994683574,/loadcell_data_filtered.wrench.force.z,22.98256298117333
2.7538631870000003,1785795160.994797321,/loadcell_data_filtered.wrench.force.z,19.820076486810184
2.75397802,1785795160.994912154,/loadcell_data_filtered.wrench.force.z,17.351203655582296
2.754097461,1785795160.995031595,/loadcell_data_filtered.wrench.force.z,15.333253074241078
2.754218784,1785795160.995152918,/loadcell_data_filtered.wrench.force.z,14.91543294336362
2.754330569,1785795160.995264703,/loadcell_data_filtered.wrench.force.z,14.691787857521753
2.754447988,1785795160.995382122,/loadcell_data_filtered.wrench.force.z,14.156414784686877
2.7545634740000002,1785795160.995497608,/loadcell_data_filtered.wrench.force.z,12.161474547411173
2.754676245,1785795160.995610379,/loadcell_data_filtered.wrench.force.z,11.415977980608504
2.756110391,1785795160.997044525,/loadcell_data_filtered.wrench.force.z,11.010958912495543
2.756294113,1785795160.997228247,/loadcell_data_filtered.wrench.force.z,9.575370982586755
2.756449098,1785795160.997383232,/loadcell_data_filtered.wrench.force.z,9.641033094267945
2.756578758,1785795160.997512892,/loadcell_data_filtered.wrench.force.z,9.090562740986536
2.75693491,1785795160.997869044,/loadcell_data_filtered.wrench.force.z,8.112215104053377
2.757426775,1785795160.998360909,/loadcell_data_filtered.wrench.force.z,13.323158246241668
2.758088302,1785795160.999022436,/loadcell_data_filtered.wrench.force.z,17.574649420112713
2.758473103,1785795160.999407237,/loadcell_data_filtered.wrench.force.z,21.121014074067435
2.7595034,1785795161.000437534,/loadcell_data_filtered.wrench.force.z,24.038049378397492
2.762731756,1785795161.003665890,/loadcell_data_filtered.wrench.force.z,27.145101325784797
2.764725796,1785795161.005659930,/loadcell_data_filtered.wrench.force.z,29.16096384085136
2.764928029,1785795161.005862163,/loadcell_data_filtered.wrench.force.z,31.087525145802125
2.765077305,1785795161.006011439,/loadcell_data_filtered.wrench.force.z,32.036846446323416
2.765211151,1785795161.006145285,/loadcell_data_filtered.wrench.force.z,32.984091570154945
2.765337751,1785795161.006271885,/loadcell_data_filtered.wrench.force.z,34.3473957794102
2.765459377,1785795161.006393511,/loadcell_data_filtered.wrench.force.z,35.596899333685705
2.765576271,1785795161.006510405,/loadcell_data_filtered.wrench.force.z,36.810479336739824
2.76569165,1785795161.006625784,/loadcell_data_filtered.wrench.force.z,37.422551053151736
2.765812441,1785795161.006746575,/loadcell_data_filtered.wrench.force.z,39.03148247198463
2.765928955,1785795161.006863089,/loadcell_data_filtered.wrench.force.z,40.426365533604496
2.766204258,1785795161.007138392,/loadcell_data_filtered.wrench.force.z,40.49898370981832
2.766336792,1785795161.007270926,/loadcell_data_filtered.wrench.force.z,40.71183087550716
2.766470864,1785795161.007404998,/loadcell_data_filtered.wrench.force.z,34.39586280056126
2.7666003630000002,1785795161.007534497,/loadcell_data_filtered.wrench.force.z,31.34023506391737
2.767073937,1785795161.008008071,/loadcell_data_filtered.wrench.force.z,28.449547988786044
2.768412935,1785795161.009347069,/loadcell_data_filtered.wrench.force.z,25.712965657406464
2.768868127,1785795161.009802261,/loadcell_data_filtered.wrench.force.z,23.661286172895892
2.769250318,1785795161.010184452,/loadcell_data_filtered.wrench.force.z,22.90251581553417
2.769520724,1785795161.010454858,/loadcell_data_filtered.wrench.force.z,22.794499858849345
2.769785614,1785795161.010719748,/loadcell_data_filtered.wrench.force.z,23.407034690381128
2.770008099,1785795161.010942233,/loadcell_data_filtered.wrench.force.z,24.335158043910283
2.7703975400000003,1785795161.011331674,/loadcell_data_filtered.wrench.force.z,25.10287193339561
2.774967187,1785795161.015901321,/loadcell_data_filtered.wrench.force.z,25.703293028680672
2.775934424,1785795161.016868558,/loadcell_data_filtered.wrench.force.z,26.30232025451249
2.776431809,1785795161.017365943,/loadcell_data_filtered.wrench.force.z,27.151002292237113
2.776858246,1785795161.017792380,/loadcell_data_filtered.wrench.force.z,27.92777972233185
2.7771244580000003,1785795161.018058592,/loadcell_data_filtered.wrench.force.z,29.020008985370104
2.77731788,1785795161.018252014,/loadcell_data_filtered.wrench.force.z,30.46386668789934
2.777488933,1785795161.018423067,/loadcell_data_filtered.wrench.force.z,34.01638951402027
2.777666354,1785795161.018600488,/loadcell_data_filtered.wrench.force.z,40.05615354735582
2.777844133,1785795161.018778267,/loadcell_data_filtered.wrench.force.z,45.166153817637806
2.778007793,1785795161.018941927,/loadcell_data_filtered.wrench.force.z,49.11998465800019
2.778203387,1785795161.019137521,/loadcell_data_filtered.wrench.force.z,51.70276813291309
2.7783577690000003,1785795161.019291903,/loadcell_data_filtered.wrench.force.z,54.72942892988351
2.77851705,1785795161.019451184,/loadcell_data_filtered.wrench.force.z,56.49066978138395
2.778671713,1785795161.019605847,/loadcell_data_filtered.wrench.force.z,57.143785708845044
2.7788219830000003,1785795161.019756117,/loadcell_data_filtered.wrench.force.z,56.89720672107767
2.778979411,1785795161.019913545,/loadcell_data_filtered.wrench.force.z,57.387095925823914
2.779147126,1785795161.020081260,/loadcell_data_filtered.wrench.force.z,57.912997881668964
2.779432332,1785795161.020366466,/loadcell_data_filtered.wrench.force.z,58.21664582946208
2.7797788050000003,1785795161.020712939,/loadcell_data_filtered.wrench.force.z,58.667121537640014
2.780356606,1785795161.021290740,/loadcell_data_filtered.wrench.force.z,58.81109913140411
2.780814018,1785795161.021748152,/loadcell_data_filtered.wrench.force.z,58.91080859220802
2.781786674,1785795161.022720808,/loadcell_data_filtered.wrench.force.z,58.97693894313326
2.782069947,1785795161.023004081,/loadcell_data_filtered.wrench.force.z,58.83402267653167
2.782693494,1785795161.023627628,/loadcell_data_filtered.wrench.force.z,54.701876232665484
2.782998755,1785795161.023932889,/loadcell_data_filtered.wrench.force.z,50.90132807235062
2.783498806,1785795161.024432940,/loadcell_data_filtered.wrench.force.z,46.65286750116937
2.783971197,1785795161.024905331,/loadcell_data_filtered.wrench.force.z,43.30627328749153
2.784590674,1785795161.025524808,/loadcell_data_filtered.wrench.force.z,40.36346679544608
2.786669942,1785795161.027604076,/loadcell_data_filtered.wrench.force.z,38.33769775225732
2.78711852,1785795161.028052654,/loadcell_data_filtered.wrench.force.z,36.301336194519656
2.787681072,1785795161.028615206,/loadcell_data_filtered.wrench.force.z,36.336912002123995
2.78830678,1785795161.029240914,/loadcell_data_filtered.wrench.force.z,36.64776282043732
2.788485446,1785795161.029419580,/loadcell_data_filtered.wrench.force.z,37.27006978549313
2.788896175,1785795161.029830309,/loadcell_data_filtered.wrench.force.z,36.485027113939346
2.789225631,1785795161.030159765,/loadcell_data_filtered.wrench.force.z,36.30370981638686
2.789620501,1785795161.030554635,/loadcell_data_filtered.wrench.force.z,35.52810531009069
2.7900478790000003,1785795161.030982013,/loadcell_data_filtered.wrench.force.z,34.860582167919596
2.79074406,1785795161.031678194,/loadcell_data_filtered.wrench.force.z,34.59430958600148
2.791845551,1785795161.032779685,/loadcell_data_filtered.wrench.force.z,34.99262873279391
2.792296711,1785795161.033230845,/loadcell_data_filtered.wrench.force.z,34.297028212308994
2.792596589,1785795161.033530723,/loadcell_data_filtered.wrench.force.z,39.3023170634782
2.792907435,1785795161.033841569,/loadcell_data_filtered.wrench.force.z,43.186311958036804
2.7931460770000003,1785795161.034080211,/loadcell_data_filtered.wrench.force.z,46.70295056507073
2.7933901050000003,1785795161.034324239,/loadcell_data_filtered.wrench.force.z,49.534454769883126
2.793623826,1785795161.034557960,/loadcell_data_filtered.wrench.force.z,52.40387761298739
2.793842192,1785795161.034776326,/loadcell_data_filtered.wrench.force.z,53.24072738292975
2.797027592,1785795161.037961726,/loadcell_data_filtered.wrench.force.z,54.00248783703139
2.79736653,1785795161.038300664,/loadcell_data_filtered.wrench.force.z,53.66350609973682
2.797671879,1785795161.038606013,/loadcell_data_filtered.wrench.force.z,53.881837251159126
2.797892278,1785795161.038826412,/loadcell_data_filtered.wrench.force.z,54.02313694241724
2.798105015,1785795161.039039149,/loadcell_data_filtered.wrench.force.z,54.21488834630646
2.798321249,1785795161.039255383,/loadcell_data_filtered.wrench.force.z,54.34072878571934
2.798517296,1785795161.039451430,/loadcell_data_filtered.wrench.force.z,54.249996825231214
2.798688395,1785795161.039622529,/loadcell_data_filtered.wrench.force.z,53.456864883986476
2.798868186,1785795161.039802320,/loadcell_data_filtered.wrench.force.z,51.25881700216595
2.799032382,1785795161.039966516,/loadcell_data_filtered.wrench.force.z,49.54488052223391
2.801650442,1785795161.042584576,/loadcell_data_filtered.wrench.force.z,47.907533739438534
2.802217348,1785795161.043151482,/loadcell_data_filtered.wrench.force.z,40.780506386092554
2.802743579,1785795161.043677713,/loadcell_data_filtered.wrench.force.z,36.08657952550463
2.8032451,1785795161.044179234,/loadcell_data_filtered.wrench.force.z,32.1704054742699
2.803704387,1785795161.044638521,/loadcell_data_filtered.wrench.force.z,28.873107363886145
2.8041712480000003,1785795161.045105382,/loadcell_data_filtered.wrench.force.z,25.582326259593152
2.804644778,1785795161.045578912,/loadcell_data_filtered.wrench.force.z,22.65269506197099
2.8049833900000003,1785795161.045917524,/loadcell_data_filtered.wrench.force.z,20.182778954123606
2.805298937,1785795161.046233071,/loadcell_data_filtered.wrench.force.z,19.55736936028393
2.805628622,1785795161.046562756,/loadcell_data_filtered.wrench.force.z,18.60030561851602
2.805951936,1785795161.046886070,/loadcell_data_filtered.wrench.force.z,18.021600425294547
2.806306405,1785795161.047240539,/loadcell_data_filtered.wrench.force.z,17.309090706516262
2.806645329,1785795161.047579463,/loadcell_data_filtered.wrench.force.z,16.137576049918056
2.809648255,1785795161.050582389,/loadcell_data_filtered.wrench.force.z,15.406919244121152
2.809953913,1785795161.050888047,/loadcell_data_filtered.wrench.force.z,14.549642531145622
2.8101821190000003,1785795161.051116253,/loadcell_data_filtered.wrench.force.z,14.659442394876361
2.810409475,1785795161.051343609,/loadcell_data_filtered.wrench.force.z,15.013253422452715
2.811524497,1785795161.052458631,/loadcell_data_filtered.wrench.force.z,18.526073416747785
2.811569426,1785795161.052503560,/loadcell_data_filtered.wrench.force.z,23.29181202249428
2.811577655,1785795161.052511789,/loadcell_data_filtered.wrench.force.z,28.38416222286771
2.811581165,1785795161.052515299,/loadcell_data_filtered.wrench.force.z,32.53514165870239
2.811586036,1785795161.052520170,/loadcell_data_filtered.wrench.force.z,35.914825186089374
2.811715447,1785795161.052649581,/loadcell_data_filtered.wrench.force.z,38.75854443700376
2.811919821,1785795161.052853955,/loadcell_data_filtered.wrench.force.z,39.669292584644985
2.812116392,1785795161.053050526,/loadcell_data_filtered.wrench.force.z,38.87380663148567
2.812404768,1785795161.053338902,/loadcell_data_filtered.wrench.force.z,39.258620211686804
2.812901323,1785795161.053835457,/loadcell_data_filtered.wrench.force.z,40.04040590922973
2.813062697,1785795161.053996831,/loadcell_data_filtered.wrench.force.z,40.95195069057062
2.8132506360000002,1785795161.054184770,/loadcell_data_filtered.wrench.force.z,42.0367764731647
2.813435621,1785795161.054369755,/loadcell_data_filtered.wrench.force.z,42.9334561260737
2.8154708,1785795161.056404934,/loadcell_data_filtered.wrench.force.z,43.28849795080469
2.815570684,1785795161.056504818,/loadcell_data_filtered.wrench.force.z,44.11332805980279
2.8156817160000003,1785795161.056615850,/loadcell_data_filtered.wrench.force.z,44.557278365144164
2.815791524,1785795161.056725658,/loadcell_data_filtered.wrench.force.z,37.912202425338045
2.815902425,1785795161.056836559,/loadcell_data_filtered.wrench.force.z,34.25532258491102
2.819037638,1785795161.059971772,/loadcell_data_filtered.wrench.force.z,30.357780057309643
2.819416098,1785795161.060350232,/loadcell_data_filtered.wrench.force.z,26.62826400014384
2.819565747,1785795161.060499881,/loadcell_data_filtered.wrench.force.z,24.7360737892838
2.819699003,1785795161.060633137,/loadcell_data_filtered.wrench.force.z,22.832824869691102
2.819829732,1785795161.060763866,/loadcell_data_filtered.wrench.force.z,22.161483526951034
2.8199636530000003,1785795161.060897787,/loadcell_data_filtered.wrench.force.z,21.89933856677864
2.820109582,1785795161.061043716,/loadcell_data_filtered.wrench.force.z,22.61064768893178
2.820703677,1785795161.061637811,/loadcell_data_filtered.wrench.force.z,23.294884322931992
2.822128551,1785795161.063062685,/loadcell_data_filtered.wrench.force.z,23.242144543084
2.822289925,1785795161.063224059,/loadcell_data_filtered.wrench.force.z,24.209508966699282
2.822529316,1785795161.063463450,/loadcell_data_filtered.wrench.force.z,24.34810365819011
2.822665096,1785795161.063599230,/loadcell_data_filtered.wrench.force.z,24.460981142883885
2.8228117260000003,1785795161.063745860,/loadcell_data_filtered.wrench.force.z,25.036324369264676
2.824177555,1785795161.065111689,/loadcell_data_filtered.wrench.force.z,24.96936572201917
2.828028104,1785795161.068962238,/loadcell_data_filtered.wrench.force.z,24.338631475766
2.828335686,1785795161.069269820,/loadcell_data_filtered.wrench.force.z,24.99432525000077
2.828591339,1785795161.069525473,/loadcell_data_filtered.wrench.force.z,31.391227203076074
2.828830885,1785795161.069765019,/loadcell_data_filtered.wrench.force.z,36.028845880048074
2.829040327,1785795161.069974461,/loadcell_data_filtered.wrench.force.z,39.91889917342107
2.829267557,1785795161.070201691,/loadcell_data_filtered.wrench.force.z,44.092220324943
2.829462705,1785795161.070396839,/loadcell_data_filtered.wrench.force.z,47.81329861881282
2.829644416,1785795161.070578550,/loadcell_data_filtered.wrench.force.z,43.47764136009176
2.829816304,1785795161.070750438,/loadcell_data_filtered.wrench.force.z,44.078701998675136
2.8300101,1785795161.070944234,/loadcell_data_filtered.wrench.force.z,44.68571993204532
2.830209451,1785795161.071143585,/loadcell_data_filtered.wrench.force.z,43.40797447077553
2.830394177,1785795161.071328311,/loadcell_data_filtered.wrench.force.z,44.63430200614414
2.831425541,1785795161.072359675,/loadcell_data_filtered.wrench.force.z,44.73475944210501
2.831851347,1785795161.072785481,/loadcell_data_filtered.wrench.force.z,44.30807601595691
2.8322141160000003,1785795161.073148250,/loadcell_data_filtered.wrench.force.z,43.212949857337335
2.834642882,1785795161.075577016,/loadcell_data_filtered.wrench.force.z,37.878422545635566
2.835070518,1785795161.076004652,/loadcell_data_filtered.wrench.force.z,38.5074625470553
2.835367572,1785795161.076301706,/loadcell_data_filtered.wrench.force.z,38.793666172414625
2.835623018,1785795161.076557152,/loadcell_data_filtered.wrench.force.z,38.50518419692065
2.835907625,1785795161.076841759,/loadcell_data_filtered.wrench.force.z,33.5993649324967
2.836203545,1785795161.077137679,/loadcell_data_filtered.wrench.force.z,31.126389208785987
2.836459012,1785795161.077393146,/loadcell_data_filtered.wrench.force.z,28.35296297705721
2.836697686,1785795161.077631820,/loadcell_data_filtered.wrench.force.z,26.31887715208347
2.83693455,1785795161.077868684,/loadcell_data_filtered.wrench.force.z,24.51027447693605
2.83721279,1785795161.078146924,/loadcell_data_filtered.wrench.force.z,22.574072161590216
2.837490498,1785795161.078424632,/loadcell_data_filtered.wrench.force.z,22.055016061078465
2.837723294,1785795161.078657428,/loadcell_data_filtered.wrench.force.z,22.47333161574717
2.837932406,1785795161.078866540,/loadcell_data_filtered.wrench.force.z,24.06040963227549
2.838152557,1785795161.079086691,/loadcell_data_filtered.wrench.force.z,25.53524088717582
2.838362233,1785795161.079296367,/loadcell_data_filtered.wrench.force.z,26.36439043191524
2.8385753,1785795161.079509434,/loadcell_data_filtered.wrench.force.z,25.842098738340177
2.838792329,1785795161.079726463,/loadcell_data_filtered.wrench.force.z,25.894400169019743
2.839089795,1785795161.080023929,/loadcell_data_filtered.wrench.force.z,26.45816260414225
2.839653135,1785795161.080587269,/loadcell_data_filtered.wrench.force.z,26.911891400849466
2.840345021,1785795161.081279155,/loadcell_data_filtered.wrench.force.z,27.049247649219712
2.84085045,1785795161.081784584,/loadcell_data_filtered.wrench.force.z,30.941473279958295
2.841359096,1785795161.082293230,/loadcell_data_filtered.wrench.force.z,35.773084462400874
2.843441863,1785795161.084375997,/loadcell_data_filtered.wrench.force.z,40.68597708051652
2.843824298,1785795161.084758432,/loadcell_data_filtered.wrench.force.z,44.43946651231173
2.844065798,1785795161.084999932,/loadcell_data_filtered.wrench.force.z,47.1446969107777
2.844310011,1785795161.085244145,/loadcell_data_filtered.wrench.force.z,49.31161876576414
2.8457271840000002,1785795161.086661318,/loadcell_data_filtered.wrench.force.z,50.77449530983976
2.845979493,1785795161.086913627,/loadcell_data_filtered.wrench.force.z,50.74418754355717
2.846176073,1785795161.087110207,/loadcell_data_filtered.wrench.force.z,51.19207157910408
2.846339051,1785795161.087273185,/loadcell_data_filtered.wrench.force.z,51.708306885840535
2.84648798,1785795161.087422114,/loadcell_data_filtered.wrench.force.z,52.24509800435309
2.84665496,1785795161.087589094,/loadcell_data_filtered.wrench.force.z,52.15080659252075
2.846834287,1785795161.087768421,/loadcell_data_filtered.wrench.force.z,51.407065330514854
2.84748146,1785795161.088415594,/loadcell_data_filtered.wrench.force.z,50.87111047959993
2.847869857,1785795161.088803991,/loadcell_data_filtered.wrench.force.z,50.25681215993358
2.848253953,1785795161.089188087,/loadcell_data_filtered.wrench.force.z,49.698016860274734
2.848939391,1785795161.089873525,/loadcell_data_filtered.wrench.force.z,48.54972704538337
2.849288519,1785795161.090222653,/loadcell_data_filtered.wrench.force.z,43.00871031815641
2.849664615,1785795161.090598749,/loadcell_data_filtered.wrench.force.z,38.57615615640341
2.850158773,1785795161.091092907,/loadcell_data_filtered.wrench.force.z,33.420416742648065
2.850625342,1785795161.091559476,/loadcell_data_filtered.wrench.force.z,28.85412959277145
2.851315273,1785795161.092249407,/loadcell_data_filtered.wrench.force.z,24.409025397658485
2.851683315,1785795161.092617449,/loadcell_data_filtered.wrench.force.z,21.07730189072814
2.852031349,1785795161.092965483,/loadcell_data_filtered.wrench.force.z,18.019709606918383
2.852521523,1785795161.093455657,/loadcell_data_filtered.wrench.force.z,16.054666617732824
2.853058581,1785795161.093992715,/loadcell_data_filtered.wrench.force.z,14.737645684498817
2.8534895650000003,1785795161.094423699,/loadcell_data_filtered.wrench.force.z,13.630019484731038
2.8542303760000003,1785795161.095164510,/loadcell_data_filtered.wrench.force.z,12.078874629915521
2.85465327,1785795161.095587404,/loadcell_data_filtered.wrench.force.z,10.223262801044006
2.854958229,1785795161.095892363,/loadcell_data_filtered.wrench.force.z,8.49403871575207
2.855727463,1785795161.096661597,/loadcell_data_filtered.wrench.force.z,6.43237333684322
2.8561024770000003,1785795161.097036611,/loadcell_data_filtered.wrench.force.z,4.728896724752914
2.857971074,1785795161.098905208,/loadcell_data_filtered.wrench.force.z,3.1918753958003796
2.858290601,1785795161.099224735,/loadcell_data_filtered.wrench.force.z,1.7805586766317112
2.85847636,1785795161.099410494,/loadcell_data_filtered.wrench.force.z,6.259716590587754
2.858598767,1785795161.099532901,/loadcell_data_filtered.wrench.force.z,9.677319084404726
2.858724924,1785795161.099659058,/loadcell_data_filtered.wrench.force.z,12.317181586650277
2.861328667,1785795161.102262801,/loadcell_data_filtered.wrench.force.z,13.979122287197816
2.861973515,1785795161.102907649,/loadcell_data_filtered.wrench.force.z,16.29027067005509
2.862372492,1785795161.103306626,/loadcell_data_filtered.wrench.force.z,16.85992710533437
2.8675009410000003,1785795161.108435075,/loadcell_data_filtered.wrench.force.z,11.193721392117764
2.8679917130000003,1785795161.108925847,/loadcell_data_filtered.wrench.force.z,11.6595660852018
2.868356626,1785795161.109290760,/loadcell_data_filtered.wrench.force.z,12.500259537672058
2.868654539,1785795161.109588673,/loadcell_data_filtered.wrench.force.z,13.408745882197785
2.868933201,1785795161.109867335,/loadcell_data_filtered.wrench.force.z,14.473298041209533
2.869216814,1785795161.110150948,/loadcell_data_filtered.wrench.force.z,15.334125358820936
2.869558767,1785795161.110492901,/loadcell_data_filtered.wrench.force.z,14.697525767412083
2.869854596,1785795161.110788730,/loadcell_data_filtered.wrench.force.z,7.845403986904808
2.870250704,1785795161.111184838,/loadcell_data_filtered.wrench.force.z,-1.385534559411834
2.872271977,1785795161.113206111,/loadcell_data_filtered.wrench.force.z,-4.7495085909353065
2.872300348,1785795161.113234482,/loadcell_data_filtered.wrench.force.z,-9.386143857339775
2.872311791,1785795161.113245925,/loadcell_data_filtered.wrench.force.z,-11.922604463516574
2.872313974,1785795161.113248108,/loadcell_data_filtered.wrench.force.z,-12.895863989244724
2.872315661,1785795161.113249795,/loadcell_data_filtered.wrench.force.z,-12.710803187699401
2.872317847,1785795161.113251981,/loadcell_data_filtered.wrench.force.z,-12.195289244610565
2.872319669,1785795161.113253803,/loadcell_data_filtered.wrench.force.z,-11.531969295938492
2.872499419,1785795161.113433553,/loadcell_data_filtered.wrench.force.z,-10.64466877903469
2.873047778,1785795161.113981912,/loadcell_data_filtered.wrench.force.z,-10.119327013470768
2.87307581,1785795161.114009944,/loadcell_data_filtered.wrench.force.z,-9.838625731691247
2.874080177,1785795161.115014311,/loadcell_data_filtered.wrench.force.z,-9.527614504368366
2.8744862710000003,1785795161.115420405,/loadcell_data_filtered.wrench.force.z,-8.669087628827894
2.87474214,1785795161.115676274,/loadcell_data_filtered.wrench.force.z,-7.800544491141311
2.8749818400000002,1785795161.115915974,/loadcell_data_filtered.wrench.force.z,-8.182551715498144
2.876508779,1785795161.117442913,/loadcell_data_filtered.wrench.force.z,-4.157452381178495
2.876964128,1785795161.117898262,/loadcell_data_filtered.wrench.force.z,0.5948273596234435
2.8773136580000003,1785795161.118247792,/loadcell_data_filtered.wrench.force.z,5.1695120911877535
2.87765374,1785795161.118587874,/loadcell_data_filtered.wrench.force.z,9.324835892070165
2.878027323,1785795161.118961457,/loadcell_data_filtered.wrench.force.z,12.540382245727237
2.878416953,1785795161.119351087,/loadcell_data_filtered.wrench.force.z,15.083760498909728
2.878682959,1785795161.119617093,/loadcell_data_filtered.wrench.force.z,17.01146032580465
2.878894668,1785795161.119828802,/loadcell_data_filtered.wrench.force.z,17.728988883870695
2.879159066,1785795161.120093200,/loadcell_data_filtered.wrench.force.z,18.576500901896363
2.879405141,1785795161.120339275,/loadcell_data_filtered.wrench.force.z,19.254592536224873
2.8796613300000002,1785795161.120595464,/loadcell_data_filtered.wrench.force.z,20.260013906635123
2.879881664,1785795161.120815798,/loadcell_data_filtered.wrench.force.z,20.98592444241025
2.8800622010000003,1785795161.120996335,/loadcell_data_filtered.wrench.force.z,21.830868725705976
2.880351117,1785795161.121285251,/loadcell_data_filtered.wrench.force.z,22.557446327732432
2.881427695,1785795161.122361829,/loadcell_data_filtered.wrench.force.z,23.143673850145156
2.881617634,1785795161.122551768,/loadcell_data_filtered.wrench.force.z,23.84946149433559
2.881910414,1785795161.122844548,/loadcell_data_filtered.wrench.force.z,24.506245475604352
2.882478805,1785795161.123412939,/loadcell_data_filtered.wrench.force.z,20.44003709737065
2.882935183,1785795161.123869317,/loadcell_data_filtered.wrench.force.z,17.510141320795757
2.883307892,1785795161.124242026,/loadcell_data_filtered.wrench.force.z,13.990942283278002
2.883927683,1785795161.124861817,/loadcell_data_filtered.wrench.force.z,11.044881858794469
2.884512225,1785795161.125446359,/loadcell_data_filtered.wrench.force.z,8.343743892980338
2.884960872,1785795161.125895006,/loadcell_data_filtered.wrench.force.z,7.52968594722083
2.885314963,1785795161.126249097,/loadcell_data_filtered.wrench.force.z,6.707104907851759
2.885872301,1785795161.126806435,/loadcell_data_filtered.wrench.force.z,7.191993236516394
2.886293525,1785795161.127227659,/loadcell_data_filtered.wrench.force.z,7.8731111706092145
2.891351621,1785795161.132285755,/loadcell_data_filtered.wrench.force.z,8.35538185026786
2.891716494,1785795161.132650628,/loadcell_data_filtered.wrench.force.z,9.034048610535761
2.891898585,1785795161.132832719,/loadcell_data_filtered.wrench.force.z,9.92317247013375
2.892001218,1785795161.132935352,/loadcell_data_filtered.wrench.force.z,10.408985675647099
2.892233201,1785795161.133167335,/loadcell_data_filtered.wrench.force.z,11.528723337256622
2.892361158,1785795161.133295292,/loadcell_data_filtered.wrench.force.z,12.328989493064547
2.89249124,1785795161.133425374,/loadcell_data_filtered.wrench.force.z,12.919985929305822
2.892618159,1785795161.133552293,/loadcell_data_filtered.wrench.force.z,13.349461611729993
2.892748434,1785795161.133682568,/loadcell_data_filtered.wrench.force.z,19.359218089254945
2.8928883240000003,1785795161.133822458,/loadcell_data_filtered.wrench.force.z,23.90634085322575
2.893019703,1785795161.133953837,/loadcell_data_filtered.wrench.force.z,27.37311622923496
2.893130587,1785795161.134064721,/loadcell_data_filtered.wrench.force.z,28.172555779983952
2.893247022,1785795161.134181156,/loadcell_data_filtered.wrench.force.z,30.461283134602233
2.8933621350000003,1785795161.134296269,/loadcell_data_filtered.wrench.force.z,31.499130209133433
2.893846145,1785795161.134780279,/loadcell_data_filtered.wrench.force.z,31.82082181110677
2.894403743,1785795161.135337877,/loadcell_data_filtered.wrench.force.z,31.453388018363402
2.8950859,1785795161.136020034,/loadcell_data_filtered.wrench.force.z,31.042920605738956
2.895267508,1785795161.136201642,/loadcell_data_filtered.wrench.force.z,30.64048633652653
2.89575937,1785795161.136693504,/loadcell_data_filtered.wrench.force.z,29.914937784813233
2.89622669,1785795161.137160824,/loadcell_data_filtered.wrench.force.z,29.405559777200267
2.8967897540000003,1785795161.137723888,/loadcell_data_filtered.wrench.force.z,28.76244611290233
2.897222861,1785795161.138156995,/loadcell_data_filtered.wrench.force.z,28.004113348200722
2.897874614,1785795161.138808748,/loadcell_data_filtered.wrench.force.z,26.814108474100923
2.903056531,1785795161.143990665,/loadcell_data_filtered.wrench.force.z,25.793797741184893
2.904587705,1785795161.145521839,/loadcell_data_filtered.wrench.force.z,23.66550363823405
2.9047357920000003,1785795161.145669926,/loadcell_data_filtered.wrench.force.z,18.3603512301397
2.9049035190000003,1785795161.145837653,/loadcell_data_filtered.wrench.force.z,14.24463989135267
2.905726526,1785795161.146660660,/loadcell_data_filtered.wrench.force.z,10.701402474701172
2.905747292,1785795161.146681426,/loadcell_data_filtered.wrench.force.z,7.619760936901669
2.905753605,1785795161.146687739,/loadcell_data_filtered.wrench.force.z,4.966022639019801
2.905756149,1785795161.146690283,/loadcell_data_filtered.wrench.force.z,2.9655195673399986
2.90587385,1785795161.146807984,/loadcell_data_filtered.wrench.force.z,2.2927611690196716
2.906045161,1785795161.146979295,/loadcell_data_filtered.wrench.force.z,2.3489692247871323
2.906184955,1785795161.147119089,/loadcell_data_filtered.wrench.force.z,2.3715452590440784
2.9063521100000003,1785795161.147286244,/loadcell_data_filtered.wrench.force.z,2.7888036852784084
2.906494016,1785795161.147428150,/loadcell_data_filtered.wrench.force.z,3.026058301669573
2.906658976,1785795161.147593110,/loadcell_data_filtered.wrench.force.z,0.7499646891575149
2.906791748,1785795161.147725882,/loadcell_data_filtered.wrench.force.z,-0.724942672798045
2.909183522,1785795161.150117656,/loadcell_data_filtered.wrench.force.z,-1.468776355197181
2.909672535,1785795161.150606669,/loadcell_data_filtered.wrench.force.z,-1.681068528320843
2.909848773,1785795161.150782907,/loadcell_data_filtered.wrench.force.z,-1.751213800815158
2.909975365,1785795161.150909499,/loadcell_data_filtered.wrench.force.z,1.8026566433311424
2.910114492,1785795161.151048626,/loadcell_data_filtered.wrench.force.z,5.8760264955153
2.910237099,1785795161.151171233,/loadcell_data_filtered.wrench.force.z,10.687006257648804
2.91036201,1785795161.151296144,/loadcell_data_filtered.wrench.force.z,14.434632115990478
2.910486822,1785795161.151420956,/loadcell_data_filtered.wrench.force.z,17.401425600726576
2.9106085850000003,1785795161.151542719,/loadcell_data_filtered.wrench.force.z,18.91621866035636
2.910726229,1785795161.151660363,/loadcell_data_filtered.wrench.force.z,18.85888836112561
2.91084242,1785795161.151776554,/loadcell_data_filtered.wrench.force.z,18.90376844104878
2.911311644,1785795161.152245778,/loadcell_data_filtered.wrench.force.z,18.32440128420139
2.911851952,1785795161.152786086,/loadcell_data_filtered.wrench.force.z,17.90176221180979
2.91256921,1785795161.153503344,/loadcell_data_filtered.wrench.force.z,17.38931042691055
2.912790679,1785795161.153724813,/loadcell_data_filtered.wrench.force.z,17.31340401969325
2.913264334,1785795161.154198468,/loadcell_data_filtered.wrench.force.z,17.237799561064918
2.913675113,1785795161.154609247,/loadcell_data_filtered.wrench.force.z,17.264261413969816
2.914320409,1785795161.155254543,/loadcell_data_filtered.wrench.force.z,17.15277218826027
2.91644766,1785795161.157381794,/loadcell_data_filtered.wrench.force.z,17.240804803550475
2.91656861,1785795161.157502744,/loadcell_data_filtered.wrench.force.z,17.307424860457527
2.9166983660000003,1785795161.157632500,/loadcell_data_filtered.wrench.force.z,10.934750381109026
2.916817748,1785795161.157751882,/loadcell_data_filtered.wrench.force.z,0.46727484675703224
2.9169756920000003,1785795161.157909826,/loadcell_data_filtered.wrench.force.z,-3.5859378136267606
2.9176861460000003,1785795161.158620280,/loadcell_data_filtered.wrench.force.z,-7.392859447831183
2.920367064,1785795161.161301198,/loadcell_data_filtered.wrench.force.z,-11.009426610609252
2.920524312,1785795161.161458446,/loadcell_data_filtered.wrench.force.z,-12.581749273280813
2.920652915,1785795161.161587049,/loadcell_data_filtered.wrench.force.z,-13.822312117865065
2.920769726,1785795161.161703860,/loadcell_data_filtered.wrench.force.z,-13.110009198690936
2.920893659,1785795161.161827793,/loadcell_data_filtered.wrench.force.z,-12.239510370116005
2.921033408,1785795161.161967542,/loadcell_data_filtered.wrench.force.z,-11.228803008366343
2.921190228,1785795161.162124362,/loadcell_data_filtered.wrench.force.z,-11.07983308752622
2.923761836,1785795161.164695970,/loadcell_data_filtered.wrench.force.z,-12.225904731333372
2.924103873,1785795161.165038007,/loadcell_data_filtered.wrench.force.z,-12.610551907846418
2.92441522,1785795161.165349354,/loadcell_data_filtered.wrench.force.z,-12.30276142526922
2.924801237,1785795161.165735371,/loadcell_data_filtered.wrench.force.z,-11.71519926015682
2.925179258,1785795161.166113392,/loadcell_data_filtered.wrench.force.z,-10.886540367908408
2.925620498,1785795161.166554632,/loadcell_data_filtered.wrench.force.z,-9.921748030180192
2.925979127,1785795161.166913261,/loadcell_data_filtered.wrench.force.z,-3.688457711832709
2.926282279,1785795161.167216413,/loadcell_data_filtered.wrench.force.z,0.19902735461439836
2.926629851,1785795161.167563985,/loadcell_data_filtered.wrench.force.z,4.274630160858405
2.927050886,1785795161.167985020,/loadcell_data_filtered.wrench.force.z,7.849769834738176
2.927405361,1785795161.168339495,/loadcell_data_filtered.wrench.force.z,10.914270954748027
2.927750949,1785795161.168685083,/loadcell_data_filtered.wrench.force.z,12.886437712140314
2.928079333,1785795161.169013467,/loadcell_data_filtered.wrench.force.z,13.984968677053205
2.928304754,1785795161.169238888,/loadcell_data_filtered.wrench.force.z,14.559842439723678
2.928475186,1785795161.169409320,/loadcell_data_filtered.wrench.force.z,15.492610981331584
2.929305216,1785795161.170239350,/loadcell_data_filtered.wrench.force.z,15.839974386647864
2.92953411,1785795161.170468244,/loadcell_data_filtered.wrench.force.z,15.929777165620921
2.929723244,1785795161.170657378,/loadcell_data_filtered.wrench.force.z,17.432098035252213
2.930171206,1785795161.171105340,/loadcell_data_filtered.wrench.force.z,18.0548243760404
2.930680622,1785795161.171614756,/loadcell_data_filtered.wrench.force.z,18.003085033088052
2.931594982,1785795161.172529116,/loadcell_data_filtered.wrench.force.z,18.693815574615247
2.931967872,1785795161.172902006,/loadcell_data_filtered.wrench.force.z,19.37227049835029
2.932386449,1785795161.173320583,/loadcell_data_filtered.wrench.force.z,17.290950261081584
2.932923508,1785795161.173857642,/loadcell_data_filtered.wrench.force.z,13.262027154579641
2.934729715,1785795161.175663849,/loadcell_data_filtered.wrench.force.z,9.45475345213814
2.935033452,1785795161.175967586,/loadcell_data_filtered.wrench.force.z,6.411002390246963
2.93678146,1785795161.177715594,/loadcell_data_filtered.wrench.force.z,4.441125344545676
2.936795766,1785795161.177729900,/loadcell_data_filtered.wrench.force.z,2.478621435180128
2.936797939,1785795161.177732073,/loadcell_data_filtered.wrench.force.z,1.3632691070333438
2.9367996400000003,1785795161.177733774,/loadcell_data_filtered.wrench.force.z,0.6867036198467267
2.93796701,1785795161.178901144,/loadcell_data_filtered.wrench.force.z,0.9979884507787216
2.93818445,1785795161.179118584,/loadcell_data_filtered.wrench.force.z,1.8215950775889342
2.938345821,1785795161.179279955,/loadcell_data_filtered.wrench.force.z,1.9599176560170586
2.938581171,1785795161.179515305,/loadcell_data_filtered.wrench.force.z,2.3619565035413443
2.93877034,1785795161.179704474,/loadcell_data_filtered.wrench.force.z,2.1304526344347723
2.938928568,1785795161.179862702,/loadcell_data_filtered.wrench.force.z,1.7688485415794777
2.939363127,1785795161.180297261,/loadcell_data_filtered.wrench.force.z,1.4701185249120818
2.939612839,1785795161.180546973,/loadcell_data_filtered.wrench.force.z,1.0378150776004418
2.940234317,1785795161.181168451,/loadcell_data_filtered.wrench.force.z,0.5379160243680587
2.9406665050000003,1785795161.181600639,/loadcell_data_filtered.wrench.force.z,5.018646596470228
2.941143457,1785795161.182077591,/loadcell_data_filtered.wrench.force.z,9.057118083434805
2.9416245930000002,1785795161.182558727,/loadcell_data_filtered.wrench.force.z,13.30466058829917
2.942247945,1785795161.183182079,/loadcell_data_filtered.wrench.force.z,16.53208668361148
2.9426964140000003,1785795161.183630548,/loadcell_data_filtered.wrench.force.z,19.56511153486093
2.943335652,1785795161.184269786,/loadcell_data_filtered.wrench.force.z,21.42127235543534
2.943726206,1785795161.184660340,/loadcell_data_filtered.wrench.force.z,22.58334733596687
2.944259874,1785795161.185194008,/loadcell_data_filtered.wrench.force.z,22.254122106079862
2.944873964,1785795161.185808098,/loadcell_data_filtered.wrench.force.z,22.062762332384352
2.945085336,1785795161.186019470,/loadcell_data_filtered.wrench.force.z,22.074325576039882
2.945867402,1785795161.186801536,/loadcell_data_filtered.wrench.force.z,22.125402040426206
2.94611357,1785795161.187047704,/loadcell_data_filtered.wrench.force.z,22.068258524036732
2.946501935,1785795161.187436069,/loadcell_data_filtered.wrench.force.z,22.32183647124195
2.947477669,1785795161.188411803,/loadcell_data_filtered.wrench.force.z,22.535338301555623
2.947772258,1785795161.188706392,/loadcell_data_filtered.wrench.force.z,22.650920646831484
2.95177446,1785795161.192708594,/loadcell_data_filtered.wrench.force.z,23.019114156345413
2.95213319,1785795161.193067324,/loadcell_data_filtered.wrench.force.z,22.63145454289113
2.952260599,1785795161.193194733,/loadcell_data_filtered.wrench.force.z,18.07968975362222
2.952380754,1785795161.193314888,/loadcell_data_filtered.wrench.force.z,15.08243083032422
2.952497821,1785795161.193431955,/loadcell_data_filtered.wrench.force.z,11.816219725531928
2.952615406,1785795161.193549540,/loadcell_data_filtered.wrench.force.z,8.942903476492475
2.952732245,1785795161.193666379,/loadcell_data_filtered.wrench.force.z,6.60602837752274
2.952844484,1785795161.193778618,/loadcell_data_filtered.wrench.force.z,5.10068394417532
2.953030472,1785795161.193964606,/loadcell_data_filtered.wrench.force.z,4.204957150899687
2.95324038,1785795161.194174514,/loadcell_data_filtered.wrench.force.z,3.8233069353150895
2.953431361,1785795161.194365495,/loadcell_data_filtered.wrench.force.z,2.8144200673186655
2.953628812,1785795161.194562946,/loadcell_data_filtered.wrench.force.z,3.2269024337995886
2.955632629,1785795161.196566763,/loadcell_data_filtered.wrench.force.z,3.270043433558985
2.955783495,1785795161.196717629,/loadcell_data_filtered.wrench.force.z,3.031861034359235
2.955919331,1785795161.196853465,/loadcell_data_filtered.wrench.force.z,3.6135900569482864
2.956180798,1785795161.197114932,/loadcell_data_filtered.wrench.force.z,3.956047096595954
2.9563723900000003,1785795161.197306524,/loadcell_data_filtered.wrench.force.z,3.4997540121009942
2.956711555,1785795161.197645689,/loadcell_data_filtered.wrench.force.z,3.0234776899302034
2.958212173,1785795161.199146307,/loadcell_data_filtered.wrench.force.z,2.933813800038399
2.959200916,1785795161.200135050,/loadcell_data_filtered.wrench.force.z,8.987168902192959
2.9596325180000003,1785795161.200566652,/loadcell_data_filtered.wrench.force.z,13.712135244934272
2.959970546,1785795161.200904680,/loadcell_data_filtered.wrench.force.z,17.767531458047817
2.960296328,1785795161.201230462,/loadcell_data_filtered.wrench.force.z,21.231108424638006
2.960623833,1785795161.201557967,/loadcell_data_filtered.wrench.force.z,24.12500096658537
2.960980279,1785795161.201914413,/loadcell_data_filtered.wrench.force.z,25.115739278198966
2.961298715,1785795161.202232849,/loadcell_data_filtered.wrench.force.z,25.89170959948851
2.961559901,1785795161.202494035,/loadcell_data_filtered.wrench.force.z,26.10701827742592
2.9617684890000002,1785795161.202702623,/loadcell_data_filtered.wrench.force.z,26.74404615649835
2.9620376420000003,1785795161.202971776,/loadcell_data_filtered.wrench.force.z,26.557366222573076
2.962520183,1785795161.203454317,/loadcell_data_filtered.wrench.force.z,25.95629542421464
2.963833641,1785795161.204767775,/loadcell_data_filtered.wrench.force.z,25.670088848155622
2.967546649,1785795161.208480783,/loadcell_data_filtered.wrench.force.z,25.002184629057275
2.96794131,1785795161.208875444,/loadcell_data_filtered.wrench.force.z,25.219119518603375
2.9682600910000003,1785795161.209194225,/loadcell_data_filtered.wrench.force.z,24.746776205061852
2.968523291,1785795161.209457425,/loadcell_data_filtered.wrench.force.z,24.841612404307835
2.968764032,1785795161.209698166,/loadcell_data_filtered.wrench.force.z,22.32913041001737
2.969013219,1785795161.209947353,/loadcell_data_filtered.wrench.force.z,18.242004631851028
2.969262237,1785795161.210196371,/loadcell_data_filtered.wrench.force.z,14.223807613018003
2.969500512,1785795161.210434646,/loadcell_data_filtered.wrench.force.z,10.512562248384747
2.969739842,1785795161.210673976,/loadcell_data_filtered.wrench.force.z,7.255336158692
2.969936391,1785795161.210870525,/loadcell_data_filtered.wrench.force.z,3.2360755996473896
2.970100895,1785795161.211035029,/loadcell_data_filtered.wrench.force.z,0.06045839507156803
2.970259372,1785795161.211193506,/loadcell_data_filtered.wrench.force.z,-0.5191263345669532
2.970414255,1785795161.211348389,/loadcell_data_filtered.wrench.force.z,-1.5496643059690816
2.970572211,1785795161.211506345,/loadcell_data_filtered.wrench.force.z,-2.6394986061594894
2.970727029,1785795161.211661163,/loadcell_data_filtered.wrench.force.z,-3.229703476864684
2.971209008,1785795161.212143142,/loadcell_data_filtered.wrench.force.z,-4.469785960946739
2.971623432,1785795161.212557566,/loadcell_data_filtered.wrench.force.z,-5.268790063779033
2.9720821930000003,1785795161.213016327,/loadcell_data_filtered.wrench.force.z,-6.073161707688892
2.9725622300000003,1785795161.213496364,/loadcell_data_filtered.wrench.force.z,-6.70319551196299
2.973219632,1785795161.214153766,/loadcell_data_filtered.wrench.force.z,-7.284592653331022
2.973565241,1785795161.214499375,/loadcell_data_filtered.wrench.force.z,-7.465461480619097
2.973885246,1785795161.214819380,/loadcell_data_filtered.wrench.force.z,-3.1346162862320863
2.9749461640000003,1785795161.215880298,/loadcell_data_filtered.wrench.force.z,0.4965846273851229
2.975320179,1785795161.216254313,/loadcell_data_filtered.wrench.force.z,4.765991549673685
2.975634655,1785795161.216568789,/loadcell_data_filtered.wrench.force.z,8.350249767042465
2.978592514,1785795161.219526648,/loadcell_data_filtered.wrench.force.z,10.857906264888612
2.978999368,1785795161.219933502,/loadcell_data_filtered.wrench.force.z,13.011440868156289
2.9793756240000002,1785795161.220309758,/loadcell_data_filtered.wrench.force.z,14.253304999160353
2.979706072,1785795161.220640206,/loadcell_data_filtered.wrench.force.z,15.056961701765372
2.980013715,1785795161.220947849,/loadcell_data_filtered.wrench.force.z,15.610720496780996
2.980330255,1785795161.221264389,/loadcell_data_filtered.wrench.force.z,16.51276222044633
2.980654808,1785795161.221588942,/loadcell_data_filtered.wrench.force.z,17.229590046418394
2.980976702,1785795161.221910836,/loadcell_data_filtered.wrench.force.z,18.1502789671857
2.981309583,1785795161.222243717,/loadcell_data_filtered.wrench.force.z,19.166497494347105
2.981814666,1785795161.222748800,/loadcell_data_filtered.wrench.force.z,20.303308942784287
2.982131258,1785795161.223065392,/loadcell_data_filtered.wrench.force.z,21.89911126154349
2.99376956,1785795161.234703694,/loadcell_data_filtered.wrench.force.z,21.801127274528298
2.993977268,1785795161.234911402,/loadcell_data_filtered.wrench.force.z,21.72926185480857
2.9941531660000003,1785795161.235087300,/loadcell_data_filtered.wrench.force.z,14.910803458173328
2.994300265,1785795161.235234399,/loadcell_data_filtered.wrench.force.z,16.29249991888168
2.994430517,1785795161.235364651,/loadcell_data_filtered.wrench.force.z,18.27566568610633
2.9946069300000002,1785795161.235541064,/loadcell_data_filtered.wrench.force.z,25.350441486023445
2.994708312,1785795161.235642446,/loadcell_data_filtered.wrench.force.z,30.810658478195926
2.99484634,1785795161.235780474,/loadcell_data_filtered.wrench.force.z,35.87020543593698
2.995095476,1785795161.236029610,/loadcell_data_filtered.wrench.force.z,40.033100804969784
2.9951911730000003,1785795161.236125307,/loadcell_data_filtered.wrench.force.z,44.00714918993007
2.995387766,1785795161.236321900,/loadcell_data_filtered.wrench.force.z,43.93303233043324
2.995558708,1785795161.236492842,/loadcell_data_filtered.wrench.force.z,43.24951931190106
2.995753264,1785795161.236687398,/loadcell_data_filtered.wrench.force.z,42.83526771350472
2.997144553,1785795161.238078687,/loadcell_data_filtered.wrench.force.z,43.33472002565466
2.997403553,1785795161.238337687,/loadcell_data_filtered.wrench.force.z,43.048346730114346
2.997615296,1785795161.238549430,/loadcell_data_filtered.wrench.force.z,42.819419114452145
2.99782422,1785795161.238758354,/loadcell_data_filtered.wrench.force.z,43.17136343094724
2.998014271,1785795161.238948405,/loadcell_data_filtered.wrench.force.z,43.277813555745794
2.9982162690000003,1785795161.239150403,/loadcell_data_filtered.wrench.force.z,43.20654379985646
2.998385823,1785795161.239319957,/loadcell_data_filtered.wrench.force.z,43.482265024735014
2.999464881,1785795161.240399015,/loadcell_data_filtered.wrench.force.z,42.94338580418303
3.000151242,1785795161.241085376,/loadcell_data_filtered.wrench.force.z,39.192589784373034
3.000677818,1785795161.241611952,/loadcell_data_filtered.wrench.force.z,34.2860790615277
3.001117904,1785795161.242052038,/loadcell_data_filtered.wrench.force.z,29.729371414486273
3.001434728,1785795161.242368862,/loadcell_data_filtered.wrench.force.z,25.875342760049598
3.001830737,1785795161.242764871,/loadcell_data_filtered.wrench.force.z,21.627055222935063
3.002320766,1785795161.243254900,/loadcell_data_filtered.wrench.force.z,18.58488541751626
3.002535208,1785795161.243469342,/loadcell_data_filtered.wrench.force.z,16.10600090481972
3.005738018,1785795161.246672152,/loadcell_data_filtered.wrench.force.z,15.306600718477675
3.006020245,1785795161.246954379,/loadcell_data_filtered.wrench.force.z,14.508807965355068
3.006267175,1785795161.247201309,/loadcell_data_filtered.wrench.force.z,13.803279754493749
3.006647361,1785795161.247581495,/loadcell_data_filtered.wrench.force.z,13.035294009948545
3.006841968,1785795161.247776102,/loadcell_data_filtered.wrench.force.z,12.013475356266266
3.007141968,1785795161.248076102,/loadcell_data_filtered.wrench.force.z,11.298466788238239
3.007437065,1785795161.248371199,/loadcell_data_filtered.wrench.force.z,11.050594252416511
3.007738433,1785795161.248672567,/loadcell_data_filtered.wrench.force.z,10.889868660363783
3.0080654510000002,1785795161.248999585,/loadcell_data_filtered.wrench.force.z,10.62421993301422
3.008423515,1785795161.249357649,/loadcell_data_filtered.wrench.force.z,9.88251898583701
3.008751087,1785795161.249685221,/loadcell_data_filtered.wrench.force.z,12.377998379344927
3.009075294,1785795161.250009428,/loadcell_data_filtered.wrench.force.z,15.356099107322175
3.009327165,1785795161.250261299,/loadcell_data_filtered.wrench.force.z,19.074189860291327
3.009571492,1785795161.250505626,/loadcell_data_filtered.wrench.force.z,21.775207208417843
3.009806922,1785795161.250741056,/loadcell_data_filtered.wrench.force.z,23.817744683934635
3.010076723,1785795161.251010857,/loadcell_data_filtered.wrench.force.z,24.884661872192257
3.010501768,1785795161.251435902,/loadcell_data_filtered.wrench.force.z,25.55189063059214
3.010909038,1785795161.251843172,/loadcell_data_filtered.wrench.force.z,25.336821170506813
3.011443566,1785795161.252377700,/loadcell_data_filtered.wrench.force.z,24.991078159058095
3.011920908,1785795161.252855042,/loadcell_data_filtered.wrench.force.z,24.162745267703375
3.012295276,1785795161.253229410,/loadcell_data_filtered.wrench.force.z,23.740822902235546
3.01276071,1785795161.253694844,/loadcell_data_filtered.wrench.force.z,23.69804339434083
3.013300559,1785795161.254234693,/loadcell_data_filtered.wrench.force.z,24.217115309136723
3.013745069,1785795161.254679203,/loadcell_data_filtered.wrench.force.z,24.37932170072807
3.019882469,1785795161.260816603,/loadcell_data_filtered.wrench.force.z,24.646058355949563
3.020096695,1785795161.261030829,/loadcell_data_filtered.wrench.force.z,24.6240056209942
3.020256895,1785795161.261191029,/loadcell_data_filtered.wrench.force.z,25.298001190255718
3.020380299,1785795161.261314433,/loadcell_data_filtered.wrench.force.z,19.85434817622892
3.020505306,1785795161.261439440,/loadcell_data_filtered.wrench.force.z,16.700211703062738
3.020639427,1785795161.261573561,/loadcell_data_filtered.wrench.force.z,13.691241115867285
3.020763494,1785795161.261697628,/loadcell_data_filtered.wrench.force.z,11.159927506710227
3.020882317,1785795161.261816451,/loadcell_data_filtered.wrench.force.z,9.086347504806216
3.021033036,1785795161.261967170,/loadcell_data_filtered.wrench.force.z,8.082511211847534
3.021204832,1785795161.262138966,/loadcell_data_filtered.wrench.force.z,2.8286698228872886
3.021347492,1785795161.262281626,/loadcell_data_filtered.wrench.force.z,-1.0540512407356362
3.022655863,1785795161.263589997,/loadcell_data_filtered.wrench.force.z,-1.3319497248450516
3.023367685,1785795161.264301819,/loadcell_data_filtered.wrench.force.z,-3.016216223815293
3.023538573,1785795161.264472707,/loadcell_data_filtered.wrench.force.z,-3.5177951356511206
3.023685485,1785795161.264619619,/loadcell_data_filtered.wrench.force.z,-3.971770779734432
3.023836566,1785795161.264770700,/loadcell_data_filtered.wrench.force.z,-4.2430050681169265
3.023974191,1785795161.264908325,/loadcell_data_filtered.wrench.force.z,-4.599508888609587
3.024122151,1785795161.265056285,/loadcell_data_filtered.wrench.force.z,-4.383904404368311
3.024264442,1785795161.265198576,/loadcell_data_filtered.wrench.force.z,-4.825957221091621
3.027837766,1785795161.268771900,/loadcell_data_filtered.wrench.force.z,-4.528303564696261
3.028289926,1785795161.269224060,/loadcell_data_filtered.wrench.force.z,0.7774368749639082
3.028398549,1785795161.269332683,/loadcell_data_filtered.wrench.force.z,5.646513393649953
3.028509625,1785795161.269443759,/loadcell_data_filtered.wrench.force.z,9.960816453906794
3.028619992,1785795161.269554126,/loadcell_data_filtered.wrench.force.z,13.356643350800098
3.028741164,1785795161.269675298,/loadcell_data_filtered.wrench.force.z,16.633316248708248
3.028851834,1785795161.269785968,/loadcell_data_filtered.wrench.force.z,18.584384962598097
3.02896719,1785795161.269901324,/loadcell_data_filtered.wrench.force.z,19.778911914273557
3.02908082,1785795161.270014954,/loadcell_data_filtered.wrench.force.z,20.721424943640237
3.029191598,1785795161.270125732,/loadcell_data_filtered.wrench.force.z,21.54648836301838
3.029300755,1785795161.270234889,/loadcell_data_filtered.wrench.force.z,21.480093633023706
3.029412558,1785795161.270346692,/loadcell_data_filtered.wrench.force.z,20.464684138008344
3.029631796,1785795161.270565930,/loadcell_data_filtered.wrench.force.z,20.95499565875589
3.030149374,1785795161.271083508,/loadcell_data_filtered.wrench.force.z,21.600616879844253
3.032523751,1785795161.273457885,/loadcell_data_filtered.wrench.force.z,22.147996111945496
3.033189077,1785795161.274123211,/loadcell_data_filtered.wrench.force.z,22.43022809449261
3.033220905,1785795161.274155039,/loadcell_data_filtered.wrench.force.z,23.69732429105342
3.033357315,1785795161.274291449,/loadcell_data_filtered.wrench.force.z,21.3367082543412
3.033490834,1785795161.274424968,/loadcell_data_filtered.wrench.force.z,19.159456288272114
3.033620496,1785795161.274554630,/loadcell_data_filtered.wrench.force.z,15.567137295464033
3.033743947,1785795161.274678081,/loadcell_data_filtered.wrench.force.z,12.090007306037153
3.03442995,1785795161.275364084,/loadcell_data_filtered.wrench.force.z,9.642284339464188
3.034856592,1785795161.275790726,/loadcell_data_filtered.wrench.force.z,7.597168170857094
3.03628611,1785795161.277220244,/loadcell_data_filtered.wrench.force.z,6.689102909781947
3.03672322,1785795161.277657354,/loadcell_data_filtered.wrench.force.z,7.094235990059463
3.036853191,1785795161.277787325,/loadcell_data_filtered.wrench.force.z,8.244824571314613
3.036987982,1785795161.277922116,/loadcell_data_filtered.wrench.force.z,9.730639767582085
3.037243541,1785795161.278177675,/loadcell_data_filtered.wrench.force.z,10.303933597268216
3.037801507,1785795161.278735641,/loadcell_data_filtered.wrench.force.z,10.267078324554173
3.040422088,1785795161.281356222,/loadcell_data_filtered.wrench.force.z,10.773062089080653
3.041755757,1785795161.282689891,/loadcell_data_filtered.wrench.force.z,10.995633338538923
3.04235211,1785795161.283286244,/loadcell_data_filtered.wrench.force.z,10.946802205868195
3.04277223,1785795161.283706364,/loadcell_data_filtered.wrench.force.z,11.106057978805698
3.043091401,1785795161.284025535,/loadcell_data_filtered.wrench.force.z,11.791480450665683
3.043372541,1785795161.284306675,/loadcell_data_filtered.wrench.force.z,17.039073580208978
3.043631001,1785795161.284565135,/loadcell_data_filtered.wrench.force.z,21.65291578412566
3.043894868,1785795161.284829002,/loadcell_data_filtered.wrench.force.z,26.431255872070743
3.044144995,1785795161.285079129,/loadcell_data_filtered.wrench.force.z,30.143518555836685
3.044342224,1785795161.285276358,/loadcell_data_filtered.wrench.force.z,33.54785849971389
3.044564994,1785795161.285499128,/loadcell_data_filtered.wrench.force.z,35.45237307638305
3.044797903,1785795161.285732037,/loadcell_data_filtered.wrench.force.z,36.88991192189229
3.04502111,1785795161.285955244,/loadcell_data_filtered.wrench.force.z,36.90615811697333
3.045237726,1785795161.286171860,/loadcell_data_filtered.wrench.force.z,36.74446827244578
3.045428446,1785795161.286362580,/loadcell_data_filtered.wrench.force.z,36.716543638776635
3.045730633,1785795161.286664767,/loadcell_data_filtered.wrench.force.z,36.684792151144684
3.046396101,1785795161.287330235,/loadcell_data_filtered.wrench.force.z,36.538508285906474
3.046710833,1785795161.287644967,/loadcell_data_filtered.wrench.force.z,36.52577503993648
3.047568049,1785795161.288502183,/loadcell_data_filtered.wrench.force.z,36.963995192889854
3.047832914,1785795161.288767048,/loadcell_data_filtered.wrench.force.z,37.057422921346216
3.048154964,1785795161.289089098,/loadcell_data_filtered.wrench.force.z,37.29131617149798
3.049689232,1785795161.290623366,/loadcell_data_filtered.wrench.force.z,36.77028134823581
3.050024808,1785795161.290958942,/loadcell_data_filtered.wrench.force.z,30.73420624296369
3.050258242,1785795161.291192376,/loadcell_data_filtered.wrench.force.z,26.943479817410882
3.050434693,1785795161.291368827,/loadcell_data_filtered.wrench.force.z,23.027577061354908
3.053655312,1785795161.294589446,/loadcell_data_filtered.wrench.force.z,19.197302029538807
3.054417906,1785795161.295352040,/loadcell_data_filtered.wrench.force.z,15.504407940612932
3.054774707,1785795161.295708841,/loadcell_data_filtered.wrench.force.z,14.48301087062114
3.055312935,1785795161.296247069,/loadcell_data_filtered.wrench.force.z,14.438468901910282
3.055852041,1785795161.296786175,/loadcell_data_filtered.wrench.force.z,14.856041398119519
3.056301551,1785795161.297235685,/loadcell_data_filtered.wrench.force.z,15.711868256757548
3.056784712,1785795161.297718846,/loadcell_data_filtered.wrench.force.z,16.388889956785683
3.057441375,1785795161.298375509,/loadcell_data_filtered.wrench.force.z,16.078915914462744
3.057865606,1785795161.298799740,/loadcell_data_filtered.wrench.force.z,14.913049691641833
3.059926744,1785795161.300860878,/loadcell_data_filtered.wrench.force.z,13.735206276642623
3.059955801,1785795161.300889935,/loadcell_data_filtered.wrench.force.z,12.832999124395904
3.060395463,1785795161.301329597,/loadcell_data_filtered.wrench.force.z,12.747824754192404
3.06096991,1785795161.301904044,/loadcell_data_filtered.wrench.force.z,12.083700892235573
3.061328557,1785795161.302262691,/loadcell_data_filtered.wrench.force.z,13.497355397502645
3.061652161,1785795161.302586295,/loadcell_data_filtered.wrench.force.z,18.105425005342767
3.061985578,1785795161.302919712,/loadcell_data_filtered.wrench.force.z,22.065992767255334
3.062410016,1785795161.303344150,/loadcell_data_filtered.wrench.force.z,24.98253945571958
3.062765361,1785795161.303699495,/loadcell_data_filtered.wrench.force.z,27.565078213719463
3.063080343,1785795161.304014477,/loadcell_data_filtered.wrench.force.z,29.84735097943227
3.063396032,1785795161.304330166,/loadcell_data_filtered.wrench.force.z,30.54788787366591
3.063741031,1785795161.304675165,/loadcell_data_filtered.wrench.force.z,30.421587137420637
3.064076856,1785795161.305010990,/loadcell_data_filtered.wrench.force.z,30.067252686312017
3.0645101,1785795161.305444234,/loadcell_data_filtered.wrench.force.z,29.359982498489984
3.064913977,1785795161.305848111,/loadcell_data_filtered.wrench.force.z,29.729444015406358
3.065282621,1785795161.306216755,/loadcell_data_filtered.wrench.force.z,28.91264978735771
3.065620244,1785795161.306554378,/loadcell_data_filtered.wrench.force.z,28.093700736511593
3.069884094,1785795161.310818228,/loadcell_data_filtered.wrench.force.z,27.773410950949767
3.070261244,1785795161.311195378,/loadcell_data_filtered.wrench.force.z,24.086824035671555
3.07050642,1785795161.311440554,/loadcell_data_filtered.wrench.force.z,20.658059074802285
3.07075805,1785795161.311692184,/loadcell_data_filtered.wrench.force.z,17.15113745282786
3.07100602,1785795161.311940154,/loadcell_data_filtered.wrench.force.z,14.205572462937795
3.071244759,1785795161.312178893,/loadcell_data_filtered.wrench.force.z,11.835167149598192
3.071490181,1785795161.312424315,/loadcell_data_filtered.wrench.force.z,10.053107647111968
3.071738001,1785795161.312672135,/loadcell_data_filtered.wrench.force.z,9.10757004792178
3.071974364,1785795161.312908498,/loadcell_data_filtered.wrench.force.z,9.894983522714487
3.072257958,1785795161.313192092,/loadcell_data_filtered.wrench.force.z,10.714371869309876
3.072578645,1785795161.313512779,/loadcell_data_filtered.wrench.force.z,11.004445472054558
3.072861577,1785795161.313795711,/loadcell_data_filtered.wrench.force.z,9.232967921000826
3.073209322,1785795161.314143456,/loadcell_data_filtered.wrench.force.z,9.60808957156216
3.073551411,1785795161.314485545,/loadcell_data_filtered.wrench.force.z,10.208708315838974
3.073924359,1785795161.314858493,/loadcell_data_filtered.wrench.force.z,9.627850246588686
3.074407863,1785795161.315341997,/loadcell_data_filtered.wrench.force.z,10.428570181681012
3.074842983,1785795161.315777117,/loadcell_data_filtered.wrench.force.z,11.528245082522615
3.075126085,1785795161.316060219,/loadcell_data_filtered.wrench.force.z,12.00227260625428
3.076910945,1785795161.317845079,/loadcell_data_filtered.wrench.force.z,16.844301569133613
3.077109505,1785795161.318043639,/loadcell_data_filtered.wrench.force.z,21.61329158155624
3.077365843,1785795161.318299977,/loadcell_data_filtered.wrench.force.z,27.00602114505359
3.077623098,1785795161.318557232,/loadcell_data_filtered.wrench.force.z,30.81584779556054
3.077859346,1785795161.318793480,/loadcell_data_filtered.wrench.force.z,34.12824802794842
3.078071122,1785795161.319005256,/loadcell_data_filtered.wrench.force.z,29.222060358609863
3.078271566,1785795161.319205700,/loadcell_data_filtered.wrench.force.z,31.147127704374928
3.078470851,1785795161.319404985,/loadcell_data_filtered.wrench.force.z,30.91600489117199
3.078694108,1785795161.319628242,/loadcell_data_filtered.wrench.force.z,31.399729773599276
3.082773635,1785795161.323707769,/loadcell_data_filtered.wrench.force.z,32.21242558479809
3.083648787,1785795161.324582921,/loadcell_data_filtered.wrench.force.z,32.73803413038541
3.08418564,1785795161.325119774,/loadcell_data_filtered.wrench.force.z,33.48108125660023
3.084663262,1785795161.325597396,/loadcell_data_filtered.wrench.force.z,34.707356705549145
3.08505239,1785795161.325986524,/loadcell_data_filtered.wrench.force.z,36.14570649823179
3.085424116,1785795161.326358250,/loadcell_data_filtered.wrench.force.z,37.473714939485546
3.085768538,1785795161.326702672,/loadcell_data_filtered.wrench.force.z,37.98498129507014
3.086127585,1785795161.327061719,/loadcell_data_filtered.wrench.force.z,38.60620034095149
3.086442099,1785795161.327376233,/loadcell_data_filtered.wrench.force.z,33.889382138573154
3.086715589,1785795161.327649723,/loadcell_data_filtered.wrench.force.z,30.805701699051035
3.087017354,1785795161.327951488,/loadcell_data_filtered.wrench.force.z,27.17019849990057
3.087377083,1785795161.328311217,/loadcell_data_filtered.wrench.force.z,22.869402043793457
3.087708401,1785795161.328642535,/loadcell_data_filtered.wrench.force.z,19.479477782660425
3.088071214,1785795161.329005348,/loadcell_data_filtered.wrench.force.z,18.055101653842094
3.088455387,1785795161.329389521,/loadcell_data_filtered.wrench.force.z,18.226419880359874
3.088913144,1785795161.329847278,/loadcell_data_filtered.wrench.force.z,18.866278600213917
3.089527217,1785795161.330461351,/loadcell_data_filtered.wrench.force.z,19.44946757769306
3.08994138,1785795161.330875514,/loadcell_data_filtered.wrench.force.z,19.17463021633943
3.0903090300000002,1785795161.331243164,/loadcell_data_filtered.wrench.force.z,19.49142074574501
3.090649474,1785795161.331583608,/loadcell_data_filtered.wrench.force.z,19.205692716364506
3.091061159,1785795161.331995293,/loadcell_data_filtered.wrench.force.z,19.422512639212485
3.091558219,1785795161.332492353,/loadcell_data_filtered.wrench.force.z,19.040811892325877
3.091846139,1785795161.332780273,/loadcell_data_filtered.wrench.force.z,19.837526839374917
3.092320712,1785795161.333254846,/loadcell_data_filtered.wrench.force.z,20.462773169974877
3.092773365,1785795161.333707499,/loadcell_data_filtered.wrench.force.z,22.790975272012098
3.093190209,1785795161.334124343,/loadcell_data_filtered.wrench.force.z,27.16895717589054
3.093588824,1785795161.334522958,/loadcell_data_filtered.wrench.force.z,31.559969617962306
3.094253869,1785795161.335188003,/loadcell_data_filtered.wrench.force.z,35.86071704100537
3.094539144,1785795161.335473278,/loadcell_data_filtered.wrench.force.z,39.17198109637451
3.094779178,1785795161.335713312,/loadcell_data_filtered.wrench.force.z,42.52768746283814
3.095004557,1785795161.335938691,/loadcell_data_filtered.wrench.force.z,44.431892537218665
3.095237907,1785795161.336172041,/loadcell_data_filtered.wrench.force.z,45.58749471466222
3.095499198,1785795161.336433332,/loadcell_data_filtered.wrench.force.z,45.64338985695332
3.095731184,1785795161.336665318,/loadcell_data_filtered.wrench.force.z,45.40664428222559
3.095947672,1785795161.336881806,/loadcell_data_filtered.wrench.force.z,45.731239426173026
3.096179409,1785795161.337113543,/loadcell_data_filtered.wrench.force.z,45.995607311584095
3.096487338,1785795161.337421472,/loadcell_data_filtered.wrench.force.z,46.083326096683955
3.097240724,1785795161.338174858,/loadcell_data_filtered.wrench.force.z,46.46443051323046
3.097452591,1785795161.338386725,/loadcell_data_filtered.wrench.force.z,46.71296112415416
3.097995824,1785795161.338929958,/loadcell_data_filtered.wrench.force.z,46.99713623501952
3.098524668,1785795161.339458802,/loadcell_data_filtered.wrench.force.z,47.582837909368195
3.098990854,1785795161.339924988,/loadcell_data_filtered.wrench.force.z,43.548818063377844
3.099468025,1785795161.340402159,/loadcell_data_filtered.wrench.force.z,39.75122232376043
3.099872189,1785795161.340806323,/loadcell_data_filtered.wrench.force.z,36.14159261828938
3.100530762,1785795161.341464896,/loadcell_data_filtered.wrench.force.z,32.90732340989444
3.103419544,1785795161.344353678,/loadcell_data_filtered.wrench.force.z,29.374212994844772
3.103430849,1785795161.344364983,/loadcell_data_filtered.wrench.force.z,27.19796742416754
3.10343401,1785795161.344368144,/loadcell_data_filtered.wrench.force.z,25.199025173979308
3.103436719,1785795161.344370853,/loadcell_data_filtered.wrench.force.z,25.277585610601523
3.103439065,1785795161.344373199,/loadcell_data_filtered.wrench.force.z,25.46629307560371
3.103559312,1785795161.344493446,/loadcell_data_filtered.wrench.force.z,26.227960859473328
3.103984017,1785795161.344918151,/loadcell_data_filtered.wrench.force.z,26.679364328378142
3.109397095,1785795161.350331229,/loadcell_data_filtered.wrench.force.z,26.89837656640771
3.109697926,1785795161.350632060,/loadcell_data_filtered.wrench.force.z,26.602609904439298
3.110010972,1785795161.350945106,/loadcell_data_filtered.wrench.force.z,26.593966712857622
3.110319895,1785795161.351254029,/loadcell_data_filtered.wrench.force.z,26.86445323499865
3.110583324,1785795161.351517458,/loadcell_data_filtered.wrench.force.z,28.070813604046815
3.110875659,1785795161.351809793,/loadcell_data_filtered.wrench.force.z,28.969969125836762
3.111158401,1785795161.352092535,/loadcell_data_filtered.wrench.force.z,35.61270895704364
3.111380575,1785795161.352314709,/loadcell_data_filtered.wrench.force.z,40.92046744378963
3.111589989,1785795161.352524123,/loadcell_data_filtered.wrench.force.z,45.71474210958969
3.111844831,1785795161.352778965,/loadcell_data_filtered.wrench.force.z,49.70256701668615
3.112126628,1785795161.353060762,/loadcell_data_filtered.wrench.force.z,53.55771933738504
3.112369781,1785795161.353303915,/loadcell_data_filtered.wrench.force.z,54.532386353298506
3.112576685,1785795161.353510819,/loadcell_data_filtered.wrench.force.z,53.806699914325016
3.112787303,1785795161.353721437,/loadcell_data_filtered.wrench.force.z,53.28365294525657
3.113055423,1785795161.353989557,/loadcell_data_filtered.wrench.force.z,52.95211995356275
3.113706534,1785795161.354640668,/loadcell_data_filtered.wrench.force.z,52.75723985491486
3.113723244,1785795161.354657378,/loadcell_data_filtered.wrench.force.z,52.29465550873205
3.113957408,1785795161.354891542,/loadcell_data_filtered.wrench.force.z,52.10119096701549
3.114300745,1785795161.355234879,/loadcell_data_filtered.wrench.force.z,51.621321137097866
3.114631304,1785795161.355565438,/loadcell_data_filtered.wrench.force.z,50.98179118048109
3.114931221,1785795161.355865355,/loadcell_data_filtered.wrench.force.z,50.18563467476115
3.115907875,1785795161.356842009,/loadcell_data_filtered.wrench.force.z,48.973370651606025
3.117999945,1785795161.358934079,/loadcell_data_filtered.wrench.force.z,47.94659574689831
3.118015151,1785795161.358949285,/loadcell_data_filtered.wrench.force.z,41.053004943461346
3.118399986,1785795161.359334120,/loadcell_data_filtered.wrench.force.z,36.16257525490997
3.118638619,1785795161.359572753,/loadcell_data_filtered.wrench.force.z,31.13919163480222
3.118837826,1785795161.359771960,/loadcell_data_filtered.wrench.force.z,27.568631359037507
3.119558429,1785795161.360492563,/loadcell_data_filtered.wrench.force.z,23.77444504570118
3.119690821,1785795161.360624955,/loadcell_data_filtered.wrench.force.z,20.075679587653134
3.119957696,1785795161.360891830,/loadcell_data_filtered.wrench.force.z,18.013810016594256
3.121131901,1785795161.362066035,/loadcell_data_filtered.wrench.force.z,17.3576267728307
3.122383584,1785795161.363317718,/loadcell_data_filtered.wrench.force.z,15.875441269579653
3.122386522,1785795161.363320656,/loadcell_data_filtered.wrench.force.z,14.883287714603828
3.122403435,1785795161.363337569,/loadcell_data_filtered.wrench.force.z,13.926209519157812
3.122748512,1785795161.363682646,/loadcell_data_filtered.wrench.force.z,12.850196218690142
3.1230912220000002,1785795161.364025356,/loadcell_data_filtered.wrench.force.z,11.692193796283377
3.125257494,1785795161.366191628,/loadcell_data_filtered.wrench.force.z,10.533011261199924
3.125462331,1785795161.366396465,/loadcell_data_filtered.wrench.force.z,9.354073375992602
3.125602459,1785795161.366536593,/loadcell_data_filtered.wrench.force.z,8.675299437651978
3.125758829,1785795161.366692963,/loadcell_data_filtered.wrench.force.z,11.909743684729595
3.125901023,1785795161.366835157,/loadcell_data_filtered.wrench.force.z,16.332999228711596
3.12611559,1785795161.367049724,/loadcell_data_filtered.wrench.force.z,21.02163200567374
3.130475435,1785795161.371409569,/loadcell_data_filtered.wrench.force.z,24.951661019072787
3.131098383,1785795161.372032517,/loadcell_data_filtered.wrench.force.z,26.754317306087827
3.131254848,1785795161.372188982,/loadcell_data_filtered.wrench.force.z,29.163522503631356
3.131397216,1785795161.372331350,/loadcell_data_filtered.wrench.force.z,30.632651592073618
3.131532101,1785795161.372466235,/loadcell_data_filtered.wrench.force.z,31.452189108948392
3.131657387,1785795161.372591521,/loadcell_data_filtered.wrench.force.z,31.52859049015001
3.131786374,1785795161.372720508,/loadcell_data_filtered.wrench.force.z,32.1526046033301
3.132019246,1785795161.372953380,/loadcell_data_filtered.wrench.force.z,32.93619243842412
3.132334444,1785795161.373268578,/loadcell_data_filtered.wrench.force.z,33.65233833396942
3.132624778,1785795161.373558912,/loadcell_data_filtered.wrench.force.z,34.2502482429417
3.132905229,1785795161.373839363,/loadcell_data_filtered.wrench.force.z,34.930974075093154
3.133144647,1785795161.374078781,/loadcell_data_filtered.wrench.force.z,34.978763005907695
3.133387076,1785795161.374321210,/loadcell_data_filtered.wrench.force.z,35.30747528146988
3.133624489,1785795161.374558623,/loadcell_data_filtered.wrench.force.z,33.690376408806166
3.133867756,1785795161.374801890,/loadcell_data_filtered.wrench.force.z,28.959942312043854
3.134198456,1785795161.375132590,/loadcell_data_filtered.wrench.force.z,25.585292654867132
3.134881087,1785795161.375815221,/loadcell_data_filtered.wrench.force.z,21.736021421820823
3.135320565,1785795161.376254699,/loadcell_data_filtered.wrench.force.z,18.813397796579263
3.135642258,1785795161.376576392,/loadcell_data_filtered.wrench.force.z,16.279791239700845
3.135946764,1785795161.376880898,/loadcell_data_filtered.wrench.force.z,14.951145501579981
3.1362830170000002,1785795161.377217151,/loadcell_data_filtered.wrench.force.z,13.73833016685195
3.136540377,1785795161.377474511,/loadcell_data_filtered.wrench.force.z,13.847652064974499
3.136831508,1785795161.377765642,/loadcell_data_filtered.wrench.force.z,14.438324483518544
3.137128048,1785795161.378062182,/loadcell_data_filtered.wrench.force.z,14.925573990941029
3.139070316,1785795161.380004450,/loadcell_data_filtered.wrench.force.z,15.535953306084838
3.139253755,1785795161.380187889,/loadcell_data_filtered.wrench.force.z,16.19243031409571
3.139368694,1785795161.380302828,/loadcell_data_filtered.wrench.force.z,17.23047429796863
3.139485264,1785795161.380419398,/loadcell_data_filtered.wrench.force.z,18.153445965445943
3.139601494,1785795161.380535628,/loadcell_data_filtered.wrench.force.z,19.29316038772079
3.139716555,1785795161.380650689,/loadcell_data_filtered.wrench.force.z,19.920559618102367
3.14043605,1785795161.381370184,/loadcell_data_filtered.wrench.force.z,19.603220875882254
3.140876237,1785795161.381810371,/loadcell_data_filtered.wrench.force.z,25.861640411329354
3.144741265,1785795161.385675399,/loadcell_data_filtered.wrench.force.z,30.756193787402253
3.145116193,1785795161.386050327,/loadcell_data_filtered.wrench.force.z,35.539108363499295
3.145434806,1785795161.386368940,/loadcell_data_filtered.wrench.force.z,40.12679486582428
3.1457513009999998,1785795161.386685435,/loadcell_data_filtered.wrench.force.z,44.705275793183276
3.146003166,1785795161.386937300,/loadcell_data_filtered.wrench.force.z,46.50117977424835
3.146292236,1785795161.387226370,/loadcell_data_filtered.wrench.force.z,48.642174054395404
3.146572125,1785795161.387506259,/loadcell_data_filtered.wrench.force.z,49.752788376303435
3.146856492,1785795161.387790626,/loadcell_data_filtered.wrench.force.z,50.5916496398838
3.147142576,1785795161.388076710,/loadcell_data_filtered.wrench.force.z,51.99669373291589
3.14741096,1785795161.388345094,/loadcell_data_filtered.wrench.force.z,53.4894896032621
3.147677632,1785795161.388611766,/loadcell_data_filtered.wrench.force.z,54.586995243433286
3.147942904,1785795161.388877038,/loadcell_data_filtered.wrench.force.z,55.16140530045847
3.148214339,1785795161.389148473,/loadcell_data_filtered.wrench.force.z,55.95671175685755
3.148488538,1785795161.389422672,/loadcell_data_filtered.wrench.force.z,56.43743836401655
3.148753528,1785795161.389687662,/loadcell_data_filtered.wrench.force.z,56.9864523006393
3.148991524,1785795161.389925658,/loadcell_data_filtered.wrench.force.z,56.79228143139161
3.149346233,1785795161.390280367,/loadcell_data_filtered.wrench.force.z,51.92222478768892
3.149692083,1785795161.390626217,/loadcell_data_filtered.wrench.force.z,48.373362534479384
3.150073161,1785795161.391007295,/loadcell_data_filtered.wrench.force.z,45.232095393320115
3.151387599,1785795161.392321733,/loadcell_data_filtered.wrench.force.z,42.65278998909108
3.152092354,1785795161.393026488,/loadcell_data_filtered.wrench.force.z,39.820584881684766
3.152691405,1785795161.393625539,/loadcell_data_filtered.wrench.force.z,38.62588636561732
3.153168665,1785795161.394102799,/loadcell_data_filtered.wrench.force.z,38.23302518934298
3.153680345,1785795161.394614479,/loadcell_data_filtered.wrench.force.z,38.24076481105386
3.154189816,1785795161.395123950,/loadcell_data_filtered.wrench.force.z,38.157533700273596
3.154499599,1785795161.395433733,/loadcell_data_filtered.wrench.force.z,38.248760819027176
3.154806117,1785795161.395740251,/loadcell_data_filtered.wrench.force.z,37.82399181326524
3.155129442,1785795161.396063576,/loadcell_data_filtered.wrench.force.z,37.51979326650551
3.158555019,1785795161.399489153,/loadcell_data_filtered.wrench.force.z,36.91837414665021
3.15960486,1785795161.400538994,/loadcell_data_filtered.wrench.force.z,35.944020014307235
3.159624471,1785795161.400558605,/loadcell_data_filtered.wrench.force.z,35.71959773169784
3.159943493,1785795161.400877627,/loadcell_data_filtered.wrench.force.z,35.46293805751516
3.160364736,1785795161.401298870,/loadcell_data_filtered.wrench.force.z,38.707149591613565
3.160743424,1785795161.401677558,/loadcell_data_filtered.wrench.force.z,42.85270683540583
3.161067498,1785795161.402001632,/loadcell_data_filtered.wrench.force.z,46.93924426968689
3.161501893,1785795161.402436027,/loadcell_data_filtered.wrench.force.z,49.7657089024231
3.161902053,1785795161.402836187,/loadcell_data_filtered.wrench.force.z,50.43033815181921
3.162358291,1785795161.403292425,/loadcell_data_filtered.wrench.force.z,52.10935145793363
3.162772398,1785795161.403706532,/loadcell_data_filtered.wrench.force.z,53.0529075397472
3.163122174,1785795161.404056308,/loadcell_data_filtered.wrench.force.z,52.309664019353285
3.163443232,1785795161.404377366,/loadcell_data_filtered.wrench.force.z,51.69211608813436
3.163764352,1785795161.404698486,/loadcell_data_filtered.wrench.force.z,50.991724032128936
3.164032735,1785795161.404966869,/loadcell_data_filtered.wrench.force.z,43.043744876350395
3.164478046,1785795161.405412180,/loadcell_data_filtered.wrench.force.z,42.664437901332036
3.164899693,1785795161.405833827,/loadcell_data_filtered.wrench.force.z,41.20463443585143
3.165294738,1785795161.406228872,/loadcell_data_filtered.wrench.force.z,40.433102654769854
3.165625236,1785795161.406559370,/loadcell_data_filtered.wrench.force.z,39.50708473032396
3.165947469,1785795161.406881603,/loadcell_data_filtered.wrench.force.z,38.8584447529533
3.166235786,1785795161.407169920,/loadcell_data_filtered.wrench.force.z,37.8303848659049
3.166510037,1785795161.407444171,/loadcell_data_filtered.wrench.force.z,32.366093292125065
3.166802988,1785795161.407737122,/loadcell_data_filtered.wrench.force.z,27.90216075548281
3.167022864,1785795161.407956998,/loadcell_data_filtered.wrench.force.z,23.222138069691013
3.167409614,1785795161.408343748,/loadcell_data_filtered.wrench.force.z,19.257954707588084
3.167630218,1785795161.408564352,/loadcell_data_filtered.wrench.force.z,15.635192353802406
3.168312066,1785795161.409246200,/loadcell_data_filtered.wrench.force.z,13.16414712223857
3.172326084,1785795161.413260218,/loadcell_data_filtered.wrench.force.z,10.821975735817134
3.172661666,1785795161.413595800,/loadcell_data_filtered.wrench.force.z,10.071108894540993
3.172893772,1785795161.413827906,/loadcell_data_filtered.wrench.force.z,10.354772176562712
3.173114304,1785795161.414048438,/loadcell_data_filtered.wrench.force.z,10.496444976925323
3.173346218,1785795161.414280352,/loadcell_data_filtered.wrench.force.z,10.65238871790075
3.173587763,1785795161.414521897,/loadcell_data_filtered.wrench.force.z,10.692097614906238
3.1738593010000002,1785795161.414793435,/loadcell_data_filtered.wrench.force.z,10.55815015535575
3.174130967,1785795161.415065101,/loadcell_data_filtered.wrench.force.z,10.482160594079932
3.174362497,1785795161.415296631,/loadcell_data_filtered.wrench.force.z,9.906220790570865
3.174677966,1785795161.415612100,/loadcell_data_filtered.wrench.force.z,8.220142015280514
3.175114572,1785795161.416048706,/loadcell_data_filtered.wrench.force.z,7.59144172794391
3.175921017,1785795161.416855151,/loadcell_data_filtered.wrench.force.z,13.481527487431034
3.176282829,1785795161.417216963,/loadcell_data_filtered.wrench.force.z,16.778518159494713
3.17664803,1785795161.417582164,/loadcell_data_filtered.wrench.force.z,20.258016717381217
3.177082547,1785795161.418016681,/loadcell_data_filtered.wrench.force.z,22.655261179947722
3.178272391,1785795161.419206525,/loadcell_data_filtered.wrench.force.z,24.707695121151545
3.178718899,1785795161.419653033,/loadcell_data_filtered.wrench.force.z,25.829540018240593
3.179093747,1785795161.420027881,/loadcell_data_filtered.wrench.force.z,26.808091595048626
3.179383056,1785795161.420317190,/loadcell_data_filtered.wrench.force.z,27.151399302202126
3.179627442,1785795161.420561576,/loadcell_data_filtered.wrench.force.z,27.045315869684217
3.179890098,1785795161.420824232,/loadcell_data_filtered.wrench.force.z,26.291699000586416
3.180199222,1785795161.421133356,/loadcell_data_filtered.wrench.force.z,26.031632266555775
3.180509348,1785795161.421443482,/loadcell_data_filtered.wrench.force.z,26.061522752254707
3.180798061,1785795161.421732195,/loadcell_data_filtered.wrench.force.z,26.18542315909837
3.18117929,1785795161.422113424,/loadcell_data_filtered.wrench.force.z,25.94731022044588
3.1814633150000002,1785795161.422397449,/loadcell_data_filtered.wrench.force.z,25.901415752233664
3.181741304,1785795161.422675438,/loadcell_data_filtered.wrench.force.z,25.743450693486896
3.182373604,1785795161.423307738,/loadcell_data_filtered.wrench.force.z,24.47545073159674
3.182811195,1785795161.423745329,/loadcell_data_filtered.wrench.force.z,19.470353224875108
3.183456132,1785795161.424390266,/loadcell_data_filtered.wrench.force.z,15.852605565591759
3.183771226,1785795161.424705360,/loadcell_data_filtered.wrench.force.z,12.737300504635575
3.184462896,1785795161.425397030,/loadcell_data_filtered.wrench.force.z,10.81387193858204
3.184832509,1785795161.425766643,/loadcell_data_filtered.wrench.force.z,8.304721162559872
3.186187425,1785795161.427121559,/loadcell_data_filtered.wrench.force.z,7.315617166686663
3.18645133,1785795161.427385464,/loadcell_data_filtered.wrench.force.z,7.524992532763703
3.186656934,1785795161.427591068,/loadcell_data_filtered.wrench.force.z,8.507580131690156
3.186869948,1785795161.427804082,/loadcell_data_filtered.wrench.force.z,10.160510165611267
3.187341428,1785795161.428275562,/loadcell_data_filtered.wrench.force.z,9.963137304527848
3.187564418,1785795161.428498552,/loadcell_data_filtered.wrench.force.z,10.597868674492318
3.188002372,1785795161.428936506,/loadcell_data_filtered.wrench.force.z,11.119178264395906
3.18851872,1785795161.429452854,/loadcell_data_filtered.wrench.force.z,11.43734925110589
3.189826621,1785795161.430760755,/loadcell_data_filtered.wrench.force.z,11.968253363785287
3.190076721,1785795161.431010855,/loadcell_data_filtered.wrench.force.z,12.917102128369224
3.190230752,1785795161.431164886,/loadcell_data_filtered.wrench.force.z,13.770306629529967
3.193192401,1785795161.434126535,/loadcell_data_filtered.wrench.force.z,18.776541808379957
3.1940545,1785795161.434988634,/loadcell_data_filtered.wrench.force.z,23.95747214430942
3.1943886790000002,1785795161.435322813,/loadcell_data_filtered.wrench.force.z,29.67054734484212
3.194683235,1785795161.435617369,/loadcell_data_filtered.wrench.force.z,34.577790892861636
3.194890192,1785795161.435824326,/loadcell_data_filtered.wrench.force.z,38.84022558994076
3.195122669,1785795161.436056803,/loadcell_data_filtered.wrench.force.z,42.62477319286062
3.195324077,1785795161.436258211,/loadcell_data_filtered.wrench.force.z,44.92219113303659
3.196232485,1785795161.437166619,/loadcell_data_filtered.wrench.force.z,46.26478509279198
3.1966381090000002,1785795161.437572243,/loadcell_data_filtered.wrench.force.z,46.46766893816947
3.196820551,1785795161.437754685,/loadcell_data_filtered.wrench.force.z,47.63012041131271
3.196986256,1785795161.437920390,/loadcell_data_filtered.wrench.force.z,48.81938373094549
3.197154425,1785795161.438088559,/loadcell_data_filtered.wrench.force.z,50.14685229331799
3.197339731,1785795161.438273865,/loadcell_data_filtered.wrench.force.z,51.02459753260988
3.197597392,1785795161.438531526,/loadcell_data_filtered.wrench.force.z,51.61580940218338
3.197838712,1785795161.438772846,/loadcell_data_filtered.wrench.force.z,51.51201375521047
3.200643286,1785795161.441577420,/loadcell_data_filtered.wrench.force.z,51.70104450755042
3.201280218,1785795161.442214352,/loadcell_data_filtered.wrench.force.z,52.03031431991976
3.2014884390000002,1785795161.442422573,/loadcell_data_filtered.wrench.force.z,47.962956189076166
3.20162229,1785795161.442556424,/loadcell_data_filtered.wrench.force.z,45.35074915730776
3.201767418,1785795161.442701552,/loadcell_data_filtered.wrench.force.z,42.30653030675595
3.201921239,1785795161.442855373,/loadcell_data_filtered.wrench.force.z,39.798615560943766
3.202089031,1785795161.443023165,/loadcell_data_filtered.wrench.force.z,37.03947193784313
3.202481417,1785795161.443415551,/loadcell_data_filtered.wrench.force.z,34.2056208036147
3.202604203,1785795161.443538337,/loadcell_data_filtered.wrench.force.z,33.64283162563618
3.202721592,1785795161.443655726,/loadcell_data_filtered.wrench.force.z,34.54942396946324
3.202898809,1785795161.443832943,/loadcell_data_filtered.wrench.force.z,34.82308609428779
3.203871265,1785795161.444805399,/loadcell_data_filtered.wrench.force.z,34.4828910290418
3.204324765,1785795161.445258899,/loadcell_data_filtered.wrench.force.z,34.28401049688948
3.204939597,1785795161.445873731,/loadcell_data_filtered.wrench.force.z,33.73571003520963
3.205235264,1785795161.446169398,/loadcell_data_filtered.wrench.force.z,33.18837775381423
3.209292771,1785795161.450226905,/loadcell_data_filtered.wrench.force.z,32.73218382346338
3.209492205,1785795161.450426339,/loadcell_data_filtered.wrench.force.z,32.13985919901555
3.209623662,1785795161.450557796,/loadcell_data_filtered.wrench.force.z,31.61717734718535
3.209757551,1785795161.450691685,/loadcell_data_filtered.wrench.force.z,24.320504974494366
3.209921661,1785795161.450855795,/loadcell_data_filtered.wrench.force.z,29.530344830090424
3.210070997,1785795161.451005131,/loadcell_data_filtered.wrench.force.z,32.68640634140018
3.210200367,1785795161.451134501,/loadcell_data_filtered.wrench.force.z,35.973309173661846
3.211253382,1785795161.452187516,/loadcell_data_filtered.wrench.force.z,38.702420192444016
3.211362561,1785795161.452296695,/loadcell_data_filtered.wrench.force.z,41.36514358031356
3.211490672,1785795161.452424806,/loadcell_data_filtered.wrench.force.z,42.71775296967006
3.211606353,1785795161.452540487,/loadcell_data_filtered.wrench.force.z,43.59238768018079
3.21171711,1785795161.452651244,/loadcell_data_filtered.wrench.force.z,42.98372345212172
3.211833586,1785795161.452767720,/loadcell_data_filtered.wrench.force.z,43.41783962114574
3.211941069,1785795161.452875203,/loadcell_data_filtered.wrench.force.z,42.58664576138494
3.212459941,1785795161.453394075,/loadcell_data_filtered.wrench.force.z,41.81389595875352
3.212852532,1785795161.453786666,/loadcell_data_filtered.wrench.force.z,41.38144442614803
3.213470652,1785795161.454404786,/loadcell_data_filtered.wrench.force.z,40.957068585008784
3.213979069,1785795161.454913203,/loadcell_data_filtered.wrench.force.z,40.065019112037724
3.214616259,1785795161.455550393,/loadcell_data_filtered.wrench.force.z,39.42343612939282
3.215615591,1785795161.456549725,/loadcell_data_filtered.wrench.force.z,38.80071219411621
3.215844457,1785795161.456778591,/loadcell_data_filtered.wrench.force.z,36.05018795124088
3.215970205,1785795161.456904339,/loadcell_data_filtered.wrench.force.z,31.600853335331117
3.216808796,1785795161.457742930,/loadcell_data_filtered.wrench.force.z,26.904172333538078
3.217243727,1785795161.458177861,/loadcell_data_filtered.wrench.force.z,22.583631579376885
3.21776225,1785795161.458696384,/loadcell_data_filtered.wrench.force.z,19.32284823329886
3.218214261,1785795161.459148395,/loadcell_data_filtered.wrench.force.z,16.071947188972413
3.218502177,1785795161.459436311,/loadcell_data_filtered.wrench.force.z,13.97980241303906
3.219028556,1785795161.459962690,/loadcell_data_filtered.wrench.force.z,12.514329091804035
3.21953251,1785795161.460466644,/loadcell_data_filtered.wrench.force.z,11.840499285850973
3.220313843,1785795161.461247977,/loadcell_data_filtered.wrench.force.z,11.535036492951077
3.220650479,1785795161.461584613,/loadcell_data_filtered.wrench.force.z,10.820080772840692
3.22121106,1785795161.462145194,/loadcell_data_filtered.wrench.force.z,10.13475536525984
3.221543106,1785795161.462477240,/loadcell_data_filtered.wrench.force.z,9.49094637945299
3.222065431,1785795161.462999565,/loadcell_data_filtered.wrench.force.z,8.65013442514674
3.222517929,1785795161.463452063,/loadcell_data_filtered.wrench.force.z,7.803603978928404
3.223131382,1785795161.464065516,/loadcell_data_filtered.wrench.force.z,7.113724301010448
3.224688069,1785795161.465622203,/loadcell_data_filtered.wrench.force.z,6.400005554504926
3.224876709,1785795161.465810843,/loadcell_data_filtered.wrench.force.z,9.880996178845734
3.225011431,1785795161.465945565,/loadcell_data_filtered.wrench.force.z,13.398852307863999
3.230767816,1785795161.471701950,/loadcell_data_filtered.wrench.force.z,17.23040747360639
3.233197735,1785795161.474131869,/loadcell_data_filtered.wrench.force.z,18.389030447165705
3.233404,1785795161.474338134,/loadcell_data_filtered.wrench.force.z,18.701470602064315
3.233562416,1785795161.474496550,/loadcell_data_filtered.wrench.force.z,18.917653677227587
3.233694261,1785795161.474628395,/loadcell_data_filtered.wrench.force.z,19.254375351371177
3.233863972,1785795161.474798106,/loadcell_data_filtered.wrench.force.z,19.74782434503756
3.234083691,1785795161.475017825,/loadcell_data_filtered.wrench.force.z,19.9840639346022
3.234425461,1785795161.475359595,/loadcell_data_filtered.wrench.force.z,20.20884487940035
3.234667268,1785795161.475601402,/loadcell_data_filtered.wrench.force.z,19.510672833128325
3.234911842,1785795161.475845976,/loadcell_data_filtered.wrench.force.z,19.922971665084155
3.235127917,1785795161.476062051,/loadcell_data_filtered.wrench.force.z,14.983842641521044
3.235361307,1785795161.476295441,/loadcell_data_filtered.wrench.force.z,11.803575059602382
3.235561414,1785795161.476495548,/loadcell_data_filtered.wrench.force.z,5.815937188223655
3.23579818,1785795161.476732314,/loadcell_data_filtered.wrench.force.z,1.7349197776554846
3.235979835,1785795161.476913969,/loadcell_data_filtered.wrench.force.z,-1.8540278816399818
3.236150105,1785795161.477084239,/loadcell_data_filtered.wrench.force.z,-3.750340278906636
3.236331436,1785795161.477265570,/loadcell_data_filtered.wrench.force.z,-5.436939372468487
3.236489377,1785795161.477423511,/loadcell_data_filtered.wrench.force.z,-5.7347867006776685
3.2366496,1785795161.477583734,/loadcell_data_filtered.wrench.force.z,-5.534024945435631
3.236997983,1785795161.477932117,/loadcell_data_filtered.wrench.force.z,-5.590449203294644
3.237458572,1785795161.478392706,/loadcell_data_filtered.wrench.force.z,-5.583580364386128
3.237990293,1785795161.478924427,/loadcell_data_filtered.wrench.force.z,-5.54053397805244
3.238612353,1785795161.479546487,/loadcell_data_filtered.wrench.force.z,-5.127822980505217
3.23890432,1785795161.479838454,/loadcell_data_filtered.wrench.force.z,-5.133077663358127
3.239850382,1785795161.480784516,/loadcell_data_filtered.wrench.force.z,-4.761344119359763
3.240458425,1785795161.481392559,/loadcell_data_filtered.wrench.force.z,-4.584266147030429
3.240864656,1785795161.481798790,/loadcell_data_filtered.wrench.force.z,-3.789500711534026
3.242483156,1785795161.483417290,/loadcell_data_filtered.wrench.force.z,2.8780432849988054
3.243568369,1785795161.484502503,/loadcell_data_filtered.wrench.force.z,7.9036738115059215
3.244210078,1785795161.485144212,/loadcell_data_filtered.wrench.force.z,12.65988798799794
3.244639994,1785795161.485574128,/loadcell_data_filtered.wrench.force.z,17.03801087115113
3.24498279,1785795161.485916924,/loadcell_data_filtered.wrench.force.z,21.889351437503393
3.2453637300000002,1785795161.486297864,/loadcell_data_filtered.wrench.force.z,24.81405665326142
3.245732141,1785795161.486666275,/loadcell_data_filtered.wrench.force.z,26.648558039017093
3.246118269,1785795161.487052403,/loadcell_data_filtered.wrench.force.z,27.1833281339663
3.24646702,1785795161.487401154,/loadcell_data_filtered.wrench.force.z,28.458139182032497
3.246746976,1785795161.487681110,/loadcell_data_filtered.wrench.force.z,29.949402183145683
3.24701454,1785795161.487948674,/loadcell_data_filtered.wrench.force.z,31.080068304015203
3.247304989,1785795161.488239123,/loadcell_data_filtered.wrench.force.z,32.376391490160835
3.247527042,1785795161.488461176,/loadcell_data_filtered.wrench.force.z,33.50226286541319
3.247813368,1785795161.488747502,/loadcell_data_filtered.wrench.force.z,35.04906975613264
3.248177053,1785795161.489111187,/loadcell_data_filtered.wrench.force.z,36.11124212706911
3.248517964,1785795161.489452098,/loadcell_data_filtered.wrench.force.z,36.99625816389195
3.248800722,1785795161.489734856,/loadcell_data_filtered.wrench.force.z,35.23112980690803
3.249718704,1785795161.490652838,/loadcell_data_filtered.wrench.force.z,31.99948502116197
3.250120561,1785795161.491054695,/loadcell_data_filtered.wrench.force.z,29.073263389505097
3.250488133,1785795161.491422267,/loadcell_data_filtered.wrench.force.z,26.572132130266645
3.251201298,1785795161.492135432,/loadcell_data_filtered.wrench.force.z,24.987540237335903
3.25164965,1785795161.492583784,/loadcell_data_filtered.wrench.force.z,23.311276973100995
3.251973042,1785795161.492907176,/loadcell_data_filtered.wrench.force.z,22.662744058170954
3.252281814,1785795161.493215948,/loadcell_data_filtered.wrench.force.z,23.058149377870222
3.25287015,1785795161.493804284,/loadcell_data_filtered.wrench.force.z,23.551214138128966
3.253276741,1785795161.494210875,/loadcell_data_filtered.wrench.force.z,24.801412075014046
3.253833564,1785795161.494767698,/loadcell_data_filtered.wrench.force.z,25.404107537706018
3.256172758,1785795161.497106892,/loadcell_data_filtered.wrench.force.z,25.670370898063663
3.256443566,1785795161.497377700,/loadcell_data_filtered.wrench.force.z,25.85593707488866
3.25658236,1785795161.497516494,/loadcell_data_filtered.wrench.force.z,26.03750274450204
3.256737887,1785795161.497672021,/loadcell_data_filtered.wrench.force.z,18.968969089212067
3.25688649,1785795161.497820624,/loadcell_data_filtered.wrench.force.z,19.6514361217427
3.259928511,1785795161.500862645,/loadcell_data_filtered.wrench.force.z,19.024974766555196
3.260548775,1785795161.501482909,/loadcell_data_filtered.wrench.force.z,23.710169981418275
3.260711413,1785795161.501645547,/loadcell_data_filtered.wrench.force.z,28.7539860029037
3.260866288,1785795161.501800422,/loadcell_data_filtered.wrench.force.z,33.86074511459726
3.261030398,1785795161.501964532,/loadcell_data_filtered.wrench.force.z,38.02161857688301
3.261191504,1785795161.502125638,/loadcell_data_filtered.wrench.force.z,41.610133250959905
3.261338798,1785795161.502272932,/loadcell_data_filtered.wrench.force.z,44.263079334758345
3.261476266,1785795161.502410400,/loadcell_data_filtered.wrench.force.z,46.43428083517404
3.261617034,1785795161.502551168,/loadcell_data_filtered.wrench.force.z,46.74462267679659
3.2644046810000003,1785795161.505338815,/loadcell_data_filtered.wrench.force.z,45.718804059560156
3.264950689,1785795161.505884823,/loadcell_data_filtered.wrench.force.z,45.34219843374561
3.265085088,1785795161.506019222,/loadcell_data_filtered.wrench.force.z,45.963496756861275
3.265217132,1785795161.506151266,/loadcell_data_filtered.wrench.force.z,46.50703249740909
3.265328854,1785795161.506262988,/loadcell_data_filtered.wrench.force.z,47.05708296405818
3.265441639,1785795161.506375773,/loadcell_data_filtered.wrench.force.z,47.78041071672803
3.265555503,1785795161.506489637,/loadcell_data_filtered.wrench.force.z,48.29870778584564
3.26566871,1785795161.506602844,/loadcell_data_filtered.wrench.force.z,48.539256457928715
3.266858059,1785795161.507792193,/loadcell_data_filtered.wrench.force.z,47.721315588958795
3.267035839,1785795161.507969973,/loadcell_data_filtered.wrench.force.z,40.27470870693117
3.267082158,1785795161.508016292,/loadcell_data_filtered.wrench.force.z,35.376600507624744
3.267254978,1785795161.508189112,/loadcell_data_filtered.wrench.force.z,23.288667373521154
3.267367673,1785795161.508301807,/loadcell_data_filtered.wrench.force.z,19.5324305832599
3.268250503,1785795161.509184637,/loadcell_data_filtered.wrench.force.z,14.797987187168129
3.268685831,1785795161.509619965,/loadcell_data_filtered.wrench.force.z,12.17446549865735
3.268981815,1785795161.509915949,/loadcell_data_filtered.wrench.force.z,10.22807068530461
3.26930863,1785795161.510242764,/loadcell_data_filtered.wrench.force.z,9.28548804638207
3.270176461,1785795161.511110595,/loadcell_data_filtered.wrench.force.z,8.577144417169375
3.270749451,1785795161.511683585,/loadcell_data_filtered.wrench.force.z,7.397988688782561
3.271099744,1785795161.512033878,/loadcell_data_filtered.wrench.force.z,6.024656399845065
3.274652498,1785795161.515586632,/loadcell_data_filtered.wrench.force.z,4.4870350542611686
3.275553866,1785795161.516488000,/loadcell_data_filtered.wrench.force.z,2.745445081386039
3.275879787,1785795161.516813921,/loadcell_data_filtered.wrench.force.z,1.5668924463399505
3.276124468,1785795161.517058602,/loadcell_data_filtered.wrench.force.z,0.964398650262734
3.276360997,1785795161.517295131,/loadcell_data_filtered.wrench.force.z,0.34536052417749374
3.276586342,1785795161.517520476,/loadcell_data_filtered.wrench.force.z,0.47525994047454456
3.27680554,1785795161.517739674,/loadcell_data_filtered.wrench.force.z,5.798946161709186
3.277022508,1785795161.517956642,/loadcell_data_filtered.wrench.force.z,9.601578615223502
3.277247214,1785795161.518181348,/loadcell_data_filtered.wrench.force.z,12.213152641541358
3.277461471,1785795161.518395605,/loadcell_data_filtered.wrench.force.z,13.149093874655724
3.277706757,1785795161.518640891,/loadcell_data_filtered.wrench.force.z,14.63193153160622
3.277909631,1785795161.518843765,/loadcell_data_filtered.wrench.force.z,15.08829043104814
3.278137235,1785795161.519071369,/loadcell_data_filtered.wrench.force.z,14.744822788676917
3.278328192,1785795161.519262326,/loadcell_data_filtered.wrench.force.z,14.166228702486874
3.278531794,1785795161.519465928,/loadcell_data_filtered.wrench.force.z,13.86460112454751
3.27875347,1785795161.519687604,/loadcell_data_filtered.wrench.force.z,12.728773091901026
3.279377239,1785795161.520311373,/loadcell_data_filtered.wrench.force.z,12.306689570337594
3.279649856,1785795161.520583990,/loadcell_data_filtered.wrench.force.z,12.077644051138181
3.2800041269999998,1785795161.520938261,/loadcell_data_filtered.wrench.force.z,11.896047639045605
3.28189734,1785795161.522831474,/loadcell_data_filtered.wrench.force.z,11.733395372531547
3.282098436,1785795161.523032570,/loadcell_data_filtered.wrench.force.z,11.135475021395754
3.282217746,1785795161.523151880,/loadcell_data_filtered.wrench.force.z,11.133974531255037
3.2823347050000002,1785795161.523268839,/loadcell_data_filtered.wrench.force.z,8.114126500596132
3.282874761,1785795161.523808895,/loadcell_data_filtered.wrench.force.z,4.095589909445144
3.283113055,1785795161.524047189,/loadcell_data_filtered.wrench.force.z,-0.5395058007846609
3.283572916,1785795161.524507050,/loadcell_data_filtered.wrench.force.z,-4.044269469440096
3.2843474820000003,1785795161.525281616,/loadcell_data_filtered.wrench.force.z,-6.704911787268659
3.284678507,1785795161.525612641,/loadcell_data_filtered.wrench.force.z,-9.182289856512945
3.291050182,1785795161.531984316,/loadcell_data_filtered.wrench.force.z,-10.74547655219456
3.291267908,1785795161.532202042,/loadcell_data_filtered.wrench.force.z,-17.614619710097696
3.29152027,1785795161.532454404,/loadcell_data_filtered.wrench.force.z,-16.649238255966697
3.291759806,1785795161.532693940,/loadcell_data_filtered.wrench.force.z,-16.15158130408765
3.292023321,1785795161.532957455,/loadcell_data_filtered.wrench.force.z,-16.67094429018354
3.29225963,1785795161.533193764,/loadcell_data_filtered.wrench.force.z,-15.869988673962942
3.292507647,1785795161.533441781,/loadcell_data_filtered.wrench.force.z,-15.553282185246507
3.292756994,1785795161.533691128,/loadcell_data_filtered.wrench.force.z,-14.988200218787657
3.293056949,1785795161.533991083,/loadcell_data_filtered.wrench.force.z,-14.147358194727888
3.293652021,1785795161.534586155,/loadcell_data_filtered.wrench.force.z,-8.115748584677437
3.293883829,1785795161.534817963,/loadcell_data_filtered.wrench.force.z,-3.3590060929207013
3.2941295,1785795161.535063634,/loadcell_data_filtered.wrench.force.z,-0.2481331796932711
3.294344769,1785795161.535278903,/loadcell_data_filtered.wrench.force.z,3.90299142928992
3.294574641,1785795161.535508775,/loadcell_data_filtered.wrench.force.z,7.3493923363070905
3.294785833,1785795161.535719967,/loadcell_data_filtered.wrench.force.z,9.684086526876783
3.29500439,1785795161.535938524,/loadcell_data_filtered.wrench.force.z,11.890201047414841
3.295222226,1785795161.536156360,/loadcell_data_filtered.wrench.force.z,12.79311381935674
3.295423527,1785795161.536357661,/loadcell_data_filtered.wrench.force.z,13.644568904888327
3.295640413,1785795161.536574547,/loadcell_data_filtered.wrench.force.z,14.527140020394341
3.295837563,1785795161.536771697,/loadcell_data_filtered.wrench.force.z,15.002848503931945
3.296050183,1785795161.536984317,/loadcell_data_filtered.wrench.force.z,16.137657133067325
3.2986046030000002,1785795161.539538737,/loadcell_data_filtered.wrench.force.z,17.20073750781769
3.299112306,1785795161.540046440,/loadcell_data_filtered.wrench.force.z,17.974106637109774
3.2993549890000002,1785795161.540289123,/loadcell_data_filtered.wrench.force.z,19.591257518520017
3.299359732,1785795161.540293866,/loadcell_data_filtered.wrench.force.z,21.110534905926407
3.2994745610000003,1785795161.540408695,/loadcell_data_filtered.wrench.force.z,22.779857748052397
3.299629566,1785795161.540563700,/loadcell_data_filtered.wrench.force.z,18.5479563666379
3.299732983,1785795161.540667117,/loadcell_data_filtered.wrench.force.z,15.595274839526994
3.300320078,1785795161.541254212,/loadcell_data_filtered.wrench.force.z,11.344593181828218
3.304062653,1785795161.544996787,/loadcell_data_filtered.wrench.force.z,8.522733418618651
3.305000408,1785795161.545934542,/loadcell_data_filtered.wrench.force.z,6.085650813233244
3.305556312,1785795161.546490446,/loadcell_data_filtered.wrench.force.z,5.783166193936079
3.30600872,1785795161.546942854,/loadcell_data_filtered.wrench.force.z,5.88554881072439
3.306388039,1785795161.547322173,/loadcell_data_filtered.wrench.force.z,6.934129421638415
3.306764028,1785795161.547698162,/loadcell_data_filtered.wrench.force.z,8.203094285158798
3.307126702,1785795161.548060836,/loadcell_data_filtered.wrench.force.z,9.312937914405907
3.307505716,1785795161.548439850,/loadcell_data_filtered.wrench.force.z,9.528861208865626
3.30787234,1785795161.548806474,/loadcell_data_filtered.wrench.force.z,8.72578356827692
3.308315219,1785795161.549249353,/loadcell_data_filtered.wrench.force.z,9.601534519044257
3.308651434,1785795161.549585568,/loadcell_data_filtered.wrench.force.z,9.554946675321155
3.309029542,1785795161.549963676,/loadcell_data_filtered.wrench.force.z,9.573938350144305
3.309492961,1785795161.550427095,/loadcell_data_filtered.wrench.force.z,9.928082432235488
3.309846916,1785795161.550781050,/loadcell_data_filtered.wrench.force.z,11.296591352009065
3.310155029,1785795161.551089163,/loadcell_data_filtered.wrench.force.z,16.496213846071992
3.310447357,1785795161.551381491,/loadcell_data_filtered.wrench.force.z,20.903993084703945
3.310757254,1785795161.551691388,/loadcell_data_filtered.wrench.force.z,24.710295701894882
3.311025682,1785795161.551959816,/loadcell_data_filtered.wrench.force.z,27.61806152476542
3.311510031,1785795161.552444165,/loadcell_data_filtered.wrench.force.z,30.56403075483946
3.311859774,1785795161.552793908,/loadcell_data_filtered.wrench.force.z,32.08228728944344
3.31221884,1785795161.553152974,/loadcell_data_filtered.wrench.force.z,32.40889848045315
3.313825208,1785795161.554759342,/loadcell_data_filtered.wrench.force.z,32.45103785237577
3.31422574,1785795161.555159874,/loadcell_data_filtered.wrench.force.z,33.01290959525123
3.314506472,1785795161.555440606,/loadcell_data_filtered.wrench.force.z,33.214058367784084
3.314852755,1785795161.555786889,/loadcell_data_filtered.wrench.force.z,34.2140147317733
3.315277854,1785795161.556211988,/loadcell_data_filtered.wrench.force.z,34.76532631842587
3.31558252,1785795161.556516654,/loadcell_data_filtered.wrench.force.z,36.01663309160766
3.315872835,1785795161.556806969,/loadcell_data_filtered.wrench.force.z,36.55369562896051
3.316199128,1785795161.557133262,/loadcell_data_filtered.wrench.force.z,35.47614436537002
3.316535085,1785795161.557469219,/loadcell_data_filtered.wrench.force.z,35.940882284327785
3.316912885,1785795161.557847019,/loadcell_data_filtered.wrench.force.z,32.99361684847018
3.317357457,1785795161.558291591,/loadcell_data_filtered.wrench.force.z,28.76606665261072
3.3178142250000002,1785795161.558748359,/loadcell_data_filtered.wrench.force.z,24.274125880295955
3.318304752,1785795161.559238886,/loadcell_data_filtered.wrench.force.z,20.706152229345378
3.3187231710000002,1785795161.559657305,/loadcell_data_filtered.wrench.force.z,17.44303842399912
3.324714499,1785795161.565648633,/loadcell_data_filtered.wrench.force.z,14.712717097024601
3.326809521,1785795161.567743655,/loadcell_data_filtered.wrench.force.z,13.349535528932597
3.327122186,1785795161.568056320,/loadcell_data_filtered.wrench.force.z,12.777859062796026
3.3273128720000003,1785795161.568247006,/loadcell_data_filtered.wrench.force.z,12.446816237540277
3.327494611,1785795161.568428745,/loadcell_data_filtered.wrench.force.z,12.283567323726134
3.327670394,1785795161.568604528,/loadcell_data_filtered.wrench.force.z,11.234110642143097
3.327863257,1785795161.568797391,/loadcell_data_filtered.wrench.force.z,16.148161232455827
3.32809055,1785795161.569024684,/loadcell_data_filtered.wrench.force.z,20.236308229162074
3.328268542,1785795161.569202676,/loadcell_data_filtered.wrench.force.z,24.145477880747276
3.328435633,1785795161.569369767,/loadcell_data_filtered.wrench.force.z,27.186976709404053
3.328593136,1785795161.569527270,/loadcell_data_filtered.wrench.force.z,29.696062868474947
3.328755032,1785795161.569689166,/loadcell_data_filtered.wrench.force.z,30.814624187012647
3.329628979,1785795161.570563113,/loadcell_data_filtered.wrench.force.z,29.27913823574567
3.329893511,1785795161.570827645,/loadcell_data_filtered.wrench.force.z,27.202565749387283
3.3300687890000003,1785795161.571002923,/loadcell_data_filtered.wrench.force.z,26.91833144814356
3.330245058,1785795161.571179192,/loadcell_data_filtered.wrench.force.z,26.927312175752725
3.330404061,1785795161.571338195,/loadcell_data_filtered.wrench.force.z,26.780752495238115
3.330554628,1785795161.571488762,/loadcell_data_filtered.wrench.force.z,26.63450858650437
3.330745042,1785795161.571679176,/loadcell_data_filtered.wrench.force.z,26.214716142984543
3.3310674000000002,1785795161.572001534,/loadcell_data_filtered.wrench.force.z,24.54905257317411
3.334086612,1785795161.575020746,/loadcell_data_filtered.wrench.force.z,23.25302661027107
3.335803186,1785795161.576737320,/loadcell_data_filtered.wrench.force.z,22.71415890275007
3.336312327,1785795161.577246461,/loadcell_data_filtered.wrench.force.z,22.5352165383363
3.336695086,1785795161.577629220,/loadcell_data_filtered.wrench.force.z,16.784711206487575
3.337015981,1785795161.577950115,/loadcell_data_filtered.wrench.force.z,12.787126720626834
3.337335226,1785795161.578269360,/loadcell_data_filtered.wrench.force.z,9.444956085045824
3.337646849,1785795161.578580983,/loadcell_data_filtered.wrench.force.z,6.645337951029347
3.337929836,1785795161.578863970,/loadcell_data_filtered.wrench.force.z,3.5225990404095073
3.338109463,1785795161.579043597,/loadcell_data_filtered.wrench.force.z,2.6754011520527254
3.338278031,1785795161.579212165,/loadcell_data_filtered.wrench.force.z,2.2286876005167313
3.338479341,1785795161.579413475,/loadcell_data_filtered.wrench.force.z,0.999559313519774
3.338787009,1785795161.579721143,/loadcell_data_filtered.wrench.force.z,0.9776587902937472
3.339331526,1785795161.580265660,/loadcell_data_filtered.wrench.force.z,1.0695294703889375
3.339810164,1785795161.580744298,/loadcell_data_filtered.wrench.force.z,0.6998189485575462
3.341006517,1785795161.581940651,/loadcell_data_filtered.wrench.force.z,0.45057197938723725
3.341111318,1785795161.582045452,/loadcell_data_filtered.wrench.force.z,0.35552149197520766
3.341568037,1785795161.582502171,/loadcell_data_filtered.wrench.force.z,0.15034889655432956
3.341990012,1785795161.582924146,/loadcell_data_filtered.wrench.force.z,0.3625654861250361
3.342360696,1785795161.583294830,/loadcell_data_filtered.wrench.force.z,0.8404684003381285
3.342794518,1785795161.583728652,/loadcell_data_filtered.wrench.force.z,2.3313926752060166
3.343162157,1785795161.584096291,/loadcell_data_filtered.wrench.force.z,8.076366044557181
3.343443027,1785795161.584377161,/loadcell_data_filtered.wrench.force.z,13.44409743990548
3.343763322,1785795161.584697456,/loadcell_data_filtered.wrench.force.z,17.226369904293723
3.344011579,1785795161.584945713,/loadcell_data_filtered.wrench.force.z,20.012943676104932
3.344242262,1785795161.585176396,/loadcell_data_filtered.wrench.force.z,22.712721205261367
3.344440794,1785795161.585374928,/loadcell_data_filtered.wrench.force.z,17.378844278140715
3.34462298,1785795161.585557114,/loadcell_data_filtered.wrench.force.z,18.94029911875445
3.344912709,1785795161.585846843,/loadcell_data_filtered.wrench.force.z,19.385717383709427
3.345398738,1785795161.586332872,/loadcell_data_filtered.wrench.force.z,19.966620567133084
3.345581278,1785795161.586515412,/loadcell_data_filtered.wrench.force.z,21.22787076841754
3.345849666,1785795161.586783800,/loadcell_data_filtered.wrench.force.z,21.76824494327051
3.346282169,1785795161.587216303,/loadcell_data_filtered.wrench.force.z,22.233875793069473
3.346992139,1785795161.587926273,/loadcell_data_filtered.wrench.force.z,22.256647228970607
3.347507303,1785795161.588441437,/loadcell_data_filtered.wrench.force.z,22.798556631160007
3.348048,1785795161.588982134,/loadcell_data_filtered.wrench.force.z,23.269411174715096
3.348424101,1785795161.589358235,/loadcell_data_filtered.wrench.force.z,23.636234532351214
3.349070131,1785795161.590004265,/loadcell_data_filtered.wrench.force.z,20.248028258071116
3.349436722,1785795161.590370856,/loadcell_data_filtered.wrench.force.z,17.032469162285118
3.34996444,1785795161.590898574,/loadcell_data_filtered.wrench.force.z,13.87475489176443
3.350564114,1785795161.591498248,/loadcell_data_filtered.wrench.force.z,11.157782039424756
3.352758319,1785795161.593692453,/loadcell_data_filtered.wrench.force.z,8.836218130169025
3.353112778,1785795161.594046912,/loadcell_data_filtered.wrench.force.z,7.358170774616334
3.353384262,1785795161.594318396,/loadcell_data_filtered.wrench.force.z,7.2514945882314255
3.353655713,1785795161.594589847,/loadcell_data_filtered.wrench.force.z,8.862216687498469
3.355369925,1785795161.596304059,/loadcell_data_filtered.wrench.force.z,10.421722701374055
3.35801032,1785795161.598944454,/loadcell_data_filtered.wrench.force.z,11.198709245158947
3.358334648,1785795161.599268782,/loadcell_data_filtered.wrench.force.z,12.35669468531992
3.358643256,1785795161.599577390,/loadcell_data_filtered.wrench.force.z,13.427672852356826
3.358883878,1785795161.599818012,/loadcell_data_filtered.wrench.force.z,14.772172560470684
3.359163814,1785795161.600097948,/loadcell_data_filtered.wrench.force.z,15.915552825639214
3.359305813,1785795161.600239947,/loadcell_data_filtered.wrench.force.z,16.674519778217427
3.359516375,1785795161.600450509,/loadcell_data_filtered.wrench.force.z,17.927978848384946
3.359695596,1785795161.600629730,/loadcell_data_filtered.wrench.force.z,17.724204648602377
3.359887589,1785795161.600821723,/loadcell_data_filtered.wrench.force.z,23.58831079140556
3.361666571,1785795161.602600705,/loadcell_data_filtered.wrench.force.z,28.559064732995562
3.361821625,1785795161.602755759,/loadcell_data_filtered.wrench.force.z,32.9435658172516
3.36195949,1785795161.602893624,/loadcell_data_filtered.wrench.force.z,37.75564735274984
3.362095459,1785795161.603029593,/loadcell_data_filtered.wrench.force.z,41.879375400150124
3.362220361,1785795161.603154495,/loadcell_data_filtered.wrench.force.z,44.28015351945992
3.362343756,1785795161.603277890,/loadcell_data_filtered.wrench.force.z,45.45479217790738
3.362465975,1785795161.603400109,/loadcell_data_filtered.wrench.force.z,44.317984670550686
3.362577673,1785795161.603511807,/loadcell_data_filtered.wrench.force.z,39.45902401406868
3.36279158,1785795161.603725714,/loadcell_data_filtered.wrench.force.z,40.66721522577
3.362895683,1785795161.603829817,/loadcell_data_filtered.wrench.force.z,40.14146084656054
3.363081577,1785795161.604015711,/loadcell_data_filtered.wrench.force.z,40.73576549532244
3.365022609,1785795161.605956743,/loadcell_data_filtered.wrench.force.z,41.452954288650616
3.3670298880000002,1785795161.607964022,/loadcell_data_filtered.wrench.force.z,41.44682712503661
3.367202862,1785795161.608136996,/loadcell_data_filtered.wrench.force.z,41.989727371574794
3.367338841,1785795161.608272975,/loadcell_data_filtered.wrench.force.z,42.71542901099686
3.367471915,1785795161.608406049,/loadcell_data_filtered.wrench.force.z,42.87885590112551
3.369073503,1785795161.610007637,/loadcell_data_filtered.wrench.force.z,37.093148115391955
3.369664798,1785795161.610598932,/loadcell_data_filtered.wrench.force.z,33.95749999903518
3.37013168,1785795161.611065814,/loadcell_data_filtered.wrench.force.z,30.960242893245663
3.37050226,1785795161.611436394,/loadcell_data_filtered.wrench.force.z,28.69433370012311
3.370872463,1785795161.611806597,/loadcell_data_filtered.wrench.force.z,25.158064377004912
3.371202124,1785795161.612136258,/loadcell_data_filtered.wrench.force.z,24.171034087805474
3.3714813120000002,1785795161.612415446,/loadcell_data_filtered.wrench.force.z,23.680467201748982
3.371799361,1785795161.612733495,/loadcell_data_filtered.wrench.force.z,23.04070675274312
3.372114271,1785795161.613048405,/loadcell_data_filtered.wrench.force.z,23.698554579037207
3.372472849,1785795161.613406983,/loadcell_data_filtered.wrench.force.z,23.685031187435136
3.377153786,1785795161.618087920,/loadcell_data_filtered.wrench.force.z,23.29810606106842
3.377786908,1785795161.618721042,/loadcell_data_filtered.wrench.force.z,23.695334280562825
3.378257365,1785795161.619191499,/loadcell_data_filtered.wrench.force.z,23.645220715154124
3.378573091,1785795161.619507225,/loadcell_data_filtered.wrench.force.z,23.192941230507525
3.37884894,1785795161.619783074,/loadcell_data_filtered.wrench.force.z,23.09553735192185
3.379116935,1785795161.620051069,/loadcell_data_filtered.wrench.force.z,22.791989631973085
3.379334426,1785795161.620268560,/loadcell_data_filtered.wrench.force.z,27.223414715162228
3.379516394,1785795161.620450528,/loadcell_data_filtered.wrench.force.z,28.77975469759902
3.379702594,1785795161.620636728,/loadcell_data_filtered.wrench.force.z,30.86346465305313
3.379865439,1785795161.620799573,/loadcell_data_filtered.wrench.force.z,33.16721772656341
3.380020368,1785795161.620954502,/loadcell_data_filtered.wrench.force.z,34.332070226187
3.3801817830000003,1785795161.621115917,/loadcell_data_filtered.wrench.force.z,34.50430288102183
3.380337322,1785795161.621271456,/loadcell_data_filtered.wrench.force.z,33.869916694345704
3.384187087,1785795161.625121221,/loadcell_data_filtered.wrench.force.z,33.501843919567115
3.384783745,1785795161.625717879,/loadcell_data_filtered.wrench.force.z,31.820752380237714
3.385231435,1785795161.626165569,/loadcell_data_filtered.wrench.force.z,31.13808905869865
3.385639303,1785795161.626573437,/loadcell_data_filtered.wrench.force.z,30.290856874774313
3.386016544,1785795161.626950678,/loadcell_data_filtered.wrench.force.z,29.378672700803516
3.386290943,1785795161.627225077,/loadcell_data_filtered.wrench.force.z,28.068381478472727
3.386529349,1785795161.627463483,/loadcell_data_filtered.wrench.force.z,22.65345371676433
3.386771625,1785795161.627705759,/loadcell_data_filtered.wrench.force.z,17.65713662640311
3.387193968,1785795161.628128102,/loadcell_data_filtered.wrench.force.z,12.652794709353664
3.387610608,1785795161.628544742,/loadcell_data_filtered.wrench.force.z,8.358537162897623
3.387915999,1785795161.628850133,/loadcell_data_filtered.wrench.force.z,3.8138196132182998
3.388291838,1785795161.629225972,/loadcell_data_filtered.wrench.force.z,-0.017709611942548165
3.388744383,1785795161.629678517,/loadcell_data_filtered.wrench.force.z,-3.845564983066011
3.392610921,1785795161.633545055,/loadcell_data_filtered.wrench.force.z,-6.232669257853043
3.393246886,1785795161.634181020,/loadcell_data_filtered.wrench.force.z,-7.967872538467381
3.393632492,1785795161.634566626,/loadcell_data_filtered.wrench.force.z,-9.129119127223047
3.393883411,1785795161.634817545,/loadcell_data_filtered.wrench.force.z,-9.799431688048243
3.394199635,1785795161.635133769,/loadcell_data_filtered.wrench.force.z,-10.521334113661739
3.394494021,1785795161.635428155,/loadcell_data_filtered.wrench.force.z,-4.721151302424577
3.394751615,1785795161.635685749,/loadcell_data_filtered.wrench.force.z,-0.48061637332487184
3.394972773,1785795161.635906907,/loadcell_data_filtered.wrench.force.z,4.360359670896875
3.395235233,1785795161.636169367,/loadcell_data_filtered.wrench.force.z,8.265896003426791
3.395583014,1785795161.636517148,/loadcell_data_filtered.wrench.force.z,10.561507033508851
3.395886235,1785795161.636820369,/loadcell_data_filtered.wrench.force.z,11.74331809205228
3.396151377,1785795161.637085511,/loadcell_data_filtered.wrench.force.z,12.942093406077152
3.39638686,1785795161.637320994,/loadcell_data_filtered.wrench.force.z,13.60816556501192
3.39660727,1785795161.637541404,/loadcell_data_filtered.wrench.force.z,14.254117655548248
3.396827244,1785795161.637761378,/loadcell_data_filtered.wrench.force.z,14.947395298230493
3.397009721,1785795161.637943855,/loadcell_data_filtered.wrench.force.z,15.864395142689009
3.397189859,1785795161.638123993,/loadcell_data_filtered.wrench.force.z,16.373975527889172
3.397349853,1785795161.638283987,/loadcell_data_filtered.wrench.force.z,17.531674272370818
3.39759394,1785795161.638528074,/loadcell_data_filtered.wrench.force.z,18.6121364069484
3.397823239,1785795161.638757373,/loadcell_data_filtered.wrench.force.z,19.37509587307274
3.3982081170000003,1785795161.639142251,/loadcell_data_filtered.wrench.force.z,20.458763395729854
3.398610697,1785795161.639544831,/loadcell_data_filtered.wrench.force.z,21.495085213456704
3.402375298,1785795161.643309432,/loadcell_data_filtered.wrench.force.z,16.452919327145175
3.402681997,1785795161.643616131,/loadcell_data_filtered.wrench.force.z,13.640519563292088
3.402913003,1785795161.643847137,/loadcell_data_filtered.wrench.force.z,11.519778176599536
3.403255432,1785795161.644189566,/loadcell_data_filtered.wrench.force.z,9.90219138343693
3.403476505,1785795161.644410639,/loadcell_data_filtered.wrench.force.z,8.265471246855915
3.403698151,1785795161.644632285,/loadcell_data_filtered.wrench.force.z,8.0064231001499
3.403914164,1785795161.644848298,/loadcell_data_filtered.wrench.force.z,9.05488681681181
3.404115842,1785795161.645049976,/loadcell_data_filtered.wrench.force.z,10.08953031727355
3.4043079,1785795161.645242034,/loadcell_data_filtered.wrench.force.z,10.445033920145708
3.404505896,1785795161.645440030,/loadcell_data_filtered.wrench.force.z,11.506788267850565
3.404785282,1785795161.645719416,/loadcell_data_filtered.wrench.force.z,12.596356964660586
3.404909363,1785795161.645843497,/loadcell_data_filtered.wrench.force.z,13.657157835909498
3.406113726,1785795161.647047860,/loadcell_data_filtered.wrench.force.z,14.341771196845
3.406882175,1785795161.647816309,/loadcell_data_filtered.wrench.force.z,15.354012208409262
3.40759215,1785795161.648526284,/loadcell_data_filtered.wrench.force.z,15.900643572230953
3.407596922,1785795161.648531056,/loadcell_data_filtered.wrench.force.z,16.4982497564095
3.409036117,1785795161.649970251,/loadcell_data_filtered.wrench.force.z,20.838519246296507
3.409339705,1785795161.650273839,/loadcell_data_filtered.wrench.force.z,25.636346648517375
3.40959403,1785795161.650528164,/loadcell_data_filtered.wrench.force.z,30.65927537765716
3.409828173,1785795161.650762307,/loadcell_data_filtered.wrench.force.z,27.55295761433162
3.41014602,1785795161.651080154,/loadcell_data_filtered.wrench.force.z,31.998608677901725
3.4104313040000003,1785795161.651365438,/loadcell_data_filtered.wrench.force.z,34.54981774369979
3.410722298,1785795161.651656432,/loadcell_data_filtered.wrench.force.z,36.89769665674938
3.41098903,1785795161.651923164,/loadcell_data_filtered.wrench.force.z,38.25164173945831
3.411250024,1785795161.652184158,/loadcell_data_filtered.wrench.force.z,39.10266857360956
3.412660084,1785795161.653594218,/loadcell_data_filtered.wrench.force.z,40.31740387548583
3.415882519,1785795161.656816653,/loadcell_data_filtered.wrench.force.z,41.25731993592091
3.416188958,1785795161.657123092,/loadcell_data_filtered.wrench.force.z,42.791358312804235
3.416445999,1785795161.657380133,/loadcell_data_filtered.wrench.force.z,44.47539663333711
3.416727235,1785795161.657661369,/loadcell_data_filtered.wrench.force.z,45.19396387064508
3.417119418,1785795161.658053552,/loadcell_data_filtered.wrench.force.z,46.637395003277895
3.417573212,1785795161.658507346,/loadcell_data_filtered.wrench.force.z,48.17841948594666
3.418131966,1785795161.659066100,/loadcell_data_filtered.wrench.force.z,49.23545948507535
3.418539951,1785795161.659474085,/loadcell_data_filtered.wrench.force.z,45.95903543797326
3.41887537,1785795161.659809504,/loadcell_data_filtered.wrench.force.z,43.04686078253667
3.419232343,1785795161.660166477,/loadcell_data_filtered.wrench.force.z,37.46822179321667
3.419576078,1785795161.660510212,/loadcell_data_filtered.wrench.force.z,34.12655783417548
3.42013399,1785795161.661068124,/loadcell_data_filtered.wrench.force.z,31.436253584048796
3.420532873,1785795161.661467007,/loadcell_data_filtered.wrench.force.z,29.61114057212991
3.4208328310000002,1785795161.661766965,/loadcell_data_filtered.wrench.force.z,28.161976199641764
3.421181685,1785795161.662115819,/loadcell_data_filtered.wrench.force.z,28.10697018426755
3.42159611,1785795161.662530244,/loadcell_data_filtered.wrench.force.z,28.182212074670154
3.421930689,1785795161.662864823,/loadcell_data_filtered.wrench.force.z,28.253524495592664
3.422352413,1785795161.663286547,/loadcell_data_filtered.wrench.force.z,27.841509283492382
3.422790621,1785795161.663724755,/loadcell_data_filtered.wrench.force.z,27.456248657625405
3.423109404,1785795161.664043538,/loadcell_data_filtered.wrench.force.z,26.66682500742213
3.423456023,1785795161.664390157,/loadcell_data_filtered.wrench.force.z,26.098218333194886
3.423824659,1785795161.664758793,/loadcell_data_filtered.wrench.force.z,25.137083952039287
3.424174776,1785795161.665108910,/loadcell_data_filtered.wrench.force.z,24.6347904932852
3.424544351,1785795161.665478485,/loadcell_data_filtered.wrench.force.z,23.55798157635997
3.424915169,1785795161.665849303,/loadcell_data_filtered.wrench.force.z,28.40184967557427
3.425442031,1785795161.666376165,/loadcell_data_filtered.wrench.force.z,31.839675930121565
3.425840363,1785795161.666774497,/loadcell_data_filtered.wrench.force.z,36.24610641457159
3.42619092,1785795161.667125054,/loadcell_data_filtered.wrench.force.z,38.840057889465605
3.426554271,1785795161.667488405,/loadcell_data_filtered.wrench.force.z,40.986622876621645
3.42682632,1785795161.667760454,/loadcell_data_filtered.wrench.force.z,41.31102876313477
3.427137703,1785795161.668071837,/loadcell_data_filtered.wrench.force.z,41.45276176328517
3.427626358,1785795161.668560492,/loadcell_data_filtered.wrench.force.z,40.556148875814564
3.428017815,1785795161.668951949,/loadcell_data_filtered.wrench.force.z,39.342035134115434
3.428524742,1785795161.669458876,/loadcell_data_filtered.wrench.force.z,38.319792020818056
3.429276021,1785795161.670210155,/loadcell_data_filtered.wrench.force.z,37.277318712090086
3.430095922,1785795161.671030056,/loadcell_data_filtered.wrench.force.z,36.46319938295421
3.430358488,1785795161.671292622,/loadcell_data_filtered.wrench.force.z,35.53949790045255
3.430518359,1785795161.671452493,/loadcell_data_filtered.wrench.force.z,35.43998543612203
3.431799829,1785795161.672733963,/loadcell_data_filtered.wrench.force.z,34.97057356416311
3.432134801,1785795161.673068935,/loadcell_data_filtered.wrench.force.z,33.80556176098805
3.432387253,1785795161.673321387,/loadcell_data_filtered.wrench.force.z,33.01334481030845
3.432609825,1785795161.673543959,/loadcell_data_filtered.wrench.force.z,26.247531099539476
3.433151798,1785795161.674085932,/loadcell_data_filtered.wrench.force.z,20.706231397880124
3.436079456,1785795161.677013590,/loadcell_data_filtered.wrench.force.z,15.857471275885409
3.436409356,1785795161.677343490,/loadcell_data_filtered.wrench.force.z,11.38172963774909
3.436646992,1785795161.677581126,/loadcell_data_filtered.wrench.force.z,7.962272146347527
3.436864791,1785795161.677798925,/loadcell_data_filtered.wrench.force.z,6.207562410066796
3.437162088,1785795161.678096222,/loadcell_data_filtered.wrench.force.z,5.466035528514085
3.437434388,1785795161.678368522,/loadcell_data_filtered.wrench.force.z,5.631843098339435
3.437704734,1785795161.678638868,/loadcell_data_filtered.wrench.force.z,5.091139040979803
3.43797235,1785795161.678906484,/loadcell_data_filtered.wrench.force.z,3.490852673355722
3.438174894,1785795161.679109028,/loadcell_data_filtered.wrench.force.z,2.766524832507555
3.43843515,1785795161.679369284,/loadcell_data_filtered.wrench.force.z,1.6038495780119946
3.443128282,1785795161.684062416,/loadcell_data_filtered.wrench.force.z,0.3361716645952102
3.445931986,1785795161.686866120,/loadcell_data_filtered.wrench.force.z,-0.8247623778185851
3.446169843,1785795161.687103977,/loadcell_data_filtered.wrench.force.z,-1.5142340980713396
3.446342612,1785795161.687276746,/loadcell_data_filtered.wrench.force.z,-1.7407149629798295
3.446511942,1785795161.687446076,/loadcell_data_filtered.wrench.force.z,1.5485853824635134
3.446674904,1785795161.687609038,/loadcell_data_filtered.wrench.force.z,6.038856116272075
3.446836742,1785795161.687770876,/loadcell_data_filtered.wrench.force.z,10.630309208894694
3.446993869,1785795161.687928003,/loadcell_data_filtered.wrench.force.z,14.592325997648572
3.447154733,1785795161.688088867,/loadcell_data_filtered.wrench.force.z,18.117974984767095
3.447309977,1785795161.688244111,/loadcell_data_filtered.wrench.force.z,21.141864497957
3.447507344,1785795161.688441478,/loadcell_data_filtered.wrench.force.z,22.266909810058475
3.447748068,1785795161.688682202,/loadcell_data_filtered.wrench.force.z,23.120361971589286
3.448221195,1785795161.689155329,/loadcell_data_filtered.wrench.force.z,24.001540489003485
3.448508912,1785795161.689443046,/loadcell_data_filtered.wrench.force.z,25.622064824554663
3.44879634,1785795161.689730474,/loadcell_data_filtered.wrench.force.z,26.782120002458694
3.449090586,1785795161.690024720,/loadcell_data_filtered.wrench.force.z,27.250258620712
3.449329818,1785795161.690263952,/loadcell_data_filtered.wrench.force.z,25.981494124536127
3.449581717,1785795161.690515851,/loadcell_data_filtered.wrench.force.z,25.522267554088305
3.449851642,1785795161.690785776,/loadcell_data_filtered.wrench.force.z,23.520121871963077
3.45010447,1785795161.691038604,/loadcell_data_filtered.wrench.force.z,19.941559350943802
3.4503452,1785795161.691279334,/loadcell_data_filtered.wrench.force.z,20.849806242084867
3.450576546,1785795161.691510680,/loadcell_data_filtered.wrench.force.z,15.553521502786413
3.450835407,1785795161.691769541,/loadcell_data_filtered.wrench.force.z,12.953009649468816
3.451184768,1785795161.692118902,/loadcell_data_filtered.wrench.force.z,9.566096180605431
3.451569225,1785795161.692503359,/loadcell_data_filtered.wrench.force.z,7.125056093514778
3.451768852,1785795161.692702986,/loadcell_data_filtered.wrench.force.z,5.686807791350002
3.45206803,1785795161.693002164,/loadcell_data_filtered.wrench.force.z,4.4354115225874935
3.452420648,1785795161.693354782,/loadcell_data_filtered.wrench.force.z,3.53984478621896
3.452769958,1785795161.693704092,/loadcell_data_filtered.wrench.force.z,4.412390981749037
3.453098477,1785795161.694032611,/loadcell_data_filtered.wrench.force.z,5.647967088990729
3.453555898,1785795161.694490032,/loadcell_data_filtered.wrench.force.z,6.9247924722672645
3.45403026,1785795161.694964394,/loadcell_data_filtered.wrench.force.z,7.904753787703452
3.454962264,1785795161.695896398,/loadcell_data_filtered.wrench.force.z,8.551642221279709
3.457037066,1785795161.697971200,/loadcell_data_filtered.wrench.force.z,9.241709956730816
3.457264948,1785795161.698199082,/loadcell_data_filtered.wrench.force.z,10.003517616428624
3.457350931,1785795161.698285065,/loadcell_data_filtered.wrench.force.z,10.587760418010681
3.457502463,1785795161.698436597,/loadcell_data_filtered.wrench.force.z,6.098770950621136
3.457621611,1785795161.698555745,/loadcell_data_filtered.wrench.force.z,5.101956096928494
3.457742734,1785795161.698676868,/loadcell_data_filtered.wrench.force.z,11.052989547283062
3.459221116,1785795161.700155250,/loadcell_data_filtered.wrench.force.z,16.29343471454957
3.459540257,1785795161.700474391,/loadcell_data_filtered.wrench.force.z,20.847214523925008
3.459826019,1785795161.700760153,/loadcell_data_filtered.wrench.force.z,24.701239039629666
3.460113329,1785795161.701047463,/loadcell_data_filtered.wrench.force.z,29.01732584372216
3.460378287,1785795161.701312421,/loadcell_data_filtered.wrench.force.z,31.23924494228554
3.460963862,1785795161.701897996,/loadcell_data_filtered.wrench.force.z,33.03402491776444
3.460977536,1785795161.701911670,/loadcell_data_filtered.wrench.force.z,34.373938315314604
3.461368104,1785795161.702302238,/loadcell_data_filtered.wrench.force.z,35.531032517514795
3.461923639,1785795161.702857773,/loadcell_data_filtered.wrench.force.z,36.63082568641731
3.462272342,1785795161.703206476,/loadcell_data_filtered.wrench.force.z,37.47510990416092
3.462834077,1785795161.703768211,/loadcell_data_filtered.wrench.force.z,38.77985608930439
3.463431406,1785795161.704365540,/loadcell_data_filtered.wrench.force.z,40.0047917843767
3.463979037,1785795161.704913171,/loadcell_data_filtered.wrench.force.z,41.13574699991821
3.464536619,1785795161.705470753,/loadcell_data_filtered.wrench.force.z,42.00441197370678
3.464858312,1785795161.705792446,/loadcell_data_filtered.wrench.force.z,42.92170686311079
3.465457769,1785795161.706391903,/loadcell_data_filtered.wrench.force.z,42.66744242465862
3.466120237,1785795161.707054371,/loadcell_data_filtered.wrench.force.z,38.0222655908443
3.466533421,1785795161.707467555,/loadcell_data_filtered.wrench.force.z,35.076007737366716
3.467449813,1785795161.708383947,/loadcell_data_filtered.wrench.force.z,32.29711596126962
3.470198177,1785795161.711132311,/loadcell_data_filtered.wrench.force.z,30.736741285619484
3.470650466,1785795161.711584600,/loadcell_data_filtered.wrench.force.z,28.78012184083606
3.4709516000000002,1785795161.711885734,/loadcell_data_filtered.wrench.force.z,28.860425171961516
3.471280596,1785795161.712214730,/loadcell_data_filtered.wrench.force.z,29.277884743183353
3.4715842930000003,1785795161.712518427,/loadcell_data_filtered.wrench.force.z,30.73104846200397
3.471870422,1785795161.712804556,/loadcell_data_filtered.wrench.force.z,32.10791712519667
3.472126908,1785795161.713061042,/loadcell_data_filtered.wrench.force.z,33.13078709362264
3.472665595,1785795161.713599729,/loadcell_data_filtered.wrench.force.z,33.71184627662868
3.47295903,1785795161.713893164,/loadcell_data_filtered.wrench.force.z,33.2556993161872
3.473220186,1785795161.714154320,/loadcell_data_filtered.wrench.force.z,33.94968778039956
3.47346988,1785795161.714404014,/loadcell_data_filtered.wrench.force.z,33.5996561191785
3.473705222,1785795161.714639356,/loadcell_data_filtered.wrench.force.z,33.94146109032777
3.477822051,1785795161.718756185,/loadcell_data_filtered.wrench.force.z,33.62790720851814
3.478590722,1785795161.719524856,/loadcell_data_filtered.wrench.force.z,37.62084262953871
3.479471173,1785795161.720405307,/loadcell_data_filtered.wrench.force.z,41.131287894479314
3.479621555,1785795161.720555689,/loadcell_data_filtered.wrench.force.z,38.685435003635334
3.480088535,1785795161.721022669,/loadcell_data_filtered.wrench.force.z,40.649349537757935
3.480530401,1785795161.721464535,/loadcell_data_filtered.wrench.force.z,42.81659183369459
3.480872013,1785795161.721806147,/loadcell_data_filtered.wrench.force.z,44.18646172793004
3.481227279,1785795161.722161413,/loadcell_data_filtered.wrench.force.z,45.02648671955095
3.481572815,1785795161.722506949,/loadcell_data_filtered.wrench.force.z,44.71369501762145
3.4818753510000002,1785795161.722809485,/loadcell_data_filtered.wrench.force.z,44.04325987183167
3.482230194,1785795161.723164328,/loadcell_data_filtered.wrench.force.z,44.22902215725067
3.4825532150000003,1785795161.723487349,/loadcell_data_filtered.wrench.force.z,44.43314006487131
3.482829058,1785795161.723763192,/loadcell_data_filtered.wrench.force.z,44.336802362685326
3.48311793,1785795161.724052064,/loadcell_data_filtered.wrench.force.z,44.28451275170805
3.483417941,1785795161.724352075,/loadcell_data_filtered.wrench.force.z,43.480434729920766
3.48376902,1785795161.724703154,/loadcell_data_filtered.wrench.force.z,41.566681171012675
3.484149345,1785795161.725083479,/loadcell_data_filtered.wrench.force.z,40.50766105985722
3.484532197,1785795161.725466331,/loadcell_data_filtered.wrench.force.z,39.73939032698236
3.484931525,1785795161.725865659,/loadcell_data_filtered.wrench.force.z,33.74013739693748
3.485400113,1785795161.726334247,/loadcell_data_filtered.wrench.force.z,29.26788430922139
3.485766999,1785795161.726701133,/loadcell_data_filtered.wrench.force.z,24.450480620583495
3.486157815,1785795161.727091949,/loadcell_data_filtered.wrench.force.z,20.64653116979493
3.486533063,1785795161.727467197,/loadcell_data_filtered.wrench.force.z,16.95594060155496
3.486859804,1785795161.727793938,/loadcell_data_filtered.wrench.force.z,14.49163696546554
3.487197145,1785795161.728131279,/loadcell_data_filtered.wrench.force.z,12.072500892967199
3.487545795,1785795161.728479929,/loadcell_data_filtered.wrench.force.z,11.008107832246044
3.487853155,1785795161.728787289,/loadcell_data_filtered.wrench.force.z,10.32892400928821
3.488111308,1785795161.729045442,/loadcell_data_filtered.wrench.force.z,9.917465699635589
3.488375944,1785795161.729310078,/loadcell_data_filtered.wrench.force.z,9.207681077494806
3.488697189,1785795161.729631323,/loadcell_data_filtered.wrench.force.z,8.149286238159142
3.489074197,1785795161.730008331,/loadcell_data_filtered.wrench.force.z,7.351884156209604
3.489402035,1785795161.730336169,/loadcell_data_filtered.wrench.force.z,6.581941522166366
3.489757517,1785795161.730691651,/loadcell_data_filtered.wrench.force.z,5.583460400026503
3.490065794,1785795161.730999928,/loadcell_data_filtered.wrench.force.z,4.49948742974129
3.490497359,1785795161.731431493,/loadcell_data_filtered.wrench.force.z,3.8339574001181385
3.491672295,1785795161.732606429,/loadcell_data_filtered.wrench.force.z,9.007830592212288
3.492139143,1785795161.733073277,/loadcell_data_filtered.wrench.force.z,12.575531008974371
3.492578226,1785795161.733512360,/loadcell_data_filtered.wrench.force.z,15.407412034118842
3.49307859,1785795161.734012724,/loadcell_data_filtered.wrench.force.z,17.392142267914522
3.494066454,1785795161.735000588,/loadcell_data_filtered.wrench.force.z,19.33642315388641
3.49430765,1785795161.735241784,/loadcell_data_filtered.wrench.force.z,19.535706604843515
3.494509436,1785795161.735443570,/loadcell_data_filtered.wrench.force.z,19.3193424111745
3.494736668,1785795161.735670802,/loadcell_data_filtered.wrench.force.z,18.600765799161124
3.494895872,1785795161.735830006,/loadcell_data_filtered.wrench.force.z,17.86905280613005
3.495278832,1785795161.736212966,/loadcell_data_filtered.wrench.force.z,17.200858458077587
3.4956333710000003,1785795161.736567505,/loadcell_data_filtered.wrench.force.z,16.28284369876855
3.496333356,1785795161.737267490,/loadcell_data_filtered.wrench.force.z,15.675820238759282
3.496703459,1785795161.737637593,/loadcell_data_filtered.wrench.force.z,14.687984102864299
3.497869431,1785795161.738803565,/loadcell_data_filtered.wrench.force.z,13.676509555684197
3.498238308,1785795161.739172442,/loadcell_data_filtered.wrench.force.z,12.692714421441707
3.498504951,1785795161.739439085,/loadcell_data_filtered.wrench.force.z,12.766262678576812
3.499074633,1785795161.740008767,/loadcell_data_filtered.wrench.force.z,10.008078473657388
3.499328407,1785795161.740262541,/loadcell_data_filtered.wrench.force.z,3.0566867238857807
3.500579995,1785795161.741514129,/loadcell_data_filtered.wrench.force.z,-1.2637703560087372
3.503893432,1785795161.744827566,/loadcell_data_filtered.wrench.force.z,-5.907911141027978
3.504337462,1785795161.745271596,/loadcell_data_filtered.wrench.force.z,-8.628995626189107
3.504685411,1785795161.745619545,/loadcell_data_filtered.wrench.force.z,-11.570312116502883
3.504994084,1785795161.745928218,/loadcell_data_filtered.wrench.force.z,-12.942563032362793
3.505384584,1785795161.746318718,/loadcell_data_filtered.wrench.force.z,-13.311159773837362
3.50573265,1785795161.746666784,/loadcell_data_filtered.wrench.force.z,-13.25053928945147
3.506101145,1785795161.747035279,/loadcell_data_filtered.wrench.force.z,-12.651624750714035
3.506469169,1785795161.747403303,/loadcell_data_filtered.wrench.force.z,-11.828527413352889
3.50683875,1785795161.747772884,/loadcell_data_filtered.wrench.force.z,-11.960730566734115
3.507225746,1785795161.748159880,/loadcell_data_filtered.wrench.force.z,-12.625282149591774
3.507619687,1785795161.748553821,/loadcell_data_filtered.wrench.force.z,-12.364554667363096
3.508018924,1785795161.748953058,/loadcell_data_filtered.wrench.force.z,-10.920460705834156
3.508300976,1785795161.749235110,/loadcell_data_filtered.wrench.force.z,-10.426989612370962
3.508637746,1785795161.749571880,/loadcell_data_filtered.wrench.force.z,-10.243674781844037
3.50891909,1785795161.749853224,/loadcell_data_filtered.wrench.force.z,-5.705228367265842
3.510617741,1785795161.751551875,/loadcell_data_filtered.wrench.force.z,-1.0694173393629214
3.510900134,1785795161.751834268,/loadcell_data_filtered.wrench.force.z,4.635662613436796
3.511168829,1785795161.752102963,/loadcell_data_filtered.wrench.force.z,9.803086149644768
3.511451727,1785795161.752385861,/loadcell_data_filtered.wrench.force.z,14.08162916833828
3.511744339,1785795161.752678473,/loadcell_data_filtered.wrench.force.z,17.269660313913068
3.512085356,1785795161.753019490,/loadcell_data_filtered.wrench.force.z,12.249723030674794
3.512426578,1785795161.753360712,/loadcell_data_filtered.wrench.force.z,14.28985612475703
3.514587969,1785795161.755522103,/loadcell_data_filtered.wrench.force.z,14.717776866109098
3.518967608,1785795161.759901742,/loadcell_data_filtered.wrench.force.z,16.36473824574868
3.519469941,1785795161.760404075,/loadcell_data_filtered.wrench.force.z,17.817738046496043
3.5196621710000002,1785795161.760596305,/loadcell_data_filtered.wrench.force.z,18.70485821610097
3.5198842,1785795161.760818334,/loadcell_data_filtered.wrench.force.z,15.346720595464921
3.520209462,1785795161.761143596,/loadcell_data_filtered.wrench.force.z,12.940993649282728
3.520531203,1785795161.761465337,/loadcell_data_filtered.wrench.force.z,10.658345706951987
3.520882083,1785795161.761816217,/loadcell_data_filtered.wrench.force.z,9.23677084241519
3.521268708,1785795161.762202842,/loadcell_data_filtered.wrench.force.z,7.917962953849376
3.521737602,1785795161.762671736,/loadcell_data_filtered.wrench.force.z,7.4692763616090225
3.522180897,1785795161.763115031,/loadcell_data_filtered.wrench.force.z,7.4123188690368
3.522552074,1785795161.763486208,/loadcell_data_filtered.wrench.force.z,6.661904864687025
3.5229069060000002,1785795161.763841040,/loadcell_data_filtered.wrench.force.z,6.2159495596597125
3.523450698,1785795161.764384832,/loadcell_data_filtered.wrench.force.z,6.881072106527132
3.5238646129999998,1785795161.764798747,/loadcell_data_filtered.wrench.force.z,7.345669226462915
3.524519104,1785795161.765453238,/loadcell_data_filtered.wrench.force.z,7.506902345984456
3.52488844,1785795161.765822574,/loadcell_data_filtered.wrench.force.z,7.914615655750853
3.525275201,1785795161.766209335,/loadcell_data_filtered.wrench.force.z,8.119277947453583
3.5256762100000003,1785795161.766610344,/loadcell_data_filtered.wrench.force.z,0.550977620430694
3.52604733,1785795161.766981464,/loadcell_data_filtered.wrench.force.z,1.325303919881358
